{"type":"FeatureCollection","features":[{"type":"Feature","properties":{"kode":"21.01","nama":"Kabupaten Bintan","lat":1.0076251974136408,"lng":104.70381106152306},"geometry":{"type":"MultiPolygon","coordinates":[[[[107.2413630457681,0.145858518355999],[107.2498882581366,0.141460679766611],[107.2284130277391,0.12225426532215],[107.2318721692653,0.100117544888898],[107.2209091988005,0.099836173100984],[107.2054427032182,0.127204733711592],[107.210757585894,0.132656435646014],[107.2207989113408,0.127933206152628],[107.2413630457681,0.145858518355999]]],[[[108.0304113134315,0.239112329370547],[108.0282529342255,0.240622810894051],[108.0272892521973,0.244977224819129],[108.0305134215572,0.241931514228019],[108.0304113134315,0.239112329370547]]],[[[108.0445673124316,0.248991374852123],[108.0420471251748,0.240702164373394],[108.0357918601064,0.243699453666954],[108.0358108951568,0.247202020756651],[108.0445673124316,0.248991374852123]]],[[[107.1495021533018,0.515169525053613],[107.1503016523994,0.514636525655218],[107.1483980826055,0.513646669758058],[107.1488739750539,0.515502650127273],[107.1495021533018,0.515169525053613]]],[[[107.1510817009597,0.517643044690816],[107.1508251333733,0.518329448645202],[107.1511011505977,0.518700644719081],[107.1512732322739,0.518378640661796],[107.1510817009597,0.517643044690816]]],[[[106.9746039029478,0.557461238745224],[106.9786466073552,0.556383342817066],[106.9786190062622,0.552639856344348],[106.9765696950354,0.553764150994793],[106.9746039029478,0.557461238745224]]],[[[107.1898810458736,0.567986983112798],[107.1914907513971,0.566859118153859],[107.1900951969358,0.56550996421347],[107.1881071583187,0.567365942784123],[107.1898810458736,0.567986983112798]]],[[[107.1828154268905,0.568580624696066],[107.1842014629272,0.566326084581201],[107.1789369063133,0.565755015081956],[107.1808226290612,0.568967287310526],[107.1828154268905,0.568580624696066]]],[[[107.1073745218168,0.582457125196287],[107.1072246156236,0.580597576317141],[107.1046797833454,0.580576160761234],[107.1054114672654,0.582706967652522],[107.1073745218168,0.582457125196287]]],[[[107.1736890600021,0.581979229058247],[107.1743648267754,0.579866267414372],[107.1718336282194,0.575660456564917],[107.1706338318859,0.578971590366637],[107.1736890600021,0.581979229058247]]],[[[107.1420240503697,0.583250422568968],[107.1416051614491,0.583475486004945],[107.1423444203588,0.583981545312115],[107.1425347771583,0.583535396141619],[107.1420240503697,0.583250422568968]]],[[[107.1358235962821,0.585550947718103],[107.1346457631915,0.579547568365621],[107.1236169605543,0.580539802969524],[107.127543072355,0.587613940331197],[107.1358235962821,0.585550947718103]]],[[[106.9771192977175,0.59484098312492],[106.9773589166807,0.594232125012548],[106.9765636443967,0.593829360936324],[106.9765408007175,0.594788760393003],[106.9771192977175,0.59484098312492]]],[[[107.0944377885731,0.606071093606106],[107.0879252049843,0.59541110923533],[107.0798231398261,0.599462141364812],[107.0872411095895,0.599230144155813],[107.0944377885731,0.606071093606106]]],[[[106.9914569282947,0.604639728140929],[106.9910024514021,0.605660517119164],[106.9915640042754,0.606538537823306],[106.9920922435622,0.605396397026167],[106.9914569282947,0.604639728140929]]],[[[106.9914718894162,0.609020286257264],[106.9915575498411,0.608922727801728],[106.9914480951536,0.608622916314536],[106.9912494097325,0.609004819716683],[106.9914718894162,0.609020286257264]]],[[[106.9806474927876,0.609383937019123],[106.9850875671376,0.605572040917066],[106.9871624568819,0.601517439378371],[106.9738422347314,0.603544739697989],[106.9806474927876,0.609383937019123]]],[[[106.9783805708067,0.618268180332324],[106.9788255301742,0.617578136821548],[106.9780831380264,0.616781017330156],[106.9775858309214,0.617999301026925],[106.9783805708067,0.618268180332324]]],[[[107.0343404489526,0.620457598739252],[107.0351375684441,0.61952960990361],[107.0320531924009,0.617084712989177],[107.032413084896,0.618907975122982],[107.0343404489526,0.620457598739252]]],[[[107.0202775369789,0.636053182108684],[107.0205702114462,0.622775789271321],[107.0147881201756,0.622618745159029],[107.0152878068868,0.648887994285571],[107.0202775369789,0.636053182108684]]],[[[104.6280158770312,0.703079684779626],[104.6273123301999,0.703278947565453],[104.6276156058756,0.703817557834105],[104.6282012273049,0.703228128675201],[104.6280158770312,0.703079684779626]]],[[[104.7510883247665,0.705089451916693],[104.7508391666942,0.704936318056701],[104.7506029147928,0.705075176078582],[104.7508027900168,0.705146558866618],[104.7510883247665,0.705089451916693]]],[[[104.7519592075515,0.705177491947692],[104.751828337308,0.705046621704339],[104.7516094270335,0.705298844665966],[104.7518687879143,0.705308363090504],[104.7519592075515,0.705177491947692]]],[[[104.783932746699,0.706480309218913],[104.7836807305813,0.705123905843605],[104.7820408168303,0.706185608579021],[104.7840753548937,0.706874828310708],[104.783932746699,0.706480309218913]]],[[[104.7763097629852,0.709930203915762],[104.7761002668139,0.709916729373658],[104.7760774312285,0.709965258589859],[104.7764428644467,0.710051411843191],[104.7763097629852,0.709930203915762]]],[[[104.780583648017,0.712871242413923],[104.780390910712,0.712764166433219],[104.7800553089055,0.712939477574912],[104.7803620118974,0.713253310391979],[104.780583648017,0.712871242413923]]],[[[104.7441106477882,0.714676831071001],[104.7438463478308,0.714716758271836],[104.7438140243978,0.714870762675643],[104.7441524797532,0.714870762675643],[104.7441106477882,0.714676831071001]]],[[[104.7593674880192,0.716240818658884],[104.7591090957082,0.716342586840943],[104.7593225246149,0.71673275860997],[104.7595135208324,0.716450044134229],[104.7593674880192,0.716240818658884]]],[[[104.7734441272447,0.717798895902375],[104.7738984629437,0.717406956066233],[104.7734964039359,0.716799797672627],[104.7729715119258,0.717456863943175],[104.7734441272447,0.717798895902375]]],[[[104.7812913704005,0.718199004280715],[104.7810301182455,0.717903648934312],[104.7806941180392,0.718157648956394],[104.7810239803725,0.718580449927872],[104.7812913704005,0.718199004280715]]],[[[104.6309261722052,0.718428217188569],[104.6299784225662,0.716859032418446],[104.6270400442627,0.7160819471242],[104.6292115202955,0.719072683057862],[104.6309261722052,0.718428217188569]]],[[[104.6203360004061,0.720085999569273],[104.6190090003652,0.717410000271387],[104.6197729996243,0.715854999608576],[104.625845999993,0.710645000366503],[104.6194551432403,0.697235521402304],[104.5964905276158,0.705881661109784],[104.6203360004061,0.720085999569273]]],[[[104.7798141224238,0.723955898346082],[104.7811433356965,0.722510088869585],[104.7782346593021,0.721795644953113],[104.7796079195699,0.723062388618454],[104.7798141224238,0.723955898346082]]],[[[104.6369367146577,0.726010592015244],[104.6358794572712,0.724110612315007],[104.6337478032186,0.723915361404901],[104.6353148098306,0.725785696752565],[104.6369367146577,0.726010592015244]]],[[[104.6365786010216,0.726354070983623],[104.6361615152418,0.726604246189064],[104.636195202047,0.726790845621059],[104.6364816666956,0.726846000142809],[104.6365786010216,0.726354070983623]]],[[[104.6404962726849,0.729161820961297],[104.6393629992031,0.729573090825506],[104.6400074542806,0.730862357112125],[104.6411407583393,0.730073652577021],[104.6404962726849,0.729161820961297]]],[[[104.8109846218428,0.742469965216783],[104.8105706486166,0.742316196435342],[104.8103267236994,0.742572633620162],[104.8115569548896,0.742644881556062],[104.8109846218428,0.742469965216783]]],[[[107.3237431512256,0.743508347632213],[107.3216682605818,0.745316737677301],[107.3234873588546,0.74787346888556],[107.3254087729966,0.74590684402571],[107.3237431512256,0.743508347632213]]],[[[104.5857661320014,0.749837394879924],[104.5879822926488,0.747314322597978],[104.5874685630238,0.744846123349971],[104.5836388720364,0.747750714124182],[104.5857661320014,0.749837394879924]]],[[[104.5873407163011,0.749458752419516],[104.5871047989474,0.749471451746173],[104.5867171461794,0.750294131768856],[104.587492294334,0.750336613943611],[104.5873407163011,0.749458752419516]]],[[[104.5867418694418,0.752232132107286],[104.5875100262668,0.751966447193839],[104.5845526542817,0.751906794263244],[104.5850286699372,0.752220658556643],[104.5867418694418,0.752232132107286]]],[[[104.7507485743873,0.75267016489626],[104.7505000107669,0.752746486761],[104.7507232701629,0.75315786544323],[104.7509802640281,0.752975521603114],[104.7507485743873,0.75267016489626]]],[[[104.6594197433266,0.753010283997499],[104.6452479882042,0.733203719576034],[104.6395017969704,0.732380535933006],[104.6330484867983,0.723834728190218],[104.6338616897652,0.722146942627353],[104.6306220889383,0.721786208366934],[104.6254957554248,0.713998357338339],[104.6204039522806,0.722279417261371],[104.6134533026279,0.721636902920794],[104.6169923471193,0.738368822862887],[104.6594197433266,0.753010283997499]]],[[[104.8000033007118,0.753904890898058],[104.7997012274297,0.753543348147032],[104.7976828187072,0.753424358847196],[104.7996463040338,0.754591364999532],[104.8000033007118,0.753904890898058]]],[[[104.5239810041201,0.756022600962256],[104.5238251012475,0.75630671478317],[104.524296899982,0.756582418144111],[104.524326405839,0.756429752830831],[104.5239810041201,0.756022600962256]]],[[[104.5204548496117,0.756738901079432],[104.5202610574019,0.756789767633778],[104.5204716606387,0.757095127038562],[104.5205432889417,0.756993357057853],[104.5204548496117,0.756738901079432]]],[[[104.7216627421419,0.757206125862028],[104.7481033022257,0.745621669904237],[104.7575402266003,0.747939909898962],[104.7616415623084,0.732559863446999],[104.7446966127585,0.718971789016917],[104.7313630158905,0.719178821945141],[104.7139838241942,0.740055552621685],[104.7165870260705,0.745238063186113],[104.7160174692309,0.757986077295689],[104.7216627421419,0.757206125862028]]],[[[104.485259734749,0.755455490278687],[104.4806036567334,0.752147150670554],[104.4846073917178,0.761994646136019],[104.4838879853423,0.759218623340827],[104.485259734749,0.755455490278687]]],[[[104.6919996476657,0.763306703041986],[104.7150231652869,0.759080154725408],[104.7126735812209,0.740865473063154],[104.6970020869768,0.737340267339468],[104.6919996476657,0.763306703041986]]],[[[104.5378343012121,0.763588930085144],[104.5379915305847,0.764029988193402],[104.538454934148,0.764047001567933],[104.5382948710116,0.763837771595918],[104.5378343012121,0.763588930085144]]],[[[104.5373090377819,0.76425043540935],[104.5364271940598,0.763973275146521],[104.5361856397556,0.764176806114778],[104.5370421936423,0.764578359703558],[104.5373090377819,0.76425043540935]]],[[[104.5380025167028,0.765538317639278],[104.5385530007205,0.765397017958078],[104.537923996895,0.764430051605666],[104.5378564281317,0.765968035296646],[104.5380025167028,0.765538317639278]]],[[[104.7738287528947,0.765953890759461],[104.7735591280513,0.765970840282046],[104.7731939997033,0.766197001790234],[104.7738006535774,0.76620268820353],[104.7738287528947,0.765953890759461]]],[[[104.7744690818827,0.766502413355783],[104.7741545089235,0.766722922624849],[104.7746712638678,0.767197929241112],[104.774710600214,0.76689258782274],[104.7744690818827,0.766502413355783]]],[[[104.5438327001191,0.769170449156961],[104.5436585598947,0.769277863282822],[104.543829862758,0.769439030786698],[104.5439366005937,0.769308992416137],[104.5438327001191,0.769170449156961]]],[[[104.6933759998026,0.769301959717714],[104.6931709741612,0.769304772797083],[104.6930895162682,0.769443301667058],[104.6933113934061,0.769437662917857],[104.6933759998026,0.769301959717714]]],[[[104.544284843271,0.769441906818644],[104.5442230418599,0.769569124015865],[104.5444280657027,0.76954935601796],[104.5443915640195,0.769470191396257],[104.544284843271,0.769441906818644]]],[[[104.543366468188,0.7693343748816],[104.5431923360575,0.769373936957704],[104.5433720520786,0.769645366740354],[104.5434450851226,0.769537941822593],[104.543366468188,0.7693343748816]]],[[[104.4454141365532,0.768907775173686],[104.4448749696042,0.76843557084498],[104.4443581705931,0.768743663289426],[104.4452764071805,0.769792654107723],[104.4454141365532,0.768907775173686]]],[[[104.4459166813099,0.770253562951615],[104.4456273667097,0.770564511642943],[104.4463855923213,0.771062189268632],[104.4464108929484,0.770869945691485],[104.4459166813099,0.770253562951615]]],[[[104.5489990363765,0.771088569981535],[104.5488263152823,0.771058866273775],[104.5493107099214,0.771775610655931],[104.5493317990233,0.77153388817843],[104.5489990363765,0.771088569981535]]],[[[104.4476193380621,0.770748100144766],[104.4468096487463,0.771243182327039],[104.447430216931,0.772065963073773],[104.448258773124,0.771644825848059],[104.4476193380621,0.770748100144766]]],[[[104.6787161232505,0.768996950149178],[104.6770898378258,0.770676203843765],[104.6769127873953,0.772152006609891],[104.6784462987577,0.77168563078722],[104.6787161232505,0.768996950149178]]],[[[104.4361933822188,0.772943719377148],[104.436656771393,0.773017286618513],[104.435825539717,0.772426303431148],[104.435732791735,0.772940830754829],[104.4361933822188,0.772943719377148]]],[[[104.5563751184171,0.773469115906986],[104.5564453069055,0.773698125568087],[104.5567093127847,0.773655745916033],[104.5567093226771,0.773565275916807],[104.5563751184171,0.773469115906986]]],[[[104.5640199340727,0.773484049149628],[104.5648428380266,0.773441726154742],[104.5648428722009,0.773108117245799],[104.5637278639498,0.773311560080467],[104.5642866972733,0.773947736898625],[104.5640199340727,0.773484049149628]]],[[[104.5581360359493,0.773752020139648],[104.558124808813,0.773684167190611],[104.5577540776886,0.773735016657737],[104.5580461424156,0.773952741625747],[104.5581360359493,0.773752020139648]]],[[[104.5574900268433,0.77420430358581],[104.5572878151806,0.774187319888961],[104.5569507771567,0.774325817282692],[104.5574394606626,0.774325867644718],[104.5574900268433,0.77420430358581]]],[[[104.5632548619224,0.773579414158673],[104.5628546411289,0.773634503029916],[104.5628882532903,0.77451235106418],[104.563187382192,0.774308823693312],[104.5632548619224,0.773579414158673]]],[[[104.4332423468569,0.774150137418969],[104.4326880739954,0.775439615046222],[104.4342667052443,0.77524349988771],[104.4342417211785,0.774560594295989],[104.4332423468569,0.774150137418969]]],[[[104.6773000696426,0.776101685144701],[104.6772551458084,0.775934874394954],[104.6770248429222,0.775937683877023],[104.6773702662248,0.776353313654552],[104.6773000696426,0.776101685144701]]],[[[104.677078170921,0.776398527070407],[104.6769658321075,0.776341974102854],[104.6767973144446,0.776395678018124],[104.6769826647183,0.776593599015404],[104.677078170921,0.776398527070407]]],[[[104.6769348954291,0.776904590874247],[104.6767045826504,0.777031799078307],[104.6767832139742,0.777153375727766],[104.6769882450116,0.777085538966491],[104.6769348954291,0.776904590874247]]],[[[104.5090567547655,0.78175210307718],[104.5087421970947,0.781785992229819],[104.5096521356377,0.781955730272818],[104.5096296750695,0.781893528663533],[104.5090567547655,0.78175210307718]]],[[[104.514516342855,0.783194603048473],[104.516774619653,0.781198877026609],[104.5110398668964,0.779145678930002],[104.5113485394036,0.781441382813616],[104.514516342855,0.783194603048473]]],[[[104.5349267966344,0.785235700767048],[104.5346459572452,0.785116928203708],[104.5344436556503,0.785902862826868],[104.5349491897534,0.785914227559578],[104.5349267966344,0.785235700767048]]],[[[104.4960997795812,0.785989812879626],[104.495130864398,0.785820064944096],[104.494142371873,0.7849576582694],[104.4958778439874,0.786521294222384],[104.4960997795812,0.785989812879626]]],[[[104.520071129579,0.787260732097137],[104.5198183607288,0.787283320369012],[104.5197734018211,0.787475563046788],[104.5201778314418,0.787464301736149],[104.520071129579,0.787260732097137]]],[[[104.5197791691734,0.786166580023659],[104.5175438808455,0.783590759805739],[104.5162600167864,0.786819248609502],[104.5178157629871,0.788334798711984],[104.5197791691734,0.786166580023659]]],[[[104.7420833681529,0.788707219662507],[104.7402633615649,0.789295173933199],[104.7405553588429,0.790855834928925],[104.7422854889842,0.790290493211751],[104.7420833681529,0.788707219662507]]],[[[104.5244798814415,0.790582132559356],[104.5243113197116,0.791011844820863],[104.5247466401454,0.791026030726824],[104.5247382539673,0.790678287173227],[104.5244798814415,0.790582132559356]]],[[[104.8164098918032,0.78757344615765],[104.8122804181068,0.786319516932219],[104.8099568874005,0.787894283794197],[104.8154888826059,0.791970103937187],[104.8164098918032,0.78757344615765]]],[[[104.650993604771,0.792317524634109],[104.6515814160496,0.792141558785906],[104.651202314935,0.791475715132181],[104.6505661363182,0.791920948792788],[104.650993604771,0.792317524634109]]],[[[104.5284902444293,0.792479633728169],[104.5283498170905,0.792479618439687],[104.5282964441257,0.792578562750565],[104.5285239321338,0.79260686081801],[104.5284902444293,0.792479633728169]]],[[[104.6520068493367,0.792930391924093],[104.6514970938159,0.792921867250415],[104.6512780198647,0.792985461010273],[104.6518972948244,0.793172109905013],[104.6520068493367,0.792930391924093]]],[[[104.6490283675652,0.792807154226802],[104.6461512097107,0.790156382711002],[104.6414579249433,0.792089800104209],[104.6491883893328,0.79360444638816],[104.6490283675652,0.792807154226802]]],[[[104.5942220201301,0.793454134600699],[104.6237800396172,0.785306075415113],[104.6316195279189,0.79224901967658],[104.6365703326548,0.784099401965863],[104.5826779131553,0.752449437091871],[104.5779497373906,0.767198499411245],[104.5900101190718,0.776262293270255],[104.5868447590784,0.791952978147512],[104.5942220201301,0.793454134600699]]],[[[104.7001437606261,0.793522010032818],[104.7000314173161,0.793524829407419],[104.7000173672078,0.793635090786823],[104.7002083490361,0.793654894757642],[104.7001437606261,0.793522010032818]]],[[[104.5332028727145,0.793243510679551],[104.5329950250004,0.793393327839828],[104.5331691202588,0.793690203040518],[104.5334500010168,0.793444269037844],[104.5332028727145,0.793243510679551]]],[[[104.7466371932519,0.793827655421994],[104.7465417032371,0.793799377139612],[104.7464630539268,0.793929426302073],[104.7466765062158,0.793957710879686],[104.7466371932519,0.793827655421994]]],[[[104.6994120812027,0.794121331734152],[104.7461326690874,0.786780766619108],[104.7529855138704,0.754249315053832],[104.7373474959902,0.752364030275851],[104.691801200565,0.769515305886712],[104.6853378368717,0.780994828948264],[104.6994120812027,0.794121331734152]]],[[[104.7470303651593,0.794359203314629],[104.7468843341447,0.794093432066331],[104.7465192057967,0.794263045103458],[104.7468955486907,0.794404431119597],[104.7470303651593,0.794359203314629]]],[[[104.5343515461869,0.793390655054724],[104.533646519971,0.794142606995793],[104.5323264222267,0.794922759877556],[104.5336127899983,0.79438574140884],[104.5343515461869,0.793390655054724]]],[[[104.747401044123,0.795286565322792],[104.7471875729482,0.795563622163462],[104.7476818592304,0.79602732160364],[104.7476144667343,0.79577851966299],[104.747401044123,0.795286565322792]]],[[[104.5345141580021,0.79592100465071],[104.5343119418427,0.795929463673881],[104.5343231626838,0.796048206559538],[104.5345338018935,0.796056712347434],[104.5345141580021,0.79592100465071]]],[[[104.5462916282561,0.797101265011444],[104.5514866996516,0.79082970962345],[104.5688682340817,0.795916282310591],[104.5854087477156,0.786265909244419],[104.587608753841,0.776902420810119],[104.5791647385619,0.771243821745069],[104.5674907443024,0.774649228778943],[104.5522087392419,0.775294361045928],[104.539750987618,0.771158559719806],[104.5216057821812,0.761778478793859],[104.5094146831412,0.743688825379005],[104.5087224192043,0.77289140311578],[104.5462916282561,0.797101265011444]]],[[[104.5036962710662,0.797269824043243],[104.5067127258117,0.796422035848307],[104.507594849223,0.794341340980173],[104.5043370227355,0.793843366578104],[104.5036962710662,0.797269824043243]]],[[[104.4904041176559,0.797121088767236],[104.4902307607411,0.797350067851463],[104.4903362386266,0.797566360199406],[104.4904568269211,0.797473078020181],[104.4904041176559,0.797121088767236]]],[[[104.4842132332542,0.797362036029201],[104.4841454036874,0.797404434567037],[104.4841566676962,0.797722493298478],[104.4842018856085,0.797709775985409],[104.4842132332542,0.797362036029201]]],[[[104.5776939207379,0.79768561659794],[104.5838364575865,0.795379246754832],[104.5834914596632,0.790841548298912],[104.5767254183435,0.793292044392421],[104.5776939207379,0.79768561659794]]],[[[104.6279805111918,0.797694982137751],[104.6295099657125,0.795578945711847],[104.6271550369754,0.794968053333031],[104.6261563803128,0.797308899586044],[104.6279805111918,0.797694982137751]]],[[[104.6220951076032,0.798216063720433],[104.625133191044,0.791388608597485],[104.6161724891691,0.791196946881653],[104.6164123617411,0.794004394687173],[104.6220951076032,0.798216063720433]]],[[[104.6371672126968,0.799216852675697],[104.6373975281734,0.799075513424283],[104.6369537963807,0.79882667730937],[104.6368189646235,0.799047189276367],[104.6371672126968,0.799216852675697]]],[[[104.6992307473012,0.796606463417612],[104.6980215584482,0.797857427578228],[104.698080404687,0.799685242979661],[104.6994874398935,0.800635300278982],[104.6992307473012,0.796606463417612]]],[[[104.48452701481,0.799790610248527],[104.4842686386868,0.799734033898611],[104.4841958196814,0.798111233346807],[104.4842404026726,0.800935575816217],[104.48452701481,0.799790610248527]]],[[[104.6115332383683,0.800958885344391],[104.6143522190797,0.794678493217946],[104.6064782840457,0.796077215990751],[104.6069245303428,0.799402061755858],[104.6115332383683,0.800958885344391]]],[[[104.747310502178,0.801691659242751],[104.7484636677641,0.798908649614491],[104.7478979861032,0.798250969106926],[104.7484920197909,0.798000793901574],[104.7485931890246,0.797025398203674],[104.7482772472972,0.796609772922727],[104.7386761399919,0.795150309938927],[104.747310502178,0.801691659242751]]],[[[104.5570757559415,0.803383060080185],[104.5643472594185,0.801797789136691],[104.5660326258051,0.799541864965134],[104.55521453882,0.795478021093851],[104.5570757559415,0.803383060080185]]],[[[104.7427284428634,0.803252761805526],[104.7424208918108,0.803401173325577],[104.742500917983,0.803702279836413],[104.7427368533232,0.803511456288694],[104.7427284428634,0.803252761805526]]],[[[104.6756403150485,0.802003504558099],[104.6737742029171,0.799552144216095],[104.6702522590347,0.799301650650738],[104.6759897933943,0.80442929987232],[104.6756403150485,0.802003504558099]]],[[[104.6088452502082,0.80296029508162],[104.6072906065763,0.804020350259036],[104.6081035370487,0.805598012938022],[104.610568174082,0.804351450059412],[104.6088452502082,0.80296029508162]]],[[[104.7406302813624,0.805389322559266],[104.740585323354,0.805705972053003],[104.7406695772393,0.805779486234412],[104.7407257515922,0.805728598995723],[104.7406302813624,0.805389322559266]]],[[[104.5271595778523,0.806497286420635],[104.5295525434152,0.805720088711157],[104.5298504285544,0.804139728066053],[104.5259604524131,0.805462396072729],[104.5271595778523,0.806497286420635]]],[[[104.7416948187609,0.807302280376041],[104.7417361003408,0.806494849257986],[104.7404595909374,0.80645235808989],[104.7411881488141,0.807646854718611],[104.7416948187609,0.807302280376041]]],[[[104.6385497827463,0.80664409175146],[104.6376481233623,0.807844166874913],[104.6393627482923,0.807996991368062],[104.6394217663016,0.807560189751053],[104.6385497827463,0.80664409175146]]],[[[104.6469543501632,0.807908604198746],[104.6459522490971,0.801381866180259],[104.635158915052,0.80111798081017],[104.640908930203,0.80732707558415],[104.6469543501632,0.807908604198746]]],[[[104.7662542831088,0.811217858417487],[104.7647488296948,0.811839766592046],[104.7677596411945,0.812269684798148],[104.7673889433452,0.811579813057969],[104.7662542831088,0.811217858417487]]],[[[104.6543537336379,0.814068828913348],[104.6540377460452,0.814319011313389],[104.6548423622853,0.814849185941233],[104.6547118032072,0.814374200009313],[104.6543537336379,0.814068828913348]]],[[[104.6634236266991,0.819459715993196],[104.6632803889788,0.819451222795761],[104.6627579557151,0.819866780627462],[104.6632129542145,0.81979896634927],[104.6634236266991,0.819459715993196]]],[[[104.6658332099348,0.819563465381654],[104.6649496727893,0.819783418869788],[104.6646451155797,0.820567199616582],[104.6659632024399,0.820392472134943],[104.6658332099348,0.819563465381654]]],[[[104.6768120066689,0.821979891558763],[104.6766097887109,0.821962912358584],[104.6765339425874,0.822132539784912],[104.676719306351,0.822191927415547],[104.6768120066689,0.821979891558763]]],[[[104.6779445615923,0.822153735006934],[104.6783490712527,0.822206082744545],[104.6787656938817,0.821441526805097],[104.6780537033158,0.821564454236265],[104.6779445615923,0.822153735006934]]],[[[104.6766799583135,0.825783988740111],[104.6762800244036,0.82216650987654],[104.6716540206167,0.825083835050952],[104.6753443040964,0.827789801558174],[104.6766799583135,0.825783988740111]]],[[[104.6759973234178,0.827565090656465],[104.6757656058981,0.827654129834274],[104.6758329768106,0.828086701939787],[104.676047843733,0.827976457647425],[104.6759973234178,0.827565090656465]]],[[[104.6702884801293,0.831864838391658],[104.6678453108125,0.828056350720027],[104.6644073744009,0.830532713114282],[104.6664040123354,0.833844984558427],[104.6702884801293,0.831864838391658]]],[[[104.6289007883408,0.823386014852742],[104.6303660870254,0.831846609133821],[104.6299233462854,0.836002581354053],[104.6320176496948,0.83066781286931],[104.6289007883408,0.823386014852742]]],[[[104.625301680828,0.837270146999744],[104.623247496175,0.819187062233182],[104.6092570030083,0.814533533795656],[104.6178322950244,0.836523037008627],[104.625301680828,0.837270146999744]]],[[[104.6645752346594,0.838262377107066],[104.6656424844132,0.838522574357301],[104.6645640668782,0.837482059649394],[104.6638787052381,0.838205771978837],[104.6641144481233,0.840320561045102],[104.6645752346594,0.838262377107066]]],[[[104.7067028301716,0.841201872368577],[104.7065230700837,0.841320601764403],[104.7066466000606,0.841976532191266],[104.707017353668,0.841767343588026],[104.7067028301716,0.841201872368577]]],[[[104.6231239131382,0.844143437869446],[104.6163796632909,0.837983685298857],[104.6125413424091,0.841833970761138],[104.6212068876878,0.845744868730788],[104.6231239131382,0.844143437869446]]],[[[104.6239202601119,0.845469018780262],[104.6235043371555,0.845615041700862],[104.6233919722618,0.845829899630177],[104.6235548682626,0.845858187805179],[104.6239202601119,0.845469018780262]]],[[[104.7053093477482,0.846600383900606],[104.7075227501748,0.844927556761396],[104.7022131276338,0.842796093365036],[104.7028194856308,0.846799512687399],[104.7053093477482,0.846600383900606]]],[[[104.622592852678,0.846567725919842],[104.620048300089,0.846164596718799],[104.6197575969356,0.846296034434532],[104.621411237039,0.848141436977754],[104.622592852678,0.846567725919842]]],[[[104.630432087371,0.846833710307513],[104.6298127521568,0.84722380743287],[104.6301538659083,0.848610590806162],[104.6306553359751,0.847202683257217],[104.630432087371,0.846833710307513]]],[[[104.3619523400285,0.84828379695969],[104.366160301157,0.825537603277857],[104.3568239974296,0.813834724592974],[104.3605388782667,0.835912162616223],[104.3532717778703,0.845443940285692],[104.3619523400285,0.84828379695969]]],[[[104.6970430735791,0.852910140690463],[104.6960234923904,0.853546188905538],[104.6975106086277,0.854203640985338],[104.6977128976322,0.853334279853188],[104.6970430735791,0.852910140690463]]],[[[104.3892190002568,0.859327000440777],[104.390099665867,0.85808674360843],[104.3865107018075,0.856559823377198],[104.3857798371698,0.859221536944441],[104.3892190002568,0.859327000440777]]],[[[104.6369493186562,0.85848584384671],[104.6356180333457,0.858511161560857],[104.6361739321813,0.860699484593594],[104.6374631570991,0.85995322176384],[104.6369493186562,0.85848584384671]]],[[[104.6237216349456,0.849430393897618],[104.6138666292417,0.845587231065911],[104.6212222669941,0.860799802169174],[104.624778448067,0.855906241080204],[104.6237216349456,0.849430393897618]]],[[[104.6141957739158,0.854306393925006],[104.613512836848,0.858759188285971],[104.6154167465857,0.862020574290076],[104.6172089200557,0.859918579878569],[104.6141957739158,0.854306393925006]]],[[[104.6505352509012,0.866748273414172],[104.6646584192507,0.850803978820666],[104.661086818402,0.839726578618746],[104.6649137080013,0.821143522955234],[104.6555190904338,0.819590570948156],[104.6504981790478,0.809692011077543],[104.6375646419947,0.809860501760815],[104.6329395096507,0.803168049266143],[104.6243030016822,0.804753329202798],[104.6369563162811,0.828443781355512],[104.6325816694086,0.846356646941723],[104.6505352509012,0.866748273414172]]],[[[104.6576223636812,0.871801181779139],[104.6585496987097,0.866384297097708],[104.6572485631707,0.864681712291235],[104.6556025025535,0.866954653434535],[104.6576223636812,0.871801181779139]]],[[[104.7064449648633,0.871218680997396],[104.7061837351913,0.871553689251423],[104.7068029858692,0.872261961120666],[104.7072116953635,0.871608901329799],[104.7064449648633,0.871218680997396]]],[[[104.653193464307,0.868410929221072],[104.6494015484428,0.871328273281266],[104.6538753581613,0.875001258301486],[104.6549709347609,0.872694341670607],[104.653193464307,0.868410929221072]]],[[[104.709162072172,0.8745522124147],[104.7088923520005,0.875726909569272],[104.7103458084124,0.875977234062139],[104.7103079298671,0.875468328400705],[104.709162072172,0.8745522124147]]],[[[104.6585376702773,0.875213730329458],[104.6571277419518,0.875145746978687],[104.6567737813849,0.875948647312283],[104.6570995554003,0.876254018408249],[104.6585376702773,0.875213730329458]]],[[[107.5193312666247,0.874296309427189],[107.5179571277194,0.876003571607617],[107.520961197901,0.884135380043835],[107.5220557501728,0.88005460373701],[107.5193312666247,0.874296309427189]]],[[[104.6645283116324,0.892844883284758],[104.6674999261808,0.892149656081839],[104.6655738409601,0.884940043048596],[104.6626579232247,0.890973084740063],[104.6645283116324,0.892844883284758]]],[[[104.6916819189854,0.894116048017255],[104.6915250511403,0.894108443350047],[104.6915041347081,0.894167380420294],[104.6916638561021,0.894270045226461],[104.6916819189854,0.894116048017255]]],[[[104.6919956555752,0.894128405601455],[104.6918815702783,0.894213009322995],[104.6919167472602,0.894297613044445],[104.6920289322895,0.894219663406767],[104.6919956555752,0.894128405601455]]],[[[104.6772176126028,0.894912731337547],[104.677110885559,0.894895759331879],[104.6769928900099,0.895263287970424],[104.6772119693569,0.895218071856549],[104.6772176126028,0.894912731337547]]],[[[104.6886006977641,0.895160892960886],[104.688392830265,0.895494489279278],[104.6884265206674,0.895641507749387],[104.6887130077992,0.895601951069233],[104.6886006977641,0.895160892960886]]],[[[107.5463516331215,0.8864628893509],[107.5478923336644,0.879122252290118],[107.5434189466271,0.867540226300465],[107.5430739253215,0.895897452105762],[107.5463516331215,0.8864628893509]]],[[[104.6836971721868,0.895009426443957],[104.700187485664,0.886574336036825],[104.6908606014357,0.878694053587756],[104.6958595783569,0.848550445047033],[104.6767330452938,0.846326677933826],[104.6606549882372,0.863873907055199],[104.6764256030592,0.894570566278682],[104.6836971721868,0.895009426443957]]],[[[104.6790152620447,0.895733392382267],[104.6784567147057,0.895965100908677],[104.6787300465545,0.896339401442267],[104.6790806238718,0.896232457661858],[104.6790152620447,0.895733392382267]]],[[[104.6269314826019,0.896113741755775],[104.6576526267674,0.894085398222641],[104.6615845751681,0.880396320933505],[104.644088899683,0.87272724966285],[104.627803499432,0.854049054720127],[104.6170883371571,0.871359036390482],[104.6269314826019,0.896113741755775]]],[[[104.6326101716221,0.899948030077555],[104.634602937076,0.899634410399772],[104.6363474572694,0.896085009315792],[104.6283046043741,0.899133352222423],[104.6326101716221,0.899948030077555]]],[[[107.4689033656979,0.903207369224754],[107.4680341781349,0.903743667336451],[107.4691193648669,0.906421439198121],[107.4694076668304,0.90413493807697],[107.4689033656979,0.903207369224754]]],[[[104.770514603666,0.915104991602098],[104.7701438248776,0.915605393274374],[104.7706240952259,0.915862703700851],[104.7707168189261,0.915271813143745],[104.770514603666,0.915104991602098]]],[[[104.670594297289,0.916171508408434],[104.6717518335803,0.912139981674828],[104.668022095943,0.910289215574897],[104.6700777410949,0.913553444336054],[104.670594297289,0.916171508408434]]],[[[106.7439644625899,0.920540742261464],[106.7438526282962,0.920795343930012],[106.7441357843391,0.920919076254398],[106.7441524397833,0.920631160999294],[106.7439644625899,0.920540742261464]]],[[[104.7173149571197,0.919255806210481],[104.7153639552824,0.923941805569958],[104.7163581531063,0.924904562195847],[104.7180562673829,0.921575619119539],[104.7173149571197,0.919255806210481]]],[[[104.7907000569621,0.925883746737563],[104.7901832417633,0.926121206428585],[104.7913740502723,0.927523596636723],[104.7912617501297,0.926698030689652],[104.7907000569621,0.925883746737563]]],[[[107.4997786158904,0.922712717417992],[107.4978213682616,0.925690058849169],[107.4996127089594,0.928258455163641],[107.5006347911627,0.924008233093529],[107.4997786158904,0.922712717417992]]],[[[106.7364862139677,0.928579194774068],[106.743813764094,0.920265359059089],[106.743264108352,0.919348075753154],[106.7348658011159,0.925920147696699],[106.7364862139677,0.928579194774068]]],[[[104.9246866959343,0.936768515754435],[104.9269112139814,0.936553691100015],[104.9274956222253,0.927110601872824],[104.9183502445682,0.93494760804573],[104.9246866959343,0.936768515754435]]],[[[104.6658679471481,0.939306288354588],[104.6645366447504,0.939149247839596],[104.6642122143223,0.939446076275471],[104.6666093590348,0.940163010414638],[104.6658679471481,0.939306288354588]]],[[[104.7331823156114,0.942017785692359],[104.7476025129457,0.937879772933245],[104.7556985157739,0.918739854360881],[104.7322843461457,0.931268523823389],[104.7331823156114,0.942017785692359]]],[[[104.6665206094386,0.943072221006178],[104.6665457913552,0.94408154362837],[104.6670260706967,0.944140961835968],[104.6671778016143,0.94350060856627],[104.6665206094386,0.943072221006178]]],[[[107.4158899039959,0.945962221179661],[107.4155320601566,0.946155623982945],[107.4155973419438,0.946428804745578],[107.415889127881,0.946389414439983],[107.4158899039959,0.945962221179661]]],[[[107.5205835303057,0.947552546313021],[107.5216304931528,0.946810155064634],[107.51904035303,0.943806638865327],[107.5184324976617,0.946800636640097],[107.5205835303057,0.947552546313021]]],[[[104.8629729121702,0.948143568171231],[104.8625572158429,0.948256641730636],[104.8625909017488,0.948720315090521],[104.8630290613421,0.948810805774089],[104.8629729121702,0.948143568171231]]],[[[104.8619069043802,0.949474068373599],[104.8618718200285,0.949896431375238],[104.8621414439726,0.950247023081749],[104.8622088688443,0.949862517041586],[104.8619069043802,0.949474068373599]]],[[[107.5066612030522,0.949849707997627],[107.5091988983105,0.940419903555798],[107.5029742281782,0.942083146619963],[107.502504284745,0.929411327570692],[107.4956645241985,0.942079578110119],[107.4989874409177,0.950724160191927],[107.5066612030522,0.949849707997627]]],[[[104.8242587888121,0.952850249239676],[104.8241458411577,0.952825924376929],[104.8241701678191,0.953020516084033],[104.8242617835545,0.952997387319618],[104.8242587888121,0.952850249239676]]],[[[104.8230350840019,0.954773000673478],[104.8229609277047,0.954750186671857],[104.8229171945729,0.954868059913069],[104.8230103652362,0.954843344744669],[104.8230350840019,0.954773000673478]]],[[[104.8550058829153,0.955867060116786],[104.8554753164328,0.955773885856212],[104.8553979828307,0.955529992415302],[104.8549188744066,0.9555786790129],[104.8550058829153,0.955867060116786]]],[[[104.8524115267706,0.961137256379383],[104.8518497796436,0.961091995299432],[104.8518273001899,0.961318174793943],[104.8522542245529,0.961408666376881],[104.8524115267706,0.961137256379383]]],[[[104.848097284662,0.961465027788863],[104.8477152904284,0.961612029171841],[104.8477939145576,0.962053086380907],[104.8481309696686,0.961917392174014],[104.848097284662,0.961465027788863]]],[[[104.8503667697107,0.960967530027476],[104.8498162542168,0.96103535959424],[104.8492544558286,0.962154932803935],[104.8498162020561,0.96221150285862],[104.8503667697107,0.960967530027476]]],[[[104.8607083940772,0.962342308350925],[104.8607726344496,0.962823568852686],[104.8610725322716,0.962917917627879],[104.8609616287762,0.96243921209995],[104.8607083940772,0.962342308350925]]],[[[104.8538654697157,0.963339412783723],[104.8535494470494,0.963490468310477],[104.8539216107937,0.963835417670486],[104.8541633818347,0.96362899088531],[104.8538654697157,0.963339412783723]]],[[[107.4939621210551,0.964985666755178],[107.4935695094254,0.965068949372514],[107.493469572263,0.965609085790772],[107.4939011533156,0.96569465898135],[107.4939621210551,0.964985666755178]]],[[[107.482587899612,0.959475430646625],[107.4866476560645,0.953695263925367],[107.4812474690955,0.943997770880431],[107.47596348083,0.953127029089204],[107.4813545450763,0.966069651093557],[107.482587899612,0.959475430646625]]],[[[107.4163129100128,0.967460892406288],[107.4222187318091,0.962487818657928],[107.4206322809551,0.94734106533789],[107.4119965679873,0.955044864828755],[107.4163129100128,0.967460892406288]]],[[[107.4922374408053,0.96290956022804],[107.493671201165,0.961210549327449],[107.4889949189804,0.953697517626415],[107.4896542362541,0.970117626427333],[107.4922374408053,0.96290956022804]]],[[[104.6783046438443,0.973831895725505],[104.6784037212548,0.974204370635265],[104.6786791539198,0.974220221186359],[104.6786256532513,0.973936902366221],[104.6783046438443,0.973831895725505]]],[[[107.3962163582984,0.974555326567137],[107.3981254211514,0.973371830445677],[107.3988334780826,0.967582718167945],[107.3944362348444,0.969895554136555],[107.3962163582984,0.974555326567137]]],[[[104.8118863010121,0.974559091129221],[104.8124256811004,0.972738365083556],[104.8174027883081,0.972569003856469],[104.8186386933211,0.97150601958724],[104.8091900480823,0.972014402742547],[104.8118863010121,0.974559091129221]]],[[[107.4620614162015,0.97606271891941],[107.4620064163631,0.97606671910386],[107.4619944158097,0.976103719011443],[107.4620614162015,0.976107719195893],[107.4620614162015,0.97606271891941]]],[[[104.6374077642569,0.977620753894756],[104.6365539137322,0.977643279214055],[104.6363179433185,0.978016445702432],[104.6374862975546,0.978638561620324],[104.6374077642569,0.977620753894756]]],[[[107.4275608801305,0.978398431842217],[107.4457399621296,0.964730807880551],[107.4619712978372,0.975476116329707],[107.4707100263467,0.96925178344309],[107.4774843513219,0.941980781288107],[107.4679474717984,0.945425050725499],[107.4683008217256,0.923503075806329],[107.4550805358382,0.920308649724452],[107.4384730883624,0.932293994672159],[107.4428703316006,0.94410445026025],[107.4295965090717,0.951995931966751],[107.4275608801305,0.978398431842217]]],[[[104.8555647513123,0.978771352815697],[104.8563958498886,0.978426549145992],[104.8564113685898,0.978092495072611],[104.8550336755637,0.978509302062688],[104.8555647513123,0.978771352815697]]],[[[104.8545452420693,0.98072692230968],[104.8547439481747,0.980732852439223],[104.8547435317886,0.980491031036321],[104.8543628487666,0.980636480189487],[104.8545452420693,0.98072692230968]]],[[[104.8052119383803,0.980831662751067],[104.8049930281058,0.980841180276323],[104.8061684815902,0.981764410798933],[104.805521268292,0.980960153388397],[104.8052119383803,0.980831662751067]]],[[[107.3968391217281,0.980162012267114],[107.3952710287351,0.981641367355321],[107.3975457928042,0.982402794553325],[107.3980788209809,0.981368397933233],[107.3968391217281,0.980162012267114]]],[[[104.2605934106575,0.983545734847821],[104.2604248651155,0.983704011930639],[104.2607590558858,0.983811514190089],[104.2608012259958,0.983622111571256],[104.2605934106575,0.983545734847821]]],[[[104.2610539588731,0.983783308752725],[104.2607983598565,0.983882199104277],[104.2609724470208,0.984077303424799],[104.2612027741888,0.983952964957455],[104.2610539588731,0.983783308752725]]],[[[104.85647233543,0.984046650032885],[104.8558900702706,0.983498106752309],[104.8555960153439,0.983503348900447],[104.8558316745922,0.984037473350805],[104.85647233543,0.984046650032885]]],[[[104.6696664793247,0.983917037041701],[104.6692960251914,0.983922041768823],[104.6693027692075,0.984358608662925],[104.6698167326561,0.984444269987181],[104.6696664793247,0.983917037041701]]],[[[104.2282659837882,0.98476857361087],[104.2281741791951,0.980954904045658],[104.2256969156802,0.981635638673792],[104.2263760755955,0.983806947432717],[104.2282659837882,0.98476857361087]]],[[[107.6022664039715,0.986056447746916],[107.6022552182039,0.985742569963685],[107.6019114739354,0.985813833141977],[107.6019569778323,0.985973669649207],[107.6022664039715,0.986056447746916]]],[[[104.8566875153167,0.984741284582677],[104.8561874356017,0.985077452062841],[104.8563243169138,0.986490207856791],[104.8567305442792,0.985880956740834],[104.8566875153167,0.984741284582677]]],[[[107.5354410787429,0.986866613703283],[107.5335565448987,0.985534116106665],[107.5306821569561,0.987708943013319],[107.5333804648366,0.989764796807988],[107.5354410787429,0.986866613703283]]],[[[107.4136280847684,0.991069309301215],[107.4147845032024,0.98015234185713],[107.4044672486647,0.978734378988497],[107.4005649329254,0.987738260012724],[107.4136280847684,0.991069309301215]]],[[[107.526811958705,0.994484787842717],[107.5280455533597,0.991727999747402],[107.5216152163692,0.991077399602355],[107.5216342523189,0.993380718045708],[107.526811958705,0.994484787842717]]],[[[104.7304349281295,0.994587510205422],[104.7301615000533,0.994668181191669],[104.7303856209997,0.994910195049512],[104.730542505932,0.994730925092144],[104.7304349281295,0.994587510205422]]],[[[104.7309977040808,0.995169581111297],[104.7311799229152,0.995066817379817],[104.7310119808183,0.994565198025496],[104.7306122321688,0.995202892899202],[104.7309977040808,0.995169581111297]]],[[[104.2417187965853,0.997083388787454],[104.2625276922992,0.987181742443541],[104.2586857246665,0.973905105935932],[104.232095220618,0.979378334042933],[104.2417187965853,0.997083388787454]]],[[[104.2447352243511,0.996818345989967],[104.2442858448159,0.996874782045618],[104.2438588808827,0.997168694879422],[104.2452967916137,0.99742911426228],[104.2447352243511,0.996818345989967]]],[[[104.4297842656314,0.99684844989609],[104.432677039314,0.997598145438092],[104.4338764921065,0.996648434377809],[104.4293772162856,0.995669463874746],[104.4264669912586,0.998414103028475],[104.4297842656314,0.99684844989609]]],[[[104.3963848666683,0.99969841494991],[104.3962654196135,1.000019598825494],[104.3967561445805,0.999762658919609],[104.3967232455814,0.999712894934232],[104.3963848666683,0.99969841494991]]],[[[107.4222415727904,1.002122080669585],[107.4222641340826,1.001784846593454],[107.4218699117671,1.000747657578335],[107.4216711067363,1.001805378115803],[107.4222415727904,1.002122080669585]]],[[[104.8468504951543,1.003041024123982],[104.8461876516389,1.002452920565863],[104.8455584643517,1.002933527260483],[104.8462718749472,1.003312414336508],[104.8468504951543,1.003041024123982]]],[[[107.407463992969,1.003712830282952],[107.4104703546232,1.00152046569699],[107.4047259161681,0.999339505413863],[107.40668106388,1.000961292429745],[107.407463992969,1.003712830282952]]],[[[107.3771270616646,1.005117102772177],[107.3770177589625,1.005213516390688],[107.3771358876112,1.005413051671075],[107.3772754003395,1.005273377964075],[107.3771270616646,1.005117102772177]]],[[[107.3923917232995,1.011088369132926],[107.3946569698433,1.009432263987817],[107.3924841025594,0.989291308247362],[107.3874586819727,0.994488050583106],[107.3923917232995,1.011088369132926]]],[[[107.3827969858922,1.010470808281225],[107.385866490746,1.007538122686233],[107.3774575688118,1.005766379115089],[107.379620405957,1.01239222332252],[107.3827969858922,1.010470808281225]]],[[[104.4386620976777,1.014748242037841],[104.4406495202592,1.014673951741527],[104.4419959996157,1.008046800819271],[104.4365019207271,1.010080257897636],[104.4386620976777,1.014748242037841]]],[[[104.3920845649507,1.015709155952857],[104.392125604613,1.002558453310007],[104.3972209052206,0.997249718399848],[104.3660017299959,0.989867904080574],[104.3787906479701,1.003490577228414],[104.382978316796,1.015337538096992],[104.3920845649507,1.015709155952857]]],[[[107.5695988112362,1.016858814182983],[107.5693192237032,1.017197887372687],[107.569655322835,1.017450704786269],[107.5699140892639,1.017251424913399],[107.5695988112362,1.016858814182983]]],[[[104.4475562254395,1.016785978989818],[104.4492581546402,1.007519454559189],[104.4466209053306,1.006713582865546],[104.4424743301263,1.009604725177946],[104.4475562254395,1.016785978989818]]],[[[104.8248997886944,1.01721581535765],[104.8240346723623,1.017419330138056],[104.8241863232403,1.017854736906651],[104.8249278349517,1.017979176997505],[104.8248997886944,1.01721581535765]]],[[[107.5728212170256,1.021287037267024],[107.5722161396632,1.020377537593317],[107.5717420890263,1.02053050328019],[107.5718218436033,1.021306072317449],[107.5728212170256,1.021287037267024]]],[[[107.5716595195713,1.021617072270084],[107.5712479574274,1.021576137828559],[107.5711271299131,1.021973267652251],[107.5716790762285,1.021981839090655],[107.5716595195713,1.021617072270084]]],[[[107.5721644862022,1.022086536364617],[107.5720312363525,1.022200750264465],[107.572232117918,1.022391381357243],[107.5722691816774,1.022200750264465],[107.5721644862022,1.022086536364617]]],[[[104.2256494737443,1.022563776896865],[104.2255267315735,1.022599649953923],[104.2254556203806,1.022833426921219],[104.2258112303041,1.022750593065444],[104.2256494737443,1.022563776896865]]],[[[107.5140937679131,1.022122536226108],[107.5139516498488,1.022398591222037],[107.5142511186943,1.023015882277198],[107.514354290718,1.022382505947947],[107.5140937679131,1.022122536226108]]],[[[107.3671512266479,1.023628872774315],[107.3733139280953,1.019238505752471],[107.3667776869407,1.005792963974203],[107.3573726867002,1.012324273246643],[107.3671512266479,1.023628872774315]]],[[[104.8529252429057,1.024984762636747],[104.8526620410205,1.025127666708523],[104.8527110252936,1.025570784264326],[104.8530691452249,1.025280232197032],[104.8529252429057,1.024984762636747]]],[[[107.5161419100212,1.025399320422357],[107.5160313006041,1.025448575391438],[107.5160567532167,1.025623147290419],[107.5162018291512,1.025545785809376],[107.5161419100212,1.025399320422357]]],[[[107.5104702635919,1.022219277197875],[107.5086983122774,1.023369982238906],[107.5120704461942,1.026485360610893],[107.5119581739306,1.023096343721283],[107.5104702635919,1.022219277197875]]],[[[107.5371080962617,1.026362353140106],[107.5868758048746,1.011060824697305],[107.6021605699543,0.997196448857116],[107.60061154079,0.988230639732299],[107.5898819533895,0.987812778736805],[107.5854139236138,0.97434053608689],[107.5785848712948,0.978348738003929],[107.5529884103869,0.947100200813653],[107.5535118913608,0.953953049193876],[107.5475751355841,0.949884170917789],[107.5535463299991,0.971118344336139],[107.5781737507181,0.991027293874522],[107.5696029328291,0.988628796581745],[107.5653770104408,0.996599992395739],[107.5737622307424,1.002310698180262],[107.5728746916138,1.007615110948665],[107.5486239870074,0.975254100696274],[107.5423760136422,0.973976214430847],[107.5548863306397,0.993017966605889],[107.5383252827856,0.985183590950031],[107.5355805743841,1.001708948309352],[107.5326431295768,0.992216087902184],[107.5293649343443,0.992773470619232],[107.5379326720552,1.0180391887576],[107.5309941632501,1.022158036064555],[107.5371080962617,1.026362353140106]]],[[[104.7867800515582,1.028166955240836],[104.8040326960522,1.017469060848539],[104.849344217162,1.013298464752419],[104.8431522400839,0.997195797747905],[104.8541913552469,0.982443624673587],[104.8405923036919,0.962018827606867],[104.8249591241643,0.956770653942593],[104.8135497005582,0.963187934575524],[104.829704959916,0.975368642848659],[104.8046444841557,0.989526194078591],[104.811016194342,1.002513267773095],[104.790517687941,1.004281876307564],[104.7821745999779,1.020000870943447],[104.7867800515582,1.028166955240836]]],[[[104.819062576177,1.027195727001226],[104.8181580641434,1.02862061464972],[104.8186860911902,1.029078661850777],[104.8198489712531,1.028377566571434],[104.819062576177,1.027195727001226]]],[[[104.8175850503099,1.028971163188627],[104.8173547366318,1.028829786165739],[104.8168603748065,1.029072901693093],[104.8176075009855,1.02930478109082],[104.8175850503099,1.028971163188627]]],[[[104.3289036191068,1.027531861206496],[104.327510445151,1.028021215606698],[104.3261515704387,1.031021024800546],[104.3288169568372,1.030966746218473],[104.3289036191068,1.027531861206496]]],[[[104.79310553839,1.03218518999457],[104.7932423567494,1.032179240979245],[104.79310553839,1.031959140901703],[104.7929925142932,1.032131651554577],[104.79310553839,1.03218518999457]]],[[[104.7753615996582,1.033066780107836],[104.7751652938434,1.033019190683168],[104.7748678619624,1.033120317648548],[104.7753021131021,1.03338205903489],[104.7753615996582,1.033066780107836]]],[[[104.3284910263398,1.031596550440492],[104.3269540507888,1.032074566188365],[104.3279007527176,1.033802679150339],[104.3283142169277,1.033635404350461],[104.3284910263398,1.031596550440492]]],[[[104.3278392921497,1.034786804567409],[104.3246981356105,1.033303228061586],[104.3224850866175,1.034232931904386],[104.3227893227691,1.035259792205709],[104.3278392921497,1.034786804567409]]],[[[107.3786402087787,1.035666432360058],[107.3829823316694,1.028770653043251],[107.3827702526451,1.027309016398023],[107.3774980679815,1.032830115417502],[107.3786402087787,1.035666432360058]]],[[[104.7916172836108,1.037046429449193],[104.7917660009003,1.037022634287174],[104.7918016931937,1.036641919788758],[104.7914566709886,1.036844174619064],[104.7916172836108,1.037046429449193]]],[[[104.8294992292061,1.047916045788996],[104.8307805688682,1.047241468818713],[104.8291900521793,1.046479961581001],[104.8289596899378,1.047209383706191],[104.8294992292061,1.047916045788996]]],[[[104.2200689376314,1.047235624124829],[104.2247603428156,1.041596648266749],[104.2240293100048,1.037130423430385],[104.2182477969983,1.046848634157202],[104.2200689376314,1.047235624124829]]],[[[107.501607300037,1.049825575390104],[107.5120852957998,1.046248112760237],[107.5199585572417,1.047114150897441],[107.503761089103,1.036117109616994],[107.501607300037,1.049825575390104]]],[[[104.7150368133983,1.052981453831078],[104.7147924442161,1.053026668146304],[104.7146800766243,1.05319346360748],[104.7151631807363,1.0532839812708],[104.7150368133983,1.052981453831078]]],[[[104.7113404334143,1.053046137569266],[104.7110288668888,1.050767354429924],[104.7068155988609,1.051640576351629],[104.7094387566933,1.054371936116036],[104.7113404334143,1.053046137569266]]],[[[104.7117904586628,1.055373832136672],[104.7116083927132,1.055354796186878],[104.7115322498135,1.055764064160256],[104.7118320622,1.055702197998107],[104.7117904586628,1.055373832136672]]],[[[104.6761287701267,1.055806529247969],[104.6773170182659,1.054534400442295],[104.6763205010902,1.048687583165473],[104.6755843340499,1.051271594408584],[104.6761287701267,1.055806529247969]]],[[[107.4872263473182,1.055858319405997],[107.4942575222668,1.052730506108032],[107.4938149416064,1.045135267378702],[107.4846064279444,1.051374214248677],[107.4872263473182,1.055858319405997]]],[[[104.7042025889784,1.06045848297269],[104.7038233700525,1.060789232936729],[104.7042222022928,1.060970215203325],[104.704368268381,1.060879756895281],[104.7042025889784,1.06045848297269]]],[[[104.6740482928944,1.070200407922536],[104.6767759753311,1.066977654994814],[104.6752654407476,1.061252354112893],[104.6722454013043,1.066838638692255],[104.6740482928944,1.070200407922536]]],[[[107.4438900773653,1.089002903561218],[107.4450024344149,1.087127003208741],[107.4411279652834,1.085580868961975],[107.4411905553999,1.088524877920813],[107.4438900773653,1.089002903561218]]],[[[104.2157936784355,1.090588832808434],[104.2156479037278,1.090625401041409],[104.2157007281062,1.090830986061173],[104.2158449236044,1.090741043064744],[104.2157936784355,1.090588832808434]]],[[[107.4181338932646,1.092768499866478],[107.4178862820264,1.092752464954325],[107.4178102011799,1.092940431355879],[107.4182308941405,1.093053307963851],[107.4181338932646,1.092768499866478]]],[[[107.4344501996171,1.093070377995639],[107.4382892678355,1.0895331537321],[107.434792887182,1.0844690281232],[107.4304013546389,1.086094833309945],[107.4344501996171,1.093070377995639]]],[[[104.2175604847287,1.099893610801514],[104.2169856066006,1.099965946871004],[104.2171431012732,1.100402148640287],[104.2173678193695,1.100291954709951],[104.2175604847287,1.099893610801514]]],[[[107.4209976332342,1.100209099270552],[107.420713082343,1.100614205181413],[107.4210557240425,1.100994917881268],[107.4212746352163,1.100728419081351],[107.4209976332342,1.100209099270552]]],[[[104.6417115787264,1.10378910158577],[104.641405391046,1.104012414941044],[104.6412424455825,1.104289462788552],[104.6417901569902,1.10436586379363],[104.6417115787264,1.10378910158577]]],[[[104.6642376993104,1.108660417943971],[104.6638212943174,1.108696110237359],[104.6639759588235,1.109398050879415],[104.6645232349594,1.109005440149],[104.6642376993104,1.108660417943971]]],[[[104.6608680457238,1.108893693089483],[104.6604964638408,1.108444932287897],[104.6595863670173,1.108761475661632],[104.6598924359872,1.109578579887602],[104.6608680457238,1.108893693089483]]],[[[104.6643209810286,1.110730549375402],[104.6638093962867,1.110611576263329],[104.6636547317805,1.11125403124854],[104.6642733907045,1.111218338955242],[104.6643209810286,1.110730549375402]]],[[[107.4036955889803,1.112415481389403],[107.417438552747,1.097994402719602],[107.3892696944409,1.088583650415151],[107.3889365702666,1.094508508161171],[107.4036955889803,1.112415481389403]]],[[[104.6353763243579,1.114950181006089],[104.6355617663625,1.114466750440199],[104.6348792285936,1.114398811156223],[104.6348763462664,1.114998181420932],[104.6353763243579,1.114950181006089]]],[[[104.6394086218105,1.117177333167449],[104.6392007057481,1.117686207352639],[104.6396585236221,1.117870033275478],[104.6397260078491,1.117281980079385],[104.6394086218105,1.117177333167449]]],[[[104.2375315099713,1.117304017066731],[104.2372727003749,1.118084348014323],[104.2373372537113,1.118256812801663],[104.237559576913,1.117905443181685],[104.2375315099713,1.117304017066731]]],[[[104.6350482993396,1.125375721112684],[104.6344978476976,1.125539563200315],[104.6345988046912,1.126020269719705],[104.6351128571727,1.12574044026916],[104.6350482993396,1.125375721112684]]],[[[104.6023084721583,1.125789840029176],[104.6018730986646,1.125823705799364],[104.6018028409285,1.126097936070922],[104.6022353869536,1.126199775299439],[104.6023084721583,1.125789840029176]]],[[[104.2806152107235,1.130031097657122],[104.2801326560973,1.130315206081908],[104.2801295426443,1.130413467807331],[104.2807234558229,1.130521971012152],[104.2806152107235,1.130031097657122]]],[[[104.5977196166671,1.13485312307324],[104.5975679298162,1.134920954438565],[104.5976634090392,1.13507929087657],[104.5978038597604,1.135011457712684],[104.5977196166671,1.13485312307324]]],[[[104.5893032591381,1.14254757411125],[104.5895223663642,1.142423208664153],[104.5893594865512,1.142185700409845],[104.5891319059127,1.142640847297313],[104.5893032591381,1.14254757411125]]],[[[104.2638799012365,1.142721012864476],[104.2637472521341,1.142758827557897],[104.2637326462447,1.142874846397055],[104.2638681623859,1.142869978366809],[104.2638799012365,1.142721012864476]]],[[[104.2843087056823,1.145344340668794],[104.2839597192657,1.145393703556616],[104.2839287843859,1.145703699865949],[104.2843960478394,1.14565399073909],[104.2843087056823,1.145344340668794]]],[[[104.2793520238769,1.14963467340152],[104.2791293166647,1.14975307634346],[104.2793901155614,1.149974057756628],[104.2794464643829,1.149835028863519],[104.2793520238769,1.14963467340152]]],[[[104.279872592846,1.150162045741896],[104.2791628370953,1.14992999996961],[104.2789660690289,1.150053691824413],[104.2795971619795,1.150501628847175],[104.279872592846,1.150162045741896]]],[[[104.3155501643087,1.161521128897045],[104.3153419568659,1.161539189082392],[104.3154275219627,1.161754958024927],[104.3156553013511,1.161721859376394],[104.3155501643087,1.161521128897045]]],[[[104.3155859384404,1.170440096833067],[104.3150608063112,1.170018733877518],[104.3134485889813,1.170023992213507],[104.3162290400382,1.170850179592195],[104.3155859384404,1.170440096833067]]],[[[104.5841062362139,1.171859322349908],[104.583443301867,1.172139115827539],[104.5841762799114,1.173066546184229],[104.5844573261448,1.171986598003125],[104.5841062362139,1.171859322349908]]],[[[104.308859275735,1.177859485726726],[104.30855032174,1.177825484158765],[104.3085277856289,1.17809687706931],[104.3087749508034,1.178113901235564],[104.308859275735,1.177859485726726]]],[[[104.308236243408,1.179362821237293],[104.3082653032013,1.178901751414704],[104.3075812096052,1.179123921731692],[104.307929409115,1.179468910661738],[104.308236243408,1.179362821237293]]],[[[107.2206729855699,1.181152971232644],[107.2204826287704,1.180467686034989],[107.2196640946223,1.180401060660438],[107.2200352906962,1.181467060356598],[107.2206729855699,1.181152971232644]]],[[[104.4631108653742,1.181846897116687],[104.4630794061897,1.182202344262803],[104.4634389119762,1.18232680863539],[104.4635007502595,1.182100648925852],[104.4631108653742,1.181846897116687]]],[[[104.3622527792425,1.181449341913707],[104.3615953370552,1.182274701916006],[104.3617721275817,1.18298434525139],[104.3623311092934,1.182834637808325],[104.3622527792425,1.181449341913707]]],[[[104.4637562557467,1.182609585164249],[104.4634416486133,1.18270564714795],[104.4637786461677,1.183028008235995],[104.4638966686964,1.18275662431879],[104.4637562557467,1.182609585164249]]],[[[107.2237872209036,1.182952342876417],[107.2234303006679,1.183123663726102],[107.223373193718,1.183455598996749],[107.2238764498384,1.183516275355887],[107.2237872209036,1.182952342876417]]],[[[104.3191604306094,1.183455785156371],[104.3185988696422,1.182681028206931],[104.3176944025747,1.182878700092013],[104.3183739527958,1.183568672556243],[104.3191604306094,1.183455785156371]]],[[[104.4644666212376,1.184011988862308],[104.4647194350539,1.183910261149654],[104.4645004357466,1.183440912168374],[104.4639891468817,1.183870538994222],[104.4644666212376,1.184011988862308]]],[[[107.2217675378417,1.18424627034914],[107.222843055063,1.183560986050766],[107.222795464739,1.183351593301404],[107.2213487532424,1.183618093000602],[107.2217675378417,1.18424627034914]]],[[[104.3338478471005,1.185261874735774],[104.3343030038806,1.184690914953832],[104.3326908396106,1.18441346960598],[104.3330164400568,1.185318214564044],[104.3338478471005,1.185261874735774]]],[[[104.3185693862682,1.186656432748221],[104.3184533881135,1.186650484632176],[104.3184117468048,1.186799201022401],[104.3186110266776,1.186754585655622],[104.3185693862682,1.186656432748221]]],[[[104.3546217663815,1.185695362351089],[104.354554026747,1.186372604012506],[104.3548392431366,1.186828850770924],[104.3550281978931,1.186279927976328],[104.3546217663815,1.185695362351089]]],[[[104.3213818397002,1.187357420108912],[104.3211905628943,1.187037953938416],[104.3210732904001,1.187059721129311],[104.3210344513789,1.187357420108912],[104.3213818397002,1.187357420108912]]],[[[104.3546901886015,1.187367516797552],[104.3544261638365,1.187367454744257],[104.3544260784009,1.187737803656772],[104.3546704313954,1.187783095313685],[104.3546901886015,1.187367516797552]]],[[[104.3587031218517,1.190888190837411],[104.3582733799126,1.190882436075677],[104.3582199799682,1.191026604594223],[104.3586440633729,1.191213293059088],[104.3587031218517,1.190888190837411]]],[[[104.3599024910072,1.190812139668582],[104.3591777120818,1.191301057897507],[104.3597336360985,1.192231302232846],[104.3599106082879,1.19215218527515],[104.3599024910072,1.190812139668582]]],[[[104.3586888028461,1.19208122067189],[104.3584584720808,1.192126400812851],[104.35868025479,1.192607058768777],[104.3587814222249,1.192386569284773],[104.3586888028461,1.19208122067189]]],[[[104.529495276386,1.192799859026314],[104.5293997602908,1.192884657900636],[104.5296637787604,1.192969518828344],[104.5296469479483,1.192839466068582],[104.529495276386,1.192799859026314]]],[[[106.8918583121115,1.192319491551361],[106.8945616328132,1.188287248058126],[106.8879264950118,1.187808423819734],[106.8879128154242,1.192733473770799],[106.8918583121115,1.192319491551361]]],[[[104.3743163795973,1.194422853831709],[104.3739034405914,1.194626311055488],[104.3742179407055,1.195002387750074],[104.3744764481297,1.194569901080131],[104.3743163795973,1.194422853831709]]],[[[104.3766925233413,1.194861598883731],[104.3759652865688,1.19378713296989],[104.3746618874363,1.194312676988504],[104.3761025078246,1.19560499287614],[104.3766925233413,1.194861598883731]]],[[[104.3769002397543,1.195458165961602],[104.3765238420017,1.195542892890186],[104.3765855561785,1.195893468408846],[104.3769394843697,1.1958087360844],[104.3769002397543,1.195458165961602]]],[[[104.3782454555634,1.196340530391213],[104.3780628662084,1.196422473918021],[104.3782257370281,1.196594964785833],[104.3783184526345,1.196481901118871],[104.3782454555634,1.196340530391213]]],[[[104.5266320139563,1.1960901528383],[104.5276520645911,1.196279795576169],[104.5283463879755,1.193158712804385],[104.5240933663159,1.195470605384161],[104.5266320139563,1.1960901528383]]],[[[104.3791654296409,1.198668210569506],[104.3793537890462,1.197916243339955],[104.3781993338322,1.198082778897211],[104.3781655409071,1.198467257957622],[104.3791654296409,1.198668210569506]]],[[[104.5324210992544,1.198816596908456],[104.5322581645827,1.198929656078837],[104.5323536024368,1.19930851437646],[104.5325558941393,1.19899756028927],[104.5324210992544,1.198816596908456]]],[[[104.4188636118662,1.199204213703561],[104.4186472520691,1.199588656791148],[104.4194617203822,1.200018555212187],[104.4195966582593,1.199475774787226],[104.4188636118662,1.199204213703561]]],[[[104.3911951480377,1.200480280640479],[104.3910097438047,1.200582014648363],[104.3913242870862,1.20077998420893],[104.3913411916428,1.200542510128797],[104.3911951480377,1.200480280640479]]],[[[104.4071430516106,1.202859973109335],[104.4072470905808,1.202336977769322],[104.4065954472222,1.202325527601131],[104.406834034663,1.203074767186793],[104.4071430516106,1.202859973109335]]],[[[104.4050898849903,1.20334545233087],[104.4048581476855,1.203377532047531],[104.4049829286193,1.203669812611816],[104.4051790149996,1.203616347016842],[104.4050898849903,1.20334545233087]]],[[[104.394893709777,1.203467726854177],[104.3945172598637,1.20377862518348],[104.3951463913929,1.203982318029626],[104.3952054417777,1.20368265672923],[104.394893709777,1.203467726854177]]],[[[104.5713694726231,1.229656431798995],[104.5868084750312,1.222149842841011],[104.5873672516974,1.204923804789823],[104.5758862258687,1.193497335433699],[104.5774228470868,1.155022259070046],[104.5972097172547,1.125353644555124],[104.6352462131423,1.108447682414601],[104.6378783066385,1.083175502647313],[104.657403671942,1.045304283266121],[104.6477671978979,1.002863770446735],[104.6551936671541,1.001168230929148],[104.6476913904453,1.002603656833331],[104.6340546572967,0.986032777590681],[104.6469451671858,0.959897913258187],[104.6392914707248,0.946411264368427],[104.659923019232,0.942893462763125],[104.6600900422217,0.914471356268118],[104.6199487370447,0.900670490550779],[104.6114382528731,0.885798478317154],[104.6109667751966,0.83111725895437],[104.5929967891706,0.809924099117973],[104.5186719841248,0.827430276885829],[104.5130924777357,0.849287471839341],[104.5456047593522,0.880833859095384],[104.5376529610154,0.896539329726329],[104.5520135656736,0.915497837055598],[104.5455134538828,0.941536661887474],[104.5276817467153,0.945564811666808],[104.5195331110643,0.960184934587113],[104.5216230365739,0.977332110188842],[104.5109270964084,0.97140197612042],[104.498174983189,0.976973857157779],[104.5000001033222,0.991083318940086],[104.4764263516948,0.989108045300144],[104.4733872223426,0.977462222303791],[104.4407601305756,0.997215546860028],[104.4637001272591,1.02220723797368],[104.4851566220806,1.016160081422621],[104.4885129998751,1.035036000411102],[104.4759114556492,1.02724273906116],[104.4526575092367,1.055016092618663],[104.4273628778946,1.052330257435516],[104.4171876613815,1.039666215723331],[104.4166944668762,1.054813314383038],[104.4046201528978,1.053711261765431],[104.40542034897,1.034256286398547],[104.3741298323259,1.010414329058149],[104.3432399150901,1.019780558625902],[104.3375396980987,1.030010042929172],[104.3212673802854,1.042079939437743],[104.3137020341217,1.038622269202369],[104.3207183396797,1.024599062296902],[104.338967984285,1.025416324803549],[104.3316319472566,0.995040327848892],[104.2596393963411,1.000020517932596],[104.2272423538517,1.018914882016217],[104.2367998404404,1.038539169147354],[104.2137287253005,1.071523168559471],[104.2181109777395,1.089304761905316],[104.2403146374106,1.111219805749483],[104.2386931543657,1.123838206867786],[104.258860468336,1.122226147818514],[104.2814631706888,1.128064030330764],[104.2778150411313,1.134057595381785],[104.2826104879837,1.128379606034022],[104.3286207391558,1.137787801565812],[104.3322083803126,1.146009792218214],[104.3152107421821,1.160880893438529],[104.330289564312,1.163942915033564],[104.3178464680401,1.16555699935603],[104.318147758912,1.174060905886185],[104.3164846669339,1.175360949648161],[104.3111775544007,1.174940592134652],[104.3104875108899,1.175521180957803],[104.3118963276534,1.182127818344211],[104.329583770075,1.17912698662119],[104.3397162813813,1.185436649881508],[104.3390407448345,1.191192310976438],[104.3624126256422,1.17909799697504],[104.3715383917834,1.178873917397391],[104.3806092192401,1.185813684354128],[104.3792754805791,1.19641220455968],[104.3936914106301,1.203972324763056],[104.3963914730881,1.200379663590676],[104.4190141943496,1.198080487424599],[104.4466838515785,1.184640370356879],[104.4575635897879,1.18495842369237],[104.4646140767783,1.17690883487491],[104.4993411178983,1.168722201968039],[104.5367295704134,1.181922155982759],[104.5404461203921,1.19631878658277],[104.5513888417217,1.200417202192147],[104.5461418030019,1.217605608112324],[104.5713694726231,1.229656431798995]]],[[[104.5719760572493,1.235514575137595],[104.5715068332738,1.236340038561965],[104.5727538026459,1.237561588596423],[104.5726864587132,1.237117709314914],[104.5719760572493,1.235514575137595]]],[[[107.047174126185,1.319430629120275],[107.0470699046525,1.319578394027696],[107.0471684145907,1.319666909800096],[107.0472619278957,1.319563403228516],[107.047174126185,1.319430629120275]]],[[[107.0463003053149,1.319250515598844],[107.0439636750836,1.313558844864835],[107.0410559726551,1.314172746375261],[107.0450391914057,1.320054773908749],[107.0463003053149,1.319250515598844]]],[[[106.4445347700636,1.530680871425114],[106.444028430168,1.53061622096182],[106.4438380733684,1.53105404241016],[106.4446287699019,1.531085871216062],[106.4445347700636,1.530680871425114]]],[[[106.3236956177586,1.584756529590178],[106.322596594957,1.58080149829056],[106.3202406409928,1.581358659774354],[106.3204690687925,1.584071245291804],[106.3236956177586,1.584756529590178]]]]}},{"type":"Feature","properties":{"kode":"21.02","nama":"Kabupaten Karimun","lat":0.825534047209859,"lng":103.53107348422728},"geometry":{"type":"MultiPolygon","coordinates":[[[[103.6628247188857,0.472598581759184],[103.6612501112038,0.474190192923116],[103.6629538048743,0.475222879032719],[103.6634059030601,0.474661327058643],[103.6628247188857,0.472598581759184]]],[[[103.6269410542863,0.477786169895841],[103.6265759843942,0.478170496071614],[103.6267331427204,0.478515356398665],[103.6270925981449,0.478131029323611],[103.6269410542863,0.477786169895841]]],[[[103.6268211072084,0.480713804898267],[103.6271187549267,0.480521664743103],[103.6269103118615,0.480257952942262],[103.626592121829,0.480518152890516],[103.6268211072084,0.480713804898267]]],[[[103.6232468425678,0.493502291197887],[103.622500448437,0.491365331145152],[103.6194404557125,0.489714043668263],[103.6203494751482,0.492913782944735],[103.6232468425678,0.493502291197887]]],[[[103.6327196094225,0.494725295436035],[103.6348320881304,0.489219758285328],[103.6250680803277,0.484248826722064],[103.6287433811022,0.497579202218487],[103.6327196094225,0.494725295436035]]],[[[103.6361367741928,0.507128585016245],[103.6395011199808,0.503483137237046],[103.634925765112,0.497964892665712],[103.6287976515904,0.506612606186893],[103.6361367741928,0.507128585016245]]],[[[103.6308573706711,0.510378017231725],[103.6241691413928,0.513649510716371],[103.6210563575649,0.522450429144003],[103.63256342776,0.51349392710309],[103.6308573706711,0.510378017231725]]],[[[103.6208964509105,0.534592859572866],[103.6219636080342,0.533490781774246],[103.6202118887677,0.532314580053869],[103.6188468806791,0.534496296666839],[103.6208964509105,0.534592859572866]]],[[[103.6340585533597,0.535720758706068],[103.6371264196487,0.527140259615352],[103.6349446679621,0.514968975338023],[103.619797632255,0.5265428606646],[103.6340585533597,0.535720758706068]]],[[[103.5699193187216,0.537163268570071],[103.5709925912352,0.533845329598323],[103.5701279812213,0.533279847586885],[103.5675106330093,0.53615650361982],[103.5699193187216,0.537163268570071]]],[[[103.5712810577747,0.535955265922825],[103.5702196248359,0.53664465742502],[103.5706910908213,0.537554867563125],[103.5713089439527,0.536774927820735],[103.5712810577747,0.535955265922825]]],[[[103.7783812849683,0.53765477414853],[103.7782126575881,0.538446198233464],[103.7778643366699,0.539192360339166],[103.7791112287003,0.538129796053274],[103.7783812849683,0.53765477414853]]],[[[103.7708726608447,0.540016318298539],[103.7704627201784,0.540004928384816],[103.7703840798615,0.540106671385862],[103.7706760555555,0.540298941043302],[103.7708726608447,0.540016318298539]]],[[[103.7790493670347,0.538582046224542],[103.778627961811,0.539729574860035],[103.7795824383789,0.540679517945383],[103.7791108815621,0.539871004043688],[103.7790493670347,0.538582046224542]]],[[[103.5692083857585,0.538803785766204],[103.5683660213749,0.539171017628368],[103.5693202092603,0.540861428312331],[103.5704547597794,0.539668957856174],[103.5692083857585,0.538803785766204]]],[[[103.5650384092952,0.547141575823071],[103.5668695000274,0.538917234342959],[103.5595985460361,0.538273028377587],[103.5572707336575,0.543049752244348],[103.5650384092952,0.547141575823071]]],[[[103.6242399692992,0.548850293106559],[103.6293402827279,0.541881399806796],[103.6267191870409,0.536210912603538],[103.6225686907925,0.539624337992814],[103.6242399692992,0.548850293106559]]],[[[103.5561928683063,0.549545213640743],[103.5542897922401,0.547594549948569],[103.5516280076265,0.548402246366583],[103.553323175724,0.550946396958738],[103.5561928683063,0.549545213640743]]],[[[103.5525870761327,0.553065998297273],[103.5540582177126,0.553207678391685],[103.5535027415584,0.551443883028854],[103.5521437058674,0.552121880120657],[103.5525868198259,0.55412306232949],[103.5525870761327,0.553065998297273]]],[[[103.7731575180051,0.552142290234523],[103.7733420130235,0.547654377347692],[103.7778642970997,0.53939022377982],[103.7708782015678,0.54038943442489],[103.7731575180051,0.552142290234523]]],[[[103.6576428522359,0.555930421751613],[103.6569239153065,0.556648187763662],[103.6576368717443,0.55754152572087],[103.6582041955673,0.556812419257755],[103.6576428522359,0.555930421751613]]],[[[103.57958588588,0.554323015794564],[103.6074853891395,0.516969769039674],[103.6231765101878,0.507640238106541],[103.6192219249519,0.495648063707252],[103.5975517997758,0.491620136959822],[103.5935475368894,0.520511014172007],[103.5689852990324,0.550295659217356],[103.5765020674166,0.558720155610734],[103.57958588588,0.554323015794564]]],[[[103.6567584544392,0.559580328369533],[103.656670827197,0.558383602321408],[103.6552893902932,0.558569833031372],[103.6553282895689,0.560361841925536],[103.6567584544392,0.559580328369533]]],[[[103.5733742379308,0.563604246838542],[103.5752087883549,0.561115452216329],[103.5710261053705,0.558372818550732],[103.571900963159,0.562980063379223],[103.5733742379308,0.563604246838542]]],[[[103.6307534369216,0.568355021666919],[103.6320514023504,0.564890076815614],[103.6289748800867,0.561887638004086],[103.6286093326547,0.564233519561272],[103.6307534369216,0.568355021666919]]],[[[103.6560611516009,0.572340718049722],[103.6671257904229,0.56275013371174],[103.6636296966532,0.552398652775674],[103.6523447419164,0.56800399558796],[103.6560611516009,0.572340718049722]]],[[[103.6470247034274,0.577533667045158],[103.6507035043633,0.574578035248161],[103.6484303293963,0.569992925433224],[103.6445097187486,0.574463499391006],[103.6470247034274,0.577533667045158]]],[[[103.7755604732373,0.573405459594342],[103.7688488606864,0.577378247108504],[103.768151733216,0.581001827872127],[103.7755376133702,0.575271033031852],[103.7755604732373,0.573405459594342]]],[[[103.635949281734,0.583094818271343],[103.6356093505911,0.583223192896051],[103.6360634956339,0.583611161326056],[103.6361336904176,0.583394629758446],[103.635949281734,0.583094818271343]]],[[[103.5692591965547,0.583844698174316],[103.5689053537991,0.584172468684516],[103.5692365264446,0.584675651959829],[103.5695173973101,0.584246112368289],[103.5692591965547,0.583844698174316]]],[[[103.5689728578112,0.583691998686861],[103.5697253340569,0.583562177052885],[103.5686640602982,0.583533641564335],[103.5685178386274,0.584421091660056],[103.5689276201137,0.584941254135638],[103.5687256296842,0.584313742285422],[103.5689728578112,0.583691998686861]]],[[[103.5657802591517,0.585945804954966],[103.5670381831656,0.585510864934522],[103.5672854427691,0.584764761284726],[103.5656402670848,0.584413864708131],[103.5657802591517,0.585945804954966]]],[[[103.5698902562304,0.587365713956542],[103.5691427613295,0.589982762694349],[103.5714674116917,0.590232088040496],[103.5721024050021,0.588389440120649],[103.5698902562304,0.587365713956542]]],[[[103.531691576605,0.591307811206507],[103.5310739806797,0.591036316672719],[103.5307369732327,0.591409305095356],[103.5311973191011,0.591776852619683],[103.531691576605,0.591307811206507]]],[[[103.563684335164,0.591575429662347],[103.5647574242158,0.589320251028822],[103.5631853067566,0.588737607254794],[103.5622752288188,0.590337106372393],[103.563684335164,0.591575429662347]]],[[[103.6421019017814,0.592891594671416],[103.6430131461398,0.586515270963092],[103.6388072930222,0.586118535941724],[103.6378575522843,0.589159594339803],[103.6421019017814,0.592891594671416]]],[[[103.6384377202247,0.593374017097245],[103.6358773719432,0.592220179717559],[103.635191725218,0.594532066901385],[103.6363427738,0.594984588667932],[103.6384377202247,0.593374017097245]]],[[[103.6507237274182,0.595694773395136],[103.6503558723257,0.595872751026702],[103.6507208037221,0.596169622630002],[103.6509173937228,0.595968990176774],[103.6507237274182,0.595694773395136]]],[[[103.6593820007787,0.598932865159638],[103.6635112613357,0.599607013153156],[103.6638783052397,0.598924817126642],[103.6591431768162,0.595534085229874],[103.6593820007787,0.598932865159638]]],[[[103.564674520213,0.60584895566482],[103.5651298145893,0.604102367930023],[103.5658710969736,0.6038425367038],[103.5650961988306,0.603814066865757],[103.5639336218392,0.604650368919499],[103.564674520213,0.60584895566482]]],[[[103.6992558475794,0.607190408710442],[103.7013614779499,0.606419642952202],[103.7010902190385,0.604549385845507],[103.6964014893374,0.607155165178794],[103.6992558475794,0.607190408710442]]],[[[103.7027544585514,0.609705521092982],[103.702191824693,0.610072761049116],[103.7027983310782,0.611148440148421],[103.703057532779,0.61090508809942],[103.7027544585514,0.609705521092982]]],[[[103.7085588700958,0.612448170047061],[103.7155835159666,0.608255794169585],[103.7174275992044,0.605483721196817],[103.7048878393024,0.606697246580731],[103.7085588700958,0.612448170047061]]],[[[103.6757931829091,0.610915683012456],[103.6802952987891,0.609335156892074],[103.6693467471547,0.611755737037731],[103.6710139580278,0.612616059083868],[103.6757931829091,0.610915683012456]]],[[[103.6685204518574,0.613497308354136],[103.6681439219045,0.614673043326361],[103.6696377210041,0.614379459644374],[103.6696658913679,0.614006366900385],[103.6685204518574,0.613497308354136]]],[[[103.5640345203769,0.617636545989894],[103.5641244633733,0.617269138759832],[103.5639729599842,0.616862098407209],[103.5637482014184,0.617416008841795],[103.5640345203769,0.617636545989894]]],[[[103.5642490779327,0.617875119940889],[103.5645693543922,0.617106429817868],[103.56432806269,0.616490210754625],[103.5633564477419,0.617140016798354],[103.5642490779327,0.617875119940889]]],[[[103.4956300818629,0.618211506855657],[103.4951601384297,0.61827059681063],[103.4950958926614,0.618444099415713],[103.4952655272823,0.618578679362633],[103.4956300818629,0.618211506855657]]],[[[103.5658483540184,0.62187207223838],[103.5661750039733,0.618288297267197],[103.5625076828833,0.620333602913467],[103.5645564787986,0.623211427165701],[103.5658483540184,0.62187207223838]]],[[[103.7595991841551,0.623796126789886],[103.7585617388332,0.624081662438789],[103.758428489883,0.625119106861336],[103.7587326675786,0.625133084124593],[103.7595991841551,0.623796126789886]]],[[[103.6378893747949,0.62594579156505],[103.650897801992,0.622448952257423],[103.6642638194198,0.614838703843132],[103.6368143557979,0.615885666690216],[103.6309894361136,0.621900944073348],[103.6378893747949,0.62594579156505]]],[[[103.5729512768799,0.623400265909632],[103.5710809999882,0.624824258732579],[103.5714961774068,0.626135821910642],[103.5743265759108,0.625062564685683],[103.5729512768799,0.623400265909632]]],[[[103.55293632695,0.631122291060946],[103.5524899700362,0.630921494031808],[103.5522372668365,0.630980777341092],[103.5523467332153,0.631096689160968],[103.55293632695,0.631122291060946]]],[[[103.5515775862367,0.632168190009994],[103.5526051021438,0.632439810448934],[103.5529478589566,0.631620258268326],[103.5515496811729,0.631552032999958],[103.5513417830969,0.632032458031537],[103.5514594782723,0.632846485676827],[103.5515775862367,0.632168190009994]]],[[[103.5603139018651,0.634340559968935],[103.5580293270919,0.631298734449112],[103.555322540403,0.632134585043095],[103.5565853980977,0.634215154006165],[103.5603139018651,0.634340559968935]]],[[[103.6340732968453,0.635169333797789],[103.6401087999812,0.634780291577217],[103.6416435524081,0.627834645752332],[103.6283625901615,0.634633954793193],[103.6340732968453,0.635169333797789]]],[[[103.6748503480652,0.636402402349054],[103.6938146353372,0.627571894427456],[103.7068470150777,0.615009826842103],[103.6861076333607,0.604461675865695],[103.6706803005555,0.617649957579511],[103.6748503480652,0.636402402349054]]],[[[103.6707040822277,0.634705164012159],[103.6693078775566,0.636190226198005],[103.6699735458425,0.637381698406722],[103.6713586672688,0.636342513796004],[103.6707040822277,0.634705164012159]]],[[[103.6583336700628,0.632423787228051],[103.6558091228927,0.633487233748939],[103.6579982274363,0.637789299036948],[103.660120705706,0.6349910530947],[103.6583336700628,0.632423787228051]]],[[[103.6671500028704,0.637910397247074],[103.6665247150436,0.638107881173797],[103.6669199437005,0.63889040466851],[103.667448184786,0.638519208594632],[103.6671500028704,0.637910397247074]]],[[[103.6644971269409,0.639963278782327],[103.6641790987865,0.640182073044324],[103.6644000945887,0.640575063288582],[103.6646999069751,0.640425157095345],[103.6644971269409,0.639963278782327]]],[[[103.6276548237112,0.639834828614491],[103.6261303829109,0.640551674620157],[103.6260352049608,0.64126075408055],[103.6276579974187,0.640870522956336],[103.6276548237112,0.639834828614491]]],[[[103.5497870243517,0.641254571241509],[103.5494447306899,0.640412214951811],[103.5485911220827,0.640734177640232],[103.5490905749701,0.641813993620952],[103.5497870243517,0.641254571241509]]],[[[103.5534966387589,0.637075315573396],[103.5517554946205,0.638555843377484],[103.5550450626796,0.642038871796588],[103.5563150448035,0.638715410987453],[103.5534966387589,0.637075315573396]]],[[[103.5517236631166,0.643476652125871],[103.5512464279803,0.643256059219796],[103.5509262477482,0.643646007057638],[103.551847074383,0.643917602315566],[103.5517236631166,0.643476652125871]]],[[[103.5819235548283,0.651528322873871],[103.5836869733752,0.650816567030985],[103.5838560270341,0.648685499336318],[103.5819746857831,0.649402876841362],[103.5819235548283,0.651528322873871]]],[[[103.550499576994,0.651686807700022],[103.54775898389,0.652884392600692],[103.5470566700294,0.654297372325916],[103.5506284300581,0.652726950088686],[103.550499576994,0.651686807700022]]],[[[103.5791318550512,0.659892202263388],[103.578828513725,0.660287811333513],[103.5788284345846,0.660564798926375],[103.5791205667608,0.660095699956662],[103.5791318550512,0.659892202263388]]],[[[103.5786710667165,0.661050895982138],[103.578603695804,0.661005653787969],[103.5783733218713,0.661514340014799],[103.5785418116553,0.661412638382616],[103.5786710667165,0.661050895982138]]],[[[103.5747117843215,0.662683412809281],[103.5782610199303,0.661497350022719],[103.580963835213,0.655019999173609],[103.5731972531508,0.657030174602921],[103.5747117843215,0.662683412809281]]],[[[103.5836899699163,0.665359791621187],[103.5868178731464,0.664863246241884],[103.5867231079852,0.662409889404911],[103.5840051580117,0.66280480599705],[103.5836899699163,0.665359791621187]]],[[[103.5684995221353,0.668588772354026],[103.5675110817711,0.669074622096153],[103.5675163374091,0.670318236097797],[103.5686058966449,0.669679791189479],[103.5684995221353,0.668588772354026]]],[[[103.5888259630479,0.672613864438373],[103.5883317639998,0.672771999428276],[103.5880621076802,0.673178924667736],[103.5886686005755,0.673071697600777],[103.5888259630479,0.672613864438373]]],[[[103.5570883115764,0.67160398243786],[103.555942263225,0.673395565053367],[103.5567782091471,0.675888680917966],[103.5585478231236,0.673204147953152],[103.5570883115764,0.67160398243786]]],[[[103.7361591041594,0.679778810843532],[103.7361001670891,0.679135754211766],[103.7361784323888,0.678406094665648],[103.7352218891789,0.679349948441407],[103.7361591041594,0.679778810843532]]],[[[103.5706189049386,0.67960668599982],[103.575144753028,0.680048950998399],[103.5860072053683,0.672042106957724],[103.5721941664277,0.669443427772018],[103.5706189049386,0.67960668599982]]],[[[103.7364711347352,0.680845289878304],[103.7357176503493,0.681350599150862],[103.735746202925,0.681864562599552],[103.7363140699384,0.681392664939581],[103.7364711347352,0.680845289878304]]],[[[103.5398566275813,0.683791446418189],[103.5401600111757,0.683271488988099],[103.539070516691,0.68370076058166],[103.5397329725986,0.684187097756459],[103.5398566275813,0.683791446418189]]],[[[103.5661360966036,0.685557726607852],[103.5655800673663,0.685930643084751],[103.5659110988182,0.686846492871426],[103.5663941363803,0.68645659719426],[103.5661360966036,0.685557726607852]]],[[[103.5386694802124,0.687262992293311],[103.5395570409248,0.686121417169725],[103.5367382059036,0.686007496448868],[103.5372208378715,0.686934687585802],[103.5386694802124,0.687262992293311]]],[[[103.5587567131519,0.688331002873552],[103.5604427594259,0.683492747392409],[103.5542889396828,0.681568950946351],[103.5541533300122,0.684389632275748],[103.5587567131519,0.688331002873552]]],[[[103.5280682377591,0.686016123645247],[103.5269504191266,0.687270673402926],[103.5272139555597,0.688508691822706],[103.5288427312071,0.687361702780384],[103.5280682377591,0.686016123645247]]],[[[103.5440381342526,0.68580623896681],[103.5422629345868,0.688338113812945],[103.5426613693268,0.689169187208291],[103.5449359490349,0.687898023375075],[103.5440381342526,0.68580623896681]]],[[[103.5198619816452,0.691981333971478],[103.5160181371274,0.664552560152584],[103.4898174244347,0.624011607050099],[103.4616093053253,0.62120998595214],[103.4889385907434,0.68175923220288],[103.5198619816452,0.691981333971478]]],[[[103.5334239370651,0.690132943880359],[103.5326767893025,0.691167155240111],[103.5346248476587,0.692603547016121],[103.5349005366305,0.690839989973588],[103.5334239370651,0.690132943880359]]],[[[103.5279648768776,0.693455025129383],[103.5278078633423,0.692765347642707],[103.5266174163608,0.6928045436948],[103.5268025283141,0.693426397010663],[103.5279648768776,0.693455025129383]]],[[[103.5582378645859,0.695741615283316],[103.5580019571247,0.695950694169253],[103.558018741172,0.696154199057128],[103.5581310790861,0.696052483935025],[103.5582378645859,0.695741615283316]]],[[[103.5900826711784,0.695751303679712],[103.5895154615693,0.695926371105246],[103.5895265313244,0.696469047208856],[103.5901386126069,0.696463578431425],[103.5900826711784,0.695751303679712]]],[[[103.5586421853886,0.69569086384231],[103.5580860770109,0.696312496824289],[103.5583892249828,0.696578269871326],[103.5587992456887,0.696244883094918],[103.5586421853886,0.69569086384231]]],[[[103.565341325242,0.695591170396279],[103.5642853889596,0.696416151784016],[103.5648073527771,0.697286839416142],[103.5661609160935,0.696422378689851],[103.565341325242,0.695591170396279]]],[[[103.5844160744424,0.69792027959725],[103.5922179809751,0.690839623050207],[103.5863606371338,0.677403179712963],[103.5774055461291,0.687516983322142],[103.5844160744424,0.69792027959725]]],[[[103.5704450857721,0.697593816701334],[103.5698607755544,0.698622445969141],[103.5699167223788,0.699312103670666],[103.5705288926944,0.69899573476537],[103.5704450857721,0.697593816701334]]],[[[103.5410859063895,0.699547092024686],[103.5401985048572,0.700140348698161],[103.5414336787214,0.70076253476323],[103.5418438388221,0.699976934687838],[103.5410859063895,0.699547092024686]]],[[[103.556019543767,0.696605802615766],[103.5522281162347,0.700137597671999],[103.5568769996739,0.702140117172709],[103.5573836489363,0.697991149771779],[103.556019543767,0.696605802615766]]],[[[103.3663935180465,0.705292897449292],[103.3660281172039,0.705677121102363],[103.3666990510204,0.705807360021746],[103.3667626726592,0.70553042189154],[103.3663935180465,0.705292897449292]]],[[[103.5035452750945,0.706198176604664],[103.5175854081401,0.69967953877976],[103.5171434983738,0.694264153268096],[103.496177573836,0.69210610771073],[103.5035452750945,0.706198176604664]]],[[[103.5658922373369,0.711984400259899],[103.5654323771026,0.710039699972251],[103.5630908266804,0.709846773809561],[103.5632925572057,0.711214808116909],[103.5658922373369,0.711984400259899]]],[[[103.6920041094022,0.714337476393487],[103.691526760052,0.714393870180993],[103.6915322450172,0.714857423930956],[103.6923802220696,0.714823748817059],[103.6920041094022,0.714337476393487]]],[[[103.651343854935,0.718224707804113],[103.6509325230175,0.720073465717894],[103.6524337028532,0.722116577018481],[103.6530070701202,0.719864985780491],[103.651343854935,0.718224707804113]]],[[[103.6529788179182,0.722036803555712],[103.6528215561699,0.722121552068009],[103.652799054233,0.722257216597308],[103.6529113867511,0.722183761771264],[103.6529788179182,0.722036803555712]]],[[[103.6898884812684,0.725619091947591],[103.6895345710637,0.726042969407567],[103.6897928176845,0.726303085718902],[103.6899726191412,0.72595830093489],[103.6898884812684,0.725619091947591]]],[[[103.6895710358747,0.726226407722594],[103.6887537562809,0.726856783913485],[103.688899501311,0.727766970669228],[103.6895876949163,0.726876515938477],[103.6895710358747,0.726226407722594]]],[[[103.6895847271535,0.730538492357555],[103.6908483816475,0.730109228857875],[103.6915675991654,0.728696169992313],[103.6900007949008,0.728786160652836],[103.6895847271535,0.730538492357555]]],[[[103.5180394794385,0.730914293859561],[103.5175071293506,0.73168087687103],[103.5182271292787,0.732622877144104],[103.5187111291154,0.731583876894446],[103.5180394794385,0.730914293859561]]],[[[103.744013872842,0.737222494822307],[103.7487384567144,0.728576257088706],[103.7317772618113,0.711619822296969],[103.741847140733,0.685455267746457],[103.7272572233423,0.69316829608008],[103.7216093262095,0.687468392952015],[103.6929742674486,0.710338611237946],[103.6924242438838,0.728959700130114],[103.711423173041,0.725590300152332],[103.744013872842,0.737222494822307]]],[[[103.7198988822277,0.739912128741802],[103.7190563883417,0.740358482957701],[103.72025225194,0.741387702180793],[103.7205276045654,0.740760282960748],[103.7198988822277,0.739912128741802]]],[[[103.6564391852203,0.740799862123984],[103.6802448720033,0.733876693954302],[103.6881322177278,0.72376568723673],[103.6792876776842,0.723276939878945],[103.6738043043253,0.712449763445841],[103.6564391852203,0.740799862123984]]],[[[103.7253458789092,0.740987807841107],[103.7265699470455,0.741593049779452],[103.7290978828611,0.738676749832143],[103.7232570415793,0.740167494834074],[103.7253458789092,0.740987807841107]]],[[[103.6540080452352,0.741742205038795],[103.6537491268208,0.741878348906708],[103.6536464521221,0.742072520630385],[103.6539500110842,0.742001101869436],[103.6540080452352,0.741742205038795]]],[[[103.3472394918091,0.742187269626912],[103.3468700062458,0.742197902311334],[103.3471185446852,0.742607226042688],[103.3472195547387,0.742552737918542],[103.3472394918091,0.742187269626912]]],[[[103.3473191456621,0.743328366311077],[103.3472731336483,0.74317245804256],[103.3468674440773,0.743319206716039],[103.3470980689208,0.743448136222577],[103.3473191456621,0.743328366311077]]],[[[103.3390907734206,0.744832502218193],[103.3389642037351,0.74497323532656],[103.3391022127969,0.745080787048755],[103.3392001570616,0.744948669445586],[103.3390907734206,0.744832502218193]]],[[[103.3395628770252,0.74513599013388],[103.3393439658514,0.745159785295899],[103.3392374996109,0.745278173848726],[103.3394734088708,0.745335865357985],[103.3395628770252,0.74513599013388]]],[[[103.9423547401791,0.746190144859346],[103.9420514582083,0.746212686366407],[103.9418266969446,0.746681879765029],[103.9423378077437,0.746535009682978],[103.9423547401791,0.746190144859346]]],[[[103.9558783727887,0.747455294925922],[103.9556073360098,0.747815595713261],[103.9561349583617,0.747901952213434],[103.9561624299523,0.747588265086405],[103.9558783727887,0.747455294925922]]],[[[103.5612136250089,0.746459418067699],[103.5718260208543,0.736732181744879],[103.5671877772941,0.72544088588826],[103.5564910798995,0.744911845805094],[103.5612136250089,0.746459418067699]]],[[[103.9525283082349,0.749038072049421],[103.9532153588018,0.748929879110635],[103.9532945872754,0.748527766143534],[103.9518886276581,0.748474624304516],[103.9525283082349,0.749038072049421]]],[[[103.5854539874116,0.744459481420032],[103.5817967009571,0.745871522253003],[103.5814148524136,0.750013539693148],[103.5856859846205,0.747047144809907],[103.5854539874116,0.744459481420032]]],[[[103.853912335386,0.750330502150939],[103.8553780828323,0.749930751702907],[103.8554206900129,0.749603885011327],[103.8535306694049,0.749134108852109],[103.853912335386,0.750330502150939]]],[[[103.9814150341766,0.74970469541544],[103.9808428791955,0.750222406339082],[103.9809158124149,0.750567296343727],[103.9814494359427,0.750239508746395],[103.9814150341766,0.74970469541544]]],[[[103.9720182726252,0.753644312335242],[103.9770341756867,0.749913317445669],[103.9635093199992,0.748485640100258],[103.9644135145721,0.753177937411939],[103.9720182726252,0.753644312335242]]],[[[103.9417187090513,0.750707545616722],[103.9387302277179,0.750000014788929],[103.9419090658508,0.755095272229076],[103.9421327353375,0.754248183706727],[103.9417187090513,0.750707545616722]]],[[[103.5495244097238,0.75639349666263],[103.5531609731005,0.754599972410849],[103.5508462584482,0.749641741972892],[103.5470016576005,0.752280285406856],[103.5495244097238,0.75639349666263]]],[[[103.730750845775,0.758095739726647],[103.738286477439,0.751158677031347],[103.7190683852978,0.753923086881001],[103.7192786108193,0.755175319085774],[103.730750845775,0.758095739726647]]],[[[103.8379256773282,0.759432037858263],[103.8375829816694,0.759867255769306],[103.8377399763189,0.760822721591323],[103.838200734976,0.759912650848202],[103.8379256773282,0.759432037858263]]],[[[103.6294090583814,0.760566064072618],[103.6296059451583,0.759483589695906],[103.6273570995506,0.758855396159694],[103.6272386138709,0.760624725051093],[103.6294090583814,0.760566064072618]]],[[[103.8619855386018,0.757041424022573],[103.8600926347674,0.758120730087716],[103.8596818478391,0.761224356119181],[103.8608334306184,0.760139202662133],[103.8619855386018,0.757041424022573]]],[[[103.6849269916874,0.764681923831764],[103.6894488270018,0.760808134587807],[103.6862576330834,0.756344062728351],[103.6832687110823,0.760848638254094],[103.6849269916874,0.764681923831764]]],[[[103.858412594166,0.761291859231969],[103.8562335080699,0.761460881414619],[103.8566537630608,0.765062227340005],[103.8572603665727,0.76481363763927],[103.858412594166,0.761291859231969]]],[[[103.5534968159254,0.766281486801221],[103.5523228939865,0.767174222212683],[103.5532351186059,0.768008311934063],[103.5536002406586,0.767652314402786],[103.5534968159254,0.766281486801221]]],[[[103.6792623923456,0.768428144243513],[103.6796866996815,0.758167990360478],[103.6685356270176,0.761813580232593],[103.675665525044,0.768438329065743],[103.6792623923456,0.768428144243513]]],[[[103.6606658882203,0.768834984946595],[103.6661394149021,0.765459030709723],[103.6673054578806,0.762901403776814],[103.6607505333106,0.7675178612603],[103.6606658882203,0.768834984946595]]],[[[103.8535408839047,0.769497073930856],[103.8536217860167,0.767008157900159],[103.8519514041341,0.763181985060621],[103.8483023329863,0.766252847890689],[103.8535408839047,0.769497073930856]]],[[[103.9804385251179,0.762465290141032],[103.9766813563596,0.767541869561692],[103.9774789515924,0.770679902755342],[103.9799531151442,0.766527029598782],[103.9804385251179,0.762465290141032]]],[[[103.8481314770861,0.771083023862504],[103.8474116902973,0.770630926576052],[103.8469655411269,0.770749899688125],[103.8476020470969,0.771582710573712],[103.8481314770861,0.771083023862504]]],[[[103.9659392755772,0.768364753730497],[103.9557265789185,0.761804435026667],[103.9508744612874,0.763594106582774],[103.9625437350055,0.778129917161971],[103.9659392755772,0.768364753730497]]],[[[103.9081617317785,0.778161450990231],[103.9074482852102,0.77889622318221],[103.90827370187,0.779535286824037],[103.9083749277607,0.779015189099772],[103.9081617317785,0.778161450990231]]],[[[103.5292993179092,0.776804147393515],[103.5280125634291,0.779214565200023],[103.5297638339338,0.78130102202458],[103.5301488552855,0.780244104581771],[103.5292993179092,0.776804147393515]]],[[[103.9065547161273,0.781191320922778],[103.9063132202789,0.781185603932519],[103.9060660236281,0.781507789652844],[103.9064086041738,0.781541801113336],[103.9065547161273,0.781191320922778]]],[[[103.9111205201959,0.781870937693638],[103.9108565242093,0.782000899621879],[103.9111934237376,0.782283665358927],[103.9111990831712,0.782119713553994],[103.9111205201959,0.781870937693638]]],[[[103.3449023219846,0.782497502557719],[103.3447057157961,0.782492458260384],[103.3447715983307,0.782767838764828],[103.3449676838116,0.782755956022571],[103.3449023219846,0.782497502557719]]],[[[103.7550888205927,0.784009423895801],[103.7553474431301,0.78302584077001],[103.7536011440776,0.78218864299153],[103.7540835736981,0.784009122622928],[103.7550888205927,0.784009423895801]]],[[[103.7495062358242,0.782545695427503],[103.749912863388,0.78431809730237],[103.7505340853798,0.784547311109593],[103.7506411307836,0.783388435727803],[103.7495062358242,0.782545695427503]]],[[[103.77349915786,0.77912702519207],[103.7686739956084,0.7828228314086],[103.7680497132238,0.785948891028562],[103.7730940420565,0.781778283241261],[103.77349915786,0.77912702519207]]],[[[103.7162618871765,0.786792393953847],[103.716806643412,0.7867218978973],[103.7167028724397,0.786326146734348],[103.715989612031,0.786489867413495],[103.7162618871765,0.786792393953847]]],[[[103.9630923223528,0.786356203875746],[103.9638223542184,0.786718217871504],[103.9671200323637,0.783061139160266],[103.9634014912859,0.785253823005602],[103.9622046869968,0.787396249137659],[103.9630923223528,0.786356203875746]]],[[[103.7246287073491,0.789330414766917],[103.7256965128838,0.786716161121978],[103.7241635959732,0.786028831765259],[103.7238594281701,0.7890305601123],[103.7246287073491,0.789330414766917]]],[[[103.7209950442859,0.790027455003115],[103.7212451691293,0.789306756301775],[103.7207370000126,0.789097432800309],[103.7201667902653,0.789758673723837],[103.7209950442859,0.790027455003115]]],[[[103.8645839452929,0.785196258300777],[103.8691621024491,0.781443614930952],[103.8705512213618,0.774173648395246],[103.8592917606063,0.791786709688955],[103.8645839452929,0.785196258300777]]],[[[103.537792832773,0.795660132908813],[103.5543278812268,0.784875399979798],[103.543359149705,0.75509694496809],[103.531140728362,0.761644274763482],[103.537792832773,0.795660132908813]]],[[[103.7101703877533,0.798364549884154],[103.7180297483742,0.793053592749191],[103.7173266170298,0.788727733198355],[103.7101194942193,0.791649340944398],[103.7101703877533,0.798364549884154]]],[[[103.7223170728746,0.800785799125345],[103.7221457484276,0.8009214213865],[103.7221906245977,0.80108255021962],[103.7223703487127,0.801028901162868],[103.7223170728746,0.800785799125345]]],[[[103.7259030718693,0.799905030992429],[103.7261947588811,0.801001834267298],[103.7268123961752,0.801352523100471],[103.726138863318,0.800148190586578],[103.7259030718693,0.799905030992429]]],[[[103.3416888950266,0.800757221368739],[103.3414305440844,0.800921028382826],[103.3420086732617,0.801429960124642],[103.3419695671418,0.800938205433896],[103.3416888950266,0.800757221368739]]],[[[103.8438599221978,0.78401395468026],[103.8337343914291,0.783078319808725],[103.8359697912729,0.802458752169708],[103.8379720643593,0.791966632554095],[103.8438599221978,0.78401395468026]]],[[[103.72467532011,0.802123509192684],[103.725156190306,0.79981717442312],[103.7223199012425,0.800723616401841],[103.7232094188796,0.802643138370149],[103.72467532011,0.802123509192684]]],[[[103.3423460269476,0.803365007988718],[103.3421699262011,0.803316282720365],[103.3421342743773,0.803523044053309],[103.3423731424067,0.803512350214783],[103.3423460269476,0.803365007988718]]],[[[103.3432051519963,0.803323927857067],[103.3428500546863,0.803549869930562],[103.3432598145888,0.803866559893882],[103.3434227285761,0.803663147636177],[103.3432051519963,0.803323927857067]]],[[[103.3303350000602,0.804995999565802],[103.3305799996673,0.80493000011945],[103.3305479999902,0.804635000005335],[103.3302309997609,0.804755000143162],[103.3303350000602,0.804995999565802]]],[[[103.3417037527261,0.805685925265307],[103.3415243910379,0.804905850624513],[103.3398564688011,0.805639950123657],[103.3412320304339,0.805860948623957],[103.3417037527261,0.805685925265307]]],[[[103.5343383758154,0.802237291417926],[103.5321762050679,0.803618703140716],[103.5316197774308,0.805899213877678],[103.5344038113869,0.805330589635053],[103.5343383758154,0.802237291417926]]],[[[103.5234486290511,0.814824781938148],[103.5237891123777,0.812758855736659],[103.5229894172279,0.811382136676306],[103.5214053783556,0.812749499190099],[103.5234486290511,0.814824781938148]]],[[[103.5273849292712,0.815106040411459],[103.5318444181854,0.812767464946626],[103.5323508390201,0.809901734777283],[103.5245619735563,0.810707219762394],[103.5273849292712,0.815106040411459]]],[[[103.5219424822598,0.818162124682351],[103.5236304377945,0.816721319933064],[103.5218650038669,0.815047476559913],[103.5210890858926,0.81776329514007],[103.5219424822598,0.818162124682351]]],[[[103.6831188300699,0.817786185584099],[103.682703081582,0.818337220886109],[103.6832055588895,0.818755713205663],[103.6836324841519,0.818374272954367],[103.6831188300699,0.817786185584099]]],[[[103.8360835600084,0.817072785780512],[103.8347413002709,0.81710066206597],[103.8329321134264,0.819864634845066],[103.834735126425,0.81903411723083],[103.8360835600084,0.817072785780512]]],[[[103.8312636102275,0.821644958847775],[103.8309546868094,0.821769241557321],[103.8308984602958,0.821995359897995],[103.831246683188,0.821916315785407],[103.8312636102275,0.821644958847775]]],[[[103.709031623011,0.822206916416166],[103.7100341242754,0.82198677137246],[103.7101972163285,0.821263225417576],[103.7093378970264,0.821554080556483],[103.709031623011,0.822206916416166]]],[[[103.4571015983601,0.822226568401449],[103.4683777127613,0.820444740732215],[103.4739173297211,0.812612449704828],[103.4503750381775,0.820957789570384],[103.4571015983601,0.822226568401449]]],[[[103.2855584002001,0.824433764606633],[103.2836889308996,0.823856450215052],[103.2821559186608,0.82428533689882],[103.2838512477369,0.825049094240368],[103.2855584002001,0.824433764606633]]],[[[103.6994277520891,0.824595037331141],[103.698282316176,0.823995432343436],[103.6979537515645,0.824111211962927],[103.6989754398647,0.825324136599656],[103.6994277520891,0.824595037331141]]],[[[103.826449450282,0.825589586790018],[103.8268987515762,0.825544493883365],[103.8272639410781,0.825058413015364],[103.8261236690721,0.825747784732497],[103.826449450282,0.825589586790018]]],[[[103.2798863769548,0.827036872054096],[103.2797401130158,0.827686787815038],[103.2800095651893,0.827816900829356],[103.280380378152,0.82726316756114],[103.2798863769548,0.827036872054096]]],[[[103.4529227249039,0.825175537121334],[103.4517658909831,0.825423793173583],[103.4507092496322,0.827944384225995],[103.4522366456048,0.827809324940462],[103.4529227249039,0.825175537121334]]],[[[103.4467461694003,0.828458147125863],[103.4496648039876,0.827977887569473],[103.4513845577512,0.824123573144428],[103.4412761842486,0.826651901963801],[103.4467461694003,0.828458147125863]]],[[[103.5158559758726,0.831737528564178],[103.5206077552438,0.828675581612901],[103.5207432147277,0.826813081158859],[103.5148134188043,0.826615834653063],[103.5158559758726,0.831737528564178]]],[[[103.6682334341257,0.82860960644828],[103.6797653948571,0.811645864664998],[103.7045223107561,0.803909170671721],[103.7080510067486,0.788604491004483],[103.7287100484301,0.765794742233636],[103.7272126682301,0.758832431971188],[103.7036641506801,0.754517725812429],[103.6604897802792,0.827159807579145],[103.6682334341257,0.82860960644828]]],[[[103.9096758429658,0.829060572387538],[103.9407807125599,0.787316883967135],[103.9191097716987,0.754777754889544],[103.913479501278,0.781210088874593],[103.8864171346431,0.79455649028983],[103.8952999579268,0.802038474695907],[103.9051523762812,0.817147346772648],[103.9064678290271,0.833135870923771],[103.9096758429658,0.829060572387538]]],[[[103.3488117207843,0.833249848301973],[103.3479357928027,0.833238173303139],[103.3479804864104,0.833780802641934],[103.3488788299941,0.833899878276798],[103.3488117207843,0.833249848301973]]],[[[103.6552193600855,0.843794768014147],[103.6596413050024,0.836950519850641],[103.6558155062806,0.832997759339113],[103.6510084302949,0.841207062356128],[103.6552193600855,0.843794768014147]]],[[[103.3431987362328,0.849054632865107],[103.3432835162213,0.847749016004348],[103.3419359441885,0.847703218029158],[103.3426652538984,0.849195706816472],[103.3431987362328,0.849054632865107]]],[[[103.3484650141492,0.85039081858149],[103.3484377242216,0.848542540006322],[103.3471298563579,0.847547191949369],[103.3466797456737,0.849694829652689],[103.3484650141492,0.85039081858149]]],[[[103.4992499673122,0.851776745800256],[103.5029599108712,0.84733102100982],[103.5002658729717,0.843811222909638],[103.4956678515901,0.85047524243855],[103.4992499673122,0.851776745800256]]],[[[103.4628311908069,0.831390643863214],[103.4674323184468,0.825626870883431],[103.4321881761435,0.833181639221367],[103.4202013284286,0.843322868555527],[103.4215729078635,0.853531663055859],[103.4204541818151,0.856719151767502],[103.4628311908069,0.831390643863214]]],[[[103.2322226898253,0.858337081591129],[103.23290625462,0.857926577049925],[103.2311495755925,0.857979044397458],[103.2313766472146,0.858376783062129],[103.2322226898253,0.858337081591129]]],[[[103.4110572925601,0.854098953603819],[103.409792736046,0.856879392070306],[103.4116618312286,0.858711541304588],[103.4125672515775,0.85536571435629],[103.4110572925601,0.854098953603819]]],[[[103.6976766011943,0.859304642395406],[103.705480872944,0.839462082609119],[103.6972264878122,0.836629952910092],[103.6915365123003,0.85673603384093],[103.6976766011943,0.859304642395406]]],[[[103.8001136845989,0.855098434045518],[103.7960804329657,0.857969040338988],[103.7945740145791,0.86212938955976],[103.7977813612209,0.860366579853819],[103.8001136845989,0.855098434045518]]],[[[103.409694307946,0.864052203946139],[103.4106269849474,0.862707332577381],[103.4076748721976,0.859173364759089],[103.4048654791586,0.863535800636692],[103.409694307946,0.864052203946139]]],[[[103.4185686047574,0.844690840809667],[103.4124512588186,0.850668541819763],[103.4136639109608,0.864845207240636],[103.4204121996634,0.854040660448183],[103.4185686047574,0.844690840809667]]],[[[103.6564860830664,0.866958353245481],[103.6562030223517,0.865431942929915],[103.6541503692442,0.865657330121758],[103.6555314113457,0.866918440433759],[103.6564860830664,0.866958353245481]]],[[[103.9079440113071,0.867205711774163],[103.9075508106215,0.867403470893555],[103.9075001572065,0.867776587919275],[103.9078540017608,0.867720156360205],[103.9079440113071,0.867205711774163]]],[[[103.9054329998332,0.865645000416501],[103.9020006626006,0.867110603971286],[103.9019105703166,0.869576613370013],[103.9044120004136,0.869631999916917],[103.9054329998332,0.865645000416501]]],[[[103.6248125307738,0.868721921979196],[103.6258662187511,0.866675949935233],[103.620673669954,0.868918254773662],[103.6226607795714,0.871276250198802],[103.6248125307738,0.868721921979196]]],[[[103.3660331381189,0.872568439282093],[103.3657411471363,0.872585268295564],[103.3655614041356,0.872726496031026],[103.3658870027831,0.872901858434114],[103.3660331381189,0.872568439282093]]],[[[103.809832669642,0.87270409122093],[103.8095069298011,0.872715294075574],[103.8084562707404,0.874111330573532],[103.8091077935899,0.873953245945566],[103.809832669642,0.87270409122093]]],[[[103.6551684728469,0.873752954335425],[103.6547104274444,0.873932405056552],[103.6545451518374,0.874251231808929],[103.6550654051444,0.874038731902013],[103.6551684728469,0.873752954335425]]],[[[103.6617073346259,0.86938630603319],[103.6725991102607,0.863397010963338],[103.692559860749,0.823767421829055],[103.6547319608114,0.872582449820245],[103.6617073346259,0.86938630603319]]],[[[103.7959055750822,0.876097857430233],[103.7990036846723,0.876098264823108],[103.7983364137945,0.872802171283224],[103.7966007941913,0.873553501792765],[103.7959055750822,0.876097857430233]]],[[[103.7170482561721,0.87718927016873],[103.7171243262268,0.876443082882014],[103.7155380399486,0.875795251749542],[103.7158157685829,0.876561347328428],[103.7170482561721,0.87718927016873]]],[[[103.621723821797,0.876598120606806],[103.6209345938565,0.877191383575601],[103.6210017624215,0.877793443712546],[103.621659102086,0.876976842207553],[103.621723821797,0.876598120606806]]],[[[103.234220797252,0.877930208112707],[103.2345537100857,0.877877745261843],[103.234627735082,0.877039161628021],[103.233638767715,0.878383321633011],[103.234220797252,0.877930208112707]]],[[[103.8080736307935,0.876462992972835],[103.8076910879734,0.878498067931519],[103.8081513457081,0.879340560918182],[103.8083543739552,0.876666603081341],[103.8080736307935,0.876462992972835]]],[[[103.7936504387168,0.879471550771457],[103.7957529718222,0.872886139184034],[103.8007233494031,0.87254288594549],[103.8034658904386,0.866602129085001],[103.7935519602548,0.87130250590601],[103.7936504387168,0.879471550771457]]],[[[103.8049334149452,0.878955099798093],[103.8049903564198,0.876501576586561],[103.802192391066,0.880045304747076],[103.8023496249353,0.880101889190874],[103.8049334149452,0.878955099798093]]],[[[103.7794694358658,0.880495804837553],[103.7805310873398,0.879851681609908],[103.7803234716509,0.879297593109493],[103.7789473002778,0.880003799236048],[103.7794694358658,0.880495804837553]]],[[[103.7035589578797,0.881082187093282],[103.7037556620942,0.880658273660481],[103.7031603117991,0.880836137977445],[103.7033511551318,0.881121686216899],[103.7035589578797,0.881082187093282]]],[[[103.4231388766579,0.87762917624554],[103.4221898149082,0.877837911590371],[103.4214078759728,0.881223366265369],[103.424429214037,0.880410707388288],[103.4231388766579,0.87762917624554]]],[[[103.7738024811996,0.881483252350288],[103.7735441212643,0.881545353235522],[103.773538457334,0.881692334833437],[103.7737574818224,0.881698060816946],[103.7738024811996,0.881483252350288]]],[[[103.7163615950117,0.881623912613547],[103.7171485062986,0.87964559027178],[103.7166184926494,0.877607453121529],[103.715767078388,0.879359629243501],[103.7163615950117,0.881623912613547]]],[[[103.7235136019712,0.881408741720088],[103.722749823046,0.881428265102377],[103.7224210129195,0.882236550576396],[103.7231847136037,0.882445981097232],[103.7235136019712,0.881408741720088]]],[[[103.8073844542293,0.882303844147112],[103.8077800300245,0.88138694575097],[103.8071399069812,0.881013620082546],[103.8068475247935,0.882087657019801],[103.8073844542293,0.882303844147112]]],[[[103.7698314743431,0.882821752921556],[103.7756170459899,0.879736997364608],[103.7748045795678,0.873998671601425],[103.7671307284005,0.881040081734438],[103.7698314743431,0.882821752921556]]],[[[103.6422306846984,0.881826171940345],[103.6429075468459,0.88138548884926],[103.6407563190489,0.882436148809271],[103.6405167837227,0.884810303252978],[103.6422306846984,0.881826171940345]]],[[[103.4231979837001,0.875214954306733],[103.4530114727013,0.856353809380847],[103.471929238044,0.856853219100826],[103.4947715791451,0.844810990235009],[103.5033097840194,0.82800485823766],[103.5312055263141,0.801413802904724],[103.5327266270322,0.787409801021541],[103.527637803342,0.766798317288517],[103.4951003461041,0.79134885766374],[103.478104144191,0.81828833284032],[103.4611907986165,0.833283590865028],[103.4197014240815,0.85750452161639],[103.4107167831531,0.885140861661535],[103.4231979837001,0.875214954306733]]],[[[103.7003365107215,0.886013381212633],[103.7024991410226,0.884586737188206],[103.7017501325626,0.874379806982548],[103.6976191866762,0.883762492345161],[103.7003365107215,0.886013381212633]]],[[[103.6985898744232,0.886250194291113],[103.6988286633122,0.885930879206784],[103.6980341590492,0.885500962799243],[103.6982333121178,0.886108740825728],[103.6985898744232,0.886250194291113]]],[[[103.7989162067177,0.886200697404346],[103.7998823178147,0.885782667336274],[103.7988213201479,0.884374648271466],[103.7980627788743,0.885499407871412],[103.7989162067177,0.886200697404346]]],[[[103.7493176237094,0.885925985096245],[103.7723983526019,0.872676880433707],[103.7850298316614,0.869820449254386],[103.8346599008338,0.812228244038257],[103.8302049993613,0.752432639554732],[103.8184275587849,0.753035536061228],[103.8196874478175,0.772356426108198],[103.7576107237559,0.80317129042273],[103.7198562390743,0.85203094816981],[103.7163736603162,0.870928196379259],[103.7240863648939,0.881603973744502],[103.7493176237094,0.885925985096245]]],[[[103.9332725219094,0.886054965864089],[103.9327005216118,0.886533966369482],[103.9327055218424,0.886890965745499],[103.93332952184,0.88649296627745],[103.9332725219094,0.886054965864089]]],[[[103.8060110338822,0.881098055630789],[103.8019389261405,0.882357429351918],[103.8047229825796,0.887203224749042],[103.8057120731537,0.885185310653666],[103.8060110338822,0.881098055630789]]],[[[103.8016772818811,0.889228635593062],[103.7975457631265,0.886528140561291],[103.7973732911445,0.88146837666436],[103.7935746258684,0.888160642999322],[103.8016772818811,0.889228635593062]]],[[[103.7953585066899,0.89447031075631],[103.7999696482807,0.893606876156491],[103.7990833151429,0.890463345407097],[103.7947753898724,0.891513443290856],[103.7953585066899,0.89447031075631]]],[[[103.3973780880284,0.892018293909233],[103.39614563911,0.892551672821471],[103.3946899316951,0.894681902347935],[103.3959788391522,0.894606093096703],[103.3973780880284,0.892018293909233]]],[[[103.3764813708186,0.89745440879396],[103.406453204352,0.880137444787296],[103.4041191740606,0.862308925716368],[103.4122683493049,0.844801301838613],[103.4306138787276,0.82880679180006],[103.4727747140818,0.809661282142502],[103.5119996208858,0.757121202881292],[103.5048068530539,0.719300871637982],[103.4568171472936,0.637547939885527],[103.4337813898993,0.636043041353338],[103.4002836743521,0.648773084310436],[103.4001165614302,0.674677726695824],[103.3514730719248,0.740837416913307],[103.3432098356654,0.801369181242803],[103.3522380316599,0.843849177897324],[103.3658333186528,0.855550435104499],[103.3697193827434,0.891608200358204],[103.3764813708186,0.89745440879396]]],[[[103.8179208034024,0.894590281216542],[103.8642815338658,0.880567530267326],[103.9019835592939,0.84977335485654],[103.9046911823522,0.819583888085981],[103.8943058158608,0.802309571729351],[103.8833444021225,0.797088413699429],[103.8352918949051,0.838960936298269],[103.8089867115676,0.890675269747929],[103.8103653246001,0.899873686721284],[103.8179208034024,0.894590281216542]]],[[[103.7528964479128,0.90122508267145],[103.7674819640215,0.888847324844219],[103.767337555384,0.883979836000679],[103.7535444813928,0.884082612322709],[103.7446200545719,0.894017896908414],[103.7528964479128,0.90122508267145]]],[[[103.3485696844434,0.903207505022438],[103.3480867377128,0.903320327671084],[103.3484848334084,0.904592253230005],[103.3489512074323,0.903874638304034],[103.3485696844434,0.903207505022438]]],[[[103.8356230189872,0.905705356716899],[103.8380781645757,0.903049058867042],[103.8323219881693,0.90157167059621],[103.8325348927712,0.903177297694155],[103.8356230189872,0.905705356716899]]],[[[103.3660984378927,0.906669001873015],[103.3729687753887,0.899844182662976],[103.373076215595,0.898142900074836],[103.3644124941413,0.897251606276692],[103.3660984378927,0.906669001873015]]],[[[103.8024215617058,0.904944384575776],[103.8013094627615,0.905237988042737],[103.8017187172451,0.907448569296074],[103.8027523656292,0.906623530351711],[103.8024215617058,0.904944384575776]]],[[[103.7957305616162,0.907342998780367],[103.8013878548657,0.901838564198451],[103.7969414223089,0.897043086769076],[103.7906440761633,0.902032851934662],[103.7957305616162,0.907342998780367]]],[[[103.4030359748304,0.91223023673612],[103.4042303554466,0.908285740094891],[103.4004348593813,0.907390982108256],[103.3988948216388,0.910725172728563],[103.4030359748304,0.91223023673612]]],[[[103.7735618172242,0.912728705765195],[103.7735624179713,0.910953584340499],[103.7712652409982,0.911489854573164],[103.7722251386793,0.912846964815659],[103.7735618172242,0.912728705765195]]],[[[103.3617025238524,0.907641767953324],[103.3575148640198,0.904966355912615],[103.357382085415,0.913003750822503],[103.3623639302512,0.910253400973746],[103.3617025238524,0.907641767953324]]],[[[103.4782972169431,0.911680731180839],[103.4767581477703,0.912731448697476],[103.4768587486324,0.913862001730001],[103.4781956547058,0.912833807734101],[103.4782972169431,0.911680731180839]]],[[[103.803198914998,0.91494535924099],[103.8092205910575,0.911577991731003],[103.809777718367,0.908152260018833],[103.8018058723432,0.915628942022126],[103.803198914998,0.91494535924099]]],[[[103.3543944062769,0.914359440136112],[103.3533215780284,0.915116340147046],[103.353787160649,0.916145257197895],[103.3545116922608,0.915744284571149],[103.3543944062769,0.914359440136112]]],[[[103.3405091472794,0.914483941380892],[103.3435135070427,0.911522125845485],[103.3397142805896,0.894371685704717],[103.33170427813,0.900981039043744],[103.3405091472794,0.914483941380892]]],[[[103.3424681908544,0.91597519090236],[103.3407660691988,0.915172154771168],[103.3398781046909,0.916878695695297],[103.3421996317077,0.917532606244828],[103.3424681908544,0.91597519090236]]],[[[103.4725002481879,0.916064626681232],[103.4700290901704,0.916945359740604],[103.4692424522774,0.918075526064774],[103.4710843375721,0.918008488800767],[103.4725002481879,0.916064626681232]]],[[[103.343855008402,0.919083452039724],[103.3433301946329,0.919429439217298],[103.3439139535662,0.919881886339999],[103.3442398310034,0.91944116817537],[103.343855008402,0.919083452039724]]],[[[103.463659407056,0.921181996651852],[103.4626372681954,0.921498093961956],[103.4618617693053,0.92283174808678],[103.4642765928905,0.92236929240894],[103.463659407056,0.921181996651852]]],[[[103.3504604047239,0.921858088979663],[103.3481355007528,0.92241091932854],[103.3498189749658,0.924695192828937],[103.3509090657009,0.923045260630337],[103.3504604047239,0.921858088979663]]],[[[103.4456745462433,0.922524974947711],[103.4753162656333,0.913940369552455],[103.4877558356633,0.855085392976582],[103.4537100004162,0.859241000072172],[103.409895763279,0.892257598109689],[103.4072489847529,0.909818324256337],[103.4220555812002,0.911741037019295],[103.435464617698,0.925329731082256],[103.4456745462433,0.922524974947711]]],[[[103.388266116588,0.924289053597002],[103.3867160711898,0.924842270654322],[103.3870075198812,0.926040691924454],[103.3880520455655,0.92582638258156],[103.388266116588,0.924289053597002]]],[[[103.4901563780145,0.926619876006482],[103.5110767545886,0.911664001092857],[103.5266855040329,0.88266940956567],[103.5287967551662,0.868733562803767],[103.5133634976274,0.859253652634015],[103.5011569806102,0.862807169914978],[103.4855404250507,0.899864283409999],[103.4901563780145,0.926619876006482]]],[[[103.3857150969742,0.928086232293809],[103.3861326009388,0.92371154405255],[103.3801070595932,0.924680976346012],[103.3805443288577,0.926258164182967],[103.3857150969742,0.928086232293809]]],[[[103.3474440462059,0.928532221384978],[103.3479444379854,0.927136364751499],[103.3456200250442,0.926626575955789],[103.345995365194,0.928503277604273],[103.3474440462059,0.928532221384978]]],[[[103.3439879416902,0.930220291133585],[103.3415188997774,0.926793907412923],[103.3379923549633,0.927391372014272],[103.3407193278348,0.931575266385495],[103.3439879416902,0.930220291133585]]],[[[103.3987901810221,0.934249056948497],[103.3985289882222,0.934414227334843],[103.3990874141529,0.935058848786882],[103.3990848402932,0.934541660369367],[103.3987901810221,0.934249056948497]]],[[[103.3736637112113,0.930686366582664],[103.3714447626657,0.932765367127983],[103.3747059490204,0.935446059987763],[103.374948649061,0.93273308506385],[103.3736637112113,0.930686366582664]]],[[[103.3368089289889,0.936590669423884],[103.3371009163742,0.936585155680467],[103.3374325072045,0.935946619940539],[103.3367024987214,0.936048011306776],[103.3368089289889,0.936590669423884]]],[[[103.4505021249732,0.9350587417676],[103.4573646590519,0.933886066288922],[103.4608274788052,0.925284484391506],[103.4440376551138,0.924892743305536],[103.4383491958587,0.937890847184894],[103.4505021249732,0.9350587417676]]],[[[103.3440181724008,0.939513175592685],[103.3444308937707,0.939487937918068],[103.3451498945521,0.938920237279126],[103.3437463972785,0.938328915047501],[103.3440181724008,0.939513175592685]]],[[[103.4076468592152,0.94092106965171],[103.4081965149572,0.940742610882792],[103.4072225968454,0.940372172038126],[103.4071566900293,0.940811614964085],[103.4076468592152,0.94092106965171]]],[[[103.4193606691596,0.948649961126888],[103.4390613590945,0.931469881130129],[103.4186070552715,0.913452187868222],[103.4084987060505,0.940979724334865],[103.4193606691596,0.948649961126888]]],[[[103.490847739032,0.951276736931936],[103.4946073971137,0.944636595302681],[103.4896946867604,0.942622130107315],[103.487800671364,0.946301128894087],[103.490847739032,0.951276736931936]]],[[[103.4942382047294,0.954302363863066],[103.4961818402198,0.952788323722162],[103.4961718811274,0.949848969654285],[103.4924758266982,0.952232739649281],[103.4942382047294,0.954302363863066]]],[[[103.3582238013874,0.962738556838991],[103.3652566949405,0.957117981109976],[103.36386161712,0.950543760686104],[103.3559292000726,0.958537849642058],[103.3582238013874,0.962738556838991]]],[[[103.4411570456612,0.96257070287564],[103.4731705272981,0.950387113174786],[103.4754747189832,0.920090511967617],[103.4570046613361,0.935287725348319],[103.4385276168561,0.940751062711362],[103.4257401333006,0.956108522690188],[103.4411570456612,0.96257070287564]]],[[[103.3034753550037,0.978805938942992],[103.3032636869696,0.978809141428735],[103.3031422308293,0.978982971387074],[103.3035058123435,0.978942995622775],[103.3034753550037,0.978805938942992]]],[[[103.2954852986077,0.987146971955186],[103.2969004627862,0.986808578653006],[103.3028508981505,0.978706589037889],[103.2902516435985,0.988009026095702],[103.2954852986077,0.987146971955186]]],[[[103.3770593111383,0.995092035269282],[103.3895507891377,0.988824138323372],[103.3890256561092,0.983194185363365],[103.3745248129698,0.987686311574107],[103.3770593111383,0.995092035269282]]],[[[103.3501345416758,1.003163643987046],[103.3498173561861,1.00341257363141],[103.3498295419998,1.00347664403195],[103.3499665420223,1.0034726438475],[103.3501345416758,1.003163643987046]]],[[[103.3483790893236,1.003389288384968],[103.348150916032,1.003496227668885],[103.3485533131849,1.003650358877037],[103.3485698310329,1.003531285040824],[103.3483790893236,1.003389288384968]]],[[[103.3606178506334,1.004696186779627],[103.3604155859106,1.004927826957688],[103.3607523694264,1.005193651266032],[103.3608422638595,1.005091956828361],[103.3606178506334,1.004696186779627]]],[[[103.3451895429631,1.006457809380398],[103.3450848456891,1.00644829095595],[103.345012166978,1.006547834215185],[103.3451225686517,1.006603737872267],[103.3451895429631,1.006457809380398]]],[[[103.3448682241893,1.007430845257337],[103.3465113862915,1.006639035363241],[103.3466633330464,1.005972153891863],[103.3455741083584,1.005717250051072],[103.3448682241893,1.007430845257337]]],[[[103.3114314925694,1.043352498119374],[103.3115890555905,1.04271954986743],[103.3110501341564,1.042464915823269],[103.3110282797314,1.04331492534355],[103.3114314925694,1.043352498119374]]],[[[103.4243765371475,1.050473014418094],[103.4246351497924,1.049873991291703],[103.4238601949921,1.04990186038256],[103.4241743686522,1.050489868612578],[103.4243765371475,1.050473014418094]]],[[[103.3082364918207,1.053739280143715],[103.3084162267275,1.053648945042804],[103.3081189747109,1.052993142319744],[103.3079615609773,1.053343484014688],[103.3082364918207,1.053739280143715]]],[[[103.3081463653626,1.054264872725794],[103.3080396302249,1.054349596057078],[103.3083089313121,1.054773647985582],[103.3083091165726,1.054428872194732],[103.3081463653626,1.054264872725794]]],[[[103.3084829096586,1.054943305988873],[103.308336934402,1.054909313414162],[103.3081402373821,1.055214418310799],[103.3084546115911,1.055355891561158],[103.3084829096586,1.054943305988873]]],[[[103.3074567589223,1.056416128401702],[103.3080666548524,1.056293923126114],[103.3081063131558,1.055643957003058],[103.3073875650841,1.055649215339047],[103.3074567589223,1.056416128401702]]],[[[103.2893984801558,1.101585864196261],[103.2924010340805,1.094505611444882],[103.2869245684142,1.087460065329823],[103.284301629117,1.08860026988655],[103.2893984801558,1.101585864196261]]],[[[103.2960717815875,1.110678541581509],[103.2956394424064,1.110616118738969],[103.2954316063836,1.110740342992431],[103.2959032684211,1.111136146316147],[103.2960717815875,1.110678541581509]]],[[[103.3043984119572,1.112130290180799],[103.304432929736,1.110683382632002],[103.3025856835824,1.1103601483023],[103.302893588968,1.111999421735918],[103.3043984119572,1.112130290180799]]],[[[103.3208316175852,1.116596086040575],[103.3205567218153,1.116672578776543],[103.3211567431892,1.118119864040532],[103.32138178684,1.117362610596048],[103.3208316175852,1.116596086040575]]],[[[103.326135757859,1.118267795322511],[103.3266973107324,1.115260155731709],[103.3241247253759,1.112689887028681],[103.3235383107445,1.116962550781084],[103.326135757859,1.118267795322511]]],[[[103.2915792722657,1.118383608216986],[103.2919957806808,1.116688244966577],[103.2894228436894,1.118670596271018],[103.2902645236889,1.119722365095141],[103.2915792722657,1.118383608216986]]],[[[103.2923134104356,1.122509489121645],[103.2922010392466,1.122674578569002],[103.2924609945793,1.122664668939352],[103.2924560402141,1.122555663912836],[103.2923134104356,1.122509489121645]]],[[[103.3923606732066,1.124880226141586],[103.392102332157,1.124925301061827],[103.392057241049,1.125230500387284],[103.3924503302186,1.125230718922607],[103.3923606732066,1.124880226141586]]],[[[103.3325407357664,1.125146354420822],[103.3345412632687,1.122598386206628],[103.3332231440329,1.119946775623257],[103.330919173581,1.122878914430389],[103.3325407357664,1.125146354420822]]],[[[103.3301264616669,1.125669999970588],[103.3300426502482,1.125442037120392],[103.3298528240487,1.125661076897286],[103.3300796717395,1.125896803594648],[103.3301264616669,1.125669999970588]]],[[[103.3394808777403,1.126037728258586],[103.3386439092891,1.126517681146153],[103.3388177113683,1.127003867234786],[103.3393906919269,1.126636805344303],[103.3394808777403,1.126037728258586]]],[[[103.3328043243601,1.127223321599066],[103.3326020704293,1.127269721220722],[103.3326115879544,1.127441637421642],[103.3328251436655,1.127411298792522],[103.3328043243601,1.127223321599066]]],[[[103.333229994169,1.12767325781464],[103.3324887639453,1.127667179296951],[103.3322973828181,1.128469672237673],[103.3329880486595,1.128520939889574],[103.333229994169,1.12767325781464]]],[[[103.293377662749,1.128011741049059],[103.2912885394346,1.128417453103056],[103.2925003219324,1.130334205159508],[103.2934045066127,1.130125614605523],[103.293377662749,1.128011741049059]]],[[[103.3749909999348,1.136682999720692],[103.3899082732483,1.119670158550987],[103.3771516957942,1.103856298029735],[103.3894106792595,1.065575529187354],[103.3994539076718,1.051500065375796],[103.4239772849238,1.045574854196227],[103.4251699334457,1.028403826775223],[103.4463530847271,0.995936082284407],[103.4396905940458,0.988875030957923],[103.4173950443459,0.998313163121997],[103.4144171489323,0.992397822901234],[103.3942631602167,0.992859298318047],[103.3747586717753,1.010574526193439],[103.3520369801226,1.004565622305639],[103.3469165488597,1.01602187001337],[103.3429048566739,1.015673487941202],[103.3454844126756,1.014991756864189],[103.349303447596,1.009552309091807],[103.3487680685915,1.006804032180428],[103.3440341317698,1.011328577152179],[103.342475123728,1.01668540330879],[103.3361236141136,1.011559384557989],[103.3281714551486,1.01690603398634],[103.3283046591328,1.035337893828833],[103.3162643979836,1.035177845980881],[103.3106203247683,1.057692707952215],[103.3243522178806,1.066680582842691],[103.3127818623931,1.068625024125611],[103.3112174979892,1.087156938941655],[103.3192460039999,1.087291838147861],[103.3274136045543,1.112244890789091],[103.3423558871146,1.11892514487961],[103.3505700077997,1.134906344951878],[103.3643823191887,1.133610268099458],[103.3698035269113,1.124042399736977],[103.3749909999348,1.136682999720692]]],[[[103.2933139241983,1.140954842392114],[103.2935050454216,1.140615834852918],[103.2929380246702,1.140400718818155],[103.2929996003513,1.140728572965275],[103.2933139241983,1.140954842392114]]],[[[103.2931843786563,1.14162170407843],[103.2931226896605,1.141486017965418],[103.2928811884161,1.141559349584417],[103.2931000923954,1.141717738183099],[103.2931843786563,1.14162170407843]]],[[[103.3009089398957,1.141897250058063],[103.3095123779939,1.140670204266511],[103.310556308327,1.131915755607713],[103.3037329568106,1.113672559141341],[103.2938256267513,1.117103235326075],[103.3009089398957,1.141897250058063]]],[[[103.2949922246115,1.14210885783754],[103.2946558251063,1.141226941270387],[103.2931059406867,1.141322100334749],[103.2937344103149,1.142079845708308],[103.2949922246115,1.14210885783754]]],[[[103.296597445216,1.14340413159548],[103.2955530040679,1.143386551648026],[103.2953386803359,1.144980296903173],[103.2961753043469,1.145082533632122],[103.296597445216,1.14340413159548]]],[[[103.3510226725583,1.150014893272752],[103.3508600418575,1.150199605927169],[103.3510263399937,1.150367285421902],[103.3511388739599,1.150222630370143],[103.3510226725583,1.150014893272752]]],[[[103.3032129418239,1.150520138693453],[103.3027846531892,1.150547516754516],[103.3038309964034,1.151253498050517],[103.3034158198843,1.150642826904955],[103.3032129418239,1.150520138693453]]],[[[103.3613610998349,1.161370930424185],[103.3606870156933,1.161749234739437],[103.3614332857176,1.162529177179847],[103.3618036121471,1.161943011660702],[103.3613610998349,1.161370930424185]]],[[[103.389378320753,1.165976451252268],[103.4091746212119,1.143853156797745],[103.409205076753,1.12924748508336],[103.3941999531653,1.12967440764786],[103.3797340765664,1.15009929644547],[103.389378320753,1.165976451252268]]],[[[103.345633210904,1.187949543636632],[103.3460721592028,1.186378502665805],[103.3444884881532,1.18651885356231],[103.3448242212609,1.188536881871658],[103.345633210904,1.187949543636632]]],[[[103.3521086857673,1.189331890654286],[103.3516750003011,1.19098250004239],[103.3521338811738,1.191737184123751],[103.3527913053746,1.190915600374717],[103.3521086857673,1.189331890654286]]]]}},{"type":"Feature","properties":{"kode":"21.03","nama":"Kabupaten Natuna","lat":3.782118982078572,"lng":108.26033971736432},"geometry":{"type":"MultiPolygon","coordinates":[[[[108.6489610156384,1.900338689079303],[108.6430980240546,1.90016736822953],[108.6410040992598,1.902908507221854],[108.6445447373498,1.903393917195581],[108.6489610156384,1.900338689079303]]],[[[108.6513737896687,1.904401856660362],[108.6527300833268,1.903787956049394],[108.6528014661149,1.902888519789434],[108.6510882549191,1.902688644565329],[108.6513737896687,1.904401856660362]]],[[[109.1017488051633,2.071874588341613],[109.1084945766634,2.069197694218269],[109.1003925124046,2.059596568926578],[109.0884714123259,2.078620359841851],[109.1017488051633,2.071874588341613]]],[[[109.0067879999662,2.281426999656341],[109.0064410001521,2.281955999769567],[109.0071100004262,2.28267399960542],[109.0073659996412,2.282442999744758],[109.0067879999662,2.281426999656341]]],[[[108.89603479477,2.290343955809002],[108.8957027947482,2.290474955554808],[108.895931795416,2.29114795601337],[108.896416795299,2.290892955945198],[108.89603479477,2.290343955809002]]],[[[108.8976597725805,2.295027556676496],[108.900203999615,2.293615999678719],[108.8982419999684,2.291383000125366],[108.8967270002509,2.296105000245616],[108.8976597725805,2.295027556676496]]],[[[109.1307153324467,2.460178541906297],[109.1305487699099,2.46020590557807],[109.1305309237632,2.460316550968075],[109.1306927279871,2.460304653836795],[109.1307153324467,2.460178541906297]]],[[[109.1281443640712,2.460505685588929],[109.1260984253021,2.456528868212724],[109.1220830971573,2.462609564979543],[109.1257197117953,2.462004638703183],[109.1281443640712,2.460505685588929]]],[[[108.9822765953887,2.461786614260861],[108.981659604707,2.462409587232647],[108.9813064382416,2.464755834813934],[108.9826727152737,2.462482896368654],[108.9822765953887,2.461786614260861]]],[[[108.9651649996651,2.468250999584074],[108.9650879997115,2.468293999768287],[108.965121000334,2.46836500034455],[108.9652140001261,2.468353999837289],[108.9651649996651,2.468250999584074]]],[[[108.9442870728902,2.467531320713976],[108.9436710732615,2.468030321242429],[108.9442710730517,2.468531320963693],[108.9445050730507,2.468119320850024],[108.9442870728902,2.467531320713976]]],[[[108.9928733646141,2.474466788911231],[108.9945046178939,2.47156028527897],[108.9893146681374,2.468466389912047],[108.9905671971185,2.473826939261878],[108.9928733646141,2.474466788911231]]],[[[108.9965678641157,2.476704036861863],[108.9965503534161,2.475694475919374],[108.9954767256704,2.476310046571426],[108.9958991840002,2.476918322822394],[108.9965678641157,2.476704036861863]]],[[[108.9904870738195,2.477080727793377],[108.9911480458457,2.476456760171361],[108.9900666020921,2.475946757337086],[108.9898097746015,2.476702915407289],[108.9904870738195,2.477080727793377]]],[[[108.9874604999022,2.479605461123155],[108.9887628126537,2.479546449409151],[108.9890743054349,2.478818485085041],[108.9868828158893,2.479414393859278],[108.9874604999022,2.479605461123155]]],[[[108.9853936617881,2.4827026471095],[108.9871323040126,2.481940987886341],[108.9873659487796,2.480789478851461],[108.9845779623032,2.481836600878504],[108.9853936617881,2.4827026471095]]],[[[108.9886820382456,2.488709490650562],[108.9877329288317,2.488765449166161],[108.9884342516395,2.489771268928928],[108.9888740390058,2.489143978311967],[108.9886820382456,2.488709490650562]]],[[[109.0498943672314,2.493526057181869],[109.0500106828468,2.49126248067901],[109.0481961135599,2.489845310113045],[109.0479258448019,2.491663081885706],[109.0498943672314,2.493526057181869]]],[[[108.9979082487667,2.493725503429298],[108.997637458402,2.49392334978282],[108.9979039581012,2.494175572744536],[108.9980433943872,2.493868622439008],[108.9979082487667,2.493725503429298]]],[[[108.987861548072,2.493620846624831],[108.9877071713489,2.493785195930107],[108.9881099489151,2.494191541106813],[108.9881826024452,2.493963910106364],[108.987861548072,2.493620846624831]]],[[[109.0526694934024,2.496430901564947],[109.0531191679154,2.493926789689668],[109.0503149810516,2.493797016619068],[109.0504441326906,2.495738591762661],[109.0526694934024,2.496430901564947]]],[[[108.9863952898109,2.498219397707066],[108.9868209191501,2.497912051699844],[108.9866966337427,2.497526111241053],[108.9862978500658,2.497776682148187],[108.9863952898109,2.498219397707066]]],[[[108.9939150556354,2.498784334729296],[108.9957608475852,2.490899891117168],[108.9871239762906,2.490434516239956],[108.9878665572958,2.499499882113929],[108.9939150556354,2.498784334729296]]],[[[108.9930250002036,2.500189000222194],[108.992757999582,2.500247000198927],[108.9927890001124,2.500449999667806],[108.9930699995808,2.500395999875524],[108.9930250002036,2.500189000222194]]],[[[108.9517744793088,2.500539852732084],[108.9586280687304,2.498230152699429],[108.9554354412927,2.480982091150638],[108.9417940379645,2.480142691831785],[108.9464345424202,2.487714034675045],[108.9390449849381,2.495199521940458],[108.9517744793088,2.500539852732084]]],[[[108.964236384002,2.49813574097166],[108.9610127443428,2.497106848202543],[108.9612487920981,2.501355777946854],[108.9631520453307,2.501057331630571],[108.964236384002,2.49813574097166]]],[[[108.9888261357177,2.501059395574698],[108.9869393086022,2.498472060437271],[108.984957552649,2.499545513714471],[108.9877749829292,2.501984143253663],[108.9888261357177,2.501059395574698]]],[[[108.9870201621508,2.505476256623959],[108.9868671622898,2.505578256831173],[108.9869631622202,2.505756256945732],[108.9871081617123,2.505673256715488],[108.9870201621508,2.505476256623959]]],[[[108.9857431500264,2.506619429842891],[108.9868730537485,2.501507088881125],[108.9837845138443,2.500088929960251],[108.9827453436228,2.505067119052315],[108.9857431500264,2.506619429842891]]],[[[108.9842401283793,2.506702848257911],[108.9841390571719,2.506514574288252],[108.9840393187597,2.506518906322539],[108.9840320207612,2.506695965746284],[108.9842401283793,2.506702848257911]]],[[[108.979040000096,2.516531000205566],[108.9789430001194,2.516551000228537],[108.9789149997275,2.516641999928401],[108.979060000119,2.516650000297302],[108.979040000096,2.516531000205566]]],[[[109.0099185373107,2.527945432136056],[109.0103961132901,2.526728498321537],[109.0084317709096,2.522960426182783],[109.0076710137064,2.52660448540871],[109.0099185373107,2.527945432136056]]],[[[109.0056516759841,2.532342769803028],[109.006245511821,2.530932247924975],[109.0060826508937,2.530495405838382],[109.0050287200994,2.53140882026088],[109.0056516759841,2.532342769803028]]],[[[109.145447957857,2.547091314112857],[109.1437979707998,2.539791902874031],[109.1367392747978,2.535336503177119],[109.1396009903935,2.543637696222698],[109.145447957857,2.547091314112857]]],[[[108.9954504366884,2.56031756430419],[109.0190071281765,2.554016826815106],[109.0268222448508,2.537805948885483],[109.0637156430626,2.523314108859084],[109.1194306043389,2.531119089274656],[109.1184220002751,2.508035999661759],[109.0822481001698,2.488992332829929],[109.0542816846521,2.504264945370968],[109.0417718281074,2.487619434089636],[109.0180279921981,2.481271239376268],[109.0063075722368,2.490133649848156],[109.006374107679,2.499254247585478],[109.0218330498555,2.514230169286888],[109.0335640926088,2.515198936981397],[109.0197219210299,2.517101488742776],[109.0210025511269,2.522779157032515],[109.0051295143157,2.532806106816496],[108.9797545006697,2.52123813003575],[108.9760068503359,2.531921909568455],[108.9756975204243,2.555300114408807],[108.9954504366884,2.56031756430419]]],[[[109.1250007290004,2.561495272389022],[109.1249621606753,2.55938986774826],[109.1226321251725,2.558555067562304],[109.1224266165952,2.560827579729017],[109.1250007290004,2.561495272389022]]],[[[109.1587974178666,2.59843285429284],[109.1642577263131,2.590585096724871],[109.1594769141283,2.582846724596719],[109.1557907081747,2.5882513488207],[109.1587974178666,2.59843285429284]]],[[[109.1369845190204,2.617246911615753],[109.1363766357732,2.618092932642766],[109.1373274907711,2.619389868347819],[109.1377206653764,2.618952635955482],[109.1369845190204,2.617246911615753]]],[[[109.1366407082022,2.621044209922394],[109.1356237305508,2.621024744996012],[109.1354443499768,2.624082029861816],[109.1370894123465,2.621665723294539],[109.1366407082022,2.621044209922394]]],[[[109.1422047759297,2.629090016191357],[109.1441492109174,2.626934922208976],[109.1410812493003,2.623092829570448],[109.1403275113056,2.627651731342359],[109.1422047759297,2.629090016191357]]],[[[109.1671099063971,2.644867393015835],[109.1654171062146,2.642513057831428],[109.1646463269665,2.642492773622715],[109.1656874298311,2.644736084802465],[109.1671099063971,2.644867393015835]]],[[[108.5820032643393,2.700401450266751],[108.5821960007449,2.683890369644912],[108.5638360803709,2.654134019969076],[108.5683655176546,2.685113175132978],[108.5820032643393,2.700401450266751]]],[[[108.880437503588,2.69829824716645],[108.8758660859511,2.700485151068863],[108.8773620856917,2.70646115056172],[108.8846720864477,2.700778151090885],[108.880437503588,2.69829824716645]]],[[[108.6055033542965,2.709560089326699],[108.6046016292618,2.710381225213451],[108.6047539141619,2.710838081712128],[108.6056581096342,2.710819045762422],[108.6055033542965,2.709560089326699]]],[[[108.7593251687216,2.714368958560629],[108.7585950001592,2.715011999903913],[108.7600780001996,2.715823000431181],[108.7601249996691,2.714655999674706],[108.7593251687216,2.714368958560629]]],[[[108.7570419995887,2.715839000269701],[108.7562940001681,2.716107000038035],[108.7567159998436,2.716859999689289],[108.7573320003716,2.716176999668837],[108.7570419995887,2.715839000269701]]],[[[108.7571380004184,2.718475999567735],[108.7552329998032,2.716150000222425],[108.7528410001121,2.718265999776134],[108.7556740003549,2.719303999979703],[108.7571380004184,2.718475999567735]]],[[[108.7615689997097,2.723280999918229],[108.75738700021,2.719926999931152],[108.7520969999766,2.721374000110119],[108.7523029995838,2.721966999577427],[108.7615689997097,2.723280999918229]]],[[[108.7572953350117,2.725791832427158],[108.7566500003973,2.726884999743026],[108.7569030003733,2.727395999925461],[108.7585780002746,2.726480999998257],[108.7572953350117,2.725791832427158]]],[[[108.7540999997153,2.727313999741307],[108.7544959999904,2.725401999702568],[108.7521899997687,2.724351999844929],[108.7519769998388,2.729911999938947],[108.7540999997153,2.727313999741307]]],[[[108.9071067819525,2.732993462178543],[108.907349487389,2.731822767007161],[108.9068497997785,2.731465847670764],[108.9063572509864,2.73217968634347],[108.9071067819525,2.732993462178543]]],[[[108.7711679999033,2.732304999676069],[108.769674000255,2.733052999995975],[108.7696659998861,2.733619000016871],[108.7711259997651,2.732986999650342],[108.7711679999033,2.732304999676069]]],[[[108.7566120004435,2.733622000155231],[108.7562360001914,2.731364000348366],[108.7530750001112,2.732480999698447],[108.7553279996875,2.735609000055403],[108.7566120004435,2.733622000155231]]],[[[108.8486539767997,2.743294751951295],[108.8429580279907,2.742913196586835],[108.8526544580369,2.747554047281506],[108.8507987087935,2.744095491214013],[108.8486539767997,2.743294751951295]]],[[[108.8540888749017,2.748840576931075],[108.8553948290082,2.750252955909202],[108.8579872983752,2.750589932779254],[108.8567410556553,2.749968298897906],[108.8540888749017,2.748840576931075]]],[[[108.9296355780195,2.755722340313779],[108.9294928106448,2.755779447263704],[108.9295641943321,2.75590317868881],[108.9296760286259,2.755855589264053],[108.9296355780195,2.755722340313779]]],[[[108.8717401178122,2.760435437145789],[108.8650522410682,2.758970210406916],[108.8770254856377,2.76670450770686],[108.8770873535986,2.766026467447544],[108.8717401178122,2.760435437145789]]],[[[108.9218430451205,2.766716967813851],[108.9287915552861,2.756159936032285],[108.9131899473582,2.735887550669977],[108.8861235778409,2.72723107055752],[108.9218430451205,2.766716967813851]]],[[[108.9257256081503,2.768907051719102],[108.9256006869222,2.769042681174858],[108.9257220387411,2.769285385712037],[108.9258112685753,2.769139048928013],[108.9257256081503,2.768907051719102]]],[[[108.9221753491131,2.76993649757131],[108.922435899797,2.770043573552103],[108.9227571277393,2.769857975964849],[108.9218755367267,2.769775884049894],[108.9221753491131,2.76993649757131]]],[[[108.9060710003764,2.807466999802276],[108.9058920002157,2.808969999865706],[108.9077919997011,2.809317999726012],[108.907627000186,2.808304999775956],[108.9060710003764,2.807466999802276]]],[[[108.9070139287498,2.863983460268503],[108.9091229288802,2.863226460432799],[108.906050929307,2.859064460056903],[108.9044569286444,2.863073459672471],[108.9070139287498,2.863983460268503]]],[[[108.9232309211701,2.86604873626024],[108.9226119996441,2.869537999678972],[108.9244160000984,2.871462000271151],[108.9248320003966,2.869879000115837],[108.9232309211701,2.86604873626024]]],[[[108.8918510002235,2.879864000123543],[108.8922729998991,2.874091000099654],[108.8860469996693,2.874512999775124],[108.8884230004212,2.8800079995696],[108.8918510002235,2.879864000123543]]],[[[108.9302169996149,2.891232000056764],[108.9279840000616,2.893373999910253],[108.9283109998528,2.89459000022838],[108.9307629996128,2.892969000119304],[108.9302169996149,2.891232000056764]]],[[[108.9340955435745,2.892671681552915],[108.9324479999753,2.893540000370741],[108.9370269997963,2.896768999989451],[108.9362619995917,2.894288999837546],[108.9340955435745,2.892671681552915]]],[[[108.93781300007,2.896122999876582],[108.9375299996098,2.89672199962061],[108.9383929998371,2.897117999895848],[108.938471999883,2.896549999782771],[108.93781300007,2.896122999876582]]],[[[108.9235659995712,2.895939000384583],[108.9225290003131,2.896646999759266],[108.9237520000549,2.897548999986398],[108.9239740003999,2.896475999967517],[108.9235659995712,2.895939000384583]]],[[[108.7669660003807,2.904748000120193],[108.7668169998047,2.905556999655822],[108.7686889997976,2.906246999999084],[108.7680110000077,2.90509800007268],[108.7669660003807,2.904748000120193]]],[[[108.8880240593629,2.91117251400037],[108.8888033318084,2.911707893004877],[108.8866023310328,2.909988731894519],[108.8885356432055,2.911850661279058],[108.8880240593629,2.91117251400037]]],[[[108.7278218302134,2.913512324234468],[108.7276673356791,2.905131051956488],[108.7211369778892,2.898136118786908],[108.7214381932181,2.908081899360248],[108.7278218302134,2.913512324234468]]],[[[108.7498887911349,2.915831194653972],[108.7469019501649,2.915255926220105],[108.750232875347,2.919854999808468],[108.7508311772171,2.918067089124964],[108.7498887911349,2.915831194653972]]],[[[108.8065199727186,2.952101217896907],[108.8038020002622,2.95442500041354],[108.8047879998663,2.956035000015266],[108.8071790004106,2.952807000442736],[108.8065199727186,2.952101217896907]]],[[[108.78865222522,2.957389834073631],[108.7840906209854,2.959007191928475],[108.7824169565773,2.960778628830706],[108.7880249606835,2.959373874304937],[108.78865222522,2.957389834073631]]],[[[108.8642656013765,3.01219714468257],[108.8902001336293,3.000185854293779],[108.8865881397309,2.948525268826096],[108.8804954361156,2.943197248854034],[108.8779914402528,2.9483528463069],[108.875930179734,2.950047258973875],[108.8744144938339,2.950104150985865],[108.8732877413362,2.951451106983004],[108.87854345042,2.942684705434861],[108.8703024678847,2.937321480601906],[108.8691230879602,2.934437994218108],[108.8861336322614,2.937728451706722],[108.8756366194345,2.917457232765152],[108.8873915949462,2.913939205430015],[108.8767147932532,2.888122389936342],[108.8848326307214,2.879236850700128],[108.8641649789307,2.878851263674886],[108.846380238857,2.850884822076893],[108.8192127243878,2.843525710243377],[108.7868127653968,2.864883396551509],[108.7751992082769,2.891697960392591],[108.8280519764176,2.935533205692952],[108.8367225336181,2.951071800823012],[108.8381495994245,2.996846116655071],[108.8642656013765,3.01219714468257]]],[[[107.7865621299384,3.019391298369744],[107.8039262471986,3.010057861681069],[107.8132275601039,2.980198006332934],[107.7568271949192,2.972103079993204],[107.7475972657013,3.005767694423621],[107.7865621299384,3.019391298369744]]],[[[108.8699886035913,3.052242982327801],[108.8705180821438,3.049196563070943],[108.8673490259369,3.046592496046884],[108.8675268749654,3.050525373447254],[108.8699886035913,3.052242982327801]]],[[[108.8571627036959,3.051942524228156],[108.8567878725624,3.051829850866937],[108.8572198106458,3.052382248641926],[108.8572826291901,3.052213783139667],[108.8571627036959,3.051942524228156]]],[[[108.8561948847862,3.052691229616599],[108.8568558496178,3.051370097651972],[108.8557055034063,3.049513973391193],[108.8549981056781,3.049775675207322],[108.8547946619441,3.050093332841119],[108.8561948847862,3.052691229616599]]],[[[108.8562993734174,3.053013502571144],[108.8563850068627,3.052687208747717],[108.8560494500222,3.053054862392045],[108.8561972976673,3.053491703579358],[108.8562993734174,3.053013502571144]]],[[[108.8421201413315,3.054916536369067],[108.8688773338219,3.042633228940449],[108.8633512327733,3.033967330228137],[108.8700979566555,3.021167257962642],[108.864136272571,3.013033846934587],[108.8432738303231,3.011571437771664],[108.8523176079714,3.023398957995504],[108.8345340028421,3.043904001568464],[108.8421201413315,3.054916536369067]]],[[[107.7256870871894,3.055456595445548],[107.7231467524208,3.055292935920328],[107.7232286977462,3.05692953117298],[107.7257690334142,3.057993315838935],[107.7256870871894,3.055456595445548]]],[[[108.8788570440174,3.057905704784524],[108.8787689122556,3.057944246130106],[108.8787689122556,3.058165536010748],[108.8790030507502,3.058032761902506],[108.8788570440174,3.057905704784524]]],[[[107.7545321817148,3.066339903064129],[107.7437152719423,3.058893440979581],[107.7281454757332,3.061757471430248],[107.7308497029515,3.068385625995894],[107.7545321817148,3.066339903064129]]],[[[107.7315872198744,3.071495115607114],[107.7292927237803,3.074686426437466],[107.7315052736495,3.080496221323624],[107.7331441999449,3.077059445037399],[107.7315872198744,3.071495115607114]]],[[[107.7504895690385,3.078068587795112],[107.7553516448626,3.076077505872309],[107.7432235936939,3.072722543610528],[107.7568266787083,3.085733193032446],[107.7504895690385,3.078068587795112]]],[[[107.7837870100625,3.076077505872309],[107.7692005685515,3.067076364182885],[107.7668241271318,3.081805466948783],[107.7819841913174,3.085733193032446],[107.7837870100625,3.076077505872309]]],[[[107.6993350482739,3.09381670877411],[107.6947300031872,3.097258037428595],[107.7034053133046,3.109836585989644],[107.7068219591662,3.100758686264381],[107.6993350482739,3.09381670877411]]],[[[107.7188080766315,3.110544660008085],[107.7172631591676,3.109737738805695],[107.714980144718,3.110534001243192],[107.7175661011947,3.113287020279841],[107.7188080766315,3.110544660008085]]],[[[107.73427769466,3.115407438202777],[107.728671830041,3.112926001833593],[107.7209200939872,3.114315725990057],[107.7355373966337,3.127131397895798],[107.73427769466,3.115407438202777]]],[[[107.694162111892,3.124091919606474],[107.6987716760721,3.118039500222757],[107.6886435201824,3.124742214881348],[107.6938536192492,3.134051645966739],[107.694162111892,3.124091919606474]]],[[[107.7499732097959,3.12966287793952],[107.7440367597887,3.132312858951302],[107.7553509361968,3.133568111079498],[107.7540239649341,3.131197078182634],[107.7499732097959,3.12966287793952]]],[[[107.7794938750424,3.136640704205206],[107.774506858205,3.135658820798003],[107.7732425436085,3.137762853972536],[107.7804069908899,3.139937018078975],[107.7794938750424,3.136640704205206]]],[[[107.7163966461883,3.145844714961687],[107.6981428431177,3.144895429280691],[107.7010425352848,3.157615798230594],[107.7150418705859,3.150448742915234],[107.7163966461883,3.145844714961687]]],[[[107.78398921543,3.158802956391348],[107.7917155798102,3.155576833703954],[107.7853237688769,3.147651755124436],[107.774506858205,3.156208032774565],[107.78398921543,3.158802956391348]]],[[[107.5556676886131,3.300655318687994],[107.5565096096309,3.29813036862172],[107.5543110729977,3.296202418207116],[107.5524690546032,3.301571011093362],[107.5556676886131,3.300655318687994]]],[[[107.8374769139285,3.394297319365801],[107.8372827826744,3.394517155942033],[107.8375359112534,3.394741368619258],[107.8377106063595,3.394467329903449],[107.8374769139285,3.394297319365801]]],[[[107.8388627683022,3.397541247730395],[107.8382923373215,3.397493795002692],[107.8384468282586,3.398549610775991],[107.8391361001509,3.398430980305566],[107.8388627683022,3.397541247730395]]],[[[108.0740740004149,3.583044999726969],[108.0739249998389,3.583007999819387],[108.0738859998391,3.583106999888152],[108.0740559995848,3.583197000441295],[108.0740740004149,3.583044999726969]]],[[[108.0870980758156,3.582924843107115],[108.095002076085,3.575877842788277],[108.096047075712,3.573036843075904],[108.081124076415,3.574103842818154],[108.0870980758156,3.582924843107115]]],[[[108.1060229997617,3.58716099978038],[108.105934000154,3.587173000333731],[108.10590399967,3.587303000033536],[108.1060560003842,3.587285000102746],[108.1060229997617,3.58716099978038]]],[[[108.0454610002251,3.588580999613477],[108.050243999561,3.583255000417939],[108.0432580029545,3.55740670235749],[108.0328493736997,3.574240505594894],[108.042950999589,3.59314799978041],[108.0454610002251,3.588580999613477]]],[[[108.055112190775,3.590093522598025],[108.0539601907103,3.592319522727848],[108.0560961911863,3.593787522975877],[108.0567911908608,3.592059523328416],[108.055112190775,3.590093522598025]]],[[[108.0429244093341,3.599595047073855],[108.0378210004389,3.602035999561814],[108.0446185845801,3.613776635383491],[108.041801302688,3.606428858605003],[108.0429244093341,3.599595047073855]]],[[[108.0436940356513,3.618260500421776],[108.0444420359713,3.617946500330781],[108.0446640363163,3.61619350042972],[108.0426786659877,3.617413419993397],[108.0436940356513,3.618260500421776]]],[[[108.1334929157655,3.623708884757292],[108.1333839161349,3.623727884734173],[108.1333879163193,3.623810884964417],[108.1334949158577,3.623802884595516],[108.1334929157655,3.623708884757292]]],[[[108.1280237013328,3.623462566744106],[108.1275287009888,3.623831566673562],[108.1285087012157,3.625298566875411],[108.1287907007303,3.624560567016587],[108.1280237013328,3.623462566744106]]],[[[108.137142000403,3.621636999647858],[108.133221000349,3.62212299957687],[108.1379200003078,3.627521000294042],[108.1390720003726,3.624011000307469],[108.137142000403,3.621636999647858]]],[[[108.1036960003702,3.636749999612853],[108.1251499995729,3.62294699980421],[108.1208089270903,3.607068933984191],[108.1031620000264,3.601462000071297],[108.1038640000236,3.585794999739477],[108.0852622906222,3.598411536563194],[108.0797366967912,3.583983866762107],[108.0701470099766,3.583701613638567],[108.0662621617694,3.589270565584201],[108.0767082468881,3.612689596048057],[108.0883230001064,3.612719000281682],[108.0932889997876,3.6326019998824],[108.1036960003702,3.636749999612853]]],[[[108.1823339998143,3.641079999642315],[108.1819490000463,3.641151000218578],[108.1819079999543,3.641353999687368],[108.1823230002063,3.641425000263631],[108.1823339998143,3.641079999642315]]],[[[108.1942439258166,3.644190652076972],[108.1938095316847,3.644183411635215],[108.1939139996314,3.644784999628058],[108.1943887238606,3.644661244820679],[108.1942439258166,3.644190652076972]]],[[[108.1982279998224,3.648344000075653],[108.197645999963,3.648344000075653],[108.1976249998939,3.648776000212294],[108.198314000191,3.648754000097053],[108.1982279998224,3.648344000075653]]],[[[108.2202617946461,3.655527676660974],[108.219267794673,3.656145677281252],[108.2190967948812,3.656813676609904],[108.2197577947864,3.656728677186759],[108.2202617946461,3.655527676660974]]],[[[108.2153544253665,3.656531259809913],[108.2149864245839,3.656562260340056],[108.2151684248829,3.657122260084321],[108.2154694252738,3.656956259623744],[108.2153544253665,3.656531259809913]]],[[[108.0546240000976,3.668814999812419],[108.0747809997434,3.66435600012942],[108.0859810000232,3.645883999946719],[108.0809495647707,3.634330942019414],[108.0503225517445,3.631989857446015],[108.0546311901773,3.644185660839682],[108.0449350002501,3.664194999899383],[108.0546240000976,3.668814999812419]]],[[[108.0864690000443,3.693184000341375],[108.085240000026,3.682317000129508],[108.0777652236862,3.681271754088232],[108.0729259996352,3.689992999777235],[108.0864690000443,3.693184000341375]]],[[[108.0368338416085,3.696499413117426],[108.0366068419323,3.696463413255934],[108.0367208417935,3.696755413231777],[108.0368928416314,3.696686412747784],[108.0368338416085,3.696499413117426]]],[[[108.037118487828,3.696896907166568],[108.0366364880835,3.697030907050735],[108.0365334878302,3.69735090741845],[108.0370364876438,3.697291907395627],[108.037118487828,3.696896907166568]]],[[[108.2760794998691,3.71275946417795],[108.273931499739,3.711776463812754],[108.2734525001329,3.71493746389293],[108.2744214998524,3.715482463844676],[108.2760794998691,3.71275946417795]]],[[[108.4099227608268,3.730145398091643],[108.408939761361,3.7307313981356],[108.4090447608072,3.731141398157],[108.4099817608496,3.730766397951001],[108.4099227608268,3.730145398091643]]],[[[108.3849971348099,3.742234570668955],[108.3841607140458,3.743883574767203],[108.388002747329,3.74542544083145],[108.3864479040476,3.743182635969887],[108.3849971348099,3.742234570668955]]],[[[108.0623129149092,3.747360652372244],[108.0612289152823,3.744374652268444],[108.0573989149281,3.744243651623268],[108.0629989150679,3.752034652077562],[108.0623129149092,3.747360652372244]]],[[[108.0643579570542,3.753849123338359],[108.064074956594,3.753865123176968],[108.0641069571704,3.754286122806349],[108.0645089568229,3.754248122852676],[108.0643579570542,3.753849123338359]]],[[[108.3360591928775,3.756188140370419],[108.3358061929016,3.756251139678412],[108.3357791925558,3.75644014030032],[108.3360681932926,3.756481140392353],[108.3360591928775,3.756188140370419]]],[[[108.1165340078382,3.762730406982783],[108.1205135879318,3.757138910832158],[108.1261294062471,3.755811911690476],[108.1140887727787,3.752573831617067],[108.1165340078382,3.762730406982783]]],[[[108.0290479996655,3.768453000005966],[108.0287260001049,3.76855300012091],[108.0287260001049,3.768858999843005],[108.0291780002645,3.768729000143288],[108.0290479996655,3.768453000005966]]],[[[108.3972631141015,3.768530698732796],[108.3965147351669,3.76930559327857],[108.3981312701421,3.770027808236808],[108.3983112217855,3.769550106352359],[108.3972631141015,3.768530698732796]]],[[[108.1175406558766,3.767307486751225],[108.1114502158549,3.766209704114608],[108.1120290312149,3.772293397422398],[108.1164117773817,3.770286401995925],[108.1175406558766,3.767307486751225]]],[[[108.218735296197,3.786320710632317],[108.218316606926,3.786391543934652],[108.2182609802601,3.786603663428355],[108.2190045289359,3.786600287373364],[108.218735296197,3.786320710632317]]],[[[108.1712269813402,3.790425235336347],[108.1706731311602,3.790215108740313],[108.1710053919853,3.791568924766086],[108.1712561247705,3.791233869747334],[108.1712269813402,3.790425235336347]]],[[[108.4119382710344,3.794201193630208],[108.4101214867173,3.796749564740697],[108.4120228333871,3.797778730004463],[108.4126251714146,3.79695795834316],[108.4119382710344,3.794201193630208]]],[[[107.9922073835639,3.801510597236323],[107.9917653838654,3.801522596890393],[107.9918203837038,3.801982597418995],[107.9921883835871,3.801952596934854],[107.9922073835639,3.801510597236323]]],[[[108.0001952653992,3.805406815572198],[108.0000672738856,3.805440255063818],[108.0000736914478,3.8055526667222],[108.0002480304223,3.805549465135737],[108.0001952653992,3.805406815572198]]],[[[108.0051745615568,3.807186471378564],[108.0050305621108,3.807251470778827],[108.0050765624335,3.807422470570575],[108.0052745616718,3.807366470686112],[108.0051745615568,3.807186471378564]]],[[[108.0021793649858,3.811448577090214],[108.0020263651247,3.810700576770309],[107.9999365538289,3.810744130037612],[108.0007523657292,3.811426576974974],[108.0021793649858,3.811448577090214]]],[[[108.0043695765948,3.816634577024146],[108.0311185771607,3.803135576845417],[108.035245576822,3.794117577364386],[108.0288675767773,3.789091576714942],[108.0381828570533,3.781862312595695],[108.0400137697197,3.766157554227799],[108.0299735774187,3.762800576585356],[108.0343765772173,3.774965577299593],[108.0123127441379,3.779295022447403],[108.015432576852,3.803557577420257],[108.0039965773802,3.81263357687811],[107.9931386477304,3.810637281585304],[108.0043695765948,3.816634577024146]]],[[[108.0456731404031,3.852304971896924],[108.0458887789441,3.849817222287054],[108.0444112036143,3.849366703310796],[108.0432691761316,3.852118599993414],[108.0456731404031,3.852304971896924]]],[[[108.4146253940468,3.860337642668132],[108.414203039139,3.859945031937716],[108.4106041051954,3.86028410512742],[108.4162136840144,3.863722426448856],[108.4146253940468,3.860337642668132]]],[[[108.0378068927739,3.863562125891495],[108.0367161958958,3.862386973679953],[108.0347378771514,3.863240611065443],[108.0357931991969,3.864718092865726],[108.0378068927739,3.863562125891495]]],[[[108.034833413931,3.863971948746524],[108.0340822264137,3.864417017831133],[108.0340810590937,3.864752789609604],[108.0351135563456,3.864753765374051],[108.034833413931,3.863971948746524]]],[[[108.0035826257376,3.863211919094866],[108.0021057653688,3.863460211119939],[108.0010043251895,3.864958137208351],[108.0048762852125,3.863793572715245],[108.0035826257376,3.863211919094866]]],[[[108.0287171516753,3.867345008065758],[108.0279348188369,3.868518359834482],[108.0290110959854,3.86904565573245],[108.0295844767423,3.868416591652423],[108.0287171516753,3.867345008065758]]],[[[108.3839051959681,3.873173285818531],[108.3826847718848,3.873678644553923],[108.383161989934,3.874635907221368],[108.3841271963131,3.873647286093473],[108.3839051959681,3.873173285818531]]],[[[108.3802146471883,3.875758576796983],[108.379564646891,3.87631257716372],[108.3797446470979,3.876729576608739],[108.3801986473497,3.876563577047442],[108.3802146471883,3.875758576796983]]],[[[107.9285951984098,3.873427373074833],[107.9266176665721,3.875482501116622],[107.9260852643235,3.877422273119468],[107.9285280172543,3.874455108416551],[107.9285951984098,3.873427373074833]]],[[[108.3800999998152,3.886771000081634],[108.3831589996881,3.884465999906016],[108.3799009996315,3.878909999996537],[108.377110999573,3.885962999692726],[108.3800999998152,3.886771000081634]]],[[[108.3751950002491,3.894699508675469],[108.3753213981641,3.891262559719365],[108.3728705531336,3.890293231747343],[108.3725236621374,3.89404006999332],[108.3751950002491,3.894699508675469]]],[[[108.3698095792488,3.898520290079354],[108.3694553264022,3.89706559260301],[108.3677669715685,3.899017751867827],[108.3688448054435,3.899492601102693],[108.3698095792488,3.898520290079354]]],[[[107.9035368612373,3.908921040373702],[107.9209621422891,3.901337253611391],[107.9128822292316,3.882231682845937],[107.8943515806609,3.891532466949887],[107.8950665183052,3.912629568399883],[107.9035368612373,3.908921040373702]]],[[[107.9939352995745,3.931749462667632],[107.9932846517653,3.930798016815039],[107.9914277792686,3.930335632183745],[107.9916773420358,3.93149455882693],[107.9939352995745,3.931749462667632]]],[[[107.9619173590988,3.929359899240058],[107.959937137389,3.932072965894683],[107.9601263331638,3.934424521274703],[107.9625164074063,3.93184385371088],[107.9619173590988,3.929359899240058]]],[[[107.9483766096928,3.945395912091708],[107.94961855815,3.945248060849437],[107.9590160229712,3.937297287739682],[107.94468556089,3.94355878780781],[107.9483766096928,3.945395912091708]]],[[[107.9764808607032,3.957877580286183],[107.976223760718,3.957866554597821],[107.9763456143586,3.958195996947754],[107.9765665580002,3.95808045924586],[107.9764808607032,3.957877580286183]]],[[[107.9792113966887,3.957718810374832],[107.9789127291392,3.95806410957109],[107.9795702837417,3.958238629309307],[107.9794643939667,3.957913912896792],[107.9792113966887,3.957718810374832]]],[[[107.9786508015932,3.961559633170552],[107.9815080232767,3.961836163008602],[107.9816571488584,3.959612527196409],[107.9757223661943,3.963334346303093],[107.9786508015932,3.961559633170552]]],[[[107.9477295897488,3.974794894568777],[107.9473968387931,3.97492767497225],[107.9471781731342,3.976928864375594],[107.9474063464258,3.976890927374409],[107.9477295897488,3.974794894568777]]],[[[107.98679590111,3.98712460881374],[107.986421554711,3.987136463676876],[107.9864393810727,3.987498048696047],[107.9869682193079,3.987403207092409],[107.98679590111,3.98712460881374]]],[[[107.9870276384148,3.988499814315038],[107.9867661911069,3.988404971812031],[107.9865225692613,3.988612438213512],[107.9867127129215,3.988766555931921],[107.9870276384148,3.988499814315038]]],[[[107.9545583812644,4.012962765219473],[107.9581099119429,4.011454040971273],[107.9588883129454,4.00966395302904],[107.9510092301919,4.011702993098719],[107.9545583812644,4.012962765219473]]],[[[108.4174348059716,4.013415937195862],[108.4200812499498,4.006399444578722],[108.4159746181342,4.003698204908289],[108.4162188470222,4.012921184165318],[108.4174348059716,4.013415937195862]]],[[[107.9502413017946,4.014715579860194],[107.9509361341952,4.014346064619211],[107.950778503725,4.013499466227376],[107.9495681556459,4.013844430875867],[107.9502413017946,4.014715579860194]]],[[[107.9168594288196,4.032112828144573],[107.9165784131633,4.032139210656126],[107.9166412290096,4.032350276144413],[107.916846204289,4.032360168686843],[107.9168594288196,4.032112828144573]]],[[[107.8985964103961,4.037056133433857],[107.9031598609389,4.030775594718005],[107.9014984785719,4.027688653808358],[107.8969207683788,4.03435330286268],[107.8985964103961,4.037056133433857]]],[[[107.9159983171687,4.038307651576932],[107.9156209022828,4.033141419640817],[107.9110445779449,4.035958221294965],[107.9120274470091,4.038136955755899],[107.9159983171687,4.038307651576932]]],[[[108.299518873897,4.064130692177702],[108.2994042741879,4.064223557071521],[108.2995140247525,4.064514432894772],[108.2997359270714,4.064375304176981],[108.299518873897,4.064130692177702]]],[[[108.2985174527183,4.064543364085015],[108.2983442513861,4.064001221279433],[108.2973414704326,4.06375038507225],[108.2975602889762,4.064536563411746],[108.2985174527183,4.064543364085015]]],[[[108.0153235880132,4.077636000201345],[108.0145455881084,4.076639000089809],[108.0142325880635,4.076680000181931],[108.0158425876654,4.078240000175914],[108.0153235880132,4.077636000201345]]],[[[108.0258495293324,4.07974788175942],[108.0197605291252,4.074968881708617],[108.0144045294456,4.074865882354594],[108.0162815287696,4.076887882070167],[108.0258495293324,4.07974788175942]]],[[[108.088049429038,4.101919787268415],[108.0873780185808,4.10324409923588],[108.0885892390022,4.104061321272944],[108.0883457178807,4.102279454932955],[108.088049429038,4.101919787268415]]],[[[107.9929525114493,4.10147448885667],[107.993142511218,4.104083488662113],[107.9948255105889,4.104864488705239],[107.9945735106591,4.103619488848341],[107.9929525114493,4.10147448885667]]],[[[108.1147090136102,4.152133029016113],[108.1137067668539,4.152750917221159],[108.1173842763633,4.155011581719158],[108.1163914410123,4.153038067153169],[108.1147090136102,4.152133029016113]]],[[[107.8611680001032,4.158411000167582],[107.8688750002811,4.155712999855087],[107.8624909999598,4.126026999646303],[107.8438229997317,4.11202599970013],[107.8460229995619,4.138862999827641],[107.8611680001032,4.158411000167582]]],[[[108.2231827162094,4.22671119736393],[108.2281792712564,4.217720757606912],[108.2428513156358,4.216652732637559],[108.2246867199162,4.185124979334386],[108.2338565600323,4.128330746167052],[108.2665481997397,4.091073788024978],[108.2838628830656,4.083043184795198],[108.2992023853818,4.086992187039872],[108.2940585546587,4.056728968666977],[108.3453492669552,4.016154763131862],[108.3465176310839,3.998745772399491],[108.4030791745643,3.966788725019676],[108.3819520447512,3.93138041867147],[108.3942670766643,3.915995913380787],[108.39213949744,3.891943727820845],[108.3652340571062,3.904641802577235],[108.3554261093275,3.898355708749012],[108.353203296395,3.882868613295919],[108.3607437232443,3.873222556975463],[108.3585271183319,3.887849313295288],[108.368167915417,3.892757482072206],[108.3820255175636,3.869599049956228],[108.3774005857685,3.856021904087669],[108.4084693161061,3.886455233722174],[108.3998659112828,3.859742830167544],[108.4095399625992,3.858511107002037],[108.3952899988344,3.847318452384773],[108.3869760066375,3.793689928147725],[108.3656263099064,3.783198221320937],[108.352497719794,3.76431497285774],[108.3358729837512,3.764809100859367],[108.3094159318999,3.731234036421704],[108.3060172113253,3.671371275963708],[108.2971448588482,3.658876652135866],[108.2760123349014,3.665380214625301],[108.2233924776807,3.663902886609026],[108.1964216368491,3.657584451361394],[108.1873761262073,3.6424959902978],[108.1661074467013,3.64147724098196],[108.1555287601443,3.629844217136945],[108.1456445957216,3.659102712919914],[108.1316080230919,3.661809945672555],[108.1213195558529,3.67570663505321],[108.1270295241933,3.664895372123777],[108.090091310066,3.68072315055301],[108.1102666945524,3.71869549600039],[108.1208579185582,3.724831219585155],[108.1176163104444,3.743907511122856],[108.1425057828157,3.752283891988139],[108.1494410450682,3.740842853614822],[108.1511778769575,3.763009475606815],[108.1728591618209,3.767719050693707],[108.1881970462567,3.783505632978667],[108.1994018785939,3.782065928100153],[108.2592999869049,3.731589416118752],[108.2681802021547,3.715310842621399],[108.2725716672487,3.711331560203423],[108.2762862962756,3.710745316443219],[108.2757084548814,3.719071969296039],[108.266336608148,3.738469347582395],[108.2514938589544,3.755869870298344],[108.2549904842236,3.761112260422482],[108.2271274241914,3.778380977600126],[108.2072394189641,3.802493031927966],[108.1913054198094,3.799615688813084],[108.186146431013,3.806200067978804],[108.1729161473624,3.799384876910604],[108.1697811817562,3.808331027754818],[108.154449464871,3.805230108682633],[108.1174969020605,3.827070952162813],[108.0945081864038,3.821031358010817],[108.0869333946605,3.8333517058166],[108.0627154190813,3.835363250913403],[108.0470881139254,3.863505684439804],[108.0189235022179,3.87845003993743],[108.0308191263017,3.901050389663773],[107.9898933119269,3.942541192322246],[107.9941150695549,3.982602689862279],[107.9825044900902,3.99964439027649],[107.9624888611721,4.004410548907721],[108.0137785923082,4.02731184056908],[108.0328535870235,4.057699799406333],[108.0551596471001,4.054888429657332],[108.0741021770738,4.067774685753211],[108.0899335752744,4.104235227673691],[108.1466068190495,4.137737715922917],[108.1955926273979,4.195574239959242],[108.2079816366433,4.2265950607135],[108.2231827162094,4.22671119736393]]],[[[108.220167554689,4.235816208051645],[108.2189993812165,4.239117987105455],[108.2206929710039,4.241656108642577],[108.2216457523497,4.238933985814896],[108.220167554689,4.235816208051645]]],[[[108.2104305292456,4.268389148940098],[108.199262889271,4.247363281889992],[108.1868562164413,4.234984203857927],[108.1991032371247,4.263384537766267],[108.2104305292456,4.268389148940098]]],[[[107.6857502150005,4.422150310388616],[107.684893608953,4.423696959946732],[107.6865949239167,4.425136534423601],[107.6872016857093,4.422745175049879],[107.6857502150005,4.422150310388616]]],[[[107.7320439351796,4.520091362726241],[107.7304449369843,4.510554483202899],[107.7235730535537,4.513466943045085],[107.7232304109547,4.520110398676035],[107.7320439351796,4.520091362726241]]],[[[107.9717040001395,4.627432999633307],[107.9715629468726,4.627471818869399],[107.9715472950717,4.627768239912399],[107.9717231952693,4.627631543860765],[107.9717040001395,4.627432999633307]]],[[[107.9690450951551,4.661562122893702],[107.9693008866267,4.661347970932205],[107.9691194529005,4.661026743889195],[107.9688666363863,4.661440174824282],[107.9690450951551,4.661562122893702]]],[[[107.9222153871304,4.695825317984092],[107.922286572967,4.695230135862104],[107.9218251560062,4.694880671905576],[107.921785895203,4.695259005898421],[107.9222153871304,4.695825317984092]]],[[[107.9295379397241,4.701965725238132],[107.9295507892376,4.701930318929136],[107.9292464559592,4.701604046689422],[107.9294463311833,4.701980001975613],[107.9295379397241,4.701965725238132]]],[[[107.9302971869657,4.703162664425452],[107.9301809495912,4.703148863429373],[107.9298686456216,4.703003121097215],[107.9303296668807,4.703434398178995],[107.9302971869657,4.703162664425452]]],[[[107.9306048900037,4.703526936618839],[107.9305668190035,4.703549780298143],[107.9306905513279,4.703612597943096],[107.9307114902431,4.703545972568634],[107.9306048900037,4.703526936618839]]],[[[107.9311373030442,4.703683122777957],[107.9310348666658,4.70367634188975],[107.9307842642824,4.703543005705168],[107.9310919736158,4.703901201179516],[107.9311373030442,4.703683122777957]]],[[[108.0073166189669,4.775257577974944],[107.9767507121757,4.680140254768993],[107.9648964083426,4.669075931609012],[107.9287016268787,4.68089017604083],[107.9278414514219,4.693892739658278],[107.9584080084229,4.708297996555387],[107.9753266204273,4.743253996974438],[107.9902346469115,4.755626508156862],[107.992354273431,4.769834434011976],[108.0073166189669,4.775257577974944]]],[[[108.0212661920812,4.7958215424303],[108.0188483881427,4.788792778563899],[108.008143193054,4.780945316872941],[108.0109831126805,4.79414989160427],[108.0212661920812,4.7958215424303]]]]}},{"type":"Feature","properties":{"kode":"21.04","nama":"Kabupaten Lingga","lat":-0.22183747331520645,"lng":104.52694758686134},"geometry":{"type":"MultiPolygon","coordinates":[[[[105.2663442871591,-1.271786528125743],[105.2660212767605,-1.272180494134448],[105.265368536229,-1.272204763239218],[105.2656886813876,-1.271650924750281],[105.2663442871591,-1.271786528125743]]],[[[105.2635164822999,-1.271578627351724],[105.2603587422622,-1.275244113824739],[105.2568508008239,-1.27315473330423],[105.258701656856,-1.271486745416864],[105.2635164822999,-1.271578627351724]]],[[[105.2555595020695,-1.261742415679892],[105.2540078531799,-1.262043216421274],[105.2572081950022,-1.258896707117321],[105.2571184246757,-1.260006153960783],[105.2555595020695,-1.261742415679892]]],[[[105.2620668731877,-1.258824558106822],[105.2621556119919,-1.259558020885867],[105.2605336945744,-1.259078756879076],[105.2611051318964,-1.258717173658555],[105.2620668731877,-1.258824558106822]]],[[[105.259445085922,-1.258791599752465],[105.2596981263675,-1.258660644073453],[105.2596463829743,-1.258992209722612],[105.2587687651664,-1.258764308925622],[105.259445085922,-1.258791599752465]]],[[[105.2587417953976,-1.257083807871398],[105.2585243932862,-1.257638330744351],[105.2580399905531,-1.257869461906028],[105.2578515502089,-1.256774156901733],[105.2587417953976,-1.257083807871398]]],[[[105.2461709513284,-1.232413036232563],[105.2454358769642,-1.232089586065468],[105.2456151846931,-1.231125708884287],[105.2464184123799,-1.231942785231313],[105.2461709513284,-1.232413036232563]]],[[[105.2231977363865,-1.214598235420164],[105.2228604717334,-1.21438492972066],[105.2229857311067,-1.213963500215323],[105.2233000198801,-1.214071714737733],[105.2231977363865,-1.214598235420164]]],[[[105.2242000847662,-1.213534064045765],[105.2232888862732,-1.212795074033382],[105.224215044089,-1.211372288100579],[105.2245164959396,-1.211689494274706],[105.2242000847662,-1.213534064045765]]],[[[105.2654549745675,-1.202594489444111],[105.2739567308186,-1.21257251700804],[105.2713269216002,-1.216710923670108],[105.2632457018277,-1.215138751352265],[105.2600906345752,-1.200648182067868],[105.2654549745675,-1.202594489444111]]],[[[105.2593323001456,-1.199870874641087],[105.2595431812729,-1.19996313608979],[105.2591241700445,-1.200363785859951],[105.2590394646996,-1.200025066103885],[105.2593323001456,-1.199870874641087]]],[[[105.3124707307397,-1.177834743378606],[105.3125763830937,-1.178328542228327],[105.311797920038,-1.177149932123614],[105.3123633193117,-1.177516494890243],[105.3124707307397,-1.177834743378606]]],[[[105.311132815627,-1.17642093357915],[105.3113511953015,-1.177016229015651],[105.3105704740482,-1.176877787379896],[105.3104731350272,-1.176445488668312],[105.311132815627,-1.17642093357915]]],[[[105.3148528109085,-1.171266946812091],[105.3138667987138,-1.170832959173643],[105.3140755142736,-1.169887707851361],[105.3155064948289,-1.17067573339831],[105.3148528109085,-1.171266946812091]]],[[[105.3192878436591,-1.171053274189207],[105.320072816907,-1.17208976802832],[105.3161395779792,-1.171541472960572],[105.31701201839,-1.169621662309764],[105.3192878436591,-1.171053274189207]]],[[[105.3158837019713,-1.169843318214506],[105.3154671998514,-1.169406877225557],[105.3160223774308,-1.168558916360832],[105.3161084263629,-1.168822231560698],[105.3158837019713,-1.169843318214506]]],[[[105.2836027223878,-1.147820052653328],[105.3077616412868,-1.160780225826732],[105.3122997588269,-1.167756157220781],[105.3111104827626,-1.174662588107969],[105.2768753006546,-1.146577635649296],[105.2836027223878,-1.147820052653328]]],[[[105.2807403233073,-1.141837274070914],[105.2812467711216,-1.142255203414846],[105.2808580130869,-1.143092828371264],[105.2797776898885,-1.142109869374933],[105.2807403233073,-1.141837274070914]]],[[[105.2405204317725,-1.124864399672257],[105.2395650091179,-1.124283919667127],[105.2402713456461,-1.123606803011493],[105.2410559034073,-1.124162474318682],[105.2405204317725,-1.124864399672257]]],[[[105.6440349176774,-0.97520261520854],[105.6401638290975,-0.973272063954569],[105.6403409757554,-0.968996912677314],[105.6432304741071,-0.964383081214207],[105.6440349176774,-0.97520261520854]]],[[[105.763165216002,-0.912637911810135],[105.7608000718659,-0.913682851182587],[105.7544295137112,-0.911417512008564],[105.7587210794143,-0.909252503000582],[105.763165216002,-0.912637911810135]]],[[[104.4043651294473,-0.870260784107904],[104.4043651294473,-0.869482699666849],[104.4047363246218,-0.869254271867062],[104.4049814096644,-0.869882450114881],[104.4043651294473,-0.870260784107904]]],[[[104.4051235825874,-0.868696327973131],[104.4047809399885,-0.868395089261911],[104.4052006769697,-0.868149527578568],[104.4053677152479,-0.868429353431813],[104.4051235825874,-0.868696327973131]]],[[[104.4051277473477,-0.867941444242229],[104.4050535083128,-0.867835796384833],[104.4051943718228,-0.867802483697647],[104.4052305389582,-0.867877675114562],[104.4051277473477,-0.867941444242229]]],[[[104.4052372020354,-0.867780593299708],[104.405144402792,-0.867618789075822],[104.4054251792287,-0.867568820944234],[104.405401384966,-0.867673517318915],[104.4052372020354,-0.867780593299708]]],[[[104.4107775177683,-0.866680219716345],[104.410508074588,-0.86639056067577],[104.4109173416621,-0.866124061875853],[104.4109102037429,-0.866471462787713],[104.4107775177683,-0.866680219716345]]],[[[104.4104650456254,-0.865373935558614],[104.4104329236406,-0.866027097872271],[104.4085745645645,-0.865936382358059],[104.4090052471944,-0.865377505867196],[104.4104650456254,-0.865373935558614]]],[[[104.4111943310536,-0.864718435007708],[104.4111883829376,-0.864953406274685],[104.410587569261,-0.864777920664464],[104.4109920771228,-0.864551871571598],[104.4111943310536,-0.864718435007708]]],[[[104.4103372096946,-0.854942854728938],[104.4097435339369,-0.860328764960519],[104.4042236606935,-0.864232033081771],[104.4004797650292,-0.857531423736171],[104.4103372096946,-0.854942854728938]]],[[[104.4104263702809,-0.854047593121868],[104.4105584303273,-0.854151099693448],[104.4101515419601,-0.854393805129996],[104.410185420321,-0.854067213630996],[104.4104263702809,-0.854047593121868]]],[[[104.4112758384092,-0.854019038747625],[104.4111866076758,-0.853844149387919],[104.4114687618739,-0.853798541169651],[104.411478418794,-0.853925138734082],[104.4112758384092,-0.854019038747625]]],[[[104.4122859191599,-0.853340893267587],[104.4126642531528,-0.85357645988571],[104.4115869588711,-0.853318449786558],[104.4119111536768,-0.853105325750183],[104.4122859191599,-0.853340893267587]]],[[[104.4213840833088,-0.851192676400883],[104.4207808900261,-0.851849407224295],[104.4203918478055,-0.851374704578925],[104.4205560307363,-0.851110585385209],[104.4213840833088,-0.851192676400883]]],[[[104.4222515468714,-0.850203021951826],[104.421984512975,-0.850128291887112],[104.4220905466415,-0.849909021883802],[104.4223355471478,-0.849969021952715],[104.4222515468714,-0.850203021951826]]],[[[104.4206775120575,-0.848438123120834],[104.420602665081,-0.84972781568611],[104.4175354337134,-0.851199962708085],[104.4168653182798,-0.849824931675228],[104.4206775120575,-0.848438123120834]]],[[[104.4175704020525,-0.844835946221936],[104.4174841462763,-0.844859741383955],[104.4175257866857,-0.84473184519849],[104.4175733761104,-0.844746716387837],[104.4175704020525,-0.844835946221936]]],[[[104.9324850627355,-0.772868516968453],[104.9336952327488,-0.782122297106261],[104.9288615952864,-0.78384883355678],[104.9247529094192,-0.778387026839747],[104.9324850627355,-0.772868516968453]]],[[[104.9393482290376,-0.7684947109621],[104.9394167582768,-0.769425556044537],[104.937457033915,-0.769286912960679],[104.9376607789219,-0.768525295106295],[104.9393482290376,-0.7684947109621]]],[[[104.9397303392838,-0.767883412089779],[104.9392392177158,-0.768073768889257],[104.9389917539663,-0.768019937270273],[104.9394294531068,-0.767622234578427],[104.9397303392838,-0.767883412089779]]],[[[104.9410571261855,-0.761413577774375],[104.9421650028127,-0.762704198440003],[104.9415825110241,-0.764171848851694],[104.9390490003111,-0.762358999967796],[104.9410571261855,-0.761413577774375]]],[[[104.5000212463835,-0.703103653310924],[104.5048862027362,-0.703616078918825],[104.5046028389499,-0.706180861757291],[104.5009960359384,-0.705995762394521],[104.5000212463835,-0.703103653310924]]],[[[104.4986904997668,-0.702647000059001],[104.4984435000676,-0.702659999759161],[104.4983705002984,-0.702379000290579],[104.4986874996285,-0.702419000336521],[104.4986904997668,-0.702647000059001]]],[[[104.496264619017,-0.701315265087368],[104.4961426187868,-0.701256265064545],[104.496172619271,-0.701085265272708],[104.496325619132,-0.701160265134051],[104.496264619017,-0.701315265087368]]],[[[104.4925800003668,-0.699686000208713],[104.4919029853345,-0.699489378731835],[104.4919458146477,-0.699332333720173],[104.4927690000894,-0.699378000394349],[104.4925800003668,-0.699686000208713]]],[[[104.4833748168943,-0.708965018021138],[104.4771436680459,-0.709721007018763],[104.4784613286275,-0.695980346415828],[104.4826136522982,-0.69854954672415],[104.4833748168943,-0.708965018021138]]],[[[104.4770609412095,-0.695181293381955],[104.4718053337492,-0.697725944896346],[104.4709665001039,-0.697023710176017],[104.4731427812144,-0.691249970010047],[104.4770609412095,-0.695181293381955]]],[[[104.4737002466691,-0.690262205935957],[104.4735289258193,-0.690026639317923],[104.4738858451556,-0.689805349437281],[104.473757353619,-0.689983809105479],[104.4737002466691,-0.690262205935957]]],[[[104.3781263907204,-0.683180502578098],[104.3775441696278,-0.683730525243467],[104.3772092027425,-0.683382180043493],[104.3774316599433,-0.683130654955713],[104.3781263907204,-0.683180502578098]]],[[[104.477589497957,-0.683026568321379],[104.4783197375658,-0.684939564808998],[104.4745605849031,-0.683490640980258],[104.4767327722996,-0.682730685072988],[104.477589497957,-0.683026568321379]]],[[[104.4662517359289,-0.683101995360749],[104.4714696788826,-0.691076299231755],[104.4656460533227,-0.697081158868309],[104.46051758302,-0.687185645001501],[104.4662517359289,-0.683101995360749]]],[[[104.4860246648065,-0.682179175828226],[104.4863339947182,-0.682345739264425],[104.4863458927488,-0.683119063593798],[104.4851442653956,-0.681792514113136],[104.4860246648065,-0.682179175828226]]],[[[104.4872798305998,-0.682298149839669],[104.4869892200765,-0.682471338581328],[104.4862269196366,-0.681673541001063],[104.487137063225,-0.681959075750685],[104.4872798305998,-0.682298149839669]]],[[[104.4839366881277,-0.681560516904314],[104.4847813970439,-0.682012614190766],[104.4847727734447,-0.682473757757654],[104.4830443897868,-0.682155381565577],[104.4839366881277,-0.681560516904314]]],[[[104.2540052228628,-0.674585120606766],[104.2538867686596,-0.674529623443368],[104.2539237982447,-0.674406761662707],[104.2540595059415,-0.674424210308969],[104.2540052228628,-0.674585120606766]]],[[[104.25051644238,-0.674330554911132],[104.2504403003796,-0.674281775683363],[104.2504617150362,-0.67421158179897],[104.2505508648306,-0.674247829873378],[104.25051644238,-0.674330554911132]]],[[[104.3483837602024,-0.667865138065585],[104.3479703292673,-0.668293441089387],[104.3475866407109,-0.667918675606385],[104.3476983661867,-0.667778251864773],[104.3483837602024,-0.667865138065585]]],[[[104.3922045659879,-0.667217182826699],[104.3921904987925,-0.66774924423221],[104.3918966686964,-0.667787908784925],[104.391734715185,-0.667295843828056],[104.3922045659879,-0.667217182826699]]],[[[104.3916084611616,-0.666842483893484],[104.3915397160851,-0.667610954581813],[104.3900294234192,-0.667613525743585],[104.3904112269966,-0.666748348257576],[104.3916084611616,-0.666842483893484]]],[[[104.3917075601558,-0.664849444146467],[104.3916058774093,-0.665487980785676],[104.3906613086725,-0.665098101296271],[104.391045787733,-0.664769188647066],[104.3917075601558,-0.664849444146467]]],[[[104.3964965705603,-0.664675884884128],[104.3964525820211,-0.665104345289238],[104.3962493721109,-0.665176186731545],[104.3960736949452,-0.664603956207513],[104.3964965705603,-0.664675884884128]]],[[[104.3933004483571,-0.664122756859678],[104.3939454691082,-0.665394283119605],[104.3926246438123,-0.665405174808933],[104.3927703249906,-0.664271829381383],[104.3933004483571,-0.664122756859678]]],[[[104.2404747599023,-0.66385343238993],[104.2404262189948,-0.663794420675925],[104.2404968031849,-0.663722926371937],[104.240510927937,-0.663802035235664],[104.2404747599023,-0.66385343238993]]],[[[104.2378573127648,-0.663693571601057],[104.2380191169887,-0.663726884288243],[104.2380286336146,-0.663858944334786],[104.2378477952397,-0.663851806415641],[104.2378573127648,-0.663693571601057]]],[[[104.2292006006272,-0.663212555714823],[104.2290197622523,-0.663126895289937],[104.2290121467932,-0.663046944660708],[104.22926651194,-0.66311357003517],[104.2292006006272,-0.663212555714823]]],[[[104.2281532780515,-0.662402164028622],[104.2283781373412,-0.662973234427147],[104.2277462107191,-0.663173042202095],[104.22762163573,-0.662531756335463],[104.2281532780515,-0.662402164028622]]],[[[104.2298155570424,-0.659306977235177],[104.2294035749151,-0.659975854302155],[104.2285881416295,-0.659367596037688],[104.2292526956554,-0.65901112276501],[104.2298155570424,-0.659306977235177]]],[[[104.3413289186947,-0.657284614193523],[104.3409672410454,-0.657208471293893],[104.3413455750383,-0.656768271138722],[104.3414383742816,-0.656832516007702],[104.3413289186947,-0.657284614193523]]],[[[104.3383555450725,-0.656271082744267],[104.3377943186529,-0.657119091272998],[104.3372919258817,-0.657274024676438],[104.3384019437948,-0.655318108044225],[104.3383555450725,-0.656271082744267]]],[[[104.2357240741068,-0.653621876948021],[104.2424721298849,-0.657679736730435],[104.2421033143165,-0.662254249833685],[104.2329721315587,-0.65871480244615],[104.2357240741068,-0.653621876948021]]],[[[104.340961034824,-0.653760474166523],[104.3409001201445,-0.653604380637576],[104.341096187639,-0.653499685162265],[104.3411571023185,-0.653655776892561],[104.340961034824,-0.653760474166523]]],[[[104.3407699639627,-0.653172747424316],[104.3406658620399,-0.652905057022737],[104.3411417553877,-0.652884236817977],[104.3411268832991,-0.653021056076833],[104.3407699639627,-0.653172747424316]]],[[[104.2312503048578,-0.652730708155572],[104.2310692281624,-0.652991543924555],[104.2308265227259,-0.652701725704022],[104.2310093836762,-0.652635529306147],[104.2312503048578,-0.652730708155572]]],[[[104.2334110276968,-0.652061299589304],[104.2331956859322,-0.652231430635977],[104.2330422112291,-0.652123165751453],[104.2333229876658,-0.651932808951885],[104.2334110276968,-0.652061299589304]]],[[[104.2317473736425,-0.651992169602947],[104.2316545752984,-0.651985031683802],[104.2316795602635,-0.651849403127416],[104.2318366043758,-0.651899372158285],[104.2317473736425,-0.651992169602947]]],[[[104.2321042929788,-0.651599558872443],[104.2321863848938,-0.651795864687335],[104.2317866353451,-0.651774450030798],[104.2318830039975,-0.651549590740943],[104.2321042929788,-0.651599558872443]]],[[[104.2329365094124,-0.65145760628347],[104.232739610045,-0.652049278351432],[104.2321865018057,-0.651538506596763],[104.2322894570928,-0.651362647767931],[104.2329365094124,-0.65145760628347]]],[[[104.2298460197781,-0.650581958890298],[104.2297086519328,-0.650960435875428],[104.2292216492598,-0.650917939311382],[104.2295605308938,-0.650476811055947],[104.2298460197781,-0.650581958890298]]],[[[104.4012248740288,-0.633460529979393],[104.4010164327622,-0.63335345489797],[104.401006440395,-0.633202120581336],[104.4013390879286,-0.633359164693628],[104.4012248740288,-0.633460529979393]]],[[[104.3385916863573,-0.634139814900506],[104.338388241724,-0.632797798879261],[104.3386345165697,-0.632415894577834],[104.3391449106092,-0.633558037173623],[104.3385916863573,-0.634139814900506]]],[[[104.3417400113925,-0.631925131839298],[104.3414931420949,-0.631666365410391],[104.3420820577408,-0.631368932630119],[104.3421224453945,-0.631640932582902],[104.3417400113925,-0.631925131839298]]],[[[104.4024543812647,-0.628245940597674],[104.4021118582756,-0.628739561381655],[104.4016145044059,-0.628161722685297],[104.4018892589822,-0.627874150971211],[104.4024543812647,-0.628245940597674]]],[[[104.2513190450379,-0.61369161297751],[104.2506408986586,-0.61339655980335],[104.250617104396,-0.613075331860971],[104.2512476622499,-0.613065814335803],[104.2513190450379,-0.61369161297751]]],[[[104.3348884724251,-0.611492778668746],[104.3341425108682,-0.612220894078932],[104.3335179020296,-0.611903236445135],[104.334320969637,-0.611207243919123],[104.3348884724251,-0.611492778668746]]],[[[104.2532267616058,-0.610881844021874],[104.2514927859634,-0.611117104870454],[104.2537269042733,-0.6087098158053],[104.254013628826,-0.609610441868361],[104.2532267616058,-0.610881844021874]]],[[[104.3209790504429,-0.596354847698047],[104.3212741027177,-0.596341523342561],[104.3209706750567,-0.597404665892556],[104.3205280952954,-0.597012055162141],[104.3209790504429,-0.596354847698047]]],[[[104.3199987921107,-0.595675630226092],[104.3200701748987,-0.595297890685023],[104.3203200191536,-0.595315736831806],[104.3202932499335,-0.595431735885901],[104.3199987921107,-0.595675630226092]]],[[[104.3211713227983,-0.595641765355095],[104.3207120866935,-0.595375264756617],[104.3207620548251,-0.59508259118857],[104.3214092690226,-0.595280086806474],[104.3211713227983,-0.595641765355095]]],[[[104.3209653249897,-0.594793461848722],[104.3206223289574,-0.59481807269586],[104.3205674613193,-0.594690139638201],[104.3206813397721,-0.594587741031363],[104.3209653249897,-0.594793461848722]]],[[[104.3211605848932,-0.594615578645977],[104.321029693066,-0.594484947622201],[104.3210449221854,-0.594300302416942],[104.3212181460007,-0.594345987976899],[104.3211605848932,-0.594615578645977]]],[[[104.3225380647799,-0.594074284800319],[104.3223781653201,-0.593987197151405],[104.3225609075599,-0.593396138421001],[104.3227945262464,-0.593643878262265],[104.3225380647799,-0.594074284800319]]],[[[104.4289327776256,-0.591122563255622],[104.4295609558735,-0.591617490754606],[104.4294848129738,-0.592388437276517],[104.4280652457146,-0.592137593874822],[104.4289327776256,-0.591122563255622]]],[[[104.3216755699717,-0.584992884014371],[104.3221395652887,-0.585230830238606],[104.3209379127545,-0.585370494052986],[104.3213811121487,-0.584891756149622],[104.3216755699717,-0.584992884014371]]],[[[104.3206315820819,-0.585010729261695],[104.3204293272517,-0.584537811770572],[104.3209141427735,-0.584157098171525],[104.3212502410059,-0.584454530052517],[104.3206315820819,-0.585010729261695]]],[[[104.309622408947,-0.559636676091626],[104.3089963872735,-0.559282779376671],[104.3091776717122,-0.558814255973042],[104.309987646113,-0.559343706646656],[104.309622408947,-0.559636676091626]]],[[[104.3134259431528,-0.557095153318679],[104.3126074081055,-0.558237294115729],[104.3110861194289,-0.558290662583952],[104.3124639977153,-0.556318368397937],[104.3134259431528,-0.557095153318679]]],[[[104.3095151432093,-0.554253565449672],[104.3089090487137,-0.554713458958902],[104.3085493900424,-0.554329191239125],[104.3090821466238,-0.553776404957132],[104.3095151432093,-0.554253565449672]]],[[[104.0298602447546,-0.532993177692978],[104.0317537115646,-0.539701842266174],[104.03040250717,-0.541752561831268],[104.0275035479505,-0.538805605794026],[104.0298602447546,-0.532993177692978]]],[[[104.0365456402691,-0.511956695944685],[104.03989052203,-0.512817089936737],[104.03929911796,-0.520067146381711],[104.0352198228366,-0.514917075262725],[104.0365456402691,-0.511956695944685]]],[[[104.0411683912084,-0.505989569163281],[104.0404930444185,-0.504580273061064],[104.0418440221839,-0.503817594006664],[104.0420415357883,-0.505011700329641],[104.0411683912084,-0.505989569163281]]],[[[104.0402509613129,-0.499744238905445],[104.0400319089455,-0.499903642838786],[104.0398634416446,-0.499784889161317],[104.040379015779,-0.499700157735974],[104.0402509613129,-0.499744238905445]]],[[[104.0384182086335,-0.497304934874856],[104.0390581077455,-0.499649079841083],[104.0408034751004,-0.50053132466086],[104.040465916369,-0.502302677926172],[104.0377532813888,-0.50172735643226],[104.0384182086335,-0.497304934874856]]],[[[104.5814182201748,-0.497521334242171],[104.5810256076458,-0.497871113860773],[104.5802046938916,-0.494806369118608],[104.5817037549245,-0.497054959318868],[104.5814182201748,-0.497521334242171]]],[[[104.2435245642074,-0.48624438437084],[104.2430539732623,-0.485778383565519],[104.2436159730987,-0.485247384259305],[104.2439219728209,-0.485938383749376],[104.2435245642074,-0.48624438437084]]],[[[104.6007840313581,-0.456712494685865],[104.6002743136087,-0.456733660230205],[104.6000887169208,-0.456548061743581],[104.600559850157,-0.456233972619716],[104.6007840313581,-0.456712494685865]]],[[[104.255009764689,-0.454927085916237],[104.2548777046424,-0.454831907066813],[104.2549693149819,-0.454726020889121],[104.2550716308511,-0.454758143773295],[104.255009764689,-0.454927085916237]]],[[[104.2666541757497,-0.423760699996281],[104.2662829796758,-0.423628639949738],[104.266279411166,-0.423432335034216],[104.266636329603,-0.423450181180909],[104.2666541757497,-0.423760699996281]]],[[[104.3887797300006,-0.406872075885525],[104.3873365357526,-0.408374997707897],[104.3873554997565,-0.40512694864965],[104.3887221329202,-0.405849547618489],[104.3887797300006,-0.406872075885525]]],[[[104.3869794293572,-0.404251670877878],[104.3871541370539,-0.40457209392695],[104.387142891931,-0.40473920594957],[104.3865101271407,-0.404403676088785],[104.3869794293572,-0.404251670877878]]],[[[104.3606083679819,-0.403636616436634],[104.3610514063974,-0.404114110577661],[104.3606893816098,-0.405006200275862],[104.3608204757844,-0.404428223083977],[104.3606083679819,-0.403636616436634]]],[[[104.3623182202098,-0.4043403800045],[104.3617254158953,-0.403737222694625],[104.3617441622633,-0.403504768630095],[104.3624992411471,-0.403781260696581],[104.3623182202098,-0.4043403800045]]],[[[104.3628987208993,-0.402650448659239],[104.363173309101,-0.402663035570574],[104.3633043196387,-0.40314051622177],[104.3624930906836,-0.402556177225735],[104.3628987208993,-0.402650448659239]]],[[[104.3742729396445,-0.402498268080523],[104.3739557739399,-0.402417407337444],[104.3738874668332,-0.402209163921688],[104.3742907857912,-0.402236526694269],[104.3742729396445,-0.402498268080523]]],[[[104.3551169492878,-0.400086594820406],[104.3549546963022,-0.400030040054292],[104.3548985462309,-0.399828990315568],[104.3550608037131,-0.3998352900666],[104.3551169492878,-0.400086594820406]]],[[[104.1808710320725,-0.399106648552985],[104.1806495173614,-0.399088522717042],[104.1806456673637,-0.399032343867558],[104.1808827988021,-0.398956985176627],[104.1808710320725,-0.399106648552985]]],[[[104.179027904814,-0.39921427761678],[104.1786947797403,-0.399047715979231],[104.178847066439,-0.398624172167741],[104.1791230827641,-0.398728867643053],[104.179027904814,-0.39921427761678]]],[[[104.3535632157699,-0.397950429768448],[104.3534945723167,-0.397919014650741],[104.3535445188645,-0.397799655729505],[104.3535694705547,-0.397831068149193],[104.3535632157699,-0.397950429768448]]],[[[104.3538441819635,-0.397730519447828],[104.3536256440084,-0.397730555420742],[104.3536319086857,-0.397485543223189],[104.3538752733253,-0.39766774497039],[104.3538441819635,-0.397730519447828]]],[[[104.3536443948729,-0.397315916696142],[104.3535570284342,-0.397334754795045],[104.3535320650528,-0.397278209022092],[104.3535757622117,-0.397253081964058],[104.3536443948729,-0.397315916696142]]],[[[104.352939206779,-0.397422658129168],[104.3528143979661,-0.397378672287887],[104.3527956911683,-0.397240454583228],[104.3529704186499,-0.397278166753948],[104.352939206779,-0.397422658129168]]],[[[104.3297088513824,-0.396252624858631],[104.3300730660192,-0.39667590067223],[104.3298234061254,-0.397253855381033],[104.3293678554422,-0.397115611596169],[104.3297088513824,-0.396252624858631]]],[[[104.1878225378799,-0.393749712679073],[104.1876290892111,-0.393724563138045],[104.1877102377373,-0.393485855188016],[104.1878287899667,-0.393592658674249],[104.1878225378799,-0.393749712679073]]],[[[104.1830784908797,-0.392820489973625],[104.1841125313682,-0.397625571263019],[104.1795147752867,-0.397933847169243],[104.1783044110198,-0.395383154908638],[104.1830784908797,-0.392820489973625]]],[[[104.1954745166356,-0.392695807065804],[104.2136050577273,-0.393166941201331],[104.2140761406015,-0.395742647205369],[104.2097592140166,-0.397799433596971],[104.2091699098635,-0.400858600743772],[104.2289420383444,-0.393532493129969],[104.2231017582396,-0.429647323065455],[104.1954312520507,-0.423610904419627],[104.1983818251611,-0.40934153778174],[104.18901388868,-0.399399947149773],[104.1954745166356,-0.392695807065804]]],[[[104.2334718830211,-0.391179279400136],[104.2332684392871,-0.391086480156913],[104.2334147760711,-0.390868758786114],[104.2335515953299,-0.390947518712961],[104.2334718830211,-0.391179279400136]]],[[[104.3449442580711,-0.390709228947708],[104.3451441332951,-0.390823442847557],[104.3452217043182,-0.391120874728548],[104.344825284959,-0.390809166110076],[104.3449442580711,-0.390709228947708]]],[[[104.3884560909759,-0.390580636686957],[104.3878145101316,-0.3903583071901],[104.3883544549942,-0.389678612178182],[104.3885577278569,-0.389951760565202],[104.3884560909759,-0.390580636686957]]],[[[104.1915290469281,-0.389249338785971],[104.1928656202523,-0.388929688254416],[104.193150055131,-0.38924041571258],[104.1915379700014,-0.390778142197481],[104.1915290469281,-0.389249338785971]]],[[[104.3650367736282,-0.388547726396363],[104.3640849896306,-0.390249041360116],[104.3643265142573,-0.391702324202894],[104.3618991784044,-0.388931201813472],[104.3650367736282,-0.388547726396363]]],[[[104.4224392155974,-0.386516644427529],[104.4222138589824,-0.386422485409257],[104.4221127913723,-0.385967873618467],[104.4223217146754,-0.386144301718064],[104.4224392155974,-0.386516644427529]]],[[[104.3440351253208,-0.386436880857291],[104.3437955639143,-0.386346010659791],[104.3440421247443,-0.385966880766889],[104.3442211249051,-0.386160880719968],[104.3440351253208,-0.386436880857291]]],[[[104.1818492102729,-0.391444639658348],[104.1798464245729,-0.388611091728455],[104.1802003968309,-0.385589708698022],[104.1823628553615,-0.387483433613481],[104.1818492102729,-0.391444639658348]]],[[[104.2675995862519,-0.382787572288537],[104.2682241941912,-0.383465717768575],[104.2685168677593,-0.386167595957756],[104.2662968310339,-0.384943363245574],[104.2675995862519,-0.382787572288537]]],[[[104.2650352413833,-0.378054586050228],[104.2639823286216,-0.377980228304844],[104.2643868373827,-0.376329476823825],[104.2653534925697,-0.377037365581925],[104.2650352413833,-0.378054586050228]]],[[[104.1595781787899,-0.370188545265096],[104.1589652908156,-0.370776477052706],[104.1572327720748,-0.370425257619525],[104.1582240363102,-0.369855941798194],[104.1595781787899,-0.370188545265096]]],[[[104.166708128977,-0.368870477290686],[104.1782585743738,-0.380085255230325],[104.175577775394,-0.390207383863642],[104.161100518774,-0.375752524859044],[104.166708128977,-0.368870477290686]]],[[[104.2705252121688,-0.367951116550705],[104.2717977483675,-0.371358624400989],[104.2711906906979,-0.372042664937025],[104.2691803408002,-0.368774885652348],[104.2705252121688,-0.367951116550705]]],[[[104.2706609837175,-0.366645077907959],[104.270595310725,-0.36653086400811],[104.2708742741285,-0.366318906392385],[104.2708608589415,-0.366475185181583],[104.2706609837175,-0.366645077907959]]],[[[104.2719921341297,-0.364046350158878],[104.2701908820036,-0.36481967538762],[104.2697697177983,-0.364502016854543],[104.2700481137295,-0.363660877347607],[104.2719921341297,-0.364046350158878]]],[[[104.164019281065,-0.362985228385496],[104.1637440282643,-0.363612792396387],[104.1631094189646,-0.363341342828674],[104.1637216441386,-0.362725118369481],[104.164019281065,-0.362985228385496]]],[[[104.1926962311462,-0.360384577885922],[104.2033203478558,-0.373948784308878],[104.2302598500121,-0.365049194065017],[104.2340860570259,-0.386673907974425],[104.191213348917,-0.387692022368904],[104.1887110968397,-0.380496559268709],[104.1851753771419,-0.388694838396011],[104.1715759730528,-0.371165473407833],[104.1926962311462,-0.360384577885922]]],[[[104.1757132492671,-0.360352349781026],[104.1762871804091,-0.362293599370014],[104.1735852095898,-0.361495516704638],[104.1740782700961,-0.360616047192755],[104.1757132492671,-0.360352349781026]]],[[[104.4198516466362,-0.36030949798487],[104.4196392240709,-0.36019790920612],[104.4197408519588,-0.359770198835532],[104.4199532727254,-0.359918979077614],[104.4198516466362,-0.36030949798487]]],[[[104.1698763677002,-0.360430805737069],[104.1730658322224,-0.364528741108463],[104.1682511794484,-0.367075512324957],[104.1640431931389,-0.362487255782165],[104.1698763677002,-0.360430805737069]]],[[[104.4192700002104,-0.358037000207359],[104.4187949549233,-0.358023108379671],[104.4183571343743,-0.357461554607033],[104.4189234455606,-0.357359237838553],[104.4192700002104,-0.358037000207359]]],[[[104.1662830248418,-0.35715374814689],[104.1656531064058,-0.358775093595634],[104.1641782713102,-0.358434146218814],[104.1645773040994,-0.35721535980098],[104.1662830248418,-0.35715374814689]]],[[[104.4202892567439,-0.357413966081557],[104.4200187235852,-0.357328955866601],[104.4201938638558,-0.356981037844564],[104.4205535926742,-0.357326791198423],[104.4202892567439,-0.357413966081557]]],[[[104.4238381685966,-0.35732758529983],[104.4240730859043,-0.358799586631589],[104.4215146792591,-0.357694741618955],[104.4231779223233,-0.356902382239157],[104.4238381685966,-0.35732758529983]]],[[[104.4148912236511,-0.353652705407972],[104.4144598431473,-0.353959756437552],[104.4139356499104,-0.353614188344034],[104.4147718926088,-0.353601675177087],[104.4148912236511,-0.353652705407972]]],[[[104.4172369766053,-0.352835364660267],[104.4168562719994,-0.353180876096529],[104.4165692119996,-0.353130594101605],[104.4165941888708,-0.352923277886921],[104.4172369766053,-0.352835364660267]]],[[[104.5198156438769,-0.352089179172291],[104.5202086925772,-0.354321543804106],[104.5177214609767,-0.350877903892124],[104.5184055716599,-0.350740724005119],[104.5198156438769,-0.352089179172291]]],[[[104.1998824213367,-0.350837000926754],[104.199358527574,-0.350736364091889],[104.1992774357052,-0.350334297889512],[104.1995832186907,-0.350252652937469],[104.1998824213367,-0.350837000926754]]],[[[104.427775877155,-0.350233486586118],[104.4334045278967,-0.356406561713454],[104.4263631420454,-0.359435886656792],[104.4246041697467,-0.354034226598257],[104.427775877155,-0.350233486586118]]],[[[104.4268347780026,-0.349803025189457],[104.4266315833809,-0.34984020406206],[104.426613114004,-0.349719327984557],[104.4269640960163,-0.349607775178631],[104.4268347780026,-0.349803025189457]]],[[[104.3274732986538,-0.349530600756578],[104.3275456203341,-0.349726068403269],[104.3270373810704,-0.349751414895819],[104.3272562922442,-0.349431615976206],[104.3274732986538,-0.349530600756578]]],[[[104.2004007393027,-0.349756426817541],[104.1999264458488,-0.350083062383336],[104.1995583083693,-0.349643275017078],[104.1997829788014,-0.349404567966419],[104.2004007393027,-0.349756426817541]]],[[[104.429890293902,-0.348588853192913],[104.4301154202904,-0.349080916351133],[104.4306508415631,-0.349553646783265],[104.4295690173963,-0.348779567922699],[104.429890293902,-0.348588853192913]]],[[[104.2048327458346,-0.348685896337011],[104.2098105221379,-0.353887736030137],[104.2085921296231,-0.357252854335657],[104.2035565646838,-0.352911387050783],[104.2048327458346,-0.348685896337011]]],[[[104.9272812499298,-0.347662529002493],[104.9272232796308,-0.347632831589875],[104.9272574547678,-0.347580676307116],[104.927325031625,-0.347599712256821],[104.9272812499298,-0.347662529002493]]],[[[104.2027970611355,-0.347664942782869],[104.202525802224,-0.347750604107036],[104.2021527418556,-0.347419580748978],[104.2025429738792,-0.34710073421145],[104.2027970611355,-0.347664942782869]]],[[[104.2563487248139,-0.348418440658429],[104.2558097772994,-0.347783125390924],[104.2561738336555,-0.347044301753099],[104.2566913674127,-0.348165027893701],[104.2563487248139,-0.348418440658429]]],[[[104.2028145439561,-0.34681794509204],[104.2027243707331,-0.346813569890328],[104.2026969216257,-0.346769339433431],[104.2027738010701,-0.346722358849741],[104.2028145439561,-0.34681794509204]]],[[[104.4359954099603,-0.345084298601497],[104.4355387782921,-0.344594749947705],[104.4358078860252,-0.344298987208427],[104.4361456183257,-0.34441787398565],[104.4359954099603,-0.345084298601497]]],[[[104.2698769727441,-0.344144364071111],[104.2709263151973,-0.35858531326152],[104.2587482338439,-0.362061705583175],[104.2610111007818,-0.347827770435208],[104.2698769727441,-0.344144364071111]]],[[[104.4495745055591,-0.342170585104354],[104.449435923629,-0.342812146163565],[104.4483460433353,-0.343128226386538],[104.4484753793353,-0.342616831401601],[104.4495745055591,-0.342170585104354]]],[[[104.2687473523085,-0.341883499024201],[104.2685662927003,-0.341759502299135],[104.2685831486935,-0.341664515005371],[104.2687425930962,-0.341755008386871],[104.2687473523085,-0.341883499024201]]],[[[104.4506216842434,-0.338977704057777],[104.4502875861033,-0.339056383045635],[104.4503190308987,-0.338798184088843],[104.4504969096047,-0.338757975400197],[104.4506216842434,-0.338977704057777]]],[[[104.1572946283445,-0.339408214017814],[104.1771992836201,-0.350765837573322],[104.1705407904252,-0.357881262809981],[104.1593999601401,-0.349324532800901],[104.1579311316164,-0.353642490908149],[104.1650954062281,-0.359912112753749],[104.1572252447493,-0.364989449403533],[104.144676695773,-0.360207084089639],[104.1430765077747,-0.349553046935538],[104.1572946283445,-0.339408214017814]]],[[[104.1632498292163,-0.338229460021536],[104.1633932602907,-0.338546582558743],[104.1622720943817,-0.337285390408384],[104.1625857860053,-0.337264131334594],[104.1632498292163,-0.338229460021536]]],[[[104.2706155211895,-0.336613139085065],[104.270346641884,-0.33697957594663],[104.2700658654474,-0.336836808571819],[104.2702371862972,-0.336582206003991],[104.2706155211895,-0.336613139085065]]],[[[104.2718527769842,-0.336844772068526],[104.2732804543296,-0.338807826619883],[104.2717403473392,-0.341183124101876],[104.2709426333958,-0.33857226090104],[104.2718527769842,-0.336844772068526]]],[[[104.9277282552549,-0.340803934853698],[104.9296306343464,-0.342617678562965],[104.9259636469049,-0.34040311511159],[104.9278410419306,-0.336319960098022],[104.9277282552549,-0.340803934853698]]],[[[104.1514033422904,-0.336760588330412],[104.1509041430118,-0.336616057385067],[104.1511538127983,-0.335925039908583],[104.1516218047026,-0.336163803616587],[104.1514033422904,-0.336760588330412]]],[[[104.4787322278101,-0.335919262663767],[104.487048640982,-0.353333565691452],[104.5380413197512,-0.37097851874355],[104.5405807992645,-0.392532270747628],[104.5715393320746,-0.443113821745447],[104.6013163130975,-0.467972479746129],[104.5905310001056,-0.494663561274303],[104.5772641761009,-0.493555128866044],[104.5632060134468,-0.502210498315739],[104.535056620067,-0.538428407644867],[104.5085684489748,-0.594555419397105],[104.5044984483447,-0.643627785693715],[104.4781762120625,-0.639419201335015],[104.4684019178143,-0.624844622781032],[104.4560453201355,-0.621321593416793],[104.4292905072511,-0.575196145385773],[104.425246917911,-0.590562556316845],[104.3967781078235,-0.602992990134313],[104.3958472033858,-0.629314891868729],[104.3831165956544,-0.655098707639182],[104.3893025949388,-0.667742454350753],[104.35870962395,-0.682879391570593],[104.3412268924072,-0.656022137811332],[104.3435254390478,-0.618309220693972],[104.3172798303999,-0.542952527237242],[104.3253292510441,-0.531539798622729],[104.3221012919411,-0.520529394316041],[104.318573839711,-0.536589351617225],[104.3067772318838,-0.539700567926873],[104.2441435163103,-0.485314326195121],[104.2524873659992,-0.487765602900206],[104.2503168783213,-0.476758748217579],[104.2601521079334,-0.474548444854841],[104.2581499400677,-0.457271093286307],[104.269416191604,-0.442209511159922],[104.2657265997029,-0.429652499563174],[104.2752521927346,-0.420587690369592],[104.2772809319695,-0.39602644716277],[104.3128094749773,-0.389149253235457],[104.3246815979774,-0.339646548749142],[104.3275575759215,-0.362200381042735],[104.3377570957134,-0.388520917606241],[104.3231609118467,-0.397551939270516],[104.3105766310067,-0.417439443575399],[104.3228134506803,-0.423140172281114],[104.3245201166101,-0.440516941203819],[104.3300422012866,-0.436650092927396],[104.3274718381548,-0.441227130427693],[104.3383713281743,-0.439055276679648],[104.34216955638,-0.445525692856366],[104.3497016024471,-0.430938473431722],[104.3374033249035,-0.417345363697466],[104.3462179166236,-0.409574624968892],[104.340455615834,-0.394449071367456],[104.346990023271,-0.387136828601678],[104.3540227747313,-0.401592407063925],[104.3630278059885,-0.407892388223077],[104.374714567923,-0.403724403758224],[104.3854185929937,-0.413309646123208],[104.4024888073127,-0.407220162980051],[104.4222510027816,-0.391303200582163],[104.4271126181528,-0.39693106621568],[104.4222034142562,-0.390741648608087],[104.4323031596631,-0.372962641712496],[104.4249243283951,-0.363956769589249],[104.433539687007,-0.357976527094975],[104.4397550032908,-0.340166320019611],[104.4480373591369,-0.337879963689305],[104.4489542899086,-0.341299487381333],[104.4464527743761,-0.34180797665673],[104.4451951102662,-0.342686962333419],[104.445370807217,-0.343430572163131],[104.4580698559392,-0.343066925897853],[104.4574767602443,-0.349107088421333],[104.4787322278101,-0.335919262663767]]],[[[104.5109151399218,-0.338071931174591],[104.508894314721,-0.33745700443715],[104.5094343657035,-0.33542259317805],[104.5099035330217,-0.335507061101994],[104.5109151399218,-0.338071931174591]]],[[[104.2316742866391,-0.32708176431189],[104.2393395501801,-0.338410090653054],[104.2334402781463,-0.355774370690634],[104.2213187884314,-0.343552826002094],[104.2316742866391,-0.32708176431189]]],[[[104.4891665237162,-0.323998527709859],[104.4891825667221,-0.323511178797878],[104.4896069307154,-0.323643131825049],[104.4892886390595,-0.323976097718662],[104.4891665237162,-0.323998527709859]]],[[[104.2363556418994,-0.325012873045585],[104.2356356221863,-0.324102503727522],[104.2359913885917,-0.323285831176159],[104.2367027262498,-0.324020912734893],[104.2363556418994,-0.325012873045585]]],[[[104.9835263561565,-0.323471771405062],[104.9828191706683,-0.323334399063205],[104.9828735913432,-0.322830775120122],[104.9836855910173,-0.323208774565289],[104.9835263561565,-0.323471771405062]]],[[[104.4959224836358,-0.323178535760762],[104.4948495969314,-0.322811196879139],[104.4948396279466,-0.322512280217493],[104.4959103850563,-0.32298341255437],[104.4959224836358,-0.323178535760762]]],[[[104.4997480296479,-0.322789209354449],[104.4996128273701,-0.324678779402079],[104.4991274992347,-0.325029397188883],[104.4986312991952,-0.323887608026643],[104.4997480296479,-0.322789209354449]]],[[[104.9813658050879,-0.322158308858869],[104.981251591188,-0.322129755383818],[104.9811659298638,-0.321787112784991],[104.981308698138,-0.321825183785121],[104.9813658050879,-0.322158308858869]]],[[[104.4867675596752,-0.321054557421865],[104.487216870862,-0.321356140573384],[104.4863494126953,-0.32167651326043],[104.4863681491708,-0.321337253911105],[104.4867675596752,-0.321054557421865]]],[[[104.4935636140696,-0.321243372783345],[104.4931018157962,-0.321205660612714],[104.4929596563631,-0.320912886320615],[104.4935238280623,-0.320768500166116],[104.4935636140696,-0.321243372783345]]],[[[104.4645093066592,-0.320471578200701],[104.4698528111584,-0.325085954653018],[104.4681052512564,-0.328503588869447],[104.4638928987384,-0.327177737262721],[104.4645093066592,-0.320471578200701]]],[[[104.4955973391459,-0.320033861973082],[104.4954858196149,-0.319503187322193],[104.4958040968816,-0.319490637283051],[104.496022504435,-0.319899017625483],[104.4955973391459,-0.320033861973082]]],[[[104.8662792948537,-0.319360205009358],[104.8666038412943,-0.319542609104031],[104.8665653979748,-0.319815985019625],[104.8660223126797,-0.319550561808926],[104.8662792948537,-0.319360205009358]]],[[[104.8656130456057,-0.318779617085665],[104.8657462963545,-0.319036599259606],[104.8649365755626,-0.319133612725933],[104.8648871973864,-0.318813061073866],[104.8656130456057,-0.318779617085665]]],[[[104.4882155733901,-0.317498682118414],[104.4903435995775,-0.318051656358856],[104.4909238412623,-0.320816025738926],[104.4870297174475,-0.320118464795252],[104.4882155733901,-0.317498682118414]]],[[[104.9934834088323,-0.313468714809309],[104.9983018171752,-0.319286498373186],[104.9833062560789,-0.320663611336583],[104.9868090201203,-0.314551369949692],[104.9934834088323,-0.313468714809309]]],[[[104.3950084821558,-0.309262516352041],[104.394939814421,-0.309639465388914],[104.3945841010755,-0.309739963728342],[104.394565387083,-0.309501227],[104.3950084821558,-0.309262516352041]]],[[[104.3975171940634,-0.308879427643463],[104.3970741205743,-0.308879403361731],[104.3969618051432,-0.308634382170927],[104.3976108143876,-0.308728650007131],[104.3975171940634,-0.308879427643463]]],[[[104.3946476435739,-0.308607978974942],[104.394248974111,-0.308670410810732],[104.3941078812738,-0.308240723730327],[104.3946604220409,-0.308448656879959],[104.3946476435739,-0.308607978974942]]],[[[104.3952082917293,-0.307226997128199],[104.3952706768004,-0.307528556897354],[104.3948962368719,-0.307767272041895],[104.3947340027721,-0.30734005539921],[104.3952082917293,-0.307226997128199]]],[[[104.961851290105,-0.307801988570835],[104.9607924301266,-0.30739748070914],[104.9610898629069,-0.306630105395003],[104.9617680092862,-0.306981074816706],[104.961851290105,-0.307801988570835]]],[[[104.391323719614,-0.305839659772447],[104.3913828824142,-0.306648787011879],[104.3908149812265,-0.306780693274325],[104.3905716597543,-0.305769193393493],[104.391323719614,-0.305839659772447]]],[[[104.1245690167468,-0.304372917675957],[104.1196609576872,-0.31237099962185],[104.1191610002799,-0.312297999852776],[104.1192635859458,-0.305566639988422],[104.1245690167468,-0.304372917675957]]],[[[104.3892613574257,-0.301955640740184],[104.3893237622819,-0.302049885193936],[104.388643508791,-0.302759766849706],[104.3885873830014,-0.302068688219295],[104.3892613574257,-0.301955640740184]]],[[[104.123865540962,-0.300307204114139],[104.1235908277546,-0.301255978080819],[104.122788000266,-0.300025999600154],[104.1231829995959,-0.299673000408587],[104.123865540962,-0.300307204114139]]],[[[104.3863885082231,-0.299653729735796],[104.3862036211003,-0.299932506979575],[104.3857792750935,-0.299624639365595],[104.3862722852378,-0.299605821951035],[104.3863885082231,-0.299653729735796]]],[[[105.0204492854062,-0.29820701104464],[105.0214772123036,-0.298585345037663],[105.0211345697048,-0.299227800022875],[105.0198567985525,-0.298878018605622],[105.0204492854062,-0.29820701104464]]],[[[104.3860228222954,-0.296558803745731],[104.3854050339153,-0.296313746582102],[104.3865158872984,-0.295553625199643],[104.3865720301751,-0.295949433919221],[104.3860228222954,-0.296558803745731]]],[[[104.3841240431901,-0.296472732330669],[104.3839198377304,-0.295415272596669],[104.3851991170457,-0.295880249074168],[104.3851491866857,-0.29607499726321],[104.3841240431901,-0.296472732330669]]],[[[104.3883405568713,-0.295823184392388],[104.3879511666131,-0.296238502105142],[104.3872897188455,-0.295384040940652],[104.3880510597087,-0.295402935696901],[104.3883405568713,-0.295823184392388]]],[[[104.3946131257952,-0.285291927180678],[104.3947130629575,-0.286981344113693],[104.3934986463455,-0.287237135585341],[104.392833289225,-0.285792089633199],[104.3946131257952,-0.285291927180678]]],[[[104.6495708089457,-0.284350542943182],[104.6501367181351,-0.284381953564219],[104.6503413894436,-0.285305800122584],[104.6489574641157,-0.284466634627448],[104.6495708089457,-0.284350542943182]]],[[[104.4163775736661,-0.28129391728047],[104.4165460742419,-0.281180840123588],[104.4169329778747,-0.281469851652252],[104.4161279524431,-0.281268772236023],[104.4163775736661,-0.28129391728047]]],[[[104.380305961551,-0.278532066901318],[104.3801156047514,-0.27837978110197],[104.380101328014,-0.278284603151826],[104.3803003902509,-0.278258728757288],[104.380305961551,-0.278532066901318]]],[[[104.6438202766845,-0.277716553576093],[104.6441452970679,-0.277764061162403],[104.6441295634287,-0.277990998785496],[104.6438517223792,-0.278017372303887],[104.6438202766845,-0.277716553576093]]],[[[104.3806380164314,-0.277730663938927],[104.3805075023194,-0.277677959170466],[104.3804989362769,-0.277539474367197],[104.3806654988137,-0.277623067250746],[104.3806380164314,-0.277730663938927]]],[[[104.4715569122218,-0.277552141318241],[104.4833763754194,-0.283282392968045],[104.4920122826409,-0.307747250435211],[104.4772837797227,-0.320035280203948],[104.4676732933879,-0.318395029207144],[104.4656890517085,-0.313054730791132],[104.4569523700559,-0.309674256561701],[104.4635859664192,-0.312979235403324],[104.4599593396518,-0.328848832307729],[104.4201695569795,-0.324015317153117],[104.3859852908885,-0.298267631645802],[104.4052978846896,-0.280106420974471],[104.4280968622804,-0.290825112189077],[104.4715569122218,-0.277552141318241]]],[[[104.4047581628589,-0.276668086163204],[104.4053445001486,-0.277278829254504],[104.40359088691,-0.277913274877653],[104.4038031260135,-0.276688193205546],[104.4047581628589,-0.276668086163204]]],[[[104.3831031229109,-0.279676908362594],[104.3830079152831,-0.282524921887608],[104.3887940597981,-0.288416844661546],[104.3806284539401,-0.285534940185331],[104.3831031229109,-0.279676908362594]]],[[[104.3803700517366,-0.275468183709718],[104.3803262988197,-0.276831476791164],[104.3768565722731,-0.277032331376928],[104.3787911992545,-0.275499511593116],[104.3803700517366,-0.275468183709718]]],[[[104.5290548217227,-0.274843771822544],[104.5286201676867,-0.274790928558469],[104.5286439628486,-0.274600571758901],[104.5292197915602,-0.274541085202864],[104.5290548217227,-0.274843771822544]]],[[[104.5142716643059,-0.274433241201047],[104.5141722019856,-0.274170548332078],[104.5144149074221,-0.274068230664318],[104.5144958086347,-0.274187203776391],[104.5142716643059,-0.274433241201047]]],[[[104.5914802570083,-0.273814370936412],[104.5923368630558,-0.274088008554754],[104.5925986044421,-0.274837538621478],[104.5922535822371,-0.274908923208253],[104.5914802570083,-0.273814370936412]]],[[[104.6557563540725,-0.273011273651294],[104.6553212215971,-0.273544298230702],[104.6549543521617,-0.2705994421105],[104.6558297630332,-0.272166884893712],[104.6557563540725,-0.273011273651294]]],[[[104.4616654156265,-0.270457202637767],[104.4615254496398,-0.270470475731857],[104.4614646392817,-0.27027449367292],[104.4617905149204,-0.270233954033719],[104.4616654156265,-0.270457202637767]]],[[[104.4645031499005,-0.269654358062146],[104.4644032127381,-0.269919962036605],[104.464128905125,-0.269867704231144],[104.4641533693825,-0.269640081324665],[104.4645031499005,-0.269654358062146]]],[[[104.4625400953492,-0.269312430424298],[104.4623909733648,-0.269366627168013],[104.4623295118975,-0.269333845080835],[104.4626043402182,-0.269211778300862],[104.4625400953492,-0.269312430424298]]],[[[104.4661772765601,-0.268737537007693],[104.4661559959026,-0.269143651058615],[104.4653097869172,-0.268847721045498],[104.4657380899409,-0.268733507145649],[104.4661772765601,-0.268737537007693]]],[[[104.4643541250429,-0.268833600790044],[104.4642461677266,-0.269084770645536],[104.4639718601133,-0.269032512840164],[104.4639963252703,-0.268804890832966],[104.4643541250429,-0.268833600790044]]],[[[104.4651838161802,-0.268785155210674],[104.4649385908433,-0.269061872107626],[104.4647601320745,-0.268876273621091],[104.4651812962799,-0.2686192932458],[104.4651838161802,-0.268785155210674]]],[[[104.4640106020078,-0.268570807196935],[104.4638008351405,-0.268545978713933],[104.4637155056661,-0.268459966654058],[104.4640648050468,-0.268460675319895],[104.4640106020078,-0.268570807196935]]],[[[104.4396211257145,-0.268001227874295],[104.4398398336415,-0.268424665565783],[104.4391675544392,-0.268645321424435],[104.4390683978883,-0.268426511873956],[104.4396211257145,-0.268001227874295]]],[[[104.5036126359145,-0.26755437633337],[104.5031251242251,-0.267411866164638],[104.5032299698872,-0.267163830446362],[104.5037227291208,-0.267348561986561],[104.5036126359145,-0.26755437633337]]],[[[104.5002341141131,-0.266918309232514],[104.5009155502125,-0.267836603376528],[104.5005249872384,-0.268520012588416],[104.4992764206704,-0.267165142557227],[104.5002341141131,-0.266918309232514]]],[[[104.4945645640035,-0.267048831438357],[104.4944772002626,-0.266753544440482],[104.4948953238602,-0.266753560628244],[104.4949078037522,-0.266803817442154],[104.4945645640035,-0.267048831438357]]],[[[104.4932372563943,-0.266686698732046],[104.4939611297025,-0.267490903981995],[104.4937177066069,-0.268508675734738],[104.492769161068,-0.26771702771862],[104.4932372563943,-0.266686698732046]]],[[[104.4693438623294,-0.266387752392808],[104.4686074299889,-0.267468329199952],[104.4677711755994,-0.267700743694357],[104.4683328858541,-0.266381429259502],[104.4693438623294,-0.266387752392808]]],[[[104.4535600085876,-0.266126211555376],[104.4549591315587,-0.266511685266016],[104.4511044052441,-0.266511685266016],[104.4523756005536,-0.266135980890761],[104.4535600085876,-0.266126211555376]]],[[[104.457693132632,-0.266213658033879],[104.4586996448728,-0.266156551083865],[104.4590208719158,-0.266763312876586],[104.4575308220898,-0.266963768163356],[104.457693132632,-0.266213658033879]]],[[[104.6356771502803,-0.272353081429502],[104.6332905770985,-0.27218931578428],[104.6321008468767,-0.265913486817906],[104.6379305257732,-0.268768840609448],[104.6356771502803,-0.272353081429502]]],[[[104.7696074862966,-0.266745550366812],[104.7681738617344,-0.266813701890792],[104.7679255193473,-0.266445176803456],[104.7691043605779,-0.265846135690564],[104.7696074862966,-0.266745550366812]]],[[[104.4975371965844,-0.26571306120873],[104.4983775851575,-0.266879348802787],[104.4969359773135,-0.267639487272467],[104.4971544649067,-0.265880369283591],[104.4975371965844,-0.26571306120873]]],[[[104.4662423119332,-0.265803339652296],[104.4660051652063,-0.265872439061779],[104.4657680310698,-0.265658822196782],[104.4658554083005,-0.265614839952802],[104.4662423119332,-0.265803339652296]]],[[[104.4621474837194,-0.265257113924624],[104.4625686479248,-0.267819794148119],[104.4615906900584,-0.26950445186891],[104.4596410902642,-0.266928880763187],[104.4621474837194,-0.265257113924624]]],[[[104.4572876822808,-0.265122490810279],[104.4573263099613,-0.265562074030504],[104.457664579157,-0.265899568909925],[104.4567508661596,-0.265257113924624],[104.4572876822808,-0.265122490810279]]],[[[104.7779737776677,-0.267732776646293],[104.7774997000512,-0.265610882036496],[104.7779722092501,-0.264974489381123],[104.7784462976586,-0.266476214205882],[104.7779737776677,-0.267732776646293]]],[[[104.497840974981,-0.264862613718611],[104.4980095304155,-0.265384272665939],[104.4974727547639,-0.265509710104952],[104.4974790032534,-0.265226992931369],[104.497840974981,-0.264862613718611]]],[[[104.7642891115533,-0.26576094291311],[104.7637875407624,-0.265657707936809],[104.7632421487063,-0.264505777119853],[104.7641998817192,-0.264838901294143],[104.7642891115533,-0.26576094291311]]],[[[104.4707589878371,-0.263179556791007],[104.4707418908257,-0.263284219890794],[104.4703237681275,-0.263321891592019],[104.4704485859336,-0.263202531771325],[104.4707589878371,-0.263179556791007]]],[[[104.5515652680228,-0.258430803638612],[104.5515010231538,-0.258723478106029],[104.5510527407914,-0.258669106893697],[104.5510867405607,-0.258475106940617],[104.5515652680228,-0.258430803638612]]],[[[104.5530843821386,-0.256977891316604],[104.552825745212,-0.257065448411689],[104.5528075905978,-0.2568649940242],[104.5529919992814,-0.256793611236075],[104.5530843821386,-0.256977891316604]]],[[[104.5896626749925,-0.256563156364534],[104.5913481088282,-0.259488448632952],[104.5870462054181,-0.260635952986801],[104.5868211815524,-0.257972084643912],[104.5896626749925,-0.256563156364534]]],[[[104.5538961947536,-0.256769816074057],[104.553523494114,-0.256837831800441],[104.5535035831239,-0.256484281324523],[104.5540032698351,-0.256519972718541],[104.5538961947536,-0.256769816074057]]],[[[104.5531110704196,-0.256553683805441],[104.5528820652552,-0.256557835075968],[104.5528621551644,-0.256204283700681],[104.5530406139333,-0.256156695175294],[104.5531110704196,-0.256553683805441]]],[[[104.3514774909935,-0.255783016073321],[104.3513204468812,-0.255322590165344],[104.3516059816308,-0.255165545153682],[104.351691642955,-0.255533171818437],[104.3514774909935,-0.255783016073321]]],[[[104.5855930143062,-0.255457959717001],[104.5855454248815,-0.255291397180171],[104.5857304460034,-0.255126773581685],[104.5857643360553,-0.255200978442341],[104.5855930143062,-0.255457959717001]]],[[[104.5622066184408,-0.255062962185873],[104.5617066178662,-0.255319962346315],[104.5612406179602,-0.254745961956518],[104.5615437821198,-0.254661613642496],[104.5622066184408,-0.255062962185873]]],[[[104.4632374827237,-0.247698309629277],[104.4642746042896,-0.247870253709229],[104.4621432470133,-0.248076237128616],[104.4621687373974,-0.24784800358251],[104.4632374827237,-0.247698309629277]]],[[[104.4382170537741,-0.240082369405828],[104.4384133586896,-0.241069845696787],[104.4353025425783,-0.240253972642693],[104.4373292160705,-0.239703144184736],[104.4382170537741,-0.240082369405828]]],[[[104.6154406919345,-0.240062001560107],[104.6145877065575,-0.240425944601588],[104.6141676799945,-0.238539147163833],[104.6145959830182,-0.238562942325851],[104.6154406919345,-0.240062001560107]]],[[[104.7935018498305,-0.191056001633141],[104.7940330074174,-0.193815306930814],[104.7923934246169,-0.194249555372641],[104.7911872314056,-0.192218939252589],[104.7935018498305,-0.191056001633141]]],[[[104.7779304726132,-0.186134695559728],[104.7778757452695,-0.186082346922747],[104.7779614056944,-0.186015722447566],[104.7780018563007,-0.186079968215916],[104.7779304726132,-0.186134695559728]]],[[[104.7808227067026,-0.185692611324908],[104.7804337346292,-0.186710216703093],[104.7784955948958,-0.187767501069283],[104.7798240761203,-0.185127978273572],[104.7808227067026,-0.185692611324908]]],[[[104.7718005325686,-0.184357032650853],[104.7715292745565,-0.184399862863385],[104.7713579528073,-0.184085773739431],[104.7717434256186,-0.183985836577063],[104.7718005325686,-0.184357032650853]]],[[[104.9168396973941,-0.183947273647769],[104.9165544702127,-0.183819608588001],[104.9168297050269,-0.183327846702655],[104.9170048596866,-0.183698897086407],[104.9168396973941,-0.183947273647769]]],[[[104.9032356186289,-0.180438690992693],[104.9004456212685,-0.180236539584635],[104.9002439249172,-0.177940532629409],[104.9022090380167,-0.17769927959799],[104.9032356186289,-0.180438690992693]]],[[[104.7948430016033,-0.177176919179425],[104.7965105173466,-0.179647841574562],[104.7949268112234,-0.183709036942473],[104.7924744616272,-0.18090837721976],[104.7948430016033,-0.177176919179425]]],[[[104.4347565407818,-0.174595203905506],[104.4351812402221,-0.175656459677834],[104.4332213323986,-0.176094296414567],[104.4332367054097,-0.175270027289878],[104.4347565407818,-0.174595203905506]]],[[[104.7511617130426,-0.169126763789043],[104.7510755822724,-0.169023408303628],[104.7512220035926,-0.168790855313697],[104.7513253608768,-0.169092311660782],[104.7511617130426,-0.169126763789043]]],[[[104.758396679763,-0.166585912809561],[104.7580607712876,-0.166878757248837],[104.7577679268484,-0.16690459567055],[104.7578885097469,-0.166663429873351],[104.758396679763,-0.166585912809561]]],[[[104.4554452223192,-0.15286573066893],[104.4556920331609,-0.156741103618943],[104.4491853895941,-0.159486792281596],[104.4498584898774,-0.15241610202146],[104.4554452223192,-0.15286573066893]]],[[[104.7430034546457,-0.146544120814498],[104.7508626156173,-0.152803887889055],[104.7520387759688,-0.156596531304823],[104.7478884676786,-0.155410033246353],[104.7430034546457,-0.146544120814498]]],[[[104.7415151018405,-0.144290374800862],[104.7409012012295,-0.144040531445347],[104.741271206601,-0.143276248000371],[104.7417399611303,-0.143944162792822],[104.7415151018405,-0.144290374800862]]],[[[104.9239900109303,-0.140046634144822],[104.9237024608,-0.140000845162794],[104.9235915078418,-0.139797959907886],[104.9241938233863,-0.139766258805787],[104.9239900109303,-0.140046634144822]]],[[[104.9274261567917,-0.134700348941921],[104.9278051499877,-0.135692649196331],[104.9268825049237,-0.136016341281023],[104.9264551425908,-0.134683373338953],[104.9274261567917,-0.134700348941921]]],[[[104.480162944864,-0.13179192975368],[104.4799357869071,-0.13180448339021],[104.4798434256336,-0.131714010692965],[104.480162947562,-0.131658732064801],[104.480162944864,-0.13179192975368]]],[[[104.7738291198181,-0.130767089329689],[104.7738582506578,-0.131478936004006],[104.7729243119075,-0.131942930421827],[104.7733238699007,-0.130738937851651],[104.7738291198181,-0.130767089329689]]],[[[104.480913067584,-0.131293107291055],[104.4800930594472,-0.131327016228758],[104.4788249676981,-0.131852208612473],[104.4795389133902,-0.130409743714635],[104.480913067584,-0.131293107291055]]],[[[104.4794540515632,-0.130080533389856],[104.4788100227643,-0.130133291218362],[104.47860034493,-0.130047846630779],[104.479074632988,-0.129892050777494],[104.4794540515632,-0.130080533389856]]],[[[104.4792743364415,-0.129532682587177],[104.4796487718733,-0.129542742403624],[104.4797386312329,-0.129783999032254],[104.4792318956355,-0.129806606189911],[104.4792743364415,-0.129532682587177]]],[[[104.8226964029167,-0.126621319917922],[104.8237807991446,-0.12742151329215],[104.8215400816095,-0.130429207741736],[104.8210973282791,-0.127614826163283],[104.8226964029167,-0.126621319917922]]],[[[104.7700467610492,-0.125811174645987],[104.7704496726143,-0.130669919381246],[104.7733597537497,-0.132854263813156],[104.770875596032,-0.133725146598154],[104.7689863038749,-0.127362468303163],[104.7700467610492,-0.125811174645987]]],[[[104.9163201005922,-0.124816749293435],[104.9256243677704,-0.132822638254096],[104.9213366619574,-0.139441224932549],[104.910898039413,-0.13780865684401],[104.9163201005922,-0.124816749293435]]],[[[104.9141271190714,-0.124498362309547],[104.9136360568586,-0.123648633377707],[104.9137419043655,-0.123407368655107],[104.9143130548037,-0.124058777290672],[104.9141271190714,-0.124498362309547]]],[[[104.8251448098851,-0.122594296989201],[104.8260474810065,-0.122712921164306],[104.8267024851316,-0.127113926266611],[104.8243140269709,-0.124693257987454],[104.8251448098851,-0.122594296989201]]],[[[104.9061598344089,-0.11912657503135],[104.9065372169191,-0.117939382696333],[104.9067941990931,-0.117725230734747],[104.9064977177955,-0.118645924269936],[104.9061598344089,-0.11912657503135]]],[[[105.0043048925568,-0.119415894128208],[105.0039390510464,-0.119760915433867],[105.0030110613115,-0.119415894128208],[105.004185920344,-0.116364235421054],[105.0043048925568,-0.119415894128208]]],[[[104.7330866987922,-0.09996506193797],[104.7580149481314,-0.139515614154176],[104.7664284017494,-0.148207073397691],[104.7564072013314,-0.151329263234848],[104.7453904622001,-0.139774348207558],[104.7330866987922,-0.09996506193797]]],[[[104.7309472341276,-0.099128458611444],[104.7300665936983,-0.097931272110488],[104.7309705076828,-0.096931353698951],[104.7316904482556,-0.097906350997315],[104.7309472341276,-0.099128458611444]]],[[[104.8869729784202,-0.091269518873174],[104.887479234679,-0.09208076491525],[104.8863498984291,-0.092237577901846],[104.8863758627559,-0.091293645885029],[104.8869729784202,-0.091269518873174]]],[[[104.8006090004051,-0.09240500019059],[104.8011285387511,-0.094743902109398],[104.7995152638184,-0.095814660118412],[104.7977479997704,-0.090949999642723],[104.8006090004051,-0.09240500019059]]],[[[104.8856368313747,-0.088992610820318],[104.8864784700054,-0.089683471814775],[104.8853431370761,-0.090247423179937],[104.8848668444294,-0.089053178361434],[104.8856368313747,-0.088992610820318]]],[[[104.8660759266627,-0.089280253580773],[104.8656208948884,-0.089073270115206],[104.8657493864251,-0.088782976153359],[104.8662226789335,-0.089003759715725],[104.8660759266627,-0.089280253580773]]],[[[104.7293730563216,-0.089015540834472],[104.7291262391846,-0.088611523103291],[104.7298383961251,-0.088563741223682],[104.7298274288928,-0.088924054601394],[104.7293730563216,-0.089015540834472]]],[[[104.8388853625695,-0.081877882558137],[104.8378083111047,-0.084367116948838],[104.8359051208248,-0.084527950804228],[104.8361208088283,-0.082766746388144],[104.8388853625695,-0.081877882558137]]],[[[104.6638902138623,-0.082474365099808],[104.6636609757735,-0.08232499490253],[104.6641190229746,-0.081807462044717],[104.6642355661185,-0.081866848776071],[104.6638902138623,-0.082474365099808]]],[[[104.6608351080539,-0.081299988103892],[104.6606260453558,-0.081160135431871],[104.6609052605694,-0.080779333699235],[104.6611514643686,-0.081128285042256],[104.6608351080539,-0.081299988103892]]],[[[104.7258025220688,-0.081218453768608],[104.7253191679453,-0.080912518797652],[104.7254843644119,-0.08042180911916],[104.726024827284,-0.080887888165451],[104.7258025220688,-0.081218453768608]]],[[[104.852188781787,-0.079809562361424],[104.8510419366361,-0.079752921260281],[104.8489301647953,-0.078378783254232],[104.8517020003471,-0.076792999697142],[104.852188781787,-0.079809562361424]]],[[[104.8152462356253,-0.06496063032875],[104.8154559287482,-0.065658274010064],[104.8144114777076,-0.065139563040331],[104.8145093257449,-0.064978721091061],[104.8152462356253,-0.06496063032875]]],[[[104.8320784218817,-0.051793793848434],[104.8434629486562,-0.056519767173471],[104.844175849336,-0.070719982241288],[104.8361437424398,-0.066085730771784],[104.8320784218817,-0.051793793848434]]],[[[104.691531093685,-0.048051925256123],[104.7105168252913,-0.05994912765013],[104.7274524048047,-0.088193231332559],[104.6994384079562,-0.066572721753635],[104.691531093685,-0.048051925256123]]],[[[104.8305089331408,-0.04773348611147],[104.8301371426151,-0.047543129311903],[104.8299438108582,-0.047067236863432],[104.8303334484299,-0.047293285956387],[104.8305089331408,-0.04773348611147]]],[[[104.6890254502643,-0.044983674057233],[104.6904787061274,-0.046409937668448],[104.6891673731758,-0.047552853681212],[104.6877118842961,-0.043089647868902],[104.6890254502643,-0.044983674057233]]],[[[104.4996773042642,-0.040526545863331],[104.5000718602282,-0.040709450880419],[104.4998545300625,-0.041097012816829],[104.4993627771705,-0.040873351423956],[104.4996773042642,-0.040526545863331]]],[[[104.6856977131789,-0.040621832631407],[104.685345701443,-0.040403811786474],[104.6853897097674,-0.040049317022264],[104.6859178879002,-0.040312419982127],[104.6856977131789,-0.040621832631407]]],[[[104.8365210296219,-0.037153164586792],[104.8362351747136,-0.037001252905425],[104.836236172961,-0.036718779448089],[104.8364209036019,-0.036740891079193],[104.8365210296219,-0.037153164586792]]],[[[104.6822812094103,-0.036627202383402],[104.6844076482943,-0.038927697854943],[104.6845740660404,-0.040399656019277],[104.6803569489141,-0.037238323189984],[104.6822812094103,-0.036627202383402]]],[[[104.8427526209367,-0.036119339935572],[104.8573736413804,-0.059033437942782],[104.8705122238601,-0.063467646914342],[104.8777308238185,-0.080211820119372],[104.84773561061,-0.063612594245813],[104.8428748298096,-0.053479626983213],[104.8375317246094,-0.05316798761246],[104.8335585099173,-0.038985278747619],[104.8427526209367,-0.036119339935572]]],[[[104.6806769861541,-0.036319013711486],[104.6804683686204,-0.035918684099981],[104.6806182936993,-0.035665283026345],[104.6808878816705,-0.036052999646222],[104.6806769861541,-0.036319013711486]]],[[[104.8388588073881,-0.033950569962807],[104.8396885749678,-0.034882441171716],[104.8393480853459,-0.035597174669791],[104.8384983330317,-0.035199094262753],[104.8388588073881,-0.033950569962807]]],[[[104.8359788220651,-0.030789799209765],[104.8375894350044,-0.033040555876854],[104.8369743337986,-0.036356888659464],[104.8342803336705,-0.030393725190228],[104.8359788220651,-0.030789799209765]]],[[[104.6770987087384,-0.029236749176567],[104.6772855941549,-0.029486651887447],[104.6769183470042,-0.029565578188853],[104.6768165662316,-0.029331563800541],[104.6770987087384,-0.029236749176567]]],[[[104.6529452244426,-0.026612288226493],[104.6525090883238,-0.026171945978495],[104.6533889058734,-0.024402995701658],[104.6543416116761,-0.025519031877755],[104.6529452244426,-0.026612288226493]]],[[[104.8185728989202,-0.023490409554741],[104.8180994193527,-0.023509616375675],[104.8177425000165,-0.023071794927334],[104.8184542720471,-0.023226839846727],[104.8185728989202,-0.023490409554741]]],[[[104.8152073588326,-0.019896485734153],[104.8147240811515,-0.019419993437866],[104.8144524769003,-0.018595687440984],[104.814801960642,-0.018694202775185],[104.8152073588326,-0.019896485734153]]],[[[104.4941382871522,-0.017698021946069],[104.4952141551093,-0.018142837421989],[104.494672479951,-0.018851511288156],[104.4939336005553,-0.018637900718479],[104.4941382871522,-0.017698021946069]]],[[[104.6563272329155,-0.015000716809579],[104.6558960295781,-0.014758741622581],[104.6558203813056,-0.014533033372713],[104.6564888482818,-0.014870908665435],[104.6563272329155,-0.015000716809579]]],[[[104.6641390850508,-0.015770986142075],[104.6694661868152,-0.019850369398958],[104.6747533946535,-0.028949369018141],[104.6595519652511,-0.018064070300541],[104.6641390850508,-0.015770986142075]]],[[[104.8299670286555,-0.013210059596494],[104.8304369244245,-0.020651089775894],[104.8266749955546,-0.020258479045568],[104.8254796679524,-0.015894084444382],[104.8299670286555,-0.013210059596494]]],[[[104.6559040191552,-0.01343893435928],[104.6557722423951,-0.013379567413077],[104.6557681172049,-0.013159395389708],[104.6559455480487,-0.013302015275743],[104.6559040191552,-0.01343893435928]]],[[[104.6865090077845,-0.014149789081477],[104.6853911432866,-0.013659526365986],[104.685334042632,-0.013255044584584],[104.6868126548801,-0.013404931892039],[104.6865090077845,-0.014149789081477]]],[[[104.8317741812335,-0.01221590134273],[104.8322667300256,-0.012230178080211],[104.8327021709685,-0.012744140629531],[104.8314336043774,-0.013101589666567],[104.8310933611697,-0.011400605653369],[104.8317741812335,-0.01221590134273]]],[[[104.8252481635719,-0.011402399800867],[104.8252330432704,-0.011039258055304],[104.8255437689298,-0.010912471633231],[104.8256185160817,-0.011271255264125],[104.8252481635719,-0.011402399800867]]],[[[104.527235025576,-0.007704930737942],[104.5276557473149,-0.009131983054525],[104.5282859202591,-0.010080787598168],[104.5256360462666,-0.00784730600836],[104.527235025576,-0.007704930737942]]],[[[104.6549033767895,-0.007406988941375],[104.6579715902168,-0.00589685185817],[104.6597349089389,-0.009350341145334],[104.6538342438553,-0.010339017131924],[104.6518027140241,-0.005657288652896],[104.6549033767895,-0.007406988941375]]],[[[104.535730624169,-0.003727371421006],[104.5372431660393,-0.004693302653694],[104.5357514137968,-0.00642354341174],[104.534515777681,-0.00546795078529],[104.535730624169,-0.003727371421006]]],[[[104.4874286270296,-0.002959810846528],[104.490261679433,-0.003868740350013],[104.4904314219726,-0.005293635193107],[104.4892631909435,-0.005406721343062],[104.4868668286413,-0.00233327116346],[104.4874286270296,-0.002959810846528]]],[[[104.5314240739618,-0.001933319267236],[104.533526902045,-0.003098122080639],[104.5336588901457,-0.008297892433776],[104.5278429753731,-0.004810264881774],[104.5314240739618,-0.001933319267236]]],[[[104.5464277127688,0.0052322395762],[104.5454720302101,0.003301450001933],[104.5419624520057,0.004012019639019],[104.5425579183133,0.004869605947563],[104.5464277127688,0.0052322395762]]],[[[104.5049286039719,0.007037559335929],[104.5120953993832,0.001224002585706],[104.5086758316244,-0.004198830211768],[104.502013947086,-0.000408768749674],[104.5049286039719,0.007037559335929]]],[[[104.5040906210854,0.009147724987566],[104.5036480413241,0.009290493261657],[104.5034624428376,0.009647411698685],[104.5038907458613,0.009571268799055],[104.5040906210854,0.009147724987566]]],[[[104.504366703061,0.009808042307322],[104.5040049597611,0.009928189034733],[104.5040811026607,0.010180411097169],[104.5043856742595,0.009890117135233],[104.504366703061,0.009808042307322]]],[[[104.5048273520008,0.009956741610415],[104.5043856742595,0.010370767896648],[104.5044903697348,0.010470705958385],[104.5048758434455,0.010113786621988],[104.5048273520008,0.009956741610415]]],[[[104.5477646817947,0.01735928170554],[104.5478733864477,0.019363575568596],[104.5490481150785,0.019458319146201],[104.5493061017952,0.018025750388093],[104.5477646817947,0.01735928170554]]],[[[104.7853497517897,0.019584013791205],[104.7862423639939,0.018922702720589],[104.7871090253613,0.017633751196675],[104.7852214859828,0.019213718838104],[104.7853497517897,0.019584013791205]]],[[[104.5352908404,0.019435417010902],[104.5456007052084,0.006958838080015],[104.5229703936688,-0.001278839446853],[104.5131253182789,0.013948477840062],[104.5352908404,0.019435417010902]]],[[[104.5430341021421,0.018144269342566],[104.5392502406062,0.020454516163079],[104.5378716977207,0.022764762084135],[104.5417601387194,0.021253118636563],[104.5430341021421,0.018144269342566]]],[[[104.5159466489187,0.0256977417574],[104.5174092073691,0.025613549925405],[104.5158969811608,0.023816714369859],[104.5152090213792,0.025437126322389],[104.5159466489187,0.0256977417574]]],[[[104.5321042779901,0.026387027139682],[104.5344700669401,0.024980602572741],[104.5359109076622,0.019661967925552],[104.5313782166315,0.019195889778542],[104.5321042779901,0.026387027139682]]],[[[104.5237871741388,0.026915427405092],[104.5240305603621,0.025372599066229],[104.521288444706,0.02610112636596],[104.5217151730169,0.026533998845066],[104.5237871741388,0.026915427405092]]],[[[104.5448024390814,0.023040470841115],[104.542511206627,0.024361969729211],[104.5426157860896,0.026938417673891],[104.5434470933088,0.026710696741292],[104.5448024390814,0.023040470841115]]],[[[104.5546397991875,0.025874322741901],[104.6526683789427,-0.05159657162446],[104.6683435801921,-0.077314216178051],[104.6495081585747,-0.085855127112369],[104.6256494801395,-0.073105717255009],[104.6324910537192,-0.096574598938551],[104.6715936347385,-0.119239629705062],[104.6609110207271,-0.090125822248835],[104.6831152505684,-0.084076358936771],[104.7157572063301,-0.132533594349907],[104.7340270146351,-0.14020728363924],[104.7356251539777,-0.163005300753996],[104.7510993531527,-0.189187722135634],[104.7771827771635,-0.191252858732385],[104.7890211243254,-0.205497398685919],[104.8187493593955,-0.200133750272327],[104.8267616317439,-0.192004358314415],[104.8160065692479,-0.183849645944337],[104.8126498263284,-0.152211328190235],[104.827292351361,-0.133195089781493],[104.8764483501114,-0.193483065890712],[104.8916756727942,-0.225499642094709],[104.9553654037905,-0.276560287127461],[104.9978420585643,-0.278207804646405],[104.9933506841868,-0.289399499687162],[105.0009160519344,-0.303488562147416],[104.9852929493102,-0.308433640899766],[104.981171836611,-0.298243575680404],[104.9524164647481,-0.294953888011465],[104.9361227017014,-0.278647267357426],[104.921092015784,-0.276259926154657],[104.8996235356977,-0.287179625739123],[104.9040041918401,-0.311600647551804],[104.9294483237812,-0.324051337699041],[104.9164289842103,-0.339410402068355],[104.9048329782594,-0.326075630685787],[104.8815813646883,-0.326662647862877],[104.8657690689874,-0.312669937867296],[104.8493178733213,-0.322420651891589],[104.8232889311393,-0.303537158812775],[104.8264680309749,-0.292607938105752],[104.8182225518293,-0.291463038188658],[104.819619352751,-0.299965708150898],[104.7887390663549,-0.278683351755207],[104.7949232589013,-0.273301549626728],[104.7899625382406,-0.262433661784003],[104.7783433585592,-0.259580602163004],[104.775579893897,-0.265506080441183],[104.7720606605711,-0.259249586898916],[104.7692901578146,-0.265085248985011],[104.7485528877057,-0.251829093637726],[104.7552997707678,-0.239495389100844],[104.7506507650209,-0.232084622906983],[104.7346722503241,-0.232189793224327],[104.7029612115907,-0.204557837374233],[104.6474262541184,-0.217102075900025],[104.6005759237399,-0.242901477820892],[104.5955081999436,-0.253176671066482],[104.5930171768013,-0.246410180085713],[104.5673147586692,-0.240660750393287],[104.5214670257826,-0.27588020630647],[104.5039219217593,-0.26761507607487],[104.5053791283441,-0.25000000119906],[104.4983948116713,-0.241878148257937],[104.461404617629,-0.247418973906457],[104.4290401593759,-0.236965233758538],[104.4265218508028,-0.184175845338943],[104.4498948539644,-0.181550443697967],[104.4551586326648,-0.157967434449516],[104.4758016079579,-0.158207521959566],[104.469628126337,-0.137628826608951],[104.4862258854163,-0.140184448053818],[104.4833577684463,-0.135460251789146],[104.5053491539404,-0.13009474627548],[104.5127498099558,-0.104013920406024],[104.5097090348441,-0.056481428175362],[104.4980496932388,-0.051189397272802],[104.5022848660537,-0.031589369353904],[104.4952765527707,-0.020324159232546],[104.495728398247,-0.011938125044322],[104.5050844151137,-0.010025766176083],[104.4936685730462,0.003134898257004],[104.5057707534176,-0.006129343694264],[104.5346318297952,-0.011739576320371],[104.5481446525538,0.002417495571036],[104.5562287141838,0.000504762584816],[104.5479139575631,0.016588273130333],[104.5496744218372,0.017997984719306],[104.5489588375804,0.029350750137011],[104.5546397991875,0.025874322741901]]],[[[104.6141529446028,0.030329188241504],[104.6167733190334,0.030102006902164],[104.6184121877723,0.029650117359134],[104.6163343266679,0.027098907088982],[104.6141529446028,0.030329188241504]]],[[[104.5483052921556,0.030379890219853],[104.5485181985561,0.030116585811799],[104.5481211208931,0.02995848679481],[104.5479248159775,0.030251161262138],[104.5483052921556,0.030379890219853]]],[[[104.7592824049591,0.030574347028553],[104.7585934334402,0.030559275290384],[104.7585148003179,0.030674244620707],[104.7592093881028,0.031005982040464],[104.7592824049591,0.030574347028553]]],[[[104.5219228300746,0.03323782416633],[104.5254600003788,0.033038563179241],[104.5280187919338,0.029627852843214],[104.5177739930754,0.028503965585555],[104.5219228300746,0.03323782416633]]],[[[104.5465434833951,0.036898802337967],[104.5462728926799,0.036827765788791],[104.5461420233358,0.036928892754259],[104.5465257109929,0.037148992831801],[104.5465434833951,0.036898802337967]]],[[[104.7103078201498,0.037200244295851],[104.7108702012988,0.036914658284923],[104.7108336807298,0.036367433410353],[104.7100603564004,0.037343011670751],[104.7103078201498,0.037200244295851]]],[[[104.5187263598337,0.042251380996492],[104.523178674856,0.035046099098254],[104.5127895096282,0.031189396973128],[104.5124892952448,0.039204896988496],[104.5187263598337,0.042251380996492]]],[[[104.731921341097,0.043484313750161],[104.7312429905716,0.043586605337628],[104.7310707119439,0.044334942903321],[104.7321097724481,0.043823488563197],[104.731921341097,0.043484313750161]]],[[[104.5155279236748,0.04439700781573],[104.5153851500047,0.042840289447829],[104.5140903537868,0.043345033046835],[104.5143775378931,0.044047434141811],[104.5155279236748,0.04439700781573]]],[[[104.7320074808606,0.044652582550706],[104.7314852589376,0.045379386749309],[104.7315121783444,0.045481678336865],[104.7319913299359,0.045190956297622],[104.7320074808606,0.044652582550706]]],[[[104.6592446507201,0.032298874393552],[104.6509020393976,0.038824090759279],[104.6446474955855,0.048094732286172],[104.6476925982348,0.046780022380164],[104.6592446507201,0.032298874393552]]],[[[104.4911488408463,0.046156358729041],[104.4903513202572,0.048139137211509],[104.4921316937228,0.050809897958468],[104.4941125008913,0.048557587262918],[104.4911488408463,0.046156358729041]]],[[[104.5128302012529,0.051346836387475],[104.5189473763204,0.045935146190088],[104.4971736195669,0.026362398306132],[104.4928188845839,0.040160870927439],[104.5128302012529,0.051346836387475]]],[[[104.5261511527536,0.055186124939796],[104.539585879285,0.0445522110158],[104.5443903292503,0.032631029098715],[104.5297370168499,0.038196255153109],[104.5214684179332,0.049973634575659],[104.5261511527536,0.055186124939796]]],[[[104.4709556713672,0.05438514016218],[104.4703397212012,0.055071189783648],[104.4711054282729,0.055421766201588],[104.4714031056688,0.054939268232721],[104.4709556713672,0.05438514016218]]],[[[104.7688493047516,0.062878262022201],[104.7841083429257,0.030948378664794],[104.7730616716588,0.038502038138619],[104.7398862992134,0.032083920236767],[104.7384025320513,0.047875925433713],[104.7609274403492,0.042064656558713],[104.7688493047516,0.062878262022201]]],[[[104.4983472159513,0.063451184124938],[104.5055032051089,0.058343874869957],[104.5080930448581,0.050562131137541],[104.4927008368741,0.054202506740372],[104.4983472159513,0.063451184124938]]],[[[104.547625117805,0.064288673283672],[104.5469465856165,0.064277259088305],[104.5469032032203,0.064653250347233],[104.5477964773256,0.064578595825557],[104.547625117805,0.064288673283672]]],[[[104.5105843009247,0.069789077104263],[104.5241251276725,0.059065712112913],[104.5217751919716,0.052163886654119],[104.5089391144486,0.062639311255294],[104.5105843009247,0.069789077104263]]],[[[104.495112190875,0.069632336962863],[104.4942654081222,0.06862764584927],[104.4943659712126,0.071131680382772],[104.495112190875,0.071034024800484],[104.495112190875,0.069632336962863]]],[[[104.7576007518732,0.072830749739358],[104.7571425266064,0.073192118921225],[104.7574487691454,0.073431271136323],[104.7578014508763,0.07314053920455],[104.7576007518732,0.072830749739358]]],[[[104.4125102199707,0.076450022750427],[104.4121676106467,0.07695702094985],[104.4126599885676,0.077520574814757],[104.4127947888484,0.07708142506779],[104.4125102199707,0.076450022750427]]],[[[104.5365511071479,0.075906390667432],[104.5346674762231,0.076763983271208],[104.5344095920291,0.079261431170183],[104.5363300133195,0.078654851040591],[104.5365511071479,0.075906390667432]]],[[[104.6168584326706,0.079223067890341],[104.6180196103168,0.078914238001746],[104.6192854843377,0.075725760035825],[104.6152784713244,0.078533524402699],[104.6168584326706,0.079223067890341]]],[[[104.6229688889032,0.08075403686931],[104.6250437786475,0.079621413597428],[104.6247763076805,0.078440262008536],[104.6203990707606,0.079535753172541],[104.6229688889032,0.08075403686931]]],[[[104.6274981328326,0.081204387672448],[104.6267993551062,0.081653601732443],[104.6274268291848,0.082081425417455],[104.6277548272235,0.081425430239454],[104.6274981328326,0.081204387672448]]],[[[104.4779671430692,0.081489795617637],[104.476878316781,0.080706978943931],[104.4763131333445,0.081819443012973],[104.4774960098331,0.082517723414208],[104.4779671430692,0.081489795617637]]],[[[104.6252888996631,0.082982230445625],[104.6262693288665,0.082845564970954],[104.6267743980201,0.082090932150811],[104.6241836886263,0.082233540345664],[104.6252888996631,0.082982230445625]]],[[[104.7483905861566,0.088596589161247],[104.7544887468582,0.078205181024346],[104.7402204468162,0.075852041038901],[104.7394375833778,0.086624204143712],[104.7483905861566,0.088596589161247]]],[[[104.7407537052194,0.088079057202803],[104.7399820356425,0.088281194221837],[104.7398028888922,0.09313606287906],[104.7419060002617,0.091856000254273],[104.7407537052194,0.088079057202803]]],[[[104.4868536976401,0.091973465203329],[104.4959634540502,0.084001689326582],[104.5027143220084,0.074007838191223],[104.4830183418231,0.083447498303466],[104.4868536976401,0.091973465203329]]],[[[104.5183026874191,0.092177312732852],[104.5164639245706,0.092206118018032],[104.5177827138013,0.094004344824691],[104.5181688332252,0.093776930560916],[104.5183026874191,0.092177312732852]]],[[[104.7465230611903,0.093696630994808],[104.7462325486933,0.093898571062232],[104.7463034062772,0.094352053304656],[104.7465832887878,0.09421388236481],[104.7465230611903,0.093696630994808]]],[[[104.51074520133,0.095874128888005],[104.5105261552579,0.096026043267303],[104.5106251292463,0.096228587679212],[104.5107451977328,0.09610444706267],[104.51074520133,0.095874128888005]]],[[[104.4822237017625,0.09452538773653],[104.4811846772311,0.095188811314648],[104.4801493309269,0.097944347553655],[104.4827853589572,0.09640640882875],[104.4822237017625,0.09452538773653]]],[[[104.4717044019367,0.094886161567162],[104.4699298299977,0.096422721631415],[104.4703052789655,0.098155540745656],[104.4719762615953,0.096278399328684],[104.4717044019367,0.094886161567162]]],[[[104.6481126994416,0.097985764931183],[104.6473051388211,0.098057890559231],[104.6472737821594,0.098326897568343],[104.6481157085731,0.098334424893862],[104.6481126994416,0.097985764931183]]],[[[104.5146005787537,0.097881903127403],[104.5168566279311,0.095242383928904],[104.5157647205655,0.093896657304901],[104.5107101601458,0.096932497836574],[104.5146005787537,0.097881903127403]]],[[[104.4662185536434,0.098643331224865],[104.4661019610367,0.098711144603689],[104.466339907261,0.0987504063062],[104.4663113528867,0.098643331224865],[104.4662185536434,0.098643331224865]]],[[[104.4666432881572,0.098715903816002],[104.4663577534076,0.098870569221463],[104.4665243150452,0.099215591426491],[104.4668812343815,0.098989542333625],[104.4666432881572,0.098715903816002]]],[[[104.7370060000269,0.098009999861601],[104.7382107183501,0.096765958682107],[104.7339134689315,0.093409926227148],[104.7342557284192,0.100045934572288],[104.7370060000269,0.098009999861601]]],[[[104.5072046756553,0.102481510913075],[104.5084329813971,0.101601087220457],[104.5078440333754,0.099488979033177],[104.5075308777479,0.099833646006006],[104.5072046756553,0.102481510913075]]],[[[104.7329627497312,0.102603364553675],[104.7339134689315,0.101548067689203],[104.7326299978761,0.100739957582993],[104.7316697719424,0.102004413373022],[104.7329627497312,0.102603364553675]]],[[[104.5409189497498,0.10284785514447],[104.5592488111837,0.079469706961463],[104.5618537802278,0.072453407698633],[104.5339026441917,0.096259383164041],[104.5409189497498,0.10284785514447]]],[[[104.3921812843388,0.103719282918677],[104.3920938387597,0.103564023960631],[104.3918767127402,0.103733559656158],[104.3921003831262,0.103823980192638],[104.3921812843388,0.103719282918677]]],[[[104.4611491130411,0.104512270924603],[104.4606732196934,0.104655039198784],[104.4607327071488,0.104809703704875],[104.4613394689414,0.104845395998263],[104.4611491130411,0.104512270924603]]],[[[104.5042787520628,0.105911482029361],[104.5053601940178,0.105489601064265],[104.504311804846,0.103906437232324],[104.5034528146957,0.105798583837588],[104.5042787520628,0.105911482029361]]],[[[104.5076751946546,0.10685506870651],[104.5073757186146,0.105852062023112],[104.5065508631319,0.106706133781051],[104.5076751577824,0.107592483106631],[104.5076751946546,0.10685506870651]]],[[[104.5050598582259,0.107675643416291],[104.5054947038176,0.107531902974964],[104.5055904402467,0.107296682595878],[104.5046753261055,0.107296668206766],[104.5050598582259,0.107675643416291]]],[[[104.4555825416011,0.107767379660936],[104.4553505084193,0.108549553319312],[104.4560600609231,0.108555219947545],[104.456191113729,0.108304551014291],[104.4555825416011,0.107767379660936]]],[[[104.4550172637358,0.108689022880101],[104.4548469123552,0.108033121231552],[104.453233094232,0.108762496591927],[104.4540138325723,0.109367520894407],[104.4550172637358,0.108689022880101]]],[[[104.6395315069735,0.10900488636649],[104.6392164825547,0.10930093778809],[104.6392000618334,0.109500815710126],[104.6396777466308,0.109318974591075],[104.6395315069735,0.10900488636649]]],[[[104.4557867092892,0.109333629043837],[104.4552643821456,0.109065982708964],[104.4547851028503,0.109595590763975],[104.4556181691432,0.109914142323861],[104.4557867092892,0.109333629043837]]],[[[104.5399488177838,0.107240401223605],[104.5399868177375,0.105976401389826],[104.5341406137983,0.106611153681888],[104.537052818233,0.109939400682821],[104.5399488177838,0.107240401223605]]],[[[104.5327204179131,0.109029306557337],[104.5316122076373,0.109553646383739],[104.5326749571836,0.110551720285665],[104.5329199846696,0.10990649988509],[104.5327204179131,0.109029306557337]]],[[[104.5267186636355,0.107321470609387],[104.5257080001241,0.102119999638292],[104.5213292757256,0.102627303607258],[104.5228979622712,0.110565792877113],[104.5267186636355,0.107321470609387]]],[[[104.4991081530189,0.111871889975854],[104.5017838951107,0.110310392610577],[104.5010846209585,0.107293344312451],[104.4980279593229,0.109172853644354],[104.4991081530189,0.111871889975854]]],[[[104.5103659356394,0.112340675981423],[104.509737995712,0.113083894606111],[104.5093242320277,0.114268164144546],[104.5096795712552,0.113899008632432],[104.5103659356394,0.112340675981423]]],[[[104.4578572256305,0.114356580991457],[104.462483431765,0.10847429355387],[104.460661322562,0.106641888912071],[104.4573062829586,0.110877328825707],[104.4578572256305,0.114356580991457]]],[[[104.5275690922399,0.115459916941704],[104.5313979927233,0.112395905146931],[104.5310151270465,0.108596407997849],[104.5272458399236,0.114114270357321],[104.5275690922399,0.115459916941704]]],[[[104.4981602882668,0.115021756448927],[104.4978487667072,0.115160958011915],[104.4981424421201,0.115723697090983],[104.4984101316223,0.115342982592567],[104.4981602882668,0.115021756448927]]],[[[104.3988716638962,0.118486579891838],[104.3984725969329,0.11732952923442],[104.3978547950628,0.117159888318172],[104.3975945483498,0.118236081829723],[104.3988716638962,0.118486579891838]]],[[[104.52685146922,0.119508032569657],[104.5277163112588,0.118245366430545],[104.5276352050008,0.116809533133486],[104.5256037417194,0.11858019571955],[104.52685146922,0.119508032569657]]],[[[104.5235430423775,0.121575974151897],[104.5232006848637,0.121574331090565],[104.5230935908965,0.12168540815509],[104.523385648429,0.121845491076586],[104.5235430423775,0.121575974151897]]],[[[104.4124142650063,0.11907233621937],[104.4115388442423,0.120009738258917],[104.4128808602636,0.122065592053497],[104.4136660817243,0.120024014097028],[104.4124142650063,0.11907233621937]]],[[[104.5259947246768,0.121884744685216],[104.525504706577,0.121326084031567],[104.5264100972482,0.121030436405631],[104.526478262262,0.12049628497561],[104.525215906389,0.121100656370229],[104.5259947246768,0.121884744685216]]],[[[104.4842294956947,0.124697833937956],[104.487144335143,0.123591383635466],[104.4884815505832,0.121308796363914],[104.4834940759909,0.122398107386809],[104.4842294956947,0.124697833937956]]],[[[104.5251688871345,0.122827541757717],[104.5251087998313,0.121922294078677],[104.5238512652237,0.125279088259431],[104.5241725336356,0.12509614637006],[104.5251688871345,0.122827541757717]]],[[[104.5236695868819,0.122694908843021],[104.5223747627852,0.123804021138715],[104.5234959206003,0.125368926035138],[104.5239032298503,0.123000376166457],[104.5236695868819,0.122694908843021]]],[[[104.5232525253838,0.12623140015908],[104.5237685006158,0.125715224378117],[104.5237717579604,0.125489809307242],[104.5228858286181,0.12595697113735],[104.5232525253838,0.12623140015908]]],[[[104.4905362604401,0.12596978287924],[104.4972134136681,0.117899387346851],[104.4957438153249,0.114665080828866],[104.4897958719819,0.118099044035722],[104.4905362604401,0.12596978287924]]],[[[104.4960749762792,0.126230112329859],[104.5025720303749,0.120178568885907],[104.5028898148132,0.116252681915816],[104.4943488849931,0.123764786415778],[104.4960749762792,0.126230112329859]]],[[[104.7071736342559,0.127289197138778],[104.7067971897386,0.12747214532329],[104.7067777122217,0.127792315662864],[104.7068984390118,0.127787865817394],[104.7071736342559,0.127289197138778]]],[[[104.4437776986819,0.128000723654528],[104.4428178954295,0.128927425560319],[104.4429770061839,0.129803847269747],[104.4438363479691,0.128759710092583],[104.4437776986819,0.128000723654528]]],[[[104.234975348034,0.130860726940993],[104.2348801700838,0.130851210315106],[104.2345232507474,0.131079638114803],[104.2349610721958,0.131017771952655],[104.234975348034,0.130860726940993]]],[[[104.2339997688743,0.131165892991556],[104.2338332072368,0.1311599448756],[104.2337796687968,0.131198611226965],[104.2338956678509,0.131252148767677],[104.2339997688743,0.131165892991556]]],[[[104.7085277227762,0.133404577159554],[104.7077567780529,0.13327132731],[104.707699671103,0.133937575658669],[104.7080899022273,0.133870951183487],[104.7085277227762,0.133404577159554]]],[[[104.4886328480275,0.133175949710315],[104.4885750081302,0.129281431992487],[104.4791542886395,0.12717217105884],[104.4795672393367,0.130197362718151],[104.4886328480275,0.133175949710315]]],[[[104.5119255075562,0.134497016024524],[104.5123576048197,0.134729507860529],[104.5173470264441,0.130935028928489],[104.5104755558023,0.129258944444752],[104.5119255075562,0.134497016024524]]],[[[104.2342234392603,0.135986085589421],[104.2386920347096,0.131781720849775],[104.2219570094085,0.134762823245735],[104.227836964904,0.137261478034853],[104.2342234392603,0.135986085589421]]],[[[104.5278507769918,0.138260625727346],[104.5281590960655,0.136792130852223],[104.5260724845576,0.136694083165454],[104.5261844150787,0.13834226798137],[104.5278507769918,0.138260625727346]]],[[[104.4518433251094,0.137948143691899],[104.4787094920495,0.106557760032652],[104.4796064461806,0.094956958896583],[104.4459968666621,0.12647729998749],[104.4518433251094,0.137948143691899]]],[[[104.4446163146912,0.137819609887144],[104.4468035135714,0.138008328121872],[104.445886340882,0.132284277297609],[104.4424732023764,0.138662244067353],[104.4446163146912,0.137819609887144]]],[[[104.5445369232404,0.139306343912635],[104.5510388525611,0.134012871396935],[104.5524397741763,0.130096279819478],[104.5464443025626,0.133417844857695],[104.5445369232404,0.139306343912635]]],[[[104.4777374337356,0.144585964170949],[104.4830139117627,0.137130196801236],[104.4780610412841,0.130442446861442],[104.4732769690569,0.139832786354097],[104.4777374337356,0.144585964170949]]],[[[104.444696423601,0.144565099899483],[104.4471198510003,0.140362417791382],[104.445551031355,0.138462534318526],[104.4431752239575,0.140207765875752],[104.444696423601,0.144565099899483]]],[[[104.4400955432747,0.139357666423232],[104.4387942746361,0.14285252632302],[104.4423719450093,0.145351279138259],[104.4422447520937,0.140537584142228],[104.4400955432747,0.139357666423232]]],[[[104.383623315064,0.141224594239661],[104.3918472869229,0.134295048977348],[104.3866267503244,0.129148273873822],[104.3957891017856,0.128309276551894],[104.3953948740742,0.113902994427681],[104.3778126712178,0.143822965857263],[104.383623315064,0.141224594239661]]],[[[104.482587457745,0.145859831366144],[104.4822523172906,0.146738127262866],[104.4830516922818,0.147829432981991],[104.4829693548519,0.146968090205243],[104.482587457745,0.145859831366144]]],[[[104.2070405751625,0.150582692137588],[104.2055698697537,0.147073552802299],[104.2054458109754,0.142788883999875],[104.2007292238747,0.147410165446813],[104.2070405751625,0.150582692137588]]],[[[104.4317225168807,0.150295480152371],[104.431265660382,0.150516770032924],[104.4313941510193,0.151016456744133],[104.4319366679429,0.15092365840019],[104.4317225168807,0.150295480152371]]],[[[104.4895686591664,0.151048793666961],[104.5085786301997,0.137205798308957],[104.5096545449213,0.129250756117491],[104.520138002267,0.121108038904902],[104.516963134641,0.108271354339637],[104.5109599045759,0.121770699857946],[104.4854538642045,0.140508999191022],[104.4895686591664,0.151048793666961]]],[[[104.4608832824376,0.152145032167558],[104.4601993785985,0.151337664001991],[104.4598067669688,0.152973544293664],[104.4606693220316,0.153235284780637],[104.4608832824376,0.152145032167558]]],[[[104.4691573519303,0.1506298768674],[104.471837433251,0.147725508225635],[104.4717682636944,0.142702571566497],[104.4639666854142,0.154144856399993],[104.4691573519303,0.1506298768674]]],[[[104.605652197391,0.15417309421297],[104.6051958517073,0.154358483157521],[104.606208367822,0.155420908048518],[104.6063010627439,0.154843348142039],[104.605652197391,0.15417309421297]]],[[[104.4732919616548,0.156518028784022],[104.4732132502913,0.156998641773962],[104.4733293060027,0.157098533970254],[104.4734678627517,0.156940213719922],[104.4732919616548,0.156518028784022]]],[[[104.474600590345,0.157168314166453],[104.4747502681105,0.157618770190135],[104.476403392003,0.158182360027956],[104.4753212980396,0.157336064707733],[104.474600590345,0.157168314166453]]],[[[104.3982709689301,0.157992954711103],[104.3977831802496,0.157897775861768],[104.3973429800945,0.158599717403105],[104.3985327103164,0.158623511665754],[104.3982709689301,0.157992954711103]]],[[[104.4861676291329,0.159871481983417],[104.4861404938888,0.159550954612905],[104.4862210200841,0.159302171558037],[104.4856331440544,0.159718691664354],[104.4861676291329,0.159871481983417]]],[[[104.4878085851981,0.160078737943456],[104.4881212551918,0.159852567442107],[104.488029527041,0.159626390645526],[104.4875408858033,0.159831826377774],[104.4878085851981,0.160078737943456]]],[[[104.4871589608174,0.15989212412226],[104.486438161392,0.159882692032662],[104.4863389445867,0.160108858936711],[104.4865317727232,0.16020498836957],[104.4871589608174,0.15989212412226]]],[[[104.3882384388529,0.160250996786113],[104.3881653896211,0.159849234554629],[104.3877422900747,0.159856768175379],[104.3878358897146,0.160199789388768],[104.3882384388529,0.160250996786113]]],[[[104.4262180220442,0.160081164314294],[104.4331007009367,0.158135401027979],[104.4430571285837,0.14640111531927],[104.4370858217533,0.145186777847625],[104.4262180220442,0.160081164314294]]],[[[104.4237604626753,0.16064752586262],[104.4233411357848,0.159311221435773],[104.4216075171732,0.159795559417583],[104.4222683560998,0.160656910288212],[104.4237604626753,0.16064752586262]]],[[[104.5986115561784,0.160374391864801],[104.5986436430897,0.160812910287619],[104.5989288576806,0.160787953201533],[104.5989288576806,0.160666737180224],[104.5986115561784,0.160374391864801]]],[[[104.4709440737101,0.161327908855943],[104.4739676816633,0.158906051672966],[104.4715526953007,0.154601165211618],[104.4685347018151,0.157205841976024],[104.4709440737101,0.161327908855943]]],[[[104.4532277603529,0.161973923357925],[104.4605087858518,0.155247358678709],[104.4588969201568,0.15264255870717],[104.450479521213,0.158973288586425],[104.4532277603529,0.161973923357925]]],[[[104.403835138281,0.162539247987967],[104.4401936979808,0.131875664930023],[104.450522230017,0.108083930229272],[104.4678135840297,0.101921024635596],[104.464803222191,0.097463487250169],[104.4744487074419,0.090363682338099],[104.4660554786774,0.086087586772729],[104.4771414701028,0.089917847031115],[104.4789239785588,0.084738312323315],[104.4760282721871,0.082232366730414],[104.476471328589,0.077995278359497],[104.4729666103209,0.07977446292122],[104.4685521018981,0.076909546638346],[104.4772951336636,0.073422829200284],[104.4819931911329,0.080304824607966],[104.4923466002155,0.071533897671314],[104.4872753753584,0.04484262908406],[104.4742113862465,0.050159501060174],[104.480514931419,0.05366334968395],[104.4711409137222,0.062237592191236],[104.4692051859706,0.055789279551652],[104.4613064782115,0.063712798706758],[104.4599847374058,0.062989032417901],[104.4690761125726,0.042445067086236],[104.4774989560121,0.04357599243818],[104.4776599994095,0.036673941249463],[104.4747057417766,0.034436689701531],[104.474657077662,0.033352940086148],[104.4751401026337,0.031862089863585],[104.4842556192015,0.038931942854889],[104.4940096912943,0.014109409721572],[104.4664327083029,0.02713313888327],[104.3789030587292,0.122074893741361],[104.4024392942381,0.109241995321893],[104.4038500121684,0.11515309883656],[104.4122424971935,0.102119834163103],[104.4214422199825,0.101856142147325],[104.4241139250177,0.093084505645466],[104.427440715117,0.093621712072364],[104.4301198251698,0.089571411091802],[104.4359015468189,0.08912240297658],[104.4131857520209,0.117774649580424],[104.4281513459079,0.115050174126294],[104.4150859097869,0.120890195226339],[104.4185001670491,0.127743832312019],[104.4076571958229,0.123319486205384],[104.3974236079132,0.142556914669909],[104.403835138281,0.162539247987967]]],[[[104.3889516560941,0.162985475399433],[104.3890452098686,0.162834704058421],[104.3890601979698,0.162570845667995],[104.3889366338186,0.162653764959339],[104.3889516560941,0.162985475399433]]],[[[104.3872367568709,0.163045733573794],[104.3881241332222,0.162318257581548],[104.3869446732581,0.161564330729311],[104.386502853424,0.162472754813889],[104.3872367568709,0.163045733573794]]],[[[104.3987960003352,0.16319500034909],[104.3986244681448,0.162801546953892],[104.3982461341518,0.162894346197204],[104.3984919998061,0.163221999795502],[104.3987960003352,0.16319500034909]]],[[[104.1902939540028,0.164458358066819],[104.1960189122431,0.155439172379987],[104.194884811385,0.153995693946138],[104.188169068248,0.160975534693206],[104.1902939540028,0.164458358066819]]],[[[104.3842591303546,0.163427651365053],[104.383891271665,0.164115077848612],[104.3846105899068,0.164474928974842],[104.3846602558662,0.164152085850075],[104.3842591303546,0.163427651365053]]],[[[104.40322277641,0.16444456516462],[104.4043827633539,0.164432667133971],[104.4046088124468,0.163819956326014],[104.4021877106943,0.163486831252355],[104.40322277641,0.16444456516462]]],[[[104.3897676973214,0.163811026058022],[104.3898352049308,0.164512158209559],[104.3905091559728,0.165130373767772],[104.3905428715564,0.164561185650244],[104.3897676973214,0.163811026058022]]],[[[104.4009230273759,0.164179255268435],[104.4005090010896,0.163772366901258],[104.3996024260112,0.163786643638739],[104.4014584063804,0.165435609965511],[104.4009230273759,0.164179255268435]]],[[[104.370699864807,0.165054942231821],[104.3703062684196,0.165418114554347],[104.3708177542361,0.165809809774961],[104.3709660668306,0.165414313120069],[104.370699864807,0.165054942231821]]],[[[104.3861510800084,0.166347972181244],[104.386222419629,0.166365087179107],[104.3863556685793,0.165984372680692],[104.3858892945553,0.166155694429834],[104.3861510800084,0.166347972181244]]],[[[104.3869505350392,0.166184247904797],[104.3867459006029,0.166274666642627],[104.3867649365526,0.166422194128943],[104.3869362583017,0.1664317116542],[104.3869505350392,0.166184247904797]]],[[[104.401421524284,0.166106618425774],[104.4010531907522,0.166289401135009],[104.4011987568172,0.166935326604031],[104.4014393704306,0.166838302345804],[104.401421524284,0.166106618425774]]],[[[104.5438048544105,0.166906843276246],[104.5456124008916,0.166011732755253],[104.5454112360397,0.164554660169467],[104.5446875686764,0.16465265029961],[104.5438048544105,0.166906843276246]]],[[[104.474967922032,0.165045975091724],[104.4760383688756,0.15895888774253],[104.4724718240155,0.161582393612589],[104.469684085752,0.161542743402984],[104.4686076530208,0.159712602354764],[104.4653893877101,0.160251559761734],[104.4634492191062,0.16287404130397],[104.474967922032,0.165045975091724]]],[[[104.4151950344233,0.166931100689835],[104.4147286603994,0.166835922739692],[104.4146334824493,0.167102422438889],[104.4151855159988,0.167207118813481],[104.4151950344233,0.166931100689835]]],[[[104.5444003162217,0.167359340761061],[104.5443857202248,0.16710124432697],[104.5439443788301,0.167261314658004],[104.5439914313595,0.167360957742099],[104.5444003162217,0.167359340761061]]],[[[104.491568361091,0.1676368346722],[104.5008867350348,0.165182579412557],[104.500000005296,0.158292857929096],[104.4886683325775,0.164856701075974],[104.4892374226689,0.166245803800821],[104.4908456083382,0.166586988598658],[104.491568361091,0.1676368346722]]],[[[104.4717976040762,0.168067891420096],[104.471644084407,0.16759103669701],[104.4695323296533,0.165785375195002],[104.4693731532485,0.167783227214199],[104.4717976040762,0.168067891420096]]],[[[104.4874213739973,0.168452830034147],[104.4884941590783,0.167274880031718],[104.4912574807481,0.167463421999445],[104.4874476485901,0.165299592002574],[104.4874213739973,0.168452830034147]]],[[[104.4622195841665,0.168325844861902],[104.4620548373609,0.168606674358537],[104.4620660600007,0.168985517367767],[104.4622645089,0.168559557977252],[104.4622195841665,0.168325844861902]]],[[[104.2556440043673,0.167135037252228],[104.2550708520383,0.167836065082414],[104.2566171814378,0.168891513932332],[104.2567539997973,0.168278803124375],[104.2556440043673,0.167135037252228]]],[[[104.4624068733785,0.168731082073778],[104.4622027182809,0.168923320255063],[104.4622083336477,0.169036411801057],[104.4624554610507,0.168883752783008],[104.4624068733785,0.168731082073778]]],[[[104.4619857091731,0.167570197606645],[104.4606731891164,0.168288103013589],[104.4614295216551,0.169173971201905],[104.4619537310798,0.168964775404065],[104.4619857091731,0.167570197606645]]],[[[104.4658715097625,0.169385435989097],[104.4661998756238,0.169142730552638],[104.4659714469248,0.168571660154024],[104.4654574843755,0.169028516652789],[104.4658715097625,0.169385435989097]]],[[[104.4874943791623,0.168818489881437],[104.4867960367078,0.168993750661103],[104.4870918246281,0.169700552138805],[104.4875786087658,0.169489465966175],[104.4874943791623,0.168818489881437]]],[[[104.484611201246,0.169466766178347],[104.4848059179588,0.169140710675306],[104.4841151441986,0.166967534923865],[104.4844483088424,0.169928541968664],[104.484611201246,0.169466766178347]]],[[[104.3993979633454,0.16897554208761],[104.3992818788557,0.169503274156854],[104.4001093513655,0.169921715215013],[104.400423894647,0.16914520099027],[104.3993979633454,0.16897554208761]]],[[[104.3688126905532,0.169675693078839],[104.368503914624,0.169864158604069],[104.3685207562279,0.170133680924708],[104.3690281123575,0.169801980377146],[104.3688126905532,0.169675693078839]]],[[[104.4714605669517,0.169815071808197],[104.4713126491594,0.169879156597849],[104.4713987709366,0.17034469335295],[104.4715466761382,0.170092134044816],[104.4714605669517,0.169815071808197]]],[[[104.2760384996771,0.17032706304356],[104.2929833592946,0.159209774311739],[104.290168064005,0.147383907941043],[104.2762484554019,0.161216667215422],[104.2760384996771,0.17032706304356]]],[[[104.3675032003125,0.169538495205421],[104.3663453411646,0.169684054075889],[104.3661825989478,0.170014386754611],[104.3671760242541,0.170460535925018],[104.3675032003125,0.169538495205421]]],[[[104.4644129002352,0.17004454731808],[104.4640417041614,0.170115931005485],[104.4640988111113,0.170522817574012],[104.4644129002352,0.170208729349428],[104.4644129002352,0.17004454731808]]],[[[104.4739280926074,0.169349599804233],[104.4736547256851,0.170052614236768],[104.4740460072175,0.170565283561006],[104.474242605312,0.169828344902287],[104.4739280926074,0.169349599804233]]],[[[104.3981285981563,0.170641626110177],[104.3985929109341,0.170053598095096],[104.3979863164154,0.169586162871147],[104.3975519933298,0.170332504841239],[104.3981285981563,0.170641626110177]]],[[[104.4692477346952,0.169854594314176],[104.4690061453174,0.170233422034835],[104.4689218833383,0.170757390441276],[104.4693281583678,0.170116580315957],[104.4692477346952,0.169854594314176]]],[[[104.4624351759426,0.170689684081735],[104.4627530979771,0.170218177626877],[104.4627137868119,0.169958079301955],[104.4618375980268,0.170640331985814],[104.4624351759426,0.170689684081735]]],[[[104.4737970110233,0.170587894315963],[104.4737221010941,0.17088191686698],[104.4738718840802,0.170995009312255],[104.4739486520087,0.170742448205472],[104.4737970110233,0.170587894315963]]],[[[104.3864889193281,0.170941110244113],[104.3858991754066,0.167321234687298],[104.3823112275811,0.164235519553666],[104.3807245258163,0.169366356871967],[104.3864889193281,0.170941110244113]]],[[[104.4706124370145,0.171328521993727],[104.47101307959,0.171158905359212],[104.4710074840083,0.17038803527962],[104.4707772054037,0.170497341579098],[104.4706124370145,0.171328521993727]]],[[[104.4699572035622,0.170171250103143],[104.4694460846691,0.170834682674512],[104.469438583424,0.171426495936108],[104.4703728117559,0.170682041642964],[104.4699572035622,0.170171250103143]]],[[[104.4584152972283,0.170557311970418],[104.4566685682999,0.170604378889047],[104.4568950517653,0.171899223670311],[104.4576439280249,0.172019866823467],[104.4584152972283,0.170557311970418]]],[[[104.4663778568527,0.171926174553347],[104.4671601438256,0.171786428001328],[104.4687103277195,0.170665032765102],[104.4675009131367,0.170625419427603],[104.4663778568527,0.171926174553347]]],[[[104.4658048852873,0.170915429203708],[104.465198121696,0.17100822844702],[104.4644343148918,0.172293136619059],[104.4656264247198,0.171664960169801],[104.4658048852873,0.170915429203708]]],[[[104.3813674430532,0.172421666826514],[104.3816669415761,0.172377984956126],[104.3815498894159,0.171969848329853],[104.3813587223272,0.172012396155205],[104.3813674430532,0.172421666826514]]],[[[104.47026232015,0.171458563062307],[104.4695022266465,0.171660216246059],[104.4699870880337,0.172446185043482],[104.4703109941571,0.171978763309275],[104.47026232015,0.171458563062307]]],[[[104.3823165335812,0.172063895832173],[104.3818525400627,0.172178109732021],[104.3818454012443,0.172435091906051],[104.3825164088052,0.172606412755824],[104.3823165335812,0.172063895832173]]],[[[104.3791899226769,0.172670659423455],[104.3790400173829,0.172663519705749],[104.3789900483522,0.17293477861717],[104.3792184761518,0.172899087223152],[104.3791899226769,0.172670659423455]]],[[[104.465045836796,0.172776167885866],[104.4647365068843,0.172907038129397],[104.4648078905718,0.173275854597074],[104.4650696319579,0.17318067574765],[104.465045836796,0.172776167885866]]],[[[104.4857100981426,0.172092303617008],[104.4854105573514,0.172410815606769],[104.4853712147098,0.173402210243909],[104.4857849658036,0.173038459657191],[104.4857100981426,0.172092303617008]]],[[[104.4632380088271,0.170061745053582],[104.4621689037719,0.173041545231209],[104.4628185416424,0.173580609657462],[104.4640635945593,0.170867602358024],[104.4632380088271,0.170061745053582]]],[[[104.2698518690685,0.173908751587623],[104.26875493809,0.172588151122374],[104.2680672732861,0.172802302184591],[104.2684551257036,0.173856403850012],[104.2698518690685,0.173908751587623]]],[[[104.4838342445548,0.174210736736155],[104.4852101839029,0.173756544928702],[104.4852775889896,0.173511529133849],[104.4832275628018,0.173434193733099],[104.4838342445548,0.174210736736155]]],[[[104.4819525903398,0.174346388674993],[104.482600362117,0.174212592936859],[104.4829148982041,0.173779099925595],[104.4812411717427,0.174007108641236],[104.4819525903398,0.174346388674993]]],[[[104.3645497160966,0.173661781566034],[104.365032885859,0.172787277211148],[104.3631363937296,0.173395986935285],[104.3636118832818,0.1744401438976],[104.3645497160966,0.173661781566034]]],[[[104.406845215934,0.173495422275957],[104.4065082201783,0.173796967656001],[104.4065493911415,0.174513178740218],[104.4068227265876,0.174249318551231],[104.406845215934,0.173495422275957]]],[[[104.4513946182671,0.173058197977502],[104.4530966158162,0.165843347292702],[104.4486016081777,0.164154464556907],[104.4466917853976,0.172012013943343],[104.4513946182671,0.173058197977502]]],[[[104.263980307845,0.175101648322526],[104.2644530598608,0.174522305060362],[104.2643205834282,0.174149661078024],[104.2631637989702,0.174990216925083],[104.263980307845,0.175101648322526]]],[[[104.4198037100732,0.163808569110222],[104.4167753653909,0.164290570653344],[104.4157280338218,0.168339742085452],[104.410607432587,0.174716698017205],[104.4198037100732,0.163808569110222]]],[[[104.4078579766643,0.175465260413452],[104.4084177731617,0.175229538212671],[104.4082255340812,0.174685146202622],[104.4075360670359,0.174794019028843],[104.4078579766643,0.175465260413452]]],[[[104.4636091176666,0.175714564175886],[104.4640731129838,0.175607489094373],[104.4639089300531,0.175150631696328],[104.463380689867,0.175314814627045],[104.4636091176666,0.175714564175886]]],[[[104.4789284715717,0.175637355579569],[104.4786401561183,0.176157546833375],[104.4797803139104,0.175923869690939],[104.4795238209676,0.175646803857019],[104.4789284715717,0.175637355579569]]],[[[104.4631736767238,0.175478997557763],[104.4625383605569,0.175686010700835],[104.4628810031558,0.176228527624486],[104.4632022310981,0.175921577319047],[104.4631736767238,0.175478997557763]]],[[[104.483392188199,0.175564005974158],[104.4845604983684,0.175213466428412],[104.4814338272094,0.175721102247126],[104.4827187362807,0.176280274615001],[104.483392188199,0.175564005974158]]],[[[104.29246567625,0.176294180831801],[104.3365855192064,0.130450815053093],[104.3365760007819,0.106035165790372],[104.3247413947996,0.105752509770626],[104.3141250806081,0.133504903728385],[104.3080530452119,0.136336912018928],[104.3081862950615,0.125148685663332],[104.3015832900368,0.127397276762961],[104.2923394878771,0.143656614661067],[104.3005161023363,0.152099650578494],[104.29246567625,0.176294180831801]]],[[[104.4644285223585,0.176577442994683],[104.4642394372003,0.176343728979964],[104.4640222509262,0.176422881910485],[104.4640784162859,0.176534092974043],[104.4644285223585,0.176577442994683]]],[[[104.3847426130812,0.177713073599525],[104.3851577185539,0.17681931206168],[104.384792582112,0.176156905616695],[104.3838354696313,0.177148159060289],[104.3847426130812,0.177713073599525]]],[[[104.3685935149788,0.177781958970266],[104.3686946275551,0.177263655393409],[104.3680768292823,0.177109088014069],[104.3683258038927,0.177557661756753],[104.3685935149788,0.177781958970266]]],[[[104.4859085398473,0.17856947729957],[104.4939815200312,0.172523321693971],[104.4966850637648,0.167630489955181],[104.4887245447021,0.169205961885696],[104.4859085398473,0.17856947729957]]],[[[104.3859463349554,0.178046415409769],[104.3849924564368,0.177912947924261],[104.3850995324176,0.178969429195794],[104.3858882954086,0.178253729825803],[104.3859463349554,0.178046415409769]]],[[[104.4707007252583,0.179448170696547],[104.4795487906442,0.17185841423448],[104.4851053616232,0.172898964915388],[104.4834242948954,0.167661119065452],[104.4840647380972,0.161422516635865],[104.4693865432544,0.176654895307157],[104.4656160888115,0.172841875052507],[104.4707007252583,0.179448170696547]]],[[[104.4663496631066,0.178889955207337],[104.4656501011713,0.17906127605711],[104.4660498507201,0.179560962768319],[104.4663068319948,0.179532409293268],[104.4663496631066,0.178889955207337]]],[[[104.1806242068418,0.179536828561863],[104.1883137412862,0.172593181929878],[104.1890097338122,0.16646607025301],[104.1825582222841,0.168191683999039],[104.1806242068418,0.179536828561863]]],[[[104.3841059011665,0.180769844053083],[104.3843193687439,0.180521027723232],[104.3838401056364,0.18020814728825],[104.3836790883193,0.180790527560879],[104.3841059011665,0.180769844053083]]],[[[104.3780376797952,0.179896149088085],[104.3774720017316,0.180922921255819],[104.3786413856915,0.181350742242989],[104.3790074133615,0.180637706664852],[104.3780376797952,0.179896149088085]]],[[[104.3571079358826,0.180936069344215],[104.3563970739659,0.18094211009034],[104.3562621837528,0.181322874950782],[104.3566292897099,0.181440689736087],[104.3571079358826,0.180936069344215]]],[[[104.3826641539277,0.181344131326641],[104.3824771471027,0.181634849768583],[104.3831005688362,0.181629218213894],[104.3830330117641,0.1814368046648],[104.3826641539277,0.181344131326641]]],[[[104.4008278296407,0.182112324124459],[104.4004122843994,0.181049305680967],[104.3996334553197,0.181452613847119],[104.4001127112326,0.182033137019674],[104.4008278296407,0.182112324124459]]],[[[104.3988695693752,0.183001855251439],[104.3991017302607,0.182722923324283],[104.3985026270946,0.183133773205066],[104.3986112067418,0.183186556214674],[104.3988695693752,0.183001855251439]]],[[[104.4039007699047,0.181773145714123],[104.4051675756232,0.179888449092688],[104.4028687492934,0.178155615589246],[104.4025689324104,0.182975589651788],[104.4039007699047,0.181773145714123]]],[[[104.2578077300428,0.178276648148865],[104.2544214416963,0.169643302196684],[104.2491652047105,0.17254793344039],[104.2547997675953,0.182960454061762],[104.2578077300428,0.178276648148865]]],[[[104.4104410166397,0.175000460203131],[104.4048342553966,0.182112453626912],[104.4052964772507,0.183200665678227],[104.4099603029257,0.178874610075239],[104.4104410166397,0.175000460203131]]],[[[104.3809999692732,0.18338007682914],[104.3815560048058,0.183084195379399],[104.3815578780936,0.182976764166407],[104.3809662788708,0.183152024945985],[104.3809999692732,0.18338007682914]]],[[[104.2683240000526,0.178530999805846],[104.2658042804433,0.178120253347045],[104.2675402453861,0.183817765177727],[104.2684016214377,0.182539449036343],[104.2683240000526,0.178530999805846]]],[[[104.4744825938966,0.179985442774042],[104.4734171301964,0.182682523979347],[104.4757779171172,0.183924660394849],[104.4758435127679,0.180890172443535],[104.4744825938966,0.179985442774042]]],[[[104.4591434647992,0.183777367631441],[104.4642540889551,0.180100583874873],[104.4528783836305,0.181091759976779],[104.4542750883247,0.183805921106403],[104.4591434647992,0.183777367631441]]],[[[104.4012097609218,0.182775763890428],[104.4007903836694,0.183179083747762],[104.4007678727392,0.184532342193863],[104.4013632374235,0.1838953119192],[104.4012097609218,0.182775763890428]]],[[[104.2840344088609,0.18401289467935],[104.2856976519251,0.18176430357981],[104.2854144958823,0.180312832870941],[104.2834990298564,0.185162175194284],[104.2840344088609,0.18401289467935]]],[[[104.4773842052169,0.185091391354694],[104.4834272212893,0.182777987913882],[104.4836205503482,0.179569162786672],[104.4770436355554,0.178794331193474],[104.4773842052169,0.185091391354694]]],[[[104.2818405451052,0.186066369767188],[104.2823685074007,0.186066555926898],[104.2825305886158,0.185828424442233],[104.2819880716922,0.18563330843053],[104.2818405451052,0.186066369767188]]],[[[104.2581097772445,0.185007799370515],[104.2573743449501,0.18611799894652],[104.2582595053719,0.187231586268785],[104.2587449153456,0.186032337622352],[104.2581097772445,0.185007799370515]]],[[[104.3755387866857,0.187677103215764],[104.375752214693,0.187560254302374],[104.3756586240463,0.18727942930232],[104.3753029026069,0.187547046858791],[104.3755387866857,0.187677103215764]]],[[[104.4013781257,0.187845753079083],[104.4016495572813,0.187400962784265],[104.4011927295608,0.187159700759684],[104.400977457044,0.1875630323082],[104.4013781257,0.187845753079083]]],[[[104.3693588704156,0.188656922678929],[104.3698268803063,0.188238547271188],[104.3684302817322,0.18799348291296],[104.3685987526303,0.188602262784274],[104.3693588704156,0.188656922678929]]],[[[104.4433205705879,0.1888840185827],[104.4514043147574,0.183425285748415],[104.4491691163617,0.178038549039814],[104.4420715336744,0.18548128163591],[104.4433205705879,0.1888840185827]]],[[[104.4709175239246,0.189279167199816],[104.4729732769952,0.187726172924593],[104.471748938163,0.185732038702666],[104.4700040420529,0.187488604415551],[104.4709175239246,0.189279167199816]]],[[[104.3636052795601,0.187133607829734],[104.3696830103627,0.184568512926583],[104.3668019998125,0.177293000271758],[104.3623860003137,0.184785999574297],[104.3629300002194,0.189588999832521],[104.3636052795601,0.187133607829734]]],[[[104.3764985161936,0.189400784318769],[104.3762145696467,0.189512871322004],[104.3761995833441,0.189706996280867],[104.3768192603007,0.189639167613562],[104.3764985161936,0.189400784318769]]],[[[104.3779171292721,0.188841813398996],[104.3769867473406,0.188595874899741],[104.3772175682362,0.189791217790544],[104.3776030401482,0.189712695284713],[104.3779171292721,0.188841813398996]]],[[[104.3988999898427,0.189816724362421],[104.399087631589,0.189501704440184],[104.3990576302055,0.189336982815577],[104.3984489636488,0.189969128872233],[104.3988999898427,0.189816724362421]]],[[[104.3724182560977,0.189903320082172],[104.372262436862,0.189891566842368],[104.3721351612088,0.189970715276308],[104.3723766642517,0.190055542029752],[104.3724182560977,0.189903320082172]]],[[[104.3507344783136,0.189977213777512],[104.3633817018041,0.161346637237544],[104.3766581764338,0.154049393364827],[104.3744239448092,0.165824039747717],[104.3870616903448,0.146857574317691],[104.3774943193074,0.144138938161495],[104.3799849143724,0.132175268673704],[104.3473990906955,0.178929019958327],[104.3507344783136,0.189977213777512]]],[[[104.3665679998134,0.189396999971622],[104.3660615232207,0.189694796977344],[104.3662142757683,0.19056357534881],[104.3668431177157,0.18993993418068],[104.3665679998134,0.189396999971622]]],[[[104.3710815820494,0.189842784916669],[104.3701910194,0.189818580563125],[104.3695628078773,0.19048451684702],[104.3706751496385,0.19048451684702],[104.3710815820494,0.189842784916669]]],[[[104.3717926939777,0.191373857317709],[104.3726751771178,0.191317641595942],[104.3731279632849,0.19079011367282],[104.3724253328628,0.190518143397631],[104.3717926939777,0.191373857317709]]],[[[104.3507104322407,0.19140231366592],[104.3510249674284,0.190946217094298],[104.3508452496087,0.190757739877798],[104.3506205728812,0.191326924398114],[104.3507104322407,0.19140231366592]]],[[[104.3527098625702,0.191462704939946],[104.3530056900606,0.190490191569134],[104.3528372128671,0.190358252931075],[104.3521332658376,0.190885954423356],[104.3527098625702,0.191462704939946]]],[[[104.3687463790422,0.191689546335569],[104.369662779214,0.191483054799166],[104.3695485653141,0.19071087890403],[104.3682136872119,0.190582388266611],[104.3687463790422,0.191689546335569]]],[[[104.2573132342184,0.191775654622825],[104.257521167368,0.189657254778483],[104.2564511144274,0.189415931600065],[104.2560473557009,0.191248275987219],[104.2573132342184,0.191775654622825]]],[[[104.3727510007581,0.191621774325521],[104.3723503968534,0.191781957971068],[104.3722417992197,0.192011895732433],[104.3725731634208,0.192108029661872],[104.3727510007581,0.191621774325521]]],[[[104.3726161869875,0.192187191585644],[104.3723204161543,0.192358688702596],[104.3723878041539,0.192598049560397],[104.3727584903122,0.192515141060953],[104.3726161869875,0.192187191585644]]],[[[104.3693830369976,0.192288848251751],[104.3688962771415,0.192582849219145],[104.3688719252991,0.192803362984881],[104.3695515141911,0.192701611889865],[104.3693830369976,0.192288848251751]]],[[[104.4638857311416,0.193697341259311],[104.4677404583555,0.1929121188992],[104.468140207005,0.191641486565361],[104.4608162262879,0.192426708925561],[104.4638857311416,0.193697341259311]]],[[[104.5170374033535,0.193021686901337],[104.5162402838621,0.193128762882131],[104.5162521809934,0.193628449593339],[104.516823251392,0.19377121696815],[104.5170374033535,0.193021686901337]]],[[[104.3938143938192,0.194200879766823],[104.3947074502886,0.192945662712171],[104.3936029119448,0.192346271763119],[104.3929270318571,0.193203804112338],[104.3938143938192,0.194200879766823]]],[[[104.3706213692808,0.194620477353189],[104.3707520003046,0.194080000091931],[104.3701549943575,0.194135065580811],[104.3701883070448,0.194496745028802],[104.3706213692808,0.194620477353189]]],[[[104.3902815240732,0.19789673544601],[104.3893641751166,0.197947589409717],[104.3888661386614,0.199121772152131],[104.3903470288923,0.198537558161791],[104.3902815240732,0.19789673544601]]],[[[104.3885533607491,0.199229188076641],[104.3881771833304,0.199487390630646],[104.388218357891,0.199736180880114],[104.3887313266894,0.199608031985152],[104.3885533607491,0.199229188076641]]],[[[104.2322972056516,0.199348396811081],[104.2420335224292,0.176510617071399],[104.2307041555724,0.156039232424662],[104.2012563551966,0.167247920155431],[104.2176599506462,0.185185845350519],[104.2136596717565,0.191458696661615],[104.2322972056516,0.199348396811081]]],[[[104.509335997858,0.200650267995536],[104.5115338096376,0.199117153234083],[104.5085829604353,0.197385201965547],[104.5078500858129,0.199174556960299],[104.509335997858,0.200650267995536]]],[[[104.3806866328818,0.201437819599734],[104.3804601377252,0.201554660419243],[104.3803440523362,0.201820404687966],[104.3807147366958,0.201792147989297],[104.3806866328818,0.201437819599734]]],[[[104.2350651507362,0.201073504238922],[104.2346814262069,0.201518465404879],[104.2348227663576,0.201891208312619],[104.2351130603195,0.201596155138459],[104.2350651507362,0.201073504238922]]],[[[104.3794772048092,0.203103882937869],[104.3794863796927,0.202705407728418],[104.3791177682704,0.20273823478176],[104.3790578446438,0.203037906873968],[104.3794772048092,0.203103882937869]]],[[[104.3423828863612,0.199678245654608],[104.3461429059704,0.18873908294241],[104.3451299653756,0.187358004868107],[104.3421128082595,0.197437401315101],[104.3423888263833,0.203566892598081],[104.3423828863612,0.199678245654608]]],[[[104.5079648860707,0.206606149654151],[104.5082819258702,0.206113099040392],[104.5071979145522,0.205496527442881],[104.50707246812,0.206273362725559],[104.5079648860707,0.206606149654151]]],[[[104.5063853501038,0.206596551189905],[104.5063496668037,0.206322814646251],[104.5055560870438,0.206417378359378],[104.5061211517698,0.206830261607324],[104.5063853501038,0.206596551189905]]],[[[104.5070194557834,0.20715263168862],[104.506698227841,0.207066971263734],[104.5066197062345,0.207124078213658],[104.5070123169649,0.207359644831781],[104.5070194557834,0.20715263168862]]],[[[104.3321176899795,0.207840188573913],[104.342396549761,0.185003327041963],[104.3425560013585,0.176267601368727],[104.3371902377393,0.18329556663714],[104.3321176899795,0.207840188573913]]],[[[104.3748115598057,0.208073774884829],[104.3756990638607,0.207252061633342],[104.3736284692785,0.207412178729102],[104.3741264373852,0.208013439368779],[104.3748115598057,0.208073774884829]]],[[[104.5049084159907,0.208816033033552],[104.5061815259567,0.207890763747828],[104.5060087976679,0.207572613285587],[104.5046897773114,0.207744463835999],[104.5049084159907,0.208816033033552]]],[[[104.5522493867998,0.209215644086688],[104.5520352348383,0.20933461719885],[104.5520066822626,0.209515455573881],[104.5522969762245,0.209453590311012],[104.5522493867998,0.209215644086688]]],[[[104.5040656199325,0.209724731411251],[104.5036902123335,0.210034817652735],[104.5044745290763,0.210150445286869],[104.5044410841887,0.209951912750592],[104.5040656199325,0.209724731411251]]],[[[104.5038952586593,0.210195121807486],[104.5040950736288,0.210931993017047],[104.5046423740464,0.210935975215174],[104.5046495128647,0.210771792284456],[104.5038952586593,0.210195121807486]]],[[[104.3784434134328,0.210142311818304],[104.3830584616787,0.206833938035819],[104.3872223416378,0.200787830993685],[104.374216194222,0.210680348319434],[104.3784434134328,0.210142311818304]]],[[[104.5048319304493,0.212014134644642],[104.5052188547664,0.211740728152085],[104.5042792808642,0.211436116983263],[104.5044015859645,0.211864843587703],[104.5048319304493,0.212014134644642]]],[[[104.3196753833124,0.211522552623775],[104.319021961994,0.212570437275891],[104.3200554026348,0.214373214652161],[104.32159729388,0.212959814943511],[104.3196753833124,0.211522552623775]]],[[[104.3917617631948,0.214490130115427],[104.3936957624495,0.212575298111537],[104.3946657172491,0.207904923573407],[104.3910148240749,0.213287626822575],[104.3917617631948,0.214490130115427]]],[[[104.4111205209953,0.218146225867619],[104.4156129439822,0.214329569653968],[104.4143851418608,0.210912663888438],[104.4063806351582,0.213358749706602],[104.4111205209953,0.218146225867619]]],[[[104.3183314841108,0.214743220922939],[104.3166349157688,0.214737758440828],[104.3153821421722,0.219734140817993],[104.3182838937867,0.21642788044238],[104.3183314841108,0.214743220922939]]],[[[104.3152605484356,0.220050727359242],[104.3151182577014,0.22011668004078],[104.3152268382481,0.22029950861546],[104.3152979737225,0.220269350749922],[104.3152605484356,0.220050727359242]]],[[[104.3804002518702,0.219766877039815],[104.3799333355551,0.219951644552838],[104.3801561084177,0.220339916054366],[104.3805286732597,0.220047791972108],[104.3804002518702,0.219766877039815]]],[[[104.3806728300871,0.220089258812292],[104.3804856011296,0.220296576825627],[104.3804762391872,0.220468085633671],[104.3806821749425,0.220317319688609],[104.3806728300871,0.220089258812292]]],[[[104.3774227278766,0.221534724747771],[104.3770183324302,0.221860772156932],[104.3769209718254,0.222128398706653],[104.3774189687105,0.221811783387091],[104.3774227278766,0.221534724747771]]],[[[104.3318880885644,0.211969600216941],[104.3270569898882,0.216042302410388],[104.3241118019182,0.222985484992153],[104.3264146266338,0.221163076314943],[104.3318880885644,0.211969600216941]]],[[[104.3858159053798,0.222386663313864],[104.3888653778349,0.218817394407298],[104.3897828607904,0.215681214716332],[104.3851306210814,0.218224985794466],[104.3858159053798,0.222386663313864]]],[[[104.4811558890331,0.223321751397718],[104.4969100165841,0.211938206682946],[104.5051086086754,0.197195441416495],[104.4808916592227,0.212333477607915],[104.4756604269872,0.223366784049903],[104.4811558890331,0.223321751397718]]],[[[104.3649093199093,0.220745721637813],[104.3732500111791,0.214621307027782],[104.3733548901161,0.213729834264528],[104.3592216610508,0.224623027230939],[104.3649093199093,0.220745721637813]]],[[[104.5158810047047,0.223201987781538],[104.5153297193911,0.224440427084113],[104.5162053613883,0.224944873007546],[104.5169572710612,0.223993088110605],[104.5158810047047,0.223201987781538]]],[[[104.4765457762666,0.225087620597295],[104.4760685015601,0.225134722589379],[104.4761152851923,0.225634187168053],[104.4762444656097,0.225611574614534],[104.4765457762666,0.225087620597295]]],[[[104.4776791225935,0.225913734231506],[104.4767237467036,0.225413688690798],[104.4763867455519,0.225683203816837],[104.4769708318385,0.226606758994771],[104.4776791225935,0.225913734231506]]],[[[104.4791051919511,0.226030100208982],[104.479097629552,0.226467373070902],[104.4793073082857,0.226655853884614],[104.4794439944448,0.226244976124798],[104.4791051919511,0.226030100208982]]],[[[104.3568664139539,0.226194796652576],[104.3580253396977,0.225237401784748],[104.3552264291564,0.226901497406226],[104.3557487518035,0.226907170329691],[104.3568664139539,0.226194796652576]]],[[[104.3843494510664,0.226390130300322],[104.3840611248211,0.226836801077576],[104.3843194649714,0.227202447435035],[104.3846134173754,0.226531495632029],[104.3843494510664,0.226390130300322]]],[[[104.4612278729681,0.23172548963972],[104.4703733036851,0.226369041198302],[104.4717288554024,0.223581507080992],[104.460613972357,0.229683912582532],[104.4612278729681,0.23172548963972]]],[[[104.3549270889141,0.236456834615259],[104.3547034140314,0.236507767719305],[104.3548909433624,0.236710268963789],[104.3550142988708,0.236604026654527],[104.3549270889141,0.236456834615259]]],[[[104.4937245729308,0.237182884282758],[104.4937096396881,0.236114211801494],[104.4933539200474,0.236095344924278],[104.4929307791322,0.236949136093775],[104.4937245729308,0.237182884282758]]],[[[104.5142280642738,0.238242049131296],[104.5172756193744,0.234372054127016],[104.5162882474048,0.230255635888918],[104.5126906417597,0.230509837359103],[104.5142280642738,0.238242049131296]]],[[[104.5293060428396,0.237666753717766],[104.5284930745958,0.238262927791963],[104.5280809215973,0.239238111249948],[104.5292556718118,0.238810183243407],[104.5293060428396,0.237666753717766]]],[[[104.3528200789835,0.239348200858844],[104.353784303303,0.239602673924308],[104.3544116002152,0.236834022871887],[104.3531235606039,0.2371185548774],[104.3528200789835,0.239348200858844]]],[[[104.4767906157943,0.239794552376724],[104.476559153682,0.239858978009464],[104.476553205566,0.240150461774411],[104.4769029384199,0.240001745384275],[104.4767906157943,0.239794552376724]]],[[[104.3525262120151,0.239951285323611],[104.3520993506046,0.240245282693705],[104.3524662551136,0.241097199676085],[104.3526759662229,0.240362166680727],[104.3525262120151,0.239951285323611]]],[[[104.5277547329946,0.240693536277734],[104.5280192496887,0.239790228436318],[104.5279559760875,0.239411256824093],[104.5272500937169,0.24125380941584],[104.5277547329946,0.240693536277734]]],[[[104.338129430329,0.241013736294901],[104.3373637043715,0.24140383431954],[104.3373412294142,0.241607383274209],[104.3382211458892,0.241337906819014],[104.338129430329,0.241013736294901]]],[[[104.3523838079664,0.241845433819796],[104.3522022456372,0.241915169049831],[104.3523557410247,0.242278924133041],[104.3525186217371,0.242148887561131],[104.3523838079664,0.241845433819796]]],[[[104.3347462959048,0.24313955104944],[104.3369180902977,0.242436647233577],[104.3374741402194,0.241863709842358],[104.3353473838747,0.242172704306862],[104.3347462959048,0.24313955104944]]],[[[104.4778461725628,0.242929626800878],[104.4769683766893,0.242346547755032],[104.475873149926,0.242467125257681],[104.4780298590908,0.24343598558236],[104.4778461725628,0.242929626800878]]],[[[104.4345805047865,0.243739558933528],[104.4341143187209,0.244131567118197],[104.4337904116982,0.244619703836266],[104.4343071450588,0.244239007324351],[104.4345805047865,0.243739558933528]]],[[[104.3329734326778,0.244174171600806],[104.3324267429,0.244624594349593],[104.3324304768851,0.244882796004317],[104.333130674641,0.244503999759813],[104.3329734326778,0.244174171600806]]],[[[104.3304441253961,0.245319959148846],[104.3301352406488,0.244971265011904],[104.3297720494406,0.245078680936414],[104.329845052807,0.245261495121982],[104.3304441253961,0.245319959148846]]],[[[104.4312253977339,0.24683798778293],[104.4315456013485,0.24680781912558],[104.4323450455874,0.246001180310282],[104.4310307691547,0.246430850303556],[104.4312253977339,0.24683798778293]]],[[[104.5188964818871,0.244350765175769],[104.5895545881738,0.169390897571928],[104.6658332018408,0.070983320124204],[104.687870368223,0.051581195216086],[104.7036084320835,0.048638328396164],[104.7096320533766,0.038285278143155],[104.7016971128315,0.018155196105438],[104.6911957562792,0.017336792359155],[104.6616971738855,0.036769022072766],[104.6215625209936,0.074885106162734],[104.6372147220818,0.077716416579429],[104.6280706160661,0.079953937923991],[104.6300030756814,0.083194834673892],[104.625153375428,0.091077198154219],[104.617258452016,0.088468290978858],[104.615932823441,0.097913282272197],[104.6147579743011,0.091950896716606],[104.6044563023166,0.097446669927967],[104.6183245587315,0.080655243644598],[104.603814902236,0.081963494619616],[104.553664407986,0.126496460942979],[104.5489182259954,0.15040169188458],[104.5697561626169,0.134586360072506],[104.56868321296,0.14222406388946],[104.5555328475629,0.147722402866643],[104.557615541624,0.156372923171874],[104.5528183096174,0.153165144855658],[104.5545610662403,0.159421704947802],[104.5436451617948,0.172377806890298],[104.5506075242179,0.158206800903235],[104.5442253711041,0.145960011345478],[104.537287091626,0.150060993620047],[104.5059824268476,0.190475188179493],[104.510669964947,0.195574372958982],[104.5279836050594,0.183923334794065],[104.5250641116196,0.197649262703356],[104.5092415357683,0.204092134444542],[104.5061652958917,0.213886148127271],[104.493996777929,0.216058250088233],[104.4910757808227,0.227732483567353],[104.4767907192163,0.237054081580654],[104.4876677189901,0.246583940996123],[104.4934157376462,0.235094528090071],[104.4987700609895,0.238528805160263],[104.5063247636769,0.226491023441985],[104.5291164909334,0.213945327115203],[104.512905717325,0.247577484113679],[104.5188964818871,0.244350765175769]]],[[[104.3250915404423,0.24881396829006],[104.3278061809105,0.247783156367662],[104.3286018641847,0.247076425037049],[104.3271472296609,0.246921806396314],[104.3250915404423,0.24881396829006]]],[[[104.3495378080234,0.249137497597493],[104.3500114611601,0.248992390186695],[104.3502286438369,0.248753041919356],[104.3496183333195,0.2485645260321],[104.3495378080234,0.249137497597493]]],[[[104.4835428210444,0.248828890740713],[104.4835731506804,0.249412842129024],[104.4842059568395,0.249263962961541],[104.4841067391347,0.248981242190569],[104.4835428210444,0.248828890740713]]],[[[104.33322966122,0.249146090619698],[104.3334188039347,0.248049189318708],[104.3333907253018,0.247990764861969],[104.3326867773729,0.248586297719486],[104.33322966122,0.249146090619698]]],[[[104.3313500385735,0.249349545145458],[104.3315035753298,0.248865181982636],[104.3305075860563,0.249262811829373],[104.3307621760337,0.24960772161908],[104.3313500385735,0.249349545145458]]],[[[104.4349734716484,0.25092961081292],[104.454599773261,0.246620952594887],[104.4740071430153,0.227762029893805],[104.4595777168382,0.234753354084136],[104.4455198950272,0.235727869345778],[104.4494179857515,0.239239682365541],[104.4349734716484,0.25092961081292]]],[[[104.4379531746993,0.252482718402833],[104.4388516450874,0.251899579102341],[104.4380382307798,0.251174771398619],[104.437310719714,0.251840264316813],[104.4379531746993,0.252482718402833]]],[[[104.4618204281702,0.252953107899698],[104.4625729251004,0.25269304824562],[104.4616050342449,0.252169044765635],[104.4614608531359,0.252702428174631],[104.4618204281702,0.252953107899698]]],[[[104.4601446971201,0.252979434653275],[104.4601915230204,0.252619437836829],[104.4595605964444,0.252568527215866],[104.4596335953143,0.252962450057057],[104.4601446971201,0.252979434653275]]],[[[104.433604836594,0.252770969104985],[104.4335485552217,0.25102648758237],[104.431371363098,0.252278947315629],[104.4329008868665,0.253193127960502],[104.433604836594,0.252770969104985]]],[[[104.4608467636672,0.252943647031698],[104.4603787240989,0.252945517621603],[104.4601671558895,0.253164137415071],[104.4604985650568,0.253267815757072],[104.4608467636672,0.252943647031698]]],[[[104.4775906598811,0.252265695805251],[104.4814726032781,0.2514215948308],[104.4800274080385,0.24525110975093],[104.4749349951539,0.250409207319111],[104.4775906598811,0.252265695805251]]],[[[104.3239846251904,0.253814956994722],[104.3253535723096,0.253133282574966],[104.3260537889512,0.252377541790169],[104.3234009426994,0.253101137207709],[104.3239846251904,0.253814956994722]]],[[[104.4602686236981,0.253922152585348],[104.4610788993718,0.253431818823399],[104.4612043440054,0.253132145831911],[104.4599705371107,0.254155524857611],[104.4602686236981,0.253922152585348]]],[[[104.5139439900231,0.254176041091478],[104.5142833527945,0.253775931813857],[104.5137488443337,0.253312664048286],[104.5135117767472,0.253857786307796],[104.5139439900231,0.254176041091478]]],[[[104.5002653466684,0.253280543862042],[104.4994337642569,0.254003019623747],[104.4997986057211,0.254462625349936],[104.5007328961063,0.254037160586604],[104.5002653466684,0.253280543862042]]],[[[104.4965751162487,0.255098955052821],[104.4962329044251,0.255243655970025],[104.4962309358091,0.255370794926277],[104.496694631652,0.255316530733316],[104.4965751162487,0.255098955052821]]],[[[104.5111807717752,0.254452747196618],[104.5104765819288,0.25487775510433],[104.5105578887357,0.255638148981438],[104.5115246833175,0.255467385711336],[104.5111807717752,0.254452747196618]]],[[[104.4974216148157,0.255856382066463],[104.4971996603361,0.255875652739254],[104.4970235128249,0.256166958438461],[104.497321676754,0.256106225421979],[104.4974216148157,0.255856382066463]]],[[[104.5118407257689,0.256026583260313],[104.5116152999062,0.256014867791984],[104.5115199888564,0.256433668579012],[104.5118012095582,0.256347107033436],[104.5118407257689,0.256026583260313]]],[[[104.4946804758233,0.256584496577281],[104.49458767658,0.256834339932885],[104.4949517338355,0.256798647639497],[104.494908903623,0.256627326789724],[104.4946804758233,0.256584496577281]]],[[[104.4580274250257,0.258267451881464],[104.4573733543968,0.254931603810535],[104.4574631040391,0.25361121018925],[104.4562562246451,0.256066726298362],[104.4580274250257,0.258267451881464]]],[[[104.5080508495671,0.258083726682676],[104.5076837553011,0.258212633706131],[104.5081902318937,0.259914395632885],[104.5094054084329,0.258444755920737],[104.5080508495671,0.258083726682676]]],[[[104.3405398922023,0.260812463124724],[104.3421650112064,0.258684689646779],[104.3418430512159,0.257830890383312],[104.3398790919466,0.259545889431331],[104.3405398922023,0.260812463124724]]],[[[104.5052101628187,0.260530147048696],[104.5049545170374,0.26054417557326],[104.5048964001489,0.260822585893658],[104.5051613404236,0.260822595786278],[104.5052101628187,0.260530147048696]]],[[[104.3644448290657,0.261056272029345],[104.3659744355718,0.259855764332093],[104.3632562850496,0.255829824187101],[104.3615842601056,0.259861196237241],[104.3644448290657,0.261056272029345]]],[[[104.3403489166692,0.261153585869353],[104.3399894657413,0.261181838071442],[104.3398920898481,0.261722754201818],[104.3401635520064,0.261609685138906],[104.3403489166692,0.261153585869353]]],[[[104.4522563513496,0.261939236306771],[104.4560571893878,0.259436035444713],[104.4549822639204,0.254995900840191],[104.4498985420841,0.257939375601721],[104.4522563513496,0.261939236306771]]],[[[104.4464457084028,0.26231043238065],[104.4498221626627,0.261867851719996],[104.4493081992141,0.26012608704937],[104.4468664436315,0.259796340728633],[104.4464457084028,0.26231043238065]]],[[[104.3166818396952,0.256458690416236],[104.3201369999226,0.251364999595102],[104.3075650002246,0.262354000037154],[104.3103780004444,0.263249999987567],[104.3166818396952,0.256458690416236]]],[[[104.4514877853331,0.262852949304213],[104.4513783297461,0.263019510941762],[104.4516591070822,0.263419261389883],[104.4518637397199,0.263095653841392],[104.4514877853331,0.262852949304213]]],[[[104.4881856871198,0.263891570939309],[104.4885639266839,0.263737035935494],[104.4884778363831,0.263103745941182],[104.4878263054396,0.263363819085003],[104.4881856871198,0.263891570939309]]],[[[104.4506073850229,0.26436628617523],[104.450998099083,0.263081777302185],[104.4492011232333,0.263331221358884],[104.4495709946058,0.264593141959965],[104.4506073850229,0.26436628617523]]],[[[104.4476213858184,0.26533804861206],[104.4492920680746,0.2652103862504],[104.4494197223423,0.264991511948784],[104.4481803351544,0.264080751425608],[104.4476213858184,0.26533804861206]]],[[[104.3043498708499,0.265856114767901],[104.3067309752544,0.263961879037497],[104.3072945489044,0.262880086346959],[104.3051846647405,0.262889394330143],[104.3043498708499,0.265856114767901]]],[[[104.433979842196,0.2652540087656],[104.433182257755,0.266162420259539],[104.4333188980488,0.266701465800098],[104.4340228522728,0.266228428699053],[104.433979842196,0.2652540087656]]],[[[104.4907673430385,0.267429413936357],[104.507079639314,0.257219170628284],[104.5102467314016,0.24842032423866],[104.4897989098918,0.261588661687393],[104.4907673430385,0.267429413936357]]],[[[104.3012073842135,0.267382147368275],[104.3024922932848,0.266894356889155],[104.3023495250106,0.265264425612807],[104.2994763259718,0.267536811874455],[104.3012073842135,0.267382147368275]]],[[[104.4302615763108,0.268369347567374],[104.4309805006496,0.268088548647613],[104.4291532779015,0.267726588611181],[104.4292318858429,0.268216633690718],[104.4302615763108,0.268369347567374]]],[[[104.433677687975,0.267930730219065],[104.4326205528962,0.267368649443631],[104.4328788390872,0.268944317426387],[104.433816825686,0.268265846391744],[104.433677687975,0.267930730219065]]],[[[104.4875688933897,0.267585946334423],[104.4868256666712,0.266913048398562],[104.4876530582422,0.269593241235119],[104.488049990215,0.268982588975339],[104.4875688933897,0.267585946334423]]],[[[104.483320800015,0.270265923333765],[104.4838712156841,0.270401650815552],[104.4844778227934,0.269930476210531],[104.4826880172382,0.269845583806669],[104.483320800015,0.270265923333765]]],[[[104.37533128611,0.269955265123409],[104.3785534230021,0.266468645711468],[104.3725050640575,0.255408667176324],[104.3723116063955,0.268059047287236],[104.37533128611,0.269955265123409]]],[[[104.4792798942517,0.270394592036835],[104.4788275658395,0.270158297867271],[104.4790540520029,0.271002675832863],[104.4793274108314,0.270817985661528],[104.4792798942517,0.270394592036835]]],[[[104.4305216872261,0.270908133703449],[104.4318191409407,0.269980893103769],[104.4311808048503,0.268343001028734],[104.428889192882,0.27008441406455],[104.4305216872261,0.270908133703449]]],[[[104.4490581022497,0.271287831967923],[104.4498387245775,0.271082426812638],[104.4498406311403,0.270456689324858],[104.4489326162473,0.270633812600371],[104.4490581022497,0.271287831967923]]],[[[104.482478308827,0.270452478698965],[104.4819578252934,0.270789826988979],[104.4820532748389,0.271545634323653],[104.4826842176026,0.271061266664161],[104.482478308827,0.270452478698965]]],[[[104.3307761380084,0.271760322281109],[104.3340281305938,0.26993420120249],[104.3390420857237,0.262670727771949],[104.3372972471703,0.262989155225421],[104.3307761380084,0.271760322281109]]],[[[104.4825876609918,0.272904177186126],[104.4831522059096,0.272563459136352],[104.4829593876657,0.272028170963365],[104.4823864898447,0.272259973019404],[104.4825876609918,0.272904177186126]]],[[[104.4046485364009,0.273424686799936],[104.4113528824296,0.266994244588778],[104.4106692645749,0.264509356621565],[104.4024298063905,0.268800068868133],[104.4046485364009,0.273424686799936]]],[[[104.3534902231953,0.274704970657888],[104.3648862513994,0.269043816618916],[104.3661953162608,0.260453240624622],[104.3528820512657,0.269633109980047],[104.3534902231953,0.274704970657888]]],[[[104.4478819931595,0.274250173606669],[104.4472661823885,0.274980015715196],[104.4477941410868,0.275722633592698],[104.4482734095902,0.275117647961151],[104.4478819931595,0.274250173606669]]],[[[104.4490501441489,0.276371334369616],[104.4484381303156,0.275722671364262],[104.447670522077,0.276039271395254],[104.4478577303501,0.276380420220265],[104.4490501441489,0.276371334369616]]],[[[104.4208030592139,0.27657664599545],[104.4230608665658,0.275998515019557],[104.4245231534209,0.273329765156591],[104.4185191022748,0.27375166320873],[104.4208030592139,0.27657664599545]]],[[[104.4296021340313,0.277598997995396],[104.4295478860261,0.276767813084186],[104.430851003671,0.274909492678985],[104.4286642337675,0.276405896215179],[104.4296021340313,0.277598997995396]]],[[[104.3903806518456,0.27654802507133],[104.3900625607387,0.275347218799135],[104.3883199219269,0.276573274437128],[104.3895274209537,0.27813390485589],[104.3903806518456,0.27654802507133]]],[[[104.3913409740068,0.278202077064213],[104.3985497794488,0.276785493755602],[104.4016844060106,0.268431148079104],[104.3908802756043,0.274392903209916],[104.3913409740068,0.278202077064213]]],[[[104.4259606846379,0.27825095072089],[104.4253805059057,0.275448281013377],[104.4237928994229,0.275606523921931],[104.4232068598088,0.276746768948241],[104.4259606846379,0.27825095072089]]],[[[104.4164114232487,0.280225391588582],[104.4169760751858,0.277868043675353],[104.4135431210183,0.276466745244106],[104.4126764308727,0.280082721340611],[104.4164114232487,0.280225391588582]]],[[[104.3935224783797,0.279824734623821],[104.3945297226686,0.279272555384155],[104.3944436899244,0.277672392566883],[104.391670947856,0.279157438564967],[104.3935224783797,0.279824734623821]]],[[[104.3269278868126,0.282232973373128],[104.3419316254442,0.275009649275956],[104.3474038382166,0.275933476948451],[104.3586489278058,0.256100994065653],[104.3269278868126,0.282232973373128]]],[[[104.40278057976,0.283116389110136],[104.4027767099772,0.282260691377909],[104.4020139823595,0.282450633589912],[104.4025171728293,0.283349914267214],[104.40278057976,0.283116389110136]]],[[[104.4600545949436,0.284046359152265],[104.4598299757728,0.283102074601091],[104.4593188748663,0.283024771575954],[104.4591260332399,0.283262244756807],[104.4600545949436,0.284046359152265]]],[[[104.4056057082369,0.284888936675129],[104.4085292477267,0.283955005119394],[104.40921185924,0.281833560170705],[104.4055555818247,0.280791629030494],[104.4056057082369,0.284888936675129]]],[[[104.38445762422,0.286993585885329],[104.3866275489223,0.28517492198514],[104.3852703046809,0.28375752209204],[104.3829581378078,0.284961751183952],[104.38445762422,0.286993585885329]]],[[[104.4018234358029,0.287499425757895],[104.4012477051176,0.284333601714446],[104.3969043852293,0.285881144299458],[104.4010307922374,0.288423963894877],[104.4018234358029,0.287499425757895]]],[[[104.3519755975958,0.288292686258471],[104.3517060069267,0.288375592059984],[104.3514457539185,0.288731789240712],[104.3518557557385,0.288682814860072],[104.3519755975958,0.288292686258471]]],[[[104.3519568260467,0.289138922223506],[104.3522133126942,0.288967427804574],[104.3515187509896,0.289016394091332],[104.3516273351334,0.289131363421744],[104.3519568260467,0.289138922223506]]],[[[104.3954150260827,0.287692235008683],[104.3948535739333,0.288046841288756],[104.3946223564367,0.289729766915256],[104.3955690403789,0.289421089911388],[104.3954150260827,0.287692235008683]]],[[[104.3446438422395,0.290456123251579],[104.344263065688,0.290471024118519],[104.3441001822777,0.29064441880495],[104.3445195388457,0.290736791769605],[104.3446438422395,0.290456123251579]]],[[[104.4044844209193,0.292572117409337],[104.4087978761212,0.289595940600249],[104.4074063317368,0.28530541181537],[104.4013880479201,0.289192595561902],[104.4044844209193,0.292572117409337]]],[[[104.4277775975581,0.293393249698701],[104.4328765377221,0.283375008050266],[104.4215082985691,0.278550433056088],[104.4176016840705,0.283298249114969],[104.4277775975581,0.293393249698701]]],[[[104.409113769285,0.293490616598755],[104.4105118472441,0.293082227263072],[104.4105653820867,0.291809341228186],[104.4082299776314,0.29311218637835],[104.409113769285,0.293490616598755]]],[[[104.4217779530901,0.295733092308412],[104.4255522566314,0.295502141910406],[104.4121858246161,0.287977568310202],[104.4145800852028,0.295474651434022],[104.4217779530901,0.295733092308412]]],[[[104.3308604530475,0.297162339870136],[104.3470383780188,0.288295943602998],[104.3454931278057,0.27734978776259],[104.327255082656,0.28923202094113],[104.3308604530475,0.297162339870136]]],[[[104.3846344156458,0.297341110703739],[104.3835729107613,0.297203467665971],[104.383591572593,0.298379550675707],[104.3846100368238,0.298134585242968],[104.3846344156458,0.297341110703739]]],[[[104.3113828984021,0.300913956214208],[104.3110777899081,0.300180777620815],[104.3109111689154,0.300156269296467],[104.3105254658776,0.300819663196902],[104.3113828984021,0.300913956214208]]],[[[104.3403590232503,0.300295903433254],[104.3398067657697,0.300889562103654],[104.34053125961,0.301298589058627],[104.3409188332377,0.300623882586157],[104.3403590232503,0.300295903433254]]],[[[104.3370715344238,0.301486862129005],[104.3379777066059,0.300482349081152],[104.3365493107022,0.299783023667663],[104.3358341068586,0.300459600730038],[104.3370715344238,0.301486862129005]]],[[[104.434096036403,0.302508214982231],[104.434414258811,0.302161474172744],[104.4336279338821,0.302397031797616],[104.4337121796734,0.302453573973269],[104.434096036403,0.302508214982231]]],[[[104.3786694112643,0.303027052756308],[104.3781639841805,0.302060150255754],[104.3778082744324,0.302139288797251],[104.3777539266025,0.303036418296118],[104.3786694112643,0.303027052756308]]],[[[104.378246281141,0.303490675754079],[104.3780515662269,0.303618821051741],[104.3788022851974,0.303931738359095],[104.3787835828961,0.303639598988356],[104.378246281141,0.303490675754079]]],[[[104.3782499917437,0.304116406047347],[104.3781301651751,0.304169177365685],[104.3786412274108,0.304798709093143],[104.378742345383,0.304433070829566],[104.3782499917437,0.304116406047347]]],[[[104.4347698372582,0.304877434845727],[104.4356816463909,0.303667463582633],[104.4342157307714,0.302662821032415],[104.433693379346,0.304029233862055],[104.4347698372582,0.304877434845727]]],[[[104.3240074841581,0.306058384087146],[104.3278568064465,0.302596389012175],[104.3207692296163,0.297335680597241],[104.3206359689748,0.30280325916314],[104.3240074841581,0.306058384087146]]],[[[104.3691157027276,0.304980968397059],[104.3691364141143,0.303003880824468],[104.3662307630393,0.30433433426211],[104.3679043573003,0.306183363771259],[104.3691157027276,0.304980968397059]]],[[[104.4137453281844,0.306203173138028],[104.4148237097465,0.305200546867843],[104.4127512796479,0.304120467385724],[104.4127980147166,0.305501994221677],[104.4137453281844,0.306203173138028]]],[[[104.3058915849287,0.306545141245282],[104.3081626392944,0.304093268289771],[104.3059779351336,0.303020718831101],[104.303933371428,0.306162413164854],[104.3058915849287,0.306545141245282]]],[[[104.3670805953932,0.306409483910583],[104.3664627854292,0.306394360911108],[104.3665676041117,0.306829747894641],[104.3671816701979,0.30676758765413],[104.3670805953932,0.306409483910583]]],[[[104.3767858127151,0.30674931073211],[104.3765686282396,0.306954732075246],[104.3768213548217,0.307196000395146],[104.3768812874415,0.30685109330337],[104.3767858127151,0.30674931073211]]],[[[104.4274569739602,0.307843664253779],[104.4318492097733,0.305572758276204],[104.4316789123519,0.304166715921303],[104.4266951177855,0.305570600802627],[104.4274569739602,0.307843664253779]]],[[[104.304430024726,0.307706515843018],[104.3034041473835,0.306843065055437],[104.3029425370685,0.307089248170309],[104.303226677869,0.307820995043004],[104.304430024726,0.307706515843018]]],[[[104.4396501630246,0.308537384192961],[104.4462318739019,0.303461971193128],[104.4486602529684,0.298701395553033],[104.4368041765715,0.299482892921185],[104.4396501630246,0.308537384192961]]],[[[104.3772630973142,0.308735852877382],[104.3780064040724,0.307620134161921],[104.3770255521876,0.305015356673463],[104.376649199401,0.305886086573734],[104.3772688358881,0.306624946184384],[104.3772630973142,0.308735852877382]]],[[[104.315630212964,0.309523623016814],[104.3152932064164,0.309874161663279],[104.3157799392928,0.310251141277204],[104.315937234316,0.309697042884258],[104.315630212964,0.309523623016814]]],[[[104.374134585243,0.311168881438759],[104.3762146299013,0.309725285193815],[104.3738334994166,0.305465631034105],[104.3706056878023,0.309323501378531],[104.374134585243,0.311168881438759]]],[[[104.4496046337469,0.307714722156691],[104.4455365486729,0.31010707168406],[104.4460195799397,0.311418154624141],[104.4466001678635,0.311342011724511],[104.4496046337469,0.307714722156691]]],[[[104.3006361852118,0.31185969386984],[104.2995502826195,0.312811398727073],[104.2994903158255,0.313787680257269],[104.3012138170641,0.313004628860567],[104.3006361852118,0.31185969386984]]],[[[104.4419173206279,0.314693658185858],[104.4444317036602,0.313093641958082],[104.4447088729162,0.311444484075738],[104.4415223806534,0.312313193199396],[104.4419173206279,0.314693658185858]]],[[[104.440233234876,0.31509805003502],[104.440084530177,0.315203695194485],[104.4401159389994,0.315320764441759],[104.4402901151967,0.315277934229316],[104.440233234876,0.31509805003502]]],[[[104.4288001608988,0.325630245239703],[104.4294461511191,0.325027149983034],[104.429326376711,0.324329786890162],[104.4284146107458,0.324474852932186],[104.4288001608988,0.325630245239703]]],[[[104.3274749902786,0.328183183107475],[104.3403276935683,0.313439539203417],[104.3724226456886,0.30116431128395],[104.3686431575557,0.294395982988258],[104.3775284198008,0.293753794202287],[104.3810326245561,0.284163539915491],[104.3898771726934,0.281805822380862],[104.375364302021,0.283681193931981],[104.3863449738415,0.274001043413483],[104.3546409453234,0.278996628092029],[104.3554311966924,0.28954416033484],[104.3259405139436,0.309099802214094],[104.3274749902786,0.328183183107475]]],[[[104.3020208084137,0.339599257200016],[104.3028127406155,0.338741765320291],[104.3019422337472,0.338262978853463],[104.3016482147933,0.339612419677435],[104.3020208084137,0.339599257200016]]],[[[104.3009573304165,0.340566039191367],[104.3013317946266,0.340077917761691],[104.3011951561316,0.339618037742293],[104.3005567220151,0.340221106019298],[104.3009573304165,0.340566039191367]]],[[[104.298735950104,0.340380663736736],[104.300654150069,0.33910159216479],[104.3004052545989,0.337770959762038],[104.2990890778987,0.338651029121737],[104.298735950104,0.340380663736736]]],[[[104.3598371013012,0.341104103571618],[104.3581746082716,0.34106631405921],[104.3580696879658,0.34255522714208],[104.3594513730824,0.342021941759205],[104.3598371013012,0.341104103571618]]],[[[104.5467019996976,0.344963000042428],[104.5465160001134,0.345099000018864],[104.5465790003207,0.345338000248516],[104.5468049999508,0.345205999557249],[104.5467019996976,0.344963000042428]]],[[[104.3055957169688,0.346373553396814],[104.3218831083188,0.336473924232303],[104.3240919835582,0.324702315759337],[104.3185591636745,0.307171762766709],[104.3014973238424,0.309535743180087],[104.3055957169688,0.346373553396814]]],[[[104.3420632825945,0.348944697140061],[104.3431700386664,0.34500191640536],[104.3405472225763,0.344081980099384],[104.3416477076756,0.348978589890089],[104.3420632825945,0.348944697140061]]],[[[104.5566840283452,0.349357881660969],[104.5662919552096,0.342920270054512],[104.555931430691,0.334530423640198],[104.5509958235985,0.345598240666353],[104.5566840283452,0.349357881660969]]],[[[104.3744019959554,0.34962222478587],[104.3754535948076,0.349383041993898],[104.3757010306781,0.348925296065625],[104.3745934912967,0.348519860103488],[104.3744019959554,0.34962222478587]]],[[[104.2997541157598,0.349896697874305],[104.3012631169993,0.349024182819877],[104.3013305526629,0.348488926123045],[104.2986103013244,0.349108796433859],[104.2997541157598,0.349896697874305]]],[[[104.3024442658902,0.351327398740528],[104.3052095049148,0.350032797675512],[104.3035883833973,0.347997183123569],[104.3012798821609,0.350168203200083],[104.3024442658902,0.351327398740528]]],[[[104.5456546906115,0.352694959105124],[104.5451813126675,0.352543313623086],[104.5452451618348,0.352989139936907],[104.545542412952,0.35304114503287],[104.5456546906115,0.352694959105124]]],[[[104.3019068840955,0.35240541068122],[104.3013302558867,0.352497715297348],[104.3012759125534,0.353240288208776],[104.3019124482009,0.35311784011631],[104.3019068840955,0.35240541068122]]],[[[104.3031105304266,0.354186557563649],[104.3032997010204,0.353093430717275],[104.3031106563318,0.352505384715782],[104.3030000379214,0.354663387105722],[104.3031105304266,0.354186557563649]]],[[[104.4279605250582,0.355920399207063],[104.4277195247363,0.355981399322156],[104.4277225248747,0.356124398722033],[104.427967525381,0.356195399298295],[104.4279605250582,0.355920399207063]]],[[[104.2740668242246,0.356938671882221],[104.2736903895998,0.357422678913563],[104.2742763563688,0.35761120199542],[104.2743718535782,0.357353002139435],[104.2740668242246,0.356938671882221]]],[[[104.286864435945,0.358863634749016],[104.2873062899533,0.358496154673846],[104.2874130295877,0.358117336845718],[104.2869206309825,0.358456545832928],[104.286864435945,0.358863634749016]]],[[[104.534160160563,0.35836778274698],[104.5336871612336,0.358489782977164],[104.5338355799481,0.359139974830056],[104.5339862118942,0.359076247071163],[104.534160160563,0.35836778274698]]],[[[104.2849994461676,0.36261217631097],[104.2844061229443,0.361477533161667],[104.2837620896488,0.361818610940221],[104.2842374991613,0.36317375706327],[104.2849994461676,0.36261217631097]]],[[[104.2838967649238,0.363330161757622],[104.2834286956778,0.363722142962539],[104.2835784220067,0.364319605765237],[104.2842711580875,0.363667549617761],[104.2838967649238,0.363330161757622]]],[[[104.468305343217,0.363554546205355],[104.4818697492895,0.357620168236236],[104.4905667483568,0.34591616719741],[104.4598719768103,0.348583294683388],[104.468305343217,0.363554546205355]]],[[[104.2808741030574,0.365648258760151],[104.2796131123553,0.36610033895956],[104.2805247542141,0.367125690198497],[104.2813784941223,0.366503806305671],[104.2808741030574,0.365648258760151]]],[[[104.2790550776297,0.367883223332141],[104.2777782552623,0.368203522274799],[104.2782106061346,0.369581271058836],[104.27913176372,0.368699304129658],[104.2790550776297,0.367883223332141]]],[[[104.4232862231807,0.370445606779343],[104.4283139199515,0.370623245366561],[104.4362921538599,0.366645178831979],[104.427194931301,0.359160804927258],[104.4175242326573,0.368325318358773],[104.4232862231807,0.370445606779343]]],[[[104.2763233401501,0.371558169773786],[104.2773156763775,0.370270999806818],[104.2769207489934,0.36916276075287],[104.2757094008682,0.370140822940732],[104.2763233401501,0.371558169773786]]],[[[104.2754883232276,0.372227172745829],[104.2751570714418,0.370815507829489],[104.2738296433234,0.371850101401103],[104.2750670672914,0.372560731292745],[104.2754883232276,0.372227172745829]]],[[[104.2736834864039,0.373925138634254],[104.2744080018279,0.37341068415577],[104.272114659564,0.373284211597122],[104.2723223849702,0.37362723011258],[104.2736834864039,0.373925138634254]]],[[[104.4672925438159,0.373934908869009],[104.4720754361325,0.37218829325518],[104.4779629980939,0.362867528014041],[104.462201484411,0.371957746652749],[104.4672925438159,0.373934908869009]]],[[[104.2586429358229,0.373394595284379],[104.2637411664217,0.368688634572864],[104.2633974410392,0.367035239984334],[104.2532537988238,0.372132046057081],[104.2586429358229,0.373394595284379]]],[[[104.4254001309114,0.374922990403734],[104.425039519858,0.375397989825485],[104.4259845202695,0.375922989754171],[104.4259725197161,0.375324990056322],[104.4254001309114,0.374922990403734]]],[[[104.2552398787174,0.37570507502924],[104.2546545873394,0.37593370967299],[104.2546795723045,0.376312044565205],[104.2554183941436,0.376133584897007],[104.2552398787174,0.37570507502924]]],[[[104.3318844615987,0.376198891865462],[104.3712087039186,0.355661922359937],[104.3725053644311,0.350613463840352],[104.3645410673164,0.352542892740379],[104.3710809165511,0.346551754959565],[104.4240689643112,0.327218858063835],[104.4225305471471,0.318185110554412],[104.4338970865813,0.307557559333935],[104.3974016626566,0.315715171118322],[104.410676645311,0.309213112295412],[104.4137399511378,0.301008935414091],[104.420665684174,0.298393150223772],[104.400132150978,0.291531537050835],[104.3986939929334,0.297875534628231],[104.3927728880584,0.287982162047149],[104.3902236949677,0.309796661686621],[104.3826833247757,0.296836161159961],[104.3788377256805,0.300950330193681],[104.3806931934361,0.30342673035941],[104.3782062604107,0.315605807262218],[104.3758996378581,0.317658153700881],[104.3704367087872,0.310192619693714],[104.3512375509722,0.316695672267484],[104.3381141283644,0.340519708817608],[104.345596703625,0.346338388106135],[104.3584405908606,0.339287116906936],[104.3605897664046,0.340203242785472],[104.3603444043708,0.341820331742968],[104.3319325843214,0.36284198996592],[104.3318844615987,0.376198891865462]]],[[[104.2745930085606,0.377464698437111],[104.2748120744178,0.377149967197285],[104.2746455415586,0.376164253577491],[104.2742617163051,0.376576974048179],[104.2745930085606,0.377464698437111]]],[[[104.3083034191675,0.379553122078955],[104.3078933921664,0.379903646336219],[104.3086703173813,0.380045062929321],[104.308719021066,0.379670015059228],[104.3083034191675,0.379553122078955]]],[[[104.4766766006447,0.380785540420378],[104.4760841146902,0.380956862169521],[104.4758271334155,0.38139230311238],[104.4763982038142,0.381235258100718],[104.4766766006447,0.380785540420378]]],[[[104.4530172641355,0.382231411050801],[104.4513490900885,0.383002172312461],[104.45131162703,0.383267921977046],[104.4526914559459,0.382968331723196],[104.4530172641355,0.382231411050801]]],[[[104.4686139006111,0.383084960302702],[104.4727983606559,0.381573633416485],[104.487423009864,0.366368109400758],[104.4762234727351,0.367059182635218],[104.4719581762288,0.374503782223831],[104.4626548533388,0.380509989944164],[104.4686139006111,0.383084960302702]]],[[[104.2657896250912,0.384463731616],[104.2664074917124,0.384348820741495],[104.2665573133693,0.383789078203487],[104.265463923921,0.384546632920843],[104.2657896250912,0.384463731616]]],[[[104.4303919546251,0.384204280802988],[104.4343753829176,0.372765026684727],[104.4092600062444,0.378185487070601],[104.4168413657365,0.382757018021993],[104.4303919546251,0.384204280802988]]],[[[104.4509665247854,0.384876131028664],[104.4508213778044,0.384871371816439],[104.4507856864103,0.385018899302755],[104.4509712839976,0.384995104140826],[104.4509665247854,0.384876131028664]]],[[[104.3172942276465,0.386055010930095],[104.328471336583,0.382885791945784],[104.3258756962065,0.369477647575442],[104.3052341238557,0.384521740585894],[104.3172942276465,0.386055010930095]]],[[[104.3128590069376,0.388525514241087],[104.3136996527168,0.388303182046299],[104.3141733472223,0.387871622577427],[104.3126212792486,0.388521723598709],[104.3128590069376,0.388525514241087]]],[[[104.2965315139183,0.391582281996802],[104.3008216236191,0.390149894002453],[104.3016458387845,0.388057027709651],[104.2918561814176,0.390972376174245],[104.2965315139183,0.391582281996802]]],[[[104.4580133479377,0.392630744913022],[104.4576564286013,0.392752097631297],[104.4577063976322,0.393030495361144],[104.4578848573004,0.393023355643349],[104.4580133479377,0.392630744913022]]],[[[104.4387920353243,0.393643144115893],[104.4394361630485,0.392391697918557],[104.4380732207026,0.392044813217593],[104.4376762536562,0.393011668953422],[104.4387920353243,0.393643144115893]]],[[[104.3699046950457,0.395672273656553],[104.3728328471582,0.39323364321808],[104.372771355114,0.389330339123914],[104.3695603401376,0.392684938059526],[104.3699046950457,0.395672273656553]]],[[[104.4461496093171,0.402950177608671],[104.4536912007883,0.397145609582259],[104.4566965587992,0.389753724654726],[104.4423105770715,0.390455804691678],[104.4355954616613,0.399170122003609],[104.4461496093171,0.402950177608671]]],[[[104.3633305771445,0.406478875399882],[104.3662588515648,0.403765073099668],[104.3660718357467,0.401309237731182],[104.3633290132234,0.40247945356395],[104.3633305771445,0.406478875399882]]],[[[104.4376510609478,0.406467359581006],[104.4381642599727,0.404729941333779],[104.4363009995916,0.403869999700765],[104.435949745984,0.406288900812177],[104.4376510609478,0.406467359581006]]],[[[104.5631408431754,0.406779257057119],[104.5644450543958,0.406781042211366],[104.5651517758338,0.404942650782766],[104.5626069201732,0.406947603848915],[104.5631408431754,0.406779257057119]]],[[[104.2649373663664,0.412459000082796],[104.2648024329859,0.412788794966998],[104.2652648374024,0.412901919787798],[104.265122588037,0.412575858888806],[104.2649373663664,0.412459000082796]]],[[[104.2651991491214,0.414732556362393],[104.2651449146062,0.414077961428847],[104.2645926517296,0.413836674223164],[104.264437218303,0.414417140738552],[104.2651991491214,0.414732556362393]]],[[[104.2646168578817,0.415442438018163],[104.2651822508602,0.415174860031817],[104.2652347119125,0.414782850048498],[104.2642723941557,0.415171011832813],[104.2646168578817,0.415442438018163]]],[[[104.3450948387558,0.418756203236212],[104.344514544011,0.418935603595314],[104.3441491764434,0.419775200764969],[104.3444588921642,0.419755844656519],[104.3450948387558,0.418756203236212]]],[[[104.3425829999056,0.421405999887023],[104.3424239997678,0.421534000393839],[104.3425300001595,0.42175899997787],[104.3427019999973,0.42157100030151],[104.3425829999056,0.421405999887023]]],[[[104.4085887567657,0.427023014300707],[104.4095998753341,0.426670632044088],[104.4115489364343,0.425215753803984],[104.4086920439028,0.424248656150647],[104.4085887567657,0.427023014300707]]],[[[104.3394665612329,0.42891360687751],[104.3391095609575,0.429092607038248],[104.3392025607496,0.42955560680584],[104.3395005610021,0.429436606714104],[104.3394665612329,0.42891360687751]]],[[[104.4028164932866,0.432281024749523],[104.4024590055786,0.431082291414706],[104.399661881091,0.432035746352641],[104.4018579616756,0.432965117446235],[104.4028164932866,0.432281024749523]]],[[[104.5167812638444,0.430175790979989],[104.5256160876124,0.423221391154291],[104.5477098816058,0.423917588725795],[104.5613959047972,0.413068017375126],[104.538644530121,0.415551432252867],[104.5284887209777,0.40458320255283],[104.5330150250235,0.360733953009548],[104.5115001282284,0.428379424870615],[104.5167812638444,0.430175790979989]]],[[[104.4204895654411,0.437914050692909],[104.4218188488608,0.437654064783308],[104.4221409032801,0.437135778293582],[104.421111184034,0.437318516936022],[104.4204895654411,0.437914050692909]]],[[[104.420848918343,0.43934272718513],[104.4216334419299,0.438426795560185],[104.4213245589812,0.438040399145143],[104.4204015469938,0.438196769665231],[104.420848918343,0.43934272718513]]],[[[104.4020300010837,0.440508083980903],[104.4021704347178,0.440266844439316],[104.4017716537388,0.440323354239444],[104.4018278047095,0.440506186411424],[104.4020300010837,0.440508083980903]]],[[[104.4220430984103,0.443033184234151],[104.4241719519741,0.440909222083016],[104.419983927916,0.439791237975326],[104.420652109807,0.442286708265025],[104.4220430984103,0.443033184234151]]],[[[104.3920114167935,0.446565482011449],[104.3921499717438,0.44633366916351],[104.3914572743338,0.446158330142874],[104.3915620948149,0.446522092420684],[104.3920114167935,0.446565482011449]]],[[[104.3695147157316,0.447116875243678],[104.3693668474021,0.446760644787966],[104.3691477950347,0.446837902847028],[104.3692207903072,0.44707726820141],[104.3695147157316,0.447116875243678]]],[[[104.3737850376494,0.446513729624984],[104.3733602257938,0.446595133558622],[104.3734425533312,0.447209561172388],[104.3740379180156,0.447077682788885],[104.3737850376494,0.446513729624984]]],[[[104.3903956948055,0.446723667363377],[104.3904106352426,0.447298508619307],[104.3916069242202,0.447786764947297],[104.3915451812651,0.447302375704092],[104.3903956948055,0.446723667363377]]],[[[104.3939602116944,0.448336364931309],[104.3942616590484,0.44807911655804],[104.3935464857818,0.447992357161572],[104.3936120112854,0.44812618707388],[104.3939602116944,0.448336364931309]]],[[[104.4318885434216,0.449001102419031],[104.4334745706949,0.445412644677853],[104.4277586614331,0.446367780448773],[104.4283408582441,0.447153766333328],[104.4318885434216,0.449001102419031]]],[[[104.3771476162695,0.44976476982834],[104.377117726402,0.448931702636044],[104.3760730586248,0.448788374983542],[104.375973790558,0.449353790445103],[104.3771476162695,0.44976476982834]]],[[[104.3699839792773,0.449988102069307],[104.3703195244266,0.449887512898448],[104.3711939010777,0.449003652896282],[104.3696624959275,0.448624682183338],[104.3699839792773,0.449988102069307]]],[[[104.4176090737998,0.452335434232973],[104.4143896267798,0.442988664195562],[104.3964638559223,0.435953317291846],[104.3901992073276,0.440853159245977],[104.3940497311102,0.447887364010688],[104.4076288033267,0.447174160259342],[104.4176090737998,0.452335434232973]]],[[[104.3754359815853,0.452453094334901],[104.373941954058,0.452737557092606],[104.3738349707074,0.455858681233254],[104.3761735137967,0.453698970131386],[104.3754359815853,0.452453094334901]]],[[[104.3838327626719,0.4548390793601],[104.3924848289117,0.449505730005415],[104.3901538841944,0.447487213364203],[104.3894559482335,0.442779050213035],[104.3861928391282,0.441391607636563],[104.3866086298845,0.439376842067604],[104.3805149873768,0.435495648705261],[104.3767529173133,0.445757765808283],[104.3838327626719,0.4548390793601]]],[[[104.4019435501548,0.457337699974955],[104.4090881152244,0.454126672408092],[104.4089722726523,0.451301420724024],[104.3969678036213,0.450718041304585],[104.4019435501548,0.457337699974955]]],[[[104.3690101609901,0.458922845013296],[104.3708467987408,0.457756356870417],[104.3668783495563,0.451050099782366],[104.3661215385782,0.456167107326186],[104.3690101609901,0.458922845013296]]],[[[104.3817650531147,0.46172470263299],[104.3821601342828,0.461097109843786],[104.381604142817,0.460527874062164],[104.3814749129369,0.461100823144564],[104.3817650531147,0.46172470263299]]],[[[104.3931374543301,0.462963553825022],[104.3966681171399,0.460065512813232],[104.3907427611696,0.457662648412535],[104.3895007866321,0.461092667192917],[104.3909512492008,0.461313389601267],[104.3913086101043,0.462774363446192],[104.3931374543301,0.462963553825022]]],[[[104.3957045574195,0.462548820671602],[104.3949837328131,0.462446545271897],[104.3945064320262,0.462100755945213],[104.3949934742695,0.46312838156963],[104.3957045574195,0.462548820671602]]],[[[104.4426004330636,0.464102141400799],[104.4449373879501,0.46334738087703],[104.4441606650827,0.459770022568515],[104.4401858891675,0.46114748267023],[104.4426004330636,0.464102141400799]]],[[[104.391687705823,0.463423875411559],[104.3913277063087,0.46344487458134],[104.3911257059866,0.464138875109052],[104.3917287059151,0.463857874741189],[104.391687705823,0.463423875411559]]],[[[104.3921929836194,0.463177305588244],[104.3919189835742,0.463508305563851],[104.3923547131995,0.464311577317497],[104.3927770681073,0.463612610733419],[104.3921929836194,0.463177305588244]]],[[[104.3908776675703,0.461645028095623],[104.3882135294309,0.461374116322519],[104.3898116121163,0.464577130030561],[104.3910668660431,0.463404998641812],[104.3908776675703,0.461645028095623]]],[[[104.3690463029445,0.470235215582735],[104.3608952229363,0.465549012077313],[104.3591838499548,0.467801114130159],[104.3715546812036,0.474106700763707],[104.3690463029445,0.470235215582735]]],[[[104.4061541813704,0.476136118087409],[104.4204519575918,0.469195818732102],[104.4265195359479,0.45922329861636],[104.4012581723268,0.462640609976203],[104.3967378532693,0.47335867706135],[104.4061541813704,0.476136118087409]]],[[[104.3820333253777,0.476787604064752],[104.3808426481697,0.476361546648116],[104.3796986466753,0.477343398578986],[104.3809922180165,0.478568588169923],[104.3820333253777,0.476787604064752]]],[[[104.4499921875894,0.478615390687784],[104.4562228058378,0.478369116741392],[104.4612597287535,0.45465659882302],[104.4371752998003,0.483032860578112],[104.4499921875894,0.478615390687784]]],[[[104.3579944686699,0.493620014252302],[104.3593162949111,0.493062260115293],[104.3587678487573,0.492001105966297],[104.3575938917448,0.493007441040591],[104.3579944686699,0.493620014252302]]],[[[104.3569776663862,0.495744009678331],[104.3582170211986,0.49623605844735],[104.3584267592876,0.495561334887748],[104.3563505961032,0.494622532603836],[104.3569776663862,0.495744009678331]]],[[[104.3863165552649,0.497200178445587],[104.3942250566411,0.487889497302449],[104.3828320978231,0.478235469391494],[104.3778127539554,0.480646963686501],[104.3694659580875,0.480308061367937],[104.3841971661663,0.487276493315589],[104.3863165552649,0.497200178445587]]],[[[104.3572449979583,0.499918727367385],[104.3578798365852,0.498207446116814],[104.3563896275793,0.497549521892912],[104.3558970338211,0.499792324955914],[104.3572449979583,0.499918727367385]]],[[[104.4112035194269,0.509918425894648],[104.416865544909,0.505503518172842],[104.4146623623782,0.494458188694511],[104.4089904479508,0.505353674032902],[104.4112035194269,0.509918425894648]]]]}},{"type":"Feature","properties":{"kode":"21.05","nama":"Kabupaten Kepulauan Anambas","lat":3.0876387683515727,"lng":106.06455055410508},"geometry":{"type":"MultiPolygon","coordinates":[[[[105.598064520861,2.300977009081715],[105.597630609665,2.300193077248755],[105.5962160606228,2.299895124660376],[105.5976132527495,2.301202642687914],[105.598064520861,2.300977009081715]]],[[[105.882482293623,2.364091629924856],[105.8861052007945,2.359044710145339],[105.8805848509102,2.355071009819307],[105.8776640633459,2.361311147391573],[105.882482293623,2.364091629924856]]],[[[106.0516304847591,2.504988578560072],[106.0535459516844,2.502692398935055],[106.0491380002186,2.498201165751299],[106.0490785136625,2.503549004982661],[106.0516304847591,2.504988578560072]]],[[[106.0432781967315,2.508055135436235],[106.0426051899776,2.509040801391935],[106.0439757585745,2.511260838117233],[106.0442541563043,2.509726085690398],[106.0432781967315,2.508055135436235]]],[[[106.0529983580878,2.511384170243344],[106.0532613576256,2.511007169944987],[106.0526723583427,2.509741170019028],[106.0522599517354,2.510751385667939],[106.0529983580878,2.511384170243344]]],[[[106.0407005086216,2.510101829635778],[106.0400925093619,2.508545829826245],[106.0409005088514,2.506855830132546],[106.0395445092718,2.508944830239754],[106.0406645087601,2.511585829722327],[106.0407005086216,2.510101829635778]]],[[[106.0506006387085,2.515083655586301],[106.050402638571,2.512663656402678],[106.0395516390969,2.51444165565797],[106.0479406392492,2.525727656306318],[106.0506006387085,2.515083655586301]]],[[[106.2812983155649,2.616545130153655],[106.2790904448682,2.611537222065172],[106.2743640308754,2.607115511871447],[106.2733605763296,2.6140103451014],[106.2812983155649,2.616545130153655]]],[[[106.2860292873218,2.616633601859261],[106.2844149898599,2.617084396028099],[106.2844715734044,2.619767373165802],[106.2859011159438,2.619584128204997],[106.2860292873218,2.616633601859261]]],[[[106.2807012097931,2.617998248420436],[106.2802071528379,2.619447925881088],[106.281105863345,2.620090442919684],[106.2816460690109,2.619164412807448],[106.2807012097931,2.617998248420436]]],[[[106.2938987401348,2.633670930668972],[106.2936330372349,2.633850247391065],[106.2936568305983,2.633981116735226],[106.2938947768225,2.633868092638389],[106.2938987401348,2.633670930668972]]],[[[106.3043545100527,2.631649224132479],[106.3014721837943,2.629199953814895],[106.2999096656986,2.629286881384571],[106.3017170467044,2.635144091226868],[106.3043545100527,2.631649224132479]]],[[[106.2759262836711,2.704477581575235],[106.2753994859975,2.704762897789534],[106.2760584363478,2.705288187300001],[106.2762583106725,2.705002650751817],[106.2759262836711,2.704477581575235]]],[[[106.2746787998867,2.708814404761048],[106.2744263835708,2.708989616977339],[106.274643986231,2.709265428256932],[106.2747692294165,2.708949759024224],[106.2746787998867,2.708814404761048]]],[[[106.247486441646,2.716789364237757],[106.2467874957464,2.717724439731148],[106.2486624419183,2.719337363928284],[106.2487910018033,2.718799956053195],[106.247486441646,2.716789364237757]]],[[[106.2692649333301,2.719542885995471],[106.2709409332775,2.719052885882009],[106.2711599325849,2.718174885862387],[106.2693319328225,2.717604885657041],[106.2692649333301,2.719542885995471]]],[[[106.2792707076771,2.720352553727443],[106.2802575490467,2.71978412733562],[106.2827675487834,2.719631126575292],[106.2763632462668,2.718811733574642],[106.2792707076771,2.720352553727443]]],[[[106.2662812309941,2.725263762212846],[106.2667095340178,2.715434208222176],[106.2510550603428,2.712057753062888],[106.2524755979706,2.720823687862969],[106.2662812309941,2.725263762212846]]],[[[106.2872419988193,2.728459982442308],[106.2871146206433,2.726947400102484],[106.2830350161531,2.726853241983582],[106.2829874258291,2.727656309591017],[106.2872419988193,2.728459982442308]]],[[[106.2668249368214,2.73245330327738],[106.2671104733697,2.73258179391471],[106.267738649819,2.732020241041353],[106.266777348296,2.732043039754492],[106.26634428606,2.732705526239096],[106.2668249368214,2.73245330327738]]],[[[106.273630195777,2.732941092857219],[106.2778712096886,2.731657952752384],[106.268254993773,2.731727568372586],[106.2696322101584,2.732683953301793],[106.273630195777,2.732941092857219]]],[[[106.2238338230726,2.737284955036687],[106.2211313549282,2.736747913185697],[106.22011056595,2.737797254739613],[106.2227874591739,2.738875150667683],[106.2238338230726,2.737284955036687]]],[[[106.2846018905649,2.739368016920471],[106.2846139333864,2.738402372571544],[106.2830837935823,2.737816608150043],[106.283637933344,2.73938437289056],[106.2846018905649,2.739368016920471]]],[[[106.2454077837423,2.739808622669868],[106.2457207046469,2.739705107105037],[106.2460109986088,2.739405294718653],[106.2455350836773,2.739199853590454],[106.2454077837423,2.739808622669868]]],[[[105.3820760771493,2.741143498973406],[105.3820009226045,2.741190951701109],[105.3821235109913,2.741320236439845],[105.3821836648443,2.741238922438358],[105.3820760771493,2.741143498973406]]],[[[105.3801950596543,2.742603031204924],[105.3817371217708,2.741728026827081],[105.3819472043001,2.740801824044967],[105.3799705376103,2.740616035801422],[105.3801950596543,2.742603031204924]]],[[[106.1697162636947,2.76054084578343],[106.1874695122083,2.756344764699145],[106.1925762638836,2.745705846048027],[106.1848102636828,2.739843846416454],[106.1760547061599,2.74477334531362],[106.1697162636947,2.76054084578343]]],[[[106.1989381255941,2.763519094630526],[106.1983833886825,2.762888025062368],[106.1978749695542,2.763390396249862],[106.1984285688234,2.763899300112646],[106.1989381255941,2.763519094630526]]],[[[106.0171325801046,2.790379660592922],[106.0210049097489,2.784607153397477],[106.0182961580413,2.781687242672181],[106.0133741585906,2.78745706089467],[106.0171325801046,2.790379660592922]]],[[[105.7367121544424,2.810490818196708],[105.7365656422906,2.810813648731013],[105.7368085617658,2.811003779800657],[105.736890397374,2.810544173175099],[105.7367121544424,2.810490818196708]]],[[[106.2004919103734,2.810945851769663],[106.2251839069118,2.806463515578827],[106.2262781291324,2.789166646023954],[106.2454613428667,2.775934463005147],[106.23837768798,2.760996206709551],[106.2537609027435,2.761310295833505],[106.2545604018411,2.755578173593884],[106.2432817567478,2.753251060887793],[106.2519406155671,2.745984188019898],[106.2413187021964,2.737989198842536],[106.2539250856742,2.723598217783538],[106.2265079850555,2.736758541373627],[106.2144369787837,2.755282644678323],[106.201816317669,2.756960165379427],[106.2014451215952,2.762313952726833],[106.2229173779347,2.76625434036559],[106.2155434281867,2.783529226892355],[106.1916417432718,2.801315698160977],[106.2004919103734,2.810945851769663]]],[[[106.1820459266783,2.842218155343645],[106.1812054265892,2.842167474049727],[106.1811483196393,2.843102601703794],[106.1819906489494,2.843188263027962],[106.1820459266783,2.842218155343645]]],[[[105.7749485039704,2.843788456172391],[105.7747651825672,2.844085338567591],[105.7748938027069,2.844200139724705],[105.7750578039746,2.843826644983704],[105.7749485039704,2.843788456172391]]],[[[105.7737981964298,2.845080488773565],[105.7750876821509,2.840441025732797],[105.7746548357522,2.839245767378284],[105.7716824558807,2.842216898091387],[105.7737981964298,2.845080488773565]]],[[[106.1218026576666,2.847155606945794],[106.1237371650382,2.842845857850062],[106.1220323058463,2.840955657377741],[106.1177735510086,2.845607824241746],[106.1218026576666,2.847155606945794]]],[[[106.117085099298,2.845943238989367],[106.115875583991,2.84679880901788],[106.1159588252397,2.847965441951693],[106.1159512520487,2.847516712626263],[106.117085099298,2.845943238989367]]],[[[106.116777461011,2.848821913100807],[106.1169469976059,2.849247241167262],[106.1170748937914,2.84923831809396],[106.1170023616697,2.849005492609468],[106.116777461011,2.848821913100807]]],[[[106.1165137051435,2.84901923065306],[106.1164599283831,2.849271673049291],[106.1167528537613,2.849436523276982],[106.116728097224,2.849285284288538],[106.1165137051435,2.84901923065306]]],[[[106.0993513966497,2.874851186233251],[106.1042199439953,2.873234558628045],[106.1020628382294,2.868910817879943],[106.0968336573474,2.870452350295793],[106.0993513966497,2.874851186233251]]],[[[105.7723820501915,2.879207334950639],[105.7721389940194,2.879279263627165],[105.7720926879273,2.879448036697529],[105.7725283123318,2.879433378647555],[105.7723820501915,2.879207334950639]]],[[[105.7919382046845,2.883688421083818],[105.7923790856264,2.875778846816356],[105.7910605131322,2.874375988061416],[105.7848224889667,2.879701035774239],[105.7919382046845,2.883688421083818]]],[[[105.6928077953436,2.892288746628434],[105.6920760871418,2.89282056072031],[105.6928977293468,2.893380144078449],[105.6929935647013,2.892428655058431],[105.6928077953436,2.892288746628434]]],[[[106.1522247089033,2.900732682767181],[106.1532159947224,2.900477583773519],[106.1525789599511,2.89899922333554],[106.1512123834448,2.899890901144197],[106.1522247089033,2.900732682767181]]],[[[106.1618894891087,2.903109186239949],[106.1617887938179,2.903566993322148],[106.1620569842425,2.903964588994622],[106.1623630846886,2.903611273241701],[106.1618894891087,2.903109186239949]]],[[[106.1340955311839,2.905692951068882],[106.1345272498328,2.903662827777364],[106.1318711210554,2.903970642331299],[106.1328475932419,2.905707154061975],[106.1340955311839,2.905692951068882]]],[[[106.1608610747789,2.90473324943996],[106.1580030850744,2.906635218440655],[106.1598988676387,2.910004112999442],[106.1610669313938,2.907023346949899],[106.1608610747789,2.90473324943996]]],[[[105.6733751060763,2.918663811785493],[105.6746939069983,2.917262337986525],[105.670972773175,2.917887046649902],[105.6724604847637,2.918575894961627],[105.6733751060763,2.918663811785493]]],[[[105.7029523638606,2.919840913727189],[105.7025131898319,2.919927356562301],[105.7025169220184,2.920185855892598],[105.7026561964264,2.920196538939223],[105.7029523638606,2.919840913727189]]],[[[105.6813646579527,2.924086435940264],[105.6944167796108,2.91898438232343],[105.6878447616266,2.9093006776842],[105.6782881914469,2.918698820594145],[105.6813646579527,2.924086435940264]]],[[[106.1252989456899,2.93892810594738],[106.1450815809503,2.92996199914699],[106.1490053581108,2.91919202319335],[106.1365861730135,2.918260574665887],[106.1330057696007,2.92976253671171],[106.114047931367,2.925055557967692],[106.1252989456899,2.93892810594738]]],[[[105.8494811891056,2.952832619429934],[105.8493254741914,2.952848130037221],[105.8493017293914,2.952929525876979],[105.8494732139178,2.953034706086854],[105.8494811891056,2.952832619429934]]],[[[105.8484985817442,2.954281863417329],[105.8482378655851,2.954863050289557],[105.849048554947,2.954973722659226],[105.8491482960571,2.954650530597579],[105.8484985817442,2.954281863417329]]],[[[105.8524028463144,2.954951994139265],[105.8523408812267,2.954861090666871],[105.8522362900728,2.955067008435751],[105.8524029560317,2.955095600581558],[105.8524028463144,2.954951994139265]]],[[[105.8519767286432,2.954971469857458],[105.8503621191166,2.954258269703413],[105.8500127351997,2.95500529425896],[105.8519985650818,2.955509977603409],[105.8519767286432,2.954971469857458]]],[[[106.1811129529005,2.958247402395763],[106.1856864956353,2.949484243802857],[106.1924927447444,2.951410120380803],[106.1880025044122,2.942111879559683],[106.1750439599109,2.948598766819654],[106.1811129529005,2.958247402395763]]],[[[105.8514474506394,2.958613107209217],[105.8513051311269,2.958793521104152],[105.8516205971129,2.958835163312234],[105.8516323953188,2.958697531066278],[105.8514474506394,2.958613107209217]]],[[[106.1659929607066,2.969719354964283],[106.1690498858436,2.959948223631702],[106.1630450558847,2.953999051814836],[106.1550901395983,2.964723042734295],[106.1599873573308,2.959656241642271],[106.1659929607066,2.969719354964283]]],[[[105.8530503590869,2.973917713131979],[105.8509041620975,2.973887066035296],[105.850690457099,2.974612444808521],[105.8521834522046,2.975020566146313],[105.8530503590869,2.973917713131979]]],[[[105.7587664753926,2.974870345190283],[105.7582916045739,2.975077915913115],[105.7582574519199,2.975453025836504],[105.7585936418832,2.975324143094781],[105.7587664753926,2.974870345190283]]],[[[105.7784731611076,2.976162302248508],[105.7787407957511,2.975883870344397],[105.7779938107658,2.975833537987448],[105.7781250272483,2.976228370043298],[105.7784731611076,2.976162302248508]]],[[[105.6926122566504,2.97698351997353],[105.7042684236489,2.97127830904682],[105.7067358296948,2.959651367316795],[105.6913074599713,2.96911440260763],[105.6926122566504,2.97698351997353]]],[[[105.6990141795608,2.975704291919644],[105.698031654937,2.977273592702211],[105.7001465429286,2.978492944793597],[105.7005891289852,2.978119271986856],[105.6990141795608,2.975704291919644]]],[[[105.7772975808188,2.978735536016263],[105.777518900377,2.978609720861968],[105.7770899840156,2.978060719826402],[105.7769869891583,2.978868595209615],[105.7772975808188,2.978735536016263]]],[[[105.7706206758037,2.983070872622683],[105.7708700703975,2.982234172169317],[105.7697662676991,2.981757446049404],[105.7693705866833,2.982780941987006],[105.7706206758037,2.983070872622683]]],[[[105.8507877943213,2.985803939300457],[105.8505735128574,2.985780171118012],[105.8504593466216,2.985919080401288],[105.8506641672176,2.98602423183285],[105.8507877943213,2.985803939300457]]],[[[105.6859474079465,2.98887694071832],[105.6881059661175,2.987719885564321],[105.6853484864436,2.984791549990028],[105.6843114593064,2.988325059154228],[105.6859474079465,2.98887694071832]]],[[[106.2409777449271,2.988463738210999],[106.2405578307793,2.988689434769686],[106.2408266947962,2.98928085682617],[106.2410356100055,2.989188333674718],[106.2409777449271,2.988463738210999]]],[[[105.6973984287945,2.989923500669111],[105.698342706151,2.989326815779968],[105.6977908947341,2.987730788045461],[105.6965697718776,2.988823830355546],[105.6973984287945,2.989923500669111]]],[[[106.1198483544181,2.993018888011289],[106.1200766356283,2.993035449026781],[106.1203479368079,2.992958586669502],[106.1197503597913,2.992892188823436],[106.1196338849958,2.993059835942734],[106.1198483544181,2.993018888011289]]],[[[106.4153319369194,2.993530437679603],[106.416130533997,2.988153771579348],[106.4146669017562,2.981137040642],[106.4129404093725,2.984069291864365],[106.4153319369194,2.993530437679603]]],[[[106.1268953556363,2.993937144383739],[106.1302917838388,2.992056985741364],[106.126578526278,2.987888546219541],[106.1242626550975,2.992916748409268],[106.1268953556363,2.993937144383739]]],[[[106.2508243383726,3.00313088668107],[106.2488727187011,2.997768052153948],[106.2396314319451,2.990756388896298],[106.2407134422717,3.002319138817299],[106.2508243383726,3.00313088668107]]],[[[106.1452019902797,3.005121502755181],[106.1490904519628,2.994745160960498],[106.1389640929186,2.976548053849658],[106.136584146841,2.995581537657909],[106.1452019902797,3.005121502755181]]],[[[105.8059055789793,3.007953044297572],[105.8135602323189,3.003690139088654],[105.8120249501914,2.999268159997669],[105.8052343348967,2.998818198601082],[105.8059055789793,3.007953044297572]]],[[[105.6706489228096,3.011506977964661],[105.6718492947093,3.010099742209359],[105.670521964617,3.009129879140659],[105.6699646619397,3.011351603893452],[105.6706489228096,3.011506977964661]]],[[[105.8400867792815,3.010224433211061],[105.8376455039369,3.007354178552578],[105.8337971960838,3.009155820085073],[105.8401168373223,3.01216669363804],[105.8400867792815,3.010224433211061]]],[[[106.3960467670447,3.017408156561196],[106.3958438808904,3.015000111166287],[106.3949174811569,3.013886834110146],[106.3943973168827,3.016142732201409],[106.3960467670447,3.017408156561196]]],[[[105.9652924171114,3.017520352382451],[105.9652421369152,3.017197293420381],[105.9649387740053,3.017395015667489],[105.9651711003661,3.017631752303561],[105.9652924171114,3.017520352382451]]],[[[106.4016569511074,3.019804124960434],[106.4015036580675,3.019867907577932],[106.4015657049934,3.020072622953251],[106.4018005116843,3.019965101808019],[106.4016569511074,3.019804124960434]]],[[[105.6953173975799,3.02085011114379],[105.6945923308714,3.020699784067848],[105.6941245862806,3.02084728727252],[105.6944747930773,3.02119532040772],[105.6953173975799,3.02085011114379]]],[[[105.9675757382298,3.021341496213136],[105.9672101791065,3.021824448339693],[105.967436821752,3.022362751939522],[105.9679275359271,3.022018266629733],[105.9675757382298,3.021341496213136]]],[[[105.7532620363139,3.032898390648263],[105.7526634682445,3.031743821220378],[105.750424746305,3.032427529906577],[105.7518331331926,3.034311428829394],[105.7532620363139,3.032898390648263]]],[[[105.7487529425943,3.033665569010878],[105.7477444527443,3.028369626956739],[105.7461124952955,3.028192829235742],[105.7463840276009,3.033574430815399],[105.7487529425943,3.033665569010878]]],[[[106.4068472740826,3.038001841811621],[106.4111549943076,3.02888969230548],[106.4135070910795,3.035392759268451],[106.4156145488724,3.035984918768996],[106.407932308829,3.01303177939316],[106.3929802326517,3.02882627211487],[106.4002869517815,3.037607116775053],[106.4041842322166,3.024897365221268],[106.4068472740826,3.038001841811621]]],[[[106.3739173347173,3.040739329556462],[106.376670370841,3.039292618059907],[106.3731463899939,3.034271954886879],[106.3708026209443,3.037136826203589],[106.3739173347173,3.040739329556462]]],[[[106.3815589622764,3.042104648810561],[106.3815913225816,3.041986628080483],[106.3814847232414,3.041784849890949],[106.3813019810017,3.042131299320005],[106.3815589622764,3.042104648810561]]],[[[105.956929088107,3.045525971146667],[105.9558471830011,3.031885823272184],[105.9448666568708,3.02020264783398],[105.9509951966711,3.041342753964948],[105.956929088107,3.045525971146667]]],[[[106.3927487093855,3.045857445065113],[106.3949128289639,3.042493183813399],[106.3940531049668,3.036427928406237],[106.3896034195622,3.039348865258006],[106.3927487093855,3.045857445065113]]],[[[106.3811451095592,3.044514596271618],[106.3877481136845,3.031164947404385],[106.3848094799736,3.02392543730916],[106.3800053016034,3.029551298353827],[106.3811451095592,3.044514596271618]]],[[[106.2235864285709,3.044964849947917],[106.2215897186906,3.039735435242207],[106.2181174128884,3.047789869606831],[106.2223451887795,3.048658137163351],[106.2235864285709,3.044964849947917]]],[[[105.7396362766929,3.049648055113718],[105.7394903886706,3.04956438308983],[105.7395615358363,3.049154446020918],[105.7391690249306,3.049648377071023],[105.7396362766929,3.049648055113718]]],[[[105.9516709778334,3.049551908593727],[105.9511894187567,3.050173418368662],[105.9521294809909,3.051138309085765],[105.9523322951993,3.050294464418112],[105.9516709778334,3.049551908593727]]],[[[106.3323874151471,3.054017640601646],[106.3324587979353,3.053903426701797],[106.3324159677228,3.053689275639581],[106.3322874770855,3.053824905095336],[106.3323874151471,3.054017640601646]]],[[[106.3317235446059,3.054517328212135],[106.3320804639423,3.054210377007326],[106.3321090183166,3.053910564620942],[106.3319020051734,3.053882012045261],[106.3317235446059,3.054517328212135]]],[[[106.3359458993838,3.05953561087977],[106.3393045083964,3.057936612684585],[106.3358031311097,3.050491280148492],[106.3328942397774,3.053832043014481],[106.3359458993838,3.05953561087977]]],[[[105.6907539452385,3.059693555213471],[105.6892117248413,3.061149257232486],[105.689123527429,3.06285111538671],[105.6907867920769,3.061255948303398],[105.6907539452385,3.059693555213471]]],[[[105.69650519336,3.062922657354793],[105.7118795893716,3.050424572935761],[105.7151447156562,3.030087059570196],[105.7387393783197,3.049792446664167],[105.7365476099843,3.009058842591571],[105.7241614057244,2.993683658773904],[105.7482153485596,2.969258590011957],[105.7567285064156,2.968920130159901],[105.762137203669,2.980796736280421],[105.7864251626911,2.972439528961178],[105.7873686000809,2.986490631937166],[105.7989575931185,2.989261273189236],[105.8006734303346,2.999676504367276],[105.8083454738645,2.989719312296501],[105.8504884693674,2.987119839009477],[105.8403333976683,2.9790244720018],[105.8469741598297,2.977267551955997],[105.8442679729887,2.959300822375099],[105.8519081904107,2.957151623448716],[105.8345617052586,2.958801988221204],[105.8292489629693,2.969562191242158],[105.8198944587624,2.970632361993996],[105.8210072456879,2.948623478390843],[105.810487183237,2.943651609734065],[105.8281109365706,2.910392510406123],[105.7902620689394,2.908208221732099],[105.8116675883886,2.90085816517227],[105.8214945631237,2.886127635182255],[105.7999931057972,2.887700402851333],[105.7812683790326,2.909222579658376],[105.7824623297728,2.896711602558465],[105.765489309684,2.893774546258342],[105.772135248343,2.8823781817078],[105.7670396752409,2.871603721734427],[105.7425222443062,2.867533499871143],[105.7339670260575,2.880641630406998],[105.7212790848619,2.873637947733098],[105.7387212461886,2.85044735765949],[105.7549682121133,2.856299659002136],[105.7693993811766,2.84305639183906],[105.7691463812006,2.833036180675229],[105.7571238636754,2.832774870963583],[105.7585130302523,2.824938273082832],[105.746497317897,2.826732201130188],[105.7484562265736,2.81901186310709],[105.7397633832735,2.8328184530092],[105.7326607967584,2.814860826366083],[105.6931344686808,2.850849719738878],[105.6977556368132,2.870449484156467],[105.6912272944042,2.878081422419786],[105.7028399162292,2.881220839670039],[105.6942233561231,2.892786929673118],[105.7070766268849,2.925238114047811],[105.6941906297938,2.932886244604592],[105.7066720569699,2.934953700552899],[105.7064256058571,2.951882080993261],[105.7152823919689,2.958353264291723],[105.7065449377987,2.976744764359406],[105.7133876526181,2.974940829555738],[105.7150248477186,2.983858977309971],[105.675051865951,3.008823991833797],[105.6921677919102,3.005508228322128],[105.6949727270098,3.027723591770414],[105.7054575828012,3.031679379399876],[105.6936113953496,3.043485863581829],[105.69650519336,3.062922657354793]]],[[[105.6892081788144,3.063262680228561],[105.6887167352892,3.063401889885341],[105.6885921252265,3.064012320911957],[105.6891491131411,3.063767821327911],[105.6892081788144,3.063262680228561]]],[[[106.3200951189946,3.064168421635415],[106.3181320644433,3.064389712415338],[106.3194271520415,3.066452056617152],[106.3203170698769,3.064757879572543],[106.3200951189946,3.064168421635415]]],[[[105.6145420702604,3.0726033456679],[105.6143244918819,3.072473712891565],[105.6141948591055,3.072541670162042],[105.6144307108088,3.072681012019117],[105.6145420702604,3.0726033456679]]],[[[105.9918054796393,3.072930266318807],[105.991736500739,3.072999738047532],[105.9918008310436,3.073052331300129],[105.9918388372925,3.072958954692083],[105.9918054796393,3.072930266318807]]],[[[106.3227969971837,3.071863599325674],[106.3221474042794,3.070771425760753],[106.3215691950623,3.070857087084921],[106.3227613048904,3.073319829246767],[106.3227969971837,3.071863599325674]]],[[[106.2869850760005,3.074626700661764],[106.2874847618124,3.073755818776046],[106.2892550808573,3.072742167716957],[106.2868351698073,3.072863521334511],[106.2869850760005,3.074626700661764]]],[[[105.6088351110515,3.077112229845568],[105.6138462558001,3.075912981199135],[105.6141317923484,3.074321121822376],[105.6064575805529,3.077169323305661],[105.6088351110515,3.077112229845568]]],[[[106.3309684126622,3.081012031080398],[106.3304401733753,3.075936640563558],[106.3280095531984,3.072410280110404],[106.3265247698024,3.07929168106622],[106.3309684126622,3.081012031080398]]],[[[106.3307899538933,3.081725869753104],[106.3309755505813,3.081254735617666],[106.3305401096384,3.081090553586229],[106.3303259585762,3.081511717791606],[106.3307899538933,3.081725869753104]]],[[[105.7265210127347,3.081313382206851],[105.727284680144,3.080390159778123],[105.7263878896894,3.079870186160271],[105.7256205962137,3.080710833738042],[105.7265210127347,3.081313382206851]]],[[[105.6760706269579,3.083364406642119],[105.6757396413714,3.083323928156844],[105.6757850472422,3.083587187598646],[105.6759231327465,3.083567951999488],[105.6760706269579,3.083364406642119]]],[[[105.9760447618563,3.084580364692101],[105.9757263020273,3.084553733068351],[105.9757025464354,3.084610597201308],[105.9758157962621,3.084787002818],[105.9760447618563,3.084580364692101]]],[[[106.3087371492001,3.083815015550528],[106.3081516096092,3.084586483679374],[106.3086287161424,3.085133277778617],[106.3089323290638,3.08494920813953],[106.3087371492001,3.083815015550528]]],[[[105.9813594610704,3.087192858363807],[105.9914696835791,3.072219151692511],[105.98279588792,3.057249607983103],[105.9878091029078,3.044780423277981],[105.9797381740775,3.038431482127212],[105.9859877752157,3.028957261968145],[105.9776603273623,3.017268506236647],[105.9754680572052,3.029638165668857],[105.9652217285999,3.024549517346408],[105.9635208758878,3.03952872696922],[105.9704078076742,3.045582523214939],[105.966712381871,3.070278194383235],[105.9813594610704,3.087192858363807]]],[[[105.6745371299846,3.086308239333867],[105.6739453625884,3.08239218914823],[105.6696870367274,3.083510875626438],[105.672257600408,3.087998299282123],[105.6745371299846,3.086308239333867]]],[[[105.6468217746053,3.090608097685642],[105.6461859952875,3.090536679823973],[105.6459897955926,3.090928144818083],[105.6463255916528,3.091042830862033],[105.6468217746053,3.090608097685642]]],[[[105.9542663879835,3.091909648711354],[105.9577355497558,3.076662308019106],[105.9543228240391,3.070174555611271],[105.9446156354033,3.089752675145906],[105.9542663879835,3.091909648711354]]],[[[105.97022999282,3.092126326868549],[105.9735894274102,3.087012026284008],[105.9621850274172,3.081522501562194],[105.9674008146959,3.091376014391599],[105.97022999282,3.092126326868549]]],[[[105.5884307879506,3.092261501267334],[105.597753517311,3.091238332682988],[105.6089512602925,3.080916230799446],[105.5884566110838,3.083352355726653],[105.5884307879506,3.092261501267334]]],[[[106.3443921422836,3.093375710920409],[106.3444385419052,3.086758430057589],[106.3425040399296,3.084067259196765],[106.341590326932,3.091512592632139],[106.3443921422836,3.093375710920409]]],[[[105.6412950278433,3.093977996787189],[105.6413322300984,3.090506126256741],[105.6395429182711,3.090571836121402],[105.6407398862368,3.091396886756947],[105.6412950278433,3.093977996787189]]],[[[106.3559797701503,3.092914689661285],[106.352771067331,3.077460091210259],[106.3541701903021,3.048049952643272],[106.3430878510235,3.051412131065078],[106.3415780826624,3.064403988253538],[106.3559797701503,3.092914689661285]]],[[[106.3330349746844,3.094846217578983],[106.3372716053004,3.081761562046491],[106.3349123697102,3.076943152804311],[106.3310897662798,3.082104203746038],[106.3290981573542,3.082946533056074],[106.3330349746844,3.094846217578983]]],[[[106.2567345992224,3.088908280992463],[106.2536655692107,3.090893076654243],[106.2551531845719,3.097021300792434],[106.256953984339,3.095608024290918],[106.2567345992224,3.088908280992463]]],[[[105.970359836937,3.096985729008249],[105.9718018647643,3.096137153007227],[105.9742298948937,3.095650259152215],[105.9715597618735,3.094525968098981],[105.970359836937,3.096985729008249]]],[[[105.9471163802168,3.098205745698678],[105.947297995606,3.098552053934188],[105.9477300676886,3.098487043742114],[105.9476334903934,3.09831480828182],[105.9471163802168,3.098205745698678]]],[[[105.6981612652303,3.099658904434953],[105.7281376700175,3.094212574151033],[105.7351092576861,3.083846255300514],[105.7237035500789,3.086166240879361],[105.7117524162411,3.073999708619656],[105.7009393231912,3.081417247607931],[105.6981612652303,3.099658904434953]]],[[[105.7008526303447,3.100380156219295],[105.7003405365866,3.100120200886657],[105.7002667553066,3.101071674618105],[105.7008708299249,3.100900735080913],[105.7008526303447,3.100380156219295]]],[[[105.9602958090044,3.101481782558245],[105.9605150196525,3.091099158999032],[105.9475849899554,3.096930323575652],[105.9506740370772,3.100776089045286],[105.9602958090044,3.101481782558245]]],[[[106.3407785188136,3.101712481146123],[106.3406773918482,3.101190895943184],[106.3403739821736,3.101065375766531],[106.3403512428157,3.101543967080488],[106.3407785188136,3.101712481146123]]],[[[105.6911205232936,3.103218900431969],[105.6910616707595,3.103222207239153],[105.6909854909877,3.103243319723447],[105.6910846106664,3.103348570080499],[105.6911205232936,3.103218900431969]]],[[[106.3534239886262,3.109447932276254],[106.3549111516284,3.102214371196354],[106.351208115762,3.099025893230433],[106.3498756181653,3.1045997797561],[106.3534239886262,3.109447932276254]]],[[[106.3439281469665,3.10779524365563],[106.3480005946518,3.096637952179758],[106.3457734191081,3.093918227843972],[106.340337540745,3.104375959183269],[106.3439281469665,3.10779524365563]]],[[[106.1142025787861,3.115490077804871],[106.1172633566187,3.110931742605882],[106.1089544959533,3.108725868404182],[106.1103884973314,3.11401197097576],[106.1142025787861,3.115490077804871]]],[[[105.6686077612393,3.115824675968003],[105.6685007131375,3.115824318037873],[105.6683317853837,3.116027875985704],[105.6687175369848,3.116053959023034],[105.6686077612393,3.115824675968003]]],[[[105.6725404201044,3.116659152398004],[105.6728866788772,3.116469937737442],[105.6728508112161,3.116230606557323],[105.6724746463879,3.116302653944402],[105.6725404201044,3.116659152398004]]],[[[105.6688347609156,3.116966143173027],[105.6695777259314,3.117032942116648],[105.6695344325681,3.116347220747716],[105.6686737382025,3.116451889243365],[105.6688347609156,3.116966143173027]]],[[[105.6846156999547,3.117689746684537],[105.69128138233,3.113345728922322],[105.6954100313479,3.102725494586011],[105.6756865076263,3.106260424678918],[105.6735184463193,3.117341496812664],[105.6846156999547,3.117689746684537]]],[[[105.6533805060056,3.118656832646781],[105.6657356971448,3.108693122289829],[105.6615099249431,3.102046528024903],[105.6751142159484,3.091001298371253],[105.6625642658283,3.098499385138552],[105.6527633417549,3.096594696588028],[105.6558612813731,3.087225633256384],[105.643483459694,3.093076491187151],[105.6414738913071,3.114844082188672],[105.6533805060056,3.118656832646781]]],[[[106.4043364487681,3.118742166617693],[106.4018665677879,3.108969721375598],[106.3987399568836,3.106207165927998],[106.4019660570879,3.123517821190557],[106.4043364487681,3.118742166617693]]],[[[106.4309765531255,3.12315309304083],[106.4310553778035,3.120859292122734],[106.4285813932168,3.12308439472908],[106.4296567458622,3.124085047886659],[106.4309765531255,3.12315309304083]]],[[[105.6752025086889,3.124041539585431],[105.6733236378757,3.12375193630292],[105.6743647011701,3.126436812808752],[105.674917637639,3.125388087290414],[105.6752025086889,3.124041539585431]]],[[[105.666442888029,3.12634601635564],[105.666293197673,3.122612206588048],[105.6660035916924,3.122316877322117],[105.6641924488225,3.126224106057695],[105.666442888029,3.12634601635564]]],[[[106.1464119192747,3.126624357428231],[106.1476586925947,3.123198962062478],[106.1436821872831,3.122226158210694],[106.1429370692904,3.126549186695659],[106.1464119192747,3.126624357428231]]],[[[106.4492713868651,3.127788831089727],[106.4564551515841,3.123090557783058],[106.4546261256952,3.120298287835709],[106.4448790746096,3.125029818071678],[106.4492713868651,3.127788831089727]]],[[[106.4067792259806,3.128868251368754],[106.4058392168065,3.129468179213134],[106.4061531251667,3.130726907221092],[106.4070749131768,3.129504147598382],[106.4067792259806,3.128868251368754]]],[[[106.1149969958148,3.140946201306182],[106.1230526667472,3.129855631432331],[106.1255869373873,3.118577152713463],[106.1117495313159,3.119507347586058],[106.1149969958148,3.140946201306182]]],[[[106.1105157639914,3.143881809697845],[106.1120446384494,3.14085032098561],[106.1049454153987,3.133989881427922],[106.1024744741178,3.138282969683392],[106.1105157639914,3.143881809697845]]],[[[106.4012596378221,3.144942746210798],[106.4009298447366,3.14501127455069],[106.4009812409915,3.145335356941214],[106.4013995498494,3.145205439079767],[106.4012596378221,3.144942746210798]]],[[[106.3836117197052,3.153665733886534],[106.3849323210698,3.15187400018495],[106.3817406990741,3.149887556065888],[106.38106218757,3.151325831022355],[106.3836117197052,3.153665733886534]]],[[[106.4170341916747,3.154283992612172],[106.4201776702633,3.145769471384007],[106.4305797218767,3.149146402284696],[106.4364826892248,3.128834371209365],[106.421994944711,3.136984125616959],[106.418397199671,3.130538165603912],[106.403515772435,3.134221780610712],[106.4170341916747,3.154283992612172]]],[[[106.3951582332659,3.154322088793403],[106.397863679965,3.137482643209498],[106.3796071465526,3.138711697187112],[106.3870631369543,3.150964987044546],[106.3951582332659,3.154322088793403]]],[[[106.4097732237553,3.157015227370884],[106.4096554413456,3.157219860907933],[106.4098469879482,3.157353110757487],[106.4098755414232,3.157204394367351],[106.4097732237553,3.157015227370884]]],[[[106.388153396762,3.157424310983203],[106.3894454446516,3.156203647680233],[106.3866043675975,3.151256747800723],[106.3854836423563,3.153548169112796],[106.388153396762,3.157424310983203]]],[[[106.0875659179328,3.157600667137149],[106.0990740196503,3.138285667649509],[106.0882943022403,3.122935792552827],[106.0794587850949,3.13317620541762],[106.0845518823636,3.147447984037321],[106.0743367746225,3.146399579577007],[106.0875659179328,3.157600667137149]]],[[[106.4383740687083,3.159052617184543],[106.439950462444,3.1576368369705],[106.4387607322221,3.156149673968333],[106.4375591039695,3.157089560834624],[106.4383740687083,3.159052617184543]]],[[[106.4068001550033,3.159906455118854],[106.4082409057932,3.151189489303551],[106.3992227489308,3.146757742675742],[106.3972781493672,3.152142490983255],[106.4068001550033,3.159906455118854]]],[[[106.3670919597262,3.160397044288231],[106.366556718318,3.16083256976729],[106.3666665983849,3.161532292681212],[106.3672965761761,3.160969102142385],[106.3670919597262,3.160397044288231]]],[[[106.4043791485789,3.161637284033446],[106.4044290618517,3.159916087757274],[106.4029500512039,3.160626896614026],[106.4028287794247,3.161255327571343],[106.4043791485789,3.161637284033446]]],[[[106.3707040219731,3.160204842979141],[106.3685197449903,3.155463737661467],[106.3622878685903,3.153294887648993],[106.3713607536959,3.164287997992709],[106.3707040219731,3.160204842979141]]],[[[106.4363967374196,3.165951864287141],[106.4360041257899,3.160383924978238],[106.427609387963,3.156836148969177],[106.4318353103513,3.163382046144502],[106.4363967374196,3.165951864287141]]],[[[106.2934736746704,3.166462500244215],[106.2955884205692,3.161590554360693],[106.2947764298884,3.157973773370969],[106.2921709203517,3.161986139149086],[106.2934736746704,3.166462500244215]]],[[[106.3966754201346,3.167397757400646],[106.3969184790047,3.166186636803946],[106.3952777243876,3.16549204722023],[106.3961900101609,3.16737943461327],[106.3966754201346,3.167397757400646]]],[[[106.3168688820933,3.169067980103279],[106.3116028182155,3.134363951735097],[106.333860296016,3.158439338005103],[106.3265577299553,3.13950834723251],[106.3341077597654,3.147631826147922],[106.3382813344161,3.140579104342244],[106.3400635505925,3.151120115600946],[106.3432068187397,3.123618306040065],[106.3335366893668,3.118226446793159],[106.3300127067211,3.124103716013703],[106.3274571662153,3.11194466971083],[106.3235048814451,3.122790252568141],[106.3152124603868,3.089149434199111],[106.3083691304311,3.085932402758228],[106.3112292416362,3.114562077278137],[106.2987822818769,3.126816302430523],[106.2960176651832,3.10400875699861],[106.2849281870862,3.124667236603717],[106.3168688820933,3.169067980103279]]],[[[106.4384891963194,3.173325695324646],[106.4402916373493,3.170625006039284],[106.4398990257195,3.168180110024043],[106.4386379118103,3.16845969665771],[106.4384891963194,3.173325695324646]]],[[[106.4487735914282,3.175596557235426],[106.4492827956646,3.175449029748933],[106.4493113491395,3.174668566601135],[106.448654618316,3.174744710400134],[106.4487735914282,3.175596557235426]]],[[[106.3033349441524,3.180656492003585],[106.3100739851264,3.173219376572977],[106.3014698536509,3.165034030596047],[106.2966918959143,3.17601286420237],[106.3033349441524,3.180656492003585]]],[[[106.3046169016488,3.186752416990512],[106.3056876596579,3.185051102026758],[106.3049738209851,3.183302197638337],[106.3036591686358,3.184456237365495],[106.3046169016488,3.186752416990512]]],[[[106.2821533244165,3.18984745269788],[106.2822056730534,3.189419149674077],[106.2818630295552,3.189228792874509],[106.2816869503925,3.189704685323068],[106.2821533244165,3.18984745269788]]],[[[106.3679607039234,3.187929507241027],[106.3694113652424,3.176663884330843],[106.3639376038375,3.161328173556409],[106.362383927876,3.183471557066774],[106.3679607039234,3.187929507241027]]],[[[106.3534401764231,3.191255356649435],[106.3548180079448,3.190779715111812],[106.3545663290729,3.189480632725083],[106.3528377871342,3.189389588958424],[106.3534401764231,3.191255356649435]]],[[[106.2819534500917,3.193844947286561],[106.2825292788032,3.190689782007915],[106.2822151896793,3.189933114022047],[106.2807256479703,3.191603495005356],[106.2819534500917,3.193844947286561]]],[[[106.4460316556364,3.193561573607816],[106.4451128129061,3.193722968640177],[106.4462019926279,3.194670085156325],[106.4462924518352,3.193963628119011],[106.4460316556364,3.193561573607816]]],[[[106.4445321611304,3.193857466748739],[106.4472486982689,3.174066985802803],[106.4406400535956,3.177784263333127],[106.4349953220765,3.167212525837403],[106.4392847123197,3.18436351006801],[106.4325103729554,3.188632006362035],[106.4445321611304,3.193857466748739]]],[[[106.443769588196,3.196220725905818],[106.4434075481199,3.196300155827569],[106.4436429438669,3.196807738586326],[106.4436700997953,3.196414243822353],[106.443769588196,3.196220725905818]]],[[[106.3534472361011,3.198643748610163],[106.3527030552019,3.197589407725076],[106.3523172388495,3.197489412106712],[106.352253805169,3.198135613667684],[106.3534472361011,3.198643748610163]]],[[[106.3085660882545,3.200939999281637],[106.3101900696161,3.195342316694582],[106.3081437333467,3.193069932231673],[106.3074121195737,3.19567415663704],[106.3085660882545,3.200939999281637]]],[[[106.3032876973694,3.201621026189482],[106.301329401131,3.191589218267875],[106.2979624625977,3.195058472670475],[106.2981147492963,3.18705872518008],[106.2937079867342,3.183646577727405],[106.2927585823428,3.197304684163903],[106.3032876973694,3.201621026189482]]],[[[106.3507173368357,3.20204055272939],[106.3510988607238,3.20126124610962],[106.3480190973035,3.19835538819062],[106.3492819037369,3.202756903208591],[106.3507173368357,3.20204055272939]]],[[[106.3164141102231,3.206837604871659],[106.3171743476181,3.20564192563435],[106.3171779170274,3.205042301760862],[106.316058571346,3.205837625306195],[106.3164141102231,3.206837604871659]]],[[[106.3012376648864,3.208531906922051],[106.3042714783461,3.205191144056062],[106.3037242022102,3.203753949185483],[106.3007332189629,3.205367224118149],[106.3012376648864,3.208531906922051]]],[[[106.4863528908732,3.210914830654964],[106.4875634817693,3.198843129207084],[106.5009505334404,3.201908483689596],[106.4973107441956,3.1833815502184],[106.4916206508724,3.198591392778582],[106.488046933919,3.189178572033512],[106.477008416805,3.18955748159253],[106.4863528908732,3.210914830654964]]],[[[106.3175704144432,3.211263428564436],[106.3182937697418,3.209940449392267],[106.3179416096177,3.208612710108504],[106.3172563253192,3.20878879017059],[106.3175704144432,3.211263428564436]]],[[[106.4550416475541,3.212305716735496],[106.4556112286753,3.211392397641099],[106.4546151305839,3.210410988176559],[106.4540914562558,3.211038341746097],[106.4550416475541,3.212305716735496]]],[[[106.4848129709419,3.222818053110664],[106.4860239521437,3.218758578145952],[106.4762281173338,3.207667725884921],[106.4772814078108,3.215378912406951],[106.4848129709419,3.222818053110664]]],[[[106.4766002064345,3.226124008616104],[106.4769689239767,3.226396993326585],[106.4751830448617,3.223414418740521],[106.4751271753789,3.225440422237757],[106.4766002064345,3.226124008616104]]],[[[106.3190040399046,3.227328583047683],[106.3198891994271,3.22691455676145],[106.3194644649132,3.225997275254077],[106.3184936449659,3.22642557827788],[106.3190040399046,3.227328583047683]]],[[[106.4762391421228,3.228877744412472],[106.4758147502506,3.228821171659767],[106.4754861325791,3.229198777201891],[106.4763639464391,3.229637184108846],[106.4762391421228,3.228877744412472]]],[[[106.4725852308238,3.23224674419189],[106.4745573739237,3.228652684573795],[106.4713429936843,3.224981776088164],[106.4689595177676,3.229335173779301],[106.4725852308238,3.23224674419189]]],[[[106.3034055130541,3.235111280061552],[106.3082031011922,3.224718984293794],[106.2973795283426,3.21581979964407],[106.2927038873746,3.228240586434005],[106.3034055130541,3.235111280061552]]],[[[106.2327908647067,3.229532228729436],[106.2773135994431,3.195307573186067],[106.281846664592,3.181949649656634],[106.2745806658651,3.181007571142501],[106.275229844182,3.167599312558277],[106.2849215797672,3.179032908142275],[106.2881689840114,3.178448206719441],[106.2879433036406,3.150552853831211],[106.2678915858281,3.117209467343084],[106.2763006012918,3.119872083829666],[106.2754154417693,3.105573902913349],[106.2830392348728,3.119950606335497],[106.2886000353634,3.104467452610859],[106.2786555929813,3.076451130115675],[106.27293842287,3.079754370567777],[106.2741876396479,3.100412851971623],[106.2595682307893,3.094123936070869],[106.261902483213,3.112034138764596],[106.2483752470201,3.127524431307481],[106.2490890847935,3.107751110325484],[106.2439423105892,3.100719802277151],[106.2400637900119,3.106858811984669],[106.2368991063088,3.095675344841297],[106.2224081889867,3.108429255805522],[106.2224795726742,3.130129939944858],[106.2138183351481,3.118494376414404],[106.2046098205869,3.134865068368264],[106.2075912692218,3.19127420823817],[106.1946179650471,3.229997710625842],[106.2088471418821,3.229248180559118],[106.218312908414,3.216322576425789],[106.226292556956,3.235687894780547],[106.2327908647067,3.229532228729436]]],[[[106.2843693951316,3.234993233251181],[106.2831487309293,3.23459348280306],[106.2835734654431,3.236153220195014],[106.284008906386,3.23600688341099],[106.2843693951316,3.234993233251181]]],[[[106.3148599702115,3.240674504225026],[106.316965793037,3.238176069769882],[106.3156190178035,3.235330235302158],[106.3143460067629,3.23948477400322],[106.3148599702115,3.240674504225026]]],[[[106.4378470758819,3.243779541292845],[106.4377991573053,3.24291858792256],[106.4366859656848,3.242539323131343],[106.4369692872029,3.243904869913838],[106.4378470758819,3.243779541292845]]],[[[106.4516197910206,3.250769763813576],[106.4517086062673,3.233398273011922],[106.4579403540642,3.230321844277761],[106.4555393017974,3.225473632402242],[106.4374780255905,3.239699634630465],[106.4516197910206,3.250769763813576]]],[[[106.4489110213267,3.250306101245592],[106.449346848978,3.250405976354752],[106.4489376700375,3.248960040073822],[106.4477388242874,3.249711949746747],[106.4490592071168,3.251544229382763],[106.4489110213267,3.250306101245592]]],[[[106.3063246647515,3.250332517931408],[106.3075239133979,3.240552933870887],[106.3048184657996,3.239444104861565],[106.3029053802792,3.241809288567875],[106.3063246647515,3.250332517931408]]],[[[106.311883085636,3.252433582443913],[106.3127111382085,3.25217303086076],[106.3125897863896,3.251319995121737],[106.3118795171261,3.251605529871359],[106.311883085636,3.252433582443913]]],[[[106.3114973160484,3.2544302482574],[106.3123122807872,3.253841330812811],[106.3116103401452,3.252865751653221],[106.3107239908196,3.253882971222243],[106.3114973160484,3.2544302482574]]],[[[106.4501955751657,3.257613138735426],[106.4491686968779,3.253496686323064],[106.444146352872,3.251594163339998],[106.4466573751378,3.257187252189929],[106.4501955751657,3.257613138735426]]],[[[106.3102256890643,3.260080818175236],[106.3107224412877,3.25853369557365],[106.3099757027165,3.257351480986092],[106.3085708690504,3.259762826893041],[106.3102256890643,3.260080818175236]]],[[[106.444449143813,3.261119771660169],[106.4441525060334,3.259606467164765],[106.4427566808762,3.257983258320717],[106.4429812119134,3.260707383039318],[106.444449143813,3.261119771660169]]],[[[106.3900950195695,3.257594054222256],[106.3859409781937,3.256278853286542],[106.3900562686819,3.262851484608408],[106.3905655988234,3.262063716267537],[106.3900950195695,3.257594054222256]]],[[[106.3122274504366,3.263096313344271],[106.312340473634,3.262459807374295],[106.3118288897915,3.261704328292158],[106.3114898166018,3.262846469988666],[106.3122274504366,3.263096313344271]]],[[[106.3143094781,3.264714345690511],[106.3145236291622,3.263703075136814],[106.3132922576317,3.263845843410994],[106.3133993336125,3.264416913809519],[106.3143094781,3.264714345690511]]],[[[106.4152624004394,3.26840014874794],[106.4149513663126,3.268354098962533],[106.414064120363,3.267142025983748],[106.4151852565944,3.269420956611867],[106.4152624004394,3.26840014874794]]],[[[106.3004833504264,3.274326187303721],[106.305057864429,3.259222558274487],[106.2961771491562,3.235168494030848],[106.2985671037888,3.277956751303112],[106.3004833504264,3.274326187303721]]],[[[106.30280173791,3.285127750145577],[106.3066118497572,3.282302139632097],[106.3061062149299,3.267983733862255],[106.30097252766,3.278506899873634],[106.30280173791,3.285127750145577]]],[[[106.3320116046519,3.295128684341385],[106.3326778538999,3.291327494668138],[106.3300753193206,3.29000689510217],[106.3289629209022,3.292600506608178],[106.3320116046519,3.295128684341385]]],[[[106.4159725671803,3.300216330819094],[106.4198555519922,3.290559193052388],[106.4129134989588,3.269181023785283],[106.4060159326892,3.278076326960932],[106.4159725671803,3.300216330819094]]],[[[106.3284334909129,3.303968382434984],[106.3280379052252,3.292570764229396],[106.3253848062639,3.292350664151854],[106.3266042797638,3.302629934923672],[106.3284334909129,3.303968382434984]]],[[[106.2001284115969,3.307133478027623],[106.201670301943,3.294591339418872],[106.1984009227645,3.288031164606608],[106.1921227150913,3.295183825373304],[106.2001284115969,3.307133478027623]]],[[[106.393292460179,3.307516364388729],[106.3931451863014,3.307220250913833],[106.3928135630955,3.307443363720285],[106.393129281791,3.30782634540958],[106.393292460179,3.307516364388729]]],[[[106.1763452069658,3.306620460665787],[106.1758452369681,3.304910434868734],[106.1756432663237,3.30864300267255],[106.176214335823,3.307560349330728],[106.1763452069658,3.306620460665787]]],[[[106.4078820106464,3.309413799007665],[106.4107824591433,3.298962219930534],[106.394448479314,3.289745401928833],[106.3933508486628,3.306576074626232],[106.4040387057217,3.300366417776001],[106.4078820106464,3.309413799007665]]],[[[106.3893099842684,3.31299786895649],[106.3887214490357,3.309756111555394],[106.3858750452971,3.305490442729852],[106.3898765301778,3.315949253255489],[106.3893099842684,3.31299786895649]]],[[[106.3250011177075,3.316508142336904],[106.3266548432465,3.313747967394786],[106.3246560964018,3.304533503818185],[106.321910792649,3.31263556897634],[106.3250011177075,3.316508142336904]]],[[[106.3232432911451,3.318352223776188],[106.3210898788949,3.314586727295609],[106.3193677437264,3.314783032211221],[106.3203076305928,3.317186287816941],[106.3232432911451,3.318352223776188]]],[[[106.3060330541821,3.321325099174043],[106.3098605912933,3.314217846976074],[106.3015691846702,3.302541633189925],[106.3036083839198,3.318660102182069],[106.3060330541821,3.321325099174043]]],[[[106.3859297375674,3.322911297318608],[106.385722182133,3.32288341024125],[106.3851791418041,3.321479782566005],[106.3851231131412,3.322926198185549],[106.3861060145809,3.323806710911036],[106.3859297375674,3.322911297318608]]],[[[106.0345846258799,3.328695886006393],[106.0344606255575,3.328589885614818],[106.0342692911949,3.328732386790211],[106.0343620904382,3.328832324851948],[106.0345846258799,3.328695886006393]]],[[[105.9509146956568,3.329259420086238],[105.9501513331176,3.329653111801733],[105.9514100674207,3.330456563419681],[105.9515851537319,3.329769787146052],[105.9509146956568,3.329259420086238]]],[[[106.0443274609436,3.338444171861109],[106.0520828581374,3.334893626839474],[106.0514989346281,3.328203273362384],[106.0425144142089,3.333536695562088],[106.0443274609436,3.338444171861109]]],[[[106.388874114349,3.342345844585125],[106.3893619030295,3.338300762370338],[106.3884907450519,3.337498737976418],[106.3870532731901,3.340810773798285],[106.388874114349,3.342345844585125]]],[[[106.2985079122104,3.349711433336044],[106.2993145492271,3.349183192250592],[106.2990575670532,3.347991082422585],[106.2980153643177,3.349097531825706],[106.2985079122104,3.349711433336044]]],[[[106.2995429770268,3.352852320977927],[106.3006958260516,3.351503167037539],[106.2987292020911,3.350268226997088],[106.2982794844107,3.351353260844391],[106.2995429770268,3.352852320977927]]],[[[106.1747148260284,3.350483845752915],[106.1736338256406,3.353071846388666],[106.1744842884192,3.35569268127227],[106.1762260530899,3.354008021752829],[106.1747148260284,3.350483845752915]]],[[[106.3052959743298,3.357628469278517],[106.3061625106914,3.347201195278981],[106.3027017279025,3.337070781191652],[106.3011241290754,3.353601851044651],[106.3052959743298,3.357628469278517]]],[[[106.3039188056085,3.359241174041049],[106.3041159513901,3.358811379941272],[106.303326319654,3.358755764067322],[106.3037530938302,3.35926434507352],[106.3039188056085,3.359241174041049]]],[[[106.3089558868047,3.364450527569861],[106.3090391676236,3.363391667591408],[106.3079267701044,3.362808700061514],[106.3083015355875,3.364022225445428],[106.3089558868047,3.364450527569861]]],[[[106.3148643759902,3.365897517856208],[106.319757738329,3.356945986368242],[106.3150499735775,3.355097143918083],[106.3133010709877,3.360151119778386],[106.3148643759902,3.365897517856208]]],[[[106.2330882920911,3.37263067996194],[106.2328836576547,3.371683654277223],[106.2319261980357,3.372149228803888],[106.2328559864147,3.373009575131846],[106.2330882920911,3.37263067996194]]],[[[106.3261223996291,3.374065414287507],[106.3249017363262,3.364885454100474],[106.3215716798892,3.365342309699869],[106.3227102530758,3.371773992975434],[106.3261223996291,3.374065414287507]]],[[[106.262413531959,3.373983135313473],[106.2612214221309,3.374218701032227],[106.2620494738042,3.375846252702463],[106.2631844766824,3.375061031241632],[106.262413531959,3.373983135313473]]],[[[106.3151499116392,3.379895887285421],[106.317876773894,3.371022877403917],[106.3158494726751,3.368039032975044],[106.3160136556058,3.376405218226285],[106.3151499116392,3.379895887285421]]],[[[106.4616929326828,3.379965234008452],[106.4610775409958,3.380388529607025],[106.4620132424172,3.380949415183409],[106.4620464229041,3.380452567631952],[106.4616929326828,3.379965234008452]]],[[[106.2354091679988,3.379966183692517],[106.2348733231454,3.380316731332144],[106.2356061968685,3.380982979680812],[106.2358769791394,3.38048779857305],[106.2354091679988,3.379966183692517]]],[[[106.3504786936369,3.380957215003487],[106.3496677281832,3.372240101699408],[106.3482387980822,3.371660861859315],[106.3458139362642,3.380169712862035],[106.3504786936369,3.380957215003487]]],[[[106.4561195272944,3.381032256233695],[106.4595530894037,3.380266069823378],[106.4503302981049,3.369924931990042],[106.4456760726926,3.378084104098122],[106.4561195272944,3.381032256233695]]],[[[106.4641561559819,3.384114848021834],[106.4637820047358,3.381214075769034],[106.4622804903524,3.381232005552647],[106.4624191496241,3.383799569094869],[106.4641561559819,3.384114848021834]]],[[[106.2854333947355,3.384399844077567],[106.3017687649166,3.380292306644627],[106.3079579540964,3.366411571237048],[106.2920299228428,3.347240135024276],[106.2983746749513,3.331540570241142],[106.2883773686208,3.304521790148595],[106.2954871991749,3.275818352335168],[106.2890341012429,3.251198068636029],[106.2749877709689,3.264843919111659],[106.280047099594,3.274474786782044],[106.2728432817921,3.300791626232623],[106.2701554582079,3.289739305424643],[106.2645151693396,3.295788809206201],[106.2586111308991,3.28536677016038],[106.2642706283869,3.28758755422227],[106.263804304725,3.257592511884976],[106.2829113773582,3.243976045857909],[106.2808888353515,3.235160142926329],[106.2845026413839,3.231620694639425],[106.2838321869059,3.225097226555839],[106.2734976339087,3.234636661952472],[106.265868487141,3.22696289981803],[106.2270011579771,3.259802106582054],[106.2389664939086,3.265005350116844],[106.2368557257112,3.275454036974267],[106.2471006468774,3.289997526864429],[106.2345638439463,3.302380418921235],[106.2420340616227,3.340294562943779],[106.2526639456846,3.351826763794218],[106.2561942208867,3.345264411723313],[106.2602535807382,3.35909859912109],[106.2646363107173,3.335446439201849],[106.26879798374,3.380393412925752],[106.2854333947355,3.384399844077567]]],[[[106.4612516407507,3.385336730805498],[106.461303778047,3.384572894323611],[106.460422858828,3.384397927622306],[106.4602003018025,3.385173708000288],[106.4612516407507,3.385336730805498]]],[[[106.2312302585696,3.3845681602924],[106.2333495172664,3.38038530373883],[106.2272143152885,3.378593094295933],[106.227564451938,3.384149184137563],[106.2312302585696,3.3845681602924]]],[[[106.2471240229554,3.384580713928841],[106.2450776857866,3.386145208734458],[106.2466421823909,3.388024984265691],[106.2482304723585,3.385990544228278],[106.2471240229554,3.384580713928841]]],[[[106.4482944029644,3.391113136562062],[106.4467418043908,3.388275629816494],[106.4458911473586,3.388739624234315],[106.4460164867715,3.389935953681377],[106.4482944029644,3.391113136562062]]],[[[106.2275355162511,3.393946435379757],[106.2147073932316,3.359268606960718],[106.2221972709873,3.357910636067029],[106.2241110229054,3.344421960105425],[106.2350643175643,3.350170617280156],[106.2359708917433,3.333680952214223],[106.2173367815672,3.296557261008836],[106.2063889556858,3.304872514055312],[106.2015947373074,3.327447087413237],[106.1978814986323,3.305646683747486],[106.1871962487079,3.299779757629761],[106.1722067724247,3.334127403556874],[106.2011731423267,3.345425982123395],[106.2007092081635,3.377152692442852],[106.2275355162511,3.393946435379757]]],[[[106.4397700809245,3.395328652895046],[106.4430822912148,3.379224460640383],[106.4271351430725,3.373006929326404],[106.4355655731927,3.381223208384409],[106.4333455355681,3.394643367697302],[106.4397700809245,3.395328652895046]]],[[[106.2281732848693,3.399280719129937],[106.2289364495576,3.398697545655271],[106.2293135253989,3.395456931292461],[106.2269347133664,3.397470203986796],[106.2281732848693,3.399280719129937]]],[[[106.4514075986818,3.402527117032882],[106.4513838053185,3.399167318217188],[106.4448141129809,3.393900976448915],[106.4495157686378,3.401422095753158],[106.4514075986818,3.402527117032882]]],[[[106.1511792146491,3.403328331137633],[106.1516994517684,3.395677392897433],[106.1452757715597,3.389401345395825],[106.1457683203517,3.402564524333428],[106.1511792146491,3.403328331137633]]],[[[106.276910023279,3.404557475946856],[106.2909359173588,3.390793019282444],[106.2908825318034,3.387642883012653],[106.2682797179347,3.394078329951022],[106.276910023279,3.404557475946856]]],[[[106.344500549261,3.416788065117181],[106.3379266840693,3.351168904321543],[106.3211728989102,3.322451188871266],[106.3160255401466,3.328987151236106],[106.3235894995558,3.336828744850727],[106.3162152917024,3.342945487344394],[106.3312903195927,3.367543975074415],[106.3292039419085,3.404690346282479],[106.344500549261,3.416788065117181]]],[[[106.2688964001489,3.449730454696741],[106.2686896963725,3.450660348296463],[106.2690772421211,3.45094329839457],[106.2695258770176,3.450499967699393],[106.2688964001489,3.449730454696741]]]]}},{"type":"Feature","properties":{"kode":"21.71","nama":"Kota Batam","lat":0.9630012322042085,"lng":104.06355730853245},"geometry":{"type":"MultiPolygon","coordinates":[[[[104.301902456733,0.464567161945004],[104.3028396384386,0.464228972788947],[104.3036178433888,0.462895646017289],[104.3008695655781,0.462651750777729],[104.301902456733,0.464567161945004]]],[[[104.3009871321505,0.465592756000907],[104.3007649141695,0.464474635196341],[104.2996941147916,0.463756451898798],[104.299044353714,0.465058729576759],[104.3009871321505,0.465592756000907]]],[[[104.3059020404468,0.465458961162232],[104.3049453560434,0.465487142317775],[104.3048105089978,0.466011073852021],[104.3053889799176,0.466286303270389],[104.3059020404468,0.465458961162232]]],[[[104.2771801080756,0.476794443408865],[104.2774497014426,0.476775626893675],[104.2778897172367,0.476257377276143],[104.2771202608914,0.476261068093928],[104.2771801080756,0.476794443408865]]],[[[104.2765471481325,0.478498146072612],[104.2766819843861,0.478113679602663],[104.2759406138683,0.478081568409758],[104.2761914392835,0.478439684743678],[104.2765471481325,0.478498146072612]]],[[[104.2755847854096,0.479174654786549],[104.2747984272058,0.479681560355802],[104.2758898228571,0.480397857774959],[104.2763148343621,0.480034158449724],[104.2755847854096,0.479174654786549]]],[[[104.275760520132,0.481575789790886],[104.2760937890972,0.481404315157105],[104.2751184032917,0.481221393952255],[104.2754721956854,0.481639835909695],[104.275760520132,0.481575789790886]]],[[[104.2750752403301,0.482254209564223],[104.2750697077009,0.48145132631767],[104.2739464023046,0.481590667275464],[104.2744518132007,0.482248488976575],[104.2750752403301,0.482254209564223]]],[[[104.2762621745598,0.482429607940135],[104.2767021300993,0.482318460728434],[104.2768257059417,0.482186548170757],[104.275895276346,0.481948970668464],[104.2762621745598,0.482429607940135]]],[[[104.2880830344046,0.483851782333941],[104.2876937053003,0.483120478827034],[104.287281837387,0.483075201559322],[104.2872331103199,0.483538835348993],[104.2880830344046,0.483851782333941]]],[[[104.2967987465649,0.48421706716397],[104.2961744785694,0.484252195582455],[104.2963672500486,0.484815753044662],[104.2966199982144,0.48474792977313],[104.2967987465649,0.48421706716397]]],[[[104.2782019078918,0.484752274397968],[104.2777840388024,0.484297525010843],[104.2770613193245,0.484815735957531],[104.2781771261735,0.484923275988455],[104.2782019078918,0.484752274397968]]],[[[104.2753593883252,0.486153694237698],[104.2755276280976,0.485906786269227],[104.275188554908,0.485882991107209],[104.2750794833315,0.486099889598288],[104.2753593883252,0.486153694237698]]],[[[104.2787554352152,0.486698732860289],[104.2788228690802,0.48634253118289],[104.2781020723528,0.486434807020794],[104.2783940939124,0.486681731177027],[104.2787554352152,0.486698732860289]]],[[[104.2640151259974,0.494330166603982],[104.264002081331,0.493730831412817],[104.2633804870199,0.494139738758046],[104.2639308694141,0.494414972672905],[104.2640151259974,0.494330166603982]]],[[[104.2622046666122,0.495072532671356],[104.2624012853911,0.494693731030901],[104.261388450017,0.494836850939981],[104.2620417652154,0.495291142572205],[104.2622046666122,0.495072532671356]]],[[[104.2602583646319,0.4969117757579],[104.2605719816117,0.496644187879022],[104.2597388487689,0.496817489035914],[104.2599747301498,0.496921168277373],[104.2602583646319,0.4969117757579]]],[[[104.2560602133083,0.501616250789391],[104.2555519722458,0.501818349137492],[104.2555258091688,0.502089733054786],[104.2563139093595,0.502178434087527],[104.2560602133083,0.501616250789391]]],[[[104.2638153613899,0.502139149901934],[104.2732484276729,0.491714578365096],[104.2741638322951,0.484073261072224],[104.2661173182598,0.495795446402811],[104.2567084680215,0.49989533959833],[104.2638153613899,0.502139149901934]]],[[[104.2497822934182,0.50563044309053],[104.2490633861664,0.505881005903783],[104.2489991430961,0.506374538554175],[104.2493996741557,0.506348753192507],[104.2497822934182,0.50563044309053]]],[[[104.2484841337359,0.507021198769328],[104.2480400988715,0.5070964576354],[104.2479515147507,0.507328683272165],[104.2486026032276,0.507313705063536],[104.2484841337359,0.507021198769328]]],[[[104.2905644339016,0.512105095973434],[104.290988692674,0.511573903312998],[104.289751569979,0.511466952337988],[104.2897872218029,0.511955364248726],[104.2905644339016,0.512105095973434]]],[[[104.2370824865675,0.522919151297893],[104.2375970021999,0.52211108885569],[104.2374924910857,0.521754588603438],[104.2364440668403,0.522983678553965],[104.2370824865675,0.522919151297893]]],[[[104.2362705336583,0.524248155028337],[104.2357870203548,0.524545559030384],[104.2357913937579,0.525127232435826],[104.236284920113,0.524742494370686],[104.2362705336583,0.524248155028337]]],[[[104.288358389728,0.522384539414952],[104.2921107417174,0.521720819959912],[104.2957950842758,0.474849294359478],[104.2870026878239,0.487592783080546],[104.2818600163268,0.52686771827066],[104.288358389728,0.522384539414952]]],[[[104.3057965400783,0.532406031213403],[104.3058572326253,0.530924467390312],[104.3032219150594,0.530831410041552],[104.3040979329733,0.532036140955158],[104.3057965400783,0.532406031213403]]],[[[104.2518094399538,0.537638019778816],[104.2520265201079,0.536247057255965],[104.251227603771,0.536105878083879],[104.250905871309,0.537533190304559],[104.2518094399538,0.537638019778816]]],[[[104.2522246272648,0.539326674086757],[104.2503765132655,0.538037315170056],[104.2500000057957,0.538135949214722],[104.2514412835884,0.539919577326684],[104.2522246272648,0.539326674086757]]],[[[104.2494192038333,0.541361139305183],[104.2497600217077,0.540154957785186],[104.2488248688727,0.539538200027964],[104.2484003852696,0.541105307364129],[104.2494192038333,0.541361139305183]]],[[[104.2478743268388,0.543364222680795],[104.2485167161736,0.542687513418036],[104.247453094285,0.541923355878213],[104.2471063795558,0.542813671213979],[104.2478743268388,0.543364222680795]]],[[[104.1969209367519,0.544416231623776],[104.1986222948831,0.542403965270852],[104.196402688933,0.541452360238301],[104.1954794970812,0.543338537143809],[104.1969209367519,0.544416231623776]]],[[[104.1962542594266,0.544996825842878],[104.1961255376635,0.545024131958114],[104.1961454333651,0.545230402261351],[104.1962564160008,0.545214177592277],[104.1962542594266,0.544996825842878]]],[[[104.1953322429887,0.544921289086295],[104.1952044906947,0.545023061764935],[104.1953353564416,0.545316233557378],[104.195534593147,0.545025970172405],[104.1953322429887,0.544921289086295]]],[[[104.194346091399,0.544803314221573],[104.1942075346501,0.545297932353714],[104.1948506173621,0.545529103085693],[104.1948753478191,0.545087944253295],[104.194346091399,0.544803314221573]]],[[[104.2364053447309,0.553371956650592],[104.2373582501832,0.552794546930821],[104.2358493856407,0.548951036960796],[104.2346091980561,0.553739549140905],[104.2364053447309,0.553371956650592]]],[[[104.2243521864043,0.556674158385759],[104.2340036530462,0.554357056932739],[104.2385491171481,0.530823328733662],[104.2224801000766,0.535394520640617],[104.2243521864043,0.556674158385759]]],[[[104.1968137465572,0.560527658025054],[104.1964985989313,0.560763939604156],[104.1965950089525,0.561168742443583],[104.1969774933168,0.560984015400054],[104.1968137465572,0.560527658025054]]],[[[104.2399440249968,0.55682602060447],[104.2416232741948,0.554489553150381],[104.2313505450916,0.557172791091462],[104.2350459070431,0.562580493694862],[104.2399440249968,0.55682602060447]]],[[[104.2094327807983,0.563145559320175],[104.2096177398669,0.562190714929597],[104.2090395882066,0.561585609688128],[104.2080855208302,0.563049157392756],[104.2094327807983,0.563145559320175]]],[[[104.1938698500137,0.562638056601125],[104.1935103388311,0.563103785811078],[104.1937424610458,0.563714007295621],[104.1940310651815,0.563312693825788],[104.1938698500137,0.562638056601125]]],[[[104.2123038070751,0.565383580687781],[104.212215588079,0.565529664762307],[104.2125712258815,0.566022521122475],[104.2125086681406,0.565651464443581],[104.2123038070751,0.565383580687781]]],[[[104.2119151353753,0.565080688123329],[104.2104341570108,0.563655336424704],[104.2109861779698,0.56218210841765],[104.2099907067058,0.562267234645228],[104.2103111045738,0.564536505655264],[104.2115984049425,0.565126236087041],[104.2121904439339,0.566198282824557],[104.2119151353753,0.565080688123329]]],[[[104.2124525450489,0.56605336696933],[104.212321335761,0.566275652399481],[104.2125526818608,0.566325240117768],[104.2125344903745,0.566153074804651],[104.2124525450489,0.56605336696933]]],[[[104.2124897697872,0.564394708648949],[104.2116791199954,0.563804754285988],[104.2129319862223,0.566528694643617],[104.2131155720261,0.566226492758501],[104.2124897697872,0.564394708648949]]],[[[104.2076538966101,0.566710970135206],[104.2080195960277,0.566044087764547],[104.2089377723603,0.565590272772917],[104.2095418838509,0.565544449616715],[104.2095259550589,0.56338695804172],[104.208252435002,0.563160107652935],[104.2076538966101,0.566710970135206]]],[[[104.2129758353666,0.566797413869599],[104.2129910932644,0.567098489803561],[104.2134096908047,0.567120322644785],[104.213361699383,0.566957010257882],[104.2129758353666,0.566797413869599]]],[[[104.2073611061302,0.566961022133514],[104.2074699447821,0.566662245766045],[104.2065772660281,0.566236950075202],[104.2066917200469,0.567194918710554],[104.2073611061302,0.566961022133514]]],[[[104.2086904596971,0.56738935843221],[104.2092179480499,0.567376421684537],[104.2091623366725,0.565680669027666],[104.2074996952548,0.567350836871691],[104.2086904596971,0.56738935843221]]],[[[104.2116403852956,0.565565394827169],[104.2108596847268,0.565531490386048],[104.2100455653506,0.564286286383028],[104.209664576559,0.567441219636608],[104.2116403852956,0.565565394827169]]],[[[104.2170026658405,0.567530269606317],[104.2203976902013,0.560122306599206],[104.2113466748093,0.556377877636935],[104.208464264914,0.561660762434288],[104.209561241758,0.561128844920253],[104.2115993950961,0.561924746729778],[104.2137348289992,0.567231620043282],[104.2170026658405,0.567530269606317]]],[[[104.2295946619641,0.567997206605872],[104.2293320734165,0.568283349297191],[104.2298653641952,0.569114329162998],[104.2300170546434,0.568430233768355],[104.2295946619641,0.567997206605872]]],[[[104.206124362949,0.570787865867414],[104.2048567784176,0.570629357658811],[104.2044593743008,0.570939168707715],[104.2056037112424,0.571119617676283],[104.206124362949,0.570787865867414]]],[[[104.2139147068983,0.570365814031179],[104.2077530522617,0.569621291389508],[104.2062051517464,0.573260583309329],[104.2091683108689,0.574365247558115],[104.2139147068983,0.570365814031179]]],[[[104.1796588026117,0.584637646610117],[104.1811614321545,0.584417545633295],[104.1771924910406,0.581785863127157],[104.1782317853687,0.586098333571281],[104.1796588026117,0.584637646610117]]],[[[104.3079200210922,0.596069395885943],[104.3070714810641,0.59708376100682],[104.307585445412,0.598149758904329],[104.3081850692855,0.597312188806518],[104.3079200210922,0.596069395885943]]],[[[104.0989839529471,0.598787828795297],[104.0987404408188,0.59916887244553],[104.098930796719,0.599454408094521],[104.0993231853168,0.599109713242749],[104.0989839529471,0.598787828795297]]],[[[104.0986087054275,0.601902744915803],[104.0982911008536,0.602118446409269],[104.0984550400681,0.602422714936354],[104.0986705248249,0.602277484318511],[104.0986087054275,0.601902744915803]]],[[[104.304992771899,0.603017786441759],[104.3047324703273,0.603057855735509],[104.3046793042066,0.603426834980533],[104.3050378728995,0.603389444767119],[104.304992771899,0.603017786441759]]],[[[104.0780240026056,0.60282624163783],[104.0776137013114,0.603191408656675],[104.07769183531,0.60388370406976],[104.0782230333664,0.603750110679099],[104.0780240026056,0.60282624163783]]],[[[104.0988304206874,0.603443806986112],[104.0976043272779,0.603292953806831],[104.0975876709343,0.604090073298311],[104.0984537954064,0.604154319066572],[104.0988304206874,0.603443806986112]]],[[[104.1029673632533,0.606991311399982],[104.1010417708611,0.607356229306541],[104.1004464187673,0.608241778235572],[104.1023907638227,0.609192197062233],[104.1029673632533,0.606991311399982]]],[[[104.1954775563442,0.608677676033961],[104.2025558620634,0.596513890303838],[104.2164021480407,0.593153621142692],[104.2298792569222,0.570346591921764],[104.2068934325859,0.575605460323844],[104.1980853105887,0.561001836365646],[104.1923291773497,0.571247560626473],[104.1928337500776,0.562990438857655],[104.1963787453828,0.545427135254181],[104.1844572316161,0.588422634996652],[104.1954775563442,0.608677676033961]]],[[[104.298048379729,0.614982293198294],[104.2973272439572,0.615866115428984],[104.2975880185722,0.616533156979601],[104.2983561520149,0.615329488165381],[104.298048379729,0.614982293198294]]],[[[104.2973596222489,0.616801038037559],[104.2972123303848,0.616909157231868],[104.2970964707255,0.617196937588657],[104.2972936947483,0.617110843690513],[104.2973596222489,0.616801038037559]]],[[[104.2948209269443,0.624250833908865],[104.2966786879711,0.621007410963268],[104.2962007567595,0.618402229679235],[104.2925013802346,0.623273549634648],[104.2948209269443,0.624250833908865]]],[[[104.107392267839,0.62618724964196],[104.1069560345934,0.626417250355901],[104.106980021311,0.626734628300449],[104.1074202205668,0.626641829057226],[104.107392267839,0.62618724964196]]],[[[104.0764476772186,0.626883011042187],[104.0768532202,0.626618101344365],[104.0767299591204,0.626307738111651],[104.0763339156777,0.626548778903066],[104.0764476772186,0.626883011042187]]],[[[104.1061714633424,0.628337737296755],[104.1057510275879,0.6285857667198],[104.1060197656997,0.629118234618906],[104.1062462032997,0.62867036414602],[104.1061714633424,0.628337737296755]]],[[[104.0725034944407,0.630611058853356],[104.0722639887921,0.630603850787123],[104.0721335259415,0.630871194050473],[104.0724773277666,0.631057451740011],[104.0725034944407,0.630611058853356]]],[[[104.2910380906354,0.631682932021802],[104.2916516063367,0.629086404913723],[104.2906739533403,0.628365030821529],[104.2884505189763,0.63041826938772],[104.2910380906354,0.631682932021802]]],[[[104.0753726096582,0.631752641171454],[104.0750004522092,0.630883632573573],[104.0741512871522,0.632260887629885],[104.0747607226293,0.63218460983194],[104.0753726096582,0.631752641171454]]],[[[104.03359639186,0.633591719682178],[104.0362733957008,0.632875912393535],[104.0347611380162,0.63034956478065],[104.0322284960483,0.630956983977724],[104.03359639186,0.633591719682178]]],[[[104.0739804870099,0.632587899112311],[104.0733875217168,0.633339751228521],[104.0735344430602,0.633879273409763],[104.074250711701,0.633172805580548],[104.0739804870099,0.632587899112311]]],[[[104.2444415660255,0.636445719993992],[104.2437491806802,0.635121587891005],[104.2428532760579,0.635460623309145],[104.243063857711,0.636170891673357],[104.2444415660255,0.636445719993992]]],[[[104.2624987611089,0.634089775922428],[104.2619816581271,0.630905923169875],[104.2579015689024,0.632709932617301],[104.2601213457236,0.637298423883179],[104.2624987611089,0.634089775922428]]],[[[104.0922507305868,0.636942336419752],[104.0919512500502,0.637087815250512],[104.0921844379615,0.637340038212228],[104.092374794761,0.637254376888061],[104.0922507305868,0.636942336419752]]],[[[104.0413267429349,0.633387266009519],[104.0366102439677,0.633224475229374],[104.0392097541269,0.637640909999979],[104.0412848237356,0.636327505010412],[104.0413267429349,0.633387266009519]]],[[[104.0773811564153,0.636961279739287],[104.0775746689359,0.638462000021287],[104.0787062067261,0.63826520497525],[104.0786232073952,0.637350205047957],[104.0773811564153,0.636961279739287]]],[[[104.2559758928732,0.641410487603997],[104.2552354927239,0.641704954420172],[104.2556977388597,0.64272603837596],[104.2568957941057,0.642300822724826],[104.2559758928732,0.641410487603997]]],[[[104.0856237397439,0.643099121227506],[104.1039670136668,0.624863938619955],[104.0892549503557,0.616771640099165],[104.0836200538224,0.602613433263441],[104.0849232191314,0.626590521835199],[104.077596780567,0.643548831713245],[104.0856237397439,0.643099121227506]]],[[[104.2406010283149,0.646783160714312],[104.2452824519237,0.644872611282052],[104.2500462597272,0.636852001318841],[104.2430791983464,0.636943015407907],[104.2406010283149,0.646783160714312]]],[[[104.2434636810041,0.648359780179783],[104.2432779763976,0.648537532081514],[104.2434220136151,0.649551765901288],[104.243755491223,0.649154475998357],[104.2434636810041,0.648359780179783]]],[[[104.2442079482382,0.651973436025274],[104.2424416392703,0.652311833824124],[104.2421747924327,0.653037531856723],[104.244200505449,0.653495049357142],[104.2442079482382,0.651973436025274]]],[[[104.2470827786474,0.655621738252618],[104.2469149948313,0.655625895818465],[104.2469531944344,0.655823279021137],[104.2471357001525,0.655835727436946],[104.2470827786474,0.655621738252618]]],[[[104.2417542847325,0.65514933607311],[104.2408911496069,0.655700762580144],[104.2421671068266,0.656216228795989],[104.2425420917443,0.65544700807296],[104.2417542847325,0.65514933607311]]],[[[104.2363623247616,0.656151343609698],[104.2409138916628,0.64904518139006],[104.2398681006324,0.647333997266239],[104.2321316260738,0.656888103303308],[104.2363623247616,0.656151343609698]]],[[[104.2469616732427,0.656874737579136],[104.2459763463314,0.657089343698322],[104.2462795950274,0.657768426271874],[104.246750668009,0.657777186567918],[104.2469616732427,0.656874737579136]]],[[[104.2403786358654,0.660120389044769],[104.2405878496496,0.659118910309539],[104.2397588482923,0.658734138070047],[104.2390016739881,0.660112912980557],[104.2403786358654,0.660120389044769]]],[[[104.2436290852142,0.666064623583582],[104.2431752522361,0.663778501976273],[104.2414596452465,0.662551749363802],[104.2410773740217,0.663734627650944],[104.2436290852142,0.666064623583582]]],[[[104.2223838591279,0.668259145643121],[104.2264365271241,0.666432418421456],[104.227542858716,0.6648031463482],[104.2212883841516,0.668552376790752],[104.2223838591279,0.668259145643121]]],[[[104.3070398653975,0.670229872310843],[104.3047271868102,0.669251188691453],[104.3070378590101,0.674061921320687],[104.3075204451125,0.671776680149724],[104.3070398653975,0.670229872310843]]],[[[104.3045953803726,0.673319586729557],[104.3040004113899,0.672338623328914],[104.3024669099201,0.672100082652724],[104.303679603431,0.674313066894536],[104.3045953803726,0.673319586729557]]],[[[104.2765483334389,0.674177497693426],[104.2741222278586,0.676644871363782],[104.2738132783602,0.677350708768218],[104.2761361246825,0.676414089138985],[104.2765483334389,0.674177497693426]]],[[[104.3345190228347,0.677780100870981],[104.340750894738,0.675348247723504],[104.3424184365617,0.671210409432918],[104.3305687210697,0.672798699400554],[104.3345190228347,0.677780100870981]]],[[[104.3054064771273,0.678930481256776],[104.3042863310494,0.6748234429476],[104.3007299359378,0.677386484698525],[104.3014449985879,0.678952759262438],[104.3054064771273,0.678930481256776]]],[[[104.3424982972586,0.679377570218717],[104.3446814240086,0.677610912313773],[104.3482487620708,0.676814127370148],[104.3382385909383,0.677662744739946],[104.3424982972586,0.679377570218717]]],[[[104.2983134809824,0.679792530001253],[104.3019272582364,0.674853296842246],[104.3013031710046,0.672336992857955],[104.2970833001543,0.673417953675612],[104.2983134809824,0.679792530001253]]],[[[104.3054015911106,0.679829921114036],[104.3052889006623,0.680272106972188],[104.3063625886626,0.680434554211315],[104.3061200487014,0.680059523428353],[104.3054015911106,0.679829921114036]]],[[[104.3184181922458,0.684923746833485],[104.3266774831794,0.67873241187135],[104.3292172270934,0.659909356831376],[104.3081703320952,0.668837101251293],[104.3184181922458,0.684923746833485]]],[[[104.3165166243428,0.686508881979384],[104.3156481121707,0.68639417255307],[104.3154954864276,0.686957937758701],[104.3156502777382,0.687039317410607],[104.3165166243428,0.686508881979384]]],[[[104.2949324006099,0.689632304787066],[104.3002314875932,0.686233566226166],[104.2940142863303,0.672166682846173],[104.2706192120071,0.683148324135916],[104.2949324006099,0.689632304787066]]],[[[104.263761220404,0.695377978910658],[104.2619701009395,0.696917018405705],[104.2654304952212,0.697316708599269],[104.2646849707349,0.696852502840814],[104.263761220404,0.695377978910658]]],[[[104.3158722861771,0.700262640308688],[104.3228971370933,0.698532053311693],[104.3364226753662,0.682531865853006],[104.3205888049295,0.685187740122137],[104.3086993043295,0.698172304708164],[104.3158722861771,0.700262640308688]]],[[[104.2081919510977,0.714179615696795],[104.2077418925743,0.714622828580699],[104.2079608028489,0.715726899276989],[104.2081939898608,0.715555576628654],[104.2081919510977,0.714179615696795]]],[[[104.2152619560744,0.718101969230498],[104.2418736949152,0.688903093103319],[104.2611227129429,0.676315502758326],[104.2602611426376,0.688402652760287],[104.2812077659257,0.668814784574698],[104.2886257581723,0.610698231438286],[104.2732117506219,0.624825381086522],[104.2639265023063,0.621903591677439],[104.2655570846918,0.631631721926437],[104.2465739233479,0.667760217060406],[104.2341459977397,0.670351449859583],[104.2269927434205,0.687826845632442],[104.2211511673925,0.682972744996244],[104.2095572433721,0.710062908776285],[104.2152619560744,0.718101969230498]]],[[[104.2096785268426,0.717793320105661],[104.2078484919145,0.717703952675317],[104.2089518467504,0.71976419785946],[104.2104326128749,0.718970972432517],[104.2096785268426,0.717793320105661]]],[[[104.1921527987128,0.723795592392682],[104.1918056064436,0.724072277813478],[104.1918412978377,0.724411351902374],[104.1922041661894,0.72433699325771],[104.1921527987128,0.723795592392682]]],[[[104.1874910666594,0.735292397726026],[104.1869021923823,0.735545102724375],[104.1869424883052,0.735960436624891],[104.1882030158565,0.735752999901093],[104.1874910666594,0.735292397726026]]],[[[104.1832703909159,0.738791722759855],[104.1839348154394,0.738100710679321],[104.1813941443243,0.737476821298275],[104.1821602102255,0.739270986766646],[104.1832703909159,0.738791722759855]]],[[[104.3683762837386,0.73952955264682],[104.3711523775802,0.73773831177377],[104.3649085950557,0.73849998718469],[104.3649648863206,0.738965711898151],[104.3683762837386,0.73952955264682]]],[[[104.1807219325712,0.739075065861636],[104.1800004469631,0.739796492114506],[104.1808534836014,0.74046860314356],[104.1813781552777,0.73996891643244],[104.1807219325712,0.739075065861636]]],[[[104.1804112482806,0.741575899708044],[104.1792507703069,0.741531866202669],[104.1786008176736,0.742404791348081],[104.1800607258219,0.743209473238624],[104.1804112482806,0.741575899708044]]],[[[104.3602225210525,0.744647251769345],[104.3599682602271,0.744722410810647],[104.3600258779919,0.745019269823485],[104.3601962662448,0.744982357150123],[104.3602225210525,0.744647251769345]]],[[[104.3295171986599,0.751576831205833],[104.3293401086591,0.751572563023403],[104.3297281220552,0.752085738666006],[104.3297432441554,0.751754971614657],[104.3295171986599,0.751576831205833]]],[[[104.3276188701148,0.75208140663163],[104.3274964094318,0.752119554074257],[104.3276037669004,0.752291315591799],[104.3276810150669,0.752244681247058],[104.3276188701148,0.75208140663163]]],[[[104.3250152428593,0.752273950582369],[104.3251019509942,0.75196863974096],[104.3247967579641,0.751945269058949],[104.3246309166836,0.752297215144468],[104.3250152428593,0.752273950582369]]],[[[104.3082569583919,0.753141664156518],[104.3080892744005,0.753232810445878],[104.3081080891171,0.753381234556391],[104.3083303952316,0.753370669320949],[104.3082569583919,0.753141664156518]]],[[[104.1849829501031,0.754952096562109],[104.184870625679,0.754906843576039],[104.1849322589167,0.755709722325923],[104.1851513535522,0.75546098783443],[104.1849829501031,0.754952096562109]]],[[[104.1848422151961,0.756665227718154],[104.1847523396488,0.756710442932659],[104.1846905121575,0.756953553064063],[104.1848983427844,0.756868782068684],[104.1848422151961,0.756665227718154]]],[[[104.3329756845803,0.757085599620774],[104.3324420232808,0.757506753034251],[104.3324419720194,0.757840350252012],[104.3328885393746,0.757642522784272],[104.3329756845803,0.757085599620774]]],[[[104.33180707044,0.759152020449447],[104.3318406106557,0.760192393064527],[104.3324219486141,0.760209446009183],[104.3323995932667,0.759485707599358],[104.33180707044,0.759152020449447]]],[[[104.1832631846483,0.760701873392764],[104.183066545185,0.761007150959278],[104.1831676020033,0.761233328655228],[104.1833136995676,0.760882809793914],[104.1832631846483,0.760701873392764]]],[[[104.3046986818987,0.762059089755171],[104.3048456949729,0.761645655222873],[104.3038453430882,0.761554319176502],[104.304206982966,0.762016603983115],[104.3046986818987,0.762059089755171]]],[[[104.3096958610752,0.763160141427408],[104.3097575986343,0.763454166676533],[104.3100103845717,0.763267621203775],[104.3099317604425,0.763202584931408],[104.3096958610752,0.763160141427408]]],[[[104.3083820154177,0.763535418624725],[104.3548426731509,0.749629038149655],[104.3565739436327,0.740417868789686],[104.3277334293543,0.753844434872805],[104.3157971046527,0.748714599399333],[104.2987531694233,0.756409638593977],[104.3083820154177,0.763535418624725]]],[[[104.181066362123,0.764506582113109],[104.1807236817526,0.764851409165265],[104.1807854372981,0.764998424038074],[104.1809932940054,0.764777958835802],[104.181066362123,0.764506582113109]]],[[[104.2843712121618,0.772841674203947],[104.2844071751511,0.771834539632296],[104.2823460971947,0.772215843186627],[104.2827472955513,0.772676014586457],[104.2843712121618,0.772841674203947]]],[[[104.1809060561696,0.780385752300658],[104.1801142912416,0.779435729175601],[104.1781480351038,0.781640392889857],[104.1788388043674,0.782047614905521],[104.1809060561696,0.780385752300658]]],[[[104.1886227753209,0.783383871668361],[104.1873926430561,0.783802026742217],[104.1868586795844,0.785769511353893],[104.1882966172951,0.785413591164305],[104.1886227753209,0.783383871668361]]],[[[104.1504258223939,0.7882321779727],[104.1501377677439,0.788501408912998],[104.1502982023002,0.788929192128515],[104.1507616778092,0.788597659754251],[104.1504258223939,0.7882321779727]]],[[[104.1983838729175,0.787004326388649],[104.1973958408454,0.784352407337805],[104.1974066659849,0.78649527593628],[104.1940644839888,0.787817663354515],[104.1983838729175,0.787004326388649]]],[[[104.2142205411451,0.791170989749476],[104.2173262976706,0.790111218757803],[104.2197791526858,0.790588909850351],[104.216442129201,0.786603397828609],[104.2142205411451,0.791170989749476]]],[[[104.2104072447985,0.797460917387502],[104.2116542186673,0.797133224218991],[104.2119970771035,0.79588375203363],[104.2089471675778,0.796041476033357],[104.2104072447985,0.797460917387502]]],[[[104.2185905735961,0.798740300124765],[104.2223996692095,0.793680664830829],[104.2123618529173,0.797517833681136],[104.2155128093687,0.79766544480446],[104.2185905735961,0.798740300124765]]],[[[104.2583458510802,0.800720025408916],[104.2781601919394,0.794546471842247],[104.258480472396,0.769879848776009],[104.2638532309419,0.743362014445401],[104.2731563236056,0.729814513828783],[104.3094980443993,0.70989729592352],[104.278243640032,0.709269456720138],[104.2738010322919,0.70130366313361],[104.2676094958816,0.70603528779831],[104.2607101651421,0.702749579629389],[104.2591700833327,0.692069452243446],[104.2414903840741,0.696566748656588],[104.2192454671046,0.722798109345321],[104.2071272023585,0.719987441067557],[104.2003706641749,0.728477215650988],[104.1962122592884,0.720921702674479],[104.1878977760616,0.733576788038379],[104.189460617014,0.735134766356468],[104.190072708189,0.750000007594329],[104.1693246156386,0.779925494565978],[104.1809742067943,0.776490174282182],[104.1976935407244,0.78427330926589],[104.201319673764,0.796039995749284],[104.2165992236753,0.784944089298298],[104.2583458510802,0.800720025408916]]],[[[104.2052901778994,0.798698154296426],[104.2017235970664,0.798533492926465],[104.2023463371139,0.802231336107281],[104.2049918691795,0.801932191017871],[104.2052901778994,0.798698154296426]]],[[[104.2318502120177,0.806731986991702],[104.2274579168495,0.806674609345778],[104.2270139593268,0.807912759965943],[104.2352143167873,0.808530613097355],[104.2318502120177,0.806731986991702]]],[[[104.147181672796,0.803371510087134],[104.1507374365835,0.789464000063608],[104.1419200003078,0.8199349996006],[104.1477555553746,0.813217151150633],[104.147181672796,0.803371510087134]]],[[[104.3007154838325,0.821803312373001],[104.3003425556645,0.818382493657241],[104.2907487769345,0.819426810698795],[104.2943376348741,0.821219807947868],[104.3007154838325,0.821803312373001]]],[[[104.2811451659167,0.821755997241544],[104.2832136767698,0.819968255630529],[104.280130845762,0.815385043385072],[104.2777912378754,0.816484344976606],[104.2811451659167,0.821755997241544]]],[[[104.2449387912922,0.83169555810356],[104.244040943235,0.832003048002347],[104.2450891111737,0.832765920410969],[104.2454741523103,0.832159899659699],[104.2449387912922,0.83169555810356]]],[[[104.1430047580632,0.835334285249109],[104.1417523280076,0.834921274297448],[104.1414657608363,0.835458333235481],[104.1426338137995,0.836453680393065],[104.1430047580632,0.835334285249109]]],[[[104.1378215766046,0.856213050192098],[104.1376923799994,0.856269559992226],[104.1379113676155,0.85655230504493],[104.1379788140711,0.856348778573343],[104.1378215766046,0.856213050192098]]],[[[104.1236835766359,0.859692620717942],[104.1230883441518,0.859098825350577],[104.1227512359809,0.85956801964848],[104.1229365583755,0.859692448048063],[104.1236835766359,0.859692620717942]]],[[[104.124649687733,0.859511919939246],[104.1243295407757,0.859494884081721],[104.1242620781324,0.859771909446147],[104.1244698727864,0.85986807305318],[104.124649687733,0.859511919939246]]],[[[104.1244585467246,0.860275151177367],[104.1240652776904,0.860716063595499],[104.1244806709462,0.861779091931611],[104.124683125426,0.860665322047025],[104.1244585467246,0.860275151177367]]],[[[104.0267921428432,0.863276213126804],[104.0266687432679,0.863382936573329],[104.0269749309484,0.863479334903447],[104.0269377205994,0.863389097828657],[104.0267921428432,0.863276213126804]]],[[[103.9729646157245,0.868450872609758],[103.9712857181614,0.866895663304243],[103.9708307709234,0.866952075078251],[103.970813539913,0.868365480182851],[103.9729646157245,0.868450872609758]]],[[[104.2412377654106,0.869646485297102],[104.2410410836791,0.870104423680226],[104.2422203898591,0.871280707238872],[104.2423440367479,0.870901910095176],[104.2412377654106,0.869646485297102]]],[[[103.9622112790273,0.881083768101496],[103.9653458399386,0.878975840862426],[103.9651889460131,0.877641541024341],[103.9597401093186,0.880839968190037],[103.9622112790273,0.881083768101496]]],[[[103.9718264157565,0.881957112330875],[103.9697323686539,0.878694380041642],[103.9659293173842,0.881277032409164],[103.9713038961579,0.88264105663953],[103.9718264157565,0.881957112330875]]],[[[104.0917722310038,0.884352831617916],[104.0921261762821,0.883959977171253],[104.0921177694196,0.883889302149596],[104.0913257463861,0.884185933634038],[104.0917722310038,0.884352831617916]]],[[[104.1845859866541,0.884781611282401],[104.1869626627967,0.881262529941848],[104.1846381671178,0.877290096760605],[104.1801805101225,0.88063344337874],[104.1845859866541,0.884781611282401]]],[[[103.9701405700313,0.885247059903913],[103.9703208652158,0.883183533093687],[103.9679449633894,0.883680388739025],[103.9685342810323,0.885167460010303],[103.9701405700313,0.885247059903913]]],[[[104.0293484531687,0.886827401663323],[104.0291013086784,0.886883873691888],[104.0295112583379,0.887115786364509],[104.0295168808994,0.887093172012341],[104.0293484531687,0.886827401663323]]],[[[103.9815241579136,0.888964679176604],[103.9808281986625,0.887189236693972],[103.9797610999948,0.887064560980752],[103.9792552754107,0.888308224445053],[103.9815241579136,0.888964679176604]]],[[[104.0379053090828,0.88889457972112],[104.037150230199,0.885483858593281],[104.0306231045726,0.88802067791198],[104.0358970653973,0.888061642930557],[104.0379053090828,0.88889457972112]]],[[[103.9733917811059,0.887882566327411],[103.9711056891763,0.888554708832798],[103.9729920999055,0.891178527667],[103.9738071257983,0.888877723727985],[103.9733917811059,0.887882566327411]]],[[[103.9523896633523,0.895559886179884],[103.9535525281268,0.894644335867431],[103.95289621279,0.891783421567746],[103.9505254281061,0.894055491267951],[103.9523896633523,0.895559886179884]]],[[[104.1865409428103,0.896200262831945],[104.1866984338857,0.895199543124489],[104.1849233025684,0.896165977078242],[104.1860858480835,0.896793828872175],[104.1865409428103,0.896200262831945]]],[[[103.9511191254473,0.899839299344249],[103.9504901009375,0.899771272825964],[103.9497151209561,0.899454447065137],[103.9508436999768,0.900602455039332],[103.9511191254473,0.899839299344249]]],[[[103.9543865360099,0.904634504278976],[103.9583183306265,0.903714102124217],[103.9596131214485,0.893108286618213],[103.950467293231,0.90096982989378],[103.9543865360099,0.904634504278976]]],[[[103.9664229165844,0.903716433166865],[103.9649736716977,0.904388798704156],[103.9639680147122,0.905468352982128],[103.9670569521167,0.905938491568145],[103.9664229165844,0.903716433166865]]],[[[103.9502585560876,0.904203630093489],[103.9485404570765,0.902331788381369],[103.9468333405862,0.901336258661464],[103.9504374060615,0.907250973853399],[103.9502585560876,0.904203630093489]]],[[[103.9400131357976,0.907671933912654],[103.9427824109795,0.906417653052324],[103.9398517776375,0.902442322255423],[103.9375815992115,0.906353931588752],[103.9400131357976,0.907671933912654]]],[[[103.947330010072,0.912394837851524],[103.9468019596428,0.91274520472748],[103.9468354935633,0.913310575222878],[103.9471163644287,0.913152356596056],[103.947330010072,0.912394837851524]]],[[[103.905053805189,0.91675795901269],[103.9028807679331,0.915083850339402],[103.9021336939149,0.915394563408453],[103.9050757576402,0.918442713860232],[103.905053805189,0.91675795901269]]],[[[104.0291014723552,0.918038809443564],[104.0286858120007,0.918148943119254],[104.0283430291076,0.918776413600694],[104.029115426236,0.91836390267199],[104.0291014723552,0.918038809443564]]],[[[103.9723866070563,0.919764844971668],[103.9720776917321,0.919590086913066],[103.9718947813192,0.920094041806616],[103.9723622192411,0.919943667965947],[103.9723866070563,0.919764844971668]]],[[[103.9715533483084,0.920211903356646],[103.9713582430885,0.920602061635842],[103.9718094230664,0.920654895906756],[103.9718785215766,0.920512650138702],[103.9715533483084,0.920211903356646]]],[[[104.0327209000496,0.919848995434888],[104.0320692665834,0.920233272147827],[104.0325072148361,0.920787457774994],[104.0328051215592,0.91995078520066],[104.0327209000496,0.919848995434888]]],[[[104.0480258710971,0.921292022408979],[104.0570529995963,0.916918407958198],[104.0516651801041,0.9009111320432],[104.0352387679549,0.892510971304292],[104.0320800089853,0.901019022809654],[104.040566090053,0.903361939302114],[104.0389909202948,0.912893752944408],[104.0480258710971,0.921292022408979]]],[[[103.9459093402439,0.917314051202498],[103.9439428116115,0.919908464903793],[103.9447511186693,0.921491710574093],[103.9467343486113,0.919406126091912],[103.9459093402439,0.917314051202498]]],[[[103.9660150452582,0.921978546872479],[103.9671272862953,0.92139089387466],[103.9681276228916,0.919316301805948],[103.9641283368533,0.920451516024665],[103.9660150452582,0.921978546872479]]],[[[103.9193520148837,0.920674584764322],[103.918352109962,0.921273554830757],[103.9190817479244,0.9229246129806],[103.9201267007866,0.92194121511506],[103.9193520148837,0.920674584764322]]],[[[103.9466216896393,0.920531158186508],[103.9451160851393,0.921847995888323],[103.9459411042986,0.923900497010363],[103.9461433177599,0.923832714208503],[103.9466216896393,0.920531158186508]]],[[[104.2108166000061,0.923681304348742],[104.2092586037016,0.907691402436337],[104.193543924013,0.901722945557568],[104.1949457503461,0.912522388697321],[104.2108166000061,0.923681304348742]]],[[[103.8175631142464,0.921236672734357],[103.8164616452888,0.923316735379062],[103.8170791503826,0.924164942658054],[103.8178994328127,0.923221108667269],[103.8175631142464,0.921236672734357]]],[[[103.9699404277087,0.923947158334768],[103.9700755256651,0.922901273774832],[103.9674861841402,0.923330194632774],[103.9691203404314,0.924206985064322],[103.9699404277087,0.923947158334768]]],[[[103.9489346587076,0.924014461798015],[103.9640612222476,0.919467764725576],[103.9647664463145,0.908432088570096],[103.9523266163803,0.906053966317552],[103.9489346587076,0.924014461798015]]],[[[104.0526026945588,0.924148407722855],[104.0524510355869,0.924182289680983],[104.0523835495612,0.924504538353796],[104.0526869268602,0.924216275960463],[104.0526026945588,0.924148407722855]]],[[[104.0286981048337,0.924608342601038],[104.0286925955869,0.924212579746817],[104.0277658424197,0.924246246766922],[104.028085888653,0.924619481603825],[104.0286981048337,0.924608342601038]]],[[[103.9504789817197,0.924738582419701],[103.9544668499652,0.924213980890551],[103.9545343440847,0.923886091669798],[103.9515744162264,0.923998285692404],[103.9504789817197,0.924738582419701]]],[[[103.9545003721945,0.925439955589555],[103.9563667217469,0.925426903728718],[103.9575152450326,0.925139773581771],[103.952359944356,0.925413852767162],[103.9545003721945,0.925439955589555]]],[[[104.0383188263528,0.926770713897371],[104.0389820367917,0.925114344351583],[104.0376174495857,0.924152834185962],[104.0363983906733,0.925068408780058],[104.0383188263528,0.926770713897371]]],[[[104.0532759738072,0.926868057414973],[104.0534614382948,0.926438419797313],[104.0532761347859,0.92626310325967],[104.0529389717562,0.926873619721855],[104.0532759738072,0.926868057414973]]],[[[104.0524901623912,0.924900330885611],[104.0513555228392,0.925171407234712],[104.0522817543995,0.927127862560814],[104.0526639311955,0.926212054143003],[104.0524901623912,0.924900330885611]]],[[[104.0478163506441,0.927686381121637],[104.0476309841826,0.927748521576996],[104.0475972299282,0.927952048048583],[104.0478387608502,0.927898402589308],[104.0478163506441,0.927686381121637]]],[[[103.8127872078634,0.927589423413197],[103.8124614608278,0.927606273111012],[103.8123489736262,0.92809242142817],[103.8127702241666,0.92799645657122],[103.8127872078634,0.927589423413197]]],[[[103.9537585879885,0.926203840634818],[103.9497876836547,0.926332691900297],[103.9481194052864,0.926942782083737],[103.954409521782,0.928182797897856],[103.9537585879885,0.926203840634818]]],[[[104.1565506048266,0.929724127066864],[104.1561628846095,0.930391199194533],[104.1576569948745,0.930261516955541],[104.1573369216617,0.929893934357581],[104.1565506048266,0.929724127066864]]],[[[103.8092783203383,0.932818107869446],[103.809074319924,0.932852107638757],[103.809074319924,0.933032107845586],[103.8092973203151,0.933036108030036],[103.8092783203383,0.932818107869446]]],[[[104.0094811557308,0.933612178659191],[104.0092761219955,0.933708234347572],[104.0094641738326,0.93408143231237],[104.0096298964027,0.933968404618232],[104.0094811557308,0.933612178659191]]],[[[104.149837300651,0.934669695050447],[104.1525060388228,0.931583296432079],[104.1527309403807,0.930627836005923],[104.1488887641053,0.931723766938328],[104.149837300651,0.934669695050447]]],[[[103.9639163621505,0.934766434223564],[103.9661072059829,0.933415867448348],[103.9608785368151,0.932317512842948],[103.9632595521866,0.933658128619827],[103.9639163621505,0.934766434223564]]],[[[103.7635441556383,0.93557878823056],[103.76316248606,0.934928530727161],[103.7623084718586,0.935957115928174],[103.7630384794424,0.936217423795169],[103.7635441556383,0.93557878823056]]],[[[104.1488873090021,0.937767816331744],[104.1490446274077,0.937575621317974],[104.1487975188904,0.937439865957154],[104.1487412923769,0.937682970692608],[104.1488873090021,0.937767816331744]]],[[[104.1468259360682,0.937739040724159],[104.1476348393764,0.937416965620505],[104.1480174055789,0.934838869218455],[104.1463319798371,0.936393286221213],[104.1468259360682,0.937739040724159]]],[[[104.1249877653731,0.937609229882172],[104.1246900690915,0.937631769590583],[104.1252685022397,0.938027688027463],[104.1252741346936,0.937959843172306],[104.1249877653731,0.937609229882172]]],[[[104.1248069863534,0.93791161882619],[104.1247292858279,0.938038860305232],[104.1249820241012,0.938112424848578],[104.1249427408149,0.937971066711382],[104.1248069863534,0.93791161882619]]],[[[104.18913770644,0.938173212723667],[104.1873466175524,0.935125297894254],[104.1849201081765,0.935181270799054],[104.1852960391809,0.93691713142052],[104.18913770644,0.938173212723667]]],[[[103.7703555857417,0.93833998210455],[103.7706150365548,0.935162948910959],[103.7687734588282,0.933664190050385],[103.7677225308702,0.935693333080875],[103.7703555857417,0.93833998210455]]],[[[104.1749831049864,0.938345155004969],[104.1909536813674,0.930670793022712],[104.1884236411381,0.919412340407197],[104.1613856065606,0.91037748043645],[104.1581803517419,0.926072071968617],[104.1749831049864,0.938345155004969]]],[[[104.1899071304098,0.938569171630041],[104.1894466091737,0.938286365423499],[104.189233140697,0.938399394916198],[104.1895307938111,0.938586045609588],[104.1899071304098,0.938569171630041]]],[[[103.8354698689393,0.93937764416305],[103.8352665897814,0.939498591287011],[103.8353558196154,0.939754641763299],[103.835477173233,0.939693965404251],[103.8354698689393,0.93937764416305]]],[[[103.8905569478449,0.940143558978088],[103.8936080840459,0.937396230851492],[103.8935129051965,0.935373688844729],[103.887273959226,0.936111321780084],[103.8905569478449,0.940143558978088]]],[[[103.9816459504003,0.941216824297017],[103.9824436139817,0.940838262775598],[103.9823500503146,0.934195186658579],[103.980799104695,0.936874568306775],[103.9816459504003,0.941216824297017]]],[[[103.8309706821513,0.941991826761443],[103.832071455933,0.942051558832377],[103.8325096371101,0.941720985135428],[103.8317039893477,0.940850094256549],[103.8309706821513,0.941991826761443]]],[[[104.0450769419474,0.942829249370389],[104.0450151513282,0.942854674103996],[104.045085312837,0.943027132596105],[104.0451471070534,0.942987574117302],[104.0450769419474,0.942829249370389]]],[[[103.789037032633,0.941708882059286],[103.7905994967694,0.938345720678521],[103.7900611419082,0.936010726313993],[103.7847622653664,0.944121333232959],[103.789037032633,0.941708882059286]]],[[[104.0086412662814,0.944311575818643],[104.0132766329104,0.938461311440372],[104.0095370908641,0.934434809219129],[104.0065523534085,0.942648787811359],[104.0086412662814,0.944311575818643]]],[[[104.0451972469554,0.944494316259734],[104.0451270251921,0.94454235444614],[104.0453011159538,0.944638516254523],[104.0452870937245,0.944567840333585],[104.0451972469554,0.944494316259734]]],[[[104.0471259132304,0.946940104402325],[104.0469574117552,0.9469428842068],[104.0469405350777,0.947038993854507],[104.0471315061141,0.947027738839099],[104.0471259132304,0.946940104402325]]],[[[104.2057784504152,0.94771536767013],[104.2068804715566,0.942858827173174],[104.2020053609588,0.941178467312495],[104.2026782229217,0.946306803616112],[104.2057784504152,0.94771536767013]]],[[[104.0443705622517,0.94826232094942],[104.0442020526827,0.948290542574545],[104.0441570937749,0.94838381755917],[104.044314341134,0.948460187088005],[104.0443705622517,0.94826232094942]]],[[[103.7735900109703,0.947753790305248],[103.7780547303416,0.940146087871716],[103.7707568632387,0.931067222274537],[103.7729666782697,0.939559180411928],[103.7671880880599,0.946278832901834],[103.7735900109703,0.947753790305248]]],[[[103.7664590040798,0.947951751772022],[103.7660161662131,0.945577234002235],[103.7640898282831,0.945559584807063],[103.7642462761447,0.947832239965971],[103.7664590040798,0.947951751772022]]],[[[104.0422641602629,0.948779054309965],[104.0420394556564,0.948911855397869],[104.0420365022829,0.949440481393113],[104.0422864769394,0.949321822144464],[104.0422641602629,0.948779054309965]]],[[[103.9769198718547,0.949893781972497],[103.9765323171128,0.949927589286867],[103.9764929052235,0.950255489299431],[103.9768916889004,0.950232992758446],[103.9769198718547,0.949893781972497]]],[[[104.041547754925,0.949785223909069],[104.041162891854,0.950217628740655],[104.0415082207278,0.950571084787752],[104.0416347346553,0.950070763155184],[104.041547754925,0.949785223909069]]],[[[104.0411290827411,0.950610556032336],[104.0410672957191,0.950624672690578],[104.0411739831928,0.950732123688633],[104.0411964743379,0.95064449734574],[104.0411290827411,0.950610556032336]]],[[[104.0434568762339,0.951801323172605],[104.0434175236998,0.951928520584852],[104.0434849063034,0.9519935577565],[104.0435298634126,0.95191159084724],[104.0434568762339,0.951801323172605]]],[[[104.0342985393462,0.952954944714987],[104.0341777720866,0.952983179829944],[104.034228301395,0.953059518781815],[104.03428447305,0.95303974718661],[104.0342985393462,0.952954944714987]]],[[[103.74342830807,0.952772929127407],[103.7429034574287,0.9520632606111],[103.7424793704267,0.952255314431325],[103.7427514791975,0.953007287056737],[103.74342830807,0.952772929127407]]],[[[104.0366714788057,0.953351375765374],[104.0366321649426,0.953342885266048],[104.0365731856041,0.953357001924113],[104.0367444830715,0.953399454421364],[104.0366714788057,0.953351375765374]]],[[[104.0337787707737,0.953760456679762],[104.0335401842322,0.953322224241246],[104.0335908538349,0.952892554248061],[104.0333631436942,0.953732071378097],[104.0337787707737,0.953760456679762]]],[[[104.0364972702328,0.953682071770265],[104.0362248970614,0.953549132186746],[104.0363258387665,0.954120189095439],[104.0365870540494,0.953981745661034],[104.0364972702328,0.953682071770265]]],[[[104.0017690833766,0.954955498297602],[104.0023644822351,0.954831291131272],[104.0025218923714,0.954328158217985],[104.0011118867043,0.955127743650516],[104.0017690833766,0.954955498297602]]],[[[104.1419291760907,0.956028259996275],[104.1409798976043,0.956146752870366],[104.1409011026038,0.956785625855991],[104.1417999012445,0.956378769864427],[104.1419291760907,0.956028259996275]]],[[[103.8209826721127,0.956938726441178],[103.8201962572516,0.957328534884036],[103.8202633610653,0.958182213638301],[103.8211845537242,0.957832025727454],[103.8209826721127,0.956938726441178]]],[[[103.9799356377195,0.95105367898409],[103.977980915387,0.951561925442521],[103.9761140963885,0.958701923754843],[103.9802943565994,0.953580969086529],[103.9799356377195,0.95105367898409]]],[[[104.0279217587822,0.959519954282515],[104.0280677942934,0.959514341613607],[104.0280846682729,0.959429540940635],[104.0278937134242,0.959387083946803],[104.0279217587822,0.959519954282515]]],[[[104.0971032412216,0.959281786825025],[104.096791467852,0.959440011747168],[104.0968335129563,0.959748158151028],[104.097131234419,0.959632332666091],[104.0971032412216,0.959281786825025]]],[[[104.0657166958689,0.959352459148663],[104.0653206416343,0.959620905880174],[104.0656349816691,0.960353159071056],[104.0662193080747,0.959672036835022],[104.0657166958689,0.959352459148663]]],[[[104.1688412759042,0.96092276897066],[104.1739623034177,0.955860894364877],[104.1983754049011,0.94740268238793],[104.1526093862143,0.93394383873717],[104.142010973028,0.954606320325466],[104.1491294973285,0.958059823102461],[104.1554935911564,0.957363147091625],[104.1606215884156,0.958269045879875],[104.1688412759042,0.96092276897066]]],[[[103.9762822678125,0.959798781888319],[103.9760126708482,0.95979870094933],[103.9756527693599,0.961274194348613],[103.9762426220994,0.960906885144672],[103.9762822678125,0.959798781888319]]],[[[104.0654635124312,0.960935453008835],[104.0650060533867,0.959810222164068],[104.0634752480842,0.960697445630673],[104.065255365243,0.962139655120994],[104.0654635124312,0.960935453008835]]],[[[104.1195219800554,0.962318148963456],[104.1172965671829,0.95583257021705],[104.1270577322286,0.948188188034502],[104.1235641682519,0.936551593880994],[104.1399046879511,0.943088766733277],[104.1478926399334,0.928124799719773],[104.1543466281944,0.927063418941662],[104.1568758023764,0.908239231655303],[104.1493048336512,0.894068697812164],[104.1647344768147,0.904947641020845],[104.1698921552988,0.898585300871011],[104.1668897335744,0.867119095369981],[104.1808747246889,0.878157154728962],[104.1825928785586,0.867864465173016],[104.2006763239532,0.880318472019878],[104.2240087443081,0.880029422719739],[104.2391089990811,0.869521663893755],[104.2371505220789,0.860474779987117],[104.2559688556782,0.86640302997589],[104.2659148457935,0.8596483443956],[104.2587013692729,0.837533824626322],[104.2562184616128,0.838938391193819],[104.2431280000572,0.832017000084504],[104.2451145709807,0.81993672899687],[104.213829550993,0.803166487143711],[104.2021799040793,0.806042105358904],[104.1775412598213,0.782544909420066],[104.1655052048014,0.78988420019572],[104.1444098732171,0.856661194958194],[104.13036899913,0.865186926235692],[104.1207539721182,0.861899787245443],[104.1163664937188,0.877633516373708],[104.0993137856028,0.879503674555002],[104.091930053929,0.870396358904843],[104.0945139662466,0.926412468960367],[104.0780947891432,0.942863649337975],[104.0839450966889,0.951778464204819],[104.0775875607174,0.959918255922807],[104.0896795104012,0.952953164057321],[104.1051656849485,0.961121423814701],[104.1105428663603,0.9537982488901],[104.1195219800554,0.962318148963456]]],[[[104.0632841313576,0.961240156807827],[104.0620035111532,0.961248283981162],[104.0620510007532,0.962169866046489],[104.0629833171264,0.962404756374477],[104.0632841313576,0.961240156807827]]],[[[104.0658620236136,0.961956073813772],[104.0654771929182,0.962264099708518],[104.0660247694276,0.962476267765597],[104.066224221071,0.962264305653202],[104.0658620236136,0.961956073813772]]],[[[104.0849195615885,0.962537962157326],[104.0877456883129,0.959211442753924],[104.0881084172698,0.957521043761231],[104.0840355478023,0.960177249880287],[104.0849195615885,0.962537962157326]]],[[[103.9802692160516,0.962626807980824],[103.982056048448,0.960094506856121],[103.9801922178966,0.957108818817007],[103.9772250127242,0.962631543810774],[103.9802692160516,0.962626807980824]]],[[[104.0224052463052,0.962797534378732],[104.0299864106444,0.957674597604649],[104.0283788158297,0.952028883126507],[104.0210271881543,0.959857199150457],[104.0224052463052,0.962797534378732]]],[[[104.0406207553436,0.960795657893351],[104.0397221050911,0.960710598215561],[104.0404600168163,0.963164536913938],[104.0410527401919,0.962590847689546],[104.0406207553436,0.960795657893351]]],[[[104.0634267251633,0.963561080379558],[104.0630338113613,0.962613960266109],[104.0625816790013,0.962554470112773],[104.0626376779865,0.963170749430661],[104.0634267251633,0.963561080379558]]],[[[104.0635559136745,0.963546980808625],[104.0634744701707,0.963549784894743],[104.0634800657526,0.963628939623915],[104.0636120556519,0.963640283672193],[104.0635559136745,0.963546980808625]]],[[[103.830062345301,0.962521731192931],[103.832006043744,0.961199511947905],[103.8325800018657,0.95797728692226],[103.8285230485999,0.963759285562579],[103.830062345301,0.962521731192931]]],[[[104.0412208864349,0.963865819252183],[104.0409961944189,0.963947734000767],[104.0409371611211,0.964154079846955],[104.0411365659998,0.964111732570514],[104.0412208864349,0.963865819252183]]],[[[104.040892209408,0.964219084643078],[104.040397870965,0.964459229709755],[104.0402234528501,0.965527740313041],[104.0407402527606,0.965304563654731],[104.040892209408,0.964219084643078]]],[[[103.9715387541103,0.951367774403275],[103.9676120901259,0.953650661149139],[103.9679027564072,0.958326303016507],[103.9660766731001,0.960638083181051],[103.9688272828529,0.965681959654782],[103.9715387541103,0.951367774403275]]],[[[103.7799671098942,0.964963232267399],[103.779391577959,0.964595562435308],[103.778692022319,0.965536577950774],[103.7794922723505,0.965712118419601],[103.7799671098942,0.964963232267399]]],[[[104.0705397564047,0.965739756384762],[104.0748822696011,0.96295927205283],[104.0757028182305,0.961102217893048],[104.0709618352206,0.962709432294526],[104.0705397564047,0.965739756384762]]],[[[103.8454541261071,0.965132223873086],[103.8503019503748,0.962448506593391],[103.8451303000234,0.959416525951992],[103.8415844071947,0.965277887064905],[103.8454541261071,0.965132223873086]]],[[[104.0360446378498,0.965458704755504],[104.0359069669331,0.965676335294694],[104.0361932319322,0.966340732838608],[104.0361905951199,0.965732953912754],[104.0360446378498,0.965458704755504]]],[[[104.077195905067,0.965673788414653],[104.076508061298,0.965491942798932],[104.0766409667073,0.966398836237412],[104.0770396829351,0.966011832779865],[104.077195905067,0.965673788414653]]],[[[104.0996320430844,0.965255752950631],[104.1016828660715,0.962638563918647],[104.0962375493235,0.961967134575678],[104.0962255802464,0.964757304605987],[104.0996320430844,0.965255752950631]]],[[[103.9962596125911,0.963072571342158],[103.9957957908432,0.954976361669788],[103.9977683278461,0.951166356841979],[103.991874530885,0.957920770826989],[103.9962596125911,0.963072571342158]]],[[[103.8160202975987,0.966185871380906],[103.8157170713858,0.966033124229357],[103.8152508628371,0.966191253823398],[103.8157561379354,0.966745459235627],[103.8160202975987,0.966185871380906]]],[[[104.0945146830062,0.966950538836306],[104.0946777112075,0.966419121345405],[104.0941161799178,0.965856412843211],[104.0934840536462,0.966746723682396],[104.0945146830062,0.966950538836306]]],[[[103.766089614744,0.964503107632384],[103.764985517068,0.965930145559854],[103.7668272458807,0.966996454622768],[103.7672210176359,0.965227134724531],[103.766089614744,0.964503107632384]]],[[[103.7878750033288,0.967132270238144],[103.7929604869369,0.964385609408433],[103.7941986492483,0.957008501241338],[103.7799899652648,0.9638693338027],[103.7878750033288,0.967132270238144]]],[[[104.0937788010509,0.967255649128981],[104.0937142432178,0.967122766202719],[104.0936018801227,0.967224504707184],[104.0937310470503,0.967295213003736],[104.0937788010509,0.967255649128981]]],[[[103.7119586140988,0.96752434587197],[103.7124284136404,0.966237287420954],[103.7084702598946,0.965693513245045],[103.7083165082004,0.967729290574335],[103.7119586140988,0.96752434587197]]],[[[103.8188671536962,0.967956365793674],[103.8186481058255,0.967990209080957],[103.8186031190387,0.968154140201458],[103.8189120019874,0.968193821887484],[103.8188671536962,0.967956365793674]]],[[[103.9925852758898,0.966667217318237],[103.9916132139788,0.967967271872203],[103.9918040186406,0.968510081974758],[103.9927423128075,0.967441817785739],[103.9925852758898,0.966667217318237]]],[[[103.7068277695859,0.968989363068681],[103.7072772876167,0.968379000390593],[103.7071819909562,0.967912582299865],[103.7062325667796,0.968723438036287],[103.7068277695859,0.968989363068681]]],[[[104.0402646049276,0.968993505346047],[104.0404499695905,0.968945501333815],[104.0403405445805,0.968586456000173],[104.0401439204057,0.96872774399028],[104.0402646049276,0.968993505346047]]],[[[104.0493974838069,0.968719061935206],[104.0492120858691,0.968882968774063],[104.0492766059307,0.969143060803665],[104.0494957257472,0.968900010027449],[104.0493974838069,0.968719061935206]]],[[[104.0360816674351,0.968459676772701],[104.0363616290859,0.966711100636816],[104.0356822038707,0.966012669149416],[104.0348798988883,0.962871783306182],[104.0360816674351,0.968459676772701]]],[[[104.048038227782,0.968741293176231],[104.0467406814373,0.969032095255004],[104.0464681212069,0.9695634722765],[104.0473106699515,0.969422365949432],[104.048038227782,0.968741293176231]]],[[[104.0903377592802,0.970070332879589],[104.0908040811435,0.969592710135478],[104.090655335975,0.969216690098238],[104.0897846393496,0.969564164754486],[104.0903377592802,0.970070332879589]]],[[[103.9774492325961,0.964124174690914],[103.9748529779826,0.968736763291053],[103.9768014077588,0.970518254613781],[103.9792911970312,0.965074544954378],[103.9774492325961,0.964124174690914]]],[[[104.0908404137542,0.970251391588503],[104.0910511159164,0.969982891797125],[104.0910034320628,0.969762378930669],[104.0906493698726,0.970522725143683],[104.0908404137542,0.970251391588503]]],[[[103.8250744983894,0.96413686592369],[103.8226253998424,0.965255377933369],[103.8207644003568,0.971043759062271],[103.8225903712487,0.969116606346374],[103.8250744983894,0.96413686592369]]],[[[104.0238803026339,0.970260882134008],[104.0268883900872,0.969054681728229],[104.0257013974017,0.965761038840915],[104.0196599299618,0.968269543005038],[104.0238803026339,0.970260882134008]]],[[[103.8055132447405,0.971261674686572],[103.8072813235743,0.966242153652461],[103.8022313793748,0.960801879403236],[103.7990080086127,0.967774092100735],[103.8055132447405,0.971261674686572]]],[[[104.1511482405989,0.971502547304778],[104.1510948568422,0.971595824088054],[104.1512465104181,0.971607169934982],[104.1512549397637,0.971587383051295],[104.1511482405989,0.971502547304778]]],[[[104.1509375753089,0.971629707844743],[104.1508280306892,0.971686219443521],[104.1510779846613,0.971680628358326],[104.1510527137118,0.971658005912277],[104.1509375753089,0.971629707844743]]],[[[104.1505864592977,0.971869911367415],[104.1506819439167,0.971878416255942],[104.150878560897,0.971776694838608],[104.1507437741059,0.971700333403744],[104.1504825336421,0.971917943258502],[104.1505864592977,0.971869911367415]]],[[[104.0829791744494,0.972216787974409],[104.0904868893585,0.969001797994659],[104.0932192329813,0.969873226668147],[104.0933295995814,0.966712758986629],[104.0950801308434,0.96332374929162],[104.0951010715573,0.958450138762965],[104.0829791744494,0.972216787974409]]],[[[103.9999724222895,0.973032881362387],[104.0003175856881,0.972834865037006],[104.0000452673752,0.97252948494779],[103.9996072759551,0.972731126440449],[103.9999724222895,0.973032881362387]]],[[[103.9901213763006,0.970630769694322],[103.9889077816688,0.971975978308778],[103.9883625083232,0.973519265301912],[103.9899075031289,0.972111968392683],[103.9901213763006,0.970630769694322]]],[[[103.8067117433523,0.972912871331941],[103.8060462486355,0.972808048152915],[103.8059084626056,0.97333941078521],[103.806624498322,0.973461212265223],[103.8067117433523,0.972912871331941]]],[[[104.0879074556646,0.973928416363387],[104.0883626448203,0.973083291960394],[104.0873152997613,0.972379104811891],[104.0870509971059,0.973543722364953],[104.0879074556646,0.973928416363387]]],[[[104.0201224638807,0.971201133225749],[104.0179712001109,0.971449267869426],[104.019071304797,0.97410118512162],[104.0209138969588,0.973007729123429],[104.0201224638807,0.971201133225749]]],[[[104.0619653439255,0.967303485867196],[104.0797669157107,0.94917093299218],[104.0683066597246,0.914396949959359],[104.04480594294,0.937641844695422],[104.0456858522203,0.965034583579191],[104.0575505935851,0.967245716116969],[104.0592000140694,0.974135317990596],[104.0619653439255,0.967303485867196]]],[[[104.0919290493862,0.97409064416791],[104.0926934893131,0.972021545158183],[104.089508855949,0.971656010316677],[104.090904010212,0.973980115689807],[104.0919290493862,0.97409064416791]]],[[[104.0509181123811,0.974121671677805],[104.0508394792586,0.974118822625611],[104.0508169980061,0.974166874301849],[104.0509180863007,0.97421496015235],[104.0509181123811,0.974121671677805]]],[[[104.0507101990165,0.974458012727128],[104.050696165096,0.974426913271495],[104.050597865599,0.974449499744631],[104.0507186049797,0.974523033711103],[104.0507101990165,0.974458012727128]]],[[[104.1438286215937,0.974697979728065],[104.1721774198521,0.97374959516767],[104.174363576418,0.968935784159195],[104.1534377211739,0.957738623039026],[104.1438286215937,0.974697979728065]]],[[[103.8143816141202,0.973680615368197],[103.8135780860599,0.974810996630213],[103.8137857871843,0.975105045261701],[103.8148137716383,0.974534421826176],[103.8143816141202,0.973680615368197]]],[[[104.0308216002367,0.973584462552976],[104.0285608017397,0.973832572914921],[104.0286867787719,0.975226254987691],[104.030841022895,0.974407087716964],[104.0308216002367,0.973584462552976]]],[[[104.0009206278847,0.975376377917511],[104.0011006577692,0.974370075218831],[104.0006823390188,0.973954404072527],[103.9999660029288,0.975241470617425],[104.0009206278847,0.975376377917511]]],[[[103.9875420199483,0.975056814620354],[103.9873341920194,0.975096327233802],[103.9864915227657,0.975672745900555],[103.9870195183362,0.975571139596473],[103.9875420199483,0.975056814620354]]],[[[103.982141189964,0.975936079986115],[103.9926480602599,0.963263723142324],[103.9911224161667,0.956167909421543],[103.9954773831748,0.948966404675941],[103.9892047665868,0.945046571941807],[103.982141189964,0.975936079986115]]],[[[104.1767715732495,0.975811597627205],[104.1780132779904,0.974327736935551],[104.1742613873532,0.973405216877341],[104.1737891380584,0.975152175132818],[104.1767715732495,0.975811597627205]]],[[[103.8339309220744,0.977011663757319],[103.833762450277,0.97695507121964],[103.8336444412381,0.977147244649609],[103.8337960606398,0.977209484929828],[103.8339309220744,0.977011663757319]]],[[[104.051596927856,0.977019424007272],[104.0515378891624,0.977242731966596],[104.0516895220538,0.977310619989177],[104.0516895454363,0.977228639590086],[104.051596927856,0.977019424007272]]],[[[103.8337959940899,0.97740169972875],[103.8335938112055,0.977384669267087],[103.8335769372259,0.977458157368114],[103.8337004636056,0.977554306586034],[103.8337959940899,0.97740169972875]]],[[[104.048291177396,0.978058776791199],[104.0484316200233,0.9779711837232],[104.0481002108561,0.978044588187219],[104.0481423270069,0.978078523205303],[104.048291177396,0.978058776791199]]],[[[103.8214290227313,0.976764179323483],[103.8215184935836,0.977883573568159],[103.8226415804446,0.978404078685388],[103.8225968130925,0.97793483492474],[103.8214290227313,0.976764179323483]]],[[[104.0554273356031,0.977806385656185],[104.0573170702266,0.968797615018],[104.0499395969349,0.968368680670137],[104.0508050801904,0.97660930077865],[104.0554273356031,0.977806385656185]]],[[[103.7666236771411,0.97854594314086],[103.7662473576295,0.978633428290118],[103.7667498547221,0.979057607022968],[103.7669324575669,0.978851332223238],[103.7666236771411,0.97854594314086]]],[[[103.7678056965757,0.979080610781599],[103.7678787098347,0.979074984622949],[103.7679882211795,0.979089157938359],[103.7676512757858,0.979009888095936],[103.7678056965757,0.979080610781599]]],[[[103.7724027053206,0.978737460065757],[103.7764204544405,0.972819977659897],[103.7719568484299,0.969231359839481],[103.7655290574201,0.977058736971179],[103.7724027053206,0.978737460065757]]],[[[104.0801941863127,0.9790882451264],[104.0799132354076,0.979495243210968],[104.0806124538018,0.979763993013913],[104.0807304952163,0.979438930362361],[104.0801941863127,0.9790882451264]]],[[[104.0445444686524,0.979250650097471],[104.0475614396088,0.976495301816824],[104.0396453650416,0.973954499400717],[104.0398686730009,0.978751774574802],[104.0445444686524,0.979250650097471]]],[[[103.7803891248583,0.978398370688291],[103.7789931701987,0.979274115208304],[103.7784311280941,0.980427174674434],[103.7797929957502,0.980628364707245],[103.7803891248583,0.978398370688291]]],[[[104.1125096602926,0.982698529413659],[104.1123917043138,0.982704151075817],[104.1123467508019,0.982771986038353],[104.112447854385,0.982774839587217],[104.1125096602926,0.982698529413659]]],[[[104.1123579617506,0.982859624072427],[104.1122315791241,0.982873725442099],[104.1122006703247,0.982933081596491],[104.1123073847781,0.982952899057052],[104.1123579617506,0.982859624072427]]],[[[103.9874667206127,0.982666625964088],[103.9871015796742,0.98285874003887],[103.9873092754028,0.98326021268875],[103.9880227057833,0.982875981841078],[103.9874667206127,0.982666625964088]]],[[[104.0746717670885,0.983112230145375],[104.0799585225678,0.978197703161518],[104.0789088770431,0.975641886563869],[104.0694963512757,0.98143725722368],[104.0746717670885,0.983112230145375]]],[[[103.8185248375512,0.978317822009897],[103.8180909848112,0.98229762243742],[103.8198822067984,0.983406315648969],[103.8203825706992,0.980952411124944],[103.8185248375512,0.978317822009897]]],[[[104.1102093482829,0.983483801236515],[104.1136099871113,0.974198223769049],[104.1207905718275,0.965490307831482],[104.1032104149288,0.974172838605655],[104.1102093482829,0.983483801236515]]],[[[103.7593488587629,0.983489809607116],[103.7596015817477,0.983506865249703],[103.7596381895508,0.983229869562871],[103.7590933523764,0.983407742873085],[103.7593488587629,0.983489809607116]]],[[[103.7578687401503,0.984156335846295],[103.758239446993,0.984057542621583],[103.7594642139024,0.982887785442996],[103.758029094667,0.983364945036255],[103.7578687401503,0.984156335846295]]],[[[103.7571230456921,0.984481652106625],[103.7567880392367,0.9845018679669],[103.7566551913841,0.984747346912604],[103.7575620209706,0.98462027630479],[103.7571230456921,0.984481652106625]]],[[[103.9805513711489,0.98624503288198],[103.9826576904002,0.985996920721297],[103.9867191105985,0.984081575204618],[103.9820408849789,0.982610190807717],[103.9805513711489,0.98624503288198]]],[[[103.8138117002498,0.981278496305579],[103.8108305456932,0.978122873272033],[103.8088727836521,0.987399280352561],[103.8123104628576,0.98602675932746],[103.8138117002498,0.981278496305579]]],[[[103.9800449350258,0.987688810790052],[103.9793432398986,0.988053829420751],[103.979404880331,0.988523101060343],[103.9803655460332,0.987805383611581],[103.9800449350258,0.987688810790052]]],[[[104.0735637078989,0.988714847312375],[104.0752019516088,0.985300403890596],[104.0689284896581,0.983478120219081],[104.0695175429004,0.986042286122688],[104.0735637078989,0.988714847312375]]],[[[103.9730524543074,0.988521128847106],[103.9775407206278,0.986662472994768],[103.977917991622,0.983524814818379],[103.9738341243454,0.985400562286129],[103.9730524543074,0.988521128847106]]],[[[103.9788934970372,0.989399258369092],[103.9791353049504,0.988443866291464],[103.9776354066488,0.989268835088739],[103.9783093181206,0.989551725831481],[103.9788934970372,0.989399258369092]]],[[[104.0585272762129,0.989660425987912],[104.0586339987602,0.989646321920221],[104.0586283959838,0.98959543558099],[104.0585076359187,0.989592574837525],[104.0585272762129,0.989660425987912]]],[[[103.8161170781407,0.98958407444549],[103.8163980506295,0.989143215087404],[103.8154822332186,0.990143525603246],[103.8158529067863,0.990154965878995],[103.8161170781407,0.98958407444549]]],[[[103.9687229534016,0.990319555303307],[103.9709683653979,0.989549441553558],[103.9711600199191,0.987310662057459],[103.9682496222224,0.990492747642266],[103.9687229534016,0.990319555303307]]],[[[104.0973729757823,0.990437391672325],[104.100395607971,0.987594330713845],[104.0998876232153,0.986330555710621],[104.0956966403877,0.989357046890246],[104.0973729757823,0.990437391672325]]],[[[103.8114715293876,0.991934187312912],[103.8151346011809,0.988503933809534],[103.8159669408218,0.985332709337092],[103.8099666011778,0.991232629782088],[103.8114715293876,0.991934187312912]]],[[[104.0577317386289,0.992357053934898],[104.0576503382926,0.992204377829806],[104.0573919225992,0.992356955908866],[104.0576081232164,0.992520977860886],[104.0577317386289,0.992357053934898]]],[[[104.0574115404103,0.992503959989774],[104.0572233545742,0.992583058961058],[104.0572204947302,0.992766805743559],[104.0574873388696,0.992602923186345],[104.0574115404103,0.992503959989774]]],[[[104.0547575664086,0.992653022618947],[104.0536595634382,0.992375671700005],[104.0534711069061,0.993407432407098],[104.0538923583457,0.993435822205432],[104.0547575664086,0.992653022618947]]],[[[103.966249574958,0.992188208918796],[103.9631207544193,0.993334909278706],[103.9622778801202,0.994550171253403],[103.96299109916,0.994850039397852],[103.966249574958,0.992188208918796]]],[[[104.1163928672371,0.996534603589103],[104.1266017786492,0.995768415380136],[104.1320574627818,0.989375303127746],[104.1164376246967,0.98660923402891],[104.1163928672371,0.996534603589103]]],[[[104.1664003773755,0.996477048776898],[104.1662487273969,0.996448740816833],[104.1662711501935,0.996624018683542],[104.1663554058773,0.996618387128942],[104.1664003773755,0.996477048776898]]],[[[104.0735134780647,0.9976450261971],[104.0748559149686,0.997588868031871],[104.0738793267696,0.994942609314029],[104.0710423578186,0.998519487384472],[104.0735134780647,0.9976450261971]]],[[[104.1389553177338,0.999076397058138],[104.1487759801274,0.990256020898725],[104.145791963928,0.984850098952991],[104.141330431754,0.991492296432403],[104.1389553177338,0.999076397058138]]],[[[103.9425143203797,0.999273080588223],[103.9423682740767,0.999318261628465],[103.9423682363051,0.999436988326449],[103.9425479784065,0.999403124354734],[103.9425143203797,0.999273080588223]]],[[[103.9506582246973,0.999841069909488],[103.9779212633557,0.982001157327625],[103.9754859855898,0.974277527785736],[103.9422897389803,0.999012942693176],[103.9506582246973,0.999841069909488]]],[[[104.1345402697177,0.999632139411785],[104.134205924264,1.000166343901673],[104.1346101767184,1.00079686218548],[104.1350316637803,0.999963023374947],[104.1345402697177,0.999632139411785]]],[[[103.7674878150107,1.000736277557232],[103.7673559609089,1.000715028375884],[103.7673144913707,1.000787091051444],[103.7675292287909,1.000812612012522],[103.7674878150107,1.000736277557232]]],[[[103.9785987370422,0.998167978369599],[103.9749987607842,0.997183117307118],[103.9705726466104,0.997797972998102],[103.9758013580463,1.000831597600202],[103.9785987370422,0.998167978369599]]],[[[103.7673747261627,1.000910072441938],[103.7673106269839,1.001045725280056],[103.7675178622596,1.000986444668703],[103.7675065766673,1.0009398013308],[103.7673747261627,1.000910072441938]]],[[[103.7665769303811,1.001821353672591],[103.7664362638226,1.001855220342149],[103.7664513112791,1.001917411159623],[103.766642194182,1.001928790281534],[103.7665769303811,1.001821353672591]]],[[[103.7663910351183,1.001906082399826],[103.7660933460311,1.00205860741884],[103.7662138371989,1.002240969245369],[103.7665943961146,1.002130875139803],[103.7663910351183,1.001906082399826]]],[[[103.9011094362515,1.002253148763829],[103.8999795091471,1.001120653195661],[103.899074956644,1.002044694906809],[103.89921805407,1.002269469660375],[103.9011094362515,1.002253148763829]]],[[[103.9603557276348,1.002321004410886],[103.9600957399265,1.002359082605617],[103.9604912545678,1.002677224973977],[103.960540317082,1.002418588047435],[103.9603557276348,1.002321004410886]]],[[[103.8113603776794,1.003346644332234],[103.8104527378037,0.998169438868521],[103.8093407179998,0.998123808167259],[103.809010100236,1.001457573408368],[103.8113603776794,1.003346644332234]]],[[[103.9669349500879,1.002253816060803],[103.9659935541593,1.000515027246804],[103.9609516948648,1.002413039230385],[103.9658040840913,1.003962266245681],[103.9669349500879,1.002253816060803]]],[[[103.9555251964308,1.003175979088253],[103.9540631236144,1.003756416825238],[103.9531548128444,1.004646566685816],[103.9538479248419,1.005130172619426],[103.9555251964308,1.003175979088253]]],[[[103.9292344076418,1.005570188413538],[103.9342409442643,0.999677447256461],[103.9332471151623,0.998727321608703],[103.929354684771,0.999155719061237],[103.9292344076418,1.005570188413538]]],[[[103.8278186384195,1.000929552656801],[103.828593998814,0.997028361070049],[103.8240286030377,0.995002821622945],[103.8276721478514,1.005961484335069],[103.8278186384195,1.000929552656801]]],[[[103.9734231053921,1.00336650675896],[103.96893651271,1.000731907751382],[103.9671314249753,1.001782911252411],[103.9749896740343,1.006012906670348],[103.9734231053921,1.00336650675896]]],[[[103.8226432891566,1.007033799070564],[103.8224675391457,1.006835868180842],[103.8222966328834,1.00714108639208],[103.8224724053773,1.007276830960999],[103.8226432891566,1.007033799070564]]],[[[103.9699426832084,1.004669908589426],[103.969063003255,1.005888060985269],[103.9728641515594,1.007598079587721],[103.971146880824,1.004930432293724],[103.9699426832084,1.004669908589426]]],[[[104.1309645382829,1.007530099834339],[104.1345285623434,1.005094222220679],[104.1309884152832,1.002195086733979],[104.1287124731022,1.004190869413188],[104.1309645382829,1.007530099834339]]],[[[103.9256069220219,1.006874959012213],[103.9248481828974,1.007400487742347],[103.9248730671384,1.008112844332329],[103.9258026441768,1.007485607674694],[103.9256069220219,1.006874959012213]]],[[[104.1556166561838,1.007938618672386],[104.1555104489481,1.008116690732683],[104.1561081051051,1.008075007155915],[104.1560171305861,1.007994697697187],[104.1556166561838,1.007938618672386]]],[[[103.8214975016084,1.00826015867945],[103.8220256410706,1.006377785006782],[103.8210260383211,1.006202168095635],[103.8197495289177,1.007745066581586],[103.8214975016084,1.00826015867945]]],[[[103.7669287361723,1.009709522276678],[103.7662208393204,1.008663402993745],[103.7650549240456,1.009985813794342],[103.7659288924045,1.010234890927483],[103.7669287361723,1.009709522276678]]],[[[104.1370068996488,1.006669495400933],[104.1355509907856,1.008797803076186],[104.1364368742624,1.010580150553528],[104.1367612678183,1.010434627655973],[104.1370068996488,1.006669495400933]]],[[[103.8258521187803,1.010257377575938],[103.8257369776794,1.010232521213903],[103.8253647869554,1.010415494579428],[103.8256309611,1.010607805605821],[103.8258521187803,1.010257377575938]]],[[[103.7711657031347,1.003622592308792],[103.7676504987716,1.000579818903555],[103.7697364456805,1.0106264179748],[103.771575802981,1.008473232353799],[103.7711657031347,1.003622592308792]]],[[[104.1406107330989,1.009908696029546],[104.1398083157013,1.007865476810396],[104.1393376591058,1.007700257860675],[104.1414099237291,1.011321010256447],[104.1406107330989,1.009908696029546]]],[[[104.1472996917274,1.009828240880692],[104.1467731575552,1.008533353831284],[104.1442071246591,1.011481193901995],[104.1461466025837,1.011701645614524],[104.1472996917274,1.009828240880692]]],[[[103.991087544055,1.012145122899108],[103.9927111557953,1.000883511864645],[103.9828388633229,1.003115052717549],[103.9831011523963,1.007821804832451],[103.991087544055,1.012145122899108]]],[[[103.8852325341541,1.013115144248575],[103.8850214839544,1.013288914851637],[103.8850364297875,1.013653570156167],[103.8852813844284,1.013492531255375],[103.8852325341541,1.013115144248575]]],[[[103.7619140103234,1.01347830487992],[103.7617130361278,1.013585638066791],[103.7616627658241,1.013681724332136],[103.7619641942922,1.013608347747061],[103.7619140103234,1.01347830487992]]],[[[103.8796865122228,1.013138658822063],[103.8791212541426,1.013452229936471],[103.8793622292835,1.013906003559237],[103.8798822586594,1.01363905869569],[103.8796865122228,1.013138658822063]]],[[[103.8030198033213,1.014383149662665],[103.802441995202,1.014693867228209],[103.8026627760663,1.015372346356733],[103.8034266134476,1.01462073975542],[103.8030198033213,1.014383149662665]]],[[[103.8485821273633,1.015235028873482],[103.8489479302029,1.014264188241684],[103.8486767243514,1.014086008262735],[103.8476025723009,1.015154116869008],[103.8485821273633,1.015235028873482]]],[[[103.7595222543486,1.015173348870954],[103.762146185598,1.01057263581856],[103.7616794347582,1.009464424643555],[103.757543130711,1.014980375044347],[103.7595222543486,1.015173348870954]]],[[[103.7573729466043,1.016911068391144],[103.7563463893744,1.01476567629499],[103.7608614177203,1.007383725278752],[103.7584266058033,1.003402926603789],[103.754642374646,1.007810982391019],[103.7544484637257,1.015742359822111],[103.7573729466043,1.016911068391144]]],[[[103.8796952608277,1.014994559151569],[103.8788832107916,1.01542803237786],[103.8810940717341,1.017642136275684],[103.8815729256501,1.016599238364188],[103.8796952608277,1.014994559151569]]],[[[103.7544722238141,1.017661277446022],[103.7543630506143,1.017440759183705],[103.7541293141166,1.017834979700558],[103.754283778074,1.017843519662717],[103.7544722238141,1.017661277446022]]],[[[103.7544531599854,1.018250616672686],[103.7549130130252,1.018100220348936],[103.753933279897,1.018157135743289],[103.7541667906649,1.018352263446262],[103.7544531599854,1.018250616672686]]],[[[103.7568787961196,1.018258982166317],[103.7570699731009,1.017501526374451],[103.7556321226245,1.017290386242406],[103.7555325020234,1.018360217050438],[103.7568787961196,1.018258982166317]]],[[[103.7576122579993,1.018117936993265],[103.7573761652779,1.018106538985661],[103.7570846599291,1.018502150753717],[103.7575567959095,1.018654970750374],[103.7576122579993,1.018117936993265]]],[[[104.1148656313439,1.017983586373481],[104.1084827290948,1.005032204972364],[104.0998973421886,1.0049523766509],[104.1025383686508,1.015297967926918],[104.1148656313439,1.017983586373481]]],[[[103.75450559136,1.0190689385807],[103.7546715738341,1.018513575740984],[103.752919749347,1.018347538408213],[103.7533941759005,1.019072746310298],[103.75450559136,1.0190689385807]]],[[[103.805072493301,1.019522777853973],[103.8063993359606,1.017742478132908],[103.8064406876876,1.014570981165905],[103.802434922034,1.020251067732689],[103.805072493301,1.019522777853973]]],[[[103.9250342022667,1.020761363745956],[103.9312303872726,1.014619433040417],[103.9313665437311,1.013037894283483],[103.9251217629591,1.018039207643382],[103.9250342022667,1.020761363745956]]],[[[104.1449681372698,1.020548957368492],[104.1431231619044,1.015537396233965],[104.138340577156,1.014573255551385],[104.1401981996872,1.020575946922461],[104.1449681372698,1.020548957368492]]],[[[104.1190303980345,1.01658935661357],[104.1188285236175,1.021556234932339],[104.1205542848524,1.022746852785092],[104.1214148946817,1.020330055187932],[104.1190303980345,1.01658935661357]]],[[[104.1247877768344,1.022740668147401],[104.1245855067158,1.022961113564611],[104.1249618289253,1.023012102426632],[104.125018055439,1.022802923716013],[104.1247877768344,1.022740668147401]]],[[[104.1548359574136,1.023048925167844],[104.1567797287015,1.021926566757722],[104.1527532183863,1.018598728048945],[104.151725162886,1.021307253127299],[104.1548359574136,1.023048925167844]]],[[[103.8904592553904,1.010318473918501],[103.884307827844,1.017855262110709],[103.8844528201416,1.023507374365826],[103.8901219763482,1.016063712770185],[103.8904592553904,1.010318473918501]]],[[[104.1016636196804,1.024117169571712],[104.104355926385,1.02166302313009],[104.0954450190725,1.006361207803527],[104.0932053627374,1.017231787317227],[104.1016636196804,1.024117169571712]]],[[[103.9155956896894,1.021809732233445],[103.9117672802358,1.023008390025224],[103.9121395887711,1.025073468166068],[103.9145888258137,1.024434042097441],[103.9155956896894,1.021809732233445]]],[[[104.1209930137166,1.024640459889367],[104.1202234593452,1.02476180631241],[104.120023994212,1.024996387273555],[104.1208355370305,1.02538107497667],[104.1209930137166,1.024640459889367]]],[[[103.8510582019746,1.024977807280012],[103.8505533405643,1.024969145010088],[103.8503347180728,1.025248909709495],[103.8509110863776,1.025478081248485],[103.8510582019746,1.024977807280012]]],[[[103.9224748486354,1.023949101569796],[103.918831578115,1.023570494183021],[103.9184653139232,1.025936375763179],[103.9188458449598,1.025966185591029],[103.9224748486354,1.023949101569796]]],[[[104.0846405118502,1.025980346315977],[104.0901245812844,1.022944681152202],[104.0883340751575,1.018389441419673],[104.0811296691989,1.021070119890163],[104.0846405118502,1.025980346315977]]],[[[104.1420007936018,1.026505125910868],[104.1429970256922,1.025222521801991],[104.1425051361032,1.024630989128836],[104.1409725789214,1.025552163801377],[104.1420007936018,1.026505125910868]]],[[[103.8532468757428,1.025902929976239],[103.8520864427352,1.025894031184668],[103.8515210740383,1.026517114773037],[103.8530467756882,1.02706463372588],[103.8532468757428,1.025902929976239]]],[[[103.7966103746691,1.027285516213647],[103.7964106945979,1.027281200367122],[103.7963541317379,1.027412618297705],[103.7965688619635,1.027472058988385],[103.7966103746691,1.027285516213647]]],[[[103.8543543548696,1.027489695593006],[103.8536389378867,1.0276988203443],[103.8539146457443,1.028254900843015],[103.8543187021464,1.02801250657196],[103.8543543548696,1.027489695593006]]],[[[104.1780575282324,1.02826012770276],[104.1842901879419,1.0171590240698],[104.1767033290954,1.002020543613222],[104.1593175291806,0.995943766991234],[104.153025287587,1.012178002113126],[104.1657484804081,1.013702234270772],[104.1780575282324,1.02826012770276]]],[[[104.1783717702411,1.028382053289187],[104.1782650387007,1.028410294699375],[104.1781807560372,1.028517698033424],[104.17847282616,1.028579967991147],[104.1783717702411,1.028382053289187]]],[[[103.8357374163488,1.028683101344116],[103.8346372909783,1.028620510328368],[103.83461197866,1.02915757196442],[103.8353452966482,1.029468776962547],[103.8357374163488,1.028683101344116]]],[[[103.853479781267,1.027836482267938],[103.8523604589681,1.028760409765114],[103.8523299197901,1.029871293725224],[103.8535282727117,1.029201798824017],[103.853479781267,1.027836482267938]]],[[[103.9182023080901,1.028690416429631],[103.917036235434,1.02898181925559],[103.9167232605701,1.02997240720086],[103.9173524802328,1.029951422420281],[103.9182023080901,1.028690416429631]]],[[[103.8523336636677,1.029939135882449],[103.8520887369057,1.030019609017804],[103.8520659723668,1.030464805806217],[103.8524013142693,1.030405566563639],[103.8523336636677,1.029939135882449]]],[[[103.7984440500529,1.0269583185716],[103.7967103478044,1.028608426138009],[103.7979604782934,1.030491449121149],[103.7992419609478,1.029140796010994],[103.7984440500529,1.0269583185716]]],[[[103.8741743182902,1.031094984146216],[103.8739407265834,1.03107794109418],[103.8739293744411,1.031222099720194],[103.8741215047038,1.031281528719605],[103.8741743182902,1.031094984146216]]],[[[103.8503621752743,1.030919307879794],[103.8499935800398,1.030977101012473],[103.8499897183508,1.031239982739082],[103.8504305192531,1.03127830285141],[103.8503621752743,1.030919307879794]]],[[[103.873951772956,1.031811480315634],[103.8737483247255,1.031790206852643],[103.8736767018184,1.031896183861855],[103.8739328701059,1.031993797175998],[103.873951772956,1.031811480315634]]],[[[103.8826773138071,1.032484505955209],[103.8832688743592,1.032391433318056],[103.883159800984,1.031848660986975],[103.8826473663829,1.031929042391441],[103.8826773138071,1.032484505955209]]],[[[103.8941390689629,1.03176918609906],[103.8931595282897,1.031586517603708],[103.8925414107576,1.032201118786633],[103.8937996729166,1.032642532127268],[103.8941390689629,1.03176918609906]]],[[[103.8830804277196,1.032569449620466],[103.882989990096,1.032607579076592],[103.8830200993982,1.032700872047629],[103.8831030007029,1.032662740792853],[103.8830804277196,1.032569449620466]]],[[[103.8737942378139,1.032645616801828],[103.8735106689823,1.032621180423218],[103.8734164182331,1.032786509989522],[103.8737102438328,1.032939258040352],[103.8737942378139,1.032645616801828]]],[[[103.8041410321829,1.032133251448483],[103.8047958222694,1.027458207630191],[103.8026417130447,1.024907752790602],[103.8010109516942,1.033387098835556],[103.8041410321829,1.032133251448483]]],[[[103.8666044215569,1.03287735410664],[103.8661183316957,1.033046782782796],[103.8661445352422,1.033530161188009],[103.8666155209895,1.033454009295129],[103.8666044215569,1.03287735410664]]],[[[103.8345726081394,1.033128005053394],[103.8339496216777,1.033319989625811],[103.8341415289085,1.034079065096824],[103.8348185313502,1.033755621224961],[103.8345726081394,1.033128005053394]]],[[[103.875149174395,1.03386411093995],[103.8754770708102,1.033558941292176],[103.8751570317717,1.032948253958851],[103.8745840170389,1.033876630402217],[103.875149174395,1.03386411093995]]],[[[103.833506157883,1.033526923628633],[103.8332858068945,1.033965820666102],[103.8337945839529,1.034185947723396],[103.8340385718227,1.033741948831876],[103.833506157883,1.033526923628633]]],[[[104.1384322036833,1.031182014238594],[104.1319994466172,1.025667136729],[104.1286586909459,1.026959269154945],[104.1361714618435,1.034998349394398],[104.1384322036833,1.031182014238594]]],[[[103.8732011789913,1.034151742009312],[103.8726961593004,1.03457981031003],[103.8730312547887,1.035224423668277],[103.8736116988209,1.034601338281169],[103.8732011789913,1.034151742009312]]],[[[104.1564505948192,1.034682890602953],[104.1560045050039,1.035059324328389],[104.1566818437921,1.035335417095881],[104.1567403006245,1.035180515168685],[104.1564505948192,1.034682890602953]]],[[[104.1516009278406,1.032340297866449],[104.1510398597018,1.034188981136561],[104.1520747041843,1.035584084138216],[104.1525269219799,1.033281925820281],[104.1516009278406,1.032340297866449]]],[[[104.1129040813583,1.028646245328011],[104.1119794640811,1.030923930395142],[104.1161448009418,1.035673222241515],[104.1177915018764,1.032293794822811],[104.1129040813583,1.028646245328011]]],[[[103.8456473220663,1.035578887855435],[103.8454890153059,1.035761151655931],[103.8457112108038,1.036024116120091],[103.8459260363575,1.035833393296512],[103.8456473220663,1.035578887855435]]],[[[103.8641137050835,1.033682072869377],[103.8630435118487,1.034169295876294],[103.8638264859036,1.036141214145767],[103.8650362889936,1.035077390808967],[103.8641137050835,1.033682072869377]]],[[[103.8459711814249,1.036019972044164],[103.8457187003578,1.036151320726939],[103.8459935097927,1.036783188893084],[103.846212170955,1.036405904409074],[103.8459711814249,1.036019972044164]]],[[[103.8690855548545,1.036830220738169],[103.873623986258,1.030765693781818],[103.8753368431209,1.031286421930863],[103.8774353517602,1.035125866965211],[103.8836871166672,1.028202583682367],[103.8748463933465,1.018761016108025],[103.8777497790292,1.012150311088009],[103.8840935202998,1.015114935206116],[103.9001692723941,0.999382457934159],[103.9224224739182,1.008905678554248],[103.9276007207967,0.99872446805975],[103.9379637706116,0.997314460593943],[103.9668198278728,0.967664766016194],[103.962959094087,0.937235779207876],[103.9426981750807,0.925543715769914],[103.9438541789272,0.909776200011622],[103.8335599571264,0.977836926632866],[103.8337571011094,1.017053124402187],[103.8593654087866,1.007050118168459],[103.8480463841334,1.024260724752699],[103.8544669526878,1.022844034424716],[103.8548564023013,1.029554779129802],[103.8533880117474,1.033788655122445],[103.8673893246577,1.031928078318264],[103.8690855548545,1.036830220738169]]],[[[103.8333019200476,1.037659753594797],[103.8325999928955,1.03730847570562],[103.8322683750855,1.037489261020694],[103.8329865646783,1.037958756591381],[103.8333019200476,1.037659753594797]]],[[[103.8357393741728,1.038174607372275],[103.836885365867,1.036450750901549],[103.8332431232715,1.036980819409303],[103.8339659866411,1.03840573763476],[103.8357393741728,1.038174607372275]]],[[[103.9016276301111,1.035359485651741],[103.90713007899,1.019655926979476],[103.9197882301428,1.012485883217026],[103.9038275777805,1.00312251439256],[103.8847275072687,1.030100056072778],[103.8944894457314,1.030608054318291],[103.8955414537751,1.039135306349356],[103.9016276301111,1.035359485651741]]],[[[103.8638289203684,1.038778277295746],[103.8635237003586,1.03888416797002],[103.8635197766164,1.03932089494336],[103.8637798272773,1.03909626498073],[103.8638289203684,1.038778277295746]]],[[[103.8060451784423,1.038652247203517],[103.8091960620487,1.035527155254032],[103.8015698884397,1.037016735633875],[103.8036735367044,1.040155124959094],[103.8060451784423,1.038652247203517]]],[[[103.711785117789,1.040011921413095],[103.7115566711035,1.04011110404427],[103.7113950881129,1.040511626110716],[103.7119095641752,1.040214328228759],[103.711785117789,1.040011921413095]]],[[[103.8232949289179,1.041448914835572],[103.8264852037293,1.040506000851257],[103.8287117533448,1.037425749998386],[103.8204776254421,1.039079102318771],[103.8232949289179,1.041448914835572]]],[[[103.8606521452803,1.041613997987698],[103.8610932618446,1.040783103557461],[103.8606789954394,1.040286864846982],[103.8600531527309,1.041422975689807],[103.8606521452803,1.041613997987698]]],[[[103.8030642702999,1.0414213686013],[103.802561878428,1.041539895649654],[103.8027173316396,1.042263579200872],[103.8029384200722,1.042116677642577],[103.8030642702999,1.0414213686013]]],[[[103.7989288233066,1.039814111931767],[103.7969491879548,1.040853560943075],[103.7979278212121,1.043335734756409],[103.7993149490257,1.04161201138526],[103.7989288233066,1.039814111931767]]],[[[103.8312670357451,1.043655074122382],[103.8309955969692,1.044112895593694],[103.8314250520246,1.044265696704569],[103.8315684192472,1.043731508402443],[103.8312670357451,1.043655074122382]]],[[[103.8325475552255,1.044953001779644],[103.8322838029552,1.044999542594846],[103.8319181152289,1.045614211226928],[103.8324870236573,1.045627144377212],[103.8325475552255,1.044953001779644]]],[[[103.8779330131981,1.04590273622229],[103.8890905349004,1.042124551207133],[103.8896774954201,1.033627572154769],[103.8824438219249,1.032730357220244],[103.8779330131981,1.04590273622229]]],[[[103.8207068572357,1.044054133891256],[103.8194709198471,1.044472014671813],[103.8195959292088,1.046021078010392],[103.8213242400218,1.045416824426956],[103.8207068572357,1.044054133891256]]],[[[103.7951806387755,1.04621233862858],[103.7978836483118,1.045195789054462],[103.7957301380355,1.041107625716384],[103.7944424824347,1.045448859177542],[103.7951806387755,1.04621233862858]]],[[[103.8892733796628,1.046631848081356],[103.8881549027266,1.045109249092599],[103.8866889682214,1.045939788290637],[103.8885799187284,1.047199775349414],[103.8892733796628,1.046631848081356]]],[[[103.90134545343,1.046983716825098],[103.9010967719985,1.047013310815734],[103.9010854018698,1.047204111880282],[103.901439572878,1.047195757178462],[103.90134545343,1.046983716825098]]],[[[103.8745980086912,1.04796868130965],[103.8744673893586,1.047985593960041],[103.8743920009901,1.048081675728804],[103.8746130192755,1.048138289850284],[103.8745980086912,1.04796868130965]]],[[[103.8750149703647,1.047963179257325],[103.8748340960168,1.048030954864673],[103.8748339692124,1.048387122367808],[103.8752560021628,1.048245937799861],[103.8750149703647,1.047963179257325]]],[[[103.8752257822441,1.048466411995383],[103.8751001982157,1.048449406714822],[103.8749645219951,1.048556773176587],[103.8753111449934,1.048573859396138],[103.8752257822441,1.048466411995383]]],[[[103.8816587272685,1.047451711427458],[103.8805357726079,1.047947398853408],[103.8813752546643,1.049970228643213],[103.8826946959036,1.047880332811177],[103.8816587272685,1.047451711427458]]],[[[103.8351757258791,1.049979036603263],[103.8349873017226,1.050089207151236],[103.8350776260316,1.050360602759712],[103.8353640439155,1.050152949299241],[103.8351757258791,1.049979036603263]]],[[[103.7750208251511,1.050579963594453],[103.7871322487544,1.037706553414727],[103.7915696143462,1.046499124335229],[103.796124206567,1.027180421439342],[103.7997109097308,1.024397850680289],[103.7962960166479,0.997294651227174],[103.8054789230139,0.973036805104519],[103.7977215347211,0.968760134872346],[103.7824250802533,0.978221036971336],[103.7744825503295,0.989092158776137],[103.7763451254273,1.002691758917626],[103.7708666713598,1.010705993586766],[103.7621352120704,1.013020478012747],[103.7546719794284,1.022345395423693],[103.7559168902524,1.02462412640236],[103.7488625127948,1.028754204442992],[103.7703355335581,1.033595772127269],[103.7687473649989,1.048547968813748],[103.7750208251511,1.050579963594453]]],[[[103.8909338537144,1.049731963159603],[103.8902555175781,1.050143011790647],[103.8904811349964,1.051410886803003],[103.8912124421006,1.050368079723205],[103.8909338537144,1.049731963159603]]],[[[103.8289014518406,1.054199351718774],[103.8309295831338,1.044380219071892],[103.8185353011632,1.047807133392562],[103.8187909037773,1.049395819061802],[103.8289014518406,1.054199351718774]]],[[[103.8090784657986,1.056311554334785],[103.8088976094371,1.056341163613903],[103.8089804010248,1.056591355007106],[103.8092969246134,1.056476998115061],[103.8090784657986,1.056311554334785]]],[[[103.8313751990063,1.056756796988642],[103.8326289087972,1.055906782072411],[103.8331771660933,1.054001460399176],[103.8307575284372,1.056154478746249],[103.8313751990063,1.056756796988642]]],[[[103.8097562821268,1.057248852952261],[103.8092288189549,1.05723592969442],[103.8093680430009,1.05770238285878],[103.809639298315,1.057740647213132],[103.8097562821268,1.057248852952261]]],[[[103.8172400741702,1.056006719234778],[103.8186077559432,1.052598276988912],[103.8115759685562,1.049633243679279],[103.8155183517905,1.057810407624268],[103.8172400741702,1.056006719234778]]],[[[103.8226352159425,1.0554319751056],[103.8207814452076,1.055674362182144],[103.8211522959418,1.058031950214408],[103.8221270818994,1.057444373658909],[103.8226352159425,1.0554319751056]]],[[[103.8367436048336,1.058125530069207],[103.8365225874475,1.058074566388198],[103.83650242105,1.05826677309315],[103.8367787152656,1.058272530552903],[103.8367436048336,1.058125530069207]]],[[[103.8237341290269,1.058722644834218],[103.8244074442482,1.058293247335504],[103.8239507460302,1.057117175117581],[103.8234430031921,1.058089358437206],[103.8237341290269,1.058722644834218]]],[[[103.8230024675899,1.058484925239187],[103.8225251047499,1.058823942670914],[103.8228111431198,1.059347118774598],[103.8232835659839,1.059067327095528],[103.8230024675899,1.058484925239187]]],[[[103.815793941837,1.059507045213978],[103.8163871058803,1.059422045790834],[103.8164225481621,1.058692779248391],[103.8149452057567,1.059817224985002],[103.815793941837,1.059507045213978]]],[[[103.812848002933,1.060013244815414],[103.8146976817526,1.057311665201174],[103.8106844085587,1.055970281403448],[103.81013055658,1.059294223349758],[103.812848002933,1.060013244815414]]],[[[103.8333727830275,1.059853704185196],[103.8332259857907,1.059476285702063],[103.8317602050694,1.059903971790918],[103.8328789257219,1.060637922002547],[103.8333727830275,1.059853704185196]]],[[[103.8057739456111,1.06248616640354],[103.8066484760464,1.061338882383575],[103.8049257401309,1.060490215551033],[103.8046137338367,1.061920383119228],[103.8057739456111,1.06248616640354]]],[[[103.8238836602028,1.061837700349619],[103.8231048769885,1.0621935620833],[103.8238280029601,1.062889202075043],[103.8241799049787,1.062216588324924],[103.8238836602028,1.061837700349619]]],[[[103.8124215767944,1.062048114728784],[103.811883819083,1.062681080067859],[103.8120595556041,1.062907281146172],[103.8127931919523,1.062376152337594],[103.8124215767944,1.062048114728784]]],[[[103.8762351938992,1.061881974873311],[103.8757829050571,1.062331259080393],[103.8757259950587,1.063420942422619],[103.8763401285941,1.063433888163454],[103.8762351938992,1.061881974873311]]],[[[103.8762973451464,1.063662836670629],[103.8759858820428,1.063657069318344],[103.8758803528961,1.063747486257524],[103.8761013576915,1.063843675944939],[103.8762973451464,1.063662836670629]]],[[[103.8726839932717,1.063955489554244],[103.8724880516823,1.064011951690278],[103.8725884439016,1.064232474449176],[103.8727793663747,1.064164703338497],[103.8726839932717,1.063955489554244]]],[[[103.8937579299845,1.06449058797031],[103.8935129312768,1.064757627262766],[103.894025307422,1.064863814713332],[103.8940668282216,1.064651823822624],[103.8937579299845,1.06449058797031]]],[[[103.8975593939509,1.061589607074806],[103.9004661970574,1.0562926092166],[103.8999542363989,1.038789178877517],[103.8926405430267,1.040363932249663],[103.8975593939509,1.061589607074806]]],[[[103.8267232920463,1.063250168360616],[103.8261905642432,1.063866179680437],[103.8269837986634,1.065149796426043],[103.8275114866659,1.06457900931389],[103.8267232920463,1.063250168360616]]],[[[103.8281186657439,1.065211803781738],[103.8277469228823,1.065211661688823],[103.8275909669496,1.065810858384461],[103.8281939758714,1.065324899824313],[103.8281186657439,1.065211803781738]]],[[[103.8895042293368,1.064995856773374],[103.8895834632064,1.064686357789244],[103.8891765433629,1.064694690007981],[103.8882003247852,1.065737402659048],[103.8895042293368,1.064995856773374]]],[[[104.1700209849805,1.063928580039983],[104.1840804957184,1.050620606655725],[104.1807786312289,1.034887846097307],[104.1676023608603,1.022256008208286],[104.1629195765773,1.040097786883385],[104.1548410529722,1.041584582962171],[104.1649093535839,1.04882886126296],[104.1640682896199,1.065297167430421],[104.1700209849805,1.063928580039983]]],[[[103.8175434145969,1.06769777902935],[103.8249911654101,1.060136463626923],[103.8213345309639,1.058817835374823],[103.8194819041666,1.056030026064933],[103.8168643221309,1.056899639007122],[103.8120442842165,1.063433034706859],[103.8175434145969,1.06769777902935]]],[[[103.8208178677504,1.067687766876999],[103.8205804494282,1.06783607587426],[103.8205614647399,1.068217669010282],[103.821051388411,1.067882898177272],[103.8208178677504,1.067687766876999]]],[[[104.1791269741306,1.068081296714515],[104.1821350588859,1.067613390245834],[104.176306764046,1.063330643294622],[104.1765453892584,1.067943775984512],[104.1791269741306,1.068081296714515]]],[[[103.8162415721909,1.072415830226456],[103.8176555852371,1.069435655930848],[103.8151164267818,1.068811390633259],[103.8145236647354,1.072042039608531],[103.8162415721909,1.072415830226456]]],[[[103.8281856175722,1.072595148747199],[103.8283292959603,1.071263837356204],[103.8270970700738,1.071784884764712],[103.8272851560852,1.072565121283395],[103.8281856175722,1.072595148747199]]],[[[103.8274697005663,1.072751753091003],[103.8271418617076,1.072887307003631],[103.8278425621846,1.073116538797267],[103.8278162732025,1.072891808110496],[103.8274697005663,1.072751753091003]]],[[[103.843029040358,1.072378682830008],[103.8427476263019,1.07262732469133],[103.8428176969792,1.073317065130494],[103.8431294613556,1.072514402218003],[103.843029040358,1.072378682830008]]],[[[103.8744626103612,1.07326905302447],[103.8762415898775,1.071599115406949],[103.8727083613019,1.069125836787974],[103.8725602618467,1.072293126726473],[103.8744626103612,1.07326905302447]]],[[[103.8726126068864,1.073395569649824],[103.8718211801034,1.073950727444226],[103.8724085983782,1.074900725388181],[103.8731549376503,1.07400210301469],[103.8726126068864,1.073395569649824]]],[[[103.8442047951153,1.075095585093175],[103.8683732279421,1.058411497392717],[103.8781384516283,1.060331592229266],[103.8798043746722,1.048141915916753],[103.8704213043997,1.052285327306032],[103.8672051264155,1.048289997385529],[103.8761717008634,1.039227930224859],[103.8608323972973,1.042181968423181],[103.8421280536668,1.03636624430685],[103.846456539238,1.027417088827606],[103.8361063758087,1.028715001196387],[103.838526242792,1.046502845729799],[103.8328119064443,1.06353290621872],[103.8442047951153,1.075095585093175]]],[[[103.8287605523576,1.076950220076631],[103.8265732545521,1.072437993118955],[103.827114105032,1.066977056945648],[103.8177801602263,1.070793705065507],[103.8287605523576,1.076950220076631]]],[[[103.8193261370916,1.076845607338958],[103.8189229997966,1.076836970250048],[103.8187420409126,1.077125220052919],[103.8194803771178,1.077451987819009],[103.8193261370916,1.076845607338958]]],[[[104.1654209913857,1.077354578650988],[104.1659152803659,1.077416908863357],[104.1661512058135,1.077388704325275],[104.1655447111196,1.076828796311899],[104.1648199375901,1.077439222841933],[104.1654209913857,1.077354578650988]]],[[[103.8804691409382,1.076612378958172],[103.8801638660696,1.076853952148246],[103.8799676304019,1.077710379230654],[103.8806948752683,1.077519844365346],[103.8804691409382,1.076612378958172]]],[[[103.8738584053412,1.077000107269141],[103.874104169372,1.074651188701489],[103.8700382345769,1.076150667918993],[103.8721739499679,1.077754215784507],[103.8738584053412,1.077000107269141]]],[[[103.8724147542376,1.078653204182098],[103.8721547872137,1.078636146740861],[103.8721208566922,1.078691255397166],[103.8722074820897,1.078780328749238],[103.8724147542376,1.078653204182098]]],[[[103.83049608023,1.078548181353531],[103.8302059742264,1.078535348027929],[103.8299459262635,1.078738769278795],[103.8303678548926,1.078874612773204],[103.83049608023,1.078548181353531]]],[[[103.8736390831772,1.079158231067565],[103.873616762004,1.078382287012955],[103.8726333362596,1.078509122897772],[103.8729609143148,1.079094377403608],[103.8736390831772,1.079158231067565]]],[[[103.8297472939025,1.079264455390325],[103.8295061649776,1.079258707823191],[103.8294055236461,1.079699631932504],[103.8295411827794,1.079643150011409],[103.8297472939025,1.079264455390325]]],[[[103.8509157691475,1.081799652332124],[103.851782816324,1.080540686003959],[103.8514966583442,1.080040250157507],[103.8501587594193,1.081002233366421],[103.8509157691475,1.081799652332124]]],[[[103.8347975519655,1.081763784670928],[103.8347301315903,1.080716471088314],[103.8342478674452,1.08072052523209],[103.834179550446,1.08202642807724],[103.8347975519655,1.081763784670928]]],[[[103.8585455706216,1.082821381101892],[103.868586646057,1.07241576997181],[103.8698744986093,1.06404632377892],[103.8594432918745,1.069982795369759],[103.8585455706216,1.082821381101892]]],[[[103.8709739054215,1.082913951917439],[103.8727721879861,1.080014406339844],[103.8697517564385,1.076506728402846],[103.8673388636977,1.08068654524793],[103.8709739054215,1.082913951917439]]],[[[103.8144853590122,1.083413705178346],[103.8141498849094,1.083803653016188],[103.8145868358139,1.084058225007142],[103.8147301176009,1.083774202017837],[103.8144853590122,1.083413705178346]]],[[[103.8705808549226,1.086165948999371],[103.8718281939161,1.085585525651497],[103.870600370211,1.084342720140461],[103.8696729173713,1.085928162854463],[103.8705808549226,1.086165948999371]]],[[[103.8685957678804,1.085282985621314],[103.8681630527827,1.083735193024824],[103.8660523862087,1.085706034805709],[103.8678718711899,1.086601378251048],[103.8685957678804,1.085282985621314]]],[[[103.9354339875885,1.085835424765078],[103.9349516685847,1.085941258782094],[103.9344126662117,1.08652197171166],[103.9354901673374,1.086802205857149],[103.9354339875885,1.085835424765078]]],[[[103.8860713713967,1.086448498899115],[103.8859506571971,1.086847023571311],[103.8865571437973,1.087182217085678],[103.8865837070725,1.086669173643459],[103.8860713713967,1.086448498899115]]],[[[103.8190163377338,1.087350213141855],[103.8196155910867,1.08685436833442],[103.8183383577291,1.08683266499556],[103.818620740355,1.087328856941314],[103.8190163377338,1.087350213141855]]],[[[103.8238948648562,1.087957724069819],[103.8245700137952,1.087055594340233],[103.8244536136434,1.086025223984974],[103.8226144703816,1.087355868078907],[103.8238948648562,1.087957724069819]]],[[[103.7798971822092,1.087845357377335],[103.7797200679269,1.087934323710124],[103.7799837140772,1.088150669118113],[103.7800176553905,1.088070124037019],[103.7798971822092,1.087845357377335]]],[[[103.825210012732,1.08836600908406],[103.8258581208556,1.088196663145544],[103.8254815711177,1.08763259306974],[103.8247164989673,1.088230135012777],[103.825210012732,1.08836600908406]]],[[[103.8852568338359,1.088356244245345],[103.8847443137991,1.088640140430217],[103.8848120012729,1.089000574317042],[103.8854715145988,1.088581048676504],[103.8852568338359,1.088356244245345]]],[[[103.8512332846884,1.089058747862934],[103.8509205265612,1.089156148937162],[103.8515233286387,1.089245421938687],[103.8515309027291,1.089143662749878],[103.8512332846884,1.089058747862934]]],[[[103.8651807210136,1.088737638631196],[103.8647548641457,1.089013082088128],[103.8651917314133,1.089522056997369],[103.8653839920776,1.089238044799965],[103.8651807210136,1.088737638631196]]],[[[103.8383435832898,1.089978103206965],[103.8386038129157,1.089304038850367],[103.8379861729236,1.088616912740401],[103.8375636813189,1.089943880405839],[103.8383435832898,1.089978103206965]]],[[[103.8549553699944,1.090192269557663],[103.8534943646732,1.087880877900302],[103.8514938146878,1.087587548726463],[103.8521633617498,1.090513444439997],[103.8549553699944,1.090192269557663]]],[[[103.8843828124169,1.089703024874764],[103.8834520887429,1.089931644230033],[103.8835270634233,1.090966256687429],[103.8845067138138,1.090881820239906],[103.8843828124169,1.089703024874764]]],[[[103.7801983912428,1.088345794123155],[103.7801445038658,1.091178056022477],[103.7827022728916,1.092302685220778],[103.782755233967,1.09176847263692],[103.7801983912428,1.088345794123155]]],[[[103.8604233397653,1.092800797219093],[103.8644707692107,1.09047029856548],[103.8648411118279,1.087519346840457],[103.8629307773336,1.087764546996281],[103.8604233397653,1.092800797219093]]],[[[103.8135959537903,1.093657191026606],[103.8140707148916,1.093572580110466],[103.813893915372,1.092855949942193],[103.8133060879057,1.093033796272744],[103.8135959537903,1.093657191026606]]],[[[103.8324116496779,1.094046219757258],[103.8327507480486,1.094033632845923],[103.8331954016466,1.093864205968417],[103.8322159500062,1.093473740121029],[103.8324116496779,1.094046219757258]]],[[[103.8565665351176,1.093958061915076],[103.8564838037846,1.093538263779889],[103.8559864508141,1.093567754348454],[103.8559711749298,1.094110476317509],[103.8565665351176,1.093958061915076]]],[[[103.8146960791608,1.09375090757837],[103.8143115362484,1.094361315222534],[103.814914136878,1.094942434645693],[103.8150652373708,1.093941855232503],[103.8146960791608,1.09375090757837]]],[[[103.8286099114184,1.094375449867188],[103.8289380281675,1.093531814741519],[103.8271108036208,1.093251255940705],[103.8279275831915,1.095341907203304],[103.8286099114184,1.094375449867188]]],[[[103.8323055008982,1.0957337094432],[103.8324564170301,1.095195285334169],[103.8318611557678,1.095101771129878],[103.8319965846747,1.095640307654142],[103.8323055008982,1.0957337094432]]],[[[103.8317105346135,1.094876990980451],[103.8299849901152,1.094715192152426],[103.8304854754244,1.096313878282926],[103.8313973951737,1.095962314409357],[103.8317105346135,1.094876990980451]]],[[[103.8833529088098,1.093234647261207],[103.8823468219483,1.093484435758205],[103.8814487949261,1.096986421885868],[103.882560250855,1.097084361653986],[103.8833529088098,1.093234647261207]]],[[[103.8517681483814,1.097204160343798],[103.8512070658535,1.096389852109978],[103.8506604120485,1.097263092018094],[103.8514440516018,1.097390596998446],[103.8517681483814,1.097204160343798]]],[[[103.828872469389,1.097415649412723],[103.8296110636997,1.097093698415483],[103.8295885599641,1.096830807695623],[103.8283600536735,1.097436646783853],[103.828872469389,1.097415649412723]]],[[[103.8725282621696,1.09766579583985],[103.8723134887766,1.097695395226348],[103.8723925337884,1.097903189880364],[103.872569614796,1.097911737037036],[103.8725282621696,1.09766579583985]]],[[[103.8254285776668,1.097961251910304],[103.8253382326734,1.097757694861842],[103.8240383660778,1.097786860775082],[103.8249386234188,1.098355378897706],[103.8254285776668,1.097961251910304]]],[[[103.8488477888944,1.098165522121183],[103.8485576487166,1.09822900976104],[103.8483993257683,1.09843247058212],[103.8489381518743,1.098326678833159],[103.8488477888944,1.098165522121183]]],[[[103.8685077548291,1.098486843593014],[103.870635028284,1.092458254444947],[103.8740076109625,1.091268062870851],[103.8662776438983,1.087372749252966],[103.8660582129162,1.089785269674534],[103.862476959644,1.094838077315449],[103.8685077548291,1.098486843593014]]],[[[103.9281669582386,1.098858063049166],[103.92800627457,1.098637516008624],[103.9277499857733,1.098852258824687],[103.9281116823083,1.098897617930758],[103.9281669582386,1.098858063049166]]],[[[103.8712806749632,1.098886467236701],[103.8720987387658,1.097661392759106],[103.8705623037074,1.095498366756262],[103.8692991942025,1.097927453589095],[103.8712806749632,1.098886467236701]]],[[[103.7803185550573,1.098670111936181],[103.7816157173915,1.095965557364684],[103.7794989498167,1.094374710624477],[103.7778168659557,1.098618203067689],[103.7803185550573,1.098670111936181]]],[[[103.902957640183,1.099867303832999],[103.902215434195,1.09972710492203],[103.9020194377469,1.09991783943679],[103.9025618890201,1.100227568647425],[103.902957640183,1.099867303832999]]],[[[103.8723428363528,1.099815449823202],[103.8718755899865,1.099929753655291],[103.8718716626472,1.100353760617631],[103.8724443806037,1.100307337613613],[103.8723428363528,1.099815449823202]]],[[[103.9089972577173,1.100352908959598],[103.9089936838115,1.099818649611015],[103.9082173143776,1.100373821794529],[103.9085488053832,1.100581710877277],[103.9089972577173,1.100352908959598]]],[[[103.8557652778454,1.10052985057216],[103.8564850295605,1.100233324308528],[103.8557809296462,1.099003434860643],[103.8551736921123,1.100661064356709],[103.8557652778454,1.10052985057216]]],[[[103.8473246961779,1.100434635749911],[103.8471689479887,1.10047414926264],[103.8470029879976,1.10094331568151],[103.8473245585816,1.100790799655746],[103.8473246961779,1.100434635749911]]],[[[103.9050058776192,1.102013385709297],[103.9073129156586,1.100712699831272],[103.9053621692288,1.098027975310886],[103.9035904193625,1.100448435846621],[103.9050058776192,1.102013385709297]]],[[[103.8669233301476,1.101135025960717],[103.8673426120719,1.098319773838538],[103.8587378303867,1.096319408214194],[103.8622513799972,1.100959391962439],[103.8669233301476,1.101135025960717]]],[[[103.9148671057324,1.102322238980166],[103.9152590788434,1.101991651793385],[103.914147853141,1.101215296748601],[103.9146674589362,1.102190722124183],[103.9148671057324,1.102322238980166]]],[[[103.8596983288148,1.101498108351093],[103.8585978751919,1.102210015280056],[103.8589091719208,1.102656756204398],[103.8597684579481,1.102029557318238],[103.8596983288148,1.101498108351093]]],[[[103.8475150601719,1.101825446287405],[103.8472034972437,1.102079727797298],[103.8471429153134,1.102854220346059],[103.8475297362084,1.102854369633485],[103.8475150601719,1.101825446287405]]],[[[103.8588237507156,1.102707603872874],[103.8586429069447,1.102684920272898],[103.8585624616884,1.102860145079651],[103.8588487914386,1.102911135740412],[103.8588237507156,1.102707603872874]]],[[[103.8747567929917,1.102962513109526],[103.8742937077884,1.102029517748113],[103.8721837309944,1.102100796214797],[103.8729558394405,1.102855824736634],[103.8747567929917,1.102962513109526]]],[[[103.866773057031,1.102539696849567],[103.8657257011802,1.102327291371472],[103.8654617195828,1.102954721383329],[103.8657781298569,1.103171086576468],[103.866773057031,1.102539696849567]]],[[[103.858929133273,1.103007275965082],[103.8586729236166,1.103012830178082],[103.8583061360194,1.103170984053678],[103.8587029906506,1.103210710705779],[103.858929133273,1.103007275965082]]],[[[103.8585279484062,1.103311195555287],[103.8579966640148,1.10339155177874],[103.8579928320037,1.103561154024055],[103.8586032189634,1.103531709320935],[103.8585279484062,1.103311195555287]]],[[[103.8607756725594,1.102393172107272],[103.8598186536081,1.102418244306611],[103.8599425882798,1.103474068173702],[103.8615966798429,1.103347503884253],[103.8607756725594,1.102393172107272]]],[[[103.919568573431,1.102821169361532],[103.9185741561724,1.102832668093187],[103.9183706144124,1.103053081134783],[103.9195797852789,1.103888832803454],[103.919568573431,1.102821169361532]]],[[[103.8053864628151,1.103865808360391],[103.8050588541828,1.103416237269547],[103.8044747975739,1.103581360891168],[103.8047308660367,1.103916423104431],[103.8053864628151,1.103865808360391]]],[[[103.8240773283061,1.104121457739124],[103.8233505906573,1.10302724541109],[103.8244549068685,1.102060960744764],[103.8241840472561,1.101005090112858],[103.8223669140019,1.103807015181621],[103.8240773283061,1.104121457739124]]],[[[103.8618695809165,1.104266501298065],[103.8615945115775,1.104325755829036],[103.8616434221063,1.104512338173899],[103.861861969954,1.104465781170935],[103.8618695809165,1.104266501298065]]],[[[103.9242788517876,1.102270806752356],[103.9218372598816,1.102375922211094],[103.9223109903599,1.105200039849949],[103.9236298542344,1.104861308402702],[103.9242788517876,1.102270806752356]]],[[[103.8786308079655,1.105200724234054],[103.8783632003015,1.105455028227029],[103.87866454873,1.105650187406335],[103.8788681012819,1.105404338839231],[103.8786308079655,1.105200724234054]]],[[[103.8571819663747,1.105655432252403],[103.85810929241,1.104451612352106],[103.8557739203302,1.102797083718452],[103.8560440577871,1.105777952290696],[103.8571819663747,1.105655432252403]]],[[[103.7186446310449,1.104711914823062],[103.718068195291,1.105217216001828],[103.7178577494357,1.106146814623818],[103.7191044499105,1.105495241412344],[103.7186446310449,1.104711914823062]]],[[[103.8655332165848,1.105375773673087],[103.8646552588332,1.105557758683704],[103.8645684140012,1.106049573629006],[103.8652728772416,1.106333931166079],[103.8655332165848,1.105375773673087]]],[[[103.860340582352,1.104264828559051],[103.8595106412032,1.104228371841939],[103.8604969061074,1.106552309941231],[103.8609044248994,1.104975161674401],[103.860340582352,1.104264828559051]]],[[[103.8450443356276,1.105981140617216],[103.8446220832426,1.106672103235004],[103.8456317314193,1.10694386216956],[103.8456845917705,1.106651319003246],[103.8450443356276,1.105981140617216]]],[[[103.877756162417,1.106586902363668],[103.877371913583,1.106412912326091],[103.8769272366028,1.106624747634052],[103.8774017836655,1.107137979933912],[103.877756162417,1.106586902363668]]],[[[103.8634117077841,1.106057609071451],[103.8630911444408,1.106858859149115],[103.8638031206176,1.107198339731694],[103.8641538121488,1.106439501681697],[103.8634117077841,1.106057609071451]]],[[[103.7954978593388,1.10802767293878],[103.8125214069374,1.095585961622911],[103.8122960602151,1.084146362164892],[103.8002164591224,1.085409320583716],[103.7910301353325,1.096878978981783],[103.7954978593388,1.10802767293878]]],[[[103.8169271856412,1.109182353882529],[103.816716693021,1.109213292359554],[103.8166761084157,1.109331509141873],[103.8170377698772,1.109407821114081],[103.8169271856412,1.109182353882529]]],[[[103.8433367802683,1.109980289958498],[103.8438983493295,1.109526825702487],[103.8428736878704,1.109106658845269],[103.842831871194,1.110064891881299],[103.8433367802683,1.109980289958498]]],[[[103.8613548413529,1.110359283154436],[103.8627722187629,1.108528121375782],[103.8605459092664,1.107386681150421],[103.8593052522356,1.110167685290461],[103.8613548413529,1.110359283154436]]],[[[103.9130478347898,1.110229694444895],[103.912542915823,1.11031006955413],[103.9129308302937,1.1107808691418],[103.9133491571379,1.110513894600659],[103.9130478347898,1.110229694444895]]],[[[103.9023299439717,1.110624453655637],[103.9120533275991,1.109682347262561],[103.911813027849,1.10737986069209],[103.9130079165821,1.106036176428502],[103.9115846845856,1.103275318001559],[103.9047357410616,1.102801467014134],[103.9008682146964,1.099620837431756],[103.8978999600152,1.100603066178627],[103.9023299439717,1.110624453655637]]],[[[103.7922612910258,1.109741303218678],[103.7913834348977,1.10971550166907],[103.7916842734105,1.111131773812366],[103.7920800803316,1.110635860656492],[103.7922612910258,1.109741303218678]]],[[[103.9093997717821,1.11095625582662],[103.9092466046472,1.111110708092708],[103.9093357337572,1.111271112072229],[103.909543703779,1.111187939172106],[103.9093997717821,1.11095625582662]]],[[[103.9196939254344,1.111241302244379],[103.9204306410613,1.105754812734469],[103.9123180889087,1.106905150852031],[103.913006517237,1.109877746560814],[103.9196939254344,1.111241302244379]]],[[[103.9085617277416,1.111701220035341],[103.9083255963493,1.111820642808523],[103.9086188346916,1.111988182908361],[103.9086231181625,1.111955345962487],[103.9085617277416,1.111701220035341]]],[[[103.9084069562162,1.112030001383532],[103.908354908852,1.112137485656481],[103.9085038635625,1.112139865262593],[103.9085048159446,1.112062295138847],[103.9084069562162,1.112030001383532]]],[[[103.8425367802483,1.111165728615513],[103.8417830836225,1.111547034867863],[103.8418242689749,1.112212738227322],[103.8426345590378,1.111632171887253],[103.8425367802483,1.111165728615513]]],[[[103.9075390097176,1.110948473992954],[103.9059338160928,1.111223484875909],[103.9070071119886,1.112674011296663],[103.9081452966682,1.111851848384157],[103.9075390097176,1.110948473992954]]],[[[103.8477392036014,1.113300521302049],[103.8479470800937,1.11162578310344],[103.8462105233971,1.110662610091426],[103.8459009488698,1.112256745652404],[103.8477392036014,1.113300521302049]]],[[[103.9050926298211,1.113835092715407],[103.9052437788774,1.112652152374968],[103.9028473338374,1.112952304705159],[103.9040563059538,1.114301119601022],[103.9050926298211,1.113835092715407]]],[[[103.9095357070073,1.115643454881551],[103.9091103636524,1.114498458736898],[103.9063711860815,1.114408393432617],[103.9075464237285,1.115286540941193],[103.9095357070073,1.115643454881551]]],[[[103.9057674702926,1.116748721676261],[103.9060391752678,1.115608226638384],[103.9055268189076,1.115421469825082],[103.9047502911931,1.116383688656361],[103.9057674702926,1.116748721676261]]],[[[103.8447443307863,1.117412832336415],[103.8445336196309,1.117418376656795],[103.8445890709289,1.11782316420774],[103.8448164159449,1.117678992991175],[103.8447443307863,1.117412832336415]]],[[[103.7118274147035,1.117924712055826],[103.7141190986176,1.117439554791686],[103.7168949136694,1.114359824646202],[103.710974366374,1.11646583273208],[103.7118274147035,1.117924712055826]]],[[[103.8786676585856,1.118179417146445],[103.8786111460876,1.11817091495576],[103.8784528681055,1.118251415970148],[103.8785997894488,1.118310834177658],[103.8786676585856,1.118179417146445]]],[[[103.8415323418442,1.116846986998896],[103.8411253032902,1.117160587790897],[103.8411549710251,1.11836901132085],[103.8416565454133,1.117186239153709],[103.8415323418442,1.116846986998896]]],[[[103.8418745806474,1.1184456182707],[103.8416899300463,1.118526104895887],[103.8419686551294,1.118750938105359],[103.8420968507891,1.118513546762776],[103.8418745806474,1.1184456182707]]],[[[103.9093542966635,1.117148636700291],[103.9083669183986,1.117707966449563],[103.9081932089495,1.118759454685156],[103.9101413923115,1.118183525249547],[103.9093542966635,1.117148636700291]]],[[[103.8763463357148,1.119132544731213],[103.8779101722167,1.118603135426374],[103.8806087283102,1.116454442818357],[103.8754350859605,1.117673601555522],[103.8763463357148,1.119132544731213]]],[[[103.9156822557316,1.118596480443232],[103.9179787330321,1.113509152325529],[103.9099581185723,1.110495677933196],[103.9118623844416,1.116644590975133],[103.9156822557316,1.118596480443232]]],[[[103.8724390233423,1.119432081025737],[103.8739618057928,1.117868078149373],[103.8724739548092,1.116752361232562],[103.8709778210696,1.11759979869179],[103.8724390233423,1.119432081025737]]],[[[103.8888906425891,1.118803043026093],[103.8880165780027,1.118624624726669],[103.8862149913289,1.120150374939863],[103.8891685861614,1.121126729315167],[103.8888906425891,1.118803043026093]]],[[[103.8869042020674,1.120939298909571],[103.8867434356611,1.120956198070131],[103.8872255640086,1.121357778638663],[103.8872809001934,1.12115992868784],[103.8869042020674,1.120939298909571]]],[[[103.8328108488417,1.121271649666975],[103.8333461190283,1.120635859557259],[103.8328605480758,1.119456938287142],[103.831800988425,1.121542606406154],[103.8328108488417,1.121271649666975]]],[[[103.8419297423638,1.121897032821837],[103.8418881828934,1.122185339282053],[103.8422724056471,1.122410213860389],[103.842396913187,1.121973539047636],[103.8419297423638,1.121897032821837]]],[[[103.7753403956427,1.123788243232868],[103.7751262445806,1.123861055043671],[103.7752989935538,1.124432125442285],[103.7755231387819,1.124346465017398],[103.7753403956427,1.123788243232868]]],[[[103.8907470537336,1.12178030891423],[103.8892844817935,1.123526676315143],[103.8903313888825,1.124972954338441],[103.8924607172883,1.123621171679742],[103.8907470537336,1.12178030891423]]],[[[103.8930103325609,1.124910376812435],[103.8926791626133,1.123854462113824],[103.8915296069059,1.12483772867826],[103.8916652048854,1.124952263636134],[103.8922379642107,1.124821039059684],[103.8930103325609,1.124910376812435]]],[[[103.84088740473,1.125044274173989],[103.841495223226,1.121974727951367],[103.8363169799447,1.11585853404412],[103.8345025419588,1.121327448103246],[103.84088740473,1.125044274173989]]],[[[103.7027600910055,1.12552797813372],[103.7037975363273,1.125187715141005],[103.7037880179028,1.124469118155355],[103.7025245243874,1.125097296403174],[103.7027600910055,1.12552797813372]]],[[[103.8849163460126,1.126794121051875],[103.8837878155553,1.122019330727595],[103.8785874867231,1.124014413734217],[103.8809940680219,1.126758686864024],[103.8849163460126,1.126794121051875]]],[[[103.8445845032723,1.125726848815065],[103.8431113400164,1.125649940592341],[103.8432766336098,1.1268838590029],[103.844467512266,1.126210167865002],[103.8445845032723,1.125726848815065]]],[[[103.9131588426065,1.122623717410695],[103.908912503809,1.124127767882241],[103.9128574986747,1.127661489286355],[103.9140490743055,1.123444382951996],[103.9131588426065,1.122623717410695]]],[[[103.8738139779328,1.12821457144536],[103.8735991946471,1.128261128448324],[103.8740022563991,1.128507209939775],[103.8740211295715,1.128413935854519],[103.8738139779328,1.12821457144536]]],[[[103.8265384301045,1.128553474663205],[103.829176963646,1.125760371943693],[103.8283635250567,1.124776358042576],[103.8256536671831,1.126916470219028],[103.8265384301045,1.128553474663205]]],[[[103.8934723439736,1.12870545739103],[103.892543104181,1.124961079690154],[103.8893401147545,1.125867238382414],[103.8929931249328,1.130566684404963],[103.8934723439736,1.12870545739103]]],[[[103.8778747452234,1.129173112948864],[103.8802142928554,1.126334375031421],[103.8735459538827,1.124580633189717],[103.8750474313939,1.129465799107374],[103.8778747452234,1.129173112948864]]],[[[103.8695216433093,1.130315975901583],[103.8690581830887,1.130370914586118],[103.8686698756144,1.13094741419186],[103.8699395717539,1.131083594032686],[103.8695216433093,1.130315975901583]]],[[[103.8722715722753,1.13177988063706],[103.8756137713585,1.131378379208867],[103.873471059242,1.128341640254524],[103.8707461808916,1.130307974633313],[103.8722715722753,1.13177988063706]]],[[[103.8742494017885,1.13247602874573],[103.873895232579,1.132463170239204],[103.8740495283631,1.132942361400888],[103.8745809017872,1.132650001696264],[103.8742494017885,1.13247602874573]]],[[[103.8809172254496,1.1329431042409],[103.8809600727492,1.131961353034081],[103.8799122672374,1.13288104562381],[103.8803906930761,1.133105957973621],[103.8809172254496,1.1329431042409]]],[[[103.8713218324367,1.132436722077143],[103.8708847313454,1.13252983338514],[103.8708807068792,1.133191283850651],[103.8712575129239,1.133123590980942],[103.8713218324367,1.132436722077143]]],[[[103.8409081862639,1.13267904440246],[103.8405539082363,1.132950263743757],[103.840670606963,1.133204713426858],[103.8409231096139,1.133047933715245],[103.8409081862639,1.13267904440246]]],[[[103.8547265069228,1.1278381862833],[103.8506009138012,1.127535505059571],[103.8501088803206,1.133187299854052],[103.8512695831248,1.132611115910295],[103.8547265069228,1.1278381862833]]],[[[103.8358254177089,1.132825394676315],[103.8352451949099,1.132795479627744],[103.8347587731989,1.133749289797967],[103.8356217518425,1.133342595684292],[103.8358254177089,1.132825394676315]]],[[[103.8496760096402,1.133856319013946],[103.8492086823349,1.134169896423673],[103.849280039942,1.134750811700622],[103.8496907819041,1.134615294660188],[103.8496760096402,1.133856319013946]]],[[[103.8306322978424,1.135702265647096],[103.8299353592295,1.135464540656114],[103.8292717863639,1.136579396022361],[103.8301458599435,1.136689992848902],[103.8306322978424,1.135702265647096]]],[[[103.8775744049349,1.136115999653706],[103.8776754770417,1.134566992073102],[103.8755145959219,1.136296104181886],[103.8772726257312,1.13703174242101],[103.8775744049349,1.136115999653706]]],[[[104.0719842339853,1.137651973359974],[104.0738101428239,1.136526326129081],[104.0722834177456,1.132130849159394],[104.0683863612416,1.134575705604421],[104.0719842339853,1.137651973359974]]],[[[103.8391884037219,1.136897186755823],[103.8405495564169,1.134417316106282],[103.8360084603223,1.136772938220629],[103.837477255571,1.138350825730081],[103.8391884037219,1.136897186755823]]],[[[103.8358451020698,1.140122495556836],[103.8359736008011,1.139138861169561],[103.833855924911,1.139617122432332],[103.8344738643774,1.139553774187371],[103.8358451020698,1.140122495556836]]],[[[103.8359091194104,1.140211562613588],[103.8357960566427,1.140283597410116],[103.8357996566289,1.140699121967012],[103.8359730791943,1.140440549791608],[103.8359091194104,1.140211562613588]]],[[[103.8342843547393,1.142339395446809],[103.8339527603117,1.142415579715303],[103.8334815227541,1.143076832330012],[103.8339827014406,1.142915915736983],[103.8342843547393,1.142339395446809]]],[[[103.9376711420097,1.143937220926025],[103.9372742559022,1.143937073437248],[103.9376658602913,1.144638262246042],[103.9377010462663,1.144587392993854],[103.9376711420097,1.143937220926025]]],[[[103.831419794588,1.144954319086564],[103.8307755328646,1.144890453731515],[103.8300480316913,1.145683039740605],[103.8307261816681,1.145802038932972],[103.831419794588,1.144954319086564]]],[[[103.9730640483672,1.147829148596388],[103.9773686227637,1.146748356851221],[103.9750824022311,1.142811279616948],[103.9723751667805,1.148221653206802],[103.9730640483672,1.147829148596388]]],[[[103.9461270733058,1.147070648691548],[103.9437373057322,1.145707503098878],[103.9433574563816,1.146046184184099],[103.9452382589385,1.14897758464789],[103.9461270733058,1.147070648691548]]],[[[104.143847265439,1.150781318902736],[104.1444989609584,1.150447933925067],[104.1427575847947,1.150583102028621],[104.143015871885,1.150933723412637],[104.143847265439,1.150781318902736]]],[[[103.9058378611285,1.150274828820327],[103.9066669389282,1.149890710388066],[103.9054360368437,1.150059839589998],[103.9050036356093,1.150981195925491],[103.9058378611285,1.150274828820327]]],[[[103.6548061593768,1.15314917539415],[103.6596967841792,1.146404172814394],[103.6604671353501,1.140976026822235],[103.651521105015,1.151582371129598],[103.6548061593768,1.15314917539415]]],[[[103.8835256883599,1.152750848572845],[103.8832782237111,1.153098251283355],[103.8828404031622,1.154873328641257],[103.8834876155611,1.153788293894673],[103.8835256883599,1.152750848572845]]],[[[103.873987919407,1.155161734926155],[103.8764828267211,1.146857270146937],[103.8751040644011,1.146186789588752],[103.8733867882698,1.144002465841185],[103.8687941799075,1.152663131398432],[103.873987919407,1.155161734926155]]],[[[103.8139789210904,1.156980074171107],[103.8138467081592,1.157092191751305],[103.8139820947979,1.157197962815745],[103.8140783456392,1.157094306956738],[103.8139789210904,1.156980074171107]]],[[[103.8890518002005,1.157370484260431],[103.8956782559468,1.150754263698348],[103.8912914952064,1.143501958048995],[103.873533759975,1.143346596568248],[103.8890518002005,1.157370484260431]]],[[[103.8675215258978,1.159968274915999],[103.865066820977,1.155133601434619],[103.8631526913438,1.155323633578861],[103.8638068941729,1.158838917981717],[103.8675215258978,1.159968274915999]]],[[[104.1477224252498,1.162601437706298],[104.1453689678037,1.162046637842115],[104.1450262883326,1.162142651262441],[104.1474583672099,1.162759667125021],[104.1477224252498,1.162601437706298]]],[[[104.1464246738597,1.163160780945313],[104.1443464314427,1.162713488736619],[104.1442621550744,1.162770002133959],[104.1445204799362,1.162996237386535],[104.1464246738597,1.163160780945313]]],[[[103.8795432268385,1.163742537088483],[103.8825029604433,1.158740400848865],[103.8768413135758,1.155100149352448],[103.8748356734277,1.158020771441512],[103.8795432268385,1.163742537088483]]],[[[103.8663560710759,1.162965539028457],[103.8657794410684,1.16334267332576],[103.8661971896486,1.164547022926785],[103.8665065924053,1.163448968694977],[103.8663560710759,1.162965539028457]]],[[[103.8976657882456,1.16542161721391],[103.9047525376995,1.157304547766744],[103.9047269016253,1.155375278046675],[103.8980570023288,1.15736130038375],[103.8976657882456,1.16542161721391]]],[[[103.8904252169502,1.171740761127291],[103.8919366634463,1.170401487138959],[103.8929397249884,1.168345430097625],[103.8890761961096,1.172045509892447],[103.8904252169502,1.171740761127291]]],[[[103.8874575917945,1.175497322843208],[103.8872957893692,1.17547352768119],[103.8872029901259,1.175042845950644],[103.8871506423883,1.175452113024653],[103.887298168076,1.175606778430113],[103.8874575917945,1.175497322843208]]],[[[103.8883035462717,1.184668700799937],[103.8884058630402,1.184540210162607],[103.8883749299591,1.184334386822547],[103.8882333523874,1.18447953380347],[103.8883035462717,1.184668700799937]]],[[[103.8831808091471,1.184506622282841],[103.88275760438,1.184720346167031],[103.882794622274,1.184949440364422],[103.8832531443172,1.184736953947338],[103.8831808091471,1.184506622282841]]],[[[104.097976409184,1.199012724657608],[104.1440101524466,1.163004280023491],[104.1456884285781,1.125192145201412],[104.1554959725611,1.11951162785939],[104.1442544640723,1.110666353069798],[104.1412976478682,1.092165841680279],[104.1353426880147,1.092868336304706],[104.139874810674,1.049817959031627],[104.1334026767922,1.051255153002925],[104.1381140100536,1.04334582514973],[104.1327730722195,1.034251525387583],[104.1198800118531,1.030970747302204],[104.1166409281364,1.040625607086129],[104.1098731942925,1.03307945605213],[104.1060400472105,1.043602468279323],[104.0978583560783,1.026866708232019],[104.0873415042071,1.028986999350609],[104.0788118959523,1.024345009214864],[104.0827083481119,1.008342985340535],[104.0961862160212,0.985987488631698],[104.1008463068117,0.982554043434389],[104.0840849871325,0.985133258593082],[104.0755774968041,0.998236433864383],[104.0713983670411,0.998990031564714],[104.0704408642545,0.998404590899257],[104.0715440266356,0.990291691608311],[104.0669738446673,0.983486052239543],[104.0521945300535,0.996273630223962],[104.0341795671334,0.980240536571594],[104.0082725703229,0.985877491652973],[103.9908768302016,1.017457314803247],[103.9812831252161,1.008189355054798],[103.94215102485,1.007861125890328],[103.9336049922767,1.02357548272238],[103.9110472191539,1.037911534090094],[103.9083408281667,1.06693037943357],[103.8896150078264,1.094637738940582],[103.9116390351135,1.09813405034622],[103.9154084067726,1.087604297700226],[103.9090881557938,1.087893177927876],[103.9160770347274,1.079561719997388],[103.9231392758569,1.082217197665633],[103.9237885234217,1.071035372684401],[103.9365347847526,1.082513774291291],[103.9294877160853,1.111638093023634],[103.9399977573906,1.112253133975047],[103.9237507968619,1.12650848467892],[103.9207027075639,1.143397900192975],[103.9427934465604,1.136947537099184],[103.9477198553871,1.145446482968834],[103.9569032563802,1.136311515863861],[103.9618444860342,1.142356710993495],[103.9663880552646,1.127237514699539],[103.9779979503452,1.137555862812897],[103.9803779180066,1.128605861970941],[103.9881326730845,1.133554172886805],[103.9859263087522,1.128391879981303],[103.9874443445809,1.125149909440834],[103.9883370242344,1.130882386013374],[103.9971381540026,1.12468079788057],[103.9902155461106,1.13916965305709],[103.9851217473708,1.142510877275191],[103.9846813979283,1.144109029208382],[103.9912815512027,1.14098888263092],[103.9917741017934,1.148631232345585],[104.0013898212833,1.149930855224854],[103.9937554440586,1.156652657993826],[104.0021387002409,1.164981291153675],[103.9981947171125,1.178428104573401],[104.0203096586639,1.192392001189921],[104.0291252630205,1.181838960599555],[104.0250715383209,1.176795941179806],[104.0413944367039,1.177083315942282],[104.045012651213,1.170510668432653],[104.0393804670349,1.16924717401796],[104.0499738269306,1.168697519175252],[104.0430067646506,1.159678171610354],[104.0586255469315,1.158689506415575],[104.0503936052807,1.149236039012111],[104.053902853434,1.131213547866958],[104.063276321645,1.135489742357818],[104.0792054851451,1.125703051854396],[104.0786464656619,1.143838611163003],[104.0892294069117,1.141064285388468],[104.0932453825684,1.156145472735412],[104.0709830052615,1.161364601894929],[104.0682494871242,1.173998233032078],[104.0729857091232,1.188028031968111],[104.097976409184,1.199012724657608]]],[[[104.0775219758585,1.201475128674298],[104.0766703619477,1.201764465757568],[104.077199493362,1.204186340027588],[104.0797037680145,1.206347883048428],[104.0775219758585,1.201475128674298]]]]}},{"type":"Feature","properties":{"kode":"21.72","nama":"Kota Tanjung Pinang","lat":0.9195814670053981,"lng":104.48706427377346},"geometry":{"type":"MultiPolygon","coordinates":[[[[104.4945757938379,0.829059988727485],[104.4941903093353,0.829166382122912],[104.4948487398775,0.829448476965686],[104.4947035020651,0.829290490363841],[104.4945757938379,0.829059988727485]]],[[[104.4568835791139,0.856366810879658],[104.4548168588111,0.853765537149817],[104.4507977472183,0.854412378128819],[104.4553272726356,0.859007146662558],[104.4568835791139,0.856366810879658]]],[[[104.4259468512662,0.861097725979329],[104.4246919543702,0.857642776193154],[104.4198272012644,0.860183629870656],[104.4250901462932,0.861778936348864],[104.4259468512662,0.861097725979329]]],[[[104.4315386405959,0.861090088037228],[104.4311173648745,0.861067408034463],[104.431431784949,0.86198344757806],[104.4313757023268,0.861389740344285],[104.4315386405959,0.861090088037228]]],[[[104.4361713065606,0.869048318325236],[104.4360440138203,0.869587113854228],[104.4363363600351,0.869964981099011],[104.4365360113279,0.869351837717167],[104.4361713065606,0.869048318325236]]],[[[104.4539412968534,0.888537465231851],[104.4851652825518,0.870456921949467],[104.4619130754282,0.858407931081226],[104.4167420428111,0.876160572552395],[104.4539412968534,0.888537465231851]]],[[[104.4674651084281,0.922115710571633],[104.4673863862728,0.922664166618079],[104.4679930500393,0.922619024248592],[104.4678582749395,0.922364560176378],[104.4674651084281,0.922115710571633]]],[[[104.4192036644176,0.931800453028517],[104.4270038757283,0.927001262298452],[104.4088324550539,0.926531779318227],[104.4100564080769,0.930060238789052],[104.4192036644176,0.931800453028517]]],[[[104.4540579470167,0.933943387277589],[104.4549454942392,0.933751280397319],[104.4555466523562,0.93299369780093],[104.4541255229745,0.932840810355204],[104.4540579470167,0.933943387277589]]],[[[104.4225239047545,0.946198179002808],[104.422418396292,0.946208763124032],[104.422408966001,0.946263889766749],[104.4225634551394,0.946293600669199],[104.4225239047545,0.946198179002808]]],[[[104.422094331888,0.94623627338539],[104.422156557779,0.945926713247244],[104.4215574060495,0.946043231210167],[104.4218361931858,0.946374053120122],[104.422094331888,0.94623627338539]]],[[[104.342954359656,0.951377869293266],[104.3381462197723,0.950811526630632],[104.3365052439219,0.954893523317521],[104.3465210645955,0.952252122737304],[104.342954359656,0.951377869293266]]],[[[104.4100459822363,0.960055553620995],[104.4042583907122,0.954660392063486],[104.4016291165905,0.957153453968759],[104.403861429961,0.960156250710417],[104.4100459822363,0.960055553620995]]],[[[104.5000001033222,0.991083318940086],[104.497792864849,0.977923728297478],[104.5042703820725,0.972787727971289],[104.5216230365739,0.977332110188842],[104.520186184345,0.957143019135051],[104.528037398907,0.945052256556453],[104.5455134538828,0.941536661887474],[104.5520135656736,0.915497837055598],[104.5376886074433,0.896727478690293],[104.5440040704316,0.875969403665097],[104.5152831102275,0.853127490641212],[104.5145478919717,0.844151610008856],[104.4984559835569,0.838561120199552],[104.4899072557154,0.850776414599894],[104.4753674089788,0.850618957698776],[104.4782779136948,0.865088767032971],[104.4879192000111,0.868853045831417],[104.4908588202784,0.87591853531219],[104.4374654606626,0.91157524070484],[104.4431605110488,0.934413800156817],[104.4553378810384,0.924964394990832],[104.4672588318296,0.930976913254009],[104.4657855597559,0.922664854599395],[104.4675558841968,0.921481421430512],[104.4741429487381,0.929194788808482],[104.4769654628859,0.9187109357611],[104.4801376541295,0.932711620944568],[104.4489082886866,0.936924388949409],[104.4089750497588,0.963567159796616],[104.4157328002287,0.978478613597231],[104.4661142412793,0.984582822239519],[104.4733872223426,0.977462222303791],[104.4764263516948,0.989108045300144],[104.5000001033222,0.991083318940086]]]]}}]}