{"type":"FeatureCollection","features":[{"type":"Feature","properties":{"kode":"53.01","nama":"Kabupaten Kupang","lat":-9.91608621677014,"lng":123.86145044415542},"geometry":{"type":"MultiPolygon","coordinates":[[[[123.688402086787,-10.36162625724593],[123.6878453515818,-10.36118128708672],[123.6877771649842,-10.36076728688069],[123.6883822747223,-10.3612920691736],[123.688402086787,-10.36162625724593]]],[[[123.6831964672432,-10.35851000023625],[123.6829699298185,-10.35833867758791],[123.6829371971939,-10.35821841304923],[123.6831616338024,-10.35817270860358],[123.6831964672432,-10.35851000023625]]],[[[123.5884360984473,-10.34736810875117],[123.5885160976399,-10.34717810898254],[123.5886460982389,-10.34726811043496],[123.5884360984473,-10.34736810875117]]],[[[123.5894038031431,-10.34723191991709],[123.5891060978683,-10.34719810900551],[123.5890361144252,-10.3470481101821],[123.589286098075,-10.34706809401731],[123.5894038031431,-10.34723191991709]]],[[[123.5780796361663,-10.34545904230091],[123.5778996359595,-10.34547904322325],[123.5778396358905,-10.3454090417938],[123.5779696355903,-10.34531904214003],[123.5780796361663,-10.34545904230091]]],[[[123.577489635938,-10.34517904287851],[123.5772896357082,-10.34508904232545],[123.5773696358001,-10.34495904172637],[123.577489635938,-10.34514904239437],[123.577489635938,-10.34517904287851]]],[[[123.5749996362243,-10.34429902657877],[123.5749096356713,-10.34430904232842],[123.5749296356942,-10.3441090429979],[123.5750044709796,-10.34410223962661],[123.5749996362243,-10.34429902657877]]],[[[123.5695330109397,-10.33674904173488],[123.5694930108938,-10.3369190423799],[123.5693430111711,-10.33678904178082],[123.5694930108938,-10.33669904212704],[123.5695330109397,-10.33674904173488]]],[[[123.3434708625903,-10.32617908129952],[123.3426348456216,-10.3260226568201],[123.3422509088524,-10.3244349550091],[123.3438566060976,-10.32534185564209],[123.3434708625903,-10.32617908129952]]],[[[123.286608207203,-10.30802473335475],[123.2733469787801,-10.31991366108656],[123.2704949668693,-10.31798778091131],[123.2755200169353,-10.30956424769183],[123.286608207203,-10.30802473335475]]],[[[123.4170155579217,-10.30478366933083],[123.4167120178454,-10.3047123234149],[123.4166375171078,-10.30453917784076],[123.4169032110144,-10.30438476604408],[123.4170155579217,-10.30478366933083]]],[[[123.4170223657896,-10.30422832807483],[123.416858495823,-10.30404075917362],[123.4170791417891,-10.30379423611503],[123.4171435872069,-10.30388717295459],[123.4170223657896,-10.30422832807483]]],[[[123.4113821794441,-10.23497178641877],[123.4113860672132,-10.23510525030698],[123.4112370540469,-10.2350702639815],[123.4112422368398,-10.23487719572598],[123.4113821794441,-10.23497178641877]]],[[[123.431789992814,-10.23218000570266],[123.4404199932882,-10.24066000555475],[123.4326099928569,-10.24730000599046],[123.4263999933651,-10.23850000577065],[123.431789992814,-10.23218000570266]]],[[[123.6397276633011,-10.22196060369883],[123.6397264887864,-10.22195965581341],[123.6397533524353,-10.22196234208835],[123.6397276633011,-10.22196060369883]]],[[[123.4573999930153,-10.19979000580403],[123.4571499931777,-10.19934000573668],[123.4580399919521,-10.19910000636013],[123.4579999928055,-10.19950000592045],[123.4573999930153,-10.19979000580403]]],[[[123.4525499932877,-10.11465000599292],[123.4689300094125,-10.16178000574264],[123.481470128144,-10.16356259693623],[123.4893641549319,-10.15363392326687],[123.5003948092731,-10.15764167822082],[123.5054807047707,-10.17821216096245],[123.4612599929544,-10.19561000639662],[123.4525199919042,-10.21759000557426],[123.4280799925977,-10.23037000587104],[123.4171899931238,-10.22875000580806],[123.4210487627901,-10.20895299308611],[123.3908999984362,-10.20744000335341],[123.3901499917288,-10.22616000597949],[123.4120199930284,-10.24103000642958],[123.4185409187285,-10.25972673370175],[123.4073704719698,-10.26811455484278],[123.41991227693,-10.29614265665824],[123.3954142353787,-10.29271769476575],[123.3996258810297,-10.30643052764669],[123.4150199632008,-10.31406009979372],[123.4086748459674,-10.33504580132261],[123.3824308623945,-10.33720941997867],[123.376322291141,-10.30800464070152],[123.3467887943674,-10.30520208340933],[123.3291375793359,-10.33785002505859],[123.3215748978633,-10.33884972943147],[123.3054262683077,-10.3117877638941],[123.3093352048559,-10.28213357630346],[123.3009201036799,-10.27124001641358],[123.3203800091302,-10.2399200074024],[123.3490099768291,-10.22691000639158],[123.3679199918143,-10.20372000627326],[123.3963099934115,-10.13418000640208],[123.4525499932877,-10.11465000599292]]],[[[123.5582499933425,-10.09450000577059],[123.5528199929484,-10.08970000565064],[123.5536499925532,-10.08566000640412],[123.5588399926715,-10.08618000610236],[123.5582499933425,-10.09450000577059]]],[[[123.6136299931297,-10.05063000616982],[123.6139099925522,-10.05161000639665],[123.611049992863,-10.05310000586055],[123.6131299925552,-10.0499800058725],[123.6136299931297,-10.05063000616982]]],[[[123.6522953516492,-10.02604936458649],[123.6511740391506,-10.02505167829229],[123.6514401809196,-10.02396185015922],[123.6528867737058,-10.02489861637795],[123.6522953516492,-10.02604936458649]]],[[[123.6397276633011,-10.22196060369883],[123.6735555559442,-10.23297222209035],[123.6502500001375,-10.20005555581916],[123.6357222223028,-10.19197222174054],[123.6495280792575,-10.18960638422717],[123.6486049926264,-10.18073500571591],[123.6734298639971,-10.18944849205424],[123.6779199928135,-10.17195000618781],[123.691838611263,-10.17077277834105],[123.6623333334167,-10.15755555644374],[123.6815410222005,-10.14993069224762],[123.6731250936482,-10.12393166781223],[123.6928567742207,-10.11905853212552],[123.7108418994342,-10.10363805305364],[123.7416075870206,-10.09843900575545],[123.7711038680492,-10.04337788128414],[123.7534245707873,-10.02898363118961],[123.7225175241645,-10.02699638127787],[123.6954195551685,-10.0102064118963],[123.680526632798,-10.02094852055773],[123.6541119623973,-10.00945870925197],[123.6222899931887,-10.01932000571369],[123.6080999926206,-10.04511000612183],[123.5989700086591,-10.04508000563769],[123.5808999919412,-10.01802000601842],[123.5887289311953,-9.99276300590795],[123.5784659768234,-9.94293667768547],[123.5853735237691,-9.936319553304678],[123.5836079927147,-9.916382256236105],[123.5945967593331,-9.902478928059981],[123.6214366489823,-9.890345756151735],[123.6282663047463,-9.897505965827662],[123.6416662580914,-9.894603865276146],[123.6681357277817,-9.85373367756715],[123.6655743839507,-9.801437209359669],[123.6424242121078,-9.773852615405847],[123.6756629930527,-9.757348598958586],[123.6813773680712,-9.74343489710277],[123.6842757903954,-9.701511381145238],[123.6730073373189,-9.630674426683399],[123.7212877426352,-9.592336989760213],[123.7341447275971,-9.567030645647705],[123.7875901651541,-9.541945864809769],[123.795012118015,-9.490863849187274],[123.8275341491817,-9.49597944299681],[123.84799696239,-9.475576988686978],[123.8701927431007,-9.475567505336073],[123.8844252896954,-9.465332379585583],[123.8991521342637,-9.429873334386834],[123.9341891177337,-9.421835193039634],[123.9421109002979,-9.396764832830744],[123.9639562439856,-9.385757130986754],[123.9715459150121,-9.364669115387318],[123.9939377587207,-9.342512395830376],[124.030510384047,-9.345040318156155],[124.0790686681845,-9.325478914320389],[124.0809635208498,-9.341490622094533],[124.0701858970616,-9.369670320828654],[124.0956952981995,-9.405089478396693],[124.0932013999248,-9.414723007161001],[124.142992424361,-9.444630638992706],[124.1449278616316,-9.452821003186767],[124.1622980493156,-9.452085470168274],[124.1891232125663,-9.48146715958174],[124.1952669491104,-9.504495684628083],[124.1853736628643,-9.511414119665833],[124.1449306270468,-9.476208783108824],[124.1215535058897,-9.472915696901811],[124.1173157106516,-9.484825408865465],[124.1392841724266,-9.510487422256713],[124.1576409415763,-9.5572702872939],[124.1472134571355,-9.565054680429146],[124.1196380452597,-9.553018608322077],[124.0951633492093,-9.58038267861772],[124.0779586376811,-9.586563655188556],[124.0894122917439,-9.620786943762454],[124.0831554402714,-9.635731255193196],[124.0602049341105,-9.643773760950207],[124.0549341496914,-9.653200480717565],[124.0829636571471,-9.673632716976304],[124.098383726128,-9.656368213122484],[124.1106084544167,-9.684548384000706],[124.1047640122494,-9.705075848571525],[124.0900488300894,-9.713601304656443],[124.0866051407147,-9.737493866848439],[124.0673041076984,-9.758598086432428],[124.0940271862057,-9.80937312027324],[124.0850648448668,-9.82867630266922],[124.0919418301514,-9.880030821864842],[124.0816110480115,-9.923164789323451],[124.0856887189593,-9.96399112429092],[124.0968277281172,-9.976607180876655],[124.1246636726904,-9.975711406656078],[124.1648101273855,-10.01767769886664],[124.145156207593,-10.01722192065502],[124.1425927746369,-10.02346712590708],[124.1518080008386,-10.04092667562551],[124.1829821506059,-10.05879597175666],[124.2066419646549,-10.08731916204962],[124.1984922201399,-10.1043950142185],[124.2146554492896,-10.1136422257081],[124.2128587926992,-10.12994049076095],[124.2264723746005,-10.14379052870991],[124.2235400145601,-10.16302974592598],[124.1707259622334,-10.15552211555313],[124.1349270245625,-10.1633537410822],[124.1011606653325,-10.17953525704643],[124.0803981809314,-10.20447139703727],[124.082857884284,-10.2178105373264],[124.0343047739462,-10.24603752241367],[124.0186472587641,-10.27327795931033],[123.962340539984,-10.27683444435404],[123.942423914732,-10.29703189730416],[123.9153505403951,-10.2975657555551],[123.8760609939199,-10.31832047520973],[123.8644842433532,-10.3327480838569],[123.7982671961743,-10.35527217916766],[123.7658196801342,-10.34780231942143],[123.7036382426108,-10.36630670868764],[123.6807520235871,-10.35363633394962],[123.6554105240765,-10.34963908397655],[123.6263942741765,-10.35592135029002],[123.6114699933457,-10.37012002212128],[123.5691699933006,-10.33319000711311],[123.5429799924327,-10.32765000614287],[123.4859736442684,-10.35576162529875],[123.4566708577739,-10.35558298306823],[123.4631922016588,-10.32602818315407],[123.4943754327801,-10.29349149123931],[123.4904800139416,-10.28884396038039],[123.5006060006665,-10.27298840279254],[123.4891399926166,-10.24886000598444],[123.4887899926641,-10.22410000720953],[123.5280100719074,-10.21165313468433],[123.5401691137137,-10.21448254663218],[123.5310339505564,-10.22284292586029],[123.5444269179679,-10.24690472966945],[123.574249992843,-10.21702000626819],[123.570279629901,-10.24508674385814],[123.5844102482344,-10.26531696900291],[123.5847699932407,-10.28854000571664],[123.6110299928399,-10.29285000572314],[123.6347793047212,-10.2840920218293],[123.6403014622428,-10.26717780301317],[123.6224399920122,-10.25108000583755],[123.6274939013225,-10.24233616468225],[123.6175686207953,-10.23426487612305],[123.6397276633011,-10.22196060369883]]],[[[123.9930119633315,-9.254766351385939],[123.9955490632387,-9.256898943431473],[123.9948629848389,-9.258170170217088],[123.990951150675,-9.256742492871677],[123.9930119633315,-9.254766351385939]]]]}},{"type":"Feature","properties":{"kode":"53.02","nama":"Kabupaten Timor Tengah Selatan","lat":-9.829235491223097,"lng":124.39709152941671},"geometry":{"type":"MultiPolygon","coordinates":[[[[124.7580831819934,-9.62895481591202],[124.7463281120527,-9.648616879965015],[124.7232315254145,-9.63370206989456],[124.7538448687458,-9.608694412217282],[124.7580831819934,-9.62895481591202]]],[[[124.1229582433283,-9.473692194039511],[124.1449306270468,-9.476208783108824],[124.1853736628643,-9.511414119665833],[124.1952669491104,-9.504495684628083],[124.1897694483015,-9.483247777662811],[124.2017585092479,-9.485015488673803],[124.2384688549538,-9.525883478439727],[124.2148695059231,-9.537971374879],[124.226644426599,-9.560317568101233],[124.2363691025521,-9.543194458357522],[124.2669276960565,-9.552655709393392],[124.280187150117,-9.569907630832457],[124.3086092745985,-9.571821973605115],[124.3207399931561,-9.596970000165399],[124.3509440199506,-9.586401349142886],[124.361743520647,-9.597077425982352],[124.3703816986565,-9.590225201731677],[124.4095799936218,-9.600010006356712],[124.4302399939806,-9.59396000614932],[124.4288477490245,-9.605989515004048],[124.4489699943698,-9.618720004924235],[124.4609756621972,-9.613461505244274],[124.4575456191351,-9.634641427959494],[124.5013833528595,-9.647737942851702],[124.5171954650986,-9.663017704103698],[124.5319300411386,-9.659478443775154],[124.5439523527189,-9.644261474087727],[124.5632641533181,-9.641055953069682],[124.5801234883083,-9.617009156247462],[124.6157999940745,-9.612970005061676],[124.6334345689503,-9.586436779733525],[124.6452636845714,-9.584867471756358],[124.6424407999031,-9.595550528234202],[124.6634177429346,-9.627027902415701],[124.6997756848001,-9.628317834200644],[124.7030563396784,-9.636716826720164],[124.7185889606121,-9.63742685496534],[124.7388810941872,-9.651548438709394],[124.7922781347283,-9.637457396841302],[124.7746677228372,-9.626574607232268],[124.773437784826,-9.61229205023793],[124.7596661668601,-9.61406303298256],[124.7575635393259,-9.611455112363458],[124.7650227070323,-9.604043674376044],[124.7598093533191,-9.599982687650837],[124.7858631185882,-9.598241755752372],[124.7852044155514,-9.615037497882177],[124.8002853331017,-9.617938983297396],[124.7951710729867,-9.641798613215329],[124.8209990580601,-9.660630985231737],[124.7980728174067,-9.748606679654497],[124.7977447474222,-9.770871141589836],[124.8092346072914,-9.780415526855073],[124.8097397600819,-9.791605864818713],[124.7627946663408,-9.849370146315177],[124.750749994017,-9.881640005781627],[124.6836627133635,-9.921445115599585],[124.668803770078,-9.919518081594152],[124.6556723542958,-9.947961154883327],[124.6039186350371,-9.978925568360246],[124.5882019777391,-10.00021811497394],[124.5483512444145,-10.01061338120255],[124.5329528374037,-10.02888588117841],[124.5260459793385,-10.06068678736527],[124.5086916961649,-10.09155609933446],[124.4776881343,-10.12155614639896],[124.422168586711,-10.15720181800946],[124.3956900563511,-10.16971530331856],[124.3454017068234,-10.17363500025501],[124.2235400145601,-10.16302974592598],[124.2264723746005,-10.14379052870991],[124.2128587926992,-10.12994049076095],[124.2146554492896,-10.1136422257081],[124.1984922201399,-10.1043950142185],[124.2066419646549,-10.08731916204962],[124.1829821506059,-10.05879597175666],[124.1518080008386,-10.04092667562551],[124.1425927746369,-10.02346712590708],[124.145156207593,-10.01722192065502],[124.1648101273855,-10.01767769886664],[124.1246636726904,-9.975711406656078],[124.0968277281172,-9.976607180876655],[124.0856887189593,-9.96399112429092],[124.0816110480115,-9.923164789323451],[124.0919418301514,-9.880030821864842],[124.0850648448668,-9.82867630266922],[124.0940271862057,-9.80937312027324],[124.0673041076984,-9.758598086432428],[124.0866051407147,-9.737493866848439],[124.0900488300894,-9.713601304656443],[124.1047640122494,-9.705075848571525],[124.1106084544167,-9.684548384000706],[124.098383726128,-9.656368213122484],[124.0829636571471,-9.673632716976304],[124.0547248810485,-9.65429279008017],[124.0602049341105,-9.643773760950207],[124.0831554402714,-9.635731255193196],[124.0894122917439,-9.620786943762454],[124.0779586376811,-9.586563655188556],[124.0951633492093,-9.58038267861772],[124.1196380452597,-9.553018608322077],[124.1472134571355,-9.565054680429146],[124.1576409415763,-9.5572702872939],[124.1392841724266,-9.510487422256713],[124.1173157106516,-9.484825408865465],[124.1229582433283,-9.473692194039511]]]]}},{"type":"Feature","properties":{"kode":"53.03","nama":"Kabupaten Timor Tengah Utara","lat":-9.377866610519083,"lng":124.56921631425968},"geometry":{"type":"MultiPolygon","coordinates":[[[[124.792787990973,-9.018704203236343],[124.8201980759805,-9.076259603697672],[124.8135528621749,-9.102001204392067],[124.8210418693868,-9.144148754960995],[124.8272094667435,-9.145571691979963],[124.8096246288736,-9.168249440958913],[124.8210214322934,-9.173823191686896],[124.8199539334273,-9.199580198667228],[124.8362686659662,-9.217327192395945],[124.8371043861586,-9.229889707843668],[124.8260207275746,-9.24245366940129],[124.8415918691695,-9.243679379699614],[124.8575411819801,-9.26288355932881],[124.8525615656638,-9.279104917058216],[124.847119287725,-9.27543513632239],[124.8436248163322,-9.276203317429115],[124.8466058305946,-9.287654385941106],[124.8343204942954,-9.290952097361398],[124.8323417672589,-9.31740398530561],[124.8401870570871,-9.331760409015626],[124.8006363016241,-9.350673683143889],[124.8088607887944,-9.368916502794349],[124.798776886744,-9.380992074024945],[124.8035853728667,-9.385590046843166],[124.7792622611445,-9.400016756168288],[124.7933302749722,-9.40997719299304],[124.7978458384148,-9.425398864565953],[124.7800040408539,-9.45304274003032],[124.7815868215745,-9.470164348805614],[124.7686899309956,-9.467729208636015],[124.7671812121433,-9.481565771143412],[124.7528306664023,-9.48214969285404],[124.7369294466367,-9.499694457832923],[124.7213133380402,-9.503365615430752],[124.7291600568911,-9.5134131623875],[124.7383069615971,-9.509658071962406],[124.7414567120577,-9.530286411688476],[124.7529893059118,-9.536302645950272],[124.7537306350608,-9.563585817731273],[124.7368735879457,-9.561876318037648],[124.7308187278021,-9.553161536675496],[124.7042078532099,-9.5614367869781],[124.694458734583,-9.585687389961066],[124.6633193696932,-9.580821319348392],[124.6334345689503,-9.586436779733525],[124.6157999940745,-9.612970005061676],[124.5801234883083,-9.617009156247462],[124.5632641533181,-9.641055953069682],[124.5439523527189,-9.644261474087727],[124.5319300411386,-9.659478443775154],[124.5171954650986,-9.663017704103698],[124.5013833528595,-9.647737942851702],[124.457545619135,-9.634641427959494],[124.4609756621972,-9.613461505244274],[124.4489699943698,-9.618720004924235],[124.4288477490244,-9.605989515004048],[124.4302399939806,-9.59396000614932],[124.4095799936218,-9.600010006356712],[124.3703816986565,-9.590225201731677],[124.361743520647,-9.597077425982352],[124.3509440199505,-9.586401349142886],[124.3207399931561,-9.596970000165399],[124.3086092745984,-9.571821973605115],[124.280187150117,-9.569907630832457],[124.2669276960564,-9.552655709393392],[124.2363691025521,-9.543194458357522],[124.226644426599,-9.560317568101233],[124.2148695059231,-9.537971374879],[124.2385300807987,-9.526152426093475],[124.2239975968117,-9.506195650608689],[124.1784104263002,-9.474824260631092],[124.1622980493156,-9.452085470168274],[124.1449278616316,-9.452821003186767],[124.142992424361,-9.444630638992706],[124.0932013999248,-9.414723007161001],[124.0959123630651,-9.406073332218483],[124.1198056276276,-9.406668746365447],[124.1340779521358,-9.426480523257545],[124.1499530403006,-9.427272693779702],[124.162185042306,-9.418980148614935],[124.1681937960069,-9.394450578631268],[124.2172524458437,-9.365615491761474],[124.2609628814319,-9.395665846901284],[124.2716084883412,-9.412365485678524],[124.2742278015719,-9.43407833224919],[124.2869905636636,-9.45121099189377],[124.2882355833056,-9.472548414677533],[124.2795713051716,-9.489153878248828],[124.2781215782482,-9.502919574178996],[124.2944868985516,-9.492630296650777],[124.3161706952214,-9.495889615113544],[124.3421603819961,-9.482833072388335],[124.3547801356948,-9.48523628482663],[124.3564661109224,-9.464179444225955],[124.3647799996972,-9.460048888645272],[124.3628123909791,-9.447805104621825],[124.348671666964,-9.435949166720619],[124.3494016673532,-9.425194999949298],[124.3727789359991,-9.416949894022402],[124.3654622209049,-9.402015949076752],[124.380396890704,-9.396768127946658],[124.3741131423077,-9.376265338074834],[124.3798841404408,-9.356882468551024],[124.3897217172835,-9.360569879596241],[124.4091515233243,-9.33703329604974],[124.4384185033114,-9.333797779943591],[124.4401937794195,-9.314477153397931],[124.4626204385825,-9.299509170911406],[124.4545469997443,-9.265814741257277],[124.4649215240092,-9.249802071208606],[124.4685548183503,-9.208106884125371],[124.4829406768708,-9.197701531100737],[124.4760291594182,-9.174330344569697],[124.5305753977365,-9.186258656311868],[124.5388130923504,-9.176166767382359],[124.5512099976434,-9.172480002050403],[124.5547583357287,-9.178826885552276],[124.5737702286131,-9.161571828177255],[124.6158800076563,-9.153419995436334],[124.6393399959442,-9.128339996293704],[124.6702399990767,-9.118059998869814],[124.6865156353883,-9.093948941890133],[124.6974300001945,-9.0536299999245],[124.7155051664304,-9.050666457690753],[124.7297602437403,-9.058787691898456],[124.792787990973,-9.018704203236343]]]]}},{"type":"Feature","properties":{"kode":"53.04","nama":"Kabupaten Belu","lat":-9.155098413389897,"lng":124.96742242230712},"geometry":{"type":"MultiPolygon","coordinates":[[[[124.9466449751856,-8.957439463560384],[124.9525999997902,-8.964580556347528],[124.9339889437347,-8.99537043479766],[124.9317016188347,-9.028101900082568],[124.9419881120618,-9.037107318048214],[124.940254721878,-9.047178055822584],[124.9839284822138,-9.066240792778295],[124.9887255577383,-9.060097379090752],[125.003095267133,-9.063621705277463],[125.0096253290458,-9.050595778172603],[125.0207347630988,-9.050001311910965],[125.0382786287558,-9.033472772750244],[125.0765970809906,-9.021928023659314],[125.0989970698589,-8.999850849137285],[125.1023554360547,-8.975244488742167],[125.1120481770818,-8.96747162311689],[125.1358797229709,-8.995512124784693],[125.1482991149124,-8.996460914039943],[125.1809274810185,-9.021342663932757],[125.1892665490121,-9.046504193813458],[125.1875637276839,-9.073333477757721],[125.1733901316493,-9.105346582578715],[125.1794528473711,-9.118401671100145],[125.1706288892119,-9.122858611335776],[125.1770292293155,-9.143254561748542],[125.1930507477938,-9.158195996248235],[125.1748639972756,-9.175048964937709],[125.1343313916805,-9.174360567186373],[125.0970194435925,-9.201811110894003],[125.0745363519711,-9.175349155039463],[125.0138968083911,-9.169457850099665],[125.0055588888317,-9.182432499660091],[124.9827432917696,-9.191406923390737],[124.9816120480576,-9.241753461752804],[124.9968371584082,-9.26335399019445],[124.9943948992053,-9.28998661129306],[125.0107877594476,-9.300530355591334],[125.0021537129236,-9.32019280185628],[124.988284421389,-9.330066147434728],[124.9954834781801,-9.351855129710422],[124.9865887101009,-9.37425914574293],[124.9520419947424,-9.392505989859483],[124.9314727908366,-9.377477021647156],[124.916353477631,-9.38169264589888],[124.8989821334188,-9.358497703106465],[124.8805559770767,-9.385632546105054],[124.8715663377163,-9.380692723890043],[124.8450738219993,-9.38755423993614],[124.8433583382168,-9.360169458253846],[124.8287735559549,-9.362422115188433],[124.8172602372701,-9.343223380954218],[124.8401870570871,-9.331760409015626],[124.8323417672589,-9.31740398530561],[124.8343204942954,-9.290952097361398],[124.8466058305946,-9.287654385941106],[124.8436248163323,-9.276203317429115],[124.8525615656638,-9.279104917058216],[124.8575555558443,-9.261416667045523],[124.8415918691695,-9.243679379699614],[124.8260207275746,-9.24245366940129],[124.8371043861586,-9.229889707843668],[124.8362686659662,-9.217327192395945],[124.8199539334273,-9.199580198667228],[124.8210214322934,-9.173823191686896],[124.8096246288736,-9.168249440958913],[124.8272094667435,-9.145571691979963],[124.8210418693868,-9.144148754960995],[124.8135528621749,-9.102001204392067],[124.8201980759805,-9.076259603697672],[124.7924351545588,-9.018229165143836],[124.8012265545619,-9.008539173344126],[124.8095132586301,-9.018135942319798],[124.81637999614,-9.002360000813319],[124.8486212499707,-9.008539367597717],[124.8782995178086,-8.9801091842914],[124.9466449751856,-8.957439463560384]]]]}},{"type":"Feature","properties":{"kode":"53.05","nama":"Kabupaten Alor","lat":-8.303915014674587,"lng":124.56844814765837},"geometry":{"type":"MultiPolygon","coordinates":[[[[124.2833475080811,-8.470554733913787],[124.2925453377972,-8.482358085756996],[124.2771238541826,-8.491221336195647],[124.2696695572044,-8.477059053632345],[124.2833475080811,-8.470554733913787]]],[[[123.9369526651335,-8.46357317905893],[123.936633726865,-8.463408491608586],[123.9368220871696,-8.461866039186265],[123.9370806026877,-8.462355851341457],[123.9369526651335,-8.46357317905893]]],[[[123.9483640870331,-8.454153461413032],[123.9481485869877,-8.453960210595195],[123.9483808369062,-8.453747600970978],[123.9485709778684,-8.454004476125636],[123.9483640870331,-8.454153461413032]]],[[[123.9307885310659,-8.451483590095581],[123.9306616646041,-8.451548305310013],[123.9306216177935,-8.451470663240439],[123.9307763047827,-8.451345475812992],[123.9307885310659,-8.451483590095581]]],[[[123.8767795711204,-8.444700038975554],[123.8772364617934,-8.444720492256845],[123.8772928528829,-8.445082648345519],[123.8765324311269,-8.444973834874574],[123.8767795711204,-8.444700038975554]]],[[[123.9144673683744,-8.442031913242136],[123.9142140707229,-8.442081491967262],[123.9144492749142,-8.441737569633094],[123.9145039923654,-8.441785929776806],[123.9144673683744,-8.442031913242136]]],[[[123.9227001032272,-8.429411101940758],[123.9224776811002,-8.42934569514771],[123.9224953518791,-8.428838383084862],[123.9228054624023,-8.42903427341291],[123.9227001032272,-8.429411101940758]]],[[[123.9786643224006,-8.426952382446444],[123.9785804471299,-8.4270384763445],[123.9781518212496,-8.426410430297064],[123.9783977426618,-8.42656796094257],[123.9786643224006,-8.426952382446444]]],[[[123.8930538368652,-8.430334461066451],[123.8807073367742,-8.443344350561315],[123.8731114460364,-8.431059990925842],[123.8850958368036,-8.424715038268342],[123.8930538368652,-8.430334461066451]]],[[[123.8011300548082,-8.40191195976912],[123.8004962593949,-8.40181972619936],[123.8000509618825,-8.401314148029453],[123.8010321339259,-8.401435507042958],[123.8011300548082,-8.40191195976912]]],[[[124.7672315247151,-8.401551726430938],[124.7670074622247,-8.4014908666102],[124.7671389314167,-8.401067820123735],[124.7672922442417,-8.401141023139651],[124.7672315247151,-8.401551726430938]]],[[[124.7335173531434,-8.401111584731762],[124.7332734318234,-8.400895288786518],[124.7334263840205,-8.400608664058566],[124.7336262439561,-8.400711226341944],[124.7335173531434,-8.401111584731762]]],[[[124.7309662435973,-8.399315679075308],[124.7309234781361,-8.39935241368293],[124.7305055406983,-8.39920864806059],[124.7309456662096,-8.39908261706908],[124.7309662435973,-8.399315679075308]]],[[[124.8237779631825,-8.388080195144791],[124.8235831817185,-8.387961007094784],[124.823805197352,-8.387753648611955],[124.8238232746245,-8.387876319736325],[124.8237779631825,-8.388080195144791]]],[[[124.8625293382584,-8.377325256755146],[124.8626947595555,-8.376777819640573],[124.86305730595,-8.376659960788473],[124.8629629625707,-8.376850070274493],[124.8625293382584,-8.377325256755146]]],[[[123.8303498050994,-8.368280726374415],[123.8367517576876,-8.409575100910143],[123.825737008756,-8.415027928795809],[123.8093985871751,-8.403105617330269],[123.8073617594377,-8.373216725571346],[123.8151118524301,-8.366321429190542],[123.8303498050994,-8.368280726374415]]],[[[124.0967444931639,-8.364916475914601],[124.100713025086,-8.367188444890754],[124.0979779772019,-8.37492430431313],[124.0970081033414,-8.374072365747036],[124.093071822007,-8.373593100840875],[124.0967444931639,-8.364916475914601]]],[[[124.9928456353179,-8.356514694597443],[124.9926051026435,-8.356400117371514],[124.9924836339127,-8.355893867407964],[124.9925991806077,-8.355936491675724],[124.9928456353179,-8.356514694597443]]],[[[123.9548991500758,-8.349480586060203],[123.9332919927314,-8.381355508250081],[123.915916492752,-8.382229320126982],[123.8997413367934,-8.370341085772441],[123.910841353146,-8.356704507307171],[123.9548991500758,-8.349480586060203]]],[[[125.0886974321409,-8.346608055217501],[125.0885310413745,-8.346462491850453],[125.0887115730806,-8.346200476170988],[125.0888018065582,-8.346443695120414],[125.0886974321409,-8.346608055217501]]],[[[124.3563727118312,-8.276529336259824],[124.3728612275637,-8.287627741926755],[124.3736713836275,-8.306263648048855],[124.3620826181184,-8.324952663634448],[124.329536415873,-8.3239956320927],[124.3154423046188,-8.296136959852767],[124.3379925872881,-8.27602661703473],[124.3563727118312,-8.276529336259824]]],[[[124.4018014469792,-8.277027959972276],[124.3972507749035,-8.275711491891773],[124.4012669313239,-8.268643272968639],[124.4040382578594,-8.27135730369653],[124.4018014469792,-8.277027959972276]]],[[[124.2214752907521,-8.236249273784928],[124.219993173846,-8.235988536042065],[124.2210276648949,-8.23456791297879],[124.2215972136405,-8.235615121340771],[124.2214752907521,-8.236249273784928]]],[[[124.0892459783193,-8.222936819978237],[124.0944764928959,-8.227431913052268],[124.088226415117,-8.236757038206726],[124.0704890558253,-8.235537211273218],[124.0758549768258,-8.22384163328465],[124.0892459783193,-8.222936819978237]]],[[[124.560828899834,-8.219813631893551],[124.5604115100832,-8.221548913351633],[124.5580564932127,-8.220005226160225],[124.5596355723238,-8.2191155538397],[124.560828899834,-8.219813631893551]]],[[[124.0455225403331,-8.211259648413964],[124.0381927122239,-8.22722383601116],[124.0268115857862,-8.232001601292875],[124.0319569147798,-8.212353132291188],[124.0379051027384,-8.221043898157347],[124.0455225403331,-8.211259648413964]]],[[[124.375338852606,-8.20659313196737],[124.3764168852312,-8.221818658704088],[124.3625647275802,-8.222396022558414],[124.3684653369058,-8.20190347596455],[124.375338852606,-8.20659313196737]]],[[[124.2916426963534,-8.177392397840837],[124.319268180682,-8.180526929074432],[124.328988321354,-8.203472227261415],[124.3259671649528,-8.228316069830726],[124.2986717444055,-8.268035101039022],[124.3093763063715,-8.311567881852238],[124.2920438533412,-8.339114334658753],[124.2771520407341,-8.339617599772335],[124.247073055677,-8.361596524260122],[124.2090994161052,-8.416330773046692],[124.2117104160029,-8.461000959726466],[124.1901289307057,-8.487183304665695],[124.1730522736436,-8.487019180190973],[124.1697924623523,-8.510272976416715],[124.1415424780029,-8.538274132744998],[124.0710306185682,-8.550462085057102],[124.0558066971214,-8.544125086003866],[124.0539910252656,-8.522110194929482],[124.0655533839815,-8.491412539257208],[124.0554657740263,-8.478266194729027],[124.0544085723978,-8.454351382410312],[124.0376612425724,-8.451408710743351],[124.0330822283622,-8.420175694952352],[123.9834236650701,-8.41972850706492],[123.9437841492192,-8.461005772898016],[123.9191328532986,-8.448512899150966],[123.9136148839198,-8.437375039326582],[123.9361383991678,-8.422497086171514],[123.9454686963234,-8.407620600710146],[123.9442454780465,-8.3902647257365],[123.9648251338729,-8.347886335386061],[124.0584797115695,-8.293000804443533],[124.0850110717037,-8.313577256884823],[124.0856914313146,-8.35910828901623],[124.0976582115572,-8.360272741094104],[124.0899844620134,-8.375946132907668],[124.105208477889,-8.377195850607926],[124.1118535397092,-8.391771475972813],[124.119012461556,-8.372872600889796],[124.1066041339737,-8.37285764876146],[124.1048519470597,-8.359669883258452],[124.1325820396294,-8.344603366552032],[124.152112445633,-8.318386897737078],[124.1659055088322,-8.312381492212033],[124.1679331805719,-8.291034414306768],[124.1833217588921,-8.275668523183715],[124.2025710080456,-8.273704241957152],[124.2135029456045,-8.257594475704426],[124.2298023518971,-8.214903366796893],[124.2503772745916,-8.192752257210838],[124.2798136032153,-8.175003116800355],[124.2916426963534,-8.177392397840837]]],[[[124.0569888208775,-8.16980555428282],[124.0574781024326,-8.170593836136568],[124.0547693678121,-8.171934928554041],[124.0550841017499,-8.170975444561073],[124.0569888208775,-8.16980555428282]]],[[[124.3791192283698,-8.18228808492714],[124.3693735874211,-8.181767273141087],[124.3708711960489,-8.169131773212683],[124.3841164938812,-8.176623507169083],[124.3791192283698,-8.18228808492714]]],[[[124.5296866661069,-8.122723382278156],[124.5385789628489,-8.12863245962026],[124.5486972441826,-8.123147037605598],[124.6040236821473,-8.12635561631863],[124.5929386970632,-8.142968912984898],[124.5908465403356,-8.184804319663534],[124.6086314323948,-8.197404805387425],[124.6668180103429,-8.161517460762173],[124.7255277437105,-8.156123506994177],[124.7510891346559,-8.146194585111992],[124.7829468384259,-8.147746382389602],[124.8136671039538,-8.164339569315686],[124.8738646514326,-8.167990913949534],[124.9191399937158,-8.164520006592983],[124.9584899944177,-8.140770006730396],[124.9977800094399,-8.157410006966153],[125.0401210716302,-8.146442163075367],[125.0949081043257,-8.147472679120842],[125.1005549006882,-8.166745492310561],[125.110163588379,-8.171168304173886],[125.1121492132157,-8.19350150668912],[125.1413772291759,-8.237775131916774],[125.1277745569503,-8.284904459872937],[125.1402646194167,-8.319073256725389],[125.1211699942999,-8.339633303733933],[125.0628856186765,-8.356371320180216],[125.0146894312722,-8.353288100665317],[124.8902199937578,-8.363710008410123],[124.7871814311782,-8.40152139769426],[124.7170600097117,-8.40243000703909],[124.6577858528349,-8.39056567936261],[124.5916464000613,-8.4322319136718],[124.5474164468117,-8.442028351027524],[124.5384770094065,-8.440234508415738],[124.5300092439316,-8.424506570022121],[124.5053646650473,-8.417720491807206],[124.4192365872988,-8.45954280525623],[124.4181127746849,-8.438306304392356],[124.3553773062178,-8.438829554240517],[124.3375597426881,-8.42051316375148],[124.341822243202,-8.391665023222199],[124.4001178999212,-8.326516960589263],[124.4082919306281,-8.295788210857218],[124.4315498052794,-8.289181631926716],[124.4468753366275,-8.270398506785597],[124.4751771192287,-8.254646914423507],[124.4981122442847,-8.252657678808788],[124.5069279781437,-8.259799725776666],[124.5651018064032,-8.21843149171995],[124.5547152276257,-8.213785664177014],[124.5400436194176,-8.224606757595758],[124.5328585713661,-8.21797875681412],[124.504449291002,-8.22088771109895],[124.4980246647066,-8.231229084554563],[124.4056840720623,-8.277835882120215],[124.3998443989999,-8.219974475641472],[124.4517131181659,-8.14884416412685],[124.4783304310047,-8.129371225701458],[124.504464227842,-8.133206381869034],[124.5296866661069,-8.122723382278156]]],[[[124.6157199472178,-8.116441570122372],[124.617090385413,-8.121347960040275],[124.6070093998639,-8.120058959952985],[124.6081432588043,-8.118140037832493],[124.6157199472178,-8.116441570122372]]]]}},{"type":"Feature","properties":{"kode":"53.06","nama":"Kabupaten Flores Timur","lat":-8.365129999424317,"lng":122.94448301607842},"geometry":{"type":"MultiPolygon","coordinates":[[[[122.8468309852618,-8.643615648643248],[122.8474734663274,-8.644310440574348],[122.8476631630247,-8.647220457857756],[122.845289826964,-8.64520681464274],[122.8468309852618,-8.643615648643248]]],[[[122.8755511090964,-8.610843682389984],[122.875292634048,-8.610766553833376],[122.8756173090916,-8.610526087708674],[122.8757278087915,-8.61071751200349],[122.8755511090964,-8.610843682389984]]],[[[122.8324351181863,-8.607512776993058],[122.8318894473402,-8.607558229628491],[122.8317597920808,-8.607234325303796],[122.8323818009794,-8.607046941663015],[122.8324351181863,-8.607512776993058]]],[[[122.8462982583581,-8.604630236696025],[122.8439882030932,-8.60330421961402],[122.8447748958448,-8.602268155650776],[122.8461532804496,-8.602790596109049],[122.8462982583581,-8.604630236696025]]],[[[122.799538826056,-8.457641124937947],[122.793033955053,-8.450841725065477],[122.8007032790332,-8.446021018954823],[122.8042630061329,-8.451792142992947],[122.799538826056,-8.457641124937947]]],[[[123.1462001021531,-8.424140616995839],[123.1682560859497,-8.436450288050317],[123.1484275393994,-8.461561383051368],[123.1164861330287,-8.467418476881132],[123.0652155700426,-8.49152260098716],[123.0501462105792,-8.491988522652143],[123.022257788766,-8.476377991650956],[122.9834715101022,-8.506559654104677],[122.9534156097427,-8.552640591989729],[122.9419883390906,-8.588873028067727],[122.9248415016341,-8.604847975153866],[122.891225804927,-8.611186762059369],[122.8709873653748,-8.586249451151211],[122.8847490269461,-8.524466848566163],[122.9452333826145,-8.492985233181898],[122.9519170334444,-8.459955122830625],[122.9762467291033,-8.436041235014962],[122.9956074528218,-8.434739388112238],[123.0213529286948,-8.44865386698233],[123.0373097733275,-8.435507945135505],[123.1162724298289,-8.435921492083125],[123.1462001021531,-8.424140616995839]]],[[[122.9523856413844,-8.35208217635131],[122.9517679807078,-8.350730399088562],[122.9523384035944,-8.350246022435996],[122.952691338035,-8.350756992041468],[122.9523856413844,-8.35208217635131]]],[[[122.7833816403505,-8.326607325367679],[122.783183685179,-8.326219390212657],[122.7836491760687,-8.32547182336592],[122.78363913244,-8.326301072936175],[122.7833816403505,-8.326607325367679]]],[[[123.3320626800487,-8.255847522844899],[123.3281467575668,-8.253155647814818],[123.3277386020549,-8.248437554349568],[123.3322079457402,-8.25241643027395],[123.3320626800487,-8.255847522844899]]],[[[123.2924133993589,-8.247982662869529],[123.2919511334381,-8.247741101370725],[123.2920375079247,-8.246093600938913],[123.2927731020971,-8.246635570175425],[123.2924133993589,-8.247982662869529]]],[[[123.3352893522219,-8.245838788829012],[123.3391104456906,-8.251158648352845],[123.3374596798204,-8.256145539285136],[123.3316131800043,-8.250746945015468],[123.3352893522219,-8.245838788829012]]],[[[123.2784434143322,-8.2431754447909],[123.2765185863638,-8.241824084813647],[123.2770463993719,-8.239728662647643],[123.2790411945955,-8.241173820115648],[123.2784434143322,-8.2431754447909]]],[[[123.3231926019571,-8.237539101248519],[123.3226329772303,-8.23660214797071],[123.3230602271478,-8.235208662849463],[123.3233074453824,-8.235502960593148],[123.3231926019571,-8.237539101248519]]],[[[123.322885007737,-8.233601616621282],[123.3217771652841,-8.232770834606278],[123.3228174605575,-8.23037269524363],[123.3235731797585,-8.231709148058712],[123.322885007737,-8.233601616621282]]],[[[123.2113538197231,-8.225437023399866],[123.2181062740854,-8.243976523098056],[123.2433007119583,-8.225595787915179],[123.2761954383688,-8.250533223829208],[123.2792248208689,-8.24383925777548],[123.2896211797737,-8.25072933628979],[123.3010524928783,-8.24631711574229],[123.3338266795576,-8.264327366214967],[123.3233371023255,-8.284798678915877],[123.3049972269405,-8.296610101275164],[123.3076897422878,-8.360367116848959],[123.2946083989585,-8.38817488206514],[123.230274241663,-8.396332100845676],[123.2174751640476,-8.387273398048816],[123.1790227577941,-8.38515124173636],[123.1669656640343,-8.391595913920273],[123.1291401023339,-8.390773336420292],[123.1092352267244,-8.402755930341836],[123.0789505082594,-8.401972944595641],[123.0697220386412,-8.411699788814158],[123.0531750543853,-8.398283538854194],[123.0007011643273,-8.410061805008233],[122.9990192243578,-8.368064996102635],[123.0329226951263,-8.307559258153212],[123.0795213268479,-8.27466527008605],[123.1091816792911,-8.265173351269066],[123.1419831172271,-8.233772772895147],[123.1818208355632,-8.240470990943454],[123.1961224446951,-8.224763960888009],[123.2113538197231,-8.225437023399866]]],[[[123.0226550238104,-8.150713758433152],[123.0218964924293,-8.150277991036408],[123.0216249916001,-8.149579084706975],[123.0224673209102,-8.149759116390047],[123.0226550238104,-8.150713758433152]]],[[[122.8665904333019,-8.06335760427002],[122.8914998166633,-8.087196359124587],[122.9721993581139,-8.132933596808005],[122.968795553672,-8.186209730694465],[122.9568086196222,-8.196185170908858],[122.9795928303449,-8.215059215710223],[122.9829561706909,-8.251083617914627],[123.0181032033003,-8.281379838708496],[123.0205545960179,-8.315363137798464],[122.9890068238059,-8.343189146661771],[122.9644370091607,-8.35184854597351],[122.9290009245531,-8.327915589832529],[122.9137599105915,-8.32850990320944],[122.8784272893879,-8.384395259933246],[122.8931760594276,-8.42035649825375],[122.8876118801842,-8.44860488630637],[122.8602324368775,-8.452716809732923],[122.8286862717541,-8.438125411158719],[122.8252732951265,-8.429095930033075],[122.8144885855799,-8.43368429989047],[122.8106450702139,-8.424803461410573],[122.7830882985862,-8.422906525915401],[122.7864596959582,-8.44697758015112],[122.7787849436703,-8.457215171842662],[122.7903102988812,-8.484424638785963],[122.8321146501709,-8.517828769981666],[122.8422078907816,-8.542502994117811],[122.8444866325522,-8.563022373783529],[122.8311166194365,-8.589703137389808],[122.7799864586082,-8.61274357755402],[122.7372310643622,-8.608376348289841],[122.7255771870377,-8.633352675385613],[122.677404458449,-8.622106049754379],[122.6541901721388,-8.637121266433283],[122.6477921720711,-8.62584429677689],[122.6556549186397,-8.562332150408363],[122.6648483353824,-8.519599925396264],[122.6868591273469,-8.484678254797622],[122.6734237667934,-8.459706318191955],[122.6847228984431,-8.438661577969402],[122.6765365659099,-8.413305281013876],[122.6828006704147,-8.384303413971299],[122.7239076801954,-8.360348356091745],[122.7659118221729,-8.363177231144263],[122.7889887343426,-8.316593885199612],[122.8110726043173,-8.297909984957812],[122.8820858510812,-8.288767886228925],[122.8934329480721,-8.277006299800842],[122.9122789556094,-8.217510628212903],[122.9396940156663,-8.199670964743149],[122.9376996692044,-8.192550666979663],[122.9183707401176,-8.19389888562501],[122.900767173866,-8.175892118226606],[122.8661149986084,-8.176167619240164],[122.8557064233129,-8.187989167965686],[122.8470675627179,-8.181337304572871],[122.8333357316588,-8.192971987667068],[122.8090910192352,-8.198263431312274],[122.7877893615899,-8.235517133908559],[122.7623670768792,-8.224954110843523],[122.7556154220142,-8.230069065235117],[122.7308213002628,-8.224759859979507],[122.7322345246037,-8.215564951261438],[122.7594568230739,-8.194231098786169],[122.7618432874378,-8.178084889306163],[122.7849230792368,-8.15033589838297],[122.778272204199,-8.136202562298394],[122.7826609920112,-8.10786245059159],[122.8307241732821,-8.096421923033308],[122.8457176524478,-8.079112147307725],[122.8442595303532,-8.07020915223056],[122.85073514641,-8.074991984292605],[122.8665904333019,-8.06335760427002]]]]}},{"type":"Feature","properties":{"kode":"53.07","nama":"Kabupaten Sikka","lat":-8.609344971709035,"lng":122.306654974676},"geometry":{"type":"MultiPolygon","coordinates":[[[[122.019700681841,-8.800432710001509],[122.0193711081902,-8.800545872593872],[122.0190193653515,-8.799860265438824],[122.0192896952633,-8.799918544205436],[122.019700681841,-8.800432710001509]]],[[[122.1041944612055,-8.736276801932856],[122.1040033417809,-8.736242899290385],[122.1040712603805,-8.736035599263463],[122.1042714710516,-8.73605428897422],[122.1041944612055,-8.736276801932856]]],[[[122.1037807029172,-8.735769542030685],[122.1036183123353,-8.735750607704311],[122.1036358032497,-8.735567637936086],[122.1037467867849,-8.735603611717195],[122.1037807029172,-8.735769542030685]]],[[[122.1034604786182,-8.735640230312374],[122.103446504053,-8.735832190603059],[122.1031921649865,-8.735656265224438],[122.1034103369176,-8.735529559741355],[122.1034604786182,-8.735640230312374]]],[[[122.5075495188952,-8.719017983592963],[122.5072923793399,-8.71903823092957],[122.5071369728931,-8.718627558215157],[122.5075592549557,-8.718599671137799],[122.5075495188952,-8.719017983592963]]],[[[122.08887057112,-8.52770843869342],[122.0885660004207,-8.528379447153682],[122.0881948043468,-8.528269991566777],[122.0882378432019,-8.527651359622528],[122.08887057112,-8.52770843869342]]],[[[122.3995392027721,-8.496529912825128],[122.3989867690242,-8.498746200276823],[122.3965386993016,-8.495963260795829],[122.3972041238712,-8.494979083218084],[122.3995392027721,-8.496529912825128]]],[[[122.4668387450122,-8.480974672143375],[122.4609502108835,-8.480364901219133],[122.4572036010654,-8.476339061798193],[122.4648830361233,-8.478474208817648],[122.4668387450122,-8.480974672143375]]],[[[122.4521004340878,-8.460660710223582],[122.4549209463447,-8.476119909606066],[122.4391646298438,-8.472416307166757],[122.4382520778712,-8.479186158914036],[122.4230584051213,-8.472059752955179],[122.4521004340878,-8.460660710223582]]],[[[122.4458370607318,-8.454613772207757],[122.4421325032125,-8.456004039554692],[122.441135793582,-8.454523894861836],[122.4447198887119,-8.450150042990039],[122.4458370607318,-8.454613772207757]]],[[[122.4314430822325,-8.444223555672519],[122.4309955400122,-8.444194528254894],[122.4306459195737,-8.443489543407683],[122.4313193633979,-8.443600034114223],[122.4314430822325,-8.444223555672519]]],[[[122.3666269647626,-8.429281038389185],[122.393226351415,-8.43458301759215],[122.4080386774431,-8.448573774260275],[122.4153239090712,-8.435709961645426],[122.4224602408475,-8.448539982234387],[122.4128894550844,-8.457628633354712],[122.4151096069229,-8.476925199438394],[122.3890206286991,-8.497846530193147],[122.3548791496531,-8.488211055295896],[122.3349070416267,-8.464055862288138],[122.3341883825879,-8.435488964943687],[122.3666269647626,-8.429281038389185]]],[[[122.5139374249722,-8.413460732426774],[122.5187738548296,-8.431274908210433],[122.4995266354459,-8.432599886575503],[122.4999352190352,-8.419361768031113],[122.5139374249722,-8.413460732426774]]],[[[122.6363957589572,-8.383420652041433],[122.6562808467837,-8.390681191883491],[122.6834869277795,-8.386141767628423],[122.6765365659098,-8.413305281013876],[122.6847228984431,-8.438661577969402],[122.6734237667934,-8.459706318191955],[122.6868591273469,-8.484678254797622],[122.6648483353824,-8.519599925396264],[122.6556549186397,-8.562332150408363],[122.6477921720711,-8.62584429677689],[122.6541901721388,-8.637121266433283],[122.6296617460928,-8.639954371896668],[122.6182694896453,-8.655496851198645],[122.6041012310871,-8.649153323067331],[122.5869009676056,-8.662429521605102],[122.5572408040199,-8.666337173921406],[122.5396740137449,-8.701331886557266],[122.5100961947836,-8.71810281189525],[122.4770950219177,-8.722564266727488],[122.4531935762225,-8.73674517514969],[122.433360839731,-8.73363840688695],[122.4212284978969,-8.744481843961864],[122.3827584901123,-8.744431594342554],[122.3688470248703,-8.752605140314955],[122.3344045679165,-8.738940226010588],[122.3068968318233,-8.741536018372535],[122.2832937569015,-8.75453272200744],[122.2380254608063,-8.742040794347155],[122.1971092053256,-8.750172558716578],[122.1774324931151,-8.730402832324806],[122.115848131686,-8.729197718299968],[122.0836171652,-8.741570106275347],[122.0745844258306,-8.75921719521731],[122.0524505265707,-8.768097196428375],[122.031370888156,-8.794096997878125],[122.0161739337802,-8.794301356222505],[121.9999656449986,-8.807358400769587],[121.9898405611929,-8.79576969731362],[121.9932540639239,-8.753573201142277],[121.9582330272325,-8.757077519212046],[121.9285107834459,-8.717076106277304],[121.9453795262442,-8.68764834819265],[121.958237979799,-8.685317952961107],[121.953101761837,-8.675980266076326],[121.9588619618101,-8.658867859164303],[121.9734749549054,-8.65455847969006],[121.96773988199,-8.640050823286831],[121.9762337439921,-8.625682479063173],[121.9655367741029,-8.613169754580401],[121.9906475993073,-8.605705390591272],[122.0054249381104,-8.555136647738042],[122.0033978419369,-8.54814868791161],[121.9856525982889,-8.543546749982482],[122.0007353801337,-8.51531470261138],[122.0100781320002,-8.513231003108306],[122.0183184517353,-8.53068664167516],[122.0374074920621,-8.528646990965765],[122.0422978920342,-8.519336414144156],[122.0560519183614,-8.529989281280308],[122.0712659958291,-8.522803577622966],[122.0815700429232,-8.543200983138792],[122.0919999060709,-8.540481448559927],[122.0888769239309,-8.529356759306932],[122.1043611388555,-8.529010773028727],[122.1598805578415,-8.554408479267899],[122.2211581740106,-8.620314887122298],[122.2894642428805,-8.641971252671148],[122.3177327370762,-8.632697047130993],[122.3297956899192,-8.61886680595834],[122.3640469420128,-8.611367863036339],[122.4533345152757,-8.603205831084253],[122.4717644118981,-8.609453078696543],[122.5177199681021,-8.546213452988454],[122.5180698592367,-8.525981414810406],[122.4935685774279,-8.514331222907572],[122.4787398270814,-8.490263703007432],[122.4914376464303,-8.473235826971841],[122.5493861900207,-8.46503048007257],[122.5706937472187,-8.428951811876555],[122.5921746649289,-8.423458152971346],[122.5967927789636,-8.393175955306091],[122.6104694887759,-8.399924848352995],[122.6200858153082,-8.383882228182209],[122.6363957589572,-8.383420652041433]]],[[[122.3431599437764,-8.34842891256418],[122.3393122582542,-8.35220767584353],[122.3326176302994,-8.349812211964007],[122.3360910611537,-8.34836530081791],[122.3431599437764,-8.34842891256418]]],[[[122.3147765863704,-8.345105074939223],[122.3228604996124,-8.350833491972036],[122.3074938179853,-8.368374063412247],[122.275625895219,-8.367622661856338],[122.2846709463072,-8.35434404684026],[122.3011634739153,-8.355967199926244],[122.3147765863704,-8.345105074939223]]],[[[121.7075817503975,-8.293078521156776],[121.7312581371534,-8.299645749351807],[121.7451083378795,-8.327178794165917],[121.7401788084053,-8.345108297210118],[121.7255799877263,-8.354604253983116],[121.6906822516846,-8.350077610892974],[121.6757504893936,-8.337510782296746],[121.6854220262056,-8.304629070874885],[121.7075817503975,-8.293078521156776]]],[[[122.1319561442607,-8.10663351082777],[122.1305739627182,-8.122091524903912],[122.1043199948719,-8.121075434883345],[122.1099010184173,-8.113021428596028],[122.1319561442607,-8.10663351082777]]]]}},{"type":"Feature","properties":{"kode":"53.08","nama":"Kabupaten Ende","lat":-8.676355693519394,"lng":121.73544304526368},"geometry":{"type":"MultiPolygon","coordinates":[[[[121.5345838727476,-8.890930125025225],[121.5343642097406,-8.890814423646702],[121.5343757201634,-8.890642213367421],[121.534617591029,-8.890618043188141],[121.5345838727476,-8.890930125025225]]],[[[121.5358975448358,-8.866258761632455],[121.5356552692753,-8.866253887306978],[121.5352692901457,-8.86567905414502],[121.5355456266294,-8.865510792788793],[121.5358975448358,-8.866258761632455]]],[[[121.5286568737158,-8.855828759989208],[121.5348660800056,-8.888517072205087],[121.5162290209527,-8.906735245035495],[121.5088426839428,-8.882941998574339],[121.5227215226802,-8.874190850427315],[121.5191437722673,-8.85371775976676],[121.5286568737158,-8.855828759989208]]],[[[121.6791411403513,-8.850144518554686],[121.6788553501944,-8.849915865025064],[121.6791025288587,-8.848821497114372],[121.6793274762821,-8.849770835855324],[121.6791411403513,-8.850144518554686]]],[[[121.9101258664157,-8.832554932264252],[121.9097545938995,-8.832395301701794],[121.9102610902771,-8.832038581115569],[121.9103384202819,-8.832274303316439],[121.9101258664157,-8.832554932264252]]],[[[121.9738240492406,-8.814289357068077],[121.9734232187066,-8.81416989022819],[121.9734599470191,-8.81378223925891],[121.9738569563335,-8.813825459777096],[121.9738240492406,-8.814289357068077]]],[[[121.527002917051,-8.592124511636872],[121.5267907669804,-8.592059391727496],[121.5261555047727,-8.591641274425204],[121.5270105513958,-8.591823502252787],[121.527002917051,-8.592124511636872]]],[[[121.5520602056141,-8.574366042558772],[121.5517641344074,-8.573840396017456],[121.5518752870149,-8.573686736053947],[121.5521558260306,-8.573996899637208],[121.5520602056141,-8.574366042558772]]],[[[121.6465475501294,-8.495195907065405],[121.6464458952619,-8.495400120619028],[121.6456983670861,-8.495256231789554],[121.6462128719265,-8.49502965389533],[121.6465475501294,-8.495195907065405]]],[[[121.9568301729741,-8.470007485656854],[121.9566576047647,-8.469276427664933],[121.9569809299261,-8.468942396974004],[121.957128939449,-8.46907039927947],[121.9568301729741,-8.470007485656854]]],[[[121.9572070077973,-8.468690269340389],[121.9570793373416,-8.468343587886267],[121.957298124409,-8.46813879966584],[121.9574133464488,-8.468556267657572],[121.9572070077973,-8.468690269340389]]],[[[122.0208090962629,-8.461019117038564],[122.0201008990373,-8.460950301814911],[122.0198120916548,-8.460375331955987],[122.0208065997448,-8.460397957099968],[122.0208090962629,-8.461019117038564]]],[[[121.9581965489316,-8.443334261966555],[121.9577041809032,-8.442964773705324],[121.9585335788616,-8.44274609635523],[121.9584884436868,-8.443029306357346],[121.9581965489316,-8.443334261966555]]],[[[121.9586043573052,-8.442379021874373],[121.9585158406336,-8.442383305345196],[121.9584230422896,-8.442631719678033],[121.9583402372123,-8.442320486800963],[121.9586043573052,-8.442379021874373]]],[[[122.0250003560815,-8.442835767756467],[122.022522936984,-8.457576222664525],[122.0145007073419,-8.459063604201926],[122.0187589252843,-8.466853127070166],[122.0102823086817,-8.463950307960282],[122.019125460172,-8.472440542097264],[122.0092481126104,-8.487113076607127],[122.0124231196313,-8.505367793388956],[121.9856525982889,-8.543546749982482],[122.0033978419369,-8.54814868791161],[122.0054249381104,-8.555136647738042],[121.9906475993073,-8.605705390591272],[121.9655468743887,-8.613118563370996],[121.9762337439921,-8.625682479063173],[121.96773988199,-8.640050823286831],[121.9734749549054,-8.65455847969006],[121.9588619618101,-8.658867859164303],[121.953101761837,-8.675980266076326],[121.9581837425857,-8.68541367230307],[121.9458164645583,-8.68722035813299],[121.9270505407499,-8.711724730012254],[121.9521412885897,-8.753442216684864],[121.9641094250101,-8.758547038414992],[121.9932935909265,-8.753626632562987],[121.9945711300537,-8.806234770718007],[121.9684935228579,-8.81228087326365],[121.9242658412955,-8.831387062762701],[121.8871307071165,-8.827781169865005],[121.8616667855938,-8.834875613918385],[121.8492702562174,-8.85104588925632],[121.823945852819,-8.858410712684233],[121.8139255382331,-8.870719304552193],[121.774191986571,-8.882668934723519],[121.7341132112557,-8.876880280200776],[121.7013183545584,-8.851647801005207],[121.6825464943253,-8.8459809515596],[121.6703007974439,-8.848356712192444],[121.661214792129,-8.855698345702017],[121.6624844316113,-8.889589775447764],[121.6438260963973,-8.90581167097178],[121.6250152631439,-8.89297366440303],[121.6410857560029,-8.839841452620849],[121.6060030060339,-8.8232162444341],[121.591401278746,-8.80452363066098],[121.5679448598674,-8.79737655918083],[121.5419759681165,-8.809150245087753],[121.4137802040932,-8.79249762286694],[121.416580191123,-8.7442531733452],[121.3948135408123,-8.720256814999932],[121.4133306231097,-8.687773147113003],[121.4323119948028,-8.670604718732804],[121.4531860257145,-8.667145713903572],[121.4589157242812,-8.655014995345738],[121.5208873841455,-8.634993108944826],[121.5259675968272,-8.595780474289398],[121.5380688553935,-8.601757080824584],[121.5423255525823,-8.583982380782178],[121.5808414509722,-8.571527219205759],[121.5797004999781,-8.561573339338118],[121.5654655476969,-8.552344468622302],[121.5710113519924,-8.53047153643221],[121.6117173279923,-8.558808910602682],[121.6015393370708,-8.541127908226347],[121.6074221461152,-8.478495867190432],[121.61184679979,-8.484728543087687],[121.6189889357909,-8.47189229019703],[121.6227737991715,-8.478334136711023],[121.6295274109613,-8.471357189082944],[121.6402769965862,-8.47399731262584],[121.6416911939935,-8.49862194724496],[121.6534152463167,-8.500912031265155],[121.6646687085941,-8.492990541880001],[121.6805253579589,-8.512409088408717],[121.72689243224,-8.495052209791591],[121.7866139802511,-8.500376168425365],[121.7877432877226,-8.508763923016609],[121.8003425027045,-8.510572274390853],[121.8310604299948,-8.499960106973319],[121.8436401485741,-8.482027018332232],[121.8713052462402,-8.49880551865974],[121.9133858350883,-8.495615837400887],[121.9315619852974,-8.482526785082971],[121.9574361235783,-8.443761698943213],[121.948928206072,-8.45733337063848],[121.9584318043843,-8.462444046955202],[121.9527327331292,-8.468413290740688],[121.9558506556833,-8.473307019103586],[121.9833405708108,-8.446658541158651],[121.9917166396112,-8.452887683619696],[122.0107178791269,-8.441030581995772],[122.0250003560815,-8.442835767756467]]]]}},{"type":"Feature","properties":{"kode":"53.09","nama":"Kabupaten Ngada","lat":-8.664544007349,"lng":121.00156828857828},"geometry":{"type":"MultiPolygon","coordinates":[[[[121.1335810889961,-8.421207304573368],[121.1332421417116,-8.42072144224069],[121.133753337047,-8.420436515432854],[121.1340364526203,-8.420860828164649],[121.1335810889961,-8.421207304573368]]],[[[121.100571144143,-8.415129852560614],[121.1003998232932,-8.414806245911493],[121.1006092160426,-8.4145207102625],[121.1009015073987,-8.41486302101158],[121.100571144143,-8.415129852560614]]],[[[121.0920941093556,-8.411302381099954],[121.0902263811427,-8.412004383795217],[121.0898613742031,-8.408254986078738],[121.091430153379,-8.408343239249021],[121.0920941093556,-8.411302381099954]]],[[[121.0567971462714,-8.407711432236713],[121.0565626345579,-8.407339246009364],[121.0569648032831,-8.407034652826866],[121.0571751574076,-8.4073796489516],[121.0567971462714,-8.407711432236713]]],[[[121.0310471926739,-8.406671528168435],[121.0316496116403,-8.407885571561806],[121.0302133997287,-8.408420794983655],[121.0303185142881,-8.4074268966339],[121.0310471926739,-8.406671528168435]]],[[[121.0244595399758,-8.406597193805414],[121.0242614454095,-8.406542612151817],[121.0242400298535,-8.406406983595431],[121.0244428764376,-8.406404802739402],[121.0244595399758,-8.406597193805414]]],[[[121.0261646060118,-8.40484009209657],[121.0258891814406,-8.404640945323276],[121.0261129471548,-8.40399325178705],[121.0265219183519,-8.404379400888633],[121.0261646060118,-8.40484009209657]]],[[[121.0896316738627,-8.402891155102648],[121.0870336511821,-8.402915318986786],[121.0873209656901,-8.401021860270568],[121.0879230842829,-8.400960689284336],[121.0896316738627,-8.402891155102648]]],[[[121.0175765013545,-8.399933400905706],[121.0172981054232,-8.399747802419082],[121.0179476974283,-8.39966928081262],[121.0178227753009,-8.399844171071607],[121.0175765013545,-8.399933400905706]]],[[[121.0220840806158,-8.399645278806549],[121.0239365401393,-8.40097635637365],[121.0225525302751,-8.402796843199738],[121.0209971572929,-8.401727952183151],[121.0220840806158,-8.399645278806549]]],[[[121.026840774782,-8.399705297761244],[121.0270373863664,-8.400710659769022],[121.0251179633234,-8.400259068800935],[121.0260911511857,-8.399327253350002],[121.026840774782,-8.399705297761244]]],[[[121.0251845680135,-8.398221053958448],[121.0251116168077,-8.397920537402896],[121.0254102546797,-8.3978247973765],[121.025440147245,-8.39797835391785],[121.0251845680135,-8.398221053958448]]],[[[121.0116082279374,-8.39236446195029],[121.0113979457587,-8.392189495248985],[121.0115580286802,-8.391950395194563],[121.0117426046375,-8.392142038923893],[121.0116082279374,-8.39236446195029]]],[[[121.0778770176103,-8.39008533886723],[121.0795031636402,-8.392482095072555],[121.0826331991629,-8.39352942394374],[121.0831252919988,-8.394622372724285],[121.0764755240262,-8.39187222702165],[121.0778770176103,-8.39008533886723]]],[[[121.0973628765956,-8.391996025895825],[121.0973948124206,-8.389223873782718],[121.0990421051091,-8.388977476629194],[121.0994634311925,-8.389974700671914],[121.0973628765956,-8.391996025895825]]],[[[121.0608564665527,-8.388989674134066],[121.0616577948713,-8.389477583323739],[121.0599056915945,-8.390712303030305],[121.0594718541427,-8.388596537300312],[121.0608564665527,-8.388989674134066]]],[[[121.0713963788398,-8.389378783803796],[121.0725843760681,-8.39056340587641],[121.0690401568777,-8.391618455427334],[121.0698202144314,-8.38683781681178],[121.0713963788398,-8.389378783803796]]],[[[120.9915833171164,-8.386739509220913],[120.9916057992683,-8.386850090759062],[120.9912341463388,-8.387123650136257],[120.9912087422897,-8.386740469696878],[120.9915833171164,-8.386739509220913]]],[[[121.0620015139588,-8.387076218092986],[121.0616263545727,-8.386997387119681],[121.0618950198393,-8.386639026170055],[121.0620163725577,-8.38677465562581],[121.0620015139588,-8.387076218092986]]],[[[120.9943438176132,-8.383596664654274],[120.9938337851012,-8.383546602993324],[120.9939800247583,-8.383131164771367],[120.9944830659408,-8.383169787055937],[120.9943438176132,-8.383596664654274]]],[[[121.0257813563246,-8.381613327692854],[121.0256308053175,-8.38161737823933],[121.0256189081861,-8.381253320084596],[121.0257497793288,-8.38128425316567],[121.0257813563246,-8.381613327692854]]],[[[121.0585563011324,-8.383223919947884],[121.0574293633745,-8.382700701576056],[121.0580524433657,-8.379998631831391],[121.0585291479019,-8.380852839387014],[121.0585563011324,-8.383223919947884]]],[[[120.9519817778368,-8.370328532136],[120.9513443680483,-8.369134116446268],[120.9521158127946,-8.368578436145828],[120.9523721888254,-8.369153793612654],[120.9519817778368,-8.370328532136]]],[[[121.0100429624129,-8.36855110215156],[121.0164769209732,-8.37020230509225],[121.0094204426994,-8.38182857412935],[121.0199141010549,-8.38515097193973],[120.9969326744034,-8.391090652311721],[120.998709160999,-8.384079603291],[120.9900511538377,-8.374144073190397],[121.0005053868142,-8.378653024817222],[121.0100429624129,-8.36855110215156]]],[[[120.9684016069486,-8.368835912047672],[120.9679216243835,-8.36876647269456],[120.9679476498642,-8.368379132890595],[120.968361130262,-8.368304722085256],[120.9684016069486,-8.368835912047672]]],[[[120.966884953378,-8.36674723479696],[120.9677405126147,-8.368492874646432],[120.9676335499485,-8.368741074041246],[120.9663999975618,-8.368562516347016],[120.966884953378,-8.36674723479696]]],[[[121.0177207481141,-8.364809888265672],[121.0173994302396,-8.364826216356729],[121.0173761090202,-8.36468856612436],[121.0177158324198,-8.364594594165169],[121.0177207481141,-8.364809888265672]]],[[[121.0040496788497,-8.36383082603172],[121.0037133530889,-8.3636743466937],[121.0037084203073,-8.363442019433602],[121.0039424122126,-8.363448740067252],[121.0040496788497,-8.36383082603172]]],[[[121.0157458243104,-8.36352032430348],[121.0155432996836,-8.363199394036762],[121.0160186156667,-8.363007439141938],[121.016023364087,-8.36325561965106],[121.0157458243104,-8.36352032430348]]],[[[120.9473050783668,-8.343802371881885],[120.9840449677012,-8.349535129042955],[120.9790437586625,-8.368878577684118],[120.96550979644,-8.362548723744538],[120.963012351239,-8.3708115157388],[120.9715139546054,-8.372094123444977],[120.9753365589351,-8.383295434936304],[120.9844427216543,-8.374279413064372],[120.9969739146145,-8.3958708871317],[121.0101691786647,-8.392074108633167],[121.0222042768059,-8.415078777363654],[121.0642296526764,-8.41078891677503],[121.1142523559616,-8.428361853916382],[121.1428401148794,-8.424770788141327],[121.1555473564255,-8.439990891966058],[121.173183422377,-8.44107053977357],[121.1800056551369,-8.459702511361726],[121.1615831023784,-8.479936481283517],[121.1939992608572,-8.510742367666051],[121.1861476937611,-8.53547305483751],[121.1618344943665,-8.535694163954481],[121.1575601111104,-8.547416194601691],[121.1422379747029,-8.551298208145734],[121.129258995806,-8.592122722885236],[121.1410930675911,-8.604560017630618],[121.1413549348824,-8.630527182683316],[121.1356798413517,-8.64334214772187],[121.1094561338935,-8.646423919328399],[121.1010237468485,-8.661922866047416],[121.1125646027742,-8.676507564672313],[121.1089848082024,-8.681843646167291],[121.1272002183155,-8.687330571848388],[121.1278523140331,-8.702431146779936],[121.1110172760264,-8.716252815614904],[121.1166997565885,-8.740460291609136],[121.103608878647,-8.748543568131133],[121.1128230562391,-8.765485833204583],[121.1084467114466,-8.76706558590799],[121.1032994318234,-8.760043702754654],[121.0979976477732,-8.756330586387389],[121.0963542977127,-8.756699630383551],[121.1214309657665,-8.785795410030133],[121.1203804209198,-8.801527559948923],[121.1396098319283,-8.84048137781324],[121.1226142946141,-8.850646742253314],[121.1151841633185,-8.874844319409796],[121.1384857791954,-8.901301970209712],[121.030188670171,-8.956422278165537],[121.0012886819272,-8.955963980952912],[120.9789132373561,-8.94322780461943],[120.9642136503397,-8.94595183670786],[120.9309919448225,-8.932833164319014],[120.8727169788055,-8.8859913541177],[120.8494906568684,-8.834294302040373],[120.8107362978419,-8.829733885810125],[120.8240281113084,-8.821414414043964],[120.8343938905657,-8.789424148405693],[120.8401266693104,-8.792211769757312],[120.8454458498461,-8.782925310054939],[120.8434551159609,-8.76290816398047],[120.8562945920219,-8.747752674646208],[120.8453108975799,-8.706894998305508],[120.8749818638219,-8.696975569666758],[120.8913842946495,-8.650161990083731],[120.8843141718617,-8.643733113592216],[120.8886058283963,-8.626240147764612],[120.8787879853773,-8.612036461313615],[120.8803271570726,-8.599896755830532],[120.8571203630144,-8.569402334350222],[120.8578523688918,-8.545032746563912],[120.8453605653378,-8.515255675608895],[120.8522361521767,-8.504333107187083],[120.893281529619,-8.496637996945893],[120.9071718706853,-8.485865498394034],[120.9055217936959,-8.479208359578099],[120.9218601909951,-8.476012418138605],[120.9121096100705,-8.446713183966175],[120.9295757976849,-8.423982984726912],[120.9126844567223,-8.40979362627479],[120.9140969373238,-8.39380393840095],[120.9182587407483,-8.37996680122684],[120.9352057938124,-8.37280892888888],[120.9293517747646,-8.351865530569729],[120.9410036618895,-8.34889251937419],[120.9457587561616,-8.37146132178253],[120.9562606702937,-8.370866345605315],[120.9473050783668,-8.343802371881885]]]]}},{"type":"Feature","properties":{"kode":"53.10","nama":"Kabupaten Manggarai","lat":-8.568809462339917,"lng":120.40106921539837},"geometry":{"type":"MultiPolygon","coordinates":[[[[120.3011789498487,-8.875595731757606],[120.3056814200615,-8.900669807065924],[120.2743926840752,-8.915742174761547],[120.259561455197,-8.906907826734738],[120.2562328889367,-8.901011730207102],[120.2816937788449,-8.869973559731896],[120.3011789498487,-8.875595731757606]]],[[[120.4283865567942,-8.240945074855315],[120.4487836196683,-8.258136239895535],[120.4509765490286,-8.284508420926855],[120.4663946718766,-8.295455241366216],[120.4937811622709,-8.293191615400701],[120.491968735169,-8.315615475873432],[120.4805997729612,-8.318867124018574],[120.478101444626,-8.382003190095038],[120.5134565533773,-8.408806406290541],[120.5464036742902,-8.494066240764369],[120.5430574714252,-8.515165988919176],[120.5104402802948,-8.565247291129534],[120.5267672723918,-8.602585092927644],[120.5238206931705,-8.638073136765794],[120.4914673757189,-8.645618704139828],[120.4687302525991,-8.674910356128045],[120.4684198731787,-8.686824085363192],[120.4982438671608,-8.714604527377006],[120.4932506027331,-8.730230785722153],[120.5074873923294,-8.746776788817705],[120.5037703702064,-8.781702305816701],[120.5183066889026,-8.818355772101132],[120.4380517102183,-8.813639508756292],[120.3980793921503,-8.825391744933047],[120.3674170267744,-8.81567090099125],[120.36439202757,-8.824715002395394],[120.3383501396473,-8.83305069793126],[120.3132673346198,-8.855567275809122],[120.2977568765787,-8.844268424747952],[120.2772266663776,-8.853771504151524],[120.2330018734377,-8.844025576319297],[120.2399671721473,-8.83002336678496],[120.2330016989693,-8.812132831364998],[120.2506027156429,-8.794941901947233],[120.2833050887589,-8.78745058887354],[120.2730406181301,-8.760004602930032],[120.2935941936172,-8.756347276905245],[120.3294839700093,-8.706825615609564],[120.3244714780764,-8.68814224057191],[120.3064006483713,-8.680739497229943],[120.2798519214291,-8.64787776514671],[120.2902270113675,-8.637272657407173],[120.2805174224411,-8.62519702412337],[120.2855375541149,-8.596883366873858],[120.3184149523882,-8.582815105732493],[120.3166768038915,-8.565793890975186],[120.3304112987425,-8.558746788133735],[120.3436124929222,-8.571420281720581],[120.3611495183357,-8.568506339795672],[120.3582816477799,-8.522122237751066],[120.3724668675519,-8.514691921195165],[120.3805610393605,-8.488107806829763],[120.3894021179135,-8.48489160726185],[120.3901458878225,-8.458247305768545],[120.399119855597,-8.460883242067911],[120.3927514198422,-8.45417261877131],[120.3980914682468,-8.437033491202577],[120.3893251971002,-8.425222479833465],[120.3692769182952,-8.431126333913124],[120.3458473540722,-8.426100490645076],[120.3335964222372,-8.440354647049269],[120.3271936098972,-8.43675164367335],[120.2971418895866,-8.454277996832076],[120.2821698826341,-8.417132160720602],[120.290023663861,-8.365273847609949],[120.2819271070503,-8.325413900730876],[120.2911076113272,-8.320552419358567],[120.2871306338717,-8.282241088855162],[120.3349490556544,-8.281409763649599],[120.3665215915983,-8.294526019560138],[120.4078230689795,-8.280938194242164],[120.4139136897651,-8.251185679275679],[120.4283865567942,-8.240945074855315]]]]}},{"type":"Feature","properties":{"kode":"53.11","nama":"Kabupaten Sumba Timur","lat":-9.877804207779791,"lng":120.2547683848084},"geometry":{"type":"MultiPolygon","coordinates":[[[[120.1156402483988,-10.334290072229],[120.1077670867817,-10.33274437415351],[120.1258019543967,-10.32685369514191],[120.1227016468635,-10.3327914275823],[120.1156402483988,-10.334290072229]]],[[[120.1740098356854,-10.32216399866959],[120.1735904557351,-10.32237220161576],[120.173620199013,-10.32165836384234],[120.1738521971212,-10.32174461871918],[120.1740098356854,-10.32216399866959]]],[[[120.45556098705,-10.31575490636383],[120.4552683125825,-10.31548007804311],[120.4553570666753,-10.31529328975347],[120.4557225619467,-10.31555773719973],[120.45556098705,-10.31575490636383]]],[[[120.4551346670313,-10.3125715842112],[120.4548937458497,-10.31251804577112],[120.4549859506411,-10.31234850917631],[120.4551168208847,-10.31245855921508],[120.4551346670313,-10.3125715842112]]],[[[120.16513060969,-10.31228144313408],[120.164375725959,-10.31571679039754],[120.1623412859216,-10.31553595112323],[120.1620682427553,-10.31285251443197],[120.16513060969,-10.31228144313408]]],[[[120.4573175743466,-10.31063494994296],[120.4573009180031,-10.3105171666339],[120.4574817572774,-10.31044578294649],[120.457469860146,-10.31057189397771],[120.4573175743466,-10.31063494994296]]],[[[120.4573331595977,-10.31017003821669],[120.4574565960452,-10.31018783759857],[120.4574637924202,-10.31026450300432],[120.4571818261804,-10.31016599306607],[120.4573331595977,-10.31017003821669]]],[[[120.4574137046787,-10.30996421487654],[120.4575093592696,-10.31007985689987],[120.4572052643116,-10.31002274905058],[120.4572266789681,-10.30997278091908],[120.4574137046787,-10.30996421487654]]],[[[120.165028861293,-10.31000209342182],[120.164676536593,-10.3105840213354],[120.1640510626065,-10.31031482996532],[120.1643083784289,-10.31007334940551],[120.165028861293,-10.31000209342182]]],[[[120.4602679298212,-10.30847172878715],[120.4599157687977,-10.30903566126671],[120.4592614175804,-10.30873346927413],[120.4602726890335,-10.30802438981365],[120.4602679298212,-10.30847172878715]]],[[[120.4619116486037,-10.30759367211019],[120.4618616813716,-10.30774643275166],[120.4617258846419,-10.30763750506674],[120.4618845241516,-10.30755369724526],[120.4619116486037,-10.30759367211019]]],[[[120.4674077230881,-10.30636878289293],[120.4672835348074,-10.30636586729086],[120.4671086904137,-10.30601057213019],[120.467407616968,-10.30609966526733],[120.4674077230881,-10.30636878289293]]],[[[120.2127614400885,-10.30430622375318],[120.2135573697768,-10.31601317187032],[120.2013314615778,-10.32211613315297],[120.1716045584037,-10.31706531031576],[120.2127614400885,-10.30430622375318]]],[[[120.2086530384071,-10.25376953183839],[120.2087047152505,-10.25394232487836],[120.2081249124349,-10.25410750695588],[120.2082790391464,-10.2538921319163],[120.2086530384071,-10.25376953183839]]],[[[120.2129904560447,-10.25361979022106],[120.2125799991677,-10.25414803130651],[120.2121910037119,-10.25378999591149],[120.2128012890483,-10.25349129868445],[120.2129904560447,-10.25361979022106]]],[[[120.1570559387805,-10.2329355396434],[120.1573796938179,-10.23296061993662],[120.1574412542105,-10.23303585901763],[120.1569191411055,-10.2329674601801],[120.1570559387805,-10.2329355396434]]],[[[120.1581767296724,-10.23295485528227],[120.1577731732933,-10.23302338272288],[120.1577693655638,-10.23266170507362],[120.1581938617574,-10.23267122259879],[120.1581767296724,-10.23295485528227]]],[[[120.1274380028616,-10.19531201963398],[120.1272536193591,-10.19532494109317],[120.1272436251932,-10.19530209831315],[120.1273692613823,-10.19521786511238],[120.1274380028616,-10.19531201963398]]],[[[120.1166332869967,-10.18736747073213],[120.1165133624019,-10.18734177260468],[120.1167303688115,-10.18694345117924],[120.1168654973449,-10.18713722180527],[120.1166332869967,-10.18736747073213]]],[[[120.1170917496846,-10.18462044657625],[120.117046539866,-10.18463115480388],[120.117046539866,-10.18460141242519],[120.1170858006692,-10.18458951529382],[120.1170917496846,-10.18462044657625]]],[[[120.0992075167136,-10.17707210299513],[120.0990556787766,-10.17680418326641],[120.0991670661072,-10.17659383094045],[120.0993312490379,-10.17676515179032],[120.0992075167136,-10.17707210299513]]],[[[120.0971364337994,-10.17670011281993],[120.0971173978497,-10.17639792172671],[120.0972839603865,-10.17614093955268],[120.0974291082668,-10.17641933728253],[120.0971364337994,-10.17670011281993]]],[[[120.0767017738679,-10.16499664058246],[120.0767769652848,-10.1651803352042],[120.0765428258908,-10.16527646463706],[120.0764961888481,-10.16504613387193],[120.0767017738679,-10.16499664058246]]],[[[120.0769243938457,-10.16255384988021],[120.0770048202163,-10.16324008566139],[120.0762414891535,-10.16378165200161],[120.0768315946025,-10.16321058070362],[120.0769243938457,-10.16255384988021]]],[[[120.07827902106,-10.16216932855166],[120.0779649319361,-10.16199800770188],[120.0783504047474,-10.16177671782124],[120.0784039431875,-10.16190163994864],[120.07827902106,-10.16216932855166]]],[[[120.0108299161678,-10.12427053595644],[120.0103968539317,-10.1260932027391],[120.009740320959,-10.12630576829652],[120.0099399983323,-10.12459414170619],[120.0108299161678,-10.12427053595644]]],[[[120.0144437419851,-10.12346499881065],[120.0140243620348,-10.12353340933927],[120.0138584730901,-10.12332858874332],[120.0139827216254,-10.12328356508439],[120.0144437419851,-10.12346499881065]]],[[[120.019677843058,-10.12302414394897],[120.0197075863362,-10.12329183435064],[120.0194220506871,-10.12339593537408],[120.0194560207787,-10.12306531221439],[120.019677843058,-10.12302414394897]]],[[[120.012255828144,-10.12295579367491],[120.0125354147776,-10.12301825518829],[120.0125949013337,-10.12316399662108],[120.0120952137232,-10.12288143592944],[120.012255828144,-10.12295579367491]]],[[[120.0167261610835,-10.12237605920772],[120.0170206189065,-10.12251882568316],[120.0169492352191,-10.12273595170273],[120.0166428802648,-10.12262292760598],[120.0167261610835,-10.12237605920772]]],[[[120.0319713838723,-10.12152439583421],[120.0318097819959,-10.12148627896854],[120.0318240587334,-10.12137682428092],[120.0319549289768,-10.12136016703804],[120.0319713838723,-10.12152439583421]]],[[[120.0323372613556,-10.12125532767117],[120.0322216193323,-10.12107544077885],[120.0323015690623,-10.12092981805662],[120.032402934348,-10.12107401265554],[120.0323372613556,-10.12125532767117]]],[[[120.0077127634333,-10.11523974811579],[120.0076342400282,-10.11538965430903],[120.0071381227262,-10.11519691700407],[120.0072523366262,-10.11511125657918],[120.0077127634333,-10.11523974811579]]],[[[120.0088907350195,-10.11120720784627],[120.0086637344439,-10.11095450914324],[120.0089092943285,-10.11067611231267],[120.0090420684367,-10.1110715783906],[120.0088907350195,-10.11120720784627]]],[[[120.0138015549978,-10.10245032022608],[120.0136073913681,-10.10234324424529],[120.0135859749129,-10.10227757125282],[120.0137544413145,-10.10222760222204],[120.0138015549978,-10.10245032022608]]],[[[120.014719598231,-10.10217787241084],[120.0146529728564,-10.10232254275108],[120.0145349521264,-10.10224449688602],[120.0146491660263,-10.10209030722187],[120.014719598231,-10.10217787241084]]],[[[120.0185220262706,-10.08343458903498],[120.0184665911603,-10.08356405183946],[120.0182012812642,-10.08348909874284],[120.0184951446353,-10.08339154118667],[120.0185220262706,-10.08343458903498]]],[[[120.0172263855894,-10.08344185735577],[120.0171892669711,-10.08347326617825],[120.0170536366161,-10.08342900784241],[120.0171521465544,-10.0833690446456],[120.0172263855894,-10.08344185735577]]],[[[120.0187163751607,-10.08341530577173],[120.0186164379983,-10.08338104160174],[120.0186464186973,-10.083285387011],[120.0187213619013,-10.08332638530439],[120.0187163751607,-10.08341530577173]]],[[[120.017527553254,-10.0821760669718],[120.0174585482735,-10.08215465231526],[120.0174514103544,-10.08211420080965],[120.017584660204,-10.08212014982497],[120.017527553254,-10.0821760669718]]],[[[120.0172098569494,-10.08209444090571],[120.0172605607264,-10.08216870602093],[120.0172148760657,-10.08237429193997],[120.017090668,-10.08214015344524],[120.0172098569494,-10.08209444090571]]],[[[120.0179441956682,-10.08210539734618],[120.0182278283517,-10.08215488973637],[120.0182449604366,-10.08229575414575],[120.0179156430924,-10.08239664279083],[120.0179441956682,-10.08210539734618]]],[[[120.0174308743355,-10.07912224179799],[120.0173542808755,-10.07909996109431],[120.0173022011357,-10.0790038298628],[120.0174673967031,-10.0789716674085],[120.0174308743355,-10.07912224179799]]],[[[120.0136778460558,-10.0754467260855],[120.0134874568808,-10.07534753985702],[120.0136774062874,-10.07518184696464],[120.0137229137815,-10.07535393763408],[120.0136778460558,-10.0754467260855]]],[[[120.0135049738755,-10.0735937728343],[120.0134464397015,-10.07355236984598],[120.013536382698,-10.07344529386518],[120.0135620808254,-10.0735380931085],[120.0135049738755,-10.0735937728343]]],[[[120.0126900882771,-10.07030400872296],[120.0127234009642,-10.07006963190793],[120.012836425061,-10.07006368379198],[120.0128328556518,-10.07016956996958],[120.0126900882771,-10.07030400872296]]],[[[120.0091508980955,-10.06725564243387],[120.008959588914,-10.06718568597059],[120.0090366841958,-10.06701150887402],[120.0091266271921,-10.06710002464642],[120.0091508980955,-10.06725564243387]]],[[[120.0083094006584,-10.06666363222084],[120.00811130879,-10.06706393755062],[120.0080238659088,-10.06708051385459],[120.0080733591982,-10.06678736364586],[120.0083094006584,-10.06666363222084]]],[[[120.0089050998905,-10.0666837392631],[120.0090721381687,-10.0668065192054],[120.0087180741798,-10.06703351888179],[120.0087723257823,-10.06662805863792],[120.0089050998905,-10.0666837392631]]],[[[120.0087694704348,-10.06655001277286],[120.0086286060253,-10.06648148443297],[120.0086685808903,-10.06634823458333],[120.0088284812494,-10.06645673778815],[120.0087694704348,-10.06655001277286]]],[[[120.0078944228894,-10.06653625224619],[120.0078241111939,-10.06634383330123],[120.0080219629433,-10.06624881273249],[120.0080467086888,-10.06630211285218],[120.0078944228894,-10.06653625224619]]],[[[120.0081631843836,-10.06649972718064],[120.0083321247278,-10.06615470497561],[120.0086152807706,-10.06624512461272],[120.0085938661141,-10.06630223156273],[120.0081631843836,-10.06649972718064]]],[[[120.0084915493455,-10.06579778563921],[120.008285858206,-10.06580790391157],[120.0081822194339,-10.06569784937621],[120.0083402770822,-10.06557600113148],[120.0084915493455,-10.06579778563921]]],[[[120.0010859461596,-10.05639888639942],[120.0011620890592,-10.05649596821437],[120.0010345490053,-10.05657782180894],[120.0009888643446,-10.05646931770483],[120.0010859461596,-10.05639888639942]]],[[[120.0014090770674,-10.056291492958],[120.0013531590212,-10.05621892036686],[120.0014019382489,-10.05616300232067],[120.0014660707027,-10.05620842797653],[120.0014090770674,-10.056291492958]]],[[[119.9994592272616,-10.05558562587588],[119.9993778503076,-10.05570555137004],[119.9991708371644,-10.05572982137409],[119.9993235978059,-10.0555385130918],[119.9994592272616,-10.05558562587588]]],[[[119.9996931427244,-10.05498810911385],[119.9999634501531,-10.05551682504143],[119.9991334937158,-10.05543497234605],[119.9994380653145,-10.0550333189325],[119.9996931427244,-10.05498810911385]]],[[[119.997464298039,-10.05239059814754],[119.9973529385873,-10.05235490585424],[119.9973258132358,-10.05221499382685],[119.9976013547187,-10.05231778633673],[119.997464298039,-10.05239059814754]]],[[[119.9988337685636,-10.05202095610221],[119.9987195546638,-10.05200192105178],[119.9986807983801,-10.05193266965694],[119.9989151742959,-10.05193267055622],[119.9988337685636,-10.05202095610221]]],[[[119.9976327644406,-10.052117912012],[119.997271085892,-10.05211981497743],[119.9975642352013,-10.05176194415832],[119.9976080177959,-10.0517981121931],[119.9976327644406,-10.052117912012]]],[[[119.9982550836052,-10.05191816359233],[119.9981960727906,-10.0518115642523],[119.9983319423653,-10.05176135240447],[119.9983731052347,-10.05185724891289],[119.9982550836052,-10.05191816359233]]],[[[119.997569791213,-10.05048688626074],[119.9974926968305,-10.05042835118742],[119.9976126223247,-10.05032984214845],[119.9976368923288,-10.0504269239633],[119.997569791213,-10.05048688626074]]],[[[119.9972687890234,-10.05064567505778],[119.9969739148144,-10.05048482861193],[119.9973782446103,-10.05012457369013],[119.9974520079039,-10.05040296962132],[119.9972687890234,-10.05064567505778]]],[[[119.9987672313227,-10.04909745888057],[119.9987207048966,-10.04923354429257],[119.9985699740251,-10.04919454069542],[119.9985762728768,-10.04914053370863],[119.9987672313227,-10.04909745888057]]],[[[119.9984933985515,-10.04661606028295],[119.9984657965593,-10.04656561641005],[119.9985267112388,-10.04652849599326],[119.9985466986713,-10.04655895333293],[119.9984933985515,-10.04661606028295]]],[[[119.9986742378259,-10.04665127593556],[119.9986142764278,-10.04653039985797],[119.9987456224126,-10.04649613478879],[119.9987408632003,-10.04661130107063],[119.9986742378259,-10.04665127593556]]],[[[119.9986214889906,-10.04583167878888],[119.9986864488206,-10.04594446456533],[119.9984237559516,-10.04594517862703],[119.9984972809249,-10.04583560522894],[119.9986214889906,-10.04583167878888]]],[[[120.8485361371331,-10.01740170322599],[120.8478755967815,-10.01734923497917],[120.8475029923693,-10.01642150155105],[120.8485090981164,-10.01645435558405],[120.8485361371331,-10.01740170322599]]],[[[119.9558510751671,-10.00913204131065],[119.9556268678857,-10.00917914240345],[119.9556687160385,-10.00885880209202],[119.9558460326683,-10.00892526378985],[119.9558510751671,-10.00913204131065]]],[[[119.9559016035762,-10.0084425823592],[119.9556211356069,-10.0083684782226],[119.9557422041395,-10.00813428576864],[119.9558900346974,-10.00821721944909],[119.9559016035762,-10.0084425823592]]],[[[119.947080697716,-9.999756263640585],[119.9469847166714,-9.999762417701401],[119.9466895753636,-9.999931749250806],[119.9467178302638,-9.99976221265591],[119.947080697716,-9.999756263640585]]],[[[119.9345519428179,-9.980869348641512],[119.9344527224152,-9.980929531272835],[119.9343322222542,-9.980605192575513],[119.9345641664032,-9.98075128474401],[119.9345519428179,-9.980869348641512]]],[[[119.9149658400016,-9.978575194289778],[119.9152608302232,-9.978770468582248],[119.9148227848438,-9.979155175171144],[119.9144511076325,-9.978499362555553],[119.9149658400016,-9.978575194289778]]],[[[119.9019402744242,-9.965787403166075],[119.9016875118692,-9.965751015696771],[119.9016600070038,-9.96554781837709],[119.9019944432891,-9.96553491310575],[119.9019402744242,-9.965787403166075]]],[[[119.8702607038685,-9.949578641341166],[119.8698860930688,-9.949576427210243],[119.8700845860348,-9.949194271098687],[119.8702825528976,-9.949171242159043],[119.8702607038685,-9.949578641341166]]],[[[119.8677157537791,-9.942419944324925],[119.8675619679106,-9.94251823033208],[119.8668673243676,-9.942189334769918],[119.867040825174,-9.942029956916958],[119.8677157537791,-9.942419944324925]]],[[[119.8279799133423,-9.928197478230931],[119.8278264062637,-9.92796022088747],[119.8284026081939,-9.928195765921792],[119.8281912720097,-9.928196622076406],[119.8279799133423,-9.928197478230931]]],[[[119.833304282067,-9.928030897707778],[119.8331018275873,-9.928110112691506],[119.8329352893323,-9.92763980233498],[119.8332869890034,-9.927685629088483],[119.833304282067,-9.928030897707778]]],[[[119.8285415804296,-9.927888287714275],[119.8281087942855,-9.927746191233648],[119.8281996348054,-9.927489926718707],[119.8284689709663,-9.927675912813054],[119.8285415804296,-9.927888287714275]]],[[[119.8291986017341,-9.92725978031455],[119.8291313468343,-9.927296195662887],[119.8286078730549,-9.927287535191525],[119.8289728602095,-9.927050008950715],[119.8291986017341,-9.92725978031455]]],[[[119.848910978359,-9.924277477323677],[119.8485728269744,-9.92431983539202],[119.8485617437295,-9.92423425680549],[119.8487785918586,-9.924150716981988],[119.848910978359,-9.924277477323677]]],[[[119.8494027051707,-9.924031224960999],[119.8490866483301,-9.924066161823912],[119.8488638808635,-9.923778941744725],[119.8494331580139,-9.92388322173328],[119.8494027051707,-9.924031224960999]]],[[[119.8538368952565,-9.924011507325119],[119.853556831083,-9.92402878330168],[119.8534164010461,-9.92388648537295],[119.8538356712792,-9.923834992890583],[119.8538368952565,-9.924011507325119]]],[[[119.8149466450717,-9.921579754901693],[119.8146477059269,-9.92152966356306],[119.8146020149711,-9.921401378870502],[119.8148774233544,-9.921357678114333],[119.8149466450717,-9.921579754901693]]],[[[119.7698142140548,-9.907274910908352],[119.7691158338288,-9.907231754242023],[119.7691157915606,-9.907144630620195],[119.7696960979966,-9.907087547052544],[119.7698142140548,-9.907274910908352]]],[[[119.7673396592979,-9.907682317285076],[119.7665599138091,-9.907449888401558],[119.7665670121579,-9.906207772670577],[119.768137607065,-9.906632211307436],[119.7673396592979,-9.907682317285076]]],[[[119.7717466323013,-9.90542694889454],[119.7713677146484,-9.905441742742198],[119.7711106506361,-9.905174611718941],[119.7719032132627,-9.90477222355926],[119.7717466323013,-9.90542694889454]]],[[[119.7586228598571,-9.893699439577368],[119.7583895838123,-9.893689720604097],[119.7585615611672,-9.892978298409698],[119.7591045331477,-9.893360739606365],[119.7586228598571,-9.893699439577368]]],[[[119.7594149962051,-9.892929565946655],[119.75905914976,-9.89283183392196],[119.7588449159601,-9.892423211661843],[119.7590192288544,-9.892460239448457],[119.7594149962051,-9.892929565946655]]],[[[119.7596565100399,-9.892383174743618],[119.7591063947444,-9.892188976040366],[119.7593401069604,-9.891773416410015],[119.7597142024485,-9.892038552736953],[119.7596565100399,-9.892383174743618]]],[[[119.7026297535604,-9.86092190742001],[119.7026636966723,-9.860304664928314],[119.7030299428776,-9.85944516216442],[119.7032552851034,-9.860185020022598],[119.7026297535604,-9.86092190742001]]],[[[119.7015062629038,-9.859681022860816],[119.7010865672913,-9.857965055243127],[119.7022621628686,-9.857308864012797],[119.7027051221437,-9.85858616122231],[119.7015062629038,-9.859681022860816]]],[[[119.6946665689071,-9.854658975631185],[119.6943689391753,-9.854688179315989],[119.6943635369478,-9.854602890311064],[119.6947511159712,-9.854476443832798],[119.6946665689071,-9.854658975631185]]],[[[119.6834103484089,-9.848947541395852],[119.6832761093051,-9.84885111069012],[119.6836272361081,-9.848812349909934],[119.6835552390831,-9.84886957107383],[119.6834103484089,-9.848947541395852]]],[[[119.6832899759517,-9.848599081082714],[119.6833621573378,-9.848249064942376],[119.6835420793036,-9.84824773574438],[119.6835733496304,-9.848501305890505],[119.6832899759517,-9.848599081082714]]],[[[119.6857504563186,-9.844957546253745],[119.6852305375593,-9.844790104179939],[119.6852056371305,-9.844664131644336],[119.6855335569282,-9.844670676010807],[119.6857504563186,-9.844957546253745]]],[[[119.6819313269692,-9.8428801950649],[119.6816305801872,-9.842664723797938],[119.6818833769164,-9.842326914155723],[119.6821140089544,-9.842568696887781],[119.6819313269692,-9.8428801950649]]],[[[119.6808394780595,-9.838554332816134],[119.6798939029814,-9.838491160838352],[119.6790097003375,-9.837847897362533],[119.6796521634167,-9.83745957459961],[119.6808394780595,-9.838554332816134]]],[[[119.6749260183211,-9.836296090192391],[119.6746576156566,-9.836238706251237],[119.6747246843968,-9.835994003420439],[119.6749033347212,-9.835956712132514],[119.6749260183211,-9.836296090192391]]],[[[119.6743941286861,-9.835953933227408],[119.6741966906248,-9.835966973397063],[119.6741213526184,-9.83563591226753],[119.6743506131903,-9.835659695738368],[119.6743941286861,-9.835953933227408]]],[[[119.6772735033695,-9.836118739388304],[119.6769125793521,-9.835981223154882],[119.6775380578351,-9.835571626029687],[119.6775261903814,-9.835825985780549],[119.6772735033695,-9.836118739388304]]],[[[119.6738305010768,-9.831828832034955],[119.6731911991146,-9.83151619261811],[119.6731724050825,-9.83131010128007],[119.6733919646675,-9.831301268139008],[119.6738305010768,-9.831828832034955]]],[[[119.9389417279785,-9.278783142328066],[119.9535665021924,-9.315734927225066],[120.0074374917469,-9.382679347873495],[120.0343366674033,-9.397314898663538],[120.0491852280159,-9.429592680257919],[120.0845063981518,-9.469729349429894],[120.1282650517908,-9.48537440090778],[120.1848965436407,-9.468222540737585],[120.2107083427159,-9.490775614003315],[120.2263385805611,-9.530868348595405],[120.2295361551695,-9.59247362915459],[120.2508340293671,-9.646675757180372],[120.2535639394243,-9.647800223601415],[120.2534884827074,-9.639444037012694],[120.257759619411,-9.637620103085247],[120.2989449403568,-9.64190330419406],[120.3108693940073,-9.665018647992145],[120.3225338779361,-9.670423732669047],[120.3658586743383,-9.6435806953928],[120.3890303049047,-9.64842419032406],[120.38296946337,-9.64373044330527],[120.3883405680629,-9.637662299275611],[120.464622661207,-9.614838362800153],[120.4780815821994,-9.626071183838008],[120.5040883641867,-9.685654445796015],[120.5448742719302,-9.688680085317607],[120.569679584845,-9.707193101780192],[120.5780041260896,-9.725337049065512],[120.5965981139119,-9.730969774635394],[120.6055814193472,-9.76901342732777],[120.6255790986966,-9.790242728219294],[120.6302304660632,-9.819085794773557],[120.6766295661016,-9.897522685123743],[120.7132187668327,-9.920947423584696],[120.7470414766828,-9.92410030728335],[120.7841315467336,-9.948308743753458],[120.8161415947589,-9.97740224002131],[120.8303569427189,-10.01084867082945],[120.8403168804197,-10.01710541258463],[120.8470563548669,-10.03670297006598],[120.8416432392441,-10.08903577987732],[120.8161745621065,-10.12450440105724],[120.7708521322201,-10.14286341041799],[120.7516087619349,-10.16186765097123],[120.7391961913512,-10.19023500584078],[120.6843082574202,-10.22490214581733],[120.6400516428691,-10.22903887164651],[120.6138934411295,-10.25282368606424],[120.5518936558676,-10.23784277222608],[120.4868915666925,-10.26204417869579],[120.4729544437926,-10.30194849812467],[120.4569406783696,-10.30881766740144],[120.4534530220394,-10.31716449834288],[120.3925343909494,-10.2703293548158],[120.3484548762916,-10.24860487641391],[120.3048544062059,-10.25080248674531],[120.2957462793673,-10.25777104369865],[120.2678595177026,-10.24533726170523],[120.2430574576356,-10.24405158910955],[120.2183749318577,-10.25401240814608],[120.1761321799562,-10.22891799736765],[120.1648363551137,-10.24009749040678],[120.1105717979502,-10.17760966015764],[120.0825066503617,-10.17741434629496],[120.0844994490904,-10.16764665756716],[120.0457206150145,-10.12554614423918],[120.0082845380011,-10.12409774111783],[120.0113035773983,-10.1044155403449],[120.0227775759245,-10.09863927218467],[120.0190118797945,-10.08020966604322],[119.9946444980452,-10.0370252259334],[119.9471437536813,-9.999651568165273],[119.9542191536911,-9.984424065618107],[119.9498866571436,-9.974367660339194],[119.9313308419448,-9.980936000995637],[119.9051397241191,-9.973548234963019],[119.9050425011107,-9.950207380765956],[119.9003129188062,-9.94648117926296],[119.8820869479544,-9.957919894687333],[119.8712611861549,-9.949135190136875],[119.8735218731361,-9.933029814374343],[119.8629184947928,-9.922313489276107],[119.8347377591403,-9.928582526562284],[119.8252033437593,-9.92005538065122],[119.8074074206161,-9.914371673413918],[119.7836577346168,-9.922316912995104],[119.7674920790962,-9.895981647335166],[119.7078110581339,-9.863001532994335],[119.6966195807292,-9.843749672209583],[119.6865051421986,-9.847977497563392],[119.683285193357,-9.842704508905946],[119.6835092036869,-9.837634183370785],[119.6748337739595,-9.828678881025503],[119.6878783413125,-9.824418539783757],[119.7253850456834,-9.753738010700612],[119.7496768735889,-9.73334344164643],[119.7388437220602,-9.72599711187721],[119.7554894401856,-9.704744864783681],[119.7786550156166,-9.70096291520635],[119.8191203186478,-9.673724416348666],[119.8230489494496,-9.663551714340084],[119.8457333282306,-9.658789168285491],[119.8529412847126,-9.614567960942626],[119.8407467565577,-9.601936820028172],[119.8460268075912,-9.598320828643274],[119.8412009690496,-9.577793257053173],[119.8535550036605,-9.573556975374036],[119.8580502451228,-9.55592949075335],[119.8698774541813,-9.554467796551496],[119.8727123250139,-9.533719037603454],[119.886541148855,-9.51314518330351],[119.9090721923279,-9.512971927112694],[119.9114158903311,-9.497018598829214],[119.92079494603,-9.495947267052678],[119.9180894192912,-9.487573543684018],[119.9258630790179,-9.484916407666049],[119.8979175790331,-9.431113701835852],[119.9120316930083,-9.402515232891666],[119.9091096643796,-9.383150583632442],[119.8763717239759,-9.371293923575656],[119.8645385838886,-9.344278432303792],[119.8913757521892,-9.326319381134489],[119.9272840015554,-9.279316114746887],[119.9389417279785,-9.278783142328066]]]]}},{"type":"Feature","properties":{"kode":"53.12","nama":"Kabupaten Sumba Barat","lat":-9.641422259331291,"lng":119.3833826777653},"geometry":{"type":"MultiPolygon","coordinates":[[[[119.374632972134,-9.785254047636176],[119.3743534349631,-9.785226870123935],[119.3743627546374,-9.784990775603735],[119.3746607728764,-9.785068574155336],[119.374632972134,-9.785254047636176]]],[[[119.3107090127108,-9.760663718555733],[119.3100147306953,-9.760600364015541],[119.3101065883484,-9.76004522061034],[119.3105476707385,-9.760053169717935],[119.3107090127108,-9.760663718555733]]],[[[119.1847738781121,-9.75913560042752],[119.1853860349376,-9.759154746993985],[119.1856098860875,-9.75962658619796],[119.1849546454406,-9.76007030090365],[119.1847738781121,-9.75913560042752]]],[[[119.4368528943457,-9.757829137304768],[119.4367288823321,-9.757824487809845],[119.4368210619426,-9.757583096282811],[119.4368558198403,-9.757685872604931],[119.4368528943457,-9.757829137304768]]],[[[119.1849735878609,-9.757961414987264],[119.1847884714109,-9.757776429838287],[119.184892546354,-9.757501260674566],[119.1849107747125,-9.75757809785092],[119.1849735878609,-9.757961414987264]]],[[[119.1918999180468,-9.758135832202868],[119.1915956630095,-9.757556765931934],[119.1919672673755,-9.757331635046889],[119.192042178204,-9.757429837417035],[119.1918999180468,-9.758135832202868]]],[[[119.4385086811308,-9.75778345983878],[119.4383824972544,-9.757679017972247],[119.4385007212314,-9.757080725095406],[119.4387427215994,-9.757431098266505],[119.4385086811308,-9.75778345983878]]],[[[119.1848750248626,-9.757227750760027],[119.1845523292267,-9.757011727309344],[119.1847105928197,-9.756665689769743],[119.1847616662181,-9.756780442363482],[119.1848750248626,-9.757227750760027]]],[[[119.502342631907,-9.756518836774823],[119.502134923588,-9.756460939320881],[119.5020343560007,-9.75627436417053],[119.5023257066661,-9.75638404998385],[119.502342631907,-9.756518836774823]]],[[[119.1830326260549,-9.75313660437072],[119.1830330613268,-9.752766824729147],[119.1833866378831,-9.752854039182495],[119.183338757078,-9.752931493293708],[119.1830326260549,-9.75313660437072]]],[[[119.1823088336857,-9.752223706159029],[119.1816270216698,-9.752047134167867],[119.1817853059472,-9.751591593377267],[119.1820239716291,-9.751980568148682],[119.1823088336857,-9.752223706159029]]],[[[119.4473957222349,-9.75169457384542],[119.4472001736492,-9.751649638320075],[119.447307062571,-9.751481261850685],[119.4473886148927,-9.751573766116355],[119.4473957222349,-9.75169457384542]]],[[[119.1810821979851,-9.75184978693811],[119.1806683740463,-9.75188504036229],[119.1806191127819,-9.751372397118345],[119.1812672640731,-9.751464611802323],[119.1810821979851,-9.75184978693811]]],[[[119.2548257118371,-9.748035977078633],[119.2546494869843,-9.748035116427438],[119.2546586393847,-9.747663425726465],[119.2548378877585,-9.747787251580391],[119.2548257118371,-9.748035977078633]]],[[[119.2503683021555,-9.747157369117225],[119.2500043833956,-9.74720747574434],[119.2498628121191,-9.746955456029376],[119.2506652555971,-9.746881116270494],[119.2503683021555,-9.747157369117225]]],[[[119.2999084634049,-9.745740272295649],[119.2994451587671,-9.745720829852349],[119.2996115189564,-9.745163522678428],[119.3000723045933,-9.745264255740764],[119.2999084634049,-9.745740272295649]]],[[[119.2311908189013,-9.74578681580887],[119.2308776758641,-9.745720430553355],[119.2312503126519,-9.745048269162186],[119.2313188832599,-9.74548048873352],[119.2311908189013,-9.74578681580887]]],[[[119.4023820368016,-9.381510461238722],[119.4146123930476,-9.386771425960454],[119.4068156935895,-9.39785015985695],[119.4286655869473,-9.416664593995776],[119.4433865328623,-9.465382348616451],[119.4549806826125,-9.46904287892572],[119.4505845563323,-9.477287610734635],[119.464831215988,-9.49314856515409],[119.4579086665518,-9.50285490483001],[119.4657997336708,-9.514692598184809],[119.4838255819851,-9.527301505160306],[119.515886439008,-9.520494929597216],[119.5203072822553,-9.526936347134622],[119.5144038949239,-9.565803554890167],[119.498440638125,-9.58517627556457],[119.4949789236385,-9.604829819440557],[119.4822118448009,-9.607460634100988],[119.4963414909671,-9.624077555934445],[119.4886596825984,-9.665092990449136],[119.5428264672677,-9.69650261690223],[119.5325392635762,-9.704928783336602],[119.5462038478293,-9.737479401253317],[119.5356822556316,-9.749580765939552],[119.5388577518838,-9.762748154603589],[119.5262262377507,-9.766452907275784],[119.4759924042262,-9.742318991328318],[119.4576960955984,-9.7415599743133],[119.4475960003552,-9.754952849094671],[119.4173453607998,-9.761094004584585],[119.4102787462672,-9.788060645582313],[119.3934979823461,-9.797201219960332],[119.3516241404418,-9.760629396829117],[119.3368518342448,-9.758112537063894],[119.3289993543368,-9.768045263977658],[119.3185840700988,-9.766353754322292],[119.3013090342846,-9.74435742165765],[119.2557465007005,-9.748541128969883],[119.2515141652466,-9.747410236892833],[119.2512060467218,-9.744959694034598],[119.2484633339158,-9.746588607278355],[119.2454510691116,-9.742034122976388],[119.2187238069582,-9.737724346001713],[119.185076308425,-9.758793071143295],[119.1842440820988,-9.752040379359954],[119.1788229382281,-9.744394567255448],[119.142489923771,-9.72905981605761],[119.148585977361,-9.718619090898333],[119.1407418944229,-9.691645743656156],[119.1521609416742,-9.685559972015039],[119.1663180045723,-9.658084144767436],[119.196406854293,-9.647798709143078],[119.2157262973308,-9.683256885596752],[119.2341778891983,-9.689867773179088],[119.2638909149339,-9.67870470715642],[119.2778397757851,-9.684466966577148],[119.3089298326457,-9.63429671691987],[119.3344270677551,-9.628660337404575],[119.3549892155799,-9.61296713442568],[119.3665359683603,-9.615634548795331],[119.3827792227829,-9.581266447788277],[119.3959783853942,-9.573417807086031],[119.4051479763981,-9.547783386693869],[119.3930445585597,-9.538703143335319],[119.3950814465515,-9.517436481908064],[119.3671170742935,-9.466691553772115],[119.3768658529769,-9.423483076582677],[119.3725371119982,-9.416090285138505],[119.3814506318413,-9.413232522962538],[119.3668365550631,-9.378898061995926],[119.3886715250709,-9.383363647414349],[119.4032528440435,-9.375968297398956],[119.4023820368016,-9.381510461238722]]]]}},{"type":"Feature","properties":{"kode":"53.13","nama":"Kabupaten Lembata","lat":-8.381171613765762,"lng":123.54081786348164},"geometry":{"type":"MultiPolygon","coordinates":[[[[123.2239177480058,-8.567739701026316],[123.2248399919721,-8.568210007785542],[123.2241199920441,-8.569650006742418],[123.2230099921175,-8.56903000782852],[123.2239177480058,-8.567739701026316]]],[[[123.8418499307299,-8.283417897617866],[123.8414550240303,-8.283037788363217],[123.8417551961454,-8.282761788225894],[123.8420188521883,-8.282899476229737],[123.8418499307299,-8.283417897617866]]],[[[123.8631355714496,-8.276838882008768],[123.8628940558161,-8.276839725572831],[123.8623814926118,-8.275972163084848],[123.8625692575652,-8.276064584612879],[123.8631355714496,-8.276838882008768]]],[[[123.7826584782063,-8.17086655374844],[123.8426926647348,-8.203543146898689],[123.8555276181052,-8.22847030356158],[123.8663659308431,-8.21106188299943],[123.9026955251784,-8.215279758254184],[123.9241174311745,-8.249800538064349],[123.8733103203151,-8.272669476615029],[123.8460588990989,-8.275218898133545],[123.8377685545752,-8.284924429318856],[123.7961225873876,-8.272544553588173],[123.7664265075773,-8.2882742267741],[123.7367936950731,-8.32511416388753],[123.7266772744367,-8.355344023707705],[123.7008877110991,-8.383530273103617],[123.6933535857994,-8.41155669498546],[123.6758819617831,-8.42749647588155],[123.6519403991301,-8.426842789263294],[123.6564485710447,-8.41356892896286],[123.649925915049,-8.404267195174935],[123.6199591024307,-8.40598641384192],[123.6120585402695,-8.422354492365862],[123.5532177576934,-8.470040928745863],[123.5824399919121,-8.505950008186307],[123.5872599929544,-8.530970007259935],[123.583719993383,-8.542530007953513],[123.5463899923044,-8.571710022599426],[123.5172099929468,-8.563110007320933],[123.5035499916389,-8.541520008141816],[123.5044799922579,-8.522990007083102],[123.4909099933015,-8.515300022977605],[123.4496099926072,-8.53410000680979],[123.4243799928425,-8.5767800072915],[123.3931699916019,-8.585909992152345],[123.3533799930923,-8.563560007388364],[123.3434899920695,-8.540230008008436],[123.317259992055,-8.527120007782045],[123.2912599918553,-8.549150008366162],[123.2413299915858,-8.538880007806053],[123.2214699921464,-8.554430007238949],[123.2207799756154,-8.536340006685954],[123.2074799918082,-8.53495000823628],[123.2120799916984,-8.51076999214138],[123.2322399932812,-8.511080008235776],[123.2899865392475,-8.463920350643566],[123.3351960547542,-8.400594319871928],[123.3751968048887,-8.38796069503001],[123.3905438678053,-8.371408836448584],[123.4299707416564,-8.3689233980963],[123.4710088993413,-8.338397539015112],[123.4527655868624,-8.314900381747208],[123.4139662734248,-8.292082413172768],[123.347384804765,-8.307183336142003],[123.3460700858658,-8.297756929338789],[123.3661940552115,-8.290022616750363],[123.3659668828655,-8.278844851308769],[123.3812532433426,-8.263335631634021],[123.4098748671315,-8.252202944710056],[123.4238835391941,-8.267904663369467],[123.4355656642241,-8.27127744479819],[123.4368450082906,-8.26238092933636],[123.4579046179039,-8.271257194763653],[123.4967872112609,-8.240865195272455],[123.5388293675814,-8.234857132250788],[123.5576170244062,-8.240604460227612],[123.5621386798563,-8.248664037815061],[123.5478648049169,-8.257450803611714],[123.5427086651728,-8.285219240575419],[123.5329331640343,-8.302020163699524],[123.5162245239427,-8.311111288854871],[123.4982688209494,-8.338159305007835],[123.5017040872739,-8.354042851296555],[123.4933274303167,-8.359312414436353],[123.512195024281,-8.351255381930294],[123.5306732738526,-8.364872460395727],[123.5589930078211,-8.36776316293955],[123.5838513195828,-8.3548830860855],[123.5966744297812,-8.332627506753969],[123.5890655240547,-8.312511195135546],[123.5721104310517,-8.310681475869401],[123.5742349930506,-8.288179584819915],[123.6030143057657,-8.288303523089073],[123.5994533367021,-8.31799171134831],[123.6350762581629,-8.291893273155964],[123.6267770706054,-8.247790055066933],[123.6057770707552,-8.239322584569546],[123.6050269300489,-8.219824320336038],[123.6182937270739,-8.224389022735217],[123.6494640403332,-8.217770553867947],[123.6593496166915,-8.228101898983446],[123.6510847742431,-8.253187945167522],[123.6866960395907,-8.258806897620179],[123.7128708518085,-8.239983336261929],[123.6986011955888,-8.228936443761796],[123.6974285237075,-8.218374023242507],[123.7233158208685,-8.215445881921895],[123.7694775871211,-8.172562756965611],[123.7826584782063,-8.17086655374844]]],[[[123.5921180344198,-7.77896372829339],[123.601473133978,-7.781383411814939],[123.5905899630564,-7.804746436998381],[123.5779000964123,-7.799260895373975],[123.5753990593192,-7.785307614354834],[123.5921180344198,-7.77896372829339]]]]}},{"type":"Feature","properties":{"kode":"53.14","nama":"Kabupaten Rote Ndao","lat":-10.725959995065217,"lng":123.12444836806907},"geometry":{"type":"MultiPolygon","coordinates":[[[[122.8433246104424,-10.98251722389072],[122.8435363818986,-10.98297408038949],[122.8428368208627,-10.98317395471414],[122.8428510976002,-10.98250056844641],[122.8433246104424,-10.98251722389072]]],[[[122.8714171333941,-10.96884689386897],[122.8817410743911,-10.97774495256745],[122.8866657511236,-10.9983344047089],[122.8746860512204,-11.00761537674824],[122.8441043802131,-10.98300126869354],[122.8408203124075,-10.96847955588672],[122.8714171333941,-10.96884689386897]]],[[[122.8832320981828,-10.9553382106898],[122.8799800012761,-10.95580371237135],[122.8782751339903,-10.95283162208165],[122.8816781506261,-10.95389689962214],[122.8832320981828,-10.9553382106898]]],[[[122.9531747928825,-10.94441325097069],[122.9509389379816,-10.94429565202269],[122.9509987204147,-10.94252641306353],[122.9522884741339,-10.94281746155657],[122.9531747928825,-10.94441325097069]]],[[[122.9510701139947,-10.94231936035015],[122.9509368650443,-10.9423050827133],[122.9509416233573,-10.94221228436936],[122.9510344217012,-10.94222893981367],[122.9510701139947,-10.94231936035015]]],[[[122.9508661063858,-10.94186291124426],[122.9507851269321,-10.94181022895889],[122.9508303367508,-10.94167221989702],[122.9509326544185,-10.94180784935268],[122.9508661063858,-10.94186291124426]]],[[[122.9493442961025,-10.94158132631716],[122.9490774051982,-10.94198817691277],[122.9489449386581,-10.941423310937],[122.9493442961025,-10.94158132631716]]],[[[122.9556603400528,-10.94066573283728],[122.9555151930717,-10.94043968374441],[122.9557031702651,-10.94035402331944],[122.9557935899024,-10.94057531320008],[122.9556603400528,-10.94066573283728]]],[[[122.9815006431402,-10.93068035331564],[122.9807542274256,-10.93064978266128],[122.9806880930811,-10.92992417995696],[122.9818020302396,-10.93044508437309],[122.9815006431402,-10.93068035331564]]],[[[122.9678245628534,-10.92976868537646],[122.9673962598296,-10.92974584169715],[122.9676665672583,-10.92929279292798],[122.9679692340929,-10.92959926659283],[122.9678245628534,-10.92976868537646]]],[[[122.9685067939535,-10.92873270684887],[122.9684104262003,-10.92912412777618],[122.9680548162767,-10.9293674276646],[122.9680491046824,-10.92896577515033],[122.9685067939535,-10.92873270684887]]],[[[122.9938295408007,-10.92552570105026],[122.9936689281786,-10.92555247027025],[122.9933477002362,-10.92614138681547],[122.9933774444136,-10.92558816166427],[122.9938295408007,-10.92552570105026]]],[[[122.9086779909966,-10.92513924797787],[122.9090473956208,-10.92531865822941],[122.9084954969696,-10.92578801260665],[122.9084260836969,-10.92539271020534],[122.9086779909966,-10.92513924797787]]],[[[122.826542502035,-10.92555622134251],[122.8262614647948,-10.92529226942263],[122.8263161867427,-10.92494823287458],[122.8264020450185,-10.925012794305],[122.826542502035,-10.92555622134251]]],[[[122.9967464136162,-10.92368761718976],[122.998024183869,-10.92655367830957],[122.9943407784043,-10.92928054056442],[122.9951260007643,-10.92520095496006],[122.9967464136162,-10.92368761718976]]],[[[122.9308414114021,-10.9234835592188],[122.9308490259618,-10.9233940910644],[122.9309137465722,-10.92338266967444],[122.9309118427075,-10.92343977662436],[122.9308414114021,-10.9234835592188]]],[[[122.9154994350509,-10.92304150556103],[122.9154328096765,-10.9230215190278],[122.9154404242363,-10.92297012277291],[122.9155186535631,-10.92297199426209],[122.9154994350509,-10.92304150556103]]],[[[123.0024415161631,-10.92297371196718],[123.0021740146192,-10.92186442430368],[123.0029601129189,-10.92156034733208],[123.0031272438273,-10.92226389326399],[123.0024415161631,-10.92297371196718]]],[[[123.0014221544089,-10.92161000789547],[123.0006930209662,-10.92201180340194],[123.0003392348679,-10.92161276072028],[123.0009447708846,-10.92077748119571],[123.0014221544089,-10.92161000789547]]],[[[123.0304581507231,-10.91944329377295],[123.030763376129,-10.91953336537246],[123.0307779514413,-10.91959177184279],[123.0304219826884,-10.91956702609734],[123.0304581507231,-10.91944329377295]]],[[[122.9483894418194,-10.91932156783606],[122.9482313499968,-10.91921319863019],[122.9482556200009,-10.9191403868193],[122.94846120592,-10.91924175210515],[122.9483894418194,-10.91932156783606]]],[[[122.9467193108476,-10.91949836825508],[122.9462777293339,-10.91909336666548],[122.9469165357695,-10.91868712041427],[122.9469768038365,-10.91892971613342],[122.9467193108476,-10.91949836825508]]],[[[122.9060039971868,-10.91896161418704],[122.9058921628931,-10.91858089968872],[122.9062562201485,-10.91846430618276],[122.9062038724109,-10.9187736360944],[122.9060039971868,-10.91896161418704]]],[[[122.9458684029046,-10.918505345845],[122.9456535791494,-10.918191873656],[122.946074090447,-10.91804117695865],[122.9461213776995,-10.91823680828206],[122.9458684029046,-10.918505345845]]],[[[122.9504597872894,-10.91805669116333],[122.9503325098375,-10.91806521313899],[122.9503198743628,-10.91793533934442],[122.9503972313472,-10.917953852788],[122.9504597872894,-10.91805669116333]]],[[[122.9476288905609,-10.91928831000748],[122.9470642026509,-10.91826599667838],[122.9475765050518,-10.91772315240148],[122.947820111609,-10.91906558211091],[122.9476288905609,-10.91928831000748]]],[[[122.9479085032749,-10.91753532899221],[122.9477901048296,-10.9174382417814],[122.9479605992024,-10.9171967099601],[122.9480150621455,-10.91726301337726],[122.9479085032749,-10.91753532899221]]],[[[122.9235951096267,-10.91735985237523],[122.9235646531863,-10.91734462415504],[122.9235549845749,-10.91717794830361],[122.9236522165766,-10.91727990174601],[122.9235951096267,-10.91735985237523]]],[[[122.9556955503095,-10.91638046278812],[122.9553607309131,-10.9159802141156],[122.9556242961245,-10.91560905761185],[122.9557999696928,-10.91574774026592],[122.9556955503095,-10.91638046278812]]],[[[122.9577822112801,-10.91725740520502],[122.9718003936733,-10.92045495283374],[122.956203437039,-10.9381534560171],[122.932832730746,-10.93605978033459],[122.9351597490232,-10.91586121762107],[122.9473760866372,-10.9233237910601],[122.9577822112801,-10.91725740520502]]],[[[122.9529165642481,-10.91462414978464],[122.9527764336856,-10.91470790544545],[122.9522337027232,-10.91453618529668],[122.9528353761517,-10.91441658715569],[122.9529165642481,-10.91462414978464]]],[[[122.9766768649454,-10.91444097676966],[122.9765521811384,-10.91446477193168],[122.9765398082656,-10.91434294437137],[122.9766502153352,-10.91431058316681],[122.9766768649454,-10.91444097676966]]],[[[122.9540971258817,-10.91469033359196],[122.95368900994,-10.91461008978374],[122.9537637400047,-10.91432411796365],[122.9542586998791,-10.91430874495252],[122.9540971258817,-10.91469033359196]]],[[[123.0198996395568,-10.913239404275],[123.0196706173053,-10.91302822727085],[123.0197063086993,-10.91266238486106],[123.0198079932444,-10.91268072113827],[123.0198996395568,-10.913239404275]]],[[[123.0201914893459,-10.91265255167391],[123.0203489741259,-10.91271108225065],[123.0200215867269,-10.91304904657616],[123.0199948184061,-10.91271889735921],[123.0201914893459,-10.91265255167391]]],[[[122.9005078723405,-10.91293461324179],[122.9002873486823,-10.91272230668901],[122.9005068839856,-10.91214092916049],[122.9006458849997,-10.9123543041078],[122.9005078723405,-10.91293461324179]]],[[[123.0222936753129,-10.91232241864464],[123.0227838435995,-10.91217489295689],[123.0229431872783,-10.91286614875376],[123.021803397309,-10.91283357980577],[123.0222936753129,-10.91232241864464]]],[[[123.0263787629695,-10.91166757190088],[123.0264650187457,-10.91242899909897],[123.0260753820733,-10.9125241779484],[123.0257601040456,-10.91204828639921],[123.0263787629695,-10.91166757190088]]],[[[123.0200448755706,-10.90877746920478],[123.0199543219345,-10.90878452618485],[123.0199354208831,-10.90869894579967],[123.0200520152883,-10.90867277193082],[123.0200448755706,-10.90877746920478]]],[[[123.010178790219,-10.90841442998192],[123.0074364569271,-10.90860404663941],[123.0055072069921,-10.90903223904654],[123.0077127538406,-10.90798290558659],[123.010178790219,-10.90841442998192]]],[[[123.0204765096832,-10.90728316738419],[123.0211013370571,-10.90858331726626],[123.0207049392816,-10.90880602178046],[123.0196674939598,-10.90824446890711],[123.0204765096832,-10.90728316738419]]],[[[122.9918167402505,-10.90796218071002],[123.0010966375999,-10.90933988902465],[123.0005222891724,-10.91880829686536],[122.9902534352479,-10.92526443180802],[122.9768521122353,-10.911824205023],[122.9918167402505,-10.90796218071002]]],[[[122.9690816010351,-10.89739590030055],[122.9689758236754,-10.89726839981678],[122.9693599169267,-10.89713570844609],[122.9693361901131,-10.89723617980585],[122.9690816010351,-10.89739590030055]]],[[[123.0445585869094,-10.88506113366437],[123.0445524742174,-10.88516061307175],[123.0443753680289,-10.88514917369537],[123.0443848855541,-10.88506827158342],[123.0445585869094,-10.88506113366437]]],[[[123.0439304086615,-10.88517534756422],[123.0437971588119,-10.88487315737028],[123.0442230831288,-10.8849968887953],[123.0440470030668,-10.88514917369537],[123.0439304086615,-10.88517534756422]]],[[[123.0432969073265,-10.88472494639914],[123.0435955299098,-10.88497122034553],[123.0436205139757,-10.8850699677048],[123.0429202352807,-10.88476304797624],[123.0432969073265,-10.88472494639914]]],[[[123.0639270906628,-10.87169374207242],[123.063620510878,-10.87713469800782],[123.0579992363758,-10.86913907570775],[123.0607864062676,-10.86938857012639],[123.0639270906628,-10.87169374207242]]],[[[123.0190639049753,-10.86634661780213],[123.0190139359445,-10.86626809619567],[123.0191067351877,-10.86618957368984],[123.0191257711375,-10.86628475163989],[123.0190639049753,-10.86634661780213]]],[[[123.0187398216855,-10.8661505512069],[123.0185542240982,-10.86605917918771],[123.0185608530011,-10.86602009734959],[123.0187583818939,-10.86612770842697],[123.0187398216855,-10.8661505512069]]],[[[123.0576053369169,-10.86382260303063],[123.0576700584265,-10.86383402442069],[123.0577309722067,-10.86399392388049],[123.0575463261022,-10.86389303523532],[123.0576053369169,-10.86382260303063]]],[[[123.0206051765877,-10.86435597744638],[123.0204776383324,-10.86391434916781],[123.0205371024055,-10.86378882089727],[123.0206889340471,-10.86401143098275],[123.0206051765877,-10.86435597744638]]],[[[122.9920710721224,-10.8636431999736],[122.9919265420763,-10.86432233470791],[122.9911651148782,-10.86419670031738],[122.9916029363266,-10.86381788968376],[122.9920710721224,-10.8636431999736]]],[[[122.9890963324299,-10.86365461866572],[122.9888679037308,-10.86350471337177],[122.9888562692015,-10.863340641957],[122.9891605781982,-10.86346045503593],[122.9890963324299,-10.86365461866572]]],[[[123.0616079819229,-10.86268541480003],[123.0613014839765,-10.86256382286209],[123.0613568372484,-10.86224077379264],[123.0616955354207,-10.86238765286785],[123.0616079819229,-10.86268541480003]]],[[[123.0706054741634,-10.86087613982192],[123.0705447978042,-10.86083206135047],[123.0705733521785,-10.86076192592207],[123.0706304591284,-10.86080636322302],[123.0706054741634,-10.86087613982192]]],[[[123.0704698447076,-10.86090112478704],[123.0703984610202,-10.8608083264431],[123.070451998561,-10.86069768105309],[123.0704983990819,-10.86076192592207],[123.0704698447076,-10.86090112478704]]],[[[123.0715515123925,-10.86058287989598],[123.073279001225,-10.8614727977314],[123.073126716325,-10.86231988625375],[123.0715390972516,-10.86288972098382],[123.0715515123925,-10.86058287989598]]],[[[123.0864891670415,-10.8599647803503],[123.0862863267527,-10.85977536334227],[123.086855397059,-10.85931930544158],[123.0868035079756,-10.85972936571762],[123.0864891670415,-10.8599647803503]]],[[[123.0265690837963,-10.85939430440355],[123.0264720019813,-10.85928960802896],[123.0265671799315,-10.85919062234931],[123.0266262968662,-10.85924263823708],[123.0265690837963,-10.85939430440355]]],[[[123.0880388464157,-10.85862734637491],[123.0879480886334,-10.85879335942595],[123.087776634684,-10.85866448387883],[123.0880110528678,-10.85842282075651],[123.0880388464157,-10.85862734637491]]],[[[123.0858841940004,-10.85891042867331],[123.0856234787405,-10.8583789680149],[123.0866013826477,-10.85804536719992],[123.0862575637356,-10.85855929017903],[123.0858841940004,-10.85891042867331]]],[[[123.0878920266957,-10.85791294562595],[123.0878679770256,-10.85773514785878],[123.0882691088323,-10.85762490896236],[123.0881776756593,-10.85781413081744],[123.0878920266957,-10.85791294562595]]],[[[123.179982004366,-10.83321793186201],[123.1782052893427,-10.83422093314946],[123.1779346671512,-10.83234746276512],[123.1783083687364,-10.83222599133638],[123.179982004366,-10.83321793186201]]],[[[122.7378171543383,-10.83559859739729],[122.7322488490053,-10.82659602398726],[122.7485958150448,-10.82659896027376],[122.7483117138145,-10.8290089338152],[122.7378171543383,-10.83559859739729]]],[[[123.2157706349069,-10.82308477574177],[123.2148784561758,-10.82293152496987],[123.2149223997489,-10.82276005303394],[123.2154804092935,-10.82281243404653],[123.2157706349069,-10.82308477574177]]],[[[122.6683101757741,-10.80007002201391],[122.6875730136838,-10.82675041959609],[122.6861599440263,-10.83399066983349],[122.6397930064421,-10.80675404876031],[122.6683101757741,-10.80007002201391]]],[[[122.7730635917114,-10.77230782814372],[122.7858657629946,-10.77349298801094],[122.7848995988375,-10.78085685815749],[122.7620215276714,-10.78916574310449],[122.7489969774287,-10.78543756579096],[122.7520660757887,-10.77530543489782],[122.7730635917114,-10.77230782814372]]],[[[122.9931648320914,-10.72952558643665],[122.993148343921,-10.73069496320194],[122.988144921651,-10.73043780476082],[122.9907894617643,-10.72860127313023],[122.9931648320914,-10.72952558643665]]],[[[122.9628370927577,-10.72797627128786],[122.9639383206971,-10.72922612928238],[122.9632900318096,-10.73156177025945],[122.9621605129973,-10.72950455129396],[122.9628370927577,-10.72797627128786]]],[[[122.9569296971479,-10.73030843008993],[122.9482109929431,-10.73272517822435],[122.9436522188749,-10.73150521099667],[122.9465487643141,-10.72793842961477],[122.9569296971479,-10.73030843008993]]],[[[123.1019112711883,-10.66521325208985],[123.1008804817488,-10.66449980372289],[123.1012160161063,-10.66398357578134],[123.1027117739293,-10.66437135715235],[123.1019112711883,-10.66521325208985]]],[[[123.39162995296,-10.59597601258282],[123.3914228696698,-10.5959807987748],[123.3913885407486,-10.59564642274411],[123.3916249527294,-10.5956507691676],[123.39162995296,-10.59597601258282]]],[[[123.3648857898473,-10.58448048968275],[123.3653491691289,-10.58460518158382],[123.3643434509895,-10.58612780215629],[123.3641455938441,-10.58524464812194],[123.3648857898473,-10.58448048968275]]],[[[123.3864558501574,-10.56303968083652],[123.3863240392231,-10.56305008509336],[123.386229048332,-10.56292375013086],[123.3864491574028,-10.56289699260205],[123.3864558501574,-10.56303968083652]]],[[[123.3895886780751,-10.56349036798608],[123.3900240839444,-10.56582522565364],[123.3856349004303,-10.56452554791568],[123.3886841750347,-10.56208486612363],[123.3895886780751,-10.56349036798608]]],[[[123.3767227097853,-10.54894030585041],[123.3766350933349,-10.54870687242422],[123.3767988580808,-10.54859458936875],[123.3767788598566,-10.5487430782304],[123.3767227097853,-10.54894030585041]]],[[[123.376862720738,-10.54839434092603],[123.3767697659121,-10.54826871462947],[123.3768969930019,-10.54811092857644],[123.3769291176847,-10.54836055339681],[123.376862720738,-10.54839434092603]]],[[[123.3721093046008,-10.54390855403645],[123.3723163069521,-10.54355312667539],[123.3729409337772,-10.54349887057631],[123.3728215766545,-10.54371814867359],[123.3721093046008,-10.54390855403645]]],[[[123.3854253260181,-10.54108844197799],[123.3852336391212,-10.54101935695771],[123.3852272368476,-10.54077064764723],[123.3855169273644,-10.54092580767987],[123.3854253260181,-10.54108844197799]]],[[[123.3850608209002,-10.54092431390588],[123.3848066598995,-10.54074333883397],[123.3847399931562,-10.54053833207831],[123.3849391606139,-10.54048302287319],[123.3850608209002,-10.54092431390588]]],[[[123.3854780226926,-10.53940670885252],[123.3858757262838,-10.53950302714293],[123.385469897318,-10.53984206166179],[123.3852050163984,-10.53953377496367],[123.3854780226926,-10.53940670885252]]],[[[123.3677168826281,-10.54088333719621],[123.3674105465596,-10.5409064929402],[123.3673993616912,-10.53882902483954],[123.3678219027587,-10.54033205458065],[123.3677168826281,-10.54088333719621]]],[[[123.3854394696558,-10.53918628142164],[123.3852918171637,-10.53886739621335],[123.3856267345861,-10.53880952214168],[123.3854729981804,-10.53908415441017],[123.3854394696558,-10.53918628142164]]],[[[123.3864431085626,-10.5374930459673],[123.3858470451052,-10.53732577656328],[123.3862918398966,-10.53666334134007],[123.3867853500639,-10.5368055259542],[123.3864431085626,-10.5374930459673]]],[[[123.3731628603777,-10.54050710941546],[123.3713225417021,-10.53838083780539],[123.3722186207927,-10.53588918423845],[123.3733578028204,-10.53914055359362],[123.3731628603777,-10.54050710941546]]],[[[123.3683176261576,-10.53568273856749],[123.3681746258584,-10.53570304795731],[123.3680915141121,-10.53556527361843],[123.3683495610834,-10.53545600688917],[123.3683176261576,-10.53568273856749]]],[[[123.3827859210334,-10.5362052725553],[123.3818412407807,-10.53840098981381],[123.3789856657559,-10.53913552368549],[123.3803799081063,-10.53609837194223],[123.3827859210334,-10.5362052725553]]],[[[123.384636350787,-10.53533174486406],[123.3831617000525,-10.53612703423521],[123.3847688308169,-10.53296864668567],[123.3849832633669,-10.53342164509282],[123.384636350787,-10.53533174486406]]],[[[123.377122230007,-10.5377483086375],[123.3746810158163,-10.53524887143825],[123.3767249221175,-10.53147952765803],[123.3778618846184,-10.53380076869049],[123.377122230007,-10.5377483086375]]],[[[123.3770009726169,-10.53078842924256],[123.376847825267,-10.53074199994331],[123.3772435062828,-10.53026355072227],[123.3772038749589,-10.53063599865236],[123.3770009726169,-10.53078842924256]]],[[[123.3898113304286,-10.52916893279992],[123.387624353681,-10.53397999188313],[123.3855286320407,-10.53526424624794],[123.3861771844296,-10.52732052382302],[123.3898113304286,-10.52916893279992]]],[[[123.3879242326172,-10.52740358610656],[123.3877206018245,-10.527293810361],[123.3879435059881,-10.52711262125044],[123.3880649900074,-10.52728317407919],[123.3879242326172,-10.52740358610656]]],[[[123.3866089858161,-10.52636198501753],[123.3863271508774,-10.52559305387629],[123.3872771344322,-10.52491230216093],[123.3873022444031,-10.52542289405121],[123.3866089858161,-10.52636198501753]]],[[[123.3884532192408,-10.5269496658943],[123.3878914208525,-10.5249454286885],[123.3885151276711,-10.52462320969337],[123.3888856033879,-10.52501465130511],[123.3884532192408,-10.5269496658943]]],[[[123.3881141451517,-10.524242042836],[123.3879997369984,-10.52394122141019],[123.3883661747592,-10.52368011674394],[123.3884480706221,-10.52411265107789],[123.3881141451517,-10.524242042836]]],[[[123.3944201679564,-10.52364093238312],[123.3942465619293,-10.52357946012393],[123.3942384482458,-10.52336517686141],[123.3944645297144,-10.52346621209599],[123.3944201679564,-10.52364093238312]]],[[[123.3935027587454,-10.52233925185496],[123.3933143867496,-10.5220931487797],[123.3933974391406,-10.52186792616377],[123.3935473660182,-10.52201742766206],[123.3935027587454,-10.52233925185496]]],[[[123.3941484998535,-10.52298002510808],[123.3940345098848,-10.52230721530572],[123.3947235551481,-10.52135914730677],[123.394643040644,-10.52182096086856],[123.3941484998535,-10.52298002510808]]],[[[123.3919058020112,-10.52180326311001],[123.3917374777025,-10.52141114700678],[123.3920280000922,-10.52100744673623],[123.3921155715765,-10.52121087068512],[123.3919058020112,-10.52180326311001]]],[[[123.3950607532512,-10.52110905573834],[123.3949102696932,-10.521191333813],[123.3950419879974,-10.52090967783935],[123.3950794879281,-10.52096130791796],[123.3950607532512,-10.52110905573834]]],[[[123.3935606166292,-10.52075726703421],[123.3930336040177,-10.51893805904418],[123.3934516718572,-10.51830011505819],[123.3939384371092,-10.51924741593549],[123.3935606166292,-10.52075726703421]]],[[[123.4322094590993,-10.51068677027816],[123.432255060123,-10.51028180286291],[123.4325730891768,-10.50998649607989],[123.4323989291673,-10.51058174115436],[123.4322094590993,-10.51068677027816]]],[[[123.4028041121202,-10.49326583025383],[123.4026123020162,-10.49324880608749],[123.4025429858701,-10.49305040035565],[123.4028602370104,-10.49310642632049],[123.4028041121202,-10.49326583025383]]],[[[123.3851999963828,-10.4921159966559],[123.3846376296229,-10.491958626989],[123.3846076947894,-10.4910038086788],[123.3852945978674,-10.49195389475635],[123.3851999963828,-10.4921159966559]]],[[[123.4267814758845,-10.49093542782769],[123.4412763790018,-10.49192937114352],[123.439005268878,-10.51086949003491],[123.4326814233091,-10.50677562409568],[123.4054509464041,-10.53953220924402],[123.3968678689571,-10.53869071000822],[123.3876225730234,-10.55855458822357],[123.3809376343644,-10.55797295888484],[123.3803765338501,-10.54644964963163],[123.3634337372772,-10.54768049236079],[123.368383407968,-10.54112229605709],[123.3687522712004,-10.53182843313561],[123.3704512083566,-10.52935202577537],[123.3698971819095,-10.54114946187806],[123.3667823062585,-10.54570733482556],[123.3834396427254,-10.53917599407679],[123.3865763602109,-10.54429111484303],[123.3913387299984,-10.52652711493439],[123.4065324980763,-10.51590652626516],[123.4040343630955,-10.49862070757957],[123.4267814758845,-10.49093542782769]]],[[[123.3899268618353,-10.49149433939219],[123.3895487265925,-10.49098405866731],[123.3895903750959,-10.49015861592729],[123.3898126722171,-10.49018680337824],[123.3899268618353,-10.49149433939219]]],[[[123.3497510289869,-10.48500410935212],[123.3495430104017,-10.48500183676529],[123.3495543103831,-10.48490664712405],[123.3497990303011,-10.48485923936234],[123.3497510289869,-10.48500410935212]]],[[[123.3979075823691,-10.48709608891334],[123.3972045238697,-10.49038292932865],[123.3981861266884,-10.49462681027904],[123.3922540716682,-10.48915356058833],[123.3979075823691,-10.48709608891334]]],[[[123.3514419441904,-10.48256149221903],[123.3512292041645,-10.48253739758279],[123.3510985146847,-10.48236040291018],[123.3515180996807,-10.48230133543829],[123.3514419441904,-10.48256149221903]]],[[[123.3969441386612,-10.48434664558123],[123.3958001038917,-10.48353165296339],[123.3969294113633,-10.48212090085883],[123.3971855131011,-10.48369195981607],[123.3969441386612,-10.48434664558123]]],[[[123.3999114040881,-10.48144927096704],[123.3996700170577,-10.4814592426499],[123.4000697306336,-10.48115040017084],[123.4000690660345,-10.48124511497004],[123.3999114040881,-10.48144927096704]]],[[[123.3632394387491,-10.48069461386525],[123.3631040161375,-10.48074804888326],[123.3631065432324,-10.48042696033587],[123.3631853562193,-10.48044026220827],[123.3632394387491,-10.48069461386525]]],[[[123.4001292801422,-10.48045771085462],[123.399654728583,-10.48096445724392],[123.3985107603634,-10.48068062041423],[123.4006153007556,-10.47898805675336],[123.4001292801422,-10.48045771085462]]],[[[123.4024130356331,-10.47884432530529],[123.4024354701209,-10.47855624727292],[123.4029585850707,-10.47824358627246],[123.4026846695619,-10.47862708597121],[123.4024130356331,-10.47884432530529]]],[[[123.4118160357815,-10.47372730337226],[123.4114934004002,-10.47376695987728],[123.4114124173492,-10.47363452841068],[123.4119103422885,-10.47341224657792],[123.4118160357815,-10.47372730337226]]],[[[123.3314030066435,-10.45434145799183],[123.3311931660319,-10.45433183974261],[123.3316458280925,-10.45406708203014],[123.3316590814016,-10.45411492956035],[123.3314030066435,-10.45434145799183]]],[[[123.3329036531811,-10.4545141116369],[123.3314396342318,-10.45739872217329],[123.3293555246378,-10.45746830271995],[123.3301453056614,-10.45528330627954],[123.3329036531811,-10.4545141116369]]],[[[123.3786836824061,-10.43104180083841],[123.4048479006102,-10.45500873966157],[123.4101992561908,-10.4703929211963],[123.4259546958526,-10.4721460919685],[123.4046298662754,-10.47134315386343],[123.3828473042597,-10.48821492198105],[123.3777009770185,-10.50207755133792],[123.3875330958757,-10.49327246455254],[123.387334654171,-10.50285720419655],[123.3911304074425,-10.49604668510636],[123.3998951668285,-10.505198894913],[123.3908946645572,-10.50932351766621],[123.3904246203999,-10.52372323743745],[123.389665195992,-10.52082965616366],[123.3859585250659,-10.52375151571983],[123.3810648623536,-10.53340749965635],[123.3755796229013,-10.52486230075454],[123.3656790773277,-10.53313245729706],[123.3608705138632,-10.54861248767612],[123.3572880483049,-10.54590589614016],[123.3615509103463,-10.55546104898813],[123.3726310759635,-10.55253651394892],[123.3723129272999,-10.56170735590969],[123.3792141673,-10.55249828286938],[123.3834888293461,-10.56850476828036],[123.3683651652202,-10.58357899397533],[123.3425287939687,-10.58671435798118],[123.3545823246146,-10.59857159630207],[123.3894130018086,-10.59692848815919],[123.4205945646875,-10.61374494887025],[123.4267332677261,-10.65645140920511],[123.4070009738159,-10.66613082857478],[123.4032614263737,-10.68524120801529],[123.3922723126173,-10.68149008180173],[123.3791820911806,-10.69067145572305],[123.3640674481543,-10.68115395209313],[123.3474045080116,-10.68673095297104],[123.3320416763823,-10.67799791357283],[123.3290418348129,-10.69193404362119],[123.305961188658,-10.70336305536069],[123.3000044220666,-10.72032311082285],[123.2528602921689,-10.73423867157739],[123.2477321132465,-10.75041987277892],[123.2364696487554,-10.75322576835445],[123.2449383459279,-10.77692365070593],[123.2298237343779,-10.79940815156489],[123.2227209149384,-10.8296357361003],[123.2079156647761,-10.81936919972868],[123.1889908010847,-10.83686772786335],[123.1615184452201,-10.81717413807597],[123.1326268215706,-10.81546686060706],[123.1026229532868,-10.83155357903436],[123.0896601630862,-10.85674750968984],[123.0705687998103,-10.84770861086362],[123.0582506472497,-10.86380975441664],[123.0515286691128,-10.85526510859783],[123.0256132519501,-10.85878302621566],[123.0151705266985,-10.86759478507123],[122.9974807910057,-10.85850238827451],[122.9687357982186,-10.87017476915022],[122.9490043172955,-10.89291726212192],[122.9644969561697,-10.90049242438587],[122.9705003750924,-10.91510562162712],[122.9493225091265,-10.90404902364346],[122.9113623836671,-10.92490451503128],[122.9091351937343,-10.91009096142866],[122.8999382237701,-10.92131496461384],[122.9010946224189,-10.91093731520488],[122.8887702564423,-10.91033008756346],[122.8624023220097,-10.91737588279072],[122.8557715477189,-10.93984929231098],[122.8469013608092,-10.94310587143877],[122.8320021350906,-10.93117944017903],[122.8220862686664,-10.91943840236034],[122.8213349363583,-10.89172832060548],[122.8311135644396,-10.8709403817932],[122.8256364512613,-10.83409548401935],[122.803720937971,-10.80248743204926],[122.8100182787207,-10.78199495290473],[122.8371590239699,-10.7879027469142],[122.8340775149655,-10.77420916492098],[122.8582644225651,-10.7588342050345],[122.8980147232009,-10.75527368293406],[122.9325831787708,-10.74437755098312],[122.9335450801414,-10.73651763817843],[122.9475099282406,-10.74621871682034],[122.9807918910331,-10.74212492192757],[122.994778830079,-10.73181953034704],[123.0204785763253,-10.73457648391754],[123.0286833458598,-10.72493188270014],[123.0426968562749,-10.72938570318767],[123.0614715286881,-10.70312313602384],[123.0734135712794,-10.70097589312294],[123.0712455810188,-10.69311814318768],[123.0872659861365,-10.68666036428432],[123.0937171820024,-10.67148161398526],[123.108807712406,-10.67020139128115],[123.1083417880431,-10.66170947091532],[123.1159671010009,-10.66194183055094],[123.1291771651941,-10.64353784339669],[123.1490250984297,-10.6528066098371],[123.1778173397985,-10.637084338971],[123.1911489761444,-10.6198844514063],[123.1949234055908,-10.59381779705369],[123.20647014668,-10.59143846791091],[123.230854735158,-10.60592650380501],[123.2597201840393,-10.60584838869215],[123.3103344649636,-10.59306004538472],[123.3124437276959,-10.57596979417069],[123.2758822395737,-10.57924614039701],[123.2546544990059,-10.60286877917072],[123.2447588313551,-10.60266612324295],[123.2243709433644,-10.59659515714076],[123.2132424212007,-10.5797178653871],[123.2334343469176,-10.56494427226029],[123.2644849469229,-10.52054680319239],[123.2840408334177,-10.51232425136302],[123.2875045479966,-10.5174464228141],[123.3263962586805,-10.50037618331421],[123.3393119801639,-10.48609476306275],[123.369644786278,-10.47804973470743],[123.3650396782386,-10.46975475597714],[123.376044566104,-10.45700243411501],[123.3689465328563,-10.44069948359423],[123.3786836824061,-10.43104180083841]]]]}},{"type":"Feature","properties":{"kode":"53.15","nama":"Kabupaten Manggarai Barat","lat":-8.60271673193086,"lng":119.98854525873647},"geometry":{"type":"MultiPolygon","coordinates":[[[[119.8838816296336,-8.841783230111915],[119.8836072302895,-8.84053263827063],[119.8839619462869,-8.840235141638413],[119.8843027650606,-8.841242644932095],[119.8838816296336,-8.841783230111915]]],[[[119.6345743770059,-8.809194630227939],[119.6342396664276,-8.809551548665056],[119.634081035911,-8.809562652594298],[119.6348408767051,-8.808763152597336],[119.6345743770059,-8.809194630227939]]],[[[119.6225708477665,-8.797060505038239],[119.622346486701,-8.79700898287819],[119.6223908142847,-8.79682471089163],[119.62263170399,-8.796857916559535],[119.6225708477665,-8.797060505038239]]],[[[119.6228106879629,-8.796509340233776],[119.6227589175901,-8.79630710428934],[119.6228950731491,-8.796197744030625],[119.6229266069775,-8.796325449559799],[119.6228106879629,-8.796509340233776]]],[[[119.6159918609356,-8.791360598312874],[119.6157246138998,-8.791279123332867],[119.6156641713645,-8.791075704779931],[119.616253010568,-8.791183675586094],[119.6159918609356,-8.791360598312874]]],[[[119.6466795413278,-8.791325907864316],[119.6462678937483,-8.791030854690156],[119.6466866801462,-8.790757217071903],[119.6468461029654,-8.7909856448716],[119.6466795413278,-8.791325907864316]]],[[[119.7863514928272,-8.794472106902145],[119.8033314961517,-8.80059484157865],[119.7982980113441,-8.821878677359045],[119.7896499785637,-8.825790748943856],[119.7707608943998,-8.818460744567673],[119.7714911088277,-8.806742734789346],[119.7863514928272,-8.794472106902145]]],[[[119.6708784350918,-8.78807551517287],[119.6709952813072,-8.788609782615335],[119.6707106099068,-8.788864774589626],[119.6704258449768,-8.788204484249533],[119.6708784350918,-8.78807551517287]]],[[[119.6120879471011,-8.787768211433793],[119.6119903904442,-8.787744417171055],[119.6120998442325,-8.787613546028332],[119.6121141209699,-8.787734898746518],[119.6120879471011,-8.787768211433793]]],[[[119.8011136151014,-8.786276321594926],[119.8011433583794,-8.7869485198582],[119.8003801469262,-8.786599929143417],[119.8006585437569,-8.785654093261801],[119.8011136151014,-8.786276321594926]]],[[[119.6554335061514,-8.784353803984839],[119.6672151321727,-8.798922327403407],[119.6672837558407,-8.816722319979036],[119.6528801249179,-8.814569233283436],[119.6510944256673,-8.803980684760742],[119.6307019367451,-8.80692224396629],[119.6554335061514,-8.784353803984839]]],[[[119.6590201823356,-8.78429302060633],[119.6596276752771,-8.78499663488677],[119.6596470044057,-8.78626835629957],[119.6575833489923,-8.784702633020096],[119.6590201823356,-8.78429302060633]]],[[[119.8008457628218,-8.784239215967009],[119.8004571819535,-8.78513566827646],[119.7978457234015,-8.784445624765773],[119.7985417159275,-8.783357022408627],[119.8008457628218,-8.784239215967009]]],[[[119.8073852343412,-8.78212267142409],[119.8072721436944,-8.785407848993003],[119.8038883149938,-8.789062602057456],[119.8035373446728,-8.782417956623405],[119.8073852343412,-8.78212267142409]]],[[[119.8117224001687,-8.783107453346233],[119.8115751640626,-8.782676842662145],[119.8120510556117,-8.781301513953714],[119.812374662261,-8.782286610638561],[119.8117224001687,-8.783107453346233]]],[[[119.6124004893911,-8.779405238560827],[119.6123605154255,-8.779323384966169],[119.6125394499358,-8.77920917106632],[119.612497571206,-8.779340517051164],[119.6124004893911,-8.779405238560827]]],[[[119.8033337147792,-8.772580940058265],[119.8032177166244,-8.772485761208841],[119.8032831512964,-8.772340019776053],[119.8034616109646,-8.77242032743613],[119.8033337147792,-8.772580940058265]]],[[[119.7328705464387,-8.766728876136636],[119.7335040783506,-8.76681215695541],[119.7323617693801,-8.76671412095991],[119.7319762965689,-8.766253695051933],[119.7328705464387,-8.766728876136636]]],[[[119.799752503775,-8.765329193787235],[119.7991454982662,-8.764991210575861],[119.7999920094237,-8.764361294837801],[119.8001537947618,-8.764976337587864],[119.799752503775,-8.765329193787235]]],[[[119.6115266379441,-8.762696917728512],[119.6118171594344,-8.762849979642766],[119.6118596470052,-8.762979276972054],[119.611534822674,-8.762897103218652],[119.6115266379441,-8.762696917728512]]],[[[119.4240856554287,-8.76283311555575],[119.4236885723698,-8.762567400065429],[119.4237839553653,-8.762056480821894],[119.4241794448255,-8.762428717411357],[119.4240856554287,-8.76283311555575]]],[[[119.7995882758782,-8.761724646275386],[119.7994740619784,-8.761565222556982],[119.7999856458209,-8.76120354490764],[119.7999214009519,-8.761398660919433],[119.7995882758782,-8.761724646275386]]],[[[119.7989779437771,-8.759948379114384],[119.79883041719,-8.759893651770572],[119.7987685519272,-8.759643808414967],[119.7991652078082,-8.759716027572555],[119.7989779437771,-8.759948379114384]]],[[[119.4408800854477,-8.752695622904643],[119.4400643311041,-8.75207141336503],[119.4398605672114,-8.751446784741272],[119.4403933300882,-8.751578969793599],[119.4408800854477,-8.752695622904643]]],[[[119.3674583211447,-8.74976302004729],[119.3673455335696,-8.749638811981502],[119.3677367179751,-8.749577421560755],[119.3677110198478,-8.749637384757474],[119.3674583211447,-8.74976302004729]]],[[[119.3675725350445,-8.74947177460264],[119.3674426171831,-8.749436082309341],[119.3677638442261,-8.749344711189426],[119.3677138751952,-8.749433226961827],[119.3675725350445,-8.74947177460264]]],[[[119.3679070873422,-8.749208367671972],[119.3678630673267,-8.749357084062108],[119.3676417774461,-8.74924287016226],[119.3676655726082,-8.74920717786896],[119.3679070873422,-8.749208367671972]]],[[[119.3677534786403,-8.748678517699364],[119.3672059938616,-8.748741036769374],[119.3669939723939,-8.7485819745784],[119.3678469649655,-8.748251977346815],[119.3677534786403,-8.748678517699364]]],[[[119.604022184876,-8.747894706375607],[119.6042381094013,-8.74877381166204],[119.6022624580461,-8.748124575788534],[119.6026052274493,-8.747841084298518],[119.604022184876,-8.747894706375607]]],[[[119.3727230522271,-8.745570839322774],[119.3726754628024,-8.74555180337298],[119.3726683248833,-8.745432830260906],[119.3727968164199,-8.745489937210742],[119.3727230522271,-8.745570839322774]]],[[[119.3720490733061,-8.745244345849805],[119.3725680369854,-8.746155979614727],[119.3711950204338,-8.746126996263808],[119.3713590360906,-8.745471043353952],[119.3720490733061,-8.745244345849805]]],[[[119.4253849959209,-8.74414730875122],[119.4307398651528,-8.76048874036302],[119.4305819217184,-8.76449331891152],[119.4193403592702,-8.75487086170084],[119.4253849959209,-8.74414730875122]]],[[[119.3753368903852,-8.7439294084154],[119.375012093933,-8.744753890679462],[119.3746480357783,-8.744978749969317],[119.3744374541253,-8.74350467390153],[119.3753368903852,-8.7439294084154]]],[[[119.4104283763685,-8.742926409825884],[119.4098073369392,-8.742676565571],[119.4097609373175,-8.742483830064689],[119.4101678256847,-8.742544506423737],[119.4104283763685,-8.742926409825884]]],[[[119.4105753076044,-8.741938934434206],[119.4115687329107,-8.74202221435361],[119.4120624724053,-8.742872871385892],[119.4108102797706,-8.742849077123154],[119.4105753076044,-8.741938934434206]]],[[[119.7258480085788,-8.741722009862833],[119.7260294423049,-8.74181421375491],[119.7256100623546,-8.74165954924873],[119.7256933431734,-8.741600062692694],[119.7258480085788,-8.741722009862833]]],[[[119.3700204599763,-8.7395914134129],[119.3708740919658,-8.73997807512799],[119.3708592198771,-8.740230893440941],[119.3694107232264,-8.739540849030885],[119.3700204599763,-8.7395914134129]]],[[[119.6052781537638,-8.739111893998679],[119.6048960174373,-8.739141455613701],[119.6047412558044,-8.738835259839366],[119.6051395727331,-8.738903182935491],[119.6052781537638,-8.739111893998679]]],[[[119.3746920090291,-8.738797002679437],[119.3741709751105,-8.744002972059466],[119.3638559940589,-8.747801002414306],[119.3675553049335,-8.740681305397828],[119.3709690064146,-8.741246020287612],[119.3746920090291,-8.738797002679437]]],[[[119.4832485310948,-8.73791531543942],[119.4833608420293,-8.73795148257484],[119.4833170594348,-8.738048565289063],[119.4831552561102,-8.737999071999507],[119.4832485310948,-8.73791531543942]]],[[[119.3755776910576,-8.737341368109579],[119.3751378821076,-8.738530750293787],[119.3749209512409,-8.738529370733854],[119.3744258789512,-8.737554055974854],[119.3755776910576,-8.737341368109579]]],[[[119.4817521473437,-8.738731111151825],[119.4803980732125,-8.738359534664735],[119.4817028537038,-8.736793259201452],[119.4820089271704,-8.737691017326537],[119.4817521473437,-8.738731111151825]]],[[[119.3819271259362,-8.736707365852219],[119.381544457211,-8.73667121940123],[119.3815141176824,-8.736364099123843],[119.3820851476115,-8.736395105949306],[119.3819271259362,-8.736707365852219]]],[[[119.4111321768085,-8.73910499529929],[119.4096838888005,-8.737867012852334],[119.4111940195884,-8.735733565551556],[119.4116986408796,-8.73624557027684],[119.4111321768085,-8.73910499529929]]],[[[119.3900946644373,-8.728749239885474],[119.3902202997272,-8.728732107800479],[119.3902336249818,-8.728753046715703],[119.3899937748929,-8.728810153665627],[119.3900946644373,-8.728749239885474]]],[[[119.6156568158094,-8.72536336162975],[119.6155521194348,-8.725295547351646],[119.6155568777477,-8.725268182780415],[119.6156068467786,-8.725269372583426],[119.6156568158094,-8.72536336162975]]],[[[119.6144250557718,-8.72597902041539],[119.6130887738279,-8.72560345003917],[119.6130804829779,-8.723316980394262],[119.6152112961645,-8.725352073339447],[119.6144250557718,-8.72597902041539]]],[[[119.6122112369591,-8.722976048305924],[119.6120951191944,-8.722902760753719],[119.6120656142368,-8.722829473201514],[119.6121960087389,-8.722888484016238],[119.6122112369591,-8.722976048305924]]],[[[119.797455192803,-8.707676903066535],[119.7968611213436,-8.707373124669875],[119.7975583027735,-8.706735429796169],[119.7977462799668,-8.707023344151992],[119.797455192803,-8.707676903066535]]],[[[119.5253934907171,-8.702143725252647],[119.525256670559,-8.702348953241561],[119.5240913308502,-8.702070556410995],[119.5249884684431,-8.701454613439612],[119.5253934907171,-8.702143725252647]]],[[[119.5239866335763,-8.700178886446412],[119.5238367282824,-8.700018271126257],[119.5238664715605,-8.699776756392179],[119.5241472479971,-8.699836242948216],[119.5239866335763,-8.700178886446412]]],[[[119.7631810682518,-8.700148706097881],[119.7630206840574,-8.700119786598819],[119.7627698973129,-8.69971469237905],[119.7630592397921,-8.699844135398465],[119.7631810682518,-8.700148706097881]]],[[[119.7663825845886,-8.713973234776944],[119.7651581504283,-8.70529206018043],[119.7669453227685,-8.698288613128984],[119.7682784157164,-8.707868667305068],[119.7663825845886,-8.713973234776944]]],[[[119.7101116956982,-8.697192191166696],[119.710007821304,-8.697287791798107],[119.7097381595885,-8.697104012639993],[119.7100973703974,-8.696910769916038],[119.7101116956982,-8.697192191166696]]],[[[119.7160249782702,-8.694834275781176],[119.7159016020773,-8.694803018044777],[119.7160050537903,-8.694456484079431],[119.7160990095617,-8.694592717879583],[119.7160249782702,-8.694834275781176]]],[[[119.7542811596479,-8.696314559869016],[119.7527265852637,-8.695477881898643],[119.7528222974112,-8.693288042609009],[119.7546430486378,-8.695444981100913],[119.7542811596479,-8.696314559869016]]],[[[119.5382155334202,-8.692123854032623],[119.5380073295746,-8.69197216358442],[119.538382095957,-8.691350529703161],[119.5385367595638,-8.691487348961928],[119.5382155334202,-8.692123854032623]]],[[[119.6474480542844,-8.69165474966687],[119.6472252607373,-8.691503203110322],[119.647264551218,-8.691345686853928],[119.6474657367544,-8.691470767262004],[119.6474480542844,-8.69165474966687]]],[[[119.6477340692719,-8.691471125192223],[119.6476371448384,-8.691460540171718],[119.6476488297297,-8.691279777339815],[119.6478053909061,-8.69132207605297],[119.6477340692719,-8.691471125192223]]],[[[119.6575228129275,-8.689805246215059],[119.6576288510906,-8.689318862275623],[119.6583190151105,-8.688980046292087],[119.6577573624124,-8.689740995950128],[119.6575228129275,-8.689805246215059]]],[[[119.6490990593742,-8.6894189784031],[119.64860076931,-8.689037424837203],[119.6491558272797,-8.68850963970809],[119.6492479376423,-8.6890975499119],[119.6490990593742,-8.6894189784031]]],[[[119.6329334056522,-8.688540606963429],[119.6328063422389,-8.688512051689727],[119.6327977770957,-8.688456373762659],[119.6330076446871,-8.68850063209841],[119.6329334056522,-8.688540606963429]]],[[[119.4490725738403,-8.689013120658977],[119.4490222873487,-8.68863266606466],[119.4495078223282,-8.68834788944353],[119.4495920123615,-8.688520578162144],[119.4490725738403,-8.689013120658977]]],[[[119.5411590936174,-8.688394104704127],[119.5359117617185,-8.69347470679223],[119.5326498379197,-8.692973394106822],[119.5329672437433,-8.68881685531358],[119.5411590936174,-8.688394104704127]]],[[[119.6290755739786,-8.68732822191987],[119.6287365007889,-8.687515604661371],[119.6286621421442,-8.687488836340655],[119.6290963941833,-8.686920740000108],[119.6290755739786,-8.68732822191987]]],[[[119.7520856150592,-8.687659793864349],[119.7512984033986,-8.687247079688891],[119.7515959665807,-8.686436902940713],[119.752302607979,-8.686766295827812],[119.7520856150592,-8.687659793864349]]],[[[119.5723959513121,-8.685915129779325],[119.5719496519549,-8.692020974288521],[119.5687278622012,-8.69298227671063],[119.5649868281796,-8.686403395999847],[119.5723959513121,-8.685915129779325]]],[[[119.4720162082815,-8.68744408337772],[119.4714144602092,-8.691361823389414],[119.4645846425673,-8.687731829560246],[119.4665644487903,-8.684244860311967],[119.4720162082815,-8.68744408337772]]],[[[119.650670220854,-8.684670048084246],[119.6488993496253,-8.687900631409011],[119.6452119718551,-8.685730507057237],[119.6459941293256,-8.684613695665426],[119.650670220854,-8.684670048084246]]],[[[119.5396902048392,-8.684451679201537],[119.5392149068425,-8.684762793368144],[119.5381322526015,-8.683709882405104],[119.5392012245569,-8.684105467193497],[119.5396902048392,-8.684451679201537]]],[[[119.5421649502523,-8.680999466951782],[119.5419365089627,-8.680882518213622],[119.541995532368,-8.68071202833736],[119.5423029098515,-8.680809057092258],[119.5421649502523,-8.680999466951782]]],[[[119.5436560657748,-8.680144224276525],[119.5440384709987,-8.681387330161066],[119.542548824069,-8.681295884397482],[119.5423917790574,-8.681018279869672],[119.5436560657748,-8.680144224276525]]],[[[119.6075378622826,-8.678891108937474],[119.6066347262118,-8.67891414866902],[119.6060197661993,-8.676682968444176],[119.6069810686215,-8.677011334305611],[119.6075378622826,-8.678891108937474]]],[[[119.5498695069722,-8.676684936160832],[119.5496272871696,-8.676940614317878],[119.5492008781181,-8.676734904292331],[119.5496529763038,-8.676439851118172],[119.5498695069722,-8.676684936160832]]],[[[119.5334783131736,-8.678206509023116],[119.5326100528117,-8.678386138709264],[119.5332644049284,-8.674959716317758],[119.5336332213961,-8.675561719797447],[119.5334783131736,-8.678206509023116]]],[[[119.69065311405,-8.672075239780401],[119.6903876827454,-8.671661915864686],[119.690757331086,-8.671523803380747],[119.6908544461758,-8.671766839767763],[119.69065311405,-8.672075239780401]]],[[[119.6900807738087,-8.671045830800388],[119.6896054407386,-8.67043864812505],[119.6902686709625,-8.670159390643377],[119.6906736527669,-8.670705426614127],[119.6900807738087,-8.671045830800388]]],[[[119.5936160035757,-8.668801998013791],[119.5935696048535,-8.668767496422785],[119.5936600235913,-8.668712768179692],[119.5936659726065,-8.668772254735728],[119.5936160035757,-8.668801998013791]]],[[[119.5333748191927,-8.668588751669475],[119.5332284590262,-8.670460312793153],[119.531566042439,-8.66971231786911],[119.5324607797411,-8.668721306343201],[119.5333748191927,-8.668588751669475]]],[[[119.7808700871849,-8.668549528637808],[119.7803396346664,-8.668335737304371],[119.7804776338357,-8.66778777588511],[119.7806281497693,-8.66785529968233],[119.7808700871849,-8.668549528637808]]],[[[119.5844131727298,-8.667174589335751],[119.584228729872,-8.667064110320393],[119.5843203680907,-8.666744327588631],[119.5844500296452,-8.667130929049076],[119.5844131727298,-8.667174589335751]]],[[[119.7764861008529,-8.668623854007578],[119.7865141963731,-8.675406512100796],[119.7849247426829,-8.677895516265082],[119.7755333932515,-8.680198321195558],[119.7764861008529,-8.668623854007578]]],[[[119.5836103749189,-8.665998205053054],[119.5841839643186,-8.666748202767298],[119.5839368980694,-8.667051920909401],[119.5835249168415,-8.666481534894892],[119.5836103749189,-8.665998205053054]]],[[[119.5348215342865,-8.666374982319596],[119.533815871905,-8.666642957806197],[119.5330304202177,-8.666611170369158],[119.5341277612872,-8.66559207841167],[119.5348215342865,-8.666374982319596]]],[[[119.5971101629037,-8.662060191624548],[119.5972072456179,-8.662109684014645],[119.5971653668882,-8.662303849443092],[119.5970587666488,-8.662138238388977],[119.5971101629037,-8.662060191624548]]],[[[119.7842743970458,-8.662489488399121],[119.7837201223858,-8.6623595327662],[119.784705085971,-8.660569535655487],[119.7851371670467,-8.661164937212078],[119.7842743970458,-8.662489488399121]]],[[[119.5384991508152,-8.657629281366201],[119.5382308353848,-8.657649133001026],[119.5379652592893,-8.65724279681757],[119.5382120188696,-8.657249037213237],[119.5384991508152,-8.657629281366201]]],[[[119.6044753631476,-8.656508339388296],[119.6043668599428,-8.656453135403801],[119.6043897027226,-8.65638270319911],[119.6044867854368,-8.6564169673691],[119.6044753631476,-8.656508339388296]]],[[[119.6318997203958,-8.649358794772493],[119.6315809628912,-8.649310104577594],[119.6317426484046,-8.649056034408424],[119.6319360278255,-8.649117942838718],[119.6318997203958,-8.649358794772493]]],[[[119.5706972902478,-8.64940775206609],[119.5717588832659,-8.651092409786791],[119.5700051369275,-8.652015447854549],[119.5697153079152,-8.648880852769096],[119.5706972902478,-8.64940775206609]]],[[[119.6321168239324,-8.648641323738087],[119.6314496753623,-8.648679268833153],[119.6313415453761,-8.648182289980682],[119.6319416530849,-8.648085999569126],[119.6321168239324,-8.648641323738087]]],[[[119.6033935021084,-8.648142123560092],[119.6033528131818,-8.64814355168349],[119.6033021309886,-8.648072167996173],[119.6034170589501,-8.648097152961203],[119.6033935021084,-8.648142123560092]]],[[[119.6030858377413,-8.648041473235395],[119.6030130259304,-8.648017202331975],[119.6030058880113,-8.647978655590443],[119.6031243835834,-8.647979369652141],[119.6030858377413,-8.648041473235395]]],[[[119.6314566666919,-8.647329300107103],[119.6313043808925,-8.64724839889444],[119.6313079503016,-8.64713299519158],[119.6314447866476,-8.647218691589291],[119.6314566666919,-8.647329300107103]]],[[[119.4957464131664,-8.647083910194269],[119.4973851308192,-8.648172447800189],[119.49613049023,-8.650597413040177],[119.4937973286839,-8.648507611636962],[119.4957464131664,-8.647083910194269]]],[[[119.8020610841517,-8.647088479649572],[119.8017309340354,-8.646877302645333],[119.8022008765693,-8.646374641876147],[119.8022335948046,-8.646419256343556],[119.8020610841517,-8.647088479649572]]],[[[119.5561485528135,-8.646142850612009],[119.5547168528005,-8.64544833117547],[119.5541306459127,-8.644535893416698],[119.5556472419268,-8.645053534193252],[119.5561485528135,-8.646142850612009]]],[[[119.802868317419,-8.6453808199688],[119.8022413280748,-8.646278471973883],[119.8028046661025,-8.64403820859641],[119.803143143941,-8.645180945644064],[119.802868317419,-8.6453808199688]]],[[[119.6231852169242,-8.63894617882302],[119.6216982688601,-8.637992360558915],[119.6220654287765,-8.636354365061809],[119.6231236358471,-8.638136277267332],[119.6231852169242,-8.63894617882302]]],[[[119.3960668615964,-8.636620285597623],[119.3950341763861,-8.63668215175986],[119.3952388099232,-8.635506698275446],[119.3960811392332,-8.635425796163503],[119.3960668615964,-8.636620285597623]]],[[[119.7111952996234,-8.634798620659794],[119.7100121893111,-8.633971427839064],[119.7107269560843,-8.63256326218476],[119.7112074476656,-8.63284132087026],[119.7111952996234,-8.634798620659794]]],[[[119.6013504303781,-8.631269859016726],[119.6020512459682,-8.659813444135072],[119.5907433009627,-8.666342283869248],[119.5792294031145,-8.654748247433623],[119.5581571409393,-8.665667357962175],[119.5549212749969,-8.676078830873273],[119.5643417660597,-8.691967368399283],[119.5588192461114,-8.694507922602472],[119.549104449211,-8.673313841860235],[119.5404602916092,-8.67834648580164],[119.5351441651711,-8.668622183067303],[119.5404819463848,-8.662492120714731],[119.5535888079771,-8.660637039667645],[119.5583515365942,-8.651000222082565],[119.5684778461757,-8.656347034288174],[119.5755268600766,-8.646462617156008],[119.5755843096682,-8.638124223653936],[119.6013504303781,-8.631269859016726]]],[[[119.6212390318559,-8.628584095779317],[119.6210586863095,-8.628544931203557],[119.6210335250772,-8.62839684433883],[119.621142025584,-8.628372709233094],[119.6212390318559,-8.628584095779317]]],[[[119.7075125245834,-8.628247925601222],[119.7104690062397,-8.629699396310091],[119.7102429571467,-8.63028831375468],[119.7062965719293,-8.630886126393627],[119.7075125245834,-8.628247925601222]]],[[[119.7123357928626,-8.62856260468046],[119.711639416326,-8.628122978292723],[119.7119717149228,-8.627631125575945],[119.7123912297715,-8.628198963811045],[119.7123357928626,-8.62856260468046]]],[[[119.7432599113159,-8.626661847066579],[119.7425072758902,-8.626636041020479],[119.7424577870972,-8.626389523357751],[119.743175795027,-8.62592389397248],[119.7432599113159,-8.626661847066579]]],[[[119.6128568926315,-8.625072308839936],[119.6189186361862,-8.627327733887729],[119.6193287189453,-8.635912242156234],[119.6146240307745,-8.636126790718794],[119.6128568926315,-8.625072308839936]]],[[[119.3753324432378,-8.625424700089805],[119.3751504141603,-8.625335470255706],[119.3752432134037,-8.624917874560172],[119.3755180417242,-8.625164149405933],[119.3753324432378,-8.625424700089805]]],[[[119.8062320363795,-8.625229980678988],[119.8060286061353,-8.624853005561732],[119.8063151031596,-8.624608282945871],[119.806480494779,-8.625049309577975],[119.8062320363795,-8.625229980678988]]],[[[119.5259942846085,-8.623073178884049],[119.5301484042255,-8.622811737871388],[119.5304248036619,-8.624176400620325],[119.5279335736756,-8.62641632315471],[119.5259942846085,-8.623073178884049]]],[[[119.3443632372736,-8.61907444502961],[119.344246834424,-8.620362115019535],[119.3434589365807,-8.620165128417927],[119.3435455017236,-8.619387400108351],[119.3443632372736,-8.61907444502961]]],[[[119.471852880606,-8.618393662737294],[119.4713547236416,-8.621036264811703],[119.4657650612087,-8.619778608795752],[119.4677118668092,-8.618058052836801],[119.471852880606,-8.618393662737294]]],[[[119.4746358947307,-8.617633913674165],[119.4738885608085,-8.61690488725067],[119.4757133625817,-8.61680466500328],[119.4756465168733,-8.617175543616344],[119.4746358947307,-8.617633913674165]]],[[[119.5211102437428,-8.615382787385677],[119.5201743948326,-8.616497380149983],[119.5192340169363,-8.617181268700573],[119.5200788373685,-8.614573096271343],[119.5211102437428,-8.615382787385677]]],[[[119.5321876826154,-8.615930284754807],[119.5314260431773,-8.61510438965583],[119.5314392110508,-8.61432672699685],[119.5320564823208,-8.614891950003383],[119.5321876826154,-8.615930284754807]]],[[[119.486987497575,-8.613393058942425],[119.4862762939159,-8.613952930982887],[119.4848515258773,-8.613745398031618],[119.486246752086,-8.61282353537776],[119.486987497575,-8.613393058942425]]],[[[119.7202033795824,-8.612423319980138],[119.7222973061758,-8.613458385695854],[119.7224043821566,-8.616736092596593],[119.7192165202263,-8.615321748599829],[119.7202033795824,-8.612423319980138]]],[[[119.6629451358094,-8.611617449185864],[119.6628518608247,-8.61155843837114],[119.662878510435,-8.611312877587167],[119.6629546533346,-8.611423285556157],[119.6629451358094,-8.611617449185864]]],[[[119.5297702330099,-8.60585967288559],[119.5330524850842,-8.612255673760298],[119.5239283853867,-8.615713604798962],[119.5210546629424,-8.61020218158533],[119.5297702330099,-8.60585967288559]]],[[[119.529374415297,-8.603429986204851],[119.5296491977522,-8.603629920784144],[119.5294410046987,-8.604670493048765],[119.5291924689574,-8.604337742992456],[119.529374415297,-8.603429986204851]]],[[[119.7686760698448,-8.603175958303737],[119.7706543939851,-8.604441496877584],[119.7706881968029,-8.606639998437142],[119.7665748767292,-8.605053454952909],[119.7686760698448,-8.603175958303737]]],[[[119.5781618008265,-8.603319884904685],[119.5779914458486,-8.603272755033569],[119.5781294540111,-8.603044496306449],[119.5782027883281,-8.603070984038634],[119.5781618008265,-8.603319884904685]]],[[[119.644487299949,-8.603221163625712],[119.6443730851499,-8.60312265458683],[119.644375939598,-8.603005585339378],[119.644504432034,-8.60312265458683],[119.644487299949,-8.603221163625712]]],[[[119.6347520272843,-8.60534371204265],[119.6628137232748,-8.612426455016813],[119.6584878088654,-8.656929187931599],[119.667713872797,-8.662150029400255],[119.6607971752495,-8.663644676560516],[119.6736193933205,-8.687772015765898],[119.6775530909025,-8.672935900871064],[119.6852868216296,-8.675266943614517],[119.6856828569784,-8.684814931563771],[119.6904679436407,-8.675031485814415],[119.7081619439187,-8.669792326054964],[119.7095378077237,-8.65912063341046],[119.6872839991573,-8.639433374850363],[119.711086177685,-8.645601576551503],[119.7146554546854,-8.65572315839696],[119.718699103381,-8.62140480878482],[119.7385525872322,-8.62081188036397],[119.7406173802879,-8.627167013346941],[119.7439597736247,-8.628412701185155],[119.7528333114083,-8.617971959838027],[119.7924008707036,-8.61409554187567],[119.8049973400552,-8.625310383667255],[119.7989910442015,-8.657014782706067],[119.757486505298,-8.665400449970733],[119.7449569823789,-8.698559862147874],[119.7256642258233,-8.69937920028983],[119.7250443941835,-8.684982086753816],[119.710876470173,-8.679391197645607],[119.7097022271761,-8.697328629112882],[119.689922145091,-8.723114089743405],[119.6978655149816,-8.733150649682635],[119.7226598147986,-8.739740849260684],[119.7334926884369,-8.756631236941974],[119.7172134296561,-8.755930126374238],[119.7175022442333,-8.764893613449392],[119.7318810736527,-8.766331958553035],[119.7241388758085,-8.772076939299271],[119.7249539088958,-8.774129032129068],[119.7280972777672,-8.774271042274755],[119.7287319437243,-8.775359777731566],[119.7118196080885,-8.778662208793868],[119.7200344410366,-8.786915649637521],[119.7167277552818,-8.793532132801634],[119.7056192547249,-8.793506892429086],[119.7094538506148,-8.799156105269983],[119.7018690053504,-8.798422050737003],[119.693736919923,-8.810470589246204],[119.6757936644461,-8.809135023162789],[119.6750292649887,-8.78800582131161],[119.6593307209361,-8.773153704779606],[119.6407065806442,-8.775936264746758],[119.6180047783979,-8.794126349951075],[119.6115366078283,-8.775938963612244],[119.6170311471697,-8.763942863672174],[119.6034878284006,-8.754512795728857],[119.61321545413,-8.747729462244784],[119.6056506403648,-8.733524728982971],[119.6334340330543,-8.741778981015074],[119.6156190811557,-8.724950213981124],[119.636975541688,-8.724825673166308],[119.6200843715965,-8.717361706677345],[119.6174832372617,-8.707677921099126],[119.6319152310032,-8.699067264142872],[119.6450945383823,-8.70911489383726],[119.6487207433676,-8.70040494992848],[119.6542943942709,-8.707976954672674],[119.6612206453165,-8.701331849685072],[119.654477276805,-8.694015273985638],[119.6600655560806,-8.688937055100947],[119.6525638252604,-8.668802380225564],[119.649926478824,-8.68212015082424],[119.6438080393096,-8.685624639765237],[119.6403626187399,-8.678987153834044],[119.6388693943071,-8.688947299278365],[119.6241258853014,-8.681784798129915],[119.6393945147451,-8.67580138822344],[119.6419453032332,-8.658988392600158],[119.6144177964441,-8.609693849691418],[119.6347520272843,-8.60534371204265]]],[[[119.5779073115732,-8.602869230130832],[119.5778525842294,-8.602859712605575],[119.5778763775928,-8.602664596593783],[119.5779870229828,-8.602775241983789],[119.5779073115732,-8.602869230130832]]],[[[119.5778906552296,-8.602625335790552],[119.5777835792488,-8.602509932087603],[119.5779049319671,-8.602383820157105],[119.5779882127858,-8.602530156941128],[119.5778906552296,-8.602625335790552]]],[[[119.7949569049373,-8.602236000390988],[119.7923138972686,-8.602719493010174],[119.7924494403894,-8.600553081959088],[119.7945268626247,-8.601001320254724],[119.7949569049373,-8.602236000390988]]],[[[119.7052761498745,-8.601376831275669],[119.7046827960743,-8.600443999590883],[119.7059559294226,-8.599775222348587],[119.7060899248103,-8.60059636812787],[119.7052761498745,-8.601376831275669]]],[[[119.4881189112587,-8.599038229730454],[119.4881360226595,-8.600415640369512],[119.4876690056202,-8.60086007363348],[119.4869452573178,-8.599796287168875],[119.4881189112587,-8.599038229730454]]],[[[119.7096131133545,-8.598039240318638],[119.7094965198486,-8.597558589557224],[119.7100130499623,-8.597685175430474],[119.7100057249843,-8.597806053306627],[119.7096131133545,-8.598039240318638]]],[[[119.494522925093,-8.597750316024282],[119.4976338122507,-8.599552917133373],[119.4969159949773,-8.601376698176004],[119.4921104856105,-8.599349486889256],[119.494522925093,-8.597750316024282]]],[[[119.7671517495536,-8.60024869112415],[119.7661417506414,-8.59786270340102],[119.767401924759,-8.596959921663032],[119.7689452684094,-8.598367408329182],[119.7671517495536,-8.60024869112415]]],[[[119.3851254164049,-8.597141592810225],[119.3849945452621,-8.59703749088741],[119.3851462357103,-8.596817390809957],[119.3852176193977,-8.59703749088741],[119.3851254164049,-8.597141592810225]]],[[[119.6995133067937,-8.595042647999733],[119.7006802203161,-8.596209434717554],[119.6988397073867,-8.59914688042414],[119.6980780607539,-8.5969031006975],[119.6995133067937,-8.595042647999733]]],[[[119.7959034261023,-8.59869389101025],[119.7898954763951,-8.59938151714326],[119.7878877210415,-8.596333953049466],[119.7920268291749,-8.593283468856932],[119.7959034261023,-8.59869389101025]]],[[[119.7584944015954,-8.591338344089277],[119.7579530735756,-8.593592883304861],[119.7564659105734,-8.594098519031395],[119.756186324839,-8.591629827854224],[119.7584944015954,-8.591338344089277]]],[[[119.7267044698354,-8.59171711515268],[119.7254901125786,-8.590446954063662],[119.7272836017569,-8.588985116869612],[119.7278082347623,-8.590288170662479],[119.7267044698354,-8.59171711515268]]],[[[119.3726191589471,-8.588344439843958],[119.372192759788,-8.588386318573686],[119.3723583699428,-8.587891390175422],[119.3726914941172,-8.588034158449602],[119.3726191589471,-8.588344439843958]]],[[[119.3722060841435,-8.587887583345282],[119.3720652206334,-8.587887583345282],[119.3720004991238,-8.587790502429709],[119.3723031668577,-8.58778669470011],[119.3722060841435,-8.587887583345282]]],[[[119.7935185544378,-8.585456366018445],[119.7934991929335,-8.585382582939776],[119.7935844873343,-8.585401421038679],[119.7935724517073,-8.585433079872722],[119.7935185544378,-8.585456366018445]]],[[[119.7065461077167,-8.585378044960716],[119.706194979115,-8.585298942392221],[119.7061844300674,-8.58504967909937],[119.7065080367166,-8.5851638938985],[119.7065461077167,-8.585378044960716]]],[[[119.6945288674134,-8.58868186097908],[119.690793321055,-8.587294824896201],[119.6940648729955,-8.584488060575506],[119.6949352350731,-8.587610360129965],[119.6945288674134,-8.58868186097908]]],[[[119.8026520538492,-8.579924140586552],[119.80265023542,-8.585013755680198],[119.7944047113083,-8.583625986649928],[119.7968542568185,-8.579520344987905],[119.8026520538492,-8.579924140586552]]],[[[119.6898048051476,-8.579058963999913],[119.6934268912381,-8.57831480828171],[119.6979358590526,-8.580828279401569],[119.6847151378933,-8.58126472398773],[119.6898048051476,-8.579058963999913]]],[[[119.6812563569953,-8.577760359153235],[119.6804830389611,-8.57777529689237],[119.6808948825929,-8.576906994262306],[119.6813633169636,-8.577257564385015],[119.6812563569953,-8.577760359153235]]],[[[119.7495504118222,-8.57434612977002],[119.7519097121635,-8.576814041234986],[119.749816505927,-8.581926231110586],[119.745778013045,-8.579794078833629],[119.7495504118222,-8.57434612977002]]],[[[119.749549917195,-8.572114032236726],[119.7494729073488,-8.57231644085104],[119.7492719727234,-8.572326496170817],[119.749315534984,-8.572183887076683],[119.749549917195,-8.572114032236726]]],[[[119.7148732695858,-8.569452812397387],[119.7265274805588,-8.56954279586331],[119.729313732243,-8.573445489317848],[119.7124585692076,-8.580768521250164],[119.7050633783723,-8.574445458091322],[119.7148732695858,-8.569452812397387]]],[[[119.3717049666109,-8.559097901446915],[119.3722880312677,-8.558699437029365],[119.3728637313761,-8.559029177954152],[119.3713151248931,-8.559978353018565],[119.3715362016345,-8.558091661700722],[119.3717049666109,-8.559097901446915]]],[[[119.390153401858,-8.55814317936419],[119.3899695903244,-8.557780200395886],[119.3903837110395,-8.557504127413456],[119.390384916131,-8.557933730856941],[119.390153401858,-8.55814317936419]]],[[[119.3716008655875,-8.55803904056918],[119.3713480472746,-8.557899247252436],[119.3714997386221,-8.557316279722542],[119.3717049666109,-8.557824890406334],[119.3716008655875,-8.55803904056918]]],[[[119.6279887315947,-8.554975728447083],[119.6316637940489,-8.556515479305897],[119.632265441397,-8.559396215562813],[119.6271669616861,-8.555041783651323],[119.6279887315947,-8.554975728447083]]],[[[119.8196192697136,-8.553373118574541],[119.8187374232936,-8.553368324288684],[119.8185572198399,-8.552666087769705],[119.8190613483026,-8.55250338782108],[119.8196192697136,-8.553373118574541]]],[[[119.5659773136022,-8.552333885400447],[119.5659380527989,-8.55242787444677],[119.5657429367871,-8.552424305037647],[119.5658428739496,-8.552291055188004],[119.5659773136022,-8.552333885400447]]],[[[119.8272922701222,-8.551522867786048],[119.8283412447527,-8.551759805870311],[119.8250401410897,-8.552084936870301],[119.8254811326482,-8.551041208884573],[119.8272922701222,-8.551522867786048]]],[[[119.38819667044,-8.552219265906373],[119.3913521936489,-8.553796156967035],[119.3874140039532,-8.556394416169315],[119.3859285055961,-8.552049044927461],[119.38819667044,-8.552219265906373]]],[[[119.5905194264305,-8.551403411738061],[119.5902338898821,-8.55117022472605],[119.5906526753807,-8.550427832578382],[119.5910904959297,-8.55080854707671],[119.5905194264305,-8.551403411738061]]],[[[119.7962937993194,-8.549811410268298],[119.7959512862229,-8.549715154930464],[119.7961551724233,-8.549346027297204],[119.7964582970128,-8.549584918709012],[119.7962937993194,-8.549811410268298]]],[[[119.78841720499,-8.550085400420908],[119.7879442659152,-8.55001816620538],[119.7884497082874,-8.548825648984497],[119.7888425717273,-8.54937335499633],[119.78841720499,-8.550085400420908]]],[[[119.5753420233158,-8.54904903158749],[119.5751864064276,-8.548961943938576],[119.5751778403851,-8.548789194965316],[119.5753177533118,-8.548820603787792],[119.5753420233158,-8.54904903158749]]],[[[119.8032474041444,-8.551899378853172],[119.7996844961426,-8.550740156333152],[119.8006039423181,-8.548822985192555],[119.8036680701253,-8.54962123423249],[119.8032474041444,-8.551899378853172]]],[[[119.5899519254411,-8.547319066921393],[119.5899186118545,-8.547742610732794],[119.5902993245543,-8.548294646080983],[119.5895426565684,-8.547542736408147],[119.5899519254411,-8.547319066921393]]],[[[119.6829445040856,-8.54744007070261],[119.6909323679344,-8.550877597922728],[119.6827800477611,-8.55791255542007],[119.6789066587154,-8.551147370254935],[119.6829445040856,-8.54744007070261]]],[[[119.785359383229,-8.552681095656016],[119.7827972866655,-8.550812026553771],[119.785270994261,-8.545891141363064],[119.7877065975815,-8.548919924914582],[119.785359383229,-8.552681095656016]]],[[[119.8153040599345,-8.549625985350833],[119.8135995101093,-8.547673898031931],[119.8145237190943,-8.5446403588654],[119.8157009433439,-8.5457981352757],[119.8153040599345,-8.549625985350833]]],[[[119.383057026061,-8.542814906882406],[119.3824884449858,-8.541898012083564],[119.383582704978,-8.541452299084344],[119.3836837330179,-8.542373523219453],[119.383057026061,-8.542814906882406]]],[[[119.568616484763,-8.543028478781238],[119.5676942749709,-8.543564776892847],[119.564787979082,-8.542405482427],[119.5667042976652,-8.54138444883315],[119.568616484763,-8.543028478781238]]],[[[119.8319698383374,-8.542990530088872],[119.8295500576891,-8.544779857204592],[119.8275044660583,-8.542903652881222],[119.8298405836761,-8.54105405410131],[119.8319698383374,-8.542990530088872]]],[[[119.6424355488615,-8.54384623411633],[119.6407627981647,-8.541347413852023],[119.6411736039786,-8.53838918391368],[119.643428985859,-8.540108148072516],[119.6424355488615,-8.54384623411633]]],[[[119.6141296401708,-8.536964828663844],[119.6138138009662,-8.536750082250393],[119.6143318734173,-8.536546482933787],[119.6143646519072,-8.536719222913707],[119.6141296401708,-8.536964828663844]]],[[[119.5669321795765,-8.534994147861568],[119.5667789476903,-8.534814377881155],[119.5672308768036,-8.534594552096824],[119.5672882049868,-8.534833342784491],[119.5669321795765,-8.534994147861568]]],[[[119.5707006672021,-8.53473346317875],[119.577310981017,-8.535428917910153],[119.5785148575746,-8.538668195880454],[119.5700334808605,-8.541263022370487],[119.5707006672021,-8.53473346317875]]],[[[119.6600176240142,-8.531825948708498],[119.6651635609497,-8.536755821723734],[119.6546843888735,-8.549043541226435],[119.6582077303026,-8.567387112825013],[119.6466763586271,-8.535758969101064],[119.6569871866094,-8.538561798887905],[119.6600176240142,-8.531825948708498]]],[[[119.7915895329306,-8.53204888704651],[119.7910156566473,-8.53185076999699],[119.7916973526507,-8.531328003984111],[119.7918684585626,-8.531736212556122],[119.7915895329306,-8.53204888704651]]],[[[119.7927810483068,-8.531855033682838],[119.7923757013775,-8.531180205801796],[119.7931749612555,-8.531045374044748],[119.7932890051835,-8.531463562393498],[119.7927810483068,-8.531855033682838]]],[[[119.6277724869108,-8.531036051672363],[119.6274558392157,-8.530769203036286],[119.6276779969421,-8.529721079164414],[119.6280907425937,-8.53036432105652],[119.6277724869108,-8.531036051672363]]],[[[119.7466561488623,-8.529125801714326],[119.7448019266676,-8.52863523143073],[119.7446347229141,-8.525302671281203],[119.7468323287491,-8.52721565697692],[119.7466561488623,-8.529125801714326]]],[[[119.3659212223865,-8.524699881794078],[119.3664399450474,-8.524923551280832],[119.3657736957995,-8.526146594189914],[119.3653120800885,-8.52562787242837],[119.3659212223865,-8.524699881794078]]],[[[119.7902133300812,-8.521969837737835],[119.7948424212407,-8.522254338267015],[119.7984614676227,-8.53033051733945],[119.7840485970651,-8.530407547869938],[119.7902133300812,-8.521969837737835]]],[[[119.7362684980927,-8.52438449674711],[119.7341135183243,-8.521745900253013],[119.7347499586437,-8.519212394036728],[119.7371208899171,-8.52231036872844],[119.7362684980927,-8.52438449674711]]],[[[119.4134110139072,-8.520194967223897],[119.4127721283311,-8.519420453091424],[119.4131932934358,-8.51889935082431],[119.4134467053012,-8.51904211819912],[119.4134110139072,-8.520194967223897]]],[[[119.4137419967958,-8.519106839708872],[119.4136772752861,-8.51907638236911],[119.4136791791509,-8.518891736264571],[119.413797199881,-8.518962167569981],[119.4137419967958,-8.519106839708872]]],[[[119.5866732949366,-8.519907546595977],[119.5855010250523,-8.518288764215036],[119.5876576721639,-8.5177559203993],[119.5877287797595,-8.519252404874482],[119.5866732949366,-8.519907546595977]]],[[[119.4128690914355,-8.51719416967514],[119.413434213718,-8.517851495849786],[119.4133955473667,-8.518538565302496],[119.4124080710756,-8.517613549625551],[119.4128690914355,-8.51719416967514]]],[[[119.7125132623772,-8.519271253765286],[119.7106302879574,-8.518243748650072],[119.7113356810969,-8.516673330909423],[119.712971808702,-8.51845364591897],[119.7125132623772,-8.519271253765286]]],[[[119.7940883010343,-8.521560354826434],[119.7923765296532,-8.518837731975708],[119.7946671145957,-8.516075574927822],[119.7958029898161,-8.51714928091452],[119.7940883010343,-8.521560354826434]]],[[[119.7287218776126,-8.514135590684972],[119.7290841353247,-8.518282768434986],[119.7253877940116,-8.518468248211057],[119.7268570892832,-8.512534746181526],[119.7287218776126,-8.514135590684972]]],[[[119.5756679502158,-8.511124610112635],[119.5759158995992,-8.511267830745766],[119.5759241625701,-8.511999765576643],[119.575400971178,-8.511446742772915],[119.5756679502158,-8.511124610112635]]],[[[119.6960702757227,-8.510710493894162],[119.6959940950515,-8.510748187179011],[119.6959456000095,-8.51057352175058],[119.6960476532767,-8.510565827151133],[119.6960702757227,-8.510710493894162]]],[[[119.6404614803131,-8.510283445424687],[119.6425051932601,-8.518359599316021],[119.6352754551982,-8.521226522885677],[119.6335695968595,-8.514559158778106],[119.6404614803131,-8.510283445424687]]],[[[119.7381191346903,-8.510847448950614],[119.7377880420845,-8.510438460666396],[119.7384331932373,-8.510017343225744],[119.7385718650995,-8.510465229886393],[119.7381191346903,-8.510847448950614]]],[[[119.7120488003118,-8.510553145810977],[119.7118622881142,-8.510414244621671],[119.7118055930538,-8.50992071017263],[119.7121722277661,-8.510407128286328],[119.7120488003118,-8.510553145810977]]],[[[119.7063640732434,-8.5112898569413],[119.7013383972493,-8.518556923163416],[119.6960147992436,-8.512208418183924],[119.7045268761145,-8.509888873272846],[119.7063640732434,-8.5112898569413]]],[[[119.4225575462938,-8.510736416852165],[119.4218293130724,-8.510489947752813],[119.4217361487043,-8.51017923378457],[119.4224581424293,-8.509850814863178],[119.4225575462938,-8.510736416852165]]],[[[119.7305732579495,-8.510861802130414],[119.7322914352017,-8.510644704889163],[119.7334674345746,-8.512903673265875],[119.7276684243584,-8.51195404494323],[119.7305732579495,-8.510861802130414]]],[[[119.7114400609101,-8.50872786020254],[119.7116138845731,-8.50885861173552],[119.7115255468666,-8.509081846849735],[119.7112686816044,-8.508780693574085],[119.7114400609101,-8.50872786020254]]],[[[119.5731693152118,-8.505127871354183],[119.5731321956944,-8.50509075183668],[119.5732226144322,-8.505011753589446],[119.5732203607312,-8.505072966843912],[119.5731693152118,-8.505127871354183]]],[[[119.7103382978741,-8.500825672067052],[119.7098212326637,-8.500235860696375],[119.7099857861152,-8.49992730600027],[119.7104009941106,-8.500163546210597],[119.7103382978741,-8.500825672067052]]],[[[119.8690229498493,-8.49444980521426],[119.8692180658611,-8.49578706202319],[119.8678844189309,-8.496608295036783],[119.8676547599592,-8.495683554552329],[119.8690229498493,-8.49444980521426]]],[[[119.7290963643058,-8.494104987155353],[119.7341439828585,-8.501356011270804],[119.7197163301446,-8.50587887540975],[119.716232495933,-8.51835014024676],[119.7164054508509,-8.497268361445691],[119.7290963643058,-8.494104987155353]]],[[[119.5816839533518,-8.492800322676679],[119.5835917418654,-8.495568741704034],[119.5784979746019,-8.498251651392579],[119.5780452999506,-8.493829479846564],[119.5816839533518,-8.492800322676679]]],[[[119.7564645130269,-8.491660887040258],[119.7608334779827,-8.494080322348978],[119.7590587684475,-8.497941541768643],[119.7564107002936,-8.494626212629512],[119.7564645130269,-8.491660887040258]]],[[[119.7567134651543,-8.489732509447716],[119.756553874162,-8.48959651306858],[119.7568312493627,-8.489368313696648],[119.7569085658776,-8.489459763956901],[119.7567134651543,-8.489732509447716]]],[[[119.8412252534427,-8.488610552135238],[119.8406648903724,-8.488771165656743],[119.8402936951979,-8.487411304388175],[119.841371591126,-8.48849633823539],[119.8412252534427,-8.488610552135238]]],[[[119.7314364955978,-8.487192087444821],[119.7313579739914,-8.487325337294376],[119.730913014624,-8.487346751951002],[119.7314817063158,-8.48685658366433],[119.7314364955978,-8.487192087444821]]],[[[119.8441525853735,-8.48696634502069],[119.8496338228428,-8.487649779413768],[119.8501987958378,-8.489493332051605],[119.8436814521374,-8.491791891282734],[119.8441525853735,-8.48696634502069]]],[[[119.5887045342869,-8.491906130363596],[119.585822672978,-8.489056965706325],[119.5869535776455,-8.486116370573953],[119.5915009330217,-8.488130358229355],[119.5887045342869,-8.491906130363596]]],[[[119.8390616977392,-8.485784262633516],[119.8389595311575,-8.485615048895383],[119.8390574502411,-8.485449422552787],[119.8391028399242,-8.485472670027665],[119.8390616977392,-8.485784262633516]]],[[[119.8638276347376,-8.485558394304409],[119.8674206205652,-8.484363904870289],[119.8736976393347,-8.486693397182492],[119.8692599445908,-8.493129838771],[119.8638276347376,-8.485558394304409]]],[[[119.856182939591,-8.481102828232938],[119.8616168781164,-8.486736385675613],[119.8527783698259,-8.489471973153044],[119.8543221190706,-8.482065901420182],[119.856182939591,-8.481102828232938]]],[[[119.8374000257907,-8.47995950572658],[119.8397769951123,-8.480512112144183],[119.8391404891423,-8.483843356585545],[119.8328085532722,-8.481448667921647],[119.8374000257907,-8.47995950572658]]],[[[119.8681986771273,-8.473192424790525],[119.8688542253422,-8.473399869608293],[119.8674468573866,-8.473110396727428],[119.8677477201812,-8.472989211283082],[119.8681986771273,-8.473192424790525]]],[[[119.8682796322993,-8.46552517824433],[119.8681093996291,-8.468796446898423],[119.8645269817349,-8.46758210672876],[119.8651432808378,-8.464843156686257],[119.8682796322993,-8.46552517824433]]],[[[119.8684425732661,-8.463105491125482],[119.8700103461007,-8.4626221190155],[119.8703332449834,-8.46407786689996],[119.8680354393842,-8.464594806205277],[119.8684425732661,-8.463105491125482]]],[[[119.5631483459195,-8.462105507962807],[119.5669621054169,-8.467906315024347],[119.5544089770926,-8.477598949032199],[119.5527586986551,-8.468848782045573],[119.5631483459195,-8.462105507962807]]],[[[119.8801611649059,-8.461421814565],[119.8798367668534,-8.461131908210966],[119.8802621776574,-8.460758750715751],[119.8804939833108,-8.461085794573702],[119.8801611649059,-8.461421814565]]],[[[119.9358044304301,-8.455545378116618],[119.936215601369,-8.455731927186676],[119.9361485038504,-8.456080785000157],[119.9355464985721,-8.455565281012838],[119.9358044304301,-8.455545378116618]]],[[[119.9363273430325,-8.454495154327883],[119.9362036107081,-8.454434477968746],[119.9361869543645,-8.454261966416592],[119.936434418114,-8.45441306241284],[119.9363273430325,-8.454495154327883]]],[[[119.8452944221999,-8.442325606641337],[119.8447704735786,-8.441987719657522],[119.8448151177236,-8.441822996234265],[119.8452257337806,-8.442009591169679],[119.8452944221999,-8.442325606641337]]],[[[119.5837123562403,-8.445502366440998],[119.584233750787,-8.452397679908934],[119.5701228249085,-8.451253341168723],[119.562502201915,-8.459533701419168],[119.5644037329459,-8.445602594983708],[119.5837123562403,-8.445502366440998]]],[[[119.8913422749261,-8.439702447909596],[119.890977313852,-8.440577247242125],[119.8900073968239,-8.440475773138338],[119.8906641276474,-8.439364563623624],[119.8913422749261,-8.439702447909596]]],[[[119.8934864943063,-8.43714566094345],[119.8930981346713,-8.436675203098147],[119.8951082966107,-8.435852713731755],[119.8947989298268,-8.436184578855226],[119.8934864943063,-8.43714566094345]]],[[[119.962879413654,-8.43321376830069],[119.9624182008393,-8.433107111404041],[119.9625272544294,-8.432704564064313],[119.9628127891789,-8.432885403338712],[119.962879413654,-8.43321376830069]]],[[[119.9932273724453,-8.43344086420446],[119.9948879040536,-8.43851590218712],[119.9897432594439,-8.438208144290442],[119.9892862077924,-8.432786525577622],[119.9932273724453,-8.43344086420446]]],[[[119.856414297382,-8.432074462166632],[119.85604093664,-8.43163762277797],[119.8561078003348,-8.431465686791988],[119.8564653977599,-8.431852121877874],[119.856414297382,-8.432074462166632]]],[[[119.9750639188648,-8.430967715087938],[119.9752852087455,-8.431146175655417],[119.9749244825788,-8.431380985943697],[119.9748390613737,-8.430839225349889],[119.9750639188648,-8.430967715087938]]],[[[119.9750618009614,-8.43034217904826],[119.974945206556,-8.43025294921425],[119.9750207541045,-8.430138139963166],[119.9750861905754,-8.430294589623504],[119.9750618009614,-8.43034217904826]]],[[[119.9742909803445,-8.429622144945963],[119.9745923791351,-8.429639991092657],[119.9749116231729,-8.43002467070189],[119.9741836129834,-8.42991945092189],[119.9742909803445,-8.429622144945963]]],[[[120.0006503631238,-8.429244855066003],[120.0006086579633,-8.42923618470211],[120.0006094763463,-8.429196441862246],[120.0006645921973,-8.429208054807784],[120.0006503631238,-8.429244855066003]]],[[[120.0007460626807,-8.42921983143004],[120.0007009221099,-8.429203149006064],[120.0006996135963,-8.429176325826742],[120.0007490070611,-8.429181887234254],[120.0007460626807,-8.42921983143004]]],[[[120.000849135779,-8.428900778947739],[120.0008008628696,-8.428889571596425],[120.0007975866393,-8.428860435360779],[120.0008472391089,-8.428867332261518],[120.000849135779,-8.428900778947739]]],[[[119.457105779708,-8.428581332562395],[119.4737244804005,-8.452738025639377],[119.4674795647302,-8.464058484711217],[119.4744783371057,-8.472995332968196],[119.4708684098493,-8.480279355907498],[119.4832537408675,-8.486204369236177],[119.4952134461437,-8.479269998211763],[119.5068694782438,-8.494033972190067],[119.5263770756415,-8.482455767419665],[119.5348902442894,-8.497357833197388],[119.5521685968033,-8.478973762429103],[119.5495338961724,-8.498880816196657],[119.5626765570774,-8.484363051413695],[119.5711865547158,-8.489557181218892],[119.5698128681694,-8.532340170262636],[119.5600321779427,-8.5141651783802],[119.5491914118543,-8.529886356570042],[119.5600198689219,-8.550374967730505],[119.5596237643253,-8.586740936944608],[119.5741781009387,-8.59539701236221],[119.5185266893553,-8.60217013764169],[119.5248205263462,-8.58217271729698],[119.50533060962,-8.56852195562368],[119.4798183846107,-8.605386542255093],[119.4529866563092,-8.606343062082615],[119.4648740138248,-8.627836485765155],[119.4936887103657,-8.614441527254684],[119.4796257759089,-8.632097308144164],[119.4849004462987,-8.64085092313152],[119.474780039867,-8.639240860577218],[119.4761651253203,-8.652146515049601],[119.4564182551984,-8.648155312117893],[119.4331694124384,-8.67575994656427],[119.434786076916,-8.68452804063649],[119.4487378902415,-8.686447460082185],[119.4451944912329,-8.69930322736197],[119.4562199376,-8.702508814030523],[119.445691810029,-8.721631367593456],[119.4582200037502,-8.727149865773658],[119.44806182939,-8.734692947421578],[119.4516726991358,-8.744972069805161],[119.4713684050279,-8.737207638921323],[119.4437689281935,-8.75117759876714],[119.4064777751292,-8.722053645159615],[119.3913003810078,-8.72327289382893],[119.3771421076222,-8.737946796207634],[119.3812444937385,-8.725497024268218],[119.3712609866053,-8.717387043277363],[119.3822342030461,-8.716259717911594],[119.3878758337028,-8.692301516901395],[119.4044403637319,-8.688238811571907],[119.4097924342735,-8.646858575163101],[119.3979986943843,-8.639937157973403],[119.3977223561019,-8.622324469898306],[119.3733519823082,-8.630716034917079],[119.3827957990869,-8.622955868618458],[119.3803591732374,-8.611205247624003],[119.3883117872592,-8.60034564163799],[119.3734362002206,-8.587128521364189],[119.3890691872932,-8.572887818817758],[119.3897755741834,-8.559369342021466],[119.3992850468674,-8.56385593740157],[119.4115067498367,-8.550181473196421],[119.42342886525,-8.551580071862723],[119.4211031078222,-8.529665103561594],[119.4369583056812,-8.524799146263522],[119.4323370152411,-8.512554569038038],[119.4124371110838,-8.502195056256738],[119.4379939343727,-8.488901186940172],[119.4491526800521,-8.490930618653074],[119.4265965230112,-8.471913947670444],[119.4215276957465,-8.4438529099838],[119.450394814669,-8.452185140431805],[119.4494437096596,-8.431197823720531],[119.457105779708,-8.428581332562395]]],[[[119.5628615889911,-8.41192743600228],[119.5624052046366,-8.411553107589747],[119.5633944660819,-8.410691221622528],[119.5639632665915,-8.411401811044676],[119.5628615889911,-8.41192743600228]]],[[[119.8641030386244,-8.409670540562946],[119.8733147259938,-8.412880115724679],[119.8736121578748,-8.420645090698358],[119.8642061485949,-8.41578972111872],[119.8641030386244,-8.409670540562946]]],[[[119.8882676682184,-8.405156754180858],[119.8885993633699,-8.40539094213824],[119.8882248371066,-8.406132334239729],[119.8877774981331,-8.404818870794166],[119.8882676682184,-8.405156754180858]]],[[[119.8782306802018,-8.401019452785512],[119.8776458609678,-8.400831631174803],[119.8777400217847,-8.399986493281979],[119.8782432707104,-8.400540499044755],[119.8782306802018,-8.401019452785512]]],[[[119.8780146612477,-8.398160300257622],[119.8778695142667,-8.398024670801867],[119.87811459841,-8.397884282133887],[119.8781003216726,-8.39802943001418],[119.8780146612477,-8.398160300257622]]],[[[120.0609185973154,-8.395859370413543],[120.0605089012648,-8.395884386854906],[120.0604113374133,-8.395653084822001],[120.0611125136316,-8.3954994941063],[120.0609185973154,-8.395859370413543]]],[[[119.8122231786568,-8.399339786302011],[119.8052438990867,-8.399020946959084],[119.8037673921515,-8.39422604509588],[119.8100413298435,-8.39510247939586],[119.8122231786568,-8.399339786302011]]],[[[119.7986639463841,-8.392384234444776],[119.7975375769977,-8.392466449566953],[119.7961750330514,-8.389084838594378],[119.7978893423193,-8.38996800971577],[119.7986639463841,-8.392384234444776]]],[[[120.0474754926999,-8.383951589294352],[120.0478347916423,-8.388454718710285],[120.0461203897442,-8.388980580189624],[120.045081756418,-8.385855158188953],[120.0474754926999,-8.383951589294352]]],[[[119.8578668202976,-8.37961323276442],[119.8774559628226,-8.379944409007205],[119.8660101103784,-8.40137136739461],[119.8377305752059,-8.386373497738724],[119.8391171049705,-8.37904356620756],[119.8578668202976,-8.37961323276442]]],[[[120.0807035330416,-8.369984171831995],[120.0794777328111,-8.369724687744089],[120.0801117440618,-8.368259919659486],[120.0815164158499,-8.368652445853613],[120.0807035330416,-8.369984171831995]]],[[[120.1329023681499,-8.354682578638055],[120.1328738128762,-8.35473968468861],[120.132810282069,-8.354750393815529],[120.1328024291888,-8.354684720823151],[120.1329023681499,-8.354682578638055]]],[[[120.1366065884234,-8.35442800394917],[120.1368434851388,-8.354765995254425],[120.1363674523961,-8.354927690660379],[120.1361961324457,-8.354456557424133],[120.1366065884234,-8.35442800394917]]],[[[120.0332434928929,-8.365229434590642],[120.0249501689152,-8.36540107380042],[120.0162994543563,-8.372748246234512],[120.0223106721998,-8.351663214585674],[120.0332434928929,-8.365229434590642]]],[[[120.1211806801443,-8.338945762137122],[120.120422480613,-8.339117871692352],[120.1202547282731,-8.338864458927624],[120.1209364440617,-8.338586062097058],[120.1211806801443,-8.338945762137122]]],[[[120.1320329557563,-8.338828199162034],[120.1452003048502,-8.342237421120018],[120.1539218374229,-8.3511114022693],[120.1236355307553,-8.353159591142205],[120.1120615995632,-8.345509027019986],[120.1320329557563,-8.338828199162034]]],[[[120.1178785341671,-8.338710048030222],[120.1172875743621,-8.33850321205352],[120.1175481322406,-8.337979404625777],[120.1180128416194,-8.338097598025644],[120.1178785341671,-8.338710048030222]]],[[[120.2845257565585,-8.282347062267075],[120.2911076113272,-8.320552419358567],[120.2819271070503,-8.325413900730876],[120.2900677288427,-8.357595094238128],[120.2821698826341,-8.417132160720602],[120.2971418895866,-8.454277996832076],[120.3271936098972,-8.43675164367335],[120.3335964222372,-8.440354647049269],[120.3461025160184,-8.426073644083392],[120.3692769182952,-8.431126333913124],[120.3893251971002,-8.425222479833465],[120.3993147153019,-8.444206505425793],[120.3927514198422,-8.45417261877131],[120.3990172699312,-8.461180939248862],[120.3900906091943,-8.458371614558295],[120.389021757748,-8.485641148120475],[120.3805610393605,-8.488107806829763],[120.3724668675519,-8.514691921195165],[120.3574679501858,-8.52465719007725],[120.3611854498486,-8.568460004925242],[120.3436124929222,-8.571420281720581],[120.3304112987425,-8.558746788133735],[120.3166768038915,-8.565793890975186],[120.3184149523882,-8.582815105732493],[120.3000028848253,-8.585278109596999],[120.2853748092001,-8.597259767324399],[120.2805174224411,-8.62519702412337],[120.2902270113675,-8.637272657407173],[120.279851921429,-8.64787776514671],[120.3064006483713,-8.680739497229943],[120.3244714780764,-8.68814224057191],[120.3296770049899,-8.704759532926047],[120.3264591479714,-8.718258166181396],[120.3144377096326,-8.72373351219185],[120.2935941936172,-8.756347276905245],[120.2730406181301,-8.760004602930032],[120.2834477248327,-8.787282084700436],[120.2400587159371,-8.802883696225532],[120.2328673816244,-8.81250569568122],[120.2399671721473,-8.83002336678496],[120.2323039509666,-8.843872056650053],[120.2133209263198,-8.83635304175943],[120.1676791076049,-8.789221086883607],[120.1498922307419,-8.785855509024447],[120.1017795310006,-8.792381181346425],[120.0163839861321,-8.819276203933573],[119.9689223352976,-8.82612736338702],[119.9445039089283,-8.820637110214395],[119.9251624666746,-8.833059645286383],[119.9227033595725,-8.843639456895307],[119.9097583228884,-8.839075730260664],[119.9191755673986,-8.86589069879669],[119.8895105627623,-8.858866616800825],[119.8859811113394,-8.851410137168063],[119.8952011507127,-8.843825989777514],[119.8844890461327,-8.840855189115686],[119.8827415320961,-8.829006726379234],[119.8902452234383,-8.812705546623683],[119.8698592671915,-8.807418253349724],[119.8624734796674,-8.813731304356125],[119.8598913390141,-8.802119507209465],[119.8477429433822,-8.804466906822288],[119.8441697156599,-8.796932502732773],[119.8331863027057,-8.80645797795328],[119.8295400707177,-8.78741315369405],[119.8172276117649,-8.786629491657632],[119.8218683959099,-8.77914673743188],[119.8032380377054,-8.770211607779359],[119.7998908401902,-8.75979368403124],[119.8087925420423,-8.750960282990565],[119.7961968775838,-8.741691859191896],[119.8075384131673,-8.733364824127303],[119.7968479201954,-8.727655462829347],[119.8035529955744,-8.709199332982802],[119.7958413512975,-8.69153844124602],[119.8113950937087,-8.668310141699624],[119.8062725913071,-8.615765430030535],[119.8113511537329,-8.60244837978879],[119.7982101448823,-8.598645160345857],[119.8079789838431,-8.585625143585478],[119.8040560412534,-8.57339380527982],[119.8283981943213,-8.555302507004985],[119.8333170866143,-8.539456299668462],[119.8681114581773,-8.52337164788322],[119.8779991902105,-8.505044646293385],[119.8809646399063,-8.477574872382458],[119.8708514586279,-8.457097242843385],[119.8606117499324,-8.453271085292329],[119.8573951456694,-8.430070840996411],[119.8798825387483,-8.427213106699476],[119.8768246540346,-8.442972049220625],[119.8902673809349,-8.442511134980872],[119.8782836340825,-8.449429152733128],[119.87775106456,-8.460478382571228],[119.8812268993021,-8.463802210303655],[119.8998517329711,-8.4650062181624],[119.9080050361036,-8.475650775562809],[119.9326627567808,-8.456765119614555],[119.9443681517688,-8.458921705572191],[119.9617368555715,-8.450638793945124],[119.956705783645,-8.44353168473944],[119.9693942950107,-8.428048010307414],[119.9767421221512,-8.43249908066797],[119.9736546416484,-8.44543759097201],[119.9818974947736,-8.442756201137751],[119.9839479598305,-8.453997456017763],[119.9977766721558,-8.461075768931519],[120.018257122868,-8.439700372274288],[120.0027510148475,-8.430538796927838],[119.9979227751161,-8.417156529650054],[120.0157517546398,-8.412600119899576],[120.0114179073105,-8.399692480623493],[120.0191702468095,-8.384022397415674],[120.0429037845821,-8.386025901673992],[120.0368559877137,-8.392167291886992],[120.043011768878,-8.397613882074921],[120.0742684952948,-8.376979176947401],[120.0598667466531,-8.398633047776887],[120.0487785132178,-8.39889215684753],[120.0500059807914,-8.40524609193361],[120.0865103080043,-8.387614644000578],[120.0772160331934,-8.410583792208186],[120.0847841195915,-8.407903191079384],[120.0798432145927,-8.413790872650644],[120.0861504191066,-8.414371876061182],[120.0933915668673,-8.406842213197567],[120.0961185118599,-8.413374231135844],[120.0822041831766,-8.426260205743823],[120.0850564639847,-8.437304608920542],[120.1098040179411,-8.441326830368894],[120.1262839658324,-8.41640390411687],[120.1162028004189,-8.406357310441486],[120.1214366982451,-8.356297511021253],[120.1313388239277,-8.367094982847139],[120.1468925762315,-8.367021097245768],[120.1473861709351,-8.380145107110941],[120.1575423991625,-8.373002515153942],[120.1630168386563,-8.377927738674167],[120.163110719784,-8.362109170201997],[120.1719679420669,-8.348109203576808],[120.1853105033771,-8.347878809859104],[120.1831786685608,-8.33691978561955],[120.2005048587123,-8.305607998210522],[120.2159434240499,-8.309971567234058],[120.2397066889126,-8.301813982429245],[120.260825438843,-8.28281091009531],[120.2845257565585,-8.282347062267075]]]]}},{"type":"Feature","properties":{"kode":"53.16","nama":"Kabupaten Nagekeo","lat":-8.68973640750257,"lng":121.27320368591111},"geometry":{"type":"MultiPolygon","coordinates":[[[[121.4191644200021,-8.584917785427386],[121.4183702601794,-8.584386108931668],[121.4185136651735,-8.583875323687167],[121.4189411731967,-8.584030490015042],[121.4191644200021,-8.584917785427386]]],[[[121.5008457018676,-8.564623143643129],[121.5025632567889,-8.565590682863693],[121.5021975870491,-8.569123498650448],[121.4995456131396,-8.566697831040031],[121.5008457018676,-8.564623143643129]]],[[[121.3191390206494,-8.476163553704978],[121.3191347371784,-8.475919421044402],[121.319407423314,-8.475879446179473],[121.3194502544257,-8.476012220287714],[121.3191390206494,-8.476163553704978]]],[[[121.1873521198046,-8.440735687102201],[121.2378037889138,-8.472741859948822],[121.2302950775559,-8.463409084261801],[121.2442598447161,-8.469071598075733],[121.2673927873473,-8.464261672138456],[121.3075752598904,-8.479881017395012],[121.3434983165942,-8.54804818327695],[121.392334720571,-8.572686254666877],[121.4039131780508,-8.571620255870087],[121.4182565687856,-8.591931334563423],[121.4624406853894,-8.560900698608336],[121.4764108718643,-8.564307438437506],[121.4860914333729,-8.581076234180856],[121.5009273720007,-8.578565902594253],[121.4998744610376,-8.599208916558236],[121.5133708405918,-8.608391343585602],[121.5046024497432,-8.612575539229699],[121.5194767120806,-8.615055843352408],[121.525255574785,-8.624161292909331],[121.5206489756696,-8.635207618836453],[121.4589157242812,-8.655014995345738],[121.4531860257145,-8.667145713903572],[121.4323119948028,-8.670604718732804],[121.4133306231098,-8.687773147113003],[121.3948135408123,-8.720256814999932],[121.416580191123,-8.7442531733452],[121.4160690317604,-8.787590035951336],[121.4134924399242,-8.79319086976274],[121.3886240989231,-8.788626117900904],[121.3770448950059,-8.796878764643239],[121.3673513194079,-8.825092042263876],[121.3688347781026,-8.87847808409619],[121.3402620558493,-8.905950598241468],[121.3021377555531,-8.908239223561303],[121.2689737829138,-8.886420739925143],[121.2590590109646,-8.888665050251792],[121.2568431920597,-8.897558836271262],[121.2454961508268,-8.889111685056132],[121.2339766726853,-8.895570957733483],[121.2249045421109,-8.889151159898105],[121.1988296778475,-8.894292185635848],[121.1824690133344,-8.885220358132955],[121.1389778846218,-8.89804279024256],[121.11526314268,-8.875340629166644],[121.1228608257666,-8.850307158248754],[121.1401356520388,-8.843130969418649],[121.1203804209198,-8.801527559948923],[121.1214309657665,-8.785795410030133],[121.0963542977127,-8.756699630383551],[121.1128230562391,-8.765485833204583],[121.103608878647,-8.748543568131133],[121.1166997565885,-8.740460291609136],[121.1110172760264,-8.716252815614904],[121.1278523140331,-8.702431146779936],[121.1260569650569,-8.68530171030562],[121.1089848082024,-8.681843646167291],[121.1125646027742,-8.676507564672313],[121.1010237468485,-8.661922866047416],[121.1094561338935,-8.646423919328399],[121.1356798413517,-8.64334214772187],[121.1413549348824,-8.630527182683316],[121.1410930675911,-8.604560017630618],[121.129258995806,-8.592122722885236],[121.1422379747029,-8.551298208145734],[121.1575601111104,-8.547416194601691],[121.1618344943665,-8.535694163954481],[121.1861476937611,-8.53547305483751],[121.1922099067618,-8.525742490123793],[121.1931502693695,-8.506163651131509],[121.1615355660136,-8.479607367186208],[121.1800056551369,-8.459702511361726],[121.1732173313148,-8.440754240116082],[121.1873521198046,-8.440735687102201]]],[[[121.3018283060315,-8.439138692596586],[121.3008247039969,-8.439636094130414],[121.3006561269788,-8.43956743808672],[121.3012843043273,-8.438882153788345],[121.3018283060315,-8.439138692596586]]]]}},{"type":"Feature","properties":{"kode":"53.17","nama":"Kabupaten Sumba Tengah","lat":-9.543165016266101,"lng":119.66865013952577},"geometry":{"type":"MultiPolygon","coordinates":[[[[119.6822138319029,-9.823408927579962],[119.6812789947298,-9.823218810899341],[119.681085400371,-9.822822539928193],[119.6817934366179,-9.822511781893155],[119.6822138319029,-9.823408927579962]]],[[[119.6837488469318,-9.822353601037808],[119.6835151787825,-9.822383081713753],[119.6829939569056,-9.821919693439067],[119.6833762937809,-9.821883213339593],[119.6837488469318,-9.822353601037808]]],[[[119.6766968131075,-9.804951223919804],[119.6759395371799,-9.804712164334877],[119.6760958636332,-9.80428591895988],[119.6764308440084,-9.804178037186588],[119.6766968131075,-9.804951223919804]]],[[[119.673135659683,-9.798799677662977],[119.6730698697787,-9.798988355428211],[119.6727207232829,-9.798804875744409],[119.6728518732154,-9.798544503126276],[119.673135659683,-9.798799677662977]]],[[[119.6415615679121,-9.798687424285184],[119.6407715647559,-9.798022002413447],[119.6409043532534,-9.797549550771105],[119.6414846659847,-9.797692640103222],[119.6415615679121,-9.798687424285184]]],[[[119.6141587557221,-9.78936316068129],[119.6139192455768,-9.789216456973886],[119.6140451281803,-9.788992872922702],[119.61419318177,-9.789031359409677],[119.6141587557221,-9.78936316068129]]],[[[119.6111068344129,-9.789403846010618],[119.6107174873223,-9.789305127429664],[119.6106604586133,-9.788994345112894],[119.610897679984,-9.788993959303731],[119.6111068344129,-9.789403846010618]]],[[[119.6729340541633,-9.788772209869538],[119.6725285075846,-9.788748986676392],[119.6726442035672,-9.788388051867063],[119.6730875657387,-9.788546581659379],[119.6729340541633,-9.788772209869538]]],[[[119.650678936184,-9.78268826115432],[119.6504377128303,-9.782663841862753],[119.6503238199883,-9.78238393776845],[119.6505841719221,-9.782530084795553],[119.650678936184,-9.78268826115432]]],[[[119.6036103952036,-9.781580896241309],[119.6034074263117,-9.78159862997277],[119.6034560481582,-9.781370691404216],[119.6035798776094,-9.78148487292854],[119.6036103952036,-9.781580896241309]]],[[[119.5965429928649,-9.781215407265158],[119.5965068248302,-9.781272514215082],[119.5965753540694,-9.781074542855865],[119.5966153289344,-9.781144975060467],[119.5965429928649,-9.781215407265158]]],[[[119.5964002245907,-9.781196371315453],[119.5961927357062,-9.781152588720925],[119.5963469253704,-9.780891799716755],[119.5965239569151,-9.780981267871152],[119.5964002245907,-9.781196371315453]]],[[[119.595686866156,-9.780453955785422],[119.5954359795868,-9.780273630923269],[119.5955908716215,-9.779768113907288],[119.595817564629,-9.779990368760476],[119.595686866156,-9.780453955785422]]],[[[119.5960400506079,-9.780019413265322],[119.5959395405775,-9.779968572791358],[119.5959509772558,-9.77963201230752],[119.5960974606294,-9.779751471952807],[119.5960400506079,-9.780019413265322]]],[[[119.5926477997563,-9.779313549780415],[119.5928441046717,-9.779613956618753],[119.5925912881574,-9.779929234646438],[119.5922432918944,-9.779316523838482],[119.5926477997563,-9.779313549780415]]],[[[119.6577213526583,-9.779662379714953],[119.6566190032645,-9.779891249981159],[119.6564397602867,-9.779514005067274],[119.6570434859682,-9.778945442877855],[119.6577213526583,-9.779662379714953]]],[[[119.5933437068467,-9.778108355715958],[119.5930836471927,-9.778221181961992],[119.5936471596888,-9.777489153601486],[119.5935432079527,-9.778008087603123],[119.5933437068467,-9.778108355715958]]],[[[119.6127801930515,-9.77673061142859],[119.6126028593345,-9.776477424393608],[119.6129507323904,-9.776204406408144],[119.6130142856808,-9.776319075364963],[119.6127801930515,-9.77673061142859]]],[[[119.5904537147672,-9.774712703628357],[119.5902957191722,-9.774657501442512],[119.5903889941568,-9.774537575948354],[119.5904575215974,-9.774600393593218],[119.5904537147672,-9.774712703628357]]],[[[119.5924797128686,-9.774550564856614],[119.5924262670586,-9.774391035018208],[119.5926688807644,-9.773878757798364],[119.5927153073656,-9.774244578624351],[119.5924797128686,-9.774550564856614]]],[[[119.5901025160183,-9.773965011775836],[119.589928954058,-9.773832261049957],[119.5900065952282,-9.773522446403753],[119.590143040369,-9.773806925349309],[119.5901025160183,-9.773965011775836]]],[[[119.585522568312,-9.768755193297434],[119.5860605283707,-9.769709613208004],[119.5841543766232,-9.769991115397563],[119.5843588069134,-9.769182520556878],[119.585522568312,-9.768755193297434]]],[[[119.627084528928,-9.768975035269616],[119.6264949459851,-9.768667814268177],[119.6265853530317,-9.767811129979602],[119.6271426566084,-9.768636693228743],[119.627084528928,-9.768975035269616]]],[[[119.5856281541161,-9.76559041516552],[119.5855062060466,-9.765688568072921],[119.5853009780577,-9.765643952706231],[119.5856400512475,-9.765298931400572],[119.5856281541161,-9.76559041516552]]],[[[119.5846578162054,-9.765815626090184],[119.584498253092,-9.765801458170724],[119.5848689410488,-9.765184272336196],[119.5848827546355,-9.765624959024581],[119.5846578162054,-9.765815626090184]]],[[[119.5394860101713,-9.765287566667862],[119.5391606417503,-9.764914555762143],[119.539343900201,-9.764447600776087],[119.5395190692497,-9.764480365776222],[119.5394860101713,-9.765287566667862]]],[[[119.5113557930355,-9.760852281207715],[119.5114042431115,-9.760952998981658],[119.5109900189742,-9.761212673725854],[119.5110788800863,-9.760608768180106],[119.5113557930355,-9.760852281207715]]],[[[119.5138520673191,-9.759055972654966],[119.5136929250885,-9.758983254373614],[119.5138889862877,-9.75883237871125],[119.5139141088491,-9.75886816633274],[119.5138520673191,-9.759055972654966]]],[[[119.5439558260007,-9.752871487828845],[119.5437172898211,-9.752760349610394],[119.5441553756701,-9.75255376094724],[119.5441596924159,-9.75272724196861],[119.5439558260007,-9.752871487828845]]],[[[119.8781956749905,-9.371953069978094],[119.9091096643796,-9.383150583632442],[119.9120316930083,-9.402515232891666],[119.8979175790331,-9.431113701835852],[119.9173631843636,-9.477337016789882],[119.9263227009321,-9.482745231107419],[119.9179517897434,-9.487887740726624],[119.92079494603,-9.495947267052678],[119.9114158903311,-9.497018598829214],[119.9090721923279,-9.512971927112694],[119.886541148855,-9.51314518330351],[119.8727123250139,-9.533719037603454],[119.8698774541813,-9.554467796551496],[119.8580502451228,-9.55592949075335],[119.8535550036605,-9.573556975374036],[119.8412009690496,-9.577793257053173],[119.8460268075912,-9.598320828643274],[119.8407467565577,-9.601936820028172],[119.8529412847126,-9.614567960942626],[119.8447752642671,-9.659905926617167],[119.8230489494496,-9.663551714340084],[119.8191203186478,-9.673724416348666],[119.7786550156166,-9.70096291520635],[119.7554894401856,-9.704744864783681],[119.7388437220602,-9.72599711187721],[119.7496768735889,-9.73334344164643],[119.7253850456834,-9.753738010700612],[119.6910840107185,-9.820227725129342],[119.6806073261672,-9.829047038290089],[119.6780062251073,-9.829316268331105],[119.6748324159832,-9.828666421817882],[119.682770516746,-9.827050384167872],[119.6896955743913,-9.814824144118877],[119.6840997426091,-9.803629861728673],[119.6746356038501,-9.803567347155333],[119.6787505022339,-9.790248500967529],[119.6710517047724,-9.780947804997169],[119.653507938041,-9.776337661653738],[119.6460354091069,-9.793374196362041],[119.6210990307957,-9.800899938181544],[119.6141294396221,-9.790370381587792],[119.6210353264192,-9.791205061264545],[119.6276405329843,-9.778943332169003],[119.6222635611145,-9.764539480012928],[119.5948552810464,-9.779061030042406],[119.5955144058651,-9.772584638769981],[119.5832874157817,-9.76193124103391],[119.5532356181293,-9.765955825900612],[119.5455875361359,-9.75184969790515],[119.5380049994313,-9.759388850415078],[119.5356822556316,-9.749580765939552],[119.5462038478293,-9.737479401253317],[119.5325392635762,-9.704928783336602],[119.5428264672677,-9.69650261690223],[119.4886596825984,-9.665092990449136],[119.4963414909671,-9.624077555934445],[119.4822118448009,-9.607460634100988],[119.4949789236385,-9.604829819440557],[119.498440638125,-9.58517627556457],[119.5144038949239,-9.565803554890167],[119.5203072822553,-9.526936347134622],[119.515886439008,-9.520494929597216],[119.4838255819851,-9.527301505160306],[119.4657997336708,-9.514692598184809],[119.4579086665518,-9.50285490483001],[119.464831215988,-9.49314856515409],[119.4505845563323,-9.477287610734635],[119.4550667387391,-9.46922680197531],[119.4433865328623,-9.465382348616451],[119.4286655869473,-9.416664593995776],[119.4068156935895,-9.39785015985695],[119.4147646779476,-9.387532854057916],[119.4032528440435,-9.375968297398956],[119.4261587968911,-9.377940287614166],[119.4433432502908,-9.364305185835669],[119.4723684727269,-9.35804840091297],[119.5211546028027,-9.377651783303147],[119.5386111568795,-9.377587085175758],[119.5753785016165,-9.354516752446145],[119.6230150750858,-9.345232396258023],[119.6863741676337,-9.382409750909275],[119.7615410942461,-9.385685889392263],[119.7843105264097,-9.399648925357589],[119.8070105893673,-9.393885038163923],[119.8648438290795,-9.343454065152894],[119.8781956749905,-9.371953069978094]]]]}},{"type":"Feature","properties":{"kode":"53.18","nama":"Kabupaten Sumba Barat Daya","lat":-9.534148748186425,"lng":119.17734222577997},"geometry":{"type":"MultiPolygon","coordinates":[[[[119.1059209568867,-9.719563272027347],[119.1057183306365,-9.719711972229632],[119.1055136710192,-9.719150126177372],[119.1059676191104,-9.719275950324828],[119.1059209568867,-9.719563272027347]]],[[[119.1004649885684,-9.716811994078238],[119.0997292406121,-9.71691168662499],[119.0997888620663,-9.71594510788039],[119.1002529832886,-9.715866733762706],[119.1004649885684,-9.716811994078238]]],[[[119.0962365984403,-9.71486091310057],[119.096014195199,-9.714789542003714],[119.0959369830055,-9.714379187649307],[119.0962338860851,-9.714600163666525],[119.0962365984403,-9.71486091310057]]],[[[119.0562924201591,-9.697033398572401],[119.0561492345996,-9.697072599121075],[119.0559994570094,-9.69696713922204],[119.0562896511466,-9.696817188062727],[119.0562924201591,-9.697033398572401]]],[[[119.3174068458493,-9.367728949831093],[119.3668365550631,-9.378898061995926],[119.3814506318413,-9.413232522962538],[119.3725371119982,-9.416090285138505],[119.3768658529769,-9.423483076582677],[119.3671170742935,-9.466691553772115],[119.3950814465515,-9.517436481908064],[119.3930445585597,-9.538703143335319],[119.4049508063347,-9.553528219951328],[119.3665359683603,-9.615634548795331],[119.3549892155799,-9.61296713442568],[119.3344270677551,-9.628660337404575],[119.3089298326457,-9.63429671691987],[119.2778397757851,-9.684466966577148],[119.264672831386,-9.678634583419203],[119.2274610210094,-9.688164439237461],[119.2029296209053,-9.669688679888626],[119.2027874335933,-9.653017367057775],[119.1871663760275,-9.648876596977356],[119.1663180045723,-9.658084144767436],[119.1521609416742,-9.685559972015039],[119.1410811537722,-9.690657877958646],[119.148585977361,-9.718619090898333],[119.142489923771,-9.72905981605761],[119.1178023977625,-9.726467626379858],[119.1052494987654,-9.713588235708475],[119.0913971990216,-9.715754275339421],[119.026185551622,-9.675084102249425],[118.9861366688721,-9.607698263763869],[118.9278589500306,-9.557576646744774],[118.9407947380868,-9.51580613334631],[118.9645339056153,-9.481991377999659],[118.9898294245884,-9.456273943887332],[119.0309196602142,-9.431965152070081],[119.0820712446922,-9.418948773067353],[119.1013261937489,-9.421469693271671],[119.1780857063904,-9.374829109076082],[119.194238494411,-9.374943019904407],[119.2190232892934,-9.391049018897029],[119.2924813088653,-9.357771805424413],[119.3174068458493,-9.367728949831093]]]]}},{"type":"Feature","properties":{"kode":"53.19","nama":"Kabupaten Manggarai Timur","lat":-8.572788876505832,"lng":120.68930688807022},"geometry":{"type":"MultiPolygon","coordinates":[[[[120.5943377695725,-8.256568065963492],[120.6400637909113,-8.276788260070038],[120.65689371897,-8.290507042865674],[120.661966529332,-8.305629100802285],[120.677099362046,-8.309465388316966],[120.6776804320063,-8.322794602788601],[120.6887774877908,-8.33066426424434],[120.7143894871851,-8.32601841331904],[120.7164152730464,-8.336608259563487],[120.7333571487135,-8.348933166032761],[120.7490297086543,-8.348341663037289],[120.7628346563944,-8.336715078338202],[120.7823872621625,-8.34565118015778],[120.8076580416854,-8.338471599984292],[120.8544758408874,-8.357578322781283],[120.8815577102203,-8.349524740973973],[120.8837028208286,-8.372206044073565],[120.8956188442344,-8.352680906298797],[120.927528211358,-8.354070843594545],[120.9358903280762,-8.368159595788676],[120.9182587407483,-8.37996680122684],[120.9140969373239,-8.39380393840095],[120.9126844567223,-8.40979362627479],[120.929575797685,-8.423982984726912],[120.9121096100705,-8.446713183966175],[120.9218601909951,-8.476012418138605],[120.9055217936959,-8.479208359578099],[120.9071718706853,-8.485865498394034],[120.893281529619,-8.496637996945893],[120.8522361521767,-8.504333107187083],[120.8453605653378,-8.515255675608895],[120.8578523688918,-8.545032746563912],[120.8571203630144,-8.569402334350222],[120.8803271570726,-8.599896755830532],[120.8787879853773,-8.612036461313615],[120.8886058283963,-8.626240147764612],[120.8843141718617,-8.643733113592216],[120.8913842946496,-8.650161990083731],[120.874981863822,-8.696975569666758],[120.8444718166211,-8.709032177792757],[120.8563074757095,-8.747705689565848],[120.8434551159609,-8.76290816398047],[120.8454458498461,-8.782925310054939],[120.8401266693104,-8.792211769757312],[120.8343938905657,-8.789424148405693],[120.8240281113084,-8.821414414043964],[120.8111080119253,-8.827428016889431],[120.8197966697805,-8.836683015608653],[120.7885398858072,-8.841003442354882],[120.7853619128221,-8.872952212374656],[120.7738451767136,-8.887494653655263],[120.7453236618576,-8.893512682963927],[120.7026016702309,-8.88171607333808],[120.6899902478517,-8.870712631582638],[120.6468069471829,-8.867355685416527],[120.5958285712316,-8.815032108045333],[120.5377154687939,-8.811397630196431],[120.5166825879312,-8.817687055113481],[120.5037703702064,-8.781702305816701],[120.5074873923294,-8.746776788817705],[120.4932506027331,-8.730230785722153],[120.4982438671608,-8.714604527377006],[120.4682443210187,-8.686474571943918],[120.4709616549564,-8.667313099320033],[120.491412997312,-8.645658598065769],[120.5238206931705,-8.638073136765794],[120.5267672723918,-8.602585092927644],[120.5104402802948,-8.565247291129534],[120.5430574714252,-8.515165988919176],[120.5464207596105,-8.49440110782485],[120.5134565533773,-8.408806406290541],[120.478101444626,-8.382003190095038],[120.4805997729612,-8.318867124018574],[120.491968735169,-8.315615475873432],[120.4937811622709,-8.293191615400701],[120.5296091669296,-8.272885602588413],[120.5579977682824,-8.300143248012475],[120.5920179656567,-8.296615141975199],[120.6055176052533,-8.277053596945887],[120.5932885341386,-8.26659524687308],[120.5943377695725,-8.256568065963492]]]]}},{"type":"Feature","properties":{"kode":"53.20","nama":"Kabupaten Sabu Raijua","lat":-10.535687374038487,"lng":121.84446825694981},"geometry":{"type":"MultiPolygon","coordinates":[[[[121.2754982375537,-10.81964820809825],[121.2802530764183,-10.82358076983663],[121.2830554115781,-10.82777837167448],[121.2718104541892,-10.82641777386113],[121.2754982375537,-10.81964820809825]]],[[[121.8268719032159,-10.62348496725745],[121.8260020357655,-10.62365394897052],[121.8258660438829,-10.6235708929823],[121.8265202584033,-10.62322865417904],[121.8268719032159,-10.62348496725745]]],[[[121.6344732622314,-10.60236472625114],[121.6252968291853,-10.61995036002104],[121.5740764447721,-10.64237182559927],[121.5187224632712,-10.632671865714],[121.557085816857,-10.60051460136771],[121.6344732622314,-10.60236472625114]]],[[[121.9528936119507,-10.43381791176719],[121.9704934496131,-10.44271455133543],[121.996609987561,-10.44168815418496],[122.0058679666334,-10.45304031435899],[122.0074329650594,-10.46743231794707],[121.9934804898328,-10.48938704887313],[121.9940447442695,-10.53478481856452],[121.986219958984,-10.55085980893303],[121.9621448649936,-10.54987428866745],[121.937917449231,-10.5632373895938],[121.8751739651065,-10.61816780300163],[121.8378309346501,-10.62585632840676],[121.7950113009308,-10.60679081164658],[121.7493025582666,-10.61513120434155],[121.7387694133778,-10.60317142082432],[121.6842380228666,-10.5778686101482],[121.8003360311829,-10.51055176764997],[121.8338221796499,-10.49853220619637],[121.8444418680977,-10.45036729091773],[121.8603063919265,-10.43581254511279],[121.9075441592356,-10.41863236439207],[121.9528936119507,-10.43381791176719]]]]}},{"type":"Feature","properties":{"kode":"53.21","nama":"Kabupaten Malaka","lat":-9.524259235578747,"lng":124.88844674206781},"geometry":{"type":"MultiPolygon","coordinates":[[[[125.0134085142916,-9.301985939799255],[125.0306851176241,-9.321985936701598],[125.0425013315712,-9.321305319884559],[125.0521788066066,-9.330815076754355],[125.0507152831839,-9.360202127925792],[125.080000579663,-9.39206879703736],[125.078702875937,-9.442571721207909],[125.0878301412481,-9.462027988900505],[125.0338660412848,-9.50264663083729],[124.9953803322365,-9.555292557605437],[124.9881749783926,-9.555936348983245],[124.9935457674232,-9.566918605409285],[124.9837947359385,-9.633082134832609],[124.9483264897757,-9.680440547992912],[124.8899842122018,-9.69925172388793],[124.8527002600091,-9.731017194088203],[124.8106760100899,-9.790775332815276],[124.7977447474222,-9.770871141589836],[124.7980728174067,-9.748606679654497],[124.8209990580601,-9.660630985231737],[124.7930218515773,-9.63794617567542],[124.8005447326534,-9.619526864972787],[124.7943801875956,-9.612126349251575],[124.7850979358211,-9.614872521749422],[124.7883453193811,-9.600246446216492],[124.7608076079848,-9.599523358915878],[124.7646639260994,-9.605612288975944],[124.7575635393259,-9.611455112363458],[124.773437784826,-9.61229205023793],[124.7746677228372,-9.626574607232268],[124.7922781347283,-9.637457396841302],[124.7388810941872,-9.651548438709394],[124.7185889606121,-9.63742685496534],[124.7030563396784,-9.636716826720164],[124.6997756848001,-9.628317834200644],[124.6634177429346,-9.627027902415701],[124.6424407999031,-9.595550528234202],[124.6452636845714,-9.584867471756358],[124.694458734583,-9.585687389961066],[124.7042078532099,-9.5614367869781],[124.7300137437394,-9.553319036744128],[124.7373460728631,-9.562068834109354],[124.756752034279,-9.560128216743706],[124.73848514967,-9.509860129841101],[124.7291600568911,-9.5134131623875],[124.7212598220832,-9.50352616060373],[124.7369294466367,-9.499694457832923],[124.7528306664023,-9.48214969285404],[124.7671812121433,-9.481565771143412],[124.7686899309956,-9.467729208636015],[124.7815868215746,-9.470164348805614],[124.7800040408539,-9.45304274003032],[124.7978458384148,-9.425398864565953],[124.7933302749722,-9.40997719299304],[124.7792622611445,-9.400016756168288],[124.8035853728667,-9.385590046843166],[124.8043365468942,-9.347144122902833],[124.8222924630267,-9.344915613664533],[124.8287735559549,-9.362422115188433],[124.8433583382168,-9.360169458253846],[124.8450738219993,-9.38755423993614],[124.8715663377163,-9.380692723890043],[124.8805559770767,-9.385632546105054],[124.8989821334188,-9.358497703106465],[124.916353477631,-9.38169264589888],[124.9307700210197,-9.377272446566103],[124.9596093526896,-9.393754005143222],[124.9865887101009,-9.37425914574293],[124.9954834781801,-9.351855129710422],[124.988284421389,-9.330066147434728],[125.0134085142916,-9.301985939799255]],[[124.7351039317012,-9.626455983057074],[124.7232315254145,-9.63370206989456],[124.7486886633512,-9.648057406324178],[124.758721142167,-9.635591097651002],[124.7569951686921,-9.610843312568722],[124.7351039317012,-9.626455983057074]]]]}},{"type":"Feature","properties":{"kode":"53.71","nama":"Kota Kupang","lat":-10.204506383995435,"lng":123.60454402769143},"geometry":{"type":"MultiPolygon","coordinates":[[[[123.6397276633011,-10.22196060369883],[123.6175686207953,-10.23426487612305],[123.6274939013225,-10.24233616468225],[123.6224399920122,-10.25108000583755],[123.6403014622428,-10.26717780301317],[123.6347793047212,-10.2840920218293],[123.612549992788,-10.29273000738387],[123.5847699932407,-10.28854000571664],[123.5844102482344,-10.26531696900291],[123.570279629901,-10.24508674385814],[123.574249992843,-10.21702000626819],[123.5390799933471,-10.24685000592294],[123.5423599926196,-10.23332000701263],[123.5310339505564,-10.22284292586029],[123.5416499931528,-10.21815000621771],[123.5280100719074,-10.21165313468433],[123.5271799949608,-10.18791950877825],[123.5351158699016,-10.17383127819087],[123.5633037317819,-10.17194815987963],[123.6233499926082,-10.14060999085833],[123.6501199932432,-10.14542000582857],[123.6731212517444,-10.12394175370897],[123.6815410222005,-10.14993069224762],[123.6623333334167,-10.15755555644374],[123.691838611263,-10.17077277834105],[123.6779199928135,-10.17195000618781],[123.6734298639971,-10.18944849205424],[123.6486049926264,-10.18073500571591],[123.6495280792575,-10.18960638422717],[123.6356369998478,-10.19290200022709],[123.6502500001375,-10.20005555581916],[123.6735555559442,-10.23297222209035],[123.6397276633011,-10.22196060369883]]]]}}]}