{"type":"FeatureCollection","features":[{"type":"Feature","properties":{"kode":"64.01","nama":"Kabupaten Paser","lat":-1.736732365133383,"lng":116.092737579172},"geometry":{"type":"MultiPolygon","coordinates":[[[[116.5494197359321,-2.205232913068381],[116.5494482894071,-2.204904547207034],[116.5510520459153,-2.203276996436257],[116.5511900549772,-2.204276368959215],[116.5494197359321,-2.205232913068381]]],[[[116.5124510932433,-2.121896530600312],[116.5223474488757,-2.156590143020656],[116.4056070898954,-2.205347573032038],[116.3871498565806,-2.187359507934941],[116.3943743938633,-2.155725875648587],[116.3926508035918,-2.127048507382659],[116.4633429726001,-2.132529550598219],[116.5019202856926,-2.109271253265701],[116.5124510932433,-2.121896530600312]]],[[[116.3931839999417,-0.9730030002882],[116.4417282726417,-0.970197182953639],[116.4540624852955,-1.0435180109474],[116.3761892783126,-1.132010257067664],[116.3708797699854,-1.144399161092371],[116.3779296868057,-1.19927978623309],[116.344332103344,-1.245280388579031],[116.3354828103835,-1.28421695294996],[116.3354829641676,-1.333772544767056],[116.3557749358647,-1.391749604060946],[116.3624106249504,-1.474579785128929],[116.3790765913117,-1.498701437021646],[116.3729984045528,-1.530333256274721],[116.3611666674078,-1.53033333271704],[116.3593055564064,-1.54091666697054],[116.3688331378392,-1.540938060043365],[116.3695729192549,-1.560317032804795],[116.404807490973,-1.557596360583505],[116.4041250773105,-1.57931147344568],[116.4400707726481,-1.580271943994907],[116.439911355225,-1.590427245920603],[116.4615512011271,-1.595481430423609],[116.4781499836349,-1.595783355317584],[116.4849207320062,-1.568392373709029],[116.5062456236367,-1.567348544099969],[116.5154303439353,-1.57451905011399],[116.5289736411208,-1.563951864087157],[116.552377394801,-1.561224288669985],[116.560107601085,-1.59732775657069],[116.5307117392555,-1.617329506251666],[116.5340667788588,-1.621384107790272],[116.492171899114,-1.642785776342473],[116.445612486827,-1.649858500869053],[116.3884043757615,-1.681704490969407],[116.3359742709959,-1.699249328793398],[116.317763541854,-1.695112897042497],[116.3088458878275,-1.723968794224431],[116.2843230726518,-1.729641413720254],[116.2781229441186,-1.752010453319722],[116.2462091361427,-1.779294018104396],[116.2452258641823,-1.802809437905209],[116.2648564168902,-1.810380883271081],[116.344592352755,-1.77509683624997],[116.3691973983413,-1.785247509364998],[116.3735406282974,-1.762663806089718],[116.4494073632593,-1.770901499804348],[116.4508165640333,-1.819071705794586],[116.4169424732167,-1.867380394789356],[116.4410203227297,-1.87180928696902],[116.4557357971694,-1.915051769323631],[116.4594786891902,-2.056050299981374],[116.4557286592504,-2.064978038105972],[116.3932083212072,-2.082890620405722],[116.3603836555812,-2.110551853685008],[116.3645832233371,-2.120451254421843],[116.391738625737,-2.116557744843986],[116.382763299087,-2.18297325980801],[116.4004852269117,-2.214364002296845],[116.514966443047,-2.165617472068584],[116.5525000614288,-2.173783782095809],[116.5394963071089,-2.204896345389942],[116.5524405748726,-2.208965222766748],[116.5750419929937,-2.188992859332897],[116.5828381888314,-2.175097641243065],[116.5788216591923,-2.165294261121245],[116.5859695598474,-2.169824755108321],[116.597424623148,-2.202694700699828],[116.5589313750829,-2.405192764234679],[116.550236608133,-2.409592700942367],[116.5471231219347,-2.402307688748786],[116.5467966347569,-2.408711163889057],[116.4626400013351,-2.387220000202797],[116.3276577903748,-2.340760079913709],[116.2679470369263,-2.339231746847561],[116.236310000706,-2.32788999992353],[116.2358251671977,-2.309114117022817],[116.1624869346244,-2.30657030637447],[116.1542238764308,-2.308465924362826],[116.1496946639776,-2.324131338290572],[116.1136097517887,-2.337747652332281],[116.1048790002657,-2.326984999558038],[116.079665129842,-2.336413026040221],[116.0630685623644,-2.325729679081403],[116.0451449786578,-2.328722149807374],[116.0330410050384,-2.307385592171299],[116.0139781241911,-2.322203747604837],[116.0039536016774,-2.315308034837907],[115.9459632908732,-2.329932604006471],[115.9260249730741,-2.325267301644621],[115.9116093937585,-2.336123494703449],[115.889827122224,-2.337127309877454],[115.8875130361977,-2.374272083889542],[115.8739739028734,-2.370679098061926],[115.8572819838765,-2.386044466678763],[115.8354905563442,-2.389861389091744],[115.8314079948831,-2.333090683987818],[115.8169506771322,-2.317249383352296],[115.8330828311078,-2.295563204378295],[115.8098500169647,-2.27720930496538],[115.8110332001221,-2.237556051970182],[115.7850847103912,-2.215528109934242],[115.7973611110264,-2.172444444255619],[115.7916730303861,-2.163079083432942],[115.7972493199003,-2.107945381873824],[115.8146781092075,-2.098061329866388],[115.8133969826847,-2.070392940681634],[115.8075805561978,-2.061358333420296],[115.802166667158,-2.067222221628187],[115.7817777782219,-2.053444444205679],[115.7488754012789,-2.064445686219399],[115.7217279542817,-2.062669247287888],[115.7134009641832,-2.049447889408532],[115.7014720669823,-2.050487408567017],[115.6948817450965,-2.040848381347685],[115.71333944426,-2.022846764366617],[115.7189800847632,-1.998384714582871],[115.7105833333542,-1.979999999900064],[115.6941638909509,-1.977398002215994],[115.7192405985749,-1.92741834408128],[115.7275491363836,-1.924837747564004],[115.7193069586493,-1.912177667365425],[115.7323812593877,-1.861164636039073],[115.7214011298584,-1.8288933016845],[115.7284423412411,-1.799239481017237],[115.7075300001095,-1.788489999713663],[115.6913100003564,-1.804779999997022],[115.6794927953563,-1.793260411238931],[115.6900000001999,-1.780000000299678],[115.6900865356651,-1.750970899087692],[115.7071359261821,-1.733323528657918],[115.6652365066596,-1.706666492764411],[115.676857401348,-1.656475307789121],[115.6697928435649,-1.628700871447977],[115.6516586800042,-1.622389796252024],[115.6544676386707,-1.612471607778401],[115.6362081536834,-1.60404335491682],[115.6397829246423,-1.58622772762749],[115.6299924219128,-1.575865110386479],[115.6401568330715,-1.561084991778896],[115.6291540909886,-1.561881538402224],[115.635999489385,-1.548328059991968],[115.632312645812,-1.529874568756265],[115.6554874959512,-1.512695248686738],[115.6209459229161,-1.514871276188392],[115.627515519026,-1.503841011253629],[115.6169335967083,-1.500212043550933],[115.6211122534277,-1.47748266089607],[115.6349364979211,-1.463922514912122],[115.6635583429432,-1.461461598374017],[115.6888029908654,-1.448804703574138],[115.6947870725655,-1.416065656105106],[115.7091424179882,-1.411867843825901],[115.7231122582242,-1.374194133552356],[115.7373788468564,-1.36470446124182],[115.7518030551669,-1.333524518042031],[115.7668179777676,-1.294310886038444],[115.7609186661635,-1.27461421427453],[115.7772179582422,-1.231157129397944],[115.8248759616564,-1.178614918743451],[115.8493588298462,-1.171768565267042],[115.8433776061916,-1.110017205129823],[115.8751290002033,-1.101334999910256],[115.8952590004026,-1.105173999780254],[115.9034519996102,-1.137603999724737],[115.9178790003157,-1.142253000075824],[115.92240000016,-1.154064999799845],[115.9517900002083,-1.125631999816859],[115.9788889998275,-1.11324999988758],[115.9853330002178,-1.081806000446564],[116.0126125837038,-1.081122736924714],[116.0186135852488,-1.092709918727744],[116.0756445379651,-1.076238576449098],[116.0930086678159,-1.085783173954249],[116.1153371273066,-1.08269767465792],[116.1332909534149,-1.092717188847095],[116.1393373086699,-1.088465451419365],[116.2120864070621,-1.104090537947913],[116.2289494202796,-1.086377951381293],[116.2482498750318,-1.084870873791813],[116.2621370001225,-1.055996000015361],[116.2995850003475,-1.051896999846649],[116.3154170001944,-1.029971999608017],[116.3700083494059,-0.99625559681831],[116.3844560003443,-0.966466000105795],[116.3931839999417,-0.9730030002882]]]]}},{"type":"Feature","properties":{"kode":"64.02","nama":"Kabupaten Kutai Kartanegara","lat":0.10796263794609533,"lng":116.48011669874397},"geometry":{"type":"MultiPolygon","coordinates":[[[[117.3979894389616,-0.863888312195796],[117.3974929502396,-0.863023635632201],[117.3975701561378,-0.862281578032389],[117.3980874812524,-0.863427512169926],[117.3979894389616,-0.863888312195796]]],[[[117.4263340733588,-0.862100680302083],[117.4247544843321,-0.866111609862832],[117.4251351286833,-0.867646874903263],[117.427878999816,-0.86900599872777],[117.43069825572,-0.868533849257672],[117.4325625862944,-0.867153829685455],[117.4329167312223,-0.869842390713663],[117.4360120816923,-0.8716593279156],[117.4333628938825,-0.876097600024186],[117.4352205766684,-0.891731768805995],[117.4243004822815,-0.88573100558145],[117.4249703198244,-0.881037916866292],[117.4233471613425,-0.87564273012786],[117.415948744639,-0.871551492007752],[117.4263340733588,-0.862100680302083]]],[[[117.3980337233777,-0.860978454092345],[117.3971418899863,-0.860019567249173],[117.3968622943595,-0.858215338367144],[117.398066340889,-0.860219943395604],[117.3980337233777,-0.860978454092345]]],[[[117.2622542796114,-0.862467064103692],[117.2637539171096,-0.884025000653191],[117.2618849478322,-0.886050239726702],[117.2556237508355,-0.881092459849045],[117.2598088673854,-0.850014980906602],[117.2622542796114,-0.862467064103692]]],[[[117.2583669097052,-0.847254911185116],[117.2588009234239,-0.849396426303953],[117.2564856538899,-0.851894399406985],[117.2564080298069,-0.847525455135647],[117.2583669097052,-0.847254911185116]]],[[[117.372249342833,-0.894391434616962],[117.3621366336987,-0.889561129142782],[117.3617558022885,-0.873590522184811],[117.3755709132671,-0.84721160433199],[117.392888788287,-0.877284697031103],[117.372249342833,-0.894391434616962]]],[[[117.2586833442611,-0.845390727200249],[117.2565543522016,-0.84396380798333],[117.258432072782,-0.841796788990548],[117.2586452732608,-0.841926232009962],[117.2586833442611,-0.845390727200249]]],[[[117.2566804920111,-0.842837372946351],[117.2567524593586,-0.840670732568219],[117.2581534861945,-0.839170720951968],[117.2578184581554,-0.841965160064076],[117.2566804920111,-0.842837372946351]]],[[[117.3833113295543,-0.834461746612261],[117.3819635201003,-0.831254301045162],[117.3813449097398,-0.827663789252389],[117.3827005729731,-0.83011721533717],[117.3833113295543,-0.834461746612261]]],[[[117.2723305149413,-0.826714177117507],[117.2761403839716,-0.831999290434807],[117.2643207912715,-0.844725737902399],[117.2751051240024,-0.844763683896835],[117.2754640002635,-0.887775000016136],[117.2678851426853,-0.883869319913158],[117.2699165583026,-0.850962781806944],[117.2644087719473,-0.845395321836564],[117.2695430887426,-0.854855430733517],[117.264770556616,-0.856087106234929],[117.2631111878311,-0.845407539126589],[117.2634561389897,-0.829759619710638],[117.2723305149413,-0.826714177117507]]],[[[117.2558564773946,-0.835106492170803],[117.2550673267957,-0.828990497013729],[117.2572157666944,-0.824721031250489],[117.2574799551359,-0.832513098300838],[117.2558564773946,-0.835106492170803]]],[[[117.4759040561273,-0.81726775500284],[117.4862659287298,-0.825111557352434],[117.4923677577659,-0.837617776139401],[117.4682991478874,-0.829932705030314],[117.4697527338017,-0.811449513684062],[117.4759040561273,-0.81726775500284]]],[[[117.3618855933455,-0.813789450722505],[117.3602992935776,-0.813442567820191],[117.3591666703056,-0.810701428827867],[117.3603388916266,-0.811420022216216],[117.3618855933455,-0.813789450722505]]],[[[117.2757711502185,-0.809736319575441],[117.2855960637075,-0.827636025382253],[117.2686827343208,-0.844531044572053],[117.2789370039396,-0.833819530846627],[117.2719024007753,-0.825536485220615],[117.2634418037963,-0.82874706762304],[117.2640603287212,-0.818378424924296],[117.2757711502185,-0.809736319575441]]],[[[117.2780294782779,-0.809372234441044],[117.2782049270158,-0.810538756758186],[117.2762651451204,-0.809401245670907],[117.2773173672029,-0.808648617439703],[117.2780294782779,-0.809372234441044]]],[[[117.2769739628782,-0.803194292182832],[117.2754981619107,-0.808136969745268],[117.2663962403942,-0.809850691755967],[117.2756816478898,-0.803393470432281],[117.2769739628782,-0.803194292182832]]],[[[117.4880239162708,-0.821200864428276],[117.473659090195,-0.81197255039285],[117.4696560243061,-0.802795621820421],[117.4801718032861,-0.808891106139578],[117.4880239162708,-0.821200864428276]]],[[[117.5115254145663,-0.810487482811054],[117.5048167338052,-0.810030539078069],[117.4993120743928,-0.800857972217608],[117.5026757582797,-0.802909621681616],[117.5115254145663,-0.810487482811054]]],[[[117.2906283748996,-0.802770781646148],[117.2975110582888,-0.808142837821693],[117.3024929202121,-0.848087913626275],[117.2855008335966,-0.876504926361202],[117.2759450152503,-0.853721954004952],[117.2879194100528,-0.825399981623834],[117.281779274394,-0.803001466744282],[117.2858870816236,-0.795914433104519],[117.2906283748996,-0.802770781646148]]],[[[117.4989455134248,-0.797538561955038],[117.4967053813483,-0.795292705693809],[117.4966697286252,-0.793878646782067],[117.499426814396,-0.7951382291459],[117.4989455134248,-0.797538561955038]]],[[[117.339118521003,-0.782323977269675],[117.3492871481834,-0.78848678123993],[117.3719001405791,-0.827922745438306],[117.3735481320407,-0.838760032949073],[117.3566384925724,-0.875234791352478],[117.3580566523926,-0.896821260692596],[117.3366761862571,-0.91106480509662],[117.3189763835534,-0.888388450966174],[117.3109576001132,-0.856513192429789],[117.3470635420489,-0.834684016753931],[117.3453931601663,-0.817394852590317],[117.3299219053717,-0.796279515587075],[117.339118521003,-0.782323977269675]]],[[[117.3390728210539,-0.781855027587389],[117.3383225922139,-0.780967683611669],[117.3396931608108,-0.780615524386954],[117.3398835176104,-0.781234184210147],[117.3390728210539,-0.781855027587389]]],[[[117.5138460206774,-0.776770544924668],[117.5133701291282,-0.776109054888943],[117.5132273608541,-0.774053201094274],[117.5141553505891,-0.776151885101298],[117.5138460206774,-0.776770544924668]]],[[[117.3538679277627,-0.781654882566743],[117.3470758456738,-0.774539370995145],[117.3433944079256,-0.767446843397027],[117.3500219050869,-0.770448032150897],[117.3538679277627,-0.781654882566743]]],[[[117.3771288735987,-0.768646536308529],[117.3753225079275,-0.768777248271382],[117.375203667915,-0.768385112382999],[117.3766416308067,-0.767006692704689],[117.3771288735987,-0.768646536308529]]],[[[117.2928142760581,-0.764634535655231],[117.2958284681093,-0.772248691623714],[117.2888065552784,-0.782068272133055],[117.2882205165637,-0.791990796238265],[117.286650481035,-0.776868642074094],[117.2928142760581,-0.764634535655231]]],[[[117.3398429042267,-0.775210116853378],[117.3307587847902,-0.767146373606201],[117.3313292157708,-0.7629968558202],[117.3376039610541,-0.768886032964014],[117.3398429042267,-0.775210116853378]]],[[[117.4407767861199,-0.779901426709431],[117.4660421409322,-0.807665696214846],[117.46480026532,-0.820968475114972],[117.4430050336555,-0.804546457952585],[117.4319053914208,-0.781582854964727],[117.4123372192873,-0.784589817366113],[117.4059079821678,-0.753244466358963],[117.4407767861199,-0.779901426709431]]],[[[117.4720711329764,-0.746222751378836],[117.4843176527376,-0.751028008036128],[117.4980757413025,-0.749666938078677],[117.512558377667,-0.77756867255612],[117.5539539106445,-0.792802860663391],[117.5535056435707,-0.80240678824264],[117.5372176937416,-0.813626632063327],[117.5070459364209,-0.80497715317305],[117.4860226036603,-0.770807090974371],[117.4688677028823,-0.762703998790462],[117.462878917728,-0.74369240627952],[117.4720711329764,-0.746222751378836]]],[[[117.4823941449739,-0.772416061751782],[117.4924323012098,-0.802395740970566],[117.4671983857969,-0.784025964026982],[117.4374372850027,-0.746117189856379],[117.4425757890415,-0.741221961424346],[117.4613615806724,-0.747060637138633],[117.4683446913545,-0.763829089340964],[117.4823941449739,-0.772416061751782]]],[[[117.3873884663048,-0.739551090310522],[117.4104932160891,-0.786755574610057],[117.4334924547131,-0.788024287790615],[117.4399103387912,-0.816088815746221],[117.4172144253056,-0.836082196336266],[117.3926877286558,-0.776646603058209],[117.3854432507055,-0.774231998008259],[117.3737589151419,-0.7781200819762],[117.3829207989557,-0.763448077166975],[117.375646084899,-0.754529468060452],[117.3873884663048,-0.739551090310522]]],[[[117.437911501115,-0.744547529344944],[117.4372344680963,-0.740916012963558],[117.4399069861185,-0.738732693758751],[117.4407158273737,-0.742418907806355],[117.437911501115,-0.744547529344944]]],[[[117.4369462587629,-0.739415533699875],[117.4353793375863,-0.736942656178632],[117.4370627920144,-0.736109481966965],[117.4380426906178,-0.73831158800928],[117.4369462587629,-0.739415533699875]]],[[[117.3311058601474,-0.746830962878578],[117.3260063893835,-0.729909268897602],[117.32644360289,-0.725466474098438],[117.3321134812522,-0.738621991711488],[117.3311058601474,-0.746830962878578]]],[[[117.4286565275768,-0.71846010335104],[117.4274813987477,-0.717756067288613],[117.4269403558128,-0.716906352745886],[117.4279390952131,-0.717283266709304],[117.4286565275768,-0.71846010335104]]],[[[117.4614158664491,-0.702721225604],[117.4721569327962,-0.710933875897604],[117.4868402987408,-0.712500202622193],[117.5151735126476,-0.736320452127151],[117.5503903218559,-0.727046260976108],[117.593885154876,-0.735664068441968],[117.6052820113558,-0.726666006930612],[117.6161432406181,-0.748444167664156],[117.6144756421372,-0.768400280348638],[117.5967275512355,-0.785421579642145],[117.5220898621575,-0.775931663615362],[117.4973122861331,-0.748230817897857],[117.4448941090759,-0.740144563720582],[117.4402558637172,-0.730378292324277],[117.4484164369691,-0.72764148626552],[117.4526498210325,-0.725058565900019],[117.4531014695573,-0.723598367270808],[117.4512463606311,-0.719780610286838],[117.4457532566076,-0.717255804112041],[117.4477026873292,-0.712970896989232],[117.4419238893761,-0.706640128439131],[117.4614158664491,-0.702721225604]]],[[[117.5134106849553,-0.707178107383724],[117.5044001057803,-0.705567358646666],[117.4997362189514,-0.70233320861062],[117.5177788603062,-0.697537504552129],[117.52235934221,-0.704684493294641],[117.5134106849553,-0.707178107383724]]],[[[117.3024591245889,-0.696283081598883],[117.3036865948606,-0.703729914204112],[117.3083603562456,-0.706094970206619],[117.3109295349701,-0.70644273804186],[117.3054085771442,-0.709661477295301],[117.3071779033376,-0.712265743069532],[117.3119432166062,-0.712409044641651],[117.3081531659359,-0.717139321222662],[117.3082722127924,-0.719408573346916],[117.3125670394373,-0.724387245374983],[117.317413012001,-0.721658051178034],[117.3110575426715,-0.72839252539463],[117.3119471268585,-0.731983064167066],[117.3178064393157,-0.734175308243826],[117.313804889684,-0.738032604820818],[117.3145794622724,-0.761001637015893],[117.3204406453195,-0.769685679550472],[117.3142061312081,-0.776154528208808],[117.3235780166123,-0.786540372240355],[117.3147087596017,-0.79613125964986],[117.3414429762124,-0.827121587091531],[117.3388426089992,-0.837206803051485],[117.3178129701924,-0.833883678588856],[117.3091074266665,-0.839804556834769],[117.3007549120097,-0.805097566999072],[117.2924827427844,-0.798451961089055],[117.298490872356,-0.771099776233688],[117.2918693511897,-0.72604997402699],[117.3024591245889,-0.696283081598883]]],[[[117.4564808996738,-0.78429582629134],[117.3812169020384,-0.71867482638204],[117.386707827904,-0.69476115170575],[117.4304705662637,-0.722013708765592],[117.4357705435758,-0.751402635922885],[117.4576892809356,-0.775426827386097],[117.4564808996738,-0.78429582629134]]],[[[117.3183440648268,-0.697942329874548],[117.3292608676949,-0.766188015564387],[117.3383402333152,-0.776359786774686],[117.3242695925677,-0.801979230756869],[117.3279773966396,-0.7846540397521],[117.3199913584145,-0.779544402152402],[117.3238893061466,-0.769467701872875],[117.3180423836492,-0.762361713222484],[117.3211480682288,-0.743532164177976],[117.3181510972954,-0.73221481676036],[117.3131764146599,-0.730702329748636],[117.3180966631305,-0.721739390360534],[117.3086443180809,-0.718871154680015],[117.312649454209,-0.712447296405541],[117.3059365052656,-0.709711235884727],[117.3113289751522,-0.706316387790975],[117.3043677548681,-0.703651324249124],[117.306206828882,-0.698602368404513],[117.3013142642419,-0.69507729308256],[117.3079450736064,-0.676344961650591],[117.3183440648268,-0.697942329874548]]],[[[117.453492805049,-0.682216216205303],[117.4714371217259,-0.706829898880715],[117.463749206061,-0.700758584740838],[117.4476637439867,-0.701759529278847],[117.4482339960022,-0.69719230158343],[117.4388909095879,-0.694172735183576],[117.4376955073418,-0.688356156711192],[117.4349140607354,-0.682240508692436],[117.438498311448,-0.694775556146945],[117.4326796789242,-0.688890212813023],[117.4292052561177,-0.687933973574031],[117.4255401248769,-0.688284057163438],[117.4231396580689,-0.690252095757574],[117.4477263916597,-0.698213456585764],[117.439754479086,-0.709155810991804],[117.446561272285,-0.712184593644041],[117.4454917733267,-0.717762010907988],[117.4527448910639,-0.724284111122733],[117.440560153828,-0.729581161141615],[117.4393733877717,-0.731430336340891],[117.4233098313837,-0.70967619020397],[117.3880349277699,-0.69235943394064],[117.3845665322198,-0.681086923122967],[117.395349556437,-0.688373608055562],[117.4023142328157,-0.687456231219999],[117.4087779949086,-0.69613765942538],[117.4133435597576,-0.696955905790356],[117.4157900655591,-0.693379491770044],[117.4152117457255,-0.687620284648352],[117.4084625280233,-0.677416492177299],[117.4267391441962,-0.682671478206112],[117.4352762312131,-0.662735970788367],[117.453492805049,-0.682216216205303]]],[[[117.3630413336906,-0.657976000392038],[117.3593550000332,-0.655609000055238],[117.3589169996199,-0.654278999875915],[117.3619170012687,-0.655808000238947],[117.3630413336906,-0.657976000392038]]],[[[117.5088062810851,-0.666293874962312],[117.524591910988,-0.661472467380422],[117.5314080355524,-0.673937949576667],[117.5282066550132,-0.689839181932664],[117.505256354797,-0.693992323986484],[117.4726075713824,-0.685088464660824],[117.4868513082414,-0.660944647177677],[117.4845724288745,-0.649640982944957],[117.4979738364235,-0.663245442123442],[117.5088062810851,-0.666293874962312]]],[[[117.3294828680401,-0.634644217656424],[117.3701557148145,-0.666708092804205],[117.3833787364396,-0.693803937601592],[117.3811919557443,-0.704456153628533],[117.3783157493724,-0.692546382309692],[117.3642293938715,-0.694519919358763],[117.3631825452384,-0.68682179189217],[117.3610232334355,-0.684073963742351],[117.3394311712117,-0.669914257736773],[117.3289683955751,-0.667655294756011],[117.337309639928,-0.662972594109837],[117.3388385629493,-0.661210993092778],[117.339153581073,-0.658420234905835],[117.3380890463725,-0.655054087775911],[117.3355113717524,-0.65396272180214],[117.3282069342027,-0.659401763980119],[117.3252596031482,-0.649074756294945],[117.3204306529524,-0.647692881421305],[117.3237687187515,-0.645775176982768],[117.3247427447819,-0.643110894951773],[117.3238323853564,-0.641094321745486],[117.3206421743969,-0.640371313585211],[117.3230230971382,-0.635822091216445],[117.3224908801501,-0.634774954800291],[117.3207475650481,-0.634572262000235],[117.3204149876616,-0.633585871190936],[117.3294828680401,-0.634644217656424]]],[[[117.3643091421532,-0.645879730365165],[117.3606163567595,-0.646254458976061],[117.3602787089954,-0.648138243684995],[117.361170786103,-0.650159687619459],[117.3650217361643,-0.65290417478783],[117.368712848819,-0.653116315865246],[117.3697117357081,-0.651884939838057],[117.3726674502427,-0.639263017873917],[117.3735650770667,-0.630827499389477],[117.3797911690273,-0.634125101092467],[117.3818397841788,-0.634341844900169],[117.39494843812,-0.630255342609923],[117.4121645962192,-0.638536228963707],[117.4111881546097,-0.648153396362064],[117.4209252097307,-0.64686082057033],[117.4229353689722,-0.657513595076312],[117.432446151069,-0.657269428241472],[117.4261582873751,-0.680555018199483],[117.4185108600882,-0.677510897609837],[117.4204601442203,-0.668636869695741],[117.415342411823,-0.661360440631745],[117.4110147626212,-0.661676772664846],[117.4043003208033,-0.668963781353396],[117.3934189377338,-0.664742162220991],[117.3951306587529,-0.660557813692078],[117.4043187748917,-0.661974146989211],[117.4074354249049,-0.659143089282102],[117.4079487570296,-0.655667382243832],[117.4067786940814,-0.653628037304069],[117.3966772480565,-0.648918025146708],[117.3995408998927,-0.646049057417988],[117.4007354351922,-0.643614972153175],[117.3964959591212,-0.648263836706667],[117.396316357314,-0.649754894672563],[117.4054980891655,-0.66077001412477],[117.3933508707462,-0.655462630895689],[117.3896527352856,-0.656818064801781],[117.3907558841768,-0.653383295802426],[117.3869658290099,-0.65195148787083],[117.3888830658009,-0.649933501829628],[117.3865384019258,-0.651646385672125],[117.3884291680718,-0.656565322931238],[117.3950694652837,-0.658563549967786],[117.3919873717199,-0.663471214225167],[117.393387581072,-0.671671059072112],[117.3850499825707,-0.662925900409908],[117.3729716774011,-0.660875801377061],[117.3781840049879,-0.655097078067593],[117.3787635398056,-0.653057478619681],[117.3784084415963,-0.650314904309271],[117.3721357800423,-0.659787917578283],[117.372521117056,-0.661464690043337],[117.3751107508605,-0.663464445028053],[117.3847624783058,-0.663679132985598],[117.3950906452171,-0.678129157234755],[117.3962978141928,-0.668439310225979],[117.4044074957094,-0.671053481133191],[117.4176183656951,-0.665637800643973],[117.4151241598522,-0.676336975670802],[117.4070496211432,-0.677569330160368],[117.4135617128029,-0.695411466765774],[117.4028035161694,-0.686493438621286],[117.3949565769845,-0.686479735651238],[117.3774560739387,-0.671111975737018],[117.3468409949161,-0.632380976600791],[117.3427456019281,-0.628507049760499],[117.3467518019541,-0.627411358047672],[117.3566752982265,-0.640780139991451],[117.3674131908662,-0.644239463180599],[117.3643091421532,-0.645879730365165]]],[[[117.4905167686341,-0.627561629365639],[117.4985592222303,-0.626403479736817],[117.501247119559,-0.642193010898653],[117.5155335679199,-0.643646792865107],[117.5102924683228,-0.663000184410903],[117.4874081315801,-0.646828862262153],[117.4808101061016,-0.651138129321163],[117.4842945482549,-0.66092796115649],[117.4774586835714,-0.664818367173828],[117.458874058591,-0.631194515414515],[117.4905167686341,-0.627561629365639]]],[[[117.3070141781618,-0.616092496171719],[117.3228923716856,-0.632137842187566],[117.3201467171973,-0.633406995136701],[117.3200187229858,-0.640061579877996],[117.3241849627659,-0.643762025696917],[117.3198955527376,-0.647735894196069],[117.3273865780283,-0.659507780559546],[117.3310881372079,-0.659379788146699],[117.3359370973193,-0.655279882360629],[117.3382341978501,-0.65657234034118],[117.328140914072,-0.667894723962339],[117.3613752748491,-0.685644218705741],[117.3633163418757,-0.695190231743739],[117.3780685518222,-0.693829434280937],[117.3751294540611,-0.717813595121244],[117.389564796878,-0.736579095348924],[117.3723020565947,-0.751666360314188],[117.3784596319066,-0.765381821913438],[117.3780745727834,-0.767227412415108],[117.3761127637931,-0.766825440641552],[117.3714192074306,-0.771859842757452],[117.3714768081082,-0.777963820274044],[117.3743805103524,-0.780986825681376],[117.3908948654058,-0.778155945140727],[117.411292347364,-0.840532292731114],[117.4341652780053,-0.844142773969805],[117.4478329037655,-0.888498760009762],[117.4413256522571,-0.892690819325795],[117.4361870546889,-0.87127440099273],[117.4327984290044,-0.866719107300964],[117.4253896026481,-0.867390723702924],[117.4266849627408,-0.861103693680468],[117.4154980323084,-0.870732655687403],[117.4166929741016,-0.873064947589233],[117.4225109312345,-0.875581750697199],[117.4238697843631,-0.88090686855711],[117.4099804802151,-0.884419999083688],[117.3999044040651,-0.855976662293115],[117.3778412760541,-0.819607150649462],[117.3622240154261,-0.8038533495524],[117.3533763871106,-0.775483026920101],[117.3506359396968,-0.770911674034449],[117.3488367047501,-0.768720465077324],[117.3339698384374,-0.757315226016855],[117.3322347764139,-0.750541939758678],[117.3330858336444,-0.741270003208053],[117.3309590107497,-0.72801369227802],[117.3197830529456,-0.685291795979539],[117.3005445461939,-0.629841290243307],[117.3015961450461,-0.615357956904086],[117.3070141781618,-0.616092496171719]]],[[[117.4998722899743,-0.614005268628206],[117.504929447636,-0.612499966300353],[117.5107831168474,-0.607735993920924],[117.5662295477555,-0.621360754395253],[117.5619287909811,-0.649223353974529],[117.5268929181737,-0.654027589901299],[117.516200842395,-0.639441668198407],[117.5015677899217,-0.638787260323761],[117.4991295677754,-0.622956527621612],[117.4702873942479,-0.620387045825479],[117.4754263200687,-0.620221157780135],[117.4789096533579,-0.618557230331865],[117.486089874748,-0.610394111099291],[117.4888116864102,-0.601860383050193],[117.4937109680868,-0.611888235753424],[117.4998722899743,-0.614005268628206]]],[[[117.4987999311719,-0.613157326649263],[117.4932106491522,-0.602410530721345],[117.5000508062997,-0.593698801658318],[117.5056258538501,-0.610586351978506],[117.4987999311719,-0.613157326649263]]],[[[117.4076137163999,-0.593965350820172],[117.4084014361774,-0.594901831953967],[117.4099885471339,-0.593809583745289],[117.4077098638193,-0.596149292355877],[117.4085388256063,-0.602100187273782],[117.4067022903784,-0.597975670640663],[117.4059465468957,-0.597833033667497],[117.4035208478089,-0.598714901671274],[117.4031927724286,-0.599659043230163],[117.4051213586638,-0.603673706776034],[117.4001590210221,-0.604316436054633],[117.3979659180928,-0.610552175042825],[117.3875584858355,-0.606270038731241],[117.3944010819444,-0.605598935842158],[117.399869433028,-0.593330889009261],[117.4006699177826,-0.594218399359628],[117.4051868976573,-0.593968693600269],[117.4079906960139,-0.592155304223832],[117.4076137163999,-0.593965350820172]]],[[[117.3838033135721,-0.599193986713045],[117.384524497008,-0.602576525785972],[117.389818182663,-0.602523151022607],[117.3915915477119,-0.60149041634954],[117.3915174813468,-0.596684361094349],[117.3942353413879,-0.597591217660545],[117.3939372152304,-0.60508625572602],[117.3865752741297,-0.60496240918784],[117.3884313920952,-0.608317557609153],[117.3926257725614,-0.610481376814034],[117.3972482680931,-0.611646059118323],[117.4021829515821,-0.60662333559838],[117.4036364934295,-0.611655414765513],[117.4052191464465,-0.6121930681555],[117.4072238063336,-0.61112470414171],[117.4099115435829,-0.60611764501324],[117.4110308308083,-0.61263533495273],[117.4170521354478,-0.614907615993657],[117.4073902879316,-0.617150445136863],[117.404797618915,-0.621757340129106],[117.4015266227554,-0.617865416955413],[117.3989085658777,-0.616942840239856],[117.394814416652,-0.62328409308641],[117.3919893628189,-0.620717046654276],[117.3943931822996,-0.618451218249019],[117.3948424871911,-0.617032909141438],[117.3933121243552,-0.613884093076392],[117.3896526363601,-0.613737149249951],[117.3890752797005,-0.620024283593759],[117.3866390135798,-0.617579283257255],[117.3831577972946,-0.616574175757536],[117.3823730156023,-0.615220586360879],[117.3828687084242,-0.614017707151396],[117.3854547197596,-0.615708679911611],[117.3884685529814,-0.614782092219704],[117.3866276641354,-0.60851308640977],[117.3835210172812,-0.608290693060967],[117.3800793981458,-0.612398557847163],[117.3776438811602,-0.609996753747202],[117.3807509210182,-0.609353700712647],[117.3815949653355,-0.608140026940676],[117.3814664809934,-0.60698028011579],[117.3755920500331,-0.606901700952703],[117.3750603699402,-0.606352309611305],[117.3760555848973,-0.604851449035129],[117.3756916688355,-0.603268028896389],[117.3693855992661,-0.602277196335502],[117.373660713671,-0.600356310095565],[117.37375243103,-0.592827706633317],[117.3804328982598,-0.599212923737438],[117.3836285528155,-0.597182828324863],[117.3827721733971,-0.591907137204542],[117.3854258137503,-0.59180162784285],[117.3838033135721,-0.599193986713045]]],[[[117.483811430653,-0.594500556255609],[117.4816830123611,-0.591071789331535],[117.4846551647041,-0.590114055419269],[117.4850713025987,-0.590401261109255],[117.483811430653,-0.594500556255609]]],[[[117.4827331426205,-0.596382842693968],[117.4903654172302,-0.591493067750795],[117.4852429274192,-0.61010441518661],[117.4709531731506,-0.61944108134078],[117.47359149715,-0.607616025259253],[117.4638652986447,-0.595875816615601],[117.4735076308725,-0.600183630370202],[117.4769550902054,-0.596185871380841],[117.4766454221485,-0.589699005704494],[117.4827331426205,-0.596382842693968]]],[[[117.3513579613009,-0.585102398956463],[117.3565469766616,-0.586075450121884],[117.3453743301612,-0.586598842062871],[117.347298156285,-0.585467402298681],[117.3513579613009,-0.585102398956463]]],[[[117.4329458090019,-0.587371756301438],[117.4252350100877,-0.591392457895592],[117.4255110785735,-0.594585638416481],[117.428768902363,-0.59748176567094],[117.433619472261,-0.595437160596449],[117.4308535821271,-0.601221043316416],[117.4317478346949,-0.603724784671014],[117.4491189495799,-0.614886848848942],[117.4379136082265,-0.631411768238513],[117.4319207041772,-0.621765654361431],[117.4219819949732,-0.629067262644048],[117.4193540167745,-0.623023368833378],[117.4141581944452,-0.619469126698815],[117.4178791331155,-0.614932760138734],[117.4120409421358,-0.606543268956708],[117.4086524891211,-0.605741634868442],[117.4051134770055,-0.611508213732995],[117.403334189921,-0.606543581021393],[117.4003375976021,-0.604771888711644],[117.4053059157356,-0.603805136397886],[117.4059899104061,-0.598055370359043],[117.4086351753731,-0.602358661422977],[117.4129666790691,-0.592744159615213],[117.4166645591222,-0.597839485403886],[117.4181923184208,-0.59801590361104],[117.4245340721897,-0.584057125036244],[117.4329458090019,-0.587371756301438]]],[[[117.3065117287334,-0.577908186813294],[117.3436836415868,-0.589956638088365],[117.3780255840136,-0.585109303951173],[117.3718054869337,-0.589370543615678],[117.3691550490663,-0.602300427622618],[117.3752841392517,-0.607161441347406],[117.3811889933773,-0.607244755441075],[117.3772959712321,-0.60987577694547],[117.3797453359785,-0.612719339725645],[117.3864457888421,-0.60891763743898],[117.3880678600437,-0.614384765444489],[117.3822421228757,-0.613633560840102],[117.3818903440643,-0.615606008810213],[117.3836120232764,-0.617410746708538],[117.3899325206694,-0.620469450704578],[117.3931516637184,-0.614475352355528],[117.3914733866875,-0.620895418188885],[117.3954398366792,-0.623968648034603],[117.398958542103,-0.617490995912709],[117.4045848456142,-0.622316287666516],[117.4107335644025,-0.617868299282501],[117.4214352143637,-0.630539435746316],[117.4313620543154,-0.623453260059906],[117.43580935202,-0.632812259977714],[117.4588693668279,-0.634967977190362],[117.4758023320121,-0.666263894263233],[117.4703108341777,-0.679633176230057],[117.4623919753095,-0.680838273167764],[117.4538160888414,-0.665701370122099],[117.4349684292497,-0.654960151789544],[117.4245393916797,-0.656727604695176],[117.4214710325622,-0.645309893836535],[117.4128776830587,-0.647110672019815],[117.4120683588677,-0.636367777350946],[117.3963075322668,-0.629254906188928],[117.3874906445776,-0.630931174134355],[117.3830670727872,-0.61997785699244],[117.375115761883,-0.622343423809893],[117.3740116048518,-0.618923844359889],[117.3705053496423,-0.61695286318402],[117.3696241426401,-0.613775260719665],[117.373964252848,-0.611917475411142],[117.3748951186149,-0.610418266889459],[117.3750630256382,-0.607850426356007],[117.3705294775534,-0.604698210853696],[117.3674299668196,-0.604569162636695],[117.3660323187365,-0.605575092116764],[117.3654969406314,-0.614341026017476],[117.3584941869573,-0.61091460182732],[117.3585013248764,-0.60996519743586],[117.3608569919567,-0.609786737767662],[117.3629985061762,-0.608159186097515],[117.3631412735511,-0.606346036840113],[117.362270390766,-0.604604272169309],[117.3607927461884,-0.604447227157737],[117.3600289393841,-0.605896319159774],[117.3580587451151,-0.60551798516684],[117.3578017638403,-0.608109217966016],[117.3560885517453,-0.60752386993064],[117.3529882136351,-0.608025481190991],[117.3579659458718,-0.608411409059231],[117.362234699372,-0.604999261606556],[117.3624345736966,-0.608340025371826],[117.3581729599142,-0.609696318130551],[117.3580373295591,-0.610916982332801],[117.3648830400203,-0.614736017253373],[117.3668389566526,-0.613986486287279],[117.3688876716288,-0.610445848197275],[117.3669460317341,-0.6051206152242],[117.3747360186524,-0.608328049999399],[117.3692151570539,-0.613724270958274],[117.3702414399906,-0.617380160765782],[117.3735372439487,-0.619164446282097],[117.3733045110943,-0.620725749393783],[117.3639575387096,-0.615653439054922],[117.3537719871875,-0.618780660598953],[117.3537719871875,-0.620017981144885],[117.357275743181,-0.622076213646297],[117.3553376717961,-0.624126120224203],[117.3646218544151,-0.616186226213314],[117.3682532260056,-0.622232513119927],[117.3764959748095,-0.623989963765739],[117.382592523926,-0.620911201290911],[117.3858886651299,-0.627278243995713],[117.3825833346532,-0.633592471315472],[117.3749602133433,-0.630339095572799],[117.3722762451526,-0.63115403063401],[117.3684498618716,-0.65259303723886],[117.3607692388095,-0.647456599842114],[117.3673046292053,-0.645762910230088],[117.3677204541357,-0.64364000388302],[117.347015536238,-0.626893345851157],[117.3437328120198,-0.626831831323907],[117.3420225416071,-0.628932563986575],[117.3473737218199,-0.636309446423747],[117.3257983833887,-0.629967574843684],[117.285380015975,-0.583342646945509],[117.3065117287334,-0.577908186813294]]],[[[117.3189646500986,-0.573668377093897],[117.3199778811743,-0.574442242815179],[117.3105655262781,-0.571603077719798],[117.313481585207,-0.569674559832992],[117.3189646500986,-0.573668377093897]]],[[[117.4752439222692,-0.55586095521887],[117.4786334877454,-0.564919049174664],[117.5085614469533,-0.574986948688652],[117.4935176498198,-0.59309288702705],[117.4900879583927,-0.588513872816934],[117.4762491790565,-0.587880752794392],[117.472136535273,-0.59889207261106],[117.4635880142755,-0.594853452924474],[117.4656573857798,-0.603015762767159],[117.4727180701828,-0.607871289728193],[117.468712381871,-0.618284192561338],[117.4697936061901,-0.623967188434962],[117.4478526196028,-0.628167455863407],[117.4506173253294,-0.619099625847033],[117.4489639226469,-0.609249705809203],[117.4321912220473,-0.602766072296371],[117.4344340898614,-0.595200599328185],[117.4255313933591,-0.592809987291057],[117.4336309700933,-0.587337352736553],[117.4264116479792,-0.583284173925483],[117.4242288332942,-0.583420780944246],[117.422616811117,-0.585158733388782],[117.4177909159181,-0.597658658720126],[117.4135009420149,-0.592316229810111],[117.4093255192574,-0.592541551351447],[117.4084374738104,-0.594644448682294],[117.4080489154252,-0.591932039432022],[117.3999832377363,-0.593033056929995],[117.3910128483643,-0.596203290349509],[117.3897489375635,-0.601836703900707],[117.386380066387,-0.591606733963504],[117.3822150388931,-0.591172972054979],[117.3803752373274,-0.598446374000863],[117.372523320395,-0.590956158999559],[117.407165773082,-0.567136593878706],[117.444440854362,-0.565984610001705],[117.473072880609,-0.549925464788339],[117.4752439222692,-0.55586095521887]]],[[[117.4099959152793,-0.556835305005235],[117.367762206061,-0.581946766929756],[117.3486571380166,-0.576194555634205],[117.3712508462496,-0.568835225265365],[117.3928547336591,-0.547602952114515],[117.4127362853514,-0.54112900969592],[117.4195388607299,-0.54929264424011],[117.4099959152793,-0.556835305005235]]],[[[117.5036161208874,-0.527319118382577],[117.5034064628381,-0.533432833758221],[117.5083679101511,-0.53457997658464],[117.5065299800746,-0.53711763407154],[117.5070264517094,-0.539396901046077],[117.5089621461862,-0.540663238217823],[117.5108764673751,-0.53894975182949],[117.5126598679586,-0.540545299326103],[117.5068451070162,-0.543578724278662],[117.5063080858496,-0.546807455899303],[117.5049484602033,-0.546540406714405],[117.5051400220945,-0.542805367573676],[117.5043118957774,-0.54183053395194],[117.5025153560989,-0.542263847098814],[117.5013200042149,-0.544643389380875],[117.4986247603245,-0.544656312638628],[117.4981445169559,-0.545451055222015],[117.4985063456914,-0.5503963668988],[117.5016323774323,-0.553576133131964],[117.4894280232847,-0.560363707818803],[117.4879230959742,-0.562385778580746],[117.4783073486053,-0.562185510352966],[117.4735415739846,-0.548338925800776],[117.4392077065704,-0.561595653116845],[117.4403964133638,-0.559058241144841],[117.4369617900546,-0.544061964188261],[117.4440447299805,-0.543949008439951],[117.4487468451908,-0.534997376227844],[117.4547161303452,-0.536520503118679],[117.4851650686132,-0.52624205972325],[117.5036161208874,-0.527319118382577]]],[[[117.4904415538347,-0.521582940200441],[117.4939520736293,-0.518511569253446],[117.5097969760497,-0.509688794602139],[117.4972215697197,-0.5195573503914],[117.4904415538347,-0.521582940200441]]],[[[117.4800076230535,-0.510029922742719],[117.478803065709,-0.509056313098347],[117.4798664133044,-0.508309640177698],[117.4802720902848,-0.509482843558276],[117.4800076230535,-0.510029922742719]]],[[[117.4808407855739,-0.508522775905343],[117.4806082343825,-0.507778185814603],[117.4818614981098,-0.507993408868648],[117.4815551305649,-0.508328059192545],[117.4808407855739,-0.508522775905343]]],[[[117.555982442136,-0.508036562837047],[117.5725534167069,-0.509536402682789],[117.5672564017616,-0.515832183108758],[117.5636656318635,-0.511251050095821],[117.5592860072435,-0.51296050482337],[117.570368245798,-0.523151415405446],[117.568432726689,-0.52261541317076],[117.5576259963427,-0.526833338787538],[117.5575922285985,-0.521426069657396],[117.5542722733468,-0.521092376212165],[117.5532013642517,-0.531405024422307],[117.5633969665968,-0.525651022576559],[117.562703138739,-0.530864468020711],[117.5636306419407,-0.532927712443934],[117.5630744067586,-0.53463204643174],[117.5638448478614,-0.536248630869609],[117.5690496130493,-0.523405032316385],[117.5715635868901,-0.531255977081615],[117.5752019839845,-0.53631341892906],[117.5693566388978,-0.513600265439853],[117.5880483551475,-0.517352594046974],[117.5780788468613,-0.57755430268889],[117.553568400961,-0.597848449846053],[117.5137196209638,-0.602211022420709],[117.5115300181958,-0.569993622207823],[117.4889295884298,-0.561259698776054],[117.5019302913499,-0.553791392159011],[117.4987531916066,-0.545048865812506],[117.5064010433735,-0.547101625039906],[117.5137883921206,-0.540306433994678],[117.5049142832676,-0.526571910365339],[117.5155846673986,-0.527782703608873],[117.5200238613122,-0.526994812060869],[117.5236595496486,-0.528301449652149],[117.5309833343135,-0.544232264307512],[117.5350167900928,-0.545097376142925],[117.548142162431,-0.529261221428159],[117.532232533105,-0.544309954940461],[117.5275746960155,-0.532134363809769],[117.5313503692242,-0.529903138618939],[117.5409124540467,-0.515837138373135],[117.5396707511044,-0.509580205062379],[117.555982442136,-0.508036562837047]]],[[[117.5319065126755,-0.526305959252563],[117.5262401704476,-0.530616801024467],[117.5238599042113,-0.527654518740997],[117.520502329419,-0.526325666995911],[117.5010910134395,-0.522652028168549],[117.5408229166444,-0.504921048667464],[117.5319065126755,-0.526305959252563]]],[[[117.4557937582753,-0.50096358290295],[117.4481955751657,-0.506865978282248],[117.4447303839002,-0.50793090868442],[117.4487185057545,-0.50304479488126],[117.4557937582753,-0.50096358290295]]],[[[117.5730469799343,-0.504023091792208],[117.5555828247876,-0.506686178624152],[117.5508627842901,-0.503730413727579],[117.5669381280921,-0.495331011117253],[117.5730469799343,-0.504023091792208]]],[[[117.5933791693133,-0.48260328121639],[117.5929748134369,-0.480903829647941],[117.5973018879719,-0.476930007014145],[117.5975397766395,-0.478318296751892],[117.5933791693133,-0.48260328121639]]],[[[117.5365124615808,-0.444724591166937],[117.5284571962427,-0.453461764748633],[117.5248065629726,-0.45488212610916],[117.5367139591819,-0.443923428323492],[117.5365124615808,-0.444724591166937]]],[[[117.4949521008589,-0.460659463563287],[117.4979586450756,-0.454274698818294],[117.5084885299218,-0.445087854320983],[117.515738145699,-0.436284848566862],[117.504422947661,-0.453025241921326],[117.4949521008589,-0.460659463563287]]],[[[117.5197283989465,-0.437078751183398],[117.5291338398549,-0.416023924164735],[117.5394596757235,-0.410684399165609],[117.5350258183869,-0.421431166315214],[117.5197283989465,-0.437078751183398]]],[[[117.6178406804031,-0.4158693972548],[117.6268511786391,-0.422461166149882],[117.6280292788282,-0.436571502073127],[117.6204346894094,-0.461274401991998],[117.6042291579493,-0.477456837063331],[117.5972172662639,-0.474178781225712],[117.5132406771156,-0.506944470211026],[117.5087224633711,-0.500517808749803],[117.5012089271503,-0.502361524164899],[117.4988276923442,-0.506744820716845],[117.4976812572843,-0.50200542321164],[117.4945494725801,-0.497918096243113],[117.4854229941759,-0.499603745016744],[117.475102862707,-0.50485648903569],[117.4715637255855,-0.520870662750797],[117.4784885341186,-0.509259324258407],[117.485355161012,-0.515027331246268],[117.4837459995784,-0.506910466844504],[117.4845992205776,-0.509340791144533],[117.4917089171329,-0.512098967793031],[117.4861074430041,-0.500496182752544],[117.4954234616235,-0.500380584796092],[117.4989978521692,-0.508710318726171],[117.5029565931723,-0.502648630030203],[117.5097453603602,-0.506537823761535],[117.4479984356793,-0.534096286114652],[117.4432995157602,-0.543247041717601],[117.4360774471165,-0.543332883805439],[117.4384838602421,-0.561493776116853],[117.4402149706444,-0.562546873239603],[117.4462505736052,-0.561246527305384],[117.4451800521177,-0.562101974126763],[117.4362349417892,-0.563998465356866],[117.4179202806964,-0.560764652566606],[117.4217980827155,-0.549251268231357],[117.4179098341716,-0.533284713618601],[117.4782939037407,-0.494032623007071],[117.4983644209812,-0.471176044738611],[117.5185692978349,-0.462931207708975],[117.5961664444258,-0.409386761989408],[117.6178406804031,-0.4158693972548]]],[[[117.5332862966253,-0.408865979881037],[117.5341210563417,-0.406583820686704],[117.535634106329,-0.40549751879542],[117.535982641286,-0.406725936952393],[117.5332862966253,-0.408865979881037]]],[[[117.5325707258584,-0.402746382039856],[117.5151861589142,-0.434445537131792],[117.4959496918249,-0.455544991208326],[117.4812584837921,-0.4807512506696],[117.4497405825619,-0.498132378606345],[117.4658312274292,-0.482907484093056],[117.4657526401723,-0.48073363385013],[117.4633254014462,-0.477129285987735],[117.4714643585933,-0.473619441583908],[117.4732585510414,-0.463562923889763],[117.4842576490714,-0.452047273263004],[117.4863817838923,-0.44254118472791],[117.4996377278988,-0.44064979625105],[117.5024047206014,-0.437089665355719],[117.5066356710994,-0.415665964312753],[117.5008094572907,-0.402692591789647],[117.5179764647421,-0.401518612294074],[117.5324557502327,-0.386676935092447],[117.5325707258584,-0.402746382039856]]],[[[117.5240086421851,-0.3505724473605],[117.5396554086703,-0.376997618245392],[117.5195413633433,-0.397895615190505],[117.500000432574,-0.400456590299372],[117.5005026050113,-0.43804726526904],[117.485777307277,-0.44192344221308],[117.463071593879,-0.476603257234467],[117.4651945101186,-0.483250096115009],[117.4428358828698,-0.500356580991371],[117.4414137093753,-0.481372467265453],[117.4577908251866,-0.46340860742127],[117.4693633282551,-0.418399477953438],[117.4983063373676,-0.382658549252637],[117.5150923659201,-0.351961275792137],[117.5240086421851,-0.3505724473605]]],[[[117.5099088867857,-0.350142369074982],[117.4983250792391,-0.377783097811671],[117.4857427427334,-0.386904556200276],[117.4984149853633,-0.351088671704838],[117.5099088867857,-0.350142369074982]]],[[[117.4889078931848,-0.32876904895234],[117.4938736788273,-0.346694511342596],[117.4524195963873,-0.439803116020945],[117.4453835336233,-0.441159970855923],[117.4436308062168,-0.435552834595557],[117.4261763196814,-0.433179093840044],[117.4270421500752,-0.428427540198742],[117.4348245611046,-0.429224202834602],[117.4394243397616,-0.423814156598004],[117.4379710470263,-0.417161961355353],[117.431677742434,-0.413213897103651],[117.4344093567065,-0.405562037058329],[117.4306996748502,-0.397777712271521],[117.4393447758408,-0.38973974629222],[117.4364457725544,-0.38180692904646],[117.4456336971375,-0.381388471800539],[117.4535173952116,-0.387898113706944],[117.461448893152,-0.387884517756179],[117.4673737625891,-0.3750295301886],[117.4603657901492,-0.346961413938088],[117.4732596356237,-0.331030326788076],[117.4889078931848,-0.32876904895234]]],[[[117.4346121457341,-0.208369403425193],[117.4324009196667,-0.209453812243579],[117.4310527675713,-0.209518479794005],[117.4324080270089,-0.208498725036035],[117.4346121457341,-0.208369403425193]]],[[[115.9761139995614,1.529505999802103],[116.0420981421156,1.516622965077838],[116.0665888056289,1.499982274162656],[116.0920603839797,1.499899144430048],[116.1311999028533,1.478117449360836],[116.1528447948515,1.48969602824913],[116.1543477877203,1.450504406253403],[116.1409810247545,1.413805526004294],[116.1746525621661,1.381352991747262],[116.1585274390901,1.362742776557921],[116.1479040760123,1.295216560196108],[116.1298688297827,1.286508267442629],[116.1299308182528,1.274838301246659],[116.1121947368976,1.27063118907815],[116.1107047734067,1.257515825295139],[116.0947861112901,1.248332061875177],[116.080616716888,1.211427797155215],[116.0624529620347,1.196654427060226],[116.0641964282226,1.176850530028004],[116.0490507298074,1.179501208913722],[116.0301603227408,1.168581280901401],[116.037066181659,1.13950133471887],[116.0318215378338,1.128359224698469],[116.0539407619567,1.070631123827345],[116.049733710942,1.061255022401417],[116.0743129927505,1.024317990882581],[116.065348617145,1.010521804337847],[116.0403901218067,1.006840900786996],[116.047052310316,0.991314594892698],[116.0290246399752,0.971387799207621],[116.0421905069864,0.953369053738859],[116.0470720729179,0.919590345018426],[116.0624594830188,0.913487918832454],[116.0681139380078,0.901828322718965],[116.0394360175583,0.88779742031477],[116.0395864597474,0.875493602947516],[116.0266359497893,0.869223505360514],[116.0322486321687,0.852104864348055],[116.0159808532339,0.834444160569634],[115.9926179080901,0.826900310900688],[115.9721197092572,0.834934956583064],[115.9681032326781,0.820918720322725],[115.9911121246249,0.803279268423493],[115.9938653909751,0.78027163282963],[116.0112055988593,0.770812845036792],[116.0149708732073,0.777637147136653],[116.0327484124093,0.775069740975828],[116.0597547899517,0.806495452703013],[116.0756673249871,0.809410532270347],[116.0867514692049,0.799948141793402],[116.0851176942262,0.787712396809701],[116.1004886296466,0.781707709842935],[116.1234262233415,0.754827420848889],[116.1470369496956,0.749895963228139],[116.1384337427232,0.737528996366096],[116.1423855193763,0.722491790363941],[116.1704696993173,0.73263193331716],[116.1800554417054,0.719301058696972],[116.2003360792468,0.720513090306893],[116.2243800486004,0.709775016903544],[116.2369722218906,0.652416666895681],[116.2505157502018,0.639731170956834],[116.2420176730772,0.631985695083801],[116.2738755189401,0.583768443758734],[116.2541674662556,0.565730229766379],[116.2558480428529,0.552545619984388],[116.2642991582797,0.552872672835678],[116.2623174302052,0.529061627891833],[116.2855703244109,0.511510885119312],[116.2796170372964,0.504046605666383],[116.2882639998837,0.465242999764667],[116.3234700001404,0.458373999560477],[116.3342990003986,0.449076999803763],[116.3374219996257,0.431473000078972],[116.3615630004321,0.413300000194925],[116.4022109998378,0.35616899969961],[116.4707969997818,0.309043000134432],[116.4763326543286,0.295002127845942],[116.4594702859251,0.295017506252934],[116.4592579523927,0.28954333205917],[116.4692195106719,0.183895937847309],[116.6524719996832,0.183888999577706],[116.7766389996901,0.227249999987597],[116.8036425794415,0.225985888637956],[116.8263915637197,0.235943684153758],[116.851613055898,0.270546345437525],[116.8477578502447,0.30015228979636],[116.8765866256723,0.366138864117291],[116.873899999985,0.38960500017062],[116.9040340927992,0.390037279996511],[116.9383490061018,0.434653446199571],[116.9473067420126,0.521975076288792],[116.9402799998222,0.539848000285057],[116.9648904818103,0.54086959865309],[116.9634803484394,0.556982168092654],[116.9931080159223,0.583307527720242],[117.0002089800604,0.565510897709862],[117.0093824273572,0.562303336130141],[117.0097841023545,0.550126042582841],[117.0249962678636,0.545188178191866],[117.056783799333,0.476074244730659],[117.074230181178,0.464822483970481],[117.0785535217277,0.448329530983147],[117.1066693092413,0.438202463273127],[117.1443716970961,0.370571403047856],[117.1829237500311,0.349380640803984],[117.214458011728,0.349637006942347],[117.2156524481021,0.339410125277093],[117.1958542248926,0.309030380847483],[117.2001177101642,0.302713552688358],[117.1766358800419,0.274177910382287],[117.1818547241163,0.20539892761848],[117.1726277779497,0.15095555555453],[117.2075864673417,0.118609132305656],[117.2100584554335,0.082821916398343],[117.2202001371267,0.076583825683072],[117.2251648939448,0.085876354909884],[117.2317369281168,0.083099561395647],[117.2472773497699,0.05735168703078],[117.26176544412,0.052230922119387],[117.2593438720221,0.043088157892177],[117.2841021638839,0.033860608280564],[117.3067903252135,0.033337126407337],[117.336666836905,0.05099748574546],[117.3396173686467,0.033865366593419],[117.3488496792694,0.027792982260364],[117.3669526156707,0.0312194073498],[117.3706609998054,0.022823000381253],[117.5166433825862,0.022446327436151],[117.5065544713119,0.002768184404298],[117.5183431354274,-0.031157369217174],[117.4761417721252,-0.07728067506301],[117.4425000220584,-0.201944998362949],[117.4259518192212,-0.22210045117477],[117.4367914323787,-0.208321447976425],[117.4238828389219,-0.208288822371186],[117.4167739292735,-0.223417254702499],[117.4255849677721,-0.273954964649883],[117.4525429842714,-0.30373284319605],[117.4469094574056,-0.323982380382473],[117.4529140247625,-0.355982483704656],[117.4646179772379,-0.371459637152485],[117.4580227837245,-0.387068300261786],[117.4450938898712,-0.378978249146813],[117.4366629390435,-0.379656832596689],[117.4345414239476,-0.383909751733638],[117.4372570743545,-0.390920844821066],[117.4285477365888,-0.396918724819242],[117.4305561592395,-0.415146084224352],[117.4380430566419,-0.421266664125211],[117.4248232590862,-0.428636932048734],[117.424905154949,-0.43405033185733],[117.4430823106002,-0.437086887349983],[117.4447118506714,-0.442072508439464],[117.4541489234341,-0.446907481395067],[117.4549170595747,-0.455443616929399],[117.4370203826846,-0.483697105037331],[117.4316014223679,-0.512119010983517],[117.412325028977,-0.539204278854369],[117.3912772931127,-0.546863319986171],[117.3690125703739,-0.56860400866803],[117.3480246088488,-0.574761074963595],[117.3473199216771,-0.576812799071361],[117.3502984007506,-0.57933517707667],[117.3129841962637,-0.567719768252653],[117.2759700964428,-0.576917708585325],[117.2750815033088,-0.583519588558071],[117.2358969922525,-0.575575045052259],[117.2383652688421,-0.556548867336273],[117.2517486899501,-0.550333607709755],[117.2570419547225,-0.555143614586109],[117.2553439789415,-0.550437581928767],[117.2675727982461,-0.559770253294525],[117.2627777776723,-0.530666666633264],[117.2695000004247,-0.525555555944093],[117.2571944437686,-0.523805556181392],[117.2705645782927,-0.469900350121025],[117.2623540000371,-0.438183999991606],[117.2689822823066,-0.422605390426403],[117.2950889708794,-0.402413973725826],[117.2982300078087,-0.383157044362095],[117.2922459836653,-0.365867969231351],[117.2806600348328,-0.360151041037662],[117.2619650198699,-0.36534500177037],[117.2335959805702,-0.357372999264419],[117.2387509853697,-0.337688016888452],[117.2257260241368,-0.314399954694158],[117.2062870000451,-0.323476000017367],[117.1429219998505,-0.320182000099203],[117.1384920428735,-0.340768524048121],[117.1477060001319,-0.343547000193814],[117.1492059712787,-0.352795968958722],[117.1329910158228,-0.362820015731094],[117.1278080052354,-0.40843600321894],[117.0739461240145,-0.428631243836788],[117.0655227958404,-0.439718264985947],[117.0588656992926,-0.461802677251713],[117.0651299998496,-0.478959999904019],[117.0545800088604,-0.513878980630425],[117.0675364552433,-0.533019945114324],[117.0541660023592,-0.550649957729357],[117.0715527780384,-0.580872221875486],[117.0698680591637,-0.591535596690365],[117.0830032296154,-0.576100619647837],[117.0909299818333,-0.576915963001204],[117.0926425302287,-0.593053059650897],[117.1142080012982,-0.598521038415159],[117.145352677584,-0.62072190209406],[117.1261910188006,-0.664556008852715],[117.145510999633,-0.672963999988577],[117.162220995003,-0.716540985178218],[117.1849306672165,-0.712146233062219],[117.1912536179602,-0.682096573997606],[117.2257347043932,-0.662048663914641],[117.2334346403963,-0.649713538449051],[117.228290244899,-0.637349857709671],[117.2622475328974,-0.617299329700208],[117.2727643200175,-0.59622457010782],[117.2896670410011,-0.609424853274357],[117.3027812608466,-0.678717384899377],[117.288404989099,-0.720966109198498],[117.2811714532001,-0.79262393064983],[117.2523312033225,-0.810458728787269],[117.2487800620503,-0.907150355704259],[117.2031374150597,-0.928065042267859],[117.1702569986617,-0.953174998727116],[117.1451158321301,-0.993628179796582],[117.1203881522914,-1.01673000138838],[117.0648351921905,-1.106442500720808],[117.0227016908304,-1.140653243752146],[117.0008590001428,-1.125173000233717],[116.9453031343322,-1.126074899736798],[116.9406388886738,-1.120583332654659],[116.9466654111799,-1.11688718019918],[116.9306650726351,-1.109887483320707],[116.9018389996702,-1.063252000079709],[116.8604359996217,-1.058719999728178],[116.8389909999347,-1.047538000278417],[116.8431973485789,-1.020873851646867],[116.8739329997082,-1.009015999988419],[116.8742570002604,-0.989699999555318],[116.904857619084,-0.985449427648957],[116.9091053707164,-0.968831727002575],[116.9311106138638,-0.951561285824612],[116.9382406701709,-0.92601274888924],[116.9322314641109,-0.91861351020526],[116.9451329996882,-0.906677000243297],[116.9451613813927,-0.879597753333597],[116.9240934287687,-0.879697980976937],[116.9043732172503,-0.89563752355282],[116.8872282395917,-0.891353423121968],[116.8956058534275,-0.866483240309249],[116.8840260001998,-0.850593000366631],[116.8671794211935,-0.834019647089049],[116.8308935123258,-0.823766028579323],[116.825166257217,-0.809755286277339],[116.8068370567849,-0.806046861673318],[116.7927420983692,-0.822101645174714],[116.7724744497361,-0.825756387447266],[116.7732969435992,-0.801376111218557],[116.7353310885589,-0.825850124683461],[116.7341089152943,-0.806039013289775],[116.7258589997931,-0.800252357060563],[116.7113400002408,-0.807363357632854],[116.6841649998149,-0.798307357298691],[116.6512269998263,-0.825184356572775],[116.6474100000716,-0.850212357814042],[116.628341000237,-0.876328357067971],[116.6024440002904,-0.88276535713552],[116.5886279998823,-0.873405357171444],[116.5909760002423,-0.86430535840554],[116.5683305567098,-0.859895632577315],[116.5722190004065,-0.831210356572656],[116.5641070004377,-0.812656357105171],[116.5549960002653,-0.810026357230489],[116.5392540000721,-0.813248357425758],[116.5320319997771,-0.826210357122273],[116.5140139998462,-0.827053357326493],[116.5167049998359,-0.845793357277527],[116.5008610003349,-0.858139000314553],[116.4906469582906,-0.807069945721375],[116.5008444564066,-0.783084467374254],[116.5086969650929,-0.784801190422593],[116.5058381579047,-0.765299068097461],[116.5218644337966,-0.753336300629728],[116.4959197823721,-0.751833692670781],[116.4848480002351,-0.734826000119762],[116.4549999997502,-0.735049999657702],[116.4493680475974,-0.712179246275094],[116.4094970003863,-0.6593119999488],[116.3749999995504,-0.632568999659513],[116.3749999995504,-0.615903000023346],[116.3200000001999,-0.534199000383564],[116.2870000000501,-0.524059999569262],[116.2505682031601,-0.4859299651957],[116.2658462062375,-0.449683018556415],[116.2353749998564,-0.425149999672739],[116.2328333331918,-0.407861110701704],[116.2362250003836,-0.400338888828669],[116.2896507346937,-0.399791994904566],[116.3031377855803,-0.385795422320781],[116.3224996397466,-0.390190002666449],[116.3012877776089,-0.348510556417006],[116.3063855405603,-0.329845461898495],[116.2773940220166,-0.289036092641551],[116.1649516678853,-0.213967979938248],[116.1609057187241,-0.178283902779855],[116.0655008606762,-0.167823548118198],[116.0341230846127,-0.145663853603908],[116.0070000002498,-0.102638889373255],[115.9982499996378,-0.104083332779473],[115.9887309626639,-0.090519140745718],[115.9712791516116,-0.084320800064821],[115.9770111110741,-0.074352499568134],[115.9607907003305,-0.057843964926965],[115.9476904379634,-0.019509027219813],[115.9665685414051,0.001970517225589],[115.9677005297557,0.023036679299368],[115.9786341841204,0.014652539982782],[115.989337762228,0.020679425814871],[115.9940329976248,0.060685078153908],[115.9766339983604,0.073535078081408],[115.9814239980192,0.08582107808037],[115.9754739979267,0.106417078185681],[115.9618099982329,0.100603078069669],[115.9590769981051,0.108844077692114],[115.9472239982889,0.109577078219589],[115.9475839978033,0.116801077707615],[115.9022629978391,0.122657077961838],[115.8757779977564,0.166411077609238],[115.8614349982266,0.169905077757202],[115.8507349976221,0.186274078086266],[115.8381879981776,0.18594707829511],[115.8272299982659,0.218785078168901],[115.8045209978459,0.208876078068629],[115.7959579977635,0.213058077568304],[115.7920244018047,0.231615223763646],[115.7645719542324,0.23000003057698],[115.7676439978723,0.257429077789803],[115.7817999977717,0.284453078446864],[115.7500119977555,0.306098078363634],[115.7305429983608,0.311107078229098],[115.7233939978348,0.305407077974371],[115.7030829982819,0.314126078056118],[115.6920459983243,0.329349077697858],[115.6747510002586,0.334829000358125],[115.6715360003861,0.343173000233874],[115.6845160000134,0.359362000356109],[115.705620000163,0.369808000039226],[115.7147929995973,0.384058999823031],[115.7683164713281,0.40491705877532],[115.747647000209,0.441616000178355],[115.7543940001829,0.4848170004043],[115.7416329998631,0.493085000372526],[115.7349110001425,0.519210000041534],[115.7235349998405,0.512235000345049],[115.7120190002767,0.515947999800412],[115.6999110003924,0.543812999670232],[115.6476889996477,0.540318000375459],[115.6408960002502,0.56348300024027],[115.6637880001161,0.567606999763301],[115.6734579999868,0.580641000082169],[115.6471829996957,0.605258000356487],[115.6515159998636,0.621327000340807],[115.6368859996892,0.624603000328269],[115.6294890003172,0.615317000179447],[115.607801000216,0.634379999737275],[115.5950050000807,0.635565999571261],[115.5652999998952,0.700138999715103],[115.5546180001207,0.702194000053089],[115.5470100000116,0.720615999728677],[115.4958980000927,0.763219000256685],[115.4054330002329,0.783896999646869],[115.3921740003299,0.770618999767089],[115.389350999649,0.783933000407641],[115.3757369995629,0.795108999580682],[115.3824170558025,0.808891927420616],[115.3549689996197,0.817100000164947],[115.3442400003758,0.813290999879809],[115.3194049999409,0.828284999752979],[115.2956909999398,0.811068999934436],[115.282868000358,0.812752000204695],[115.2784220003751,0.839310000056523],[115.290973000004,0.859579000370589],[115.291053000096,0.875569000309115],[115.3077359996167,0.896454000251909],[115.2672440002106,0.91513400013403],[115.2612800003719,0.944989000042382],[115.2324196578409,0.963710659219627],[115.2553830000255,0.991023999657889],[115.2496999996554,0.998941999673628],[115.2557600003238,1.026237000237382],[115.2749369997427,1.032286000398683],[115.3000040000846,1.060451999759968],[115.32536100031,1.054160000084023],[115.3713529997412,1.070190000068491],[115.3778770002234,1.100529999859676],[115.4009690003192,1.109695999870583],[115.4104579999369,1.137885000292568],[115.4209160001733,1.139946000007994],[115.4051909998648,1.18080500015065],[115.4107089998206,1.192654999828433],[115.4219799997773,1.19066599983608],[115.4276339997095,1.223153999757384],[115.4850139999961,1.245362999602781],[115.4874590003327,1.252467999898352],[115.5541340002839,1.265406000286726],[115.5832120003336,1.280575000136183],[115.646695414262,1.282040788951308],[115.6585316408226,1.290130576564883],[115.6858318727428,1.281960420137393],[115.7007460002278,1.264216000268201],[115.7098037380522,1.266014871888929],[115.711076065608,1.27530393063193],[115.7249830000655,1.260629000328192],[115.7644770002134,1.25906500014967],[115.7766420000284,1.275441999948354],[115.7733940004329,1.307682000124297],[115.8070250000038,1.324617999620978],[115.8315270003708,1.356726000004935],[115.8352559996647,1.379284999802996],[115.8568819996047,1.401413999556508],[115.8543109997529,1.43404099959252],[115.9140299999846,1.477268000118157],[115.9574139996564,1.490561999836457],[115.9630369999577,1.520739000204705],[115.9761139995614,1.529505999802103]]]]}},{"type":"Feature","properties":{"kode":"64.03","nama":"Kabupaten Berau","lat":1.9124951080426698,"lng":117.34017280975961},"geometry":{"type":"MultiPolygon","coordinates":[[[[118.8467659731712,1.114721090405999],[118.8437964063792,1.113136368948295],[118.836186890013,1.116277256590179],[118.8411409278116,1.120588841202094],[118.8467659731712,1.114721090405999]]],[[[118.7892460365754,1.13308150810518],[118.7901680781944,1.133384889001496],[118.7947366431817,1.126853268563563],[118.7862717105711,1.131100607407218],[118.7892460365754,1.13308150810518]]],[[[118.8788282664115,1.154198087072109],[118.8800298937646,1.153508043561422],[118.8796491801657,1.152699026938572],[118.878102529708,1.153817374372343],[118.8788282664115,1.154198087072109]]],[[[118.7766617215612,1.153681196330167],[118.786552962749,1.139274748730676],[118.7869312967421,1.134420648993759],[118.7758044617066,1.139672595314087],[118.7766617215612,1.153681196330167]]],[[[118.5491217667563,1.357208066299284],[118.5488576457637,1.3576006770297],[118.5491324740844,1.35794688903774],[118.5494822546025,1.357618523176393],[118.5491217667563,1.357208066299284]]],[[[118.5489932761188,1.358021842134358],[118.5488683539915,1.358175316837437],[118.5491360425944,1.358639312154628],[118.5492966570152,1.35808965731192],[118.5489932761188,1.358021842134358]]],[[[118.5459383249938,1.361230941554778],[118.5482124649334,1.360677994294088],[118.5485684228945,1.358451334961172],[118.5456194775569,1.360007898645696],[118.5459383249938,1.361230941554778]]],[[[118.4893143667647,1.361527754702172],[118.4872219348444,1.362037858260587],[118.4877046621404,1.364593294445024],[118.4896480602099,1.362839370040911],[118.4893143667647,1.361527754702172]]],[[[118.5446421609071,1.367075836081019],[118.5449211360016,1.364867066961592],[118.5432745492812,1.364648155787782],[118.5437379654349,1.368099003766085],[118.5446421609071,1.367075836081019]]],[[[118.5252012437424,1.368277529084791],[118.5265908491884,1.365307962292681],[118.5178772630253,1.361486546866717],[118.520893229439,1.367827811404451],[118.5252012437424,1.368277529084791]]],[[[118.4910297875947,1.370847913800263],[118.4905182037521,1.371621239029006],[118.4914283473404,1.373090555884479],[118.4921719292912,1.372067388199502],[118.4910297875947,1.370847913800263]]],[[[118.4453536786295,1.373924327245943],[118.444439965632,1.374823762606622],[118.4445970106436,1.375166405205539],[118.4451109740923,1.374852316980865],[118.4453536786295,1.373924327245943]]],[[[118.5550389182116,1.37613791403359],[118.5581203201967,1.373615685315619],[118.5596669697549,1.374400906776449],[118.5626175005972,1.373246868847941],[118.5550674707873,1.370487289257058],[118.5550389182116,1.37613791403359]]],[[[118.4624099597519,1.376524843746571],[118.4647656259329,1.375382702050063],[118.4628977493318,1.372574937683277],[118.4621958077904,1.377131606438484],[118.4624099597519,1.376524843746571]]],[[[118.5332838979336,1.384073267367489],[118.5320703734491,1.384430185804517],[118.5328555949098,1.386571700923264],[118.5337122009573,1.386214781586956],[118.5332838979336,1.384073267367489]]],[[[118.5424374459314,1.396278037901164],[118.5434844087784,1.395687931552844],[118.5414233937747,1.394088561937609],[118.5411453989411,1.395308011155835],[118.5424374459314,1.396278037901164]]],[[[118.5318610328605,1.39698697526873],[118.5340560864194,1.392556418444022],[118.5426364227329,1.393027551680268],[118.5325998555989,1.388073513881613],[118.5318610328605,1.39698697526873]]],[[[118.4475524302005,1.39682386343056],[118.4524207464203,1.386818324705994],[118.4444386463265,1.380274310710947],[118.4382249434264,1.39489650027331],[118.4475524302005,1.39682386343056]]],[[[118.4606558383963,1.399814135314179],[118.4600990438358,1.399100296641473],[118.459727847762,1.399150264772972],[118.4600419368859,1.399821273233234],[118.4606558383963,1.399814135314179]]],[[[118.4241377461601,1.40591346693297],[118.4244708703345,1.404585727649208],[118.4218106325548,1.404666629761239],[118.4226957920772,1.405813529770603],[118.4241377461601,1.40591346693297]]],[[[118.5005230266164,1.411966639948512],[118.5002612870288,1.412052301272768],[118.5006753133152,1.412751862308623],[118.5009275362769,1.412499639346906],[118.5005230266164,1.411966639948512]]],[[[118.5055743153025,1.414885135140961],[118.5065832062501,1.414256956893142],[118.5034042458094,1.413800101293747],[118.5053649216539,1.416636418236214],[118.5055743153025,1.414885135140961]]],[[[118.4866412821694,1.448035251925381],[118.4854563111599,1.444237631661435],[118.482363764776,1.44283208483291],[118.4815499889408,1.445844481837375],[118.4866412821694,1.448035251925381]]],[[[118.4832576890912,1.450505132905652],[118.483757374903,1.4478924836512],[118.4811930696045,1.445758822311857],[118.4801596298631,1.448906134710379],[118.4832576890912,1.450505132905652]]],[[[118.4683148570451,1.466154723261967],[118.4724218072207,1.454458879074069],[118.4738098262625,1.460466621937082],[118.4816263548724,1.453613773556858],[118.4765206482095,1.44814001125255],[118.4836536713799,1.440024201755572],[118.4917951951921,1.448948964922822],[118.4881306206318,1.441330574046804],[118.4921150192928,1.445130401247072],[118.4999968431798,1.440639168063226],[118.489073076861,1.438663224428291],[118.4875553611911,1.435152612003529],[118.4942603016716,1.434689524102259],[118.4931198551972,1.420795330340338],[118.5021098192128,1.416098461774615],[118.495483507358,1.407706421913899],[118.5050758183944,1.4120123318037],[118.5055672160542,1.399450757946161],[118.5075178842431,1.410649846313403],[118.512959279947,1.410592015409248],[118.5159942832097,1.395654751065953],[118.5301378733642,1.386154980268126],[118.5025382301552,1.38039928320037],[118.4752771529184,1.398838563349011],[118.4658901166356,1.424057357561034],[118.4818862814268,1.432256821994768],[118.4659354649498,1.439652187298643],[118.4707870348938,1.453897111262778],[118.4619260741291,1.450926867281163],[118.4573161160459,1.462382483664745],[118.4683148570451,1.466154723261967]]],[[[118.5341292651535,1.466602475923581],[118.533183429272,1.466816627885168],[118.533070405175,1.46710216263479],[118.5336831159831,1.467459081971098],[118.5341292651535,1.466602475923581]]],[[[118.3842096198781,1.497193977420183],[118.3827965088518,1.498999754934813],[118.3850110516188,1.501238209775677],[118.386070648142,1.498409648586494],[118.3842096198781,1.497193977420183]]],[[[118.3773134205779,1.501137563947472],[118.3781985801005,1.500123913787663],[118.3764211231365,1.499545704570624],[118.3760784814368,1.500188158656643],[118.3773134205779,1.501137563947472]]],[[[118.9051415382514,1.513571201150052],[118.9040761608862,1.515412803158364],[118.9045002838611,1.517042785696018],[118.9115952836954,1.523463034991066],[118.9051415382514,1.513571201150052]]],[[[118.6353107286074,1.525665807431073],[118.6389674098182,1.524648273998716],[118.6302874349173,1.524612376659926],[118.6310378481183,1.525708885856433],[118.6353107286074,1.525665807431073]]],[[[118.9443673956389,1.556999921409316],[118.9434775416553,1.559658143808315],[118.9507593081956,1.562474102797681],[118.9507929428401,1.56074972112272],[118.9443673956389,1.556999921409316]]],[[[119.0357821991892,1.780491307328022],[119.0361486360508,1.781481163225093],[119.0370671082606,1.781295564738558],[119.0370861442102,1.781181350838709],[119.0357821991892,1.780491307328022]]],[[[118.9982090214292,1.788697933063174],[118.995996337561,1.788046215960135],[118.9937428433576,1.788870082188529],[118.9964569829035,1.790158813378559],[118.9982090214292,1.788697933063174]]],[[[117.8722105981407,1.950169476140415],[117.8709449039842,1.906940088814155],[117.8590754897421,1.893741037718774],[117.837042864037,1.911596340398811],[117.8281555756194,1.949565940215978],[117.8219640347126,1.951079035169398],[117.817678659043,1.948929515184991],[117.8198609521213,1.953068558567159],[117.8182474451635,1.955937161171148],[117.8222403109417,1.960794866290103],[117.8241931761742,1.95808144620184],[117.8303284662858,1.953754219681533],[117.8444060632893,1.950109049792845],[117.873588964759,1.971940010623038],[117.8722105981407,1.950169476140415]]],[[[117.8496775941457,1.986653044302608],[117.8631626530341,1.967171877080462],[117.8438927059836,1.951192827287171],[117.8246310003205,1.958377447261414],[117.8144568459068,1.981259917011544],[117.8076197266691,1.985963513405428],[117.8105571588858,1.988333060622358],[117.8183012039375,1.986019632899813],[117.8214352828121,1.987448536920519],[117.829257092241,2.010388458060961],[117.8496775941457,1.986653044302608]]],[[[117.8797554856272,2.056446885915106],[117.8843968309491,2.041125883552761],[117.88933702998,2.036923360624618],[117.8587722212611,2.024591916983384],[117.8448447552814,2.026657317081535],[117.8451710176284,2.038436257727147],[117.8625676705616,2.034824870871185],[117.8647825164001,2.037968451982517],[117.8641361160889,2.044802300385948],[117.8663881866655,2.045538906295549],[117.8684667699256,2.041896765323445],[117.8711042692467,2.041392910254666],[117.8797554856272,2.056446885915106]]],[[[118.3977581897886,2.087637922252414],[118.4005638407487,2.086707483663483],[118.4024107496564,2.085064987958882],[118.3978173031261,2.084518863854543],[118.3977581897886,2.087637922252414]]],[[[117.8486707509545,2.081943807160977],[117.906176766045,2.056911924445812],[117.9105070241799,2.045522121348872],[117.885559281136,2.040773536369686],[117.8832058227905,2.056019773593773],[117.878937143934,2.057207269000314],[117.8708840387675,2.042054913803268],[117.8671030676525,2.045996436386519],[117.8636617129178,2.045330060334047],[117.8624762931465,2.0355651379208],[117.8426543593112,2.041965122792286],[117.8022781170416,2.026769990442753],[117.806990852346,2.048695190330838],[117.8059843679842,2.05669409155915],[117.8134954490558,2.058819775911955],[117.8177128575623,2.061781779405633],[117.8224086658273,2.068311367375772],[117.8248085300897,2.074485172752569],[117.8244936000996,2.077596487987618],[117.8217959855963,2.080884035270023],[117.8121510903007,2.082864594225706],[117.8110462371942,2.088830265904138],[117.8326638869289,2.09611555958544],[117.8486707509545,2.081943807160977]]],[[[117.7782688920958,2.084298895977296],[117.7797458226116,2.073524203978858],[117.7748107452197,2.073400725263339],[117.7691563567805,2.066147781095237],[117.7633101303582,2.072373336160569],[117.7606453725859,2.073557133554901],[117.75767542628,2.073144261098856],[117.7514548462643,2.063811239896848],[117.7521369451639,2.058166125266522],[117.757157823275,2.054063891135735],[117.7615996144307,2.053719318591726],[117.764930098945,2.0492019933773],[117.7675327423423,2.050260670793344],[117.7698611878436,2.055000644764002],[117.7738233282841,2.047564525782272],[117.783706033107,2.05118696080959],[117.7861424925821,2.04766628587045],[117.7866472847445,2.037555105583719],[117.7886378999192,2.035207268001058],[117.8010457787397,2.041011902577258],[117.7979026625778,2.028254695597751],[117.764123776691,2.02452291380146],[117.7386941867873,2.053264116845563],[117.7154503658418,2.03278132609743],[117.7060103289136,2.051340151327016],[117.7186426812149,2.056058555058302],[117.7223702191104,2.06362678984455],[117.7128253428153,2.079320981178443],[117.7380747040844,2.084743802284736],[117.7692320581131,2.100043303655605],[117.7782688920958,2.084298895977296]]],[[[118.7324937810633,2.102442386407086],[118.7304190882704,2.100026456655721],[118.7299542898586,2.100093772709519],[118.7340103500976,2.104605094049836],[118.7324937810633,2.102442386407086]]],[[[117.8065319678761,2.111521534391356],[117.8262287718404,2.107367030763927],[117.8315327817126,2.097583011247048],[117.8102561441058,2.089210782551662],[117.8120500199925,2.081740267199647],[117.8229682743664,2.078864895398633],[117.8236159301312,2.072065517109964],[117.8054340062745,2.05718051776673],[117.801863738221,2.042175948161537],[117.7890486751563,2.03620632756005],[117.7873260606492,2.047454670896373],[117.7848173487417,2.051649705169753],[117.7742076940299,2.048502068115996],[117.769744084422,2.056447748364951],[117.7649229448381,2.049990059393833],[117.7614909043819,2.054790264559101],[117.7532565021859,2.057419814772674],[117.7522266624306,2.063664236715221],[117.7582184567165,2.072972850316843],[117.7691659651373,2.065767873288779],[117.7800019162555,2.073241791675359],[117.7766200192985,2.097020484407894],[117.7884602370503,2.097981889352793],[117.7956798046793,2.109728618980641],[117.8065319678761,2.111521534391356]]],[[[118.7363632571587,2.112440037178073],[118.7341767462599,2.113944640732621],[118.734064205099,2.115332169643944],[118.7356086468217,2.114631515032459],[118.7363632571587,2.112440037178073]]],[[[117.7845934966925,2.099463375834107],[117.7728825825652,2.104117127303626],[117.7677675661204,2.118899274781791],[117.7780183023029,2.120332544111678],[117.7896952175603,2.110058606319695],[117.7845934966925,2.099463375834107]]],[[[118.330986358034,2.141361502131664],[118.3340802381125,2.132214440044431],[118.3305352823775,2.13075260734705],[118.3233458573255,2.138062996610055],[118.330986358034,2.141361502131664]]],[[[117.8996457670385,2.079894364633292],[117.862103748989,2.087961027079752],[117.8297196441463,2.115535750074857],[117.8538009767337,2.131894451367897],[117.8628383134374,2.1461766909016],[117.8792688894478,2.140944445130019],[117.9002513938869,2.125618295947637],[117.8983287719553,2.104415812839575],[117.9142940243498,2.089477624892508],[117.8996457670385,2.079894364633292]]],[[[117.8802122548917,2.154832285181849],[117.8743229113733,2.155627473828956],[117.8714306682908,2.156723562142668],[117.8848966723436,2.159748752003329],[117.8802122548917,2.154832285181849]]],[[[118.5324596845669,2.162404609185417],[118.5383007308941,2.16087282901791],[118.5628204290196,2.116869674895591],[118.5387132858895,2.137467399900592],[118.505119481379,2.136227563051671],[118.5143699412199,2.159589616967336],[118.5324596845669,2.162404609185417]]],[[[117.8042695892703,2.165266644040484],[117.8030425236936,2.121720495704357],[117.7900163798521,2.11361649700372],[117.7780476651677,2.12235660687192],[117.7661208867696,2.120236497416458],[117.771695107843,2.104359195120795],[117.7321685549349,2.087874246998942],[117.7286562940528,2.13926017321848],[117.7137570269653,2.163219147645565],[117.7400085018909,2.169872433765915],[117.767824977041,2.165497018872406],[117.7756101642777,2.171878135967217],[117.7818193318967,2.182561349826459],[117.8002280800618,2.179422180789034],[117.8042695892703,2.165266644040484]]],[[[117.7518193711671,2.185241377187916],[117.7764069959862,2.181531307723736],[117.7751652705608,2.174001949730295],[117.7660949746035,2.166142186213024],[117.7368972756888,2.172311580415196],[117.7160878026101,2.164962657001032],[117.7075267612511,2.170203246682531],[117.7518193711671,2.185241377187916]]],[[[118.6079316261437,2.188298034326872],[118.6075171403038,2.187892664015331],[118.6068192070409,2.188630013664225],[118.6073356220414,2.188975550281411],[118.6079316261437,2.188298034326872]]],[[[117.8972826328873,2.167349292236073],[117.8911646888994,2.169910657650773],[117.8706838640692,2.189415318761975],[117.8904368136081,2.189041938234945],[117.8972826328873,2.167349292236073]]],[[[117.870281564043,2.157590954658881],[117.8448453488339,2.169558074845332],[117.8390738857513,2.179540198821181],[117.8292862887313,2.185034604163702],[117.8282309388069,2.191890485057899],[117.8810730598739,2.176906293190958],[117.8841532657607,2.161732500854294],[117.870281564043,2.157590954658881]]],[[[117.8787352461348,2.153775828191959],[117.9473327852799,2.136459136679855],[117.9574226570301,2.121649194754591],[117.9090134687966,2.099500821805497],[117.901446324888,2.128220971720493],[117.880038245069,2.144221556679524],[117.8652436599669,2.14871789711337],[117.8305860519048,2.118333211808318],[117.812523153321,2.122319424401928],[117.8019118681383,2.184146305107967],[117.8269966426811,2.191995826246471],[117.8287113062818,2.185010612050162],[117.8453725925712,2.168025586012076],[117.8640037241925,2.157060072264569],[117.8787352461348,2.153775828191959]]],[[[117.9177059002072,2.157051229230886],[117.8929073358049,2.190114094689763],[117.90427695182,2.206808304259875],[117.9274810901802,2.174250346975912],[117.9177059002072,2.157051229230886]]],[[[118.6528353119001,2.219520423728591],[118.6530187421213,2.218490384323887],[118.6522876814314,2.218150479261302],[118.6520204811604,2.219140416097362],[118.6528353119001,2.219520423728591]]],[[[118.6509176317433,2.220721995323879],[118.6508848388642,2.220749310432366],[118.6508863452287,2.220821089821465],[118.6509312627676,2.220787301392877],[118.6509176317433,2.220721995323879]]],[[[118.6525033496499,2.220877957551723],[118.6519235531296,2.219672429838779],[118.6511569197561,2.219857054359606],[118.6515096176748,2.220893671405852],[118.6525033496499,2.220877957551723]]],[[[118.6478317916039,2.226179553643545],[118.647472108651,2.226137845784956],[118.6475316500656,2.226635470350777],[118.6479481746686,2.226458894762226],[118.6478317916039,2.226179553643545]]],[[[118.6385987426379,2.231071287310124],[118.6396998410749,2.230716284429077],[118.6381780892475,2.229043060688715],[118.6369313078336,2.230819880932808],[118.6385987426379,2.231071287310124]]],[[[118.6448484157218,2.230089037878821],[118.6432608038431,2.231440492284984],[118.6435118675787,2.232624619730503],[118.6445750452023,2.231519770221288],[118.6448484157218,2.230089037878821]]],[[[118.6371611017035,2.234388159685905],[118.6354786347313,2.232709252230267],[118.6343097930626,2.233707843242458],[118.6347762516227,2.23408814675061],[118.6371611017035,2.234388159685905]]],[[[118.6303493046768,2.237696039740486],[118.6310113280105,2.236891909134295],[118.6307166903231,2.236307925370548],[118.6296080186952,2.236726361932126],[118.6303493046768,2.237696039740486]]],[[[118.6378275164268,2.249334455920435],[118.6377031491811,2.249350277693216],[118.637655558857,2.249439110926252],[118.6378359412757,2.249424174086398],[118.6378275164268,2.249334455920435]]],[[[118.5944082543376,2.258116198104096],[118.5938165570886,2.25811086872165],[118.5940192759689,2.258759377942996],[118.5944325783009,2.258609686687782],[118.5944082543376,2.258116198104096]]],[[[118.5945082103857,2.26134313467796],[118.5999067354076,2.260397985878379],[118.6027101281699,2.257278261082904],[118.5976972486291,2.25700716135144],[118.5945082103857,2.26134313467796]]],[[[118.5943450958496,2.262907262560196],[118.5948471801533,2.263076596807531],[118.5949631828047,2.262571587009196],[118.594090600301,2.262926687017083],[118.5943450958496,2.262907262560196]]],[[[118.5895780217084,2.262996017552174],[118.5918701966523,2.262203864117149],[118.5918250488869,2.260064742094256],[118.5890707177394,2.262403160177781],[118.5895780217084,2.262996017552174]]],[[[118.5924346471413,2.266194841318933],[118.5921664702065,2.266321477554209],[118.5921935191157,2.266694725880944],[118.5926213868676,2.26642625936446],[118.5924346471413,2.266194841318933]]],[[[118.5834729614082,2.266121282171449],[118.5828563079723,2.266595797757917],[118.5834299810088,2.26702027956229],[118.5838529447577,2.266340851649071],[118.5834729614082,2.266121282171449]]],[[[118.5833862146022,2.268882419388182],[118.5835192666009,2.269177307087064],[118.583699194862,2.269267556752405],[118.5836304785638,2.269075250222683],[118.5833862146022,2.268882419388182]]],[[[118.6003384459626,2.279471184647461],[118.600187268128,2.279567544306735],[118.6003130751883,2.27975978428667],[118.6004156437671,2.279587388747048],[118.6003384459626,2.279471184647461]]],[[[118.2436365458899,2.282024093737009],[118.2412353542283,2.282730650599094],[118.2393147323891,2.285085755603175],[118.2473764098935,2.28533360965841],[118.2436365458899,2.282024093737009]]],[[[118.0876825009467,2.290032520584459],[118.0878931041834,2.288791484939098],[118.0859563467081,2.288399210555189],[118.0869709609411,2.289824846439556],[118.0876825009467,2.290032520584459]]],[[[118.5819427676447,2.292553771739245],[118.5816572850557,2.292521547231649],[118.5816518297683,2.29275317841646],[118.5819640078327,2.292833229769739],[118.5819427676447,2.292553771739245]]],[[[118.5746809786443,2.299878372089312],[118.5744299472843,2.300027962620474],[118.57442285613,2.300502708433269],[118.5747631883705,2.300224763062461],[118.5746809786443,2.299878372089312]]],[[[118.5718109092461,2.311847431214018],[118.6372711022795,2.248930510134992],[118.5932515508185,2.274646728363836],[118.5786592808012,2.299220229330176],[118.5704718286121,2.305924454849803],[118.5637024687939,2.278936608737522],[118.5677170019381,2.247382481016766],[118.5925652089174,2.214591278264974],[118.606574772208,2.209900552068886],[118.6220249603836,2.189317474322047],[118.6486012245669,2.173452178874966],[118.6535024343899,2.162645013256823],[118.6051354387496,2.196882901424788],[118.6087759879216,2.188897111412588],[118.5980360816999,2.194861956614],[118.5642957920172,2.242082109801588],[118.5621552796426,2.298497617770876],[118.5718109092461,2.311847431214018]]],[[[118.0793267649183,2.313602028310966],[118.0777991459139,2.314546112313318],[118.0790324527856,2.318293648433142],[118.0797954403074,2.317012503923996],[118.0793267649183,2.313602028310966]]],[[[118.1317863530578,2.334958811699847],[118.1342819168771,2.3316690511858],[118.132145034166,2.329765146844151],[118.1286881112673,2.332134274976847],[118.1317863530578,2.334958811699847]]],[[[118.0774243849274,2.333855434380824],[118.0768545286137,2.326394759410652],[118.0763279081066,2.32977239987637],[118.0733842193063,2.333446108850909],[118.0716759193083,2.333572765770528],[118.0715188329278,2.338461416561197],[118.0774243849274,2.333855434380824]]],[[[118.070683694597,2.337907468355047],[118.0703630062479,2.338589808273037],[118.0705990728889,2.339271721912459],[118.0709199276126,2.338808368711318],[118.070683694597,2.337907468355047]]],[[[118.1945494837718,2.373019836596255],[118.1943210559721,2.3725329993985],[118.194034093099,2.372600099614905],[118.1941597292881,2.37299271124469],[118.1945494837718,2.373019836596255]]],[[[118.0163413128014,2.379119188000198],[118.0160826417005,2.379242038988957],[118.0163386930762,2.379603844342013],[118.0164486306998,2.379454179167093],[118.0163413128014,2.379119188000198]]],[[[118.2038060347207,2.382649027930414],[118.2219273388757,2.358150286706381],[118.2166865567393,2.348329831156823],[118.1944349928807,2.376069933180888],[118.2038060347207,2.382649027930414]]],[[[117.2115010003709,2.566412000013793],[117.2215580001017,2.544866000165788],[117.2057499995628,2.5453520000948],[117.2089390000349,2.529565999671243],[117.194515000367,2.522974999696556],[117.1917479995706,2.496874000234969],[117.2290779997499,2.487161000180047],[117.2309299997199,2.479357000025592],[117.2884809997984,2.491814999862394],[117.2831880003261,2.503776000162292],[117.298118999992,2.508902000027311],[117.3074490003711,2.533307999564569],[117.317933000008,2.535935000200171],[117.3299310002155,2.523403999694926],[117.3352530001259,2.534962000296145],[117.3638460002927,2.53869899995893],[117.3926260000898,2.561443000194361],[117.4114929996022,2.504151000368468],[117.4325629999826,2.501506999848255],[117.4415810003629,2.51875999957438],[117.4551100001264,2.510158000391469],[117.4618739999852,2.478980999773325],[117.4753545208945,2.519471030563667],[117.4710081199288,2.53113447667481],[117.495410999718,2.532017000284378],[117.4992830002103,2.521590999724863],[117.53957400024,2.521390000348253],[117.5720820001842,2.501544999801927],[117.5878770001235,2.517388000156126],[117.6086260000899,2.522151000368408],[117.6696979997629,2.448104000399296],[117.6879820002692,2.406412999660221],[117.7053129999951,2.397161000180079],[117.7212500001874,2.346346999614399],[117.7469089999505,2.326872999988991],[117.7610209996195,2.33499699961188],[117.8116030002783,2.326418999737109],[117.8243089998605,2.348217000414296],[117.8218899998238,2.361321000363967],[117.8637619999164,2.39289400035789],[117.9003479999603,2.404658999713069],[117.9182825751808,2.393631250182102],[117.9558229996318,2.415569000109327],[117.9587489996667,2.426910999742946],[117.9986564829104,2.4354582293139],[118.0011654808024,2.423762164792118],[117.9947197681029,2.421749213155719],[118.0195256358995,2.391836658435073],[118.0130124047987,2.378001381058967],[118.021355496359,2.36000912961771],[118.0379108263236,2.361929594974852],[118.0393019147516,2.377121186693484],[118.0463857800798,2.379382954659645],[118.0665204918273,2.357019275019587],[118.0649959610949,2.34910965578605],[118.0776531041076,2.314437255674859],[118.0788351918907,2.313600560617443],[118.0798593928967,2.313513618658655],[118.0818229969339,2.314467043918997],[118.0857908651564,2.325814331566198],[118.0944763313176,2.311213149267497],[118.0851166892839,2.288904068368078],[118.0859767909962,2.288152966286392],[118.0893746248391,2.287791526957436],[118.0965924531793,2.291377120357849],[118.0963667053592,2.27586362260814],[118.0757358088606,2.258665664988444],[118.0778896024233,2.250691010381908],[118.0193725910723,2.196913982894008],[117.9930345635942,2.197234783658361],[117.9454604633299,2.181087853821426],[117.9333412929663,2.181013723604527],[117.9064000740043,2.211284254364918],[117.8944486775645,2.195918093445323],[117.8170024542999,2.20211252837059],[117.7906482570115,2.189972777022062],[117.7429432613225,2.192847476130153],[117.6899048830041,2.180900970203689],[117.689583655961,2.169872167566586],[117.7076832612736,2.162423098347352],[117.7237780915857,2.13580463977234],[117.715344295303,2.102363695728046],[117.7265506052263,2.083713785362937],[117.7136092836416,2.082595536854567],[117.7104140256868,2.078412279203354],[117.7200227691355,2.061423073116339],[117.689284735702,2.063699131309901],[117.7018538215966,2.035971617995822],[117.7180217209258,2.026365300918018],[117.7403877945611,2.045334297939513],[117.745971729212,2.029319991124742],[117.7697531765679,2.01126526108297],[117.8241718496512,2.010074616250554],[117.8210667235506,1.988238425862773],[117.8102901762506,1.989006554808734],[117.8069404534392,1.986069978746594],[117.8211896051163,1.965586270689831],[117.8163421306848,1.94991544913867],[117.8184122621163,1.947681134776611],[117.8267433477274,1.948866008659442],[117.8320953427259,1.911544686937836],[117.8580979113896,1.884622868150851],[117.8614133718297,1.869999056211499],[117.8697668901299,1.881605702041542],[117.8896610269349,1.872691914200539],[117.8981436689952,1.836433649593269],[117.9183774347708,1.813217488196559],[117.9676881286044,1.789752041023915],[118.0481492615792,1.78320086932475],[118.0666591448038,1.7618290141977],[118.0536402009346,1.729748114883664],[118.1346290551868,1.633888736775832],[118.1647188509943,1.626559065148767],[118.1769925563615,1.608722587977171],[118.2470078866047,1.558652947275727],[118.2980184663792,1.540031504050729],[118.2998491461212,1.529771762057239],[118.3127059260377,1.530035953196693],[118.3565216911232,1.506541320325747],[118.3648260102123,1.508813704788656],[118.3683952008779,1.500116774969237],[118.3745342096861,1.503852529071034],[118.3740978091666,1.496029822118691],[118.3878710890796,1.49571239291266],[118.3720167410799,1.488010078202626],[118.3777988305517,1.482099497194087],[118.3869859295571,1.487767372766077],[118.3909974050062,1.480286261601746],[118.3949347790169,1.488133961613089],[118.4002639168464,1.480098369843949],[118.4105291887711,1.486725526162155],[118.4072702956877,1.477939054443864],[118.4105767790951,1.482918388372953],[118.4151015578907,1.472001468592962],[118.4080666813323,1.455725954589157],[118.4175533580011,1.462134985741079],[118.4206447802324,1.448228941612426],[118.4143094647101,1.43837797296513],[118.3828300715507,1.43076129889492],[118.3891847692618,1.422588341978434],[118.4203985377624,1.434192377975949],[118.426685074057,1.432012791856893],[118.4191265303651,1.430228325576818],[118.4158491157443,1.426862798079684],[118.428880306581,1.4264221401697],[118.429277677423,1.413668229205475],[118.4140491271655,1.411883633422947],[118.4197971107481,1.402670359649447],[118.4129502122826,1.401421142871515],[118.4067993063429,1.405626841305738],[118.4014039307469,1.405268269015478],[118.4083493571372,1.396408580791439],[118.4333267238493,1.398893931909504],[118.4305368092264,1.381926616220428],[118.4401712130311,1.373181935098275],[118.4552994034447,1.386111890151673],[118.459406620719,1.399093157823048],[118.4688292863425,1.395645318976355],[118.4684616587786,1.38543505228583],[118.4610124429699,1.376623531750651],[118.461621585268,1.371331610565482],[118.4541405604386,1.369961041069276],[118.4623655629205,1.358620926414675],[118.467290572402,1.35918192440638],[118.4648159322096,1.376666202783136],[118.4802682706642,1.384907586416004],[118.4900887109253,1.378007315884952],[118.4826116116367,1.366566074264972],[118.4875825440992,1.361123057083466],[118.488998323414,1.36105167339606],[118.4917228060627,1.363205084746896],[118.4907174827257,1.370313724598768],[118.4967096205525,1.365010700383548],[118.5006843290186,1.374361920266429],[118.5167322866657,1.375461876564385],[118.5170892060021,1.365739398554508],[118.5056093897616,1.362691537684421],[118.516335692838,1.362831232075765],[118.5176027557626,1.360838434246345],[118.5154591686059,1.356917775934649],[118.5149642411069,1.354738189815594],[118.5154068199688,1.35371978044356],[118.5301832729398,1.363289971754897],[118.5499247156532,1.355352086829351],[118.551119391247,1.367136763351004],[118.5630319378737,1.366512028607334],[118.5829742225824,1.345347088597324],[118.5890963583103,1.347620216799614],[118.6059963075836,1.322269124220751],[118.6894019036749,1.267250210329005],[118.6871502350953,1.259916585282214],[118.6912845480435,1.264877761899205],[118.7122514582382,1.250575346974722],[118.7685970942805,1.190089448069573],[118.7690610886983,1.166429276989531],[118.7596342223416,1.159976502813384],[118.738156174368,1.161893191917349],[118.7371853544206,1.157553054729751],[118.7271456135793,1.158687581866433],[118.72112795659,1.155660908124487],[118.7211922032576,1.154004802979289],[118.7401921990108,1.153186267931991],[118.7466310211048,1.144448886606872],[118.7504000869944,1.15175859058658],[118.772871241015,1.149548072285731],[118.7765639050003,1.133900594436918],[118.7971489747455,1.123462378386117],[118.7959077349541,1.116296789864998],[118.8278083291911,1.10116068092074],[118.8368219723562,1.05054514364353],[118.8533663638667,1.047066371715763],[118.8690589768903,1.066218500383551],[118.8887656050487,1.066692167009917],[118.9450768249355,1.058449275213944],[118.9525152201014,1.051535006735202],[118.9487689996896,1.045991000184562],[118.9241470000841,1.03564199957866],[118.9174859995793,1.017013000249831],[118.9025640003284,1.008881000257952],[118.8671399999112,1.008308999960425],[118.8563620002062,0.985389999748707],[118.8410849998729,0.984493999798294],[118.8309819998196,0.995171000241532],[118.7871490001263,0.99577500021619],[118.7856920003856,1.022827000365753],[118.7684110002675,1.036783000035443],[118.7713449997719,1.051670000370317],[118.7566500001974,1.073715999893496],[118.7637369996629,1.089265000179671],[118.7507460004276,1.10855400026699],[118.6993289999334,1.122176999868715],[118.6024130002598,1.111708000024267],[118.5886210000593,1.125601000385965],[118.5817808608981,1.185001515607473],[118.5671428630527,1.180732451841246],[118.5377329996782,1.203647000408845],[118.5169039996199,1.238396000275285],[118.5027117516461,1.239130419033627],[118.5134056620417,1.280710250078007],[118.4824449996371,1.289777000008582],[118.416804999751,1.282983999711826],[118.3805790001209,1.261754000047086],[118.3639919996311,1.282254000221991],[118.3488789996661,1.285082000234203],[118.3100139997464,1.177774999816458],[118.2229379996889,1.186892000265624],[118.1876260026381,1.169936997194762],[118.1495769962814,1.171137001271669],[118.0863370000526,1.159123003024229],[118.0384532775968,1.161908173723278],[117.9945552362352,1.201006714088601],[117.9817958367086,1.257528892444457],[117.9752117363327,1.252746280716297],[117.9410616984388,1.279079673987857],[117.907000457805,1.324844760077701],[117.9073506610042,1.341946972275052],[117.8734449931919,1.360651240362573],[117.8371652680627,1.365779231326522],[117.8480771147671,1.37420108820969],[117.8500092794047,1.387723888047018],[117.8407867300237,1.421014053555789],[117.8464067463744,1.428607198663309],[117.8542508248157,1.41968681159714],[117.8652402236575,1.439334526966915],[117.8591935059756,1.450229652576438],[117.8513753765724,1.44774981879918],[117.8519589673325,1.469175805019438],[117.8399317166755,1.472856684288645],[117.8321939372005,1.487342991685756],[117.8386781121053,1.515866920322148],[117.8196913139031,1.597568358692866],[117.7923794159773,1.612269264115282],[117.7723693376748,1.658525986185319],[117.7553062226042,1.678038754684883],[117.7249036623743,1.695112827095288],[117.6871338568421,1.68309813007472],[117.6718299137197,1.668366128793883],[117.6644223248305,1.671003012978664],[117.6638098100748,1.629789714124039],[117.656891807611,1.630180779819154],[117.6424272404249,1.590049997609386],[117.6240355838752,1.594991464684378],[117.6139831167274,1.58897929985484],[117.6030260772917,1.595846815278376],[117.6045903688505,1.608536956215653],[117.588282171685,1.602353106310803],[117.5805229685602,1.612740633873175],[117.5598523463088,1.589428845764671],[117.5600588972004,1.596373975378659],[117.5490461528578,1.598001651155309],[117.528633279902,1.536594141406608],[117.5171401276149,1.53437354710155],[117.5130320263069,1.511288123747986],[117.4974046339167,1.509199518443102],[117.4945277512547,1.501290733780378],[117.4858501020007,1.501841438131921],[117.4854186666382,1.513963712955066],[117.4678033912136,1.528460949813068],[117.4557084818611,1.557396721181734],[117.4430384012013,1.554675718909346],[117.3940290683869,1.590920591711972],[117.3858052377216,1.584858296872957],[117.3734129027833,1.513002680329498],[117.3340259219587,1.488126924418085],[117.3339146650298,1.451173446997009],[117.3045009291747,1.438158255998731],[117.2798091988356,1.446352117656177],[117.2753562021271,1.421610906618051],[117.258808946276,1.418799328226436],[117.2407958476504,1.381900327238414],[117.2226222766968,1.385793136244315],[117.2117777280598,1.409946723062847],[117.1963758091963,1.397073172588856],[117.2014261041314,1.391267228599721],[117.1891983451276,1.378490552197251],[117.1448046963797,1.388188089308892],[117.1359447590434,1.381813643384985],[117.1311291008273,1.391216657922476],[117.107794299967,1.394844360279032],[117.0849689065898,1.413121515145852],[117.0683119091674,1.405066526798768],[117.0590109568903,1.417372317278629],[117.0440567753999,1.414454539745266],[117.0349349896582,1.422260241417048],[117.0176688607294,1.406062667158478],[117.0085470066391,1.410729379657225],[116.9786245971475,1.472050165083091],[116.9758906752146,1.491690238913465],[116.9845203663219,1.522316540575927],[116.9272498962657,1.576270092390894],[116.927048377081,1.608256516125392],[116.9146662737296,1.603289386895687],[116.9014899179255,1.609307658121947],[116.9109094835859,1.641486509794651],[116.8874211019024,1.641837018763434],[116.8920553632645,1.652118314808446],[116.8868733734076,1.65668259722411],[116.8979553898294,1.669074084101771],[116.8923891223603,1.676228045288061],[116.8833727416587,1.6692556401358],[116.8612936758625,1.68076075790273],[116.8533547441263,1.671969294047779],[116.8404750287996,1.692626909404391],[116.8197903402521,1.679536481123753],[116.7601512519788,1.693673339852817],[116.7621499781391,1.682700581166971],[116.7329838526227,1.680301460643927],[116.6985711380476,1.665079390001909],[116.684491962734,1.643428813389056],[116.6590062920068,1.642831402747122],[116.644722577585,1.664933029835522],[116.6195480722858,1.66709881765634],[116.6221445472331,1.673712496734334],[116.6037447653088,1.692347764337951],[116.54409155678,1.695294929017807],[116.5281042233313,1.723915125582584],[116.5128955103196,1.72324201810474],[116.5021348216648,1.713267088705203],[116.4604540066472,1.724807129845216],[116.4522272396954,1.742151297444503],[116.4402177128773,1.747739797054068],[116.4531509162819,1.760703696118712],[116.4705472913245,1.759860636559127],[116.489307351553,1.785897347084939],[116.4569394156216,1.79450480425338],[116.4155972133408,1.822468074841785],[116.3862437869213,1.787708821804765],[116.3535003255796,1.77776916921186],[116.3510252986786,1.803215097998409],[116.3283022139761,1.817439385219474],[116.3173341011878,1.846993902746449],[116.2995294312383,1.856281929067835],[116.2943102571128,1.868141687289102],[116.2846722227449,1.85757633587926],[116.2761173309501,1.861831166974801],[116.2560953141475,1.853772933873829],[116.2401186331684,1.861803221441535],[116.206392267689,1.837192490341197],[116.1838338893226,1.840993055884896],[116.1757399999011,1.857530000109461],[116.1751669995574,1.901845000446498],[116.1994119997641,1.950836999727843],[116.194457999737,1.98570599973211],[116.2296300002244,2.011052000349631],[116.2348750001812,2.031446000132872],[116.2265559996597,2.052444999936862],[116.2125199998982,2.060478999905976],[116.2213570000256,2.075518000055718],[116.2202769996838,2.093376999848681],[116.2523650000447,2.106328999983395],[116.2878070003929,2.102967999673508],[116.299338999795,2.120013999746304],[116.3154340000791,2.115073000318743],[116.3320009996464,2.1501789995612],[116.3477100001164,2.163366999787295],[116.3476320001168,2.181016999834659],[116.3052079997494,2.207690999639953],[116.2898399997162,2.235626000039945],[116.304441000352,2.262251000283497],[116.3348889997276,2.290667000381783],[116.402131999792,2.297919000261681],[116.4127920003506,2.282070999676941],[116.4288150000122,2.288879999812218],[116.4550490002113,2.276879000365659],[116.4765079996446,2.290716999989614],[116.4666669999822,2.325361999556661],[116.482568000313,2.336952999881101],[116.4983549998834,2.333977000238383],[116.5041700000455,2.34810099956155],[116.4980819998844,2.357247000448767],[116.5018589995932,2.381968000123111],[116.4865860003437,2.398627000335837],[116.4965979997979,2.407020999819329],[116.4908399995663,2.443910000346269],[116.4966529996363,2.452343999875703],[116.5262540004219,2.447339000194779],[116.5674439996409,2.453494999894376],[116.5666869998053,2.436955999819565],[116.577937999739,2.427324999948796],[116.6276240004474,2.415355000133188],[116.6301520001147,2.390952999881099],[116.641519000002,2.390165999561342],[116.6502970001065,2.404656999620888],[116.6628800003118,2.384421999975325],[116.6860569998308,2.399069000034368],[116.7076029996788,2.378701999697538],[116.7176699998706,2.383186999680317],[116.7177219995707,2.405378999641192],[116.7334350002251,2.409759000177766],[116.7305969997518,2.424378999890939],[116.7522970004063,2.438316999629839],[116.7565220000903,2.483903000123375],[116.7915490001863,2.508928000327002],[116.8064419998984,2.497572000047763],[116.844717999636,2.519538000378516],[116.8756427763931,2.507093430117743],[116.8875140000711,2.47650599985205],[116.8983173372753,2.501390456704231],[116.9267229996667,2.503976000392091],[116.92938700021,2.493329000433084],[116.9366339998593,2.495778000054758],[116.9616070003629,2.475997999807886],[116.968031999877,2.446041999738588],[116.9820380000538,2.439979999877126],[116.9829540000271,2.431893000161908],[117.0001570001455,2.436517000259395],[117.0240450000768,2.458605999966965],[117.0154589998331,2.497685999909047],[117.0281030001534,2.505835999831538],[117.0254120001638,2.513026999596343],[117.0480269998462,2.547810000131465],[117.1337149997476,2.536170000245372],[117.1457200002779,2.539626999586384],[117.156824999774,2.556160000283844],[117.1636919998859,2.552089999653814],[117.1710409997424,2.561680000331831],[117.2115010003709,2.566412000013793]]]]}},{"type":"Feature","properties":{"kode":"64.07","nama":"Kabupaten Kutai Barat","lat":-0.5026699965636786,"lng":115.82421646569912},"geometry":{"type":"MultiPolygon","coordinates":[[[[115.6888319975986,0.329684077858003],[115.7030829982819,0.314126078056118],[115.7233939978348,0.305407077974371],[115.7305429983608,0.311107078229098],[115.7500119977555,0.306098078363634],[115.7817999977717,0.284453078446864],[115.7676439978723,0.257429077789803],[115.7674078646812,0.227031186839818],[115.7920244018047,0.231615223763646],[115.7959579977635,0.213058077568304],[115.8045209978459,0.208876078068629],[115.8272299982659,0.218785078168901],[115.8381879981776,0.18594707829511],[115.8507349976221,0.186274078086266],[115.8614349982266,0.169905077757202],[115.8757779977564,0.166411077609238],[115.9022629978391,0.122657077961838],[115.9475839978033,0.116801077707615],[115.9472239982889,0.109577078219589],[115.9590769981051,0.108844077692114],[115.9618099982329,0.100603078069669],[115.9754739979267,0.106417078185681],[115.9814239980192,0.08582107808037],[115.9766339983604,0.073535078081408],[115.9940329976248,0.060685078153908],[115.989337762228,0.020679425814871],[115.9786341841204,0.014652539982782],[115.9677005297557,0.023036679299368],[115.9665685414051,0.001970517225589],[115.9476904379634,-0.019509027219813],[115.9607907003305,-0.057843964926965],[115.9770111110741,-0.074352499568134],[115.9712791516116,-0.084320800064821],[115.9887309626639,-0.090519140745718],[115.9982499996378,-0.104083332779473],[116.0070000002498,-0.102638889373255],[116.0341230846127,-0.145663853603908],[116.0655008606762,-0.167823548118198],[116.1609057187241,-0.178283902779855],[116.1649516678853,-0.213967979938248],[116.2773940220166,-0.289036092641551],[116.3063855405603,-0.329845461898495],[116.3012877776089,-0.348510556417006],[116.3224996397466,-0.390190002666449],[116.3008362082245,-0.386254802317223],[116.2896507346937,-0.399791994904566],[116.2710833326298,-0.402999999850076],[116.2362250003836,-0.400338888828669],[116.2353749998564,-0.425149999672739],[116.2658462062375,-0.449683018556415],[116.2505682031601,-0.4859299651957],[116.2550000001499,-0.496014000345804],[116.2870000000501,-0.524059999569262],[116.3200000001999,-0.534199000383564],[116.3749999995504,-0.615903000023346],[116.3749999995504,-0.632568999659513],[116.4094970003863,-0.6593119999488],[116.4493680475974,-0.712179246275094],[116.4549999997502,-0.735049999657702],[116.4848480002351,-0.734826000119762],[116.4959197823721,-0.751833692670781],[116.51717774106,-0.748219043074341],[116.5223360796464,-0.754470002188759],[116.5058381579047,-0.765299068097461],[116.5086969650929,-0.784801190422593],[116.5008444564066,-0.783084467374254],[116.4906469582906,-0.807069945721375],[116.5008610003349,-0.858139000314553],[116.4676805566125,-0.862384144812347],[116.4508980003424,-0.883633999709302],[116.4541779087835,-0.904278818612594],[116.4612290001184,-0.916587000389748],[116.4699660001308,-0.916761000319857],[116.4795090004401,-0.944554999613503],[116.4434450001867,-0.953330999625893],[116.4404210001292,-0.969956000069308],[116.3954379995641,-0.973800000169847],[116.3844560003443,-0.966466000105795],[116.3700083494059,-0.99625559681831],[116.3154170001944,-1.029971999608017],[116.2995850003475,-1.051896999846649],[116.2621370001225,-1.055996000015361],[116.2482498750318,-1.084870873791813],[116.2289494202796,-1.086377951381293],[116.2120864070621,-1.104090537947913],[116.1393373086699,-1.088465451419365],[116.1332909534149,-1.092717188847095],[116.1153371273066,-1.08269767465792],[116.0930086678159,-1.085783173954249],[116.0756445379651,-1.076238576449098],[116.0186135852488,-1.092709918727744],[116.0126125837038,-1.081122736924714],[115.9853330002178,-1.081806000446564],[115.9788889998275,-1.11324999988758],[115.9517900002083,-1.125631999816859],[115.9218409995625,-1.154044999776874],[115.9178790003157,-1.142253000075824],[115.9034519996102,-1.137603999724737],[115.8952590004026,-1.105173999780254],[115.8697409999472,-1.10186500006966],[115.8444419996986,-1.110544000105465],[115.8419937078434,-1.096339781255809],[115.8197502459772,-1.088581222045695],[115.766438206658,-1.137696479708763],[115.7564692370657,-1.133512611417833],[115.749599428371,-1.104897016683973],[115.7109378712857,-1.074963240660923],[115.6999311910716,-1.029714360928915],[115.6792387998308,-1.008946560635218],[115.6246201588933,-1.016595815344504],[115.6308919795813,-0.976322242377561],[115.5913943686553,-0.934955279062846],[115.5472581076756,-0.85442082256291],[115.4929353859593,-0.87496546418471],[115.4868266411367,-0.871393259890921],[115.4775985986965,-0.881958380175066],[115.4738890175641,-0.872512625357372],[115.4464329340327,-0.878425834184851],[115.413651105814,-0.873548235162927],[115.4079552001724,-0.86868622678791],[115.4160591673967,-0.864714900672039],[115.3992033037894,-0.845259403698487],[115.3976608423741,-0.864879642081709],[115.3815863709143,-0.851803212648131],[115.375308520272,-0.877157667792064],[115.357248980656,-0.863574125945091],[115.3602515471711,-0.876602560359776],[115.3499414890086,-0.891193535353343],[115.3484278211871,-0.863158352276086],[115.3367847447203,-0.841331891653477],[115.3417169793552,-0.839082569405017],[115.3254097201825,-0.832209933241737],[115.3211248787103,-0.816747422555489],[115.3086034631793,-0.815386090895379],[115.2999910165722,-0.797235175662772],[115.2894649061806,-0.799423210912378],[115.2859646503485,-0.771298115415656],[115.3009218688492,-0.761200273873522],[115.3007996078157,-0.74497949171011],[115.3226915642643,-0.726626372009401],[115.3465862857285,-0.720445202084344],[115.3372777287842,-0.693051833675165],[115.3419377818033,-0.686230669309909],[115.3330389092183,-0.685514242388299],[115.336183404041,-0.678502464017486],[115.3256496314254,-0.671523109803632],[115.3570677546732,-0.67045536812074],[115.3727014279287,-0.653686277399748],[115.3777376376819,-0.629488798269387],[115.3697738873551,-0.632531502426817],[115.3565197518851,-0.6133814727767],[115.3741255106839,-0.598407836252582],[115.3809333470964,-0.572243785322327],[115.3566733354062,-0.549200027559118],[115.336741418082,-0.54352845667294],[115.3059787881906,-0.545985365831905],[115.2904428496579,-0.555449161949253],[115.2826424575834,-0.548205717319908],[115.2936072239943,-0.516474450135698],[115.3071064274198,-0.511031905997664],[115.2974746397428,-0.494144442911606],[115.307102001856,-0.486022468562089],[115.2974945768133,-0.478837812614932],[115.2989390570918,-0.456279822755581],[115.2735315491417,-0.454815105932374],[115.2673059491103,-0.43195048322813],[115.2483251745672,-0.411515260320952],[115.2516402833725,-0.402728801193211],[115.2626180054167,-0.400908817987469],[115.2460382390735,-0.379134687116059],[115.2463883028779,-0.367437443583166],[115.2327154412646,-0.361834069186864],[115.2372117196452,-0.34166023333311],[115.2293484757517,-0.335862805923684],[115.232811111144,-0.323233008596427],[115.2249045927727,-0.311739870698416],[115.2532375422788,-0.302626999936065],[115.2485705500909,-0.247760189281257],[115.2603762203863,-0.238922553333135],[115.2732410033697,-0.243334609304727],[115.2748368548371,-0.228116537048509],[115.2984713781516,-0.210432073181613],[115.2868309825638,-0.193395483614614],[115.2560130812388,-0.18232977909596],[115.2411773746363,-0.164572738141347],[115.2570388200855,-0.160684298041838],[115.2709428973968,-0.142688737095467],[115.2860234579162,-0.145156487581824],[115.2871229681505,-0.128077077694913],[115.3096341680824,-0.11783321503083],[115.3165307828694,-0.097065784358355],[115.3089666193141,-0.080457717249852],[115.2912584870895,-0.078069564858454],[115.2911997496687,-0.036448953156556],[115.3134648591161,-0.019670615606396],[115.3156182974466,-0.002668827104626],[115.3359333430494,-0.001611808937765],[115.3906349518417,0.055584705369879],[115.4100255879106,0.052133576803135],[115.4405897419231,0.061935962274903],[115.461399064815,0.051912834609633],[115.4614115429084,0.063538641395253],[115.5088985312423,0.061746842942531],[115.5235524201082,0.079507715009106],[115.5424613999737,0.082584112267023],[115.5573920318169,0.096467855007562],[115.5808645233791,0.145399700435897],[115.6066930858173,0.140571899573525],[115.6562637116011,0.162933696033305],[115.6603660311674,0.1563943342312],[115.6773516939257,0.161933574375015],[115.6914683583781,0.196252283716023],[115.7136218961336,0.214824979189496],[115.7143817027535,0.225163520679958],[115.7113337186762,0.27829147417224],[115.6847109037852,0.280584926153457],[115.6833321612503,0.302487413663252],[115.670861213874,0.311288080280756],[115.6888319975986,0.329684077858003]]]]}},{"type":"Feature","properties":{"kode":"64.08","nama":"Kabupaten Kutai Timur","lat":0.9898708017786247,"lng":117.12915342706613},"geometry":{"type":"MultiPolygon","coordinates":[[[[117.5125682612163,0.18413675021087],[117.5121685098688,0.184379454748049],[117.5121542331315,0.184722097346965],[117.5124968766296,0.184593605810354],[117.5125682612163,0.18413675021087]]],[[[117.5118401449069,0.184507946284748],[117.5114118418831,0.184365178010568],[117.5111691364466,0.184465115173024],[117.5115260566822,0.184836311246814],[117.5118401449069,0.184507946284748]]],[[[117.5128395192285,0.184693543872003],[117.512696750055,0.184679266235241],[117.512696750055,0.184893419096019],[117.512896625279,0.184864864721776],[117.5128395192285,0.184693543872003]]],[[[117.5245168041073,0.184971510826612],[117.5236608626588,0.185617826601467],[117.5242552956454,0.186144418330267],[117.5247545911515,0.185761415057259],[117.5245168041073,0.184971510826612]]],[[[117.507314410132,0.188077136950346],[117.5070145986449,0.188976574109676],[117.5076427750941,0.189347769284185],[117.5077569898932,0.188348394962576],[117.507314410132,0.188077136950346]]],[[[117.509441647614,0.189733242095455],[117.5088991297911,0.188462609761705],[117.507999696229,0.188762422148089],[117.5084993829402,0.18993311731956],[117.509441647614,0.189733242095455]]],[[[117.5123969385679,0.191018151166775],[117.5111834131841,0.190104438169334],[117.5105409599973,0.190232927907383],[117.5118258690686,0.191803372627605],[117.5123969385679,0.191018151166775]]],[[[118.4727533063201,0.693029752820904],[118.4720870570721,0.696432381848952],[118.4769173634456,0.696741711760682],[118.4770601308204,0.6953378295772],[118.4727533063201,0.693029752820904]]],[[[118.0110238112999,0.745061975929515],[118.0217879812304,0.73360133593294],[118.0132972110974,0.712792085886102],[117.9975137701444,0.733191681251119],[118.0110238112999,0.745061975929515]]],[[[118.0425532292481,0.781232256263673],[118.0456732598132,0.777698181426009],[118.0451186856789,0.771532675892336],[118.0400797491812,0.773995179733797],[118.0425532292481,0.781232256263673]]],[[[118.7818146201487,0.801241170843456],[118.7805297110774,0.804389198202957],[118.7820858790601,0.806459328735018],[118.7834992778694,0.804396336122101],[118.7818146201487,0.801241170843456]]],[[[118.7188059547312,0.817842904926211],[118.7184561751125,0.816943468666162],[118.7164288738935,0.815294502339478],[118.7166858560674,0.817857181663692],[118.7188059547312,0.817842904926211]]],[[[118.0188465803056,0.896899427266826],[118.0262205300535,0.890098926624214],[118.0260515879105,0.882698803906765],[118.0146016219674,0.891997737205871],[118.0188465803056,0.896899427266826]]],[[[118.9182855823138,0.904495034718098],[118.9200092481284,0.903040780607542],[118.9146072778038,0.898466756735525],[118.9135266596277,0.902324967023668],[118.9182855823138,0.904495034718098]]],[[[118.0124684741408,0.906047264569684],[118.0125755501216,0.908521903862811],[118.0148836268779,0.907772373795998],[118.014910575063,0.907540165246454],[118.0124684741408,0.906047264569684]]],[[[118.9274539421458,0.910290212923057],[118.9288887574103,0.909333668813803],[118.9261262028621,0.90807017529839],[118.9260905105687,0.910854145402526],[118.9274539421458,0.910290212923057]]],[[[118.0505277300708,0.919938317899069],[118.0502600405685,0.920342826660134],[118.0523877070271,0.923062471855671],[118.0532700588661,0.921288661642469],[118.0505277300708,0.919938317899069]]],[[[117.9914277799682,0.932237335584604],[117.9908120942029,0.932867893438624],[117.9908864528475,0.93311773679414],[117.9911065529251,0.932986865651417],[117.9914277799682,0.932237335584604]]],[[[118.0546664056302,0.937693460384923],[118.0528013520009,0.930973024585422],[118.0494696632944,0.931782877577822],[118.0502215729673,0.935737542853341],[118.0546664056302,0.937693460384923]]],[[[118.0022701045818,0.933011317318419],[118.0084757387645,0.928918643880403],[118.0096424751203,0.903817970223228],[118.00309276392,0.900296901380957],[117.9921115507076,0.925388317416973],[117.9981012891433,0.938227094704677],[118.0022701045818,0.933011317318419]]],[[[118.0015588190842,0.992228716182384],[118.0060381551368,0.989462592224941],[118.0032363388861,0.973121644448424],[118.004329702254,0.968902859979012],[118.0076978287918,0.964525840695016],[117.9977814245732,0.972027092176672],[118.0015588190842,0.992228716182384]]],[[[117.9675413421593,1.034533677787072],[117.9639578729575,1.03392691599444],[117.9628942537669,1.037467554084445],[117.9657638842959,1.035333176884665],[117.9675413421593,1.034533677787072]]],[[[117.9383531679644,1.046911119052949],[117.9377999428132,1.041670355802379],[117.9444291208073,1.036991146324359],[117.933029123895,1.039425335011243],[117.9383531679644,1.046911119052949]]],[[[117.9344020729974,1.054706518990686],[117.9328018849991,1.047633571432202],[117.9309518536452,1.046788861616774],[117.9300655052189,1.051071891854358],[117.9344020729974,1.054706518990686]]],[[[117.9400597565526,1.059197506659634],[117.9504643469521,1.052811827304032],[117.9633848195539,1.033621473852017],[117.9793272093833,1.021295865911595],[117.9748300271841,1.014930807111122],[117.9849090279294,0.977810422712919],[117.9673961951784,0.986739349741248],[117.9636211802734,1.003184994791726],[117.9531705868531,1.012388750140778],[117.9480049754493,1.035365190051538],[117.93936970225,1.050051960829387],[117.9345489250928,1.04893727093833],[117.9400597565526,1.059197506659634]]],[[[117.9109612087929,1.083577709144043],[117.9190513768197,1.077719475873115],[117.9245356872722,1.07041780194008],[117.9046937093472,1.072209834216517],[117.9030161886462,1.082132185651938],[117.906347433987,1.082286851057399],[117.9077203830892,1.083787101893316],[117.9109612087929,1.083577709144043]]],[[[117.9043590482315,1.09047612257511],[117.9107026905767,1.085322211351],[117.9096224150424,1.084032543067456],[117.8993479025838,1.086540495047858],[117.9043590482315,1.09047612257511]]],[[[117.8905630523431,1.091841418446757],[117.9010136439646,1.082818502372016],[117.9006567246282,1.071511303803716],[117.8943654300207,1.083877362350469],[117.8877076985515,1.088648182167892],[117.8905630523431,1.091841418446757]]],[[[117.8907285617738,1.09292498729838],[117.8900385182631,1.093442520156193],[117.8907891149257,1.094257610800151],[117.8910211121347,1.093522358370189],[117.8907285617738,1.09292498729838]]],[[[117.8921623805895,1.092975518405501],[117.8910795329941,1.093014217132479],[117.8910246824433,1.094314717750075],[117.8918243038485,1.094093599639942],[117.8921623805895,1.092975518405501]]],[[[117.8914320447532,1.095275980602059],[117.8913281856474,1.095047764142995],[117.8909823270729,1.095211735733079],[117.8912530032236,1.095485239352387],[117.8914320447532,1.095275980602059]]],[[[117.8922193652315,1.094927656985798],[117.8917612829568,1.095442780559994],[117.8926030178151,1.0956361132161],[117.8925613774058,1.095249449702449],[117.8922193652315,1.094927656985798]]],[[[117.8909942242041,1.09552106564472],[117.8908823899104,1.095587690119812],[117.8909632920223,1.095804220788141],[117.8910894030536,1.095663833019531],[117.8909942242041,1.09552106564472]]],[[[117.8899776116775,1.094909408842179],[117.8896159340281,1.095252052340376],[117.889758701403,1.09598968527582],[117.8901489334267,1.095599453252236],[117.8899776116775,1.094909408842179]]],[[[117.8926087473958,1.096270369981697],[117.892905973332,1.096232332256372],[117.8927893789268,1.095685056120496],[117.8923920089841,1.095939657789044],[117.8926087473958,1.096270369981697]]],[[[117.8892614950221,1.095651004190509],[117.8891045804121,1.093954103998771],[117.8871949329998,1.09547254362303],[117.8883834743179,1.09628275094826],[117.8892614950221,1.095651004190509]]],[[[117.8900314271088,1.096269787220924],[117.8898582023942,1.096305955255714],[117.889820131394,1.096517250970416],[117.8901247020935,1.096439204205987],[117.8900314271088,1.096269787220924]]],[[[117.889224798186,1.096431209232948],[117.8895460252289,1.096228955302101],[117.8890820299118,1.096026701371253],[117.8889600827418,1.09651746500907],[117.889224798186,1.096431209232948]]],[[[117.8967955052085,1.096605397121417],[117.9022325733746,1.091090996252506],[117.898014977809,1.087456369116177],[117.893386927165,1.093827376032605],[117.8967955052085,1.096605397121417]]],[[[117.8925969599818,1.096857020235317],[117.8927441691081,1.096546421380326],[117.8919973361083,1.096112249380818],[117.8921829336955,1.096650007092157],[117.8925969599818,1.096857020235317]]],[[[117.8905701372021,1.096677150430223],[117.8904863797427,1.096707607769895],[117.8904673437929,1.096894156839953],[117.8906101120671,1.096768522449418],[117.8905701372021,1.096677150430223]]],[[[117.8875077711668,1.09631309317477],[117.8873379189099,1.096733936322122],[117.8878685387022,1.096883841616078],[117.8878185696714,1.096534061997476],[117.8875077711668,1.09631309317477]]],[[[117.8868312723453,1.096836569651957],[117.8865666756117,1.096596721361662],[117.8862716233368,1.09696982040097],[117.8867513217161,1.097282005660036],[117.8868312723453,1.096836569651957]]],[[[117.8903636726454,1.097755729843117],[117.8902693256689,1.097712760235778],[117.8901809313051,1.097828065912518],[117.8902989520351,1.097849004827742],[117.8903636726454,1.097755729843117]]],[[[117.8916527518731,1.096218113075517],[117.8907295213504,1.096927191636629],[117.8911530651619,1.097921806746102],[117.8922999660706,1.097360253872656],[117.8916527518731,1.096218113075517]]],[[[117.8867134062987,1.097479937449217],[117.8864088346999,1.097552272619337],[117.8867172131289,1.098123343017862],[117.8869475447935,1.097706462283485],[117.8867134062987,1.097479937449217]]],[[[117.8901686996258,1.099096588436874],[117.8900164147258,1.099136563301803],[117.8902296143054,1.099364992000782],[117.89033431068,1.099243162641914],[117.8901686996258,1.099096588436874]]],[[[117.8899060076563,1.099425905780935],[117.8898013112816,1.099513470070621],[117.8899345611311,1.099581998410512],[117.8899726330306,1.09947730203592],[117.8899060076563,1.099425905780935]]],[[[117.8909168977966,1.098655364853249],[117.8906422133676,1.098926386343654],[117.8906135169003,1.099665445603845],[117.8910560957622,1.099511970900766],[117.8909168977966,1.098655364853249]]],[[[117.8916047838338,1.099938164114997],[117.891814176583,1.099802534659331],[117.8916071643392,1.099628834203356],[117.891345422953,1.099804914265443],[117.8916047838338,1.099938164114997]]],[[[117.892456630669,1.099507482384452],[117.8929134880671,1.098234470444501],[117.8928373451675,1.098034595220485],[117.8912978344276,1.098995897642594],[117.892456630669,1.099507482384452]]],[[[117.8881745725985,1.097132139037102],[117.8871454558981,1.097613979601528],[117.8873239155663,1.100290873724871],[117.8896022499439,1.098321870158189],[117.8881745725985,1.097132139037102]]],[[[117.8859240389633,1.097152661566112],[117.8852399435687,1.097527427049203],[117.8862958303884,1.10086462140517],[117.8870245402504,1.099704633562057],[117.8859240389633,1.097152661566112]]],[[[117.8950124697498,1.097965887915484],[117.8929805289283,1.098989909057055],[117.8944593192423,1.100965801430595],[117.8949366389148,1.099176128975207],[117.8950124697498,1.097965887915484]]],[[[117.9127401226586,1.107831734946638],[117.9198725567731,1.10097293934974],[117.920830289786,1.093947580316643],[117.9083093293122,1.109460357709422],[117.9127401226586,1.107831734946638]]],[[[116.2944235357177,1.865891488201685],[116.3173341011878,1.846993902746449],[116.3283022139761,1.817439385219474],[116.3510252986786,1.803215097998409],[116.3495357560704,1.779118297071777],[116.3670644276813,1.777231115623509],[116.3721068850248,1.786923764919932],[116.3861089632582,1.787618314034065],[116.4155972133408,1.822468074841785],[116.4569394156216,1.79450480425338],[116.489307351553,1.785897347084939],[116.4705472913245,1.759860636559127],[116.4531509162819,1.760703696118712],[116.4402177128773,1.747739797054068],[116.4522272396954,1.742151297444503],[116.4604540066472,1.724807129845216],[116.5021348216648,1.713267088705203],[116.5128955103196,1.72324201810474],[116.5281042233313,1.723915125582584],[116.54409155678,1.695294929017807],[116.6037447653088,1.692347764337951],[116.6221445472331,1.673712496734334],[116.6195480722858,1.66709881765634],[116.644722577585,1.664933029835522],[116.6590062920068,1.642831402747122],[116.684491962734,1.643428813389056],[116.6985711380476,1.665079390001909],[116.7329838526227,1.680301460643927],[116.7621499781391,1.682700581166971],[116.7601512519788,1.693673339852817],[116.8197903402521,1.679536481123753],[116.8404750287996,1.692626909404391],[116.8533547441263,1.671969294047779],[116.8612936758625,1.68076075790273],[116.8833727416587,1.6692556401358],[116.8929030858089,1.67595678637664],[116.8979553898294,1.669074084101771],[116.8868733734076,1.65668259722411],[116.8920553632645,1.652118314808446],[116.8874211019024,1.641837018763434],[116.9109094835859,1.641486509794651],[116.9014899179255,1.609307658121947],[116.9146662737296,1.603289386895687],[116.927048377081,1.608256516125392],[116.9272498962657,1.576270092390894],[116.9845203663219,1.522316540575927],[116.9758906752146,1.491690238913465],[116.9786245971475,1.472050165083091],[117.0085470066391,1.410729379657225],[117.0176688607294,1.406062667158478],[117.0349349896582,1.422260241417048],[117.0440567753999,1.414454539745266],[117.0590109568903,1.417372317278629],[117.0683119091674,1.405066526798768],[117.0849689065898,1.413121515145852],[117.107794299967,1.394844360279032],[117.1311291008273,1.391216657922476],[117.1359447590434,1.381813643384985],[117.1448046963797,1.388188089308892],[117.1891983451276,1.378490552197251],[117.2014261041314,1.391267228599721],[117.1963758091963,1.397073172588856],[117.2117777280598,1.409946723062847],[117.2226222766968,1.385793136244315],[117.2407958476504,1.381900327238414],[117.258808946276,1.418799328226436],[117.2753562021271,1.421610906618051],[117.2798091988356,1.446352117656177],[117.3045009291747,1.438158255998731],[117.3339146650298,1.451173446997009],[117.3340259219587,1.488126924418085],[117.3734129027833,1.513002680329498],[117.3858052377216,1.584858296872957],[117.3940290683869,1.590920591711972],[117.4430384012013,1.554675718909346],[117.4557084818611,1.557396721181734],[117.4678033912136,1.528460949813068],[117.4854186666382,1.513963712955066],[117.4858501020007,1.501841438131921],[117.4945277512547,1.501290733780378],[117.4974046339167,1.509199518443102],[117.5130320263069,1.511288123747986],[117.5171401276149,1.53437354710155],[117.528633279902,1.536594141406608],[117.5490461528578,1.598001651155309],[117.5600588972004,1.596373975378659],[117.5598523463088,1.589428845764671],[117.5805229685602,1.612740633873175],[117.588282171685,1.602353106310803],[117.6045903688505,1.608536956215653],[117.6030260772917,1.595846815278376],[117.6139831167274,1.58897929985484],[117.6240355838752,1.594991464684378],[117.6424272404249,1.590049997609386],[117.656891807611,1.630180779819154],[117.6638098100748,1.629789714124039],[117.6644223248305,1.671003012978664],[117.6718299137197,1.668366128793883],[117.6871338568421,1.68309813007472],[117.7249036623743,1.695112827095288],[117.7553062226042,1.678038754684883],[117.7723693376748,1.658525986185319],[117.7923794159773,1.612269264115282],[117.8196913139031,1.597568358692866],[117.8386781121053,1.515866920322148],[117.8321939372005,1.487342991685756],[117.8399317166755,1.472856684288645],[117.8519589673325,1.469175805019438],[117.8513753765724,1.44774981879918],[117.8591935059756,1.450229652576438],[117.8652402236575,1.439334526966915],[117.8542508248157,1.41968681159714],[117.8464067463744,1.428607198663309],[117.8407867300237,1.421014053555789],[117.8500092794047,1.387723888047018],[117.8480771147671,1.37420108820969],[117.8371652680627,1.365779231326522],[117.8734449931919,1.360651240362573],[117.9073506610042,1.341946972275052],[117.907000457805,1.324844760077701],[117.9410616984388,1.279079673987857],[117.9752117363327,1.252746280716297],[117.9817958367086,1.257528892444457],[117.9945552362352,1.201006714088601],[118.0384532775968,1.161908173723278],[118.0863370000526,1.159123003024229],[118.1495769962814,1.171137001271669],[118.1876260026381,1.169936997194762],[118.2229379996889,1.186892000265624],[118.3100139997464,1.177774999816458],[118.3488789996661,1.285082000234203],[118.3639919996311,1.282254000221991],[118.3805790001209,1.261754000047086],[118.416804999751,1.282983999711826],[118.4951839998417,1.287541000316958],[118.5134056620417,1.280710250078007],[118.5027117516461,1.239130419033627],[118.5169039996199,1.238396000275285],[118.5377329996782,1.203647000408845],[118.5671428630527,1.180732451841246],[118.5817808608981,1.185001515607473],[118.5886210000593,1.125601000385965],[118.6024130002598,1.111708000024267],[118.6993289999334,1.122176999868715],[118.7507460004276,1.10855400026699],[118.7637369996629,1.089265000179671],[118.7566500001974,1.073715999893496],[118.7713449997719,1.051670000370317],[118.7684110002675,1.036783000035443],[118.7856920003856,1.022827000365753],[118.7871490001263,0.99577500021619],[118.8309819998196,0.995171000241532],[118.8410849998729,0.984493999798294],[118.8563620002062,0.985389999748707],[118.8644619996217,1.006551999874914],[118.9025640003284,1.008881000257952],[118.9174859995793,1.017013000249831],[118.9241470000841,1.03564199957866],[118.9403229996068,1.038346000167875],[118.9525152201014,1.051535006735202],[118.9660406702407,1.035862638350091],[118.9783520014438,1.038554602413042],[118.9875481422331,1.026913643849634],[118.9787564301651,1.006514722976101],[118.9870022249728,0.986213667227018],[118.9642902702798,0.942617182936731],[118.935940309198,0.916329784591971],[118.9065448709491,0.903006093756284],[118.8994906625641,0.887423418356123],[118.9066973986661,0.891054559720247],[118.8926266688857,0.874892567138305],[118.8555582778924,0.876922855905191],[118.8247697043585,0.842644694297265],[118.8242041863741,0.8293724572731],[118.8152904048284,0.828396212615187],[118.8161106279032,0.819316507950527],[118.7951113861816,0.80169836368855],[118.7870688075794,0.803107004184975],[118.7974908466254,0.809445889116509],[118.7947354308955,0.812072814209072],[118.7598025943144,0.805589722987341],[118.7258914352416,0.823769944427452],[118.7080549949422,0.813450222150111],[118.7079181756833,0.832301500613861],[118.6722522972058,0.857450804211288],[118.6509498148821,0.845822797684034],[118.6307482583255,0.850629817012491],[118.6214673006755,0.845403326002733],[118.5894939009229,0.810359167741501],[118.5527345592526,0.815576135830051],[118.5464099519578,0.808447271124654],[118.4423668574445,0.845148030057638],[118.4330060579832,0.834504701131086],[118.4233668607921,0.839339764918209],[118.4125227995876,0.831618172340784],[118.4157502074062,0.823878027648936],[118.3675375678046,0.80624717416786],[118.3434862752714,0.816799117585296],[118.3421517640927,0.838534745781969],[118.3204926709001,0.84990802473561],[118.2111154041527,0.867064803298076],[118.0636642575995,0.903340725194399],[118.0519791216392,0.913077380117075],[118.0569332403768,0.93966524015878],[118.0086929187433,0.960018268628213],[118.0065410928972,0.990333021751619],[117.9914594936607,1.001055326442232],[117.9954403328052,1.022109034704252],[117.9807999652462,1.068115478146867],[117.9530257060716,1.07816814404462],[117.9488928716088,1.09089602862886],[117.9278488679309,1.10710088379877],[117.9157320034293,1.106610889081347],[117.9124787392025,1.115000695026078],[117.9065348464061,1.112388045771715],[117.898781967314,1.125871261949227],[117.8925408791583,1.121949078387294],[117.8933290746771,1.101507127651866],[117.8859121418319,1.101025234926675],[117.8839782352074,1.097497386095567],[117.8867106435814,1.089560825871436],[117.8843549782997,1.08885888522938],[117.8936884131898,1.083296894935801],[117.8971249502563,1.067327142333793],[117.9223860018126,1.066105487078614],[117.9223624548634,1.055521595245443],[117.9337600730689,1.055266992677614],[117.9262702645611,1.04903150370099],[117.9312611835568,1.037330504599174],[117.9448538553212,1.032863066577347],[117.9525876876717,1.007484076129225],[117.9603685257869,1.002715635917914],[117.9631667717292,0.987696478409836],[117.9732372460022,0.979173844397449],[117.9688211862488,0.958875518090727],[117.9791960117866,0.944952986691058],[117.9766229407961,0.929931097042511],[118.0192600157372,0.866525030206075],[118.0283394793835,0.830491644673723],[118.0189239121089,0.815752668251088],[118.0212676820579,0.802689427375222],[118.0298575358967,0.801832821327706],[118.0292101013652,0.780426381872099],[117.9710334843079,0.773635036327944],[117.9593317801377,0.792603445192894],[117.9231525668375,0.80659556343454],[117.9143477804258,0.836999964576732],[117.8749457800238,0.824567575633159],[117.8745987568272,0.807036704280526],[117.855515448779,0.81353790604963],[117.8136321756844,0.798280802317228],[117.7520274643961,0.756385269664525],[117.7112630045841,0.697158468388645],[117.7103707071425,0.627390291628702],[117.6793964667736,0.619629171149347],[117.668881046623,0.609576122140362],[117.659364274142,0.565320030994629],[117.6468641716443,0.555377056306147],[117.651669842889,0.55237861767907],[117.6395571971071,0.533881521015386],[117.6457997115875,0.528791378019752],[117.6388754813184,0.532447419812618],[117.6285622620388,0.509247486682193],[117.6048102440975,0.487441313865597],[117.6011658584177,0.462868539551506],[117.6102316047048,0.428866040835116],[117.5836768190301,0.404500359703894],[117.5720174612369,0.40473830682741],[117.5765963882128,0.411776929062066],[117.5663717260744,0.423027767117754],[117.5531245405651,0.421891776784131],[117.5651170243313,0.418277440151746],[117.5566828251523,0.408055672031724],[117.5645945344102,0.405692867032245],[117.5666408679817,0.391320922822411],[117.5522545517062,0.361711266062079],[117.5507942172794,0.331270403706283],[117.5410616641645,0.317105533793358],[117.5216690567817,0.321317180343714],[117.5340517707726,0.28756690458904],[117.5161722142764,0.268989177408693],[117.5223924129795,0.264581312277842],[117.5176096951314,0.260274486878151],[117.5304825801071,0.257990204384503],[117.5166505232031,0.24439412059227],[117.5268584102874,0.236256364040008],[117.5280719356714,0.22033777027197],[117.5208383736921,0.2123189859325],[117.5068402938445,0.214307607310291],[117.49265547517,0.198166249672768],[117.4691666690067,0.199166668107262],[117.4677761300644,0.175769107158638],[117.4497222229023,0.166944444830294],[117.4282631002619,0.105870291280949],[117.402915017714,0.091807545681741],[117.3973614064039,0.08086673361298],[117.3883333327172,0.022500004371759],[117.3706609998054,0.022823000381253],[117.3669526156707,0.0312194073498],[117.3484689638716,0.027907196160212],[117.3361909462552,0.038662360279782],[117.336666836905,0.05099748574546],[117.3067903252135,0.033337126407337],[117.2722357920483,0.0372204061968],[117.259201106446,0.043280894297856],[117.2612907423739,0.052784147270676],[117.2472773497699,0.05735168703078],[117.2435551700352,0.071231968280758],[117.2309284537852,0.074956015907476],[117.2317369281168,0.083099561395647],[117.2251648939448,0.085876354909884],[117.2202001371267,0.076583825683072],[117.2100584554335,0.082821916398343],[117.2075864673417,0.118609132305656],[117.1726277779497,0.15095555555453],[117.1818547241163,0.20539892761848],[117.1766358800419,0.274177910382287],[117.2001177101642,0.302713552688358],[117.1958542248926,0.309030380847483],[117.2156524481021,0.339410125277093],[117.214458011728,0.349637006942347],[117.1829237500311,0.349380640803984],[117.1443716970961,0.370571403047856],[117.1066693092413,0.438202463273127],[117.0785535217277,0.448329530983147],[117.074230181178,0.464822483970481],[117.056783799333,0.476074244730659],[117.0249962678636,0.545188178191866],[117.0097841023545,0.550126042582841],[117.0093824273572,0.562303336130141],[117.0002089800604,0.565510897709862],[116.9931080159223,0.583307527720242],[116.9634803484394,0.556982168092654],[116.9648904818103,0.54086959865309],[116.9402799998222,0.539848000285057],[116.9473067420126,0.521975076288792],[116.9383490061018,0.434653446199571],[116.9040340927992,0.390037279996511],[116.873899999985,0.38960500017062],[116.8765866256723,0.366138864117291],[116.8477578502447,0.30015228979636],[116.851613055898,0.270546345437525],[116.8263915637197,0.235943684153758],[116.8036425794415,0.225985888637956],[116.7766389996901,0.227249999987597],[116.6524719996832,0.183888999577706],[116.4692195106719,0.183895937847309],[116.4592579523927,0.28954333205917],[116.4594702859251,0.295017506252934],[116.4763326543286,0.295002127845942],[116.4707969997818,0.309043000134432],[116.4022109998378,0.35616899969961],[116.3615630004321,0.413300000194925],[116.3374219996257,0.431473000078972],[116.3342990003986,0.449076999803763],[116.3234700001404,0.458373999560477],[116.2882639998837,0.465242999764667],[116.2796170372964,0.504046605666383],[116.2855703244109,0.511510885119312],[116.2623174302052,0.529061627891833],[116.2642991582797,0.552872672835678],[116.2558480428529,0.552545619984388],[116.2541674662556,0.565730229766379],[116.2738755189401,0.583768443758734],[116.2420176730772,0.631985695083801],[116.2505157502018,0.639731170956834],[116.2369722218906,0.652416666895681],[116.2243800486004,0.709775016903544],[116.2003360792468,0.720513090306893],[116.1800554417054,0.719301058696972],[116.1704696993173,0.73263193331716],[116.1423855193763,0.722491790363941],[116.1384337427232,0.737528996366096],[116.1470369496956,0.749895963228139],[116.1234262233415,0.754827420848889],[116.1004886296466,0.781707709842935],[116.0851176942262,0.787712396809701],[116.0867514692049,0.799948141793402],[116.0756673249871,0.809410532270347],[116.0597547899517,0.806495452703013],[116.0327484124093,0.775069740975828],[116.0149708732073,0.777637147136653],[116.0112055988593,0.770812845036792],[115.9938653909751,0.78027163282963],[115.9911121246249,0.803279268423493],[115.9681032326781,0.820918720322725],[115.9721197092572,0.834934956583064],[115.9926179080901,0.826900310900688],[116.0159808532339,0.834444160569634],[116.0322486321687,0.852104864348055],[116.0266359497893,0.869223505360514],[116.0395864597474,0.875493602947516],[116.0394360175583,0.88779742031477],[116.0681139380078,0.901828322718965],[116.0624594830188,0.913487918832454],[116.0470720729179,0.919590345018426],[116.0421905069864,0.953369053738859],[116.0290246399752,0.971387799207621],[116.047052310316,0.991314594892698],[116.0403901218067,1.006840900786996],[116.065348617145,1.010521804337847],[116.0743129927505,1.024317990882581],[116.049733710942,1.061255022401417],[116.0539407619567,1.070631123827345],[116.0318215378338,1.128359224698469],[116.037066181659,1.13950133471887],[116.0301603227408,1.168581280901401],[116.0490507298074,1.179501208913722],[116.0641964282226,1.176850530028004],[116.0624529620347,1.196654427060226],[116.080616716888,1.211427797155215],[116.0947861112901,1.248332061875177],[116.1107047734067,1.257515825295139],[116.1121947368976,1.27063118907815],[116.1299308182528,1.274838301246659],[116.1298688297827,1.286508267442629],[116.1479040760123,1.295216560196108],[116.1585274390901,1.362742776557921],[116.1746525621661,1.381352991747262],[116.1409810247545,1.413805526004294],[116.1543477877203,1.450504406253403],[116.1528447948515,1.48969602824913],[116.1311999028533,1.478117449360836],[116.0920603839797,1.499899144430048],[116.0665888056289,1.499982274162656],[116.0613432229114,1.508627975900387],[116.0205687788261,1.516023341204262],[116.0075979999479,1.525922000000365],[116.0276419997785,1.551380000386724],[116.0414170000945,1.556644000320448],[116.0455869999402,1.579497000186445],[116.0364399999062,1.606101000360935],[116.0686539997823,1.648463999713831],[116.1023539998373,1.667213000079945],[116.1150069996734,1.654538000128644],[116.1334680002481,1.668067999938236],[116.1308330001429,1.678590000428246],[116.1418809997084,1.686878999566163],[116.1496029996787,1.726857999597017],[116.1617290003931,1.74409300029181],[116.1591639999187,1.769874000284874],[116.1701910003145,1.782441999798509],[116.1838340071338,1.840993026207213],[116.206392267689,1.837192490341197],[116.2401186331684,1.861803221441535],[116.2560953141475,1.853772933873829],[116.2944235357177,1.865891488201685]]]]}},{"type":"Feature","properties":{"kode":"64.09","nama":"Kabupaten Penajam Paser Utara","lat":-1.1571295540332083,"lng":116.59035802018774},"geometry":{"type":"MultiPolygon","coordinates":[[[[116.7555866089348,-1.173441233226294],[116.7535950000093,-1.171572165922699],[116.7545765281843,-1.167825705391914],[116.7564432149825,-1.171549560563692],[116.7555866089348,-1.173441233226294]]],[[[116.7392471432411,-1.143283815595522],[116.7456443626973,-1.144687124910851],[116.7458882858158,-1.150751686041376],[116.7384905570935,-1.146826478958809],[116.7392471432411,-1.143283815595522]]],[[[116.7122385992321,-1.134920749193194],[116.7129048475807,-1.1350064087188],[116.7116410536918,-1.136210019077025],[116.7115818666099,-1.135034963093043],[116.7122385992321,-1.134920749193194]]],[[[116.713335363836,-1.133832747583233],[116.7133855442076,-1.131405507058483],[116.7167604399424,-1.128734433347381],[116.7168741960874,-1.132827730015665],[116.713335363836,-1.133832747583233]]],[[[116.7097478180075,-1.12870934765821],[116.7103687738,-1.129241990025756],[116.7080821962364,-1.128338151584421],[116.708412858067,-1.128021326722786],[116.7097478180075,-1.12870934765821]]],[[[116.7148171767714,-1.128419173306197],[116.7148100379529,-1.1280241820703],[116.7151003328142,-1.127912346877283],[116.7151098512387,-1.128031319989356],[116.7148171767714,-1.128419173306197]]],[[[116.7155571902122,-1.127130397150003],[116.7155571902122,-1.12658014605678],[116.7160866202014,-1.12599123041093],[116.7158754431972,-1.12676752879837],[116.7155571902122,-1.127130397150003]]],[[[116.714642880065,-1.126263680024733],[116.7145143903269,-1.126073323225254],[116.7146547780956,-1.125935314163387],[116.7147332997021,-1.126082840750422],[116.714642880065,-1.126263680024733]]],[[[116.7130642955808,-1.128612074287696],[116.7091927447495,-1.127402053561857],[116.708089427685,-1.12583165380771],[116.711951792841,-1.123687254563135],[116.7130642955808,-1.128612074287696]]],[[[116.7092583350042,-1.119685730112321],[116.7084230860567,-1.125036967881757],[116.703837396179,-1.121093804035736],[116.706911660245,-1.119551912790476],[116.7092583350042,-1.119685730112321]]],[[[116.7186045285762,-1.110104263101233],[116.7321864930122,-1.117880342004154],[116.7274846781755,-1.13367996266012],[116.7165391572564,-1.12450476078603],[116.7186045285762,-1.110104263101233]]],[[[116.7254569803554,-1.111921577119082],[116.726313586403,-1.109998972274687],[116.726751406952,-1.109627776200808],[116.726494424778,-1.11064618557293],[116.7254569803554,-1.111921577119082]]],[[[116.7184491050423,-1.098051329605168],[116.7181516731613,-1.097908563129637],[116.7180773154158,-1.097736051577483],[116.7181486991032,-1.09771820633007],[116.7184491050423,-1.098051329605168]]],[[[116.7248355209427,-1.093175418610651],[116.7241400841977,-1.088215776237059],[116.7274618111137,-1.08094414325757],[116.7287181667102,-1.087378206139247],[116.7248355209427,-1.093175418610651]]],[[[116.732309748696,-1.080398324023404],[116.7312697421049,-1.075718847446774],[116.7331352391001,-1.070331747412181],[116.7335064351739,-1.075338132948447],[116.732309748696,-1.080398324023404]]],[[[116.7257647859163,-1.035970064866534],[116.733046911286,-1.043299115961352],[116.7263558662303,-1.067217458119154],[116.7232530486893,-1.0388638008237],[116.7215969444435,-1.035627734332392],[116.7257647859163,-1.035970064866534]]],[[[116.7450325727951,-1.027650511262015],[116.744242592122,-1.027640993736847],[116.744214038647,-1.026527406414671],[116.7450706446946,-1.027069923338233],[116.7450325727951,-1.027650511262015]]],[[[116.7466910584457,-1.024171739334248],[116.7453561803435,-1.026774870164074],[116.7445186102456,-1.024195533596897],[116.7360382110947,-1.025547068042767],[116.7469967137275,-1.015382711742665],[116.7466910584457,-1.024171739334248]]],[[[116.708931999812,-0.805363357133151],[116.7258589997931,-0.800252357060563],[116.7338392265991,-0.805453022239158],[116.7353310885589,-0.825850124683461],[116.7732969435992,-0.801376111218557],[116.7724744497361,-0.825756387447266],[116.7927420983692,-0.822101645174714],[116.8068370567849,-0.806046861673318],[116.825166257217,-0.809755286277339],[116.8308935123258,-0.823766028579323],[116.8671794211935,-0.834019647089049],[116.8840260001998,-0.850593000366631],[116.8956058534275,-0.866483240309249],[116.8872282395917,-0.891353423121968],[116.9043732172503,-0.89563752355282],[116.9240934287687,-0.879697980976937],[116.9451613813927,-0.879597753333597],[116.9451329996882,-0.906677000243297],[116.9322314641109,-0.91861351020526],[116.9382406701709,-0.92601274888924],[116.9311106138638,-0.951561285824612],[116.9091053707164,-0.968831727002575],[116.904857619084,-0.985449427648957],[116.8725489997366,-0.990958000011657],[116.8739329997082,-1.009015999988419],[116.826482000444,-1.020465000059614],[116.8005869996904,-1.050594000013019],[116.7829080001041,-1.042829999904507],[116.7597070003778,-1.07333500011009],[116.7404404410736,-1.073823931828935],[116.7374899102313,-1.067789619395379],[116.7419157069444,-1.046545790855527],[116.7569192198462,-1.029231663310595],[116.7549966159012,-1.009734359553052],[116.7439749520825,-1.006065230825717],[116.7467479693433,-1.013171635862234],[116.7345383568597,-1.024967273320934],[116.7383385392923,-1.037086342061036],[116.7238117471145,-1.030087872757049],[116.7197571446766,-1.035455936841936],[116.7261933200657,-1.075311483338195],[116.716505964179,-1.087763582723136],[116.7203797264433,-1.096853124172339],[116.6996955469121,-1.084141205252356],[116.7127649751236,-1.104848113349702],[116.7015339185556,-1.102287812732319],[116.7071970358146,-1.115593759044733],[116.7017433122041,-1.122265768150646],[116.7105967708244,-1.136802901632519],[116.7212244740304,-1.132682426552714],[116.7496371088655,-1.15737437632635],[116.7507975508663,-1.176538233052929],[116.7669140701283,-1.187156239768663],[116.7423778433629,-1.207829118419015],[116.7418423942112,-1.218076659310332],[116.7784557309472,-1.244869753636182],[116.7604651216681,-1.291592400968414],[116.7632090008948,-1.324987985906814],[116.7562351793101,-1.328978347972301],[116.7653185244305,-1.344359087801619],[116.762129768574,-1.362090399152541],[116.6097007395976,-1.415594637082831],[116.5515013193304,-1.451784022614502],[116.5394476079208,-1.465840633938045],[116.5299639044107,-1.50882791207845],[116.5476760170347,-1.53142178578676],[116.552377394801,-1.561224288669985],[116.5289736411208,-1.563951864087157],[116.5154303439353,-1.57451905011399],[116.5062456236367,-1.567348544099969],[116.4849207320062,-1.568392373709029],[116.4781499836349,-1.595783355317584],[116.439911355225,-1.590427245920603],[116.4400707726481,-1.580271943994907],[116.4041250773105,-1.57931147344568],[116.404807490973,-1.557596360583505],[116.3695729192549,-1.560317032804795],[116.3688331378392,-1.540938060043365],[116.3593055564064,-1.54091666697054],[116.3611666674078,-1.53033333271704],[116.3729984045528,-1.530333256274721],[116.3790765913117,-1.498701437021646],[116.3625175057784,-1.475094441055516],[116.3557749358647,-1.391749604060946],[116.3354829641676,-1.333772544767056],[116.3344685711677,-1.292236993642318],[116.344332103344,-1.245280388579031],[116.3779296868057,-1.19927978623309],[116.3708797699854,-1.144399161092371],[116.3761892783126,-1.132010257067664],[116.4540624852955,-1.0435180109474],[116.4397750323919,-0.958973109621278],[116.479710715677,-0.943997972128654],[116.4699660001308,-0.916761000319857],[116.4612290001184,-0.916587000389748],[116.4534740310017,-0.902739360932683],[116.4525779995751,-0.879238000233487],[116.4676805566125,-0.862384144812347],[116.4887839973836,-0.864234176166237],[116.5060850002227,-0.856100357745307],[116.5167049998359,-0.845793357277527],[116.5140139998462,-0.827053357326493],[116.5320319997771,-0.826210357122273],[116.5392540000721,-0.813248357425758],[116.5549960002653,-0.810026357230489],[116.5641070004377,-0.812656357105171],[116.5722190004065,-0.831210356572656],[116.5700584619285,-0.861605664669598],[116.5909760002423,-0.86430535840554],[116.5886279998823,-0.873405357171444],[116.5995000003248,-0.882437357298185],[116.6246669998822,-0.878322357290953],[116.6414640001635,-0.862272357283425],[116.6512269998263,-0.825184356572775],[116.6708520001198,-0.805518357086468],[116.6899310004154,-0.797770357715757],[116.708931999812,-0.805363357133151]]]]}},{"type":"Feature","properties":{"kode":"64.11","nama":"Kabupaten Mahakam Ulu","lat":0.7318065487504654,"lng":114.83612637599143},"geometry":{"type":"MultiPolygon","coordinates":[[[[114.4095529332213,1.520754019782286],[114.4725192468658,1.475145852798862],[114.5119654453491,1.46205912342989],[114.5259876935772,1.442845109714083],[114.5616474332825,1.433781454350688],[114.5769650002346,1.412087999861386],[114.5718069997932,1.389191999810999],[114.6095350003401,1.389551000178566],[114.6168040001046,1.363242000118278],[114.6700759998077,1.351895000254119],[114.690104999846,1.359894000407833],[114.7041809996534,1.351462000071299],[114.699321000364,1.341360000064038],[114.7124909997599,1.335362999602838],[114.7224809999982,1.313326999641371],[114.7408880997061,1.318000356331448],[114.7453216377834,1.327470890169488],[114.7597673461861,1.326053820327575],[114.7647733989733,1.345151543608855],[114.7962378301119,1.367362469802133],[114.802224866984,1.382489530667305],[114.8424206773724,1.402390251409022],[114.867175869271,1.40387705198439],[114.8796837113342,1.418442104919324],[114.9018164468716,1.41900782255304],[114.9085715119658,1.403453274349184],[114.9305881657113,1.401698627789491],[114.9539251015623,1.373170860846626],[114.9881689729199,1.353681450438613],[115.0170136510592,1.347926887415982],[115.0301561303012,1.309413258015477],[115.0461303831108,1.292644813007746],[115.0451942347262,1.267450125123235],[115.0781147402032,1.268544556885873],[115.0979219998005,1.24985199977001],[115.0936979354115,1.2119582451769],[115.0991980001876,1.199181000402946],[115.1166239997978,1.19239400038291],[115.1144549995986,1.181106999688295],[115.1820169999847,1.196748999766514],[115.2103350000603,1.176877999819867],[115.2324180003905,1.172777999605065],[115.2467870002199,1.181379999687257],[115.2735524511848,1.160752038575749],[115.2803479488988,1.13446855677852],[115.3345826998318,1.126960289685661],[115.3676382223261,1.114057880866534],[115.3807887612924,1.117987427178077],[115.4006234367223,1.146370291755636],[115.4181021779732,1.151661526758138],[115.4208180001507,1.139734000124035],[115.4104579999369,1.137885000292568],[115.4009690003192,1.109695999870583],[115.3778770002234,1.100529999859676],[115.3673300003793,1.066769999735781],[115.3237709998318,1.053972999554295],[115.3000040000846,1.060451999759968],[115.2833219997106,1.038774000120066],[115.2539779999848,1.022732999628248],[115.2496999996554,0.998941999673628],[115.2553830000255,0.991023999657889],[115.2321510789091,0.961901927432082],[115.2612800003719,0.944989000042382],[115.2672440002106,0.91513400013403],[115.3082109999378,0.894649999797734],[115.2919150002771,0.87721799991087],[115.290973000004,0.859579000370589],[115.2784220003751,0.839310000056523],[115.2840429996847,0.809812000423468],[115.3094110004174,0.817337000302329],[115.3194049999409,0.828284999752979],[115.3442400003758,0.813290999879809],[115.3549689996197,0.817100000164947],[115.3824170558025,0.808891927420616],[115.3757369995629,0.795108999580682],[115.389350999649,0.783933000407641],[115.3921740003299,0.770618999767089],[115.4049559998196,0.783890000223339],[115.4298330003927,0.774333000167912],[115.4482449996071,0.777818999946975],[115.4920449995772,0.765556000109344],[115.5188279999123,0.747794000292876],[115.5291459999879,0.729119999788194],[115.5470100000116,0.720615999728677],[115.5531740000801,0.703662000301117],[115.5702709998069,0.692861000434883],[115.5692019999723,0.681523000086434],[115.5950050000807,0.635565999571261],[115.607801000216,0.634379999737275],[115.6294890003172,0.615317000179447],[115.6368859996892,0.624603000328269],[115.6520189996771,0.620565000274651],[115.6471829996957,0.605258000356487],[115.6734579999868,0.580641000082169],[115.6637880001161,0.567606999763301],[115.6408960002502,0.56348300024027],[115.6476889996477,0.540318000375459],[115.7009139998812,0.543515000317127],[115.7104920000058,0.517456000094382],[115.7235349998405,0.512235000345049],[115.7346519998899,0.519485000132677],[115.7416329998631,0.493085000372526],[115.7543940001829,0.4848170004043],[115.7465499999825,0.446942000273173],[115.7683164713281,0.40491705877532],[115.7147929995973,0.384058999823031],[115.6715360003861,0.343173000233874],[115.6829169694426,0.329538045044783],[115.6703961087934,0.314358118432454],[115.6833321612503,0.302487413663252],[115.6847109037852,0.280584926153457],[115.7047873619473,0.280618404315922],[115.713901822711,0.271207985660046],[115.7136218961336,0.214824979189496],[115.6944156507617,0.200847358019216],[115.6773516939257,0.161933574375015],[115.6603660311674,0.1563943342312],[115.6562637116011,0.162933696033305],[115.6066930858173,0.140571899573525],[115.5808645233791,0.145399700435897],[115.5573920318169,0.096467855007562],[115.5424613999737,0.082584112267023],[115.5235524201082,0.079507715009106],[115.5087830627882,0.061704071185995],[115.4614115429084,0.063538641395253],[115.461399064815,0.051912834609633],[115.4405897419231,0.061935962274903],[115.4100255879106,0.052133576803135],[115.3948418391795,0.057881933604362],[115.3359333430494,-0.001611808937765],[115.3156182974466,-0.002668827104626],[115.3134648591161,-0.019670615606396],[115.2911997496687,-0.036448953156556],[115.2915778201603,-0.049550053692007],[115.2617407590289,-0.047947269350937],[115.2401637883282,-0.05710941216959],[115.2284168653461,-0.072359804261504],[115.1837008698994,-0.081113627891563],[115.181425856718,-0.094650187356196],[115.1645525201827,-0.08781230459414],[115.1462655627056,-0.121097470771561],[115.1504022588572,-0.139024762382769],[115.1336968931971,-0.142618682606058],[115.1263855380622,-0.136400501082237],[115.1200438886147,-0.149145119351671],[115.1056949598545,-0.144772567000276],[115.0871090092733,-0.154386220747396],[115.0731740870146,-0.147715335794077],[115.0597627068835,-0.151800821850381],[115.0502301180257,-0.161687927056134],[115.0558425458968,-0.177765631578611],[115.0397097992679,-0.199154395758663],[115.0464797589338,-0.202514696396053],[115.0377053606139,-0.207674532353755],[115.0280602476823,-0.202385384677742],[115.0201548102963,-0.212072674913946],[115.0367854800659,-0.226969100143817],[115.039208468596,-0.240005734576945],[114.9956670417007,-0.273377288730872],[114.9710929498798,-0.272621353692484],[114.9536260212239,-0.244830389610742],[114.920413074204,-0.233377181611585],[114.9241250016675,-0.217468844611426],[114.9169480915813,-0.204296034834142],[114.9228222752278,-0.192252960605613],[114.9306495237566,-0.192157600093148],[114.9221263690368,-0.181675141894269],[114.9290299868445,-0.165367377302575],[114.9164156884333,-0.136397811210001],[114.9210271789613,-0.10033417158464],[114.9080860426368,-0.09186967334667],[114.9099169391156,-0.060916477113684],[114.8976765949989,-0.031680710796136],[114.8760964406983,-0.015350927203508],[114.8373621977073,-0.046457766312782],[114.8238105512161,-0.036197903810178],[114.8111932103984,-0.007159667284798],[114.7958481080039,0.000941113641526],[114.7952668851586,0.011403134746876],[114.7454660473203,0.03468365972312],[114.7373395952463,0.03104129481992],[114.7183490387772,0.053497089319274],[114.7067088023694,0.084438452272837],[114.7251894378423,0.079389386710924],[114.7469813923774,0.093776458416903],[114.7492610181816,0.110171668587641],[114.7711091848411,0.119837760004701],[114.7583881413997,0.135154476198204],[114.762450335015,0.146373076256554],[114.8297508728046,0.191611268445355],[114.8315636686285,0.217232110873253],[114.8196424111684,0.236711138608234],[114.8449104090882,0.243033224203979],[114.8628907328212,0.275090949787613],[114.8843019117039,0.278487180139317],[114.8848598573966,0.296874260039123],[114.9025939449547,0.317721351759046],[114.9415914833603,0.333252776594437],[114.9495614462038,0.332389860004076],[114.9543503513877,0.320078043167202],[114.9897963887923,0.334540889050869],[115.0016996939857,0.327450078258559],[115.0228740211193,0.330350551037137],[115.0371346787225,0.314518803899697],[115.0395525258284,0.299191590819278],[115.0476163868869,0.298281244883578],[115.0649308768585,0.32503301716009],[115.1293195816334,0.3744141692785],[115.1373875319091,0.425491370830164],[115.1167351182312,0.448560321301825],[115.1086144299121,0.441903577288302],[115.0771930870914,0.46982099774093],[115.0916212200433,0.480377076241131],[115.0135370222158,0.599344750160144],[114.9855583309523,0.731657413558848],[114.9433042547875,0.77289103709168],[114.9241243100889,0.772220587110459],[114.908504006155,0.790647674250808],[114.9108128914019,0.770358952703562],[114.872247221832,0.74106788887198],[114.8527618340915,0.740391142737115],[114.8299076624088,0.755187754011663],[114.7935753871945,0.741343399778158],[114.7868086399069,0.730391363270863],[114.760978056692,0.731700343595973],[114.7161235989251,0.70124469098973],[114.6897694232204,0.707527806263306],[114.6623680616368,0.702728205442346],[114.6519834685623,0.674715983855576],[114.6394333340812,0.671419444252061],[114.6379337262605,0.660578975839085],[114.5978788702137,0.631781367316295],[114.5668123576042,0.624451067063189],[114.5458686418244,0.630559650007909],[114.5405976145882,0.620359333416529],[114.5456511407875,0.585186794235179],[114.524457776805,0.562794833614719],[114.4889505828033,0.570026217435979],[114.4633797417818,0.565073762444188],[114.4599433450094,0.55617955734075],[114.4303074999912,0.541624443713149],[114.3708766920058,0.55873901889065],[114.3587052521457,0.547992698704133],[114.3641036260815,0.53023601927695],[114.2919392785749,0.536603462180116],[114.2665705790691,0.527772426356441],[114.2546086110986,0.531683111186718],[114.2438433718742,0.522580049329877],[114.2030802781324,0.540071472820289],[114.1946841769333,0.582350503373094],[114.1472027428124,0.586398446331257],[114.1465019443093,0.59467741712915],[114.1766550002281,0.610369361057225],[114.1779721670818,0.636668323784148],[114.1642973269601,0.648526421856952],[114.1580006337223,0.67774338065256],[114.123086665817,0.695364416234876],[114.0908616672323,0.698275054949901],[114.0814296117873,0.689305848186381],[114.0694477777928,0.690166805153966],[114.0694477777928,0.682890194427019],[114.0459547232319,0.667921166029048],[114.0234163889553,0.667219527559235],[114.0039368288217,0.641074998212707],[113.9749962307915,0.660723747802747],[113.9617246997352,0.648160031760112],[113.9418865268418,0.652829260562024],[113.9212907713521,0.644001618779752],[113.853459948318,0.654593999313688],[113.8361476877657,0.665486505198063],[113.8393436211113,0.695432021870365],[113.8679709816755,0.699046592326377],[113.877188136923,0.717354196439077],[113.8948258918015,0.726039229127215],[113.8996614682022,0.754949513709155],[113.8846596451266,0.758937061795992],[113.8725838796424,0.78331652413832],[113.8794843174474,0.782023683046626],[113.9103968859077,0.812732759209498],[113.9264879912279,0.84140526394185],[113.8709239415868,0.888681068076933],[113.8785010301984,0.89717607311732],[113.8724928907344,0.917607214901059],[113.9135127364238,0.972494818780875],[113.9154629027907,1.002344958752863],[113.8928865766543,1.020105256152723],[113.8928176220356,1.052631595072137],[113.9014273050261,1.059836602677164],[113.947522562816,1.060347646926393],[113.9626947309771,1.089089936351526],[113.964015773909,1.113057546968241],[113.9815369352813,1.120493958229682],[113.9851525255687,1.136842044824535],[113.9964026180864,1.142555924316488],[114.0084723347305,1.143372078858393],[114.0170621885691,1.134653734382349],[114.0380230364341,1.145704743978834],[114.0526103206099,1.12745189778691],[114.0830536875778,1.14793558156194],[114.0877751310175,1.159101889640565],[114.1059848421268,1.144862296857616],[114.1215560349831,1.147698614699364],[114.1339369656186,1.183080802936695],[114.144632643182,1.186649995401032],[114.149884510362,1.199100127968597],[114.136008320128,1.222643155157519],[114.1532697950651,1.254326760071953],[114.1710930189278,1.265352952876528],[114.1635417921201,1.284214601422759],[114.1488732038354,1.291880866808556],[114.1630738271954,1.309070092910522],[114.1574456000345,1.377563780144373],[114.2229764572977,1.416542811401664],[114.2383048835636,1.448275741432356],[114.299092311661,1.457191859416815],[114.3071516077606,1.47189021885856],[114.3326586068093,1.484157777359593],[114.3791314881277,1.492941678815482],[114.3868594856768,1.518620642628596],[114.4095529332213,1.520754019782286]]]]}},{"type":"Feature","properties":{"kode":"64.71","nama":"Kota Balikpapan","lat":-1.1566657989966396,"lng":116.87229050894425},"geometry":{"type":"MultiPolygon","coordinates":[[[[116.8093418899164,-1.280334817997433],[116.8089165618498,-1.2801831284486],[116.8088362550892,-1.279909489930978],[116.8093627110204,-1.280257486193983],[116.8093418899164,-1.280334817997433]]],[[[116.8045349029635,-1.274663134695844],[116.8043278898204,-1.274430424324605],[116.8043507326002,-1.274257675351434],[116.8045548912953,-1.274410435992726],[116.8045349029635,-1.274663134695844]]],[[[116.7341920333357,-1.089683931168464],[116.7340444500913,-1.088567073011928],[116.7361764467856,-1.086292308043538],[116.736162152961,-1.087156715709783],[116.7341920333357,-1.089683931168464]]],[[[116.8480640001535,-1.014046999969034],[116.8391599996344,-1.047796999631759],[116.8604359996217,-1.058719999728178],[116.9018389996702,-1.063252000079709],[116.9306650726351,-1.109887483320707],[116.9466654111799,-1.11688718019918],[116.9406388886738,-1.120583332654659],[116.9453031343322,-1.126074899736798],[117.0008590001428,-1.125173000233717],[117.0227016908304,-1.140653243752146],[117.0006945249325,-1.20010698894635],[116.9356539411765,-1.251782512153168],[116.8839127719569,-1.27669169676439],[116.8109309631934,-1.282253414563408],[116.8055567738261,-1.272355354715751],[116.8164579617656,-1.258778221437653],[116.8084521807237,-1.225071329877972],[116.8129913810475,-1.202768233966792],[116.8061905998164,-1.198960382115891],[116.799096537975,-1.214984450172166],[116.7827774203417,-1.212396436945953],[116.788833622274,-1.173698834133832],[116.7804067103015,-1.146638140237924],[116.7440381870127,-1.106812780385427],[116.7356148948116,-1.109458739629046],[116.7289238497559,-1.101597001200608],[116.7370888206926,-1.086101673353459],[116.7417810001931,-1.071668999724531],[116.7650270001959,-1.071392000440399],[116.7827099999667,-1.042965999880943],[116.8005869996904,-1.050594000013019],[116.824407000083,-1.021724999708942],[116.8480640001535,-1.014046999969034]]]]}},{"type":"Feature","properties":{"kode":"64.72","nama":"Kota Samarinda","lat":-0.5002797263843236,"lng":117.17706345409533},"geometry":{"type":"MultiPolygon","coordinates":[[[[117.2281650367871,-0.31592396112188],[117.2279089710222,-0.327627988241],[117.2387509853697,-0.337688016888452],[117.2335959805702,-0.357372999264419],[117.2619650198699,-0.36534500177037],[117.2741609887387,-0.358152033389539],[117.2978199727137,-0.376136965248699],[117.2950889708794,-0.402413973725826],[117.2689822823066,-0.422605390426403],[117.2623540000371,-0.438183999991606],[117.2705645782927,-0.469900350121025],[117.2571944437686,-0.523805556181392],[117.2695000004247,-0.525555555944093],[117.2627777776723,-0.530666666633264],[117.2675727982461,-0.559770253294525],[117.2517486899501,-0.550333607709755],[117.2383652688421,-0.556548867336273],[117.2355650219083,-0.569878500892054],[117.2358969922525,-0.575575045052259],[117.2750815033088,-0.583519588558071],[117.2813605491502,-0.595692288368335],[117.2706908781816,-0.597105571165082],[117.2596396437547,-0.6195265061433],[117.2292182346339,-0.636107779750164],[117.2314120983897,-0.654829378672853],[117.1912536179602,-0.682096573997606],[117.1849306672165,-0.712146233062219],[117.1625009827342,-0.716694023710199],[117.145510999633,-0.672963999988577],[117.1261910188006,-0.664556008852715],[117.145352677584,-0.62072190209406],[117.1142080012982,-0.598521038415159],[117.0926425302287,-0.593053059650897],[117.0909299818333,-0.576915963001204],[117.0830032296154,-0.576100619647837],[117.0698680591637,-0.591535596690365],[117.0715527780384,-0.580872221875486],[117.0541660023592,-0.550649957729357],[117.0675364552433,-0.533019945114324],[117.0545800088604,-0.513878980630425],[117.0651299998496,-0.478959999904019],[117.0588656992926,-0.461802677251713],[117.0739461240145,-0.428631243836788],[117.1278080052354,-0.40843600321894],[117.1329910158228,-0.362820015731094],[117.1492059712787,-0.352795968958722],[117.1477060001319,-0.343547000193814],[117.1384920428735,-0.340768524048121],[117.1429219998505,-0.320182000099203],[117.2062870000451,-0.323476000017367],[117.2281650367871,-0.31592396112188]]]]}},{"type":"Feature","properties":{"kode":"64.74","nama":"Kota Bontang","lat":0.09326488031832886,"lng":117.45806814325567},"geometry":{"type":"MultiPolygon","coordinates":[[[[117.5596368282772,0.063584329653141],[117.5585898636313,0.063793723301695],[117.5583233648315,0.064326721800809],[117.5596368282772,0.064193471951254],[117.5596368282772,0.063584329653141]]],[[[117.529793979109,0.063778639872433],[117.5285576118444,0.064616438397922],[117.5282723082205,0.066028706759466],[117.5286765004203,0.065166980871576],[117.529793979109,0.063778639872433]]],[[[117.5280583181369,0.065956898592054],[117.5271548133441,0.066004782095083],[117.5270597163329,0.066818630775265],[117.5281058823806,0.066842557238298],[117.5280583181369,0.065956898592054]]],[[[117.5178251637004,0.067130541741209],[117.5227268537614,0.065798044144502],[117.5234882809595,0.062942691252241],[117.5117337434177,0.065131794896464],[117.5178251637004,0.067130541741209]]],[[[117.4921434362707,0.065267987327752],[117.4890025459309,0.069075126016324],[117.4987107463039,0.073929225753242],[117.4958553943111,0.068884768317476],[117.4921434362707,0.065267987327752]]],[[[117.5593803865957,0.079366641957021],[117.5587093808333,0.079623624130962],[117.5587807636214,0.080037650417284],[117.5595374334059,0.079937714154285],[117.5593803865957,0.079366641957021]]],[[[117.5526274780757,0.086219490337244],[117.5488679288119,0.080984676102],[117.5418485187942,0.083887618418929],[117.5467502088551,0.086433642298831],[117.5526274780757,0.086219490337244]]],[[[117.5550069394188,0.082697888197034],[117.5532699321617,0.084135082168332],[117.5548403750833,0.087742345632799],[117.5567677400392,0.085719803626125],[117.5550069394188,0.082697888197034]]],[[[117.5623035573633,0.092367423118064],[117.5644926601083,0.087265857833094],[117.5587629183741,0.086504429735632],[117.5569164564294,0.089473998326392],[117.5623035573633,0.092367423118064]]],[[[117.5378928588684,0.109367522693057],[117.5373693778945,0.1082015867339],[117.535525295556,0.108320559845973],[117.5358227292356,0.109153371630841],[117.5378928588684,0.109367522693057]]],[[[117.5392253582637,0.109212858186877],[117.5385115186917,0.109236653348985],[117.538475828197,0.10996238825369],[117.5393324333452,0.109902901697565],[117.5392253582637,0.109212858186877]]],[[[117.5051935479439,0.110416714959458],[117.5039371932469,0.110516652121914],[117.5041656210466,0.11224414095434],[117.5052363781564,0.110916401670666],[117.5051935479439,0.110416714959458]]],[[[117.5305317919087,0.115434028157877],[117.5299373598213,0.114285076794848],[117.52924784781,0.114644141014361],[117.5299373787071,0.11533829172887],[117.5305317919087,0.115434028157877]]],[[[117.5307356088613,0.131864578987193],[117.5322203931567,0.131536213125758],[117.5274805073196,0.130651053603279],[117.5291651632418,0.131921685937117],[117.5307356088613,0.131864578987193]]],[[[117.5140093222725,0.152451747750002],[117.5145803917717,0.150476795167995],[117.5111777627436,0.151785499401333],[117.511558477242,0.152594515124813],[117.5140093222725,0.152451747750002]]],[[[117.5220518999753,0.151404784902917],[117.5195772588835,0.14973916223264],[117.5177212803129,0.150881303029779],[117.5222184616127,0.152784872823661],[117.5220518999753,0.151404784902917]]],[[[117.5063528307186,0.157941976640982],[117.5059530802705,0.158484493564545],[117.5060101863211,0.158855689638424],[117.5066669189432,0.15815612860248],[117.5063528307186,0.157941976640982]]],[[[117.5088084349614,0.158198958814923],[117.5091796301359,0.158056191440112],[117.5083658552002,0.158099021652555],[117.5076662932649,0.159298270298988],[117.5088084349614,0.158198958814923]]],[[[117.5045393316249,0.20412018429907],[117.5181733775994,0.198208783108919],[117.5077513376542,0.19178423775241],[117.4998206850767,0.199469027373775],[117.4947937878031,0.195986507970966],[117.5007899267138,0.186792227879026],[117.4899697173287,0.189879799213452],[117.5041306922777,0.175470751673876],[117.4839258855712,0.1799812411414],[117.4898269499538,0.16698938395294],[117.4821174937274,0.160612428021187],[117.4823848477825,0.166080375309116],[117.47043149172,0.163957931213618],[117.4802749995916,0.161073301791445],[117.4757405395943,0.153807169965001],[117.4874474877115,0.159898590247762],[117.4883379586299,0.146878553702321],[117.4957756019626,0.158566090852405],[117.4924394526186,0.147626490170369],[117.4944604253085,0.145591813611398],[117.4992016610279,0.15430212624212],[117.5068233497179,0.1579625792097],[117.5073373131665,0.159004782844471],[117.5221423187131,0.125711365387213],[117.5063664932191,0.107108737778036],[117.484816706326,0.117083891108757],[117.4898959540351,0.108433227811242],[117.4789028445907,0.109979878268815],[117.4822816775575,0.10250837006531],[117.4922516202162,0.105601669181718],[117.5007938846302,0.101271050418658],[117.4975578172396,0.098153957039512],[117.4776655240447,0.103650510862449],[117.476166463012,0.093323649766683],[117.4856367171608,0.085304867225863],[117.4900387196113,0.087541561194124],[117.4900149271473,0.090111378437394],[117.4906573812332,0.090230350650186],[117.4905146138584,0.086708749409256],[117.4870643954055,0.08373442160636],[117.4789599506413,0.081954585935426],[117.4753907842573,0.095381342674925],[117.4692089416394,0.092625926945031],[117.4628557808696,0.10303369015274],[117.4567881548495,0.10007839919883],[117.4658110718236,0.092882909118972],[117.4592580367291,0.091669383735146],[117.4624198641854,0.084323512620108],[117.4740792237773,0.089796273079587],[117.4791883802396,0.077405055998645],[117.466053754777,0.065050894583171],[117.4771896333949,0.063531085291421],[117.4677031491811,0.04643759741729],[117.4778178089448,0.0483406060342],[117.4849149743467,0.062660276250812],[117.4887252588637,0.05707798735923],[117.5091504633233,0.063729974858548],[117.5121497086422,0.052782566262463],[117.4887950714354,0.042275936085653],[117.490700851763,0.030091374217564],[117.5144066922151,0.037484519994655],[117.5177141423939,0.021589721388546],[117.3883333327172,0.022500004371759],[117.3973614064039,0.08086673361298],[117.402915017714,0.091807545681741],[117.4282631002619,0.105870291280949],[117.4497222229023,0.166944444830294],[117.4677761300644,0.175769107158638],[117.4691666690067,0.199166668107262],[117.5045393316249,0.20412018429907]]]]}}]}