{"type":"FeatureCollection","features":[{"type":"Feature","properties":{"kode":"71.01","nama":"Kabupaten Bolaang Mongondow","lat":0.7075405205273179,"lng":124.03855699610745},"geometry":{"type":"MultiPolygon","coordinates":[[[[123.8304928683512,0.842326008738345],[123.8298606395569,0.842397306090811],[123.8294518311371,0.843214834796788],[123.8298606395569,0.843129279592622],[123.8304928683512,0.842326008738345]]],[[[123.9269851794225,0.856568528814636],[123.9262006864126,0.857827891743865],[123.9272508571414,0.858205944248988],[123.9275105309863,0.857862807022977],[123.9269851794225,0.856568528814636]]],[[[123.8119728003046,0.861517157191047],[123.8103451802859,0.861720723232848],[123.8096337652861,0.863730827615614],[123.8113938743279,0.863544167929062],[123.8119728003046,0.861517157191047]]],[[[123.8032477136112,0.871517233433591],[123.8046914528483,0.870518119915362],[123.8045200834351,0.868402123059584],[123.8019910729297,0.870310893632917],[123.8032477136112,0.871517233433591]]],[[[123.790729556324,0.878508375960882],[123.7878095071031,0.87685723237538],[123.7869948337446,0.882275647702999],[123.7907156842815,0.880237408929327],[123.790729556324,0.878508375960882]]],[[[123.9762712696034,0.903149316188065],[123.9777076254067,0.903237605331261],[123.9772242461021,0.899696944758263],[123.9743937252902,0.903720081716505],[123.9762712696034,0.903149316188065]]],[[[124.2985355546722,1.00174392294374],[124.3174498962958,1.00835974420683],[124.3334997569083,0.988009623245587],[124.354845528998,0.986365297420575],[124.3605586332744,0.962822092165913],[124.3699566322927,0.962981361200852],[124.3763846544283,0.95285446706008],[124.3660760198925,0.920893444676738],[124.3774100677204,0.912375361233961],[124.3795868227737,0.869907417293556],[124.4064465262862,0.858017639702366],[124.4365567340061,0.82818778214053],[124.4189005888911,0.807312271843871],[124.4360221535995,0.786310821387401],[124.4181611618082,0.768874985891996],[124.3571221132949,0.755335071056715],[124.3457798060932,0.768488806213538],[124.3205322407703,0.774527610760709],[124.3041083332331,0.762138889298322],[124.30601388873,0.752427777819717],[124.2696424300542,0.743105911808437],[124.264883242068,0.757555741804092],[124.2557127391517,0.750361563835186],[124.2524027780659,0.707163889302118],[124.2705333641235,0.713885764016828],[124.2880156190257,0.699094200636916],[124.2941415049265,0.659103596653685],[124.3184721934371,0.666824274620678],[124.3417355233758,0.648372939059902],[124.3374669038745,0.615101730360587],[124.3158657000421,0.574041490722285],[124.3024989622573,0.573016117000266],[124.2966913500258,0.561202544362002],[124.3100647203106,0.567904950553119],[124.3192527779934,0.544072222055478],[124.2999728160927,0.543538540071628],[124.293770957264,0.532023806753321],[124.2810396642492,0.534263796736864],[124.2706183149833,0.526347764437871],[124.2516188057633,0.530141440275342],[124.2537917836639,0.543569409300845],[124.2389159663989,0.542213228058072],[124.2492468951282,0.5154389178718],[124.2328058330229,0.510528055625256],[124.2178262879529,0.537487570395109],[124.1789250552472,0.522429332847471],[124.1810951337335,0.539333011609264],[124.1607079121405,0.56166187309705],[124.1396861037308,0.559052707816241],[124.1299843128258,0.544130005295537],[124.1158681951612,0.538805584410193],[124.1133026407043,0.527320215755386],[124.074070086965,0.513766805693569],[124.0632678055648,0.51919669367255],[124.0482386592868,0.510987595701026],[124.0461066607938,0.496748901340746],[124.0329910721803,0.492884655702339],[124.0253577606522,0.47786549819426],[123.9902341670732,0.463572679036004],[123.9682877701646,0.465433280121827],[123.9298240558355,0.431286448310983],[123.9098936907414,0.434427336852147],[123.8940750350349,0.450874170806445],[123.8822538730179,0.448475675312229],[123.8588970837335,0.459268908633279],[123.826346058424,0.443621573776662],[123.791567855772,0.440652006984552],[123.7760347357146,0.455271414943878],[123.7371109498106,0.465669415111433],[123.7122122692808,0.466982876758346],[123.7062160278475,0.456589391187487],[123.6975357543716,0.456589391187487],[123.690226050392,0.486285063604816],[123.7104419511352,0.50473064530305],[123.7201501524077,0.526431329442387],[123.7135828396764,0.563208278039637],[123.7090142782865,0.571031943669295],[123.6817742047158,0.562979850239939],[123.6429414023239,0.573544656660571],[123.634062923665,0.599763460115652],[123.6655388841122,0.617584004897973],[123.698754603742,0.612960493132261],[123.731184278132,0.648145583252122],[123.7298993690607,0.663850025957943],[123.7413921661156,0.685336558135694],[123.7297049949895,0.695967117588411],[123.7192631789526,0.725632731065692],[123.700453539999,0.732449886253248],[123.7106015951876,0.759090123710246],[123.6888518170578,0.794061326269199],[123.7270488257429,0.864068994288678],[123.7362168995903,0.865308666561779],[123.7368182591554,0.849438956342771],[123.7413351050311,0.853889869322108],[123.7410073552054,0.842625592696963],[123.7526327222224,0.830941118637815],[123.7656876326781,0.838120667334971],[123.7573075538006,0.854825838741499],[123.7694321048078,0.837773857277766],[123.7759619940508,0.840489710032186],[123.7860553731569,0.8301616636299],[123.8042740091383,0.83705619918428],[123.7916633179078,0.855619505735669],[123.8390003865586,0.839089283943315],[123.8488561737735,0.845175275918317],[123.8815770018772,0.839462615907058],[123.9109793568119,0.845299334696589],[123.913456313658,0.852103989307659],[123.9373834358969,0.833918489746585],[123.959273126054,0.837305309592404],[123.9627894069057,0.845817726407036],[123.9522445402534,0.851707289360013],[123.9430104723554,0.846455756727879],[123.9314412005511,0.860005108149251],[123.9563086314382,0.864915369648697],[124.0727366999388,0.921181223234877],[124.0998838375692,0.918988209338442],[124.137892467963,0.928821970357705],[124.20333251978,0.989953152615916],[124.2300630662575,0.990827438435568],[124.2441049619745,1.001768051754246],[124.2776399930913,0.999678131640477],[124.2978295401013,1.010830080244071],[124.2985355546722,1.00174392294374]]]]}},{"type":"Feature","properties":{"kode":"71.02","nama":"Kabupaten Minahasa","lat":1.25003051413795,"lng":124.85811263763235},"geometry":{"type":"MultiPolygon","coordinates":[[[[124.6038778732654,1.407176184333478],[124.6043241870117,1.406258635727495],[124.6029982877409,1.406451316375199],[124.6029693943222,1.407050561634124],[124.6038778732654,1.407176184333478]]],[[[124.8900713133405,1.464266260279709],[124.904434018815,1.451656973790369],[124.9010470901511,1.426665320448281],[124.9177470086176,1.4048070229258],[124.9077451750998,1.397732780343583],[124.9212699894185,1.392611987553247],[124.9260420089316,1.378172005134035],[124.9121724565937,1.353139619697716],[124.9229491954491,1.349790044375096],[124.9260392354224,1.337967270773019],[124.9351289756218,1.342512985785691],[124.9631638331444,1.319063908972248],[124.9801489653025,1.322302963910735],[124.9831616806671,1.337311718061438],[124.998925400387,1.336389802347535],[124.9949815026943,1.329592892697848],[125.0028443859597,1.323687097881285],[125.0224079904365,1.326304014418797],[125.0166595760786,1.313576754863385],[125.0290072875563,1.300458127440704],[125.0267803026688,1.291366826917548],[125.063451723918,1.286141693884099],[125.0233190108637,1.142310020890777],[124.9720232173976,1.074706822561852],[124.909571222434,1.01835752088297],[124.8738537624413,1.057492821036929],[124.8707885185753,1.073658981077161],[124.8374251977147,1.120988685179755],[124.8223266597477,1.112915038598247],[124.7927056832208,1.113285856956756],[124.7699452343851,1.096486807120487],[124.7367161283468,1.115095929633478],[124.7441557331007,1.143366546229194],[124.7270886430265,1.183682190380805],[124.7297206007252,1.211368144224531],[124.7460170788252,1.206174217666087],[124.7520681654135,1.211326466043625],[124.7494930448683,1.226396058431442],[124.7595727138098,1.251900241702872],[124.7500997311178,1.267312009041996],[124.7179207661306,1.280297947792095],[124.7083289452247,1.294941196778796],[124.7227323926859,1.315729827169873],[124.716934053364,1.325983732563271],[124.6211088575878,1.336542815698413],[124.5943764728959,1.352102982866407],[124.5879363198054,1.369839118180868],[124.5652671683452,1.378727751984263],[124.580278785038,1.398078850258797],[124.6024051659657,1.400964469834529],[124.6053377571318,1.405985264308571],[124.6056292220111,1.412450737811374],[124.6179648942646,1.418841686294867],[124.6390525591284,1.398747996223124],[124.6755674129058,1.39412727775172],[124.6874131273141,1.408325594350776],[124.7033108981794,1.408503497338584],[124.7079897892973,1.419381982792364],[124.7406021546658,1.435956247083167],[124.7523862664132,1.454558860303232],[124.7712187427509,1.461057375797312],[124.7834959204005,1.461558651610526],[124.7896981290655,1.441824558156865],[124.823527530771,1.428023387569352],[124.8570305990829,1.433814760742644],[124.8625472302705,1.449003303759541],[124.8764445428814,1.45818230706791],[124.8718944436737,1.464612222276271],[124.8900713133405,1.464266260279709]],[[124.8356858468244,1.405133189944793],[124.7922557002404,1.398410278311799],[124.7789837878716,1.387902181340658],[124.7693384483108,1.359288602886741],[124.7338989768564,1.326910383207666],[124.7312379710556,1.313340869885257],[124.7514773216211,1.2930299602645],[124.7787061401762,1.29632675167832],[124.770291071376,1.290011164583602],[124.7975647526113,1.280744752568294],[124.8003784327185,1.269637318607428],[124.8215288747579,1.269306475113849],[124.8189617716685,1.242584723106541],[124.8345808992891,1.262186628809944],[124.8500636770971,1.266721317235062],[124.8762863629254,1.326231789865259],[124.90949749961,1.348627499759322],[124.8842397485656,1.356833572411473],[124.8640978566308,1.351878598418674],[124.8376568010205,1.386058849036706],[124.8417212357465,1.40242948343394],[124.8356858468244,1.405133189944793]]]]}},{"type":"Feature","properties":{"kode":"71.03","nama":"Kabupaten Kepulauan Sangihe","lat":3.5526798785622797,"lng":125.54098144610924},"geometry":{"type":"MultiPolygon","coordinates":[[[[125.4799578979387,2.935498079073117],[125.4797711240382,2.935537588988634],[125.4797641192188,2.935892049578491],[125.4801369511595,2.935728678735593],[125.4799578979387,2.935498079073117]]],[[[125.4774946719416,2.942834206033783],[125.4806273469746,2.940736852124036],[125.4780111112239,2.938936224127463],[125.4782136466425,2.939977460091757],[125.4774946719416,2.942834206033783]]],[[[125.4506803086493,2.945370533423407],[125.4520998956937,2.94521707490809],[125.4515230786272,2.943575795086971],[125.4509199033309,2.943512705846739],[125.4506803086493,2.945370533423407]]],[[[125.4806990876927,2.948050225337727],[125.4806364139394,2.946998334205841],[125.4767943482805,2.943629527780555],[125.477376912015,2.947839951252739],[125.4806990876927,2.948050225337727]]],[[[125.6823123361455,3.046800797918547],[125.682277811172,3.046719191637436],[125.6822056207928,3.046778826581619],[125.6823233222635,3.046902805320272],[125.6823123361455,3.046800797918547]]],[[[125.678863917236,3.051772681863806],[125.6791327956421,3.051572808438351],[125.6790637915608,3.051361036082966],[125.6787615995683,3.051520458902178],[125.678863917236,3.051772681863806]]],[[[125.6783261586254,3.05163705330742],[125.6782333602814,3.051691780651232],[125.6782437231693,3.051810713293811],[125.6783404362622,3.05177744107603],[125.6783261586254,3.05163705330742]]],[[[125.6782428778066,3.051858818929464],[125.6781362775672,3.051883564674828],[125.6781153557391,3.051944925417981],[125.6781895776869,3.051995875609247],[125.6782428778066,3.051858818929464]]],[[[125.6782733351464,3.052290928783407],[125.678174350366,3.052346131868532],[125.6781842366133,3.052417475086443],[125.6782428778066,3.052422274768251],[125.6782733351464,3.052290928783407]]],[[[125.6761569003207,3.052325074242844],[125.6760938803284,3.052453167379831],[125.6763924660395,3.052607039583254],[125.6763781902013,3.052560640860879],[125.6761569003207,3.052325074242844]]],[[[125.6754123273171,3.055712287092426],[125.6755884073791,3.055631384980483],[125.6752314880428,3.055341091018636],[125.6752600406185,3.055964509154862],[125.6754123273171,3.055712287092426]]],[[[125.6748958259816,3.055476341859741],[125.6749864030001,3.056092999792192],[125.675131549981,3.056112035741897],[125.6751291712743,3.055695629849463],[125.6748958259816,3.055476341859741]]],[[[125.675996277806,3.058048107933885],[125.6759810181096,3.056470144881306],[125.6753361844175,3.056184610131684],[125.6750577866876,3.057371960747467],[125.675996277806,3.058048107933885]]],[[[125.6766385628195,3.060559771416326],[125.6771905981676,3.05933596678145],[125.6763397028151,3.058618322177885],[125.6758771356214,3.060196379659285],[125.6766385628195,3.060559771416326]]],[[[125.6760684439037,3.060493336698155],[125.675958989216,3.060389591806278],[125.6760122893357,3.060680838150208],[125.6760817691583,3.060613262192401],[125.6760684439037,3.060493336698155]]],[[[125.6773393136584,3.060882782714302],[125.6776990892416,3.060454479690499],[125.6768862648893,3.060342169655449],[125.6771280179436,3.060793316358556],[125.6773393136584,3.060882782714302]]],[[[125.6759332910885,3.060826746856925],[125.675911876432,3.060833884775981],[125.6759489950501,3.060955238393625],[125.675976121301,3.06090812471027],[125.6759332910885,3.060826746856925]]],[[[125.6762655456185,3.061284514368911],[125.676221288182,3.0613687466704],[125.67654822592,3.061510086821094],[125.6765567919624,3.06145297987117],[125.6762655456185,3.061284514368911]]],[[[125.676211294016,3.061434419662778],[125.6760809903454,3.061215664071714],[125.6758756373508,3.061248690774509],[125.6759200476721,3.061438703133689],[125.676211294016,3.061434419662778]]],[[[125.4853970102639,3.063015388249578],[125.4886502250279,3.061891050431619],[125.4902306890951,3.059297042324726],[125.4828999139999,3.062600825967387],[125.4853970102639,3.063015388249578]]],[[[125.6739081869133,3.063499428555815],[125.673715451407,3.063707869822373],[125.6739752880292,3.064021958946327],[125.6739481617783,3.063553681057595],[125.6739081869133,3.063499428555815]]],[[[125.6740548240709,3.064779946237572],[125.674055003036,3.064530876298942],[125.6737240786034,3.064182701970108],[125.6737621514022,3.064710942156278],[125.6740548240709,3.064779946237572]]],[[[125.5033725271205,3.092318309642316],[125.5122594144405,3.080002019577609],[125.5051494561825,3.05829904396575],[125.4996527746559,3.064942095801126],[125.5053920348146,3.073636646014432],[125.4947722618304,3.08062385400769],[125.5033725271205,3.092318309642316]]],[[[125.4826673709025,3.101084406320375],[125.4835718559564,3.100152913726028],[125.484567703137,3.096693201130417],[125.4779593453476,3.092083590185645],[125.4826673709025,3.101084406320375]]],[[[125.4933767253557,3.100403872240975],[125.4984027619778,3.096969319078923],[125.4969209688276,3.09197949006148],[125.4872752902225,3.095150901592913],[125.4933767253557,3.100403872240975]]],[[[125.4458403489529,3.144265268927104],[125.4459355278024,3.14394927683772],[125.4457642069526,3.143648512968532],[125.4455852706437,3.144012095381953],[125.4458403489529,3.144265268927104]]],[[[125.4529571393606,3.149416089181244],[125.4567135338026,3.142450633090309],[125.4524156332749,3.140416193952266],[125.4469612135892,3.143605167444562],[125.4529571393606,3.149416089181244]]],[[[125.5024653827712,3.175779737445005],[125.5026468173968,3.175595327862112],[125.502483228918,3.175422817209238],[125.5023374865858,3.175568558642116],[125.5024653827712,3.175779737445005]]],[[[125.5317752766078,3.187474594177186],[125.5317507206193,3.187592671564609],[125.5318934888935,3.187796353618854],[125.5319315598937,3.187626935734599],[125.5317752766078,3.187474594177186]]],[[[125.5317385860669,3.187764230734768],[125.5320146032914,3.18815826958858],[125.5325545472545,3.188412661714967],[125.5323915100602,3.188169690978459],[125.5317385860669,3.187764230734768]]],[[[125.5136303022966,3.189444401737806],[125.5132533946286,3.189450112432745],[125.513554268215,3.190322879297479],[125.5137730696715,3.19001737600113],[125.5136303022966,3.189444401737806]]],[[[125.5139109510296,3.190910150083436],[125.513726304925,3.19086065679388],[125.5134521906662,3.190333368090513],[125.5135302383299,3.191132867188106],[125.5139109510296,3.190910150083436]]],[[[125.5130912270786,3.191847716698803],[125.5130079462597,3.192076739849735],[125.5132339953527,3.192326583205251],[125.5133559416235,3.192157046610443],[125.5130912270786,3.191847716698803]]],[[[125.5268619601114,3.192006770795896],[125.5330603637449,3.182466238226333],[125.539368830907,3.181019209269142],[125.5394223693469,3.169169492877909],[125.5336507479836,3.159546238867893],[125.5247403640766,3.163925564013613],[125.5232739268503,3.15632048400316],[125.5126435175843,3.156526881110743],[125.5119674171626,3.166090823033162],[125.5043282096792,3.16179116523012],[125.5062297811795,3.169488068719438],[125.498924366966,3.172244369382259],[125.5154274463197,3.174235125750545],[125.503610974267,3.17563257328468],[125.509196076238,3.181400451669546],[125.5026309812349,3.185145746678963],[125.5131251719891,3.189202607314567],[125.5176778594457,3.173585245063059],[125.5239982336316,3.172159270134255],[125.5208042329291,3.191199443099912],[125.5268619601114,3.192006770795896]]],[[[125.4530357203223,3.253884339090995],[125.4529229336465,3.253920031384382],[125.4529514871215,3.254035673407628],[125.4530842612297,3.25399998111433],[125.4530357203223,3.253884339090995]]],[[[125.4604310766329,3.255126107683836],[125.4725498971601,3.244296407753055],[125.4555970911329,3.23172406091674],[125.4462780750733,3.23943815224894],[125.4481831161578,3.251574150726565],[125.4604310766329,3.255126107683836]]],[[[125.5705746871721,3.332311904370954],[125.5706193016395,3.332044214868656],[125.5705865843034,3.331954985034645],[125.5704384632645,3.332258961282108],[125.5705746871721,3.332311904370954]]],[[[125.6114284073951,3.338573785751663],[125.6112428089086,3.338723691944899],[125.6116104481637,3.338850856981534],[125.611623523407,3.338704655995105],[125.6114284073951,3.338573785751663]]],[[[125.5794943808611,3.342571129254267],[125.5704712642376,3.332502415853899],[125.5676087716275,3.333069916843211],[125.5656052421882,3.337550617167317],[125.5794943808611,3.342571129254267]]],[[[125.5798241109939,3.342779625379521],[125.5797193768479,3.34281160437213],[125.5796923126502,3.343008903937793],[125.5798810362809,3.342968070220319],[125.5798241109939,3.342779625379521]]],[[[125.5952137280313,3.349383911938041],[125.5956614591091,3.349269941754439],[125.5955773922829,3.348955619706139],[125.5949893822542,3.349116938296092],[125.5952137280313,3.349383911938041]]],[[[125.593432928287,3.349401971224019],[125.5935962262849,3.349122476321241],[125.5930667953963,3.349097388833421],[125.5931463746056,3.34968231598609],[125.593432928287,3.349401971224019]]],[[[125.6024746707695,3.349794062146326],[125.6022716802938,3.349427911269153],[125.6017956457525,3.349517554791358],[125.6025575891615,3.350197680578603],[125.6024746707695,3.349794062146326]]],[[[125.6001902425857,3.351050864705684],[125.6001938560617,3.35068880664322],[125.5992918666265,3.350909682835667],[125.6001001368119,3.3513943202917],[125.6001902425857,3.351050864705684]]],[[[125.5979383437796,3.351312544938011],[125.5988146944427,3.350284449867512],[125.596569661061,3.349410593024537],[125.5962513478215,3.350665212030023],[125.5979383437796,3.351312544938011]]],[[[125.6026076247422,3.351498182994849],[125.6024981169945,3.351528113331813],[125.6026294063221,3.351764862558436],[125.6026712059115,3.35163349858718],[125.6026076247422,3.351498182994849]]],[[[125.5929076423738,3.354866195318728],[125.5930140870306,3.354742685126876],[125.5925469296972,3.354695793576056],[125.5925880970631,3.354818224581479],[125.5929076423738,3.354866195318728]]],[[[125.6230864620707,3.356524939974047],[125.6230419600186,3.35662700763033],[125.6231397621904,3.356732428858521],[125.6232006759704,3.356629636348728],[125.6230864620707,3.356524939974047]]],[[[125.6209842356341,3.357169349186172],[125.6209128168731,3.357258452215838],[125.6209351911063,3.357416445112914],[125.621042267087,3.357316507051266],[125.6209842356341,3.357169349186172]]],[[[125.60247961794,3.357149573094386],[125.6020032992129,3.359157010987278],[125.6024210900613,3.359593720873576],[125.6031109357211,3.358648807696362],[125.60247961794,3.357149573094386]]],[[[125.5781672531163,3.363104509565517],[125.5795546480286,3.36104432283728],[125.5776783438805,3.359455318808035],[125.5773505913568,3.362823557761029],[125.5781672531163,3.363104509565517]]],[[[125.569894430084,3.364315974602604],[125.5696476291348,3.364312424978454],[125.569457006136,3.36454147420968],[125.5698681132229,3.36441707638706],[125.569894430084,3.364315974602604]]],[[[125.5729538544369,3.367406457941712],[125.5731313896021,3.365418243057515],[125.5717985286792,3.365139332714072],[125.5724386454272,3.367398416203947],[125.5729538544369,3.367406457941712]]],[[[125.6131703519303,3.37091123286719],[125.6213301526644,3.363565036197457],[125.6153153780024,3.347878511584067],[125.6208518536303,3.341665118950154],[125.6116598811987,3.338980433100613],[125.6049559191804,3.352088978223854],[125.6131703519303,3.37091123286719]]],[[[125.5806296193615,3.375997718320111],[125.5805405271237,3.376178142107666],[125.5806467514465,3.376327034764891],[125.5807441147492,3.376234318259218],[125.5806296193615,3.375997718320111]]],[[[125.6437566031848,3.379946611746764],[125.6411989186952,3.370991062087935],[125.6346942968044,3.373020235695389],[125.638505144297,3.378856056062251],[125.6437566031848,3.379946611746764]]],[[[125.5887568952146,3.391003239408018],[125.5887455988304,3.390600858442937],[125.5882881748595,3.390856674196229],[125.588562983395,3.391143371769289],[125.5887568952146,3.391003239408018]]],[[[125.5591778738599,3.409593323273285],[125.5593299042518,3.40998012168534],[125.5599485290015,3.409955295000898],[125.5596624852355,3.409664620625751],[125.5591778738599,3.409593323273285]]],[[[125.5733456216033,3.411285145892794],[125.5724123879214,3.411368072378739],[125.5725857826078,3.412097075419783],[125.5735951367062,3.411840282103395],[125.5733456216033,3.411285145892794]]],[[[125.5278600681877,3.407453537550808],[125.526359614105,3.411536941676573],[125.5271799783734,3.412403209140823],[125.5275933796309,3.412174151815716],[125.5278600681877,3.407453537550808]]],[[[125.5664027861598,3.415136374743998],[125.5795377884383,3.398353105311646],[125.578209371965,3.389742889023161],[125.5721811974044,3.398053095074282],[125.5549521268392,3.395589476073479],[125.5664027861598,3.415136374743998]]],[[[125.5506701685934,3.42091267527984],[125.5505920399907,3.420952696010126],[125.550618661722,3.421088302083518],[125.5506858689577,3.421031319240097],[125.5506701685934,3.42091267527984]]],[[[125.6806239858084,3.426214569946428],[125.6799321679352,3.427659108681013],[125.6808027611386,3.428052018885651],[125.6805603461831,3.426712083895577],[125.6806239858084,3.426214569946428]]],[[[125.5545775574084,3.431097269023752],[125.5543646743903,3.431219795357364],[125.5546408256137,3.432388119915885],[125.5547398652526,3.432264752716229],[125.5545775574084,3.431097269023752]]],[[[125.6703125669714,3.4558906551297],[125.6701407703802,3.456029377353985],[125.670170512759,3.456261373663526],[125.6703268437089,3.456138118879192],[125.6703125669714,3.4558906551297]]],[[[125.6689986286839,3.458827624195514],[125.6687606833589,3.459017980995082],[125.6688023228689,3.459261875335272],[125.6690224238459,3.458940648292351],[125.6689986286839,3.458827624195514]]],[[[125.6653451247778,3.46907370188989],[125.6654403036272,3.469050859109956],[125.6654688571021,3.4689651977857],[125.6652314225921,3.468972293436611],[125.6653451247778,3.46907370188989]]],[[[125.6657167327411,3.471796783394886],[125.6660528111884,3.471690192148657],[125.6652640077279,3.471924371112877],[125.6654425834085,3.471956015557719],[125.6657167327411,3.471796783394886]]],[[[125.7103326714157,3.47587427357896],[125.7094663293077,3.463533246761962],[125.702350929252,3.45195995139067],[125.6905501980333,3.463838189780709],[125.7103326714157,3.47587427357896]]],[[[125.7386301759419,3.479288690021075],[125.7387872209536,3.479188751959427],[125.7382066321304,3.478808039259661],[125.7381638019179,3.479022190321878],[125.7386301759419,3.479288690021075]]],[[[125.7382542215552,3.479921625682557],[125.737954410068,3.480506973717933],[125.7383018109798,3.480821062841798],[125.738363677142,3.48059263414282],[125.7382542215552,3.479921625682557]]],[[[125.7386016233663,3.482220185812967],[125.7384350608295,3.482296327813316],[125.7385587931539,3.482719871624894],[125.7387443907411,3.482800773736749],[125.7386016233663,3.482220185812967]]],[[[125.7365172151974,3.483507473591118],[125.7363030641352,3.483714486734279],[125.7364886617225,3.483878669664907],[125.7366278596881,3.483775163093327],[125.7365172151974,3.483507473591118]]],[[[125.7338969999466,3.482891000019638],[125.7362571285637,3.480863212267526],[125.7292003723993,3.475630267722728],[125.7273681880914,3.481323129159119],[125.7338969999466,3.482891000019638]]],[[[125.7324638025625,3.484478294437764],[125.7324066956125,3.484659132812794],[125.7326398826245,3.484797141874662],[125.7326541602614,3.484701963025238],[125.7324638025625,3.484478294437764]]],[[[125.731420516144,3.486713389411399],[125.7314395520937,3.48707506706074],[125.7315775611556,3.487224973253976],[125.7314657259625,3.486768116755211],[125.731420516144,3.486713389411399]]],[[[125.7314344961052,3.493116255710692],[125.7313469318156,3.493177170390126],[125.7314916030552,3.493281865865438],[125.7315106390048,3.49323618120485],[125.7314344961052,3.493116255710692]]],[[[125.7315984649972,3.496191445179097],[125.7317483711904,3.496141476148228],[125.7318947079745,3.495598959224665],[125.7315520653756,3.495691757568608],[125.7315984649972,3.496191445179097]]],[[[125.7321672897887,3.496952973101241],[125.7320274973712,3.496723949950397],[125.7317806280736,3.496789384622478],[125.7319174473324,3.496947024985285],[125.7321672897887,3.496952973101241]]],[[[125.7320542656919,3.497524044399224],[125.7319561127845,3.497247431823535],[125.7317449357802,3.497497275179139],[125.7320066771665,3.497613274233323],[125.7320542656919,3.497524044399224]]],[[[125.663278519588,3.504171716951209],[125.6631619260822,3.504183614981947],[125.6629827532515,3.504332331372083],[125.6632331164152,3.504504351894354],[125.663278519588,3.504171716951209]]],[[[125.6654232120117,3.505022496291254],[125.6653005831555,3.504758798879525],[125.6650610550238,3.504889566600266],[125.6651465373829,3.505015521149367],[125.6654232120117,3.505022496291254]]],[[[125.6604804067454,3.525816045074425],[125.6601772048142,3.525810266030959],[125.6606818512864,3.526314238011729],[125.6606878821401,3.526223464041699],[125.6604804067454,3.525816045074425]]],[[[125.6598590624459,3.527912245154074],[125.6598569877098,3.528237710701831],[125.6600011742149,3.528294553251076],[125.6601208362077,3.52816764092394],[125.6598590624459,3.527912245154074]]],[[[125.660262867937,3.534543812646906],[125.6624139428493,3.530143641216132],[125.6560117546389,3.527998089040651],[125.6558045031753,3.536082437554477],[125.660262867937,3.534543812646906]]],[[[125.6576146082277,3.538411706834864],[125.6573052009743,3.538216608809485],[125.657039750784,3.539098733120149],[125.6575679181249,3.539023667608209],[125.6576146082277,3.538411706834864]]],[[[125.6565326221828,3.539492950938982],[125.6563243787672,3.539480249813764],[125.6561033685757,3.539402647314404],[125.6564687442373,3.539812739965974],[125.6565326221828,3.539492950938982]]],[[[125.6332114082799,3.540194056110856],[125.6332058162955,3.540300965717091],[125.6333056554317,3.540328959813642],[125.6333199321692,3.540283274253774],[125.6332114082799,3.540194056110856]]],[[[125.6113263163564,3.544459239302554],[125.6112922896075,3.544522295267804],[125.6113793331897,3.544600788995233],[125.6114007478463,3.544555104334645],[125.6113263163564,3.544459239302554]]],[[[125.6112155666451,3.545404356625802],[125.6112079529847,3.545014126400869],[125.6109604892352,3.544837093956787],[125.6107426347648,3.545411024199407],[125.6112155666451,3.545404356625802]]],[[[125.6116481972066,3.54560807195503],[125.6115778252565,3.545689421029973],[125.6117643149712,3.545884089179395],[125.6117643149712,3.545665178904954],[125.6116481972066,3.54560807195503]]],[[[125.6366544996056,3.551590071724519],[125.6455676444313,3.544495558423332],[125.637445724041,3.537620849322764],[125.6321876335525,3.547735966841458],[125.6366544996056,3.551590071724519]]],[[[125.5034760813561,3.555959799305363],[125.5033918481553,3.555946949791998],[125.5033761441938,3.555984069309414],[125.5034703706611,3.555999774170292],[125.5034760813561,3.555959799305363]]],[[[125.5078355206928,3.564348948745021],[125.5081996651824,3.564104492328489],[125.5084128278898,3.56366250611979],[125.5075154960434,3.564130086134675],[125.5078355206928,3.564348948745021]]],[[[125.5623263859541,3.589508358024339],[125.5619932608804,3.589610674792908],[125.5619147392739,3.58994617857331],[125.5623596977419,3.590000905917123],[125.5623263859541,3.589508358024339]]],[[[125.5615123007522,3.58998170359277],[125.5618989633665,3.589502837985602],[125.5607981877862,3.589990784946838],[125.5609828707629,3.590139343056297],[125.5615123007522,3.58998170359277]]],[[[125.5885545999149,3.595417740236616],[125.588230994165,3.595423689251941],[125.5883237934084,3.595747295901063],[125.5885653081425,3.595708035097832],[125.5885545999149,3.595417740236616]]],[[[125.5738847777603,3.605556144800314],[125.5733517792613,3.604485386791211],[125.5716480846914,3.605061217301419],[125.5723333698892,3.605751260812106],[125.5728140206506,3.605546627275057],[125.5734088862112,3.605865474711955],[125.5738847777603,3.605556144800314]]],[[[125.5728924244459,3.605628479970434],[125.5724748287504,3.606156721055886],[125.5732386355546,3.606688529751899],[125.5733457106361,3.605974691978474],[125.5728924244459,3.605628479970434]]],[[[125.5747269883599,3.606220014442151],[125.5750553542213,3.605368166707578],[125.5746698814099,3.604887515946164],[125.5734611152384,3.606524585141567],[125.5747269883599,3.606220014442151]]],[[[125.5916103523359,3.608836948966076],[125.5915613006136,3.609331816210414],[125.5922146526841,3.609199337979096],[125.5921431269038,3.608989289624031],[125.5916103523359,3.608836948966076]]],[[[125.589421087713,3.611314225970762],[125.5891907560486,3.611238083970413],[125.5890918450127,3.611419132786796],[125.5894001487978,3.611548365364769],[125.589421087713,3.611314225970762]]],[[[125.4488031663331,3.736675935745936],[125.5077601026467,3.72311245327721],[125.5569086082458,3.665744622616284],[125.5607645081756,3.648808353322885],[125.5726551500152,3.646241073067124],[125.5767092839065,3.636971216648387],[125.5634332103745,3.626451534610652],[125.5833970833088,3.625662985658295],[125.5946240668472,3.611168712066458],[125.5844270363787,3.606349758734439],[125.5810255962544,3.608415606694958],[125.5772310939399,3.606910098422333],[125.5739423208815,3.607016936082829],[125.5727466416442,3.606570786912332],[125.5714922699524,3.605354524891457],[125.5719443672388,3.604469366268258],[125.5824864064227,3.5974679004233],[125.5728453476347,3.586435230701412],[125.5662151785876,3.591770551369876],[125.5607059326328,3.590544534402817],[125.5594169919007,3.577904972236755],[125.5850642986785,3.583203785826171],[125.5898266486809,3.553001169168656],[125.6002924802138,3.558740575916918],[125.5997058830202,3.550568902332984],[125.6180127982522,3.542595703728789],[125.6171560609036,3.528726992256924],[125.6264929590829,3.527492777070073],[125.6219416619782,3.518857463401236],[125.6318304839897,3.514478106779272],[125.6423653546774,3.49052505888443],[125.6542288783601,3.494117640017102],[125.66102497862,3.486930920125907],[125.6573466732105,3.495494253856823],[125.6435988207291,3.49753572659257],[125.6401143515962,3.5126188771595],[125.6623245493386,3.523201722181767],[125.6543249646255,3.505441202649461],[125.6668035130717,3.503604224955058],[125.6710076367931,3.494131584005466],[125.6637487409118,3.47189849312095],[125.6763912852297,3.429379671834475],[125.6618103871397,3.401627270682116],[125.6543720135577,3.40331085371297],[125.6570933207003,3.389406277277928],[125.6502979875621,3.392419455793249],[125.6357548277232,3.380129155236421],[125.6376982662621,3.389065489980435],[125.6303114975776,3.388864899795351],[125.630707987084,3.380679549321751],[125.6207083703951,3.3888498055741],[125.6216553331271,3.372499789034066],[125.6124017130687,3.37412759791038],[125.6052892753798,3.368329360211874],[125.5950314021775,3.380302805330281],[125.5811794990348,3.375963812080339],[125.5920456134144,3.38413661161534],[125.5862321052275,3.404886102611581],[125.5583466646669,3.422023230088044],[125.5700151847531,3.437682531323748],[125.5484904898443,3.434998426436241],[125.5469777240428,3.426054774808062],[125.5509193338602,3.419138151904221],[125.5444195152485,3.410550811670653],[125.533872595444,3.417272132402992],[125.5346364867845,3.40946506915769],[125.5336023113977,3.407459894858377],[125.5194627061391,3.424903525677191],[125.5257115338604,3.437263022770342],[125.5029473879117,3.435197873583039],[125.4986214762002,3.445651275585892],[125.5042988198347,3.449705047949635],[125.4902104516511,3.459782155622037],[125.4993781253002,3.467246166177706],[125.4847589916342,3.467869249766164],[125.4900711682499,3.477018531380182],[125.4813135818564,3.48175613383852],[125.4870967945815,3.525755082730985],[125.5120078174069,3.567678524944039],[125.4993420849692,3.571171257047933],[125.5006936194151,3.578369126733815],[125.4892750622944,3.573074350201132],[125.4822763528714,3.59378619018058],[125.5040321222846,3.600848073379947],[125.5032027009439,3.607515834088492],[125.4801166147899,3.605086249930544],[125.4407903723778,3.621623149189034],[125.4134651357075,3.64421053788606],[125.3976160424464,3.673249757370488],[125.4040719165857,3.719404062847275],[125.4269168837073,3.734553456576805],[125.4488031663331,3.736675935745936]]],[[[125.5710321597064,3.754941530727173],[125.570612188002,3.755077834674324],[125.5708008118081,3.755787078710714],[125.5711096309048,3.755557530355812],[125.5710321597064,3.754941530727173]]],[[[125.7609343897105,3.755785931175847],[125.7607273765673,3.755009274858189],[125.7601348906128,3.755183451954757],[125.7601434575546,3.755586056851111],[125.7609343897105,3.755785931175847]]],[[[125.5715618540963,3.770502735712732],[125.586494732446,3.750869503924491],[125.5739058452786,3.757233913414403],[125.5713146574456,3.747769489570295],[125.561934348991,3.753978423365577],[125.558299328851,3.746446103904621],[125.5550224394341,3.754288943979688],[125.5715618540963,3.770502735712732]]],[[[125.7796264719841,3.780955340916336],[125.7797216499343,3.780922622680926],[125.7796264719841,3.780809598584177],[125.7795491392815,3.780878009112886],[125.7796264719841,3.780955340916336]]],[[[125.615665978702,3.781220363928671],[125.6160692967607,3.78030665093123],[125.6155803182771,3.779710595567586],[125.6147701118513,3.780874151920631],[125.615665978702,3.781220363928671]]],[[[125.7799206330309,3.782354562812905],[125.7805880711826,3.781812045889254],[125.7802597062205,3.781458695962069],[125.7796957728417,3.781608602155305],[125.7799206330309,3.782354562812905]]],[[[125.6352150384433,3.784401700378236],[125.6350187326285,3.783976965864365],[125.6345047691798,3.784230378629093],[125.6346368292264,3.784408839196573],[125.6352150384433,3.784401700378236]]],[[[125.6092820862993,3.786434949713268],[125.6092791122413,3.78676509982958],[125.6095557239176,3.786901919088347],[125.6095854671956,3.78668776712685],[125.6092820862993,3.786434949713268]]],[[[125.5846625796144,3.788830784113472],[125.5849573953676,3.78879223557329],[125.5849709580433,3.788664458997658],[125.5845747779037,3.788730131990036],[125.5846625796144,3.788830784113472]]],[[[125.6333680908648,3.789654905749295],[125.6330932634434,3.789922595251593],[125.6334537512896,3.790515081206113],[125.6335358432046,3.790008255676568],[125.6333680908648,3.789654905749295]]],[[[125.6330004642001,3.789976132792304],[125.6329504951694,3.790325914209646],[125.6331396621657,3.790725662859117],[125.6332003394242,3.790390159078626],[125.6330004642001,3.789976132792304]]],[[[125.6037622418341,3.793665605982998],[125.6244813986977,3.793905931813345],[125.6342918070213,3.784299382710387],[125.6179380196239,3.7819649540195],[125.6118513585534,3.790306154305622],[125.5900192088195,3.769760103446028],[125.5860210010684,3.787840199765501],[125.6037622418341,3.793665605982998]]],[[[125.5660264540576,3.79396404510468],[125.5650294602414,3.794784958858809],[125.5654910759524,3.798530229586493],[125.5666950829118,3.797830668550549],[125.5660264540576,3.79396404510468]]],[[[125.5752189067272,3.808477328565928],[125.5770784556063,3.806453597655434],[125.5739878328723,3.805101468757787],[125.5727609237777,3.808021661870264],[125.5752189067272,3.808477328565928]]],[[[125.7590028851751,3.810321644728209],[125.7588398920475,3.810383510890357],[125.7588387031437,3.810450136264819],[125.758914845144,3.810456085280144],[125.7590028851751,3.810321644728209]]],[[[125.7581204227193,3.811411814603648],[125.7583012619936,3.811242397618674],[125.7581128081596,3.810616124134846],[125.7579300659198,3.811008259123948],[125.7581204227193,3.811411814603648]]],[[[125.7572099176037,3.811773762948899],[125.7576267992374,3.811600538234327],[125.7577579078013,3.810999723658369],[125.7574051721111,3.810977199238351],[125.7572099176037,3.811773762948899]]],[[[125.7576427100431,3.823277354566311],[125.7577692968157,3.823231669006354],[125.7578463920974,3.822975639214409],[125.7575694233902,3.823081287071805],[125.7576427100431,3.823277354566311]]],[[[125.7577591812413,3.823391132294972],[125.7576301537087,3.823405409032453],[125.7576413970329,3.823637407140644],[125.7576866068515,3.823611233271794],[125.7577591812413,3.823391132294972]]],[[[125.7579441906719,3.84155813729825],[125.7580155752587,3.841473428356078],[125.7580398452627,3.841354136884],[125.7578271214246,3.841525776093778],[125.7579441906719,3.84155813729825]]],[[[125.7208049124169,3.872755988697939],[125.7243943818953,3.870306883855722],[125.7225479199506,3.866579458375362],[125.7219625728145,3.86693637681239],[125.7208049124169,3.872755988697939]]],[[[125.7195888221664,3.873353227569453],[125.7198505626534,3.873343710943566],[125.7202550714145,3.872941581788613],[125.7195769250351,3.873239013669604],[125.7193603943667,3.873531688136932],[125.7195888221664,3.873353227569453]]],[[[125.7182346706935,3.875106792244697],[125.7182156347438,3.874861708101406],[125.7179848282373,3.874895019889312],[125.718125216006,3.875206729407065],[125.7182346706935,3.875106792244697]]],[[[125.7180169502222,3.875991357315311],[125.7180942829249,3.875574951422877],[125.7177165442831,3.875093109959082],[125.7174369567502,3.875601719743592],[125.7180169502222,3.875991357315311]]],[[[125.3889523362813,3.916208506817153],[125.3915459477873,3.908579955400725],[125.3871962930746,3.90735215327933],[125.3842743148078,3.912520342140112],[125.3889523362813,3.916208506817153]]],[[[125.7034857495678,4.227021600166768],[125.7037127510426,4.226964493216844],[125.7033977104361,4.22672892569944],[125.7033453617991,4.226826484154977],[125.7034857495678,4.227021600166768]]],[[[125.7024490830588,4.227837660279853],[125.7022244620894,4.227835756415054],[125.7022054261396,4.22788524880524],[125.7023672285648,4.22803372777436],[125.7024490830588,4.227837660279853]]],[[[125.7001812176891,4.228366099216107],[125.7002973363531,4.228024408099994],[125.7000850882563,4.227917807860603],[125.7000298851712,4.228257595112005],[125.7001812176891,4.228366099216107]]],[[[125.7021609303827,4.227656106943844],[125.7014708859726,4.227177241336676],[125.701765344695,4.228795273683005],[125.7021936477188,4.228578147663441],[125.7021609303827,4.227656106943844]]],[[[125.7002819894223,4.228855911371298],[125.7002605738664,4.228770250047042],[125.7000963909358,4.228770250047042],[125.7001273240169,4.228836875421504],[125.7002819894223,4.228855911371298]]],[[[125.7019763634185,4.228915793629028],[125.7017955241442,4.228933639775722],[125.7019263943877,4.229170396196857],[125.7020370388783,4.229140652918794],[125.7019763634185,4.228915793629028]]],[[[125.3201953167606,4.236857311815555],[125.3310277812073,4.234526003772054],[125.3303486752513,4.227989061146275],[125.3203518257763,4.229049636131798],[125.3201953167606,4.236857311815555]]],[[[125.692628881118,4.438407944970745],[125.6969208326304,4.433253436596928],[125.6962754035871,4.43193164632849],[125.6887744542776,4.433374481747009],[125.692628881118,4.438407944970745]]],[[[125.6299773769544,4.591472455589351],[125.6321164719976,4.589962388653323],[125.6265177120228,4.58891590064836],[125.627331487858,4.590147986240577],[125.6299773769544,4.591472455589351]]],[[[125.5999095758663,4.64713131265999],[125.6000237897662,4.646720141721271],[125.5994622377921,4.646817224435406],[125.5995050680045,4.647021857972366],[125.5999095758663,4.64713131265999]]],[[[125.4378093805986,4.659178434737065],[125.4385438614101,4.651917985726527],[125.4333126255773,4.648191920920496],[125.4333110400725,4.660861369356816],[125.4378093805986,4.659178434737065]]],[[[125.4375575839154,4.674708312738506],[125.4347778981816,4.665809604729553],[125.4287605883306,4.66842028986456],[125.432447930128,4.673938795239273],[125.4375575839154,4.674708312738506]]],[[[125.4390367249649,4.67500349001908],[125.4393907862559,4.674741179361973],[125.4387598192103,4.674653537730688],[125.4387416690928,4.674954378941475],[125.4390367249649,4.67500349001908]]],[[[125.4902271403703,4.745136369747737],[125.4873970530316,4.731210329193413],[125.4773124279262,4.729191041833158],[125.4780788634489,4.737133048351549],[125.4902271403703,4.745136369747737]]],[[[125.4908084648389,4.74512330079968],[125.4907789598811,4.745148048343783],[125.4908227415764,4.745171365965838],[125.4908303561361,4.745144716355675],[125.4908084648389,4.74512330079968]]],[[[125.4916879721222,4.745617278614599],[125.491875472675,4.745469752926756],[125.4913408733827,4.745343292059289],[125.4914186170756,4.745611568818941],[125.4916879721222,4.745617278614599]]],[[[125.4901724489993,4.746263970305996],[125.4901724489993,4.745765710818905],[125.4897155933999,4.745822817768918],[125.489825523829,4.746245410996973],[125.4901724489993,4.746263970305996]]],[[[125.4914112597219,4.746480215889303],[125.4916456374363,4.746429057055334],[125.4916301708958,4.746237511352124],[125.4912166176528,4.746283662760863],[125.4914112597219,4.746480215889303]]],[[[125.4918949627823,4.746520644911833],[125.4921807781205,4.746521856298646],[125.4923939777,4.746455230924184],[125.4917277293513,4.74646665321352],[125.4918949627823,4.746520644911833]]]]}},{"type":"Feature","properties":{"kode":"71.04","nama":"Kabupaten Kepulauan Talaud","lat":4.225723242057231,"lng":126.78107586639568},"geometry":{"type":"MultiPolygon","coordinates":[[[[126.7614125518478,3.854752559583051],[126.8026923933394,3.83419834737586],[126.8354460466977,3.792048353348875],[126.8511312627976,3.753606125622277],[126.8227361701382,3.727992152216085],[126.8093540854228,3.740805913062516],[126.7855485686116,3.74594376419337],[126.7531816390215,3.784781613580645],[126.7424934573073,3.839775636936182],[126.7614125518478,3.854752559583051]]],[[[126.7143844308969,3.939332752104828],[126.7091227152412,3.943862326085522],[126.7101544201904,3.946496353124228],[126.7173028010835,3.945042752820815],[126.7143844308969,3.939332752104828]]],[[[126.7094104641216,3.953059654879198],[126.7078484127741,3.954719985039311],[126.712803995608,3.95569519727561],[126.7124951522295,3.953685265562633],[126.7094104641216,3.953059654879198]]],[[[126.8052297720365,4.026186899306005],[126.8045999660156,4.025670936664415],[126.8023113901586,4.026418196842418],[126.8035946588664,4.027509983698895],[126.8052297720365,4.026186899306005]]],[[[126.802127575927,4.0274591333324],[126.8000479737351,4.028438961788726],[126.8000094530738,4.028591939166692],[126.8015225246448,4.029256201812291],[126.802127575927,4.0274591333324]]],[[[126.6149658463968,4.043789523967444],[126.6401380350424,4.023646923366829],[126.6468415689833,3.976919748847351],[126.7194535396492,3.919264084769768],[126.7193070859534,3.892550477922295],[126.6994224558818,3.872995125624556],[126.6847770746024,3.86952835784744],[126.7024540498146,3.813026185809875],[126.6824528028547,3.813154117068883],[126.6738415829228,3.838377558977179],[126.6759259596154,3.856483641207141],[126.6615106420025,3.882479769825608],[126.6668251289766,3.931324017689274],[126.6590181178919,3.939755637612596],[126.6485389763927,3.936789513425353],[126.6376508798843,3.950686034632799],[126.6270297372326,3.985001579259539],[126.6130379373511,3.983676710611771],[126.6210859892272,3.992345711985056],[126.6116027065997,4.002353194144636],[126.6175514926074,4.021981045289035],[126.607910974312,4.040757692613472],[126.6149658463968,4.043789523967444]]],[[[126.8320810111299,4.182855766780257],[126.830736622697,4.183124718930674],[126.8304172941229,4.184889081765707],[126.8333342703603,4.184538382140634],[126.8320810111299,4.182855766780257]]],[[[126.8369308462816,4.187952082722489],[126.8371512961955,4.190956977582537],[126.8463670098297,4.194216393172056],[126.8399919793465,4.190639539383344],[126.8369308462816,4.187952082722489]]],[[[126.7713811734024,4.24688156003603],[126.7699857988056,4.247451562939307],[126.7697586093724,4.247749884249806],[126.7708433392489,4.247501880907144],[126.7713811734024,4.24688156003603]]],[[[126.7726553607564,4.24986938666294],[126.7720967648539,4.250251659686398],[126.7730050963083,4.251283976174602],[126.7732162103599,4.250880366735576],[126.7726553607564,4.24986938666294]]],[[[126.7103076017145,4.265436773588348],[126.7089820936487,4.268548051051745],[126.709191782275,4.270466269902528],[126.7114827997914,4.268830572173176],[126.7103076017145,4.265436773588348]]],[[[126.6994417589301,4.281875276223012],[126.6980434309596,4.283789268260229],[126.6999028449405,4.285014647607998],[126.7008774366444,4.284161348367576],[126.6994417589301,4.281875276223012]]],[[[126.8532406937031,4.395315213226624],[126.8528518304476,4.395464784872004],[126.8528648265506,4.395919294140182],[126.8533654827308,4.395844196252717],[126.8532406937031,4.395315213226624]]],[[[126.7105796754117,4.445127465260356],[126.7102569572928,4.445456520002477],[126.7110703122451,4.445982839236716],[126.7110499282117,4.445638365618198],[126.7105796754117,4.445127465260356]]],[[[126.7236442832572,4.483797178297188],[126.7232212637504,4.48380183768473],[126.7231078619384,4.483867257068329],[126.7235898302066,4.484066080085579],[126.7236442832572,4.483797178297188]]],[[[126.7476644448583,4.545618754801794],[126.7751265160759,4.538803710323002],[126.774502919874,4.529961588556496],[126.7846300190601,4.524424496893097],[126.8075530257516,4.534023590616275],[126.8308829127163,4.491038930402368],[126.8550936010889,4.489576150718854],[126.8527028379657,4.466323852763686],[126.8665509558619,4.459149402323103],[126.8691047399918,4.428831266849564],[126.8514528369788,4.413074773182334],[126.8508851678163,4.373095622065403],[126.8656115357438,4.342616125733677],[126.8992988562573,4.302222212685013],[126.9111421281068,4.270004896109135],[126.8608562076479,4.2506394158764],[126.870271371127,4.217527615607008],[126.8309068571658,4.189456797792989],[126.7963926343127,4.148829693235822],[126.8028944017554,4.110469879381483],[126.8118225238904,4.103474224056235],[126.8011227436198,4.05557384255879],[126.8075892261619,4.031825459677329],[126.7944219193362,4.031971543751855],[126.7909447239199,4.017725600855847],[126.7626308499339,3.994857564325137],[126.7419704952422,3.99296358130432],[126.7020163470768,4.004976152327643],[126.6839863465926,3.992703581005518],[126.6707505761782,4.003368830906883],[126.6685490106285,4.044738608200248],[126.6865284188515,4.074842072803463],[126.7122712992812,4.084877510388839],[126.7333769128144,4.10950834493422],[126.7586670934116,4.181875139725943],[126.7907916745962,4.213192157592104],[126.7925415709368,4.236028914802613],[126.7785903700496,4.249591870268631],[126.7573065126854,4.247250452946115],[126.7470394996731,4.262665473133186],[126.7165497933383,4.264828384922058],[126.7086272490484,4.273199746671018],[126.7150442194153,4.302505834576674],[126.7066525851487,4.308196804738817],[126.7074798607071,4.322310511321103],[126.6802705385546,4.336537054941147],[126.6902816827535,4.358763223743821],[126.6868126208059,4.375136235948606],[126.6985741199996,4.382813944308083],[126.6919387402806,4.39463955167405],[126.7027160358164,4.405937873933773],[126.7038249385702,4.428883864598742],[126.7172640582897,4.435031223612128],[126.7171604491955,4.456300640562215],[126.7235930569741,4.452166140554969],[126.7337987883834,4.462537284268308],[126.7295333722674,4.47483327483582],[126.7219076312323,4.474773683059063],[126.7288820823422,4.486021029047315],[126.7207101290693,4.494714697924994],[126.7199382778293,4.512980396328302],[126.7362504553943,4.541672901982906],[126.7476644448583,4.545618754801794]]],[[[127.1487534726947,4.616718478575009],[127.1427485860785,4.607560210935024],[127.1214672818896,4.612922921355821],[127.1185116339048,4.616466097332616],[127.1487534726947,4.616718478575009]]],[[[127.1583622323312,4.633256170136168],[127.1635129320762,4.627348563185695],[127.1582721688257,4.622318977838646],[127.1562031417617,4.626319650631427],[127.1583622323312,4.633256170136168]]],[[[127.1592977655795,4.644588215174061],[127.1609984330313,4.640892899088044],[127.1571095306804,4.639124483907796],[127.1551460534477,4.644154993757986],[127.1592977655795,4.644588215174061]]],[[[127.161619769237,4.644741876036761],[127.161245003754,4.644310598955069],[127.1609029574056,4.644388526109665],[127.1621254049635,4.645247510864014],[127.161619769237,4.644741876036761]]],[[[127.1412553481558,4.687662175369155],[127.1309138712782,4.695299214587155],[127.1360879012356,4.704689262699379],[127.1434774254429,4.701528643931784],[127.1412553481558,4.687662175369155]]],[[[127.065044439949,4.741349172626229],[127.0788077796553,4.739587085075957],[127.0927378833467,4.729260434421544],[127.0834736377982,4.718683155303459],[127.0684232747144,4.718958444976295],[127.0539450810007,4.731641656637219],[127.065044439949,4.741349172626229]]],[[[127.132117173169,4.732088193415439],[127.114139937708,4.732636325705929],[127.1102963162221,4.746516988268489],[127.1325873018626,4.778568801708904],[127.1456236242309,4.753205684294958],[127.132117173169,4.732088193415439]]],[[[127.0592509281878,4.791288113056002],[127.0562123204423,4.798477522819521],[127.0627758326386,4.807054447105074],[127.0648337422835,4.796692483671205],[127.0592509281878,4.791288113056002]]],[[[126.5813501631795,5.54497718634812],[126.5820487646388,5.543742089825642],[126.5819293157854,5.54335423740817],[126.580771709347,5.543901512644766],[126.5813501631795,5.54497718634812]]],[[[126.5842432363363,5.565881888638312],[126.5909357526829,5.562103912265769],[126.5796911873985,5.545464850922176],[126.5767220999451,5.557842454066119],[126.5842432363363,5.565881888638312]]]]}},{"type":"Feature","properties":{"kode":"71.05","nama":"Kabupaten Minahasa Selatan","lat":1.0849712837908632,"lng":124.51890029185276},"geometry":{"type":"MultiPolygon","coordinates":[[[[124.5100876921934,1.305359018004301],[124.5114077692532,1.298375305675867],[124.5064402856907,1.296061619847963],[124.5035156013641,1.301497158267326],[124.5100876921934,1.305359018004301]]],[[[124.5121820846356,1.308918603011231],[124.5118448460629,1.309013516560606],[124.5116948976015,1.309628606974675],[124.5120554142261,1.309628388439441],[124.5121820846356,1.308918603011231]]],[[[124.5129447951662,1.312904233743437],[124.5122611188556,1.313219168230104],[124.5127195095978,1.313757409776725],[124.5132260032775,1.313594307831087],[124.5129447951662,1.312904233743437]]],[[[124.5127914256837,1.314641009874792],[124.5129376095831,1.314224603982359],[124.5124506716612,1.314091952181881],[124.5122139691994,1.314607175580759],[124.5127914256837,1.314641009874792]]],[[[124.5656992772998,1.378204253923274],[124.5879363198054,1.369839118180868],[124.5943764728959,1.352102982866407],[124.6211088575878,1.336542815698413],[124.6565092490027,1.337580413005687],[124.6678083563706,1.32812145434171],[124.7182340656497,1.324526640192333],[124.7227323926859,1.315729827169873],[124.7083289452247,1.294941196778796],[124.7179207661306,1.280297947792095],[124.7500997311178,1.267312009041996],[124.7595727138098,1.251900241702872],[124.7494930448683,1.226396058431442],[124.7520681654135,1.211326466043625],[124.7296124806316,1.210712122066779],[124.7270886430265,1.183682190380805],[124.7441557331007,1.143366546229194],[124.7367161283468,1.115095929633478],[124.6932611559777,1.119697098642211],[124.6614243767336,1.133968992375165],[124.6489227184089,1.116312191654353],[124.5961927050294,1.105176751905576],[124.5809048211007,1.114704079729576],[124.5743325836819,1.092821653396678],[124.550315584097,1.087828040032088],[124.5499985056266,1.070528148755143],[124.5665026893476,1.044629985985088],[124.5539820211534,1.039807046857819],[124.5548257300235,1.031540878808565],[124.5659500586484,1.010846215880187],[124.5795420631158,1.005034280607584],[124.5749130232175,0.97329361640732],[124.5657253036799,0.968052825277718],[124.5785629244395,0.934186749219121],[124.5948708760902,0.934582734205877],[124.5589361722666,0.887511224563406],[124.5599470660044,0.866806350732505],[124.5167147567806,0.824857949634714],[124.4973213930679,0.82029321486001],[124.4879600099466,0.802427634727662],[124.4904669420958,0.775592374788323],[124.4692442539192,0.762447931426921],[124.4619341533385,0.773616344818537],[124.4476039817384,0.771433316994072],[124.4339451306634,0.79636327144785],[124.4198062142855,0.804264925386031],[124.4328809440004,0.816675077692716],[124.4352404718703,0.831352277885353],[124.4064465262862,0.858017639702366],[124.3795868227737,0.869907417293556],[124.3774100677204,0.912375361233961],[124.3660760198925,0.920893444676738],[124.3763846544283,0.95285446706008],[124.3699566322927,0.962981361200852],[124.3605586332744,0.962822092165913],[124.3554581741555,0.985524228060727],[124.3334997569083,0.988009623245587],[124.3174498962958,1.00835974420683],[124.2982970778479,1.001787021154163],[124.2978295401013,1.010830080244071],[124.3073976791597,1.021794165868092],[124.3214198797237,1.077619645730119],[124.3393661119565,1.098820968712763],[124.339916000623,1.118920132957799],[124.35677315116,1.13359782957618],[124.3429002956123,1.154082577249158],[124.3483907987963,1.161302200636102],[124.4157620619696,1.195608073054208],[124.4815640864136,1.183374371330201],[124.4972808057646,1.191938778851595],[124.5165851815609,1.187454647613981],[124.5178729900465,1.208925245603629],[124.5264501112837,1.215303712396507],[124.5422569750794,1.213462880207869],[124.5570338399398,1.189765044621113],[124.5707584728253,1.185346220351866],[124.6094424751901,1.22947272638527],[124.6097134112451,1.255905051377068],[124.573481690128,1.270703421725569],[124.5713069180798,1.281894937801217],[124.5624600937584,1.271681829253099],[124.5501390966421,1.271512705447028],[124.5150868058115,1.300859374360661],[124.5158103715514,1.312266233100187],[124.5122670615757,1.317462860322768],[124.5289901645646,1.335487317385839],[124.5321480736748,1.352888883315392],[124.5512175105797,1.376407450743342],[124.5656992772998,1.378204253923274]]]]}},{"type":"Feature","properties":{"kode":"71.06","nama":"Kabupaten Minahasa Utara","lat":1.5480922268033896,"lng":125.005294661342},"geometry":{"type":"MultiPolygon","coordinates":[[[[125.0681905530516,1.308054609033002],[125.0679028968013,1.308295904332565],[125.0680341465587,1.308650214735716],[125.068221207343,1.30856001633177],[125.0681905530516,1.308054609033002]]],[[[125.0666995193674,1.311080935636719],[125.0666500260779,1.311086647231027],[125.0666481222131,1.31113518813841],[125.0667176029351,1.311143754180952],[125.0666995193674,1.311080935636719]]],[[[125.0743077533002,1.332423149109127],[125.0741784559711,1.332453564180655],[125.074187012121,1.332556213698341],[125.0743163103496,1.332550511097283],[125.0743077533002,1.332423149109127]]],[[[125.0763774143863,1.338917382930946],[125.0761040834368,1.338907878895521],[125.0759020552357,1.339197769061881],[125.0762395600077,1.33924291592786],[125.0763774143863,1.338917382930946]]],[[[125.0781617727477,1.343590322335528],[125.078051365678,1.343574140833967],[125.0780132946778,1.343662656606368],[125.0781141842223,1.343655995327994],[125.0781617727477,1.343590322335528]]],[[[125.0781665859192,1.351268765441224],[125.0778124427901,1.351411333166583],[125.0780239777245,1.351872303164312],[125.0782592808412,1.351446975097856],[125.0781665859192,1.351268765441224]]],[[[125.0798825877113,1.353897982905591],[125.0797670760898,1.353919367884535],[125.0798497876376,1.354103281041683],[125.079915387785,1.353960713316324],[125.0798825877113,1.353897982905591]]],[[[125.0802291117841,1.354745866428628],[125.0797537517343,1.354905066215936],[125.0797157239016,1.355092780807274],[125.0803550816218,1.354810021365457],[125.0802291117841,1.354745866428628]]],[[[125.0796799461726,1.355740271996028],[125.0796267063076,1.355759280966071],[125.0796457197743,1.355813457025443],[125.0796942067223,1.355781141686416],[125.0796799461726,1.355740271996028]]],[[[125.1643228142466,1.602453147794522],[125.1639494858802,1.603369343820235],[125.1645276950971,1.603711987318432],[125.1647961993852,1.603569428586324],[125.1643228142466,1.602453147794522]]],[[[125.1586707730378,1.63485721758658],[125.1568760329027,1.635831071846569],[125.1564182725853,1.637109682965596],[125.1577979396232,1.636693994732161],[125.1586707730378,1.63485721758658]]],[[[125.1646594718573,1.642555929612508],[125.1644310440576,1.642270394862885],[125.1637743123347,1.642222806337498],[125.163983705084,1.642527377036826],[125.1646594718573,1.642555929612508]]],[[[125.1762582198411,1.674454461704064],[125.1759900204231,1.674549082973817],[125.1759706274425,1.674713423285842],[125.1761108578299,1.674751434930874],[125.1762582198411,1.674454461704064]]],[[[125.1795701666299,1.677521381006938],[125.1796628615518,1.677504275901606],[125.1795815754295,1.67739308911978],[125.1795059928074,1.677477666760938],[125.1795701666299,1.677521381006938]]],[[[125.1190591316737,1.677213569150934],[125.1187917434443,1.677356116191861],[125.1189343507397,1.677566966742214],[125.1192284794109,1.677397691850066],[125.1190591316737,1.677213569150934]]],[[[124.9422333356,1.685445054845422],[124.9411335213949,1.685826221702788],[124.9419527597122,1.688147063436338],[124.942440831679,1.687696280059312],[124.9422333356,1.685445054845422]]],[[[125.0392464809404,1.68814770285419],[125.0383865078311,1.687077584263116],[125.0366194218489,1.686241951305087],[125.0371566723426,1.687897125651913],[125.0392464809404,1.68814770285419]]],[[[125.0234073081009,1.686698258318062],[125.0212923859349,1.686698400410888],[125.0199309193765,1.687868393211842],[125.0227007800171,1.689172635009159],[125.0234073081009,1.686698258318062]]],[[[124.9518457033166,1.699493179266851],[124.9563174922586,1.690647783968144],[124.9540682077816,1.686805789355736],[124.948339458899,1.691643784033412],[124.9518457033166,1.699493179266851]]],[[[125.0259733230105,1.706059714983896],[125.0316460890959,1.697387743149845],[125.0297472362461,1.687513651134173],[125.0174475089953,1.694775793568068],[125.0259733230105,1.706059714983896]]],[[[124.9596616518638,1.707685408654777],[124.9591319268969,1.707979860182471],[124.9596023811451,1.708444854646382],[124.9599170341439,1.708055882572987],[124.9596616518638,1.707685408654777]]],[[[124.9557106729093,1.715091420132994],[124.9553870662602,1.715186598083138],[124.9555488686853,1.715652972106982],[124.955881993759,1.715386473307154],[124.9557106729093,1.715091420132994]]],[[[124.7488704801886,1.720520049061067],[124.7461426844373,1.722876911340451],[124.7464354020722,1.723689530647407],[124.7475173035807,1.72317785957061],[124.7488704801886,1.720520049061067]]],[[[124.7365451213603,1.733533123055262],[124.7364322906178,1.732800576685298],[124.7347012512618,1.732971539604941],[124.7359047393123,1.734075980821912],[124.7365451213603,1.733533123055262]]],[[[124.7656119860044,1.744329807074971],[124.780496050952,1.700176315984267],[124.7685985418893,1.692330142122353],[124.7442308471759,1.703745181095259],[124.7310122151417,1.727317892206967],[124.7385537733381,1.733261223826441],[124.740245373825,1.728426293138982],[124.7487006486161,1.719915704646111],[124.7492859957522,1.720443945731562],[124.7482573458,1.726373089646424],[124.7511330710344,1.734668107047563],[124.7656119860044,1.744329807074971]]],[[[125.1580282955695,1.745304350215646],[125.1596671688048,1.743954171048154],[125.157764230335,1.740860496015115],[125.1545146506307,1.743514023053747],[125.1580282955695,1.745304350215646]]],[[[124.7504824735873,1.746910195848914],[124.746363234176,1.746627361763428],[124.7461121659437,1.749206933952882],[124.7475797111348,1.750494585057114],[124.7504824735873,1.746910195848914]]],[[[124.74542209995,1.750006995126816],[124.745193671251,1.750643739417088],[124.7457190560897,1.750946406251705],[124.7458446922787,1.750455284683669],[124.74542209995,1.750006995126816]]],[[[124.992138501091,1.750826362046995],[125.0098290380797,1.738758035754826],[125.0094738877098,1.728510886967902],[125.0150643514387,1.73582803823342],[125.0257936789352,1.730448970043971],[125.0193976267991,1.720348033934657],[125.0121246115616,1.693959475349535],[125.0151753475643,1.68790999764836],[125.0394992569852,1.677222315957147],[125.0469033493102,1.685133027866945],[125.0653221294128,1.67207534120408],[125.0784978466984,1.678557402702038],[125.1067026563025,1.664531290087032],[125.118050112123,1.676323313170444],[125.1345055579852,1.667327034115404],[125.1437531759684,1.687521753126495],[125.1510222539739,1.67925792511314],[125.1659594499687,1.690161737274407],[125.1769008376036,1.677824952559545],[125.1628594329165,1.663686643224002],[125.1616484957815,1.638910912608635],[125.1582915990781,1.640767566569965],[125.1506584332402,1.634740419934497],[125.1547001492925,1.625102722812441],[125.1432757906452,1.622755203589785],[125.1479446597183,1.599319515882966],[125.1370943626148,1.576892324321408],[125.1248002624223,1.565944442681941],[125.0852913533133,1.576199374201812],[125.0717498898456,1.555562647398309],[125.0671771367156,1.541385147406713],[125.0786145903912,1.499279000725304],[125.0666384104344,1.501113720222078],[125.0498828940804,1.489873710003772],[125.032493640769,1.455087331615099],[125.0957257634333,1.451680232956429],[125.0884222198097,1.428651089176489],[125.108510636257,1.394357477215832],[125.0701090650814,1.352555404808095],[125.0762194322811,1.338013770219357],[125.0617099943208,1.319039613787185],[125.0681281311085,1.299045518236161],[125.0611361719968,1.285740024282786],[125.0267803026688,1.291366826917548],[125.0290072875563,1.300458127440704],[125.0166595760786,1.313576754863385],[125.0224079904365,1.326304014418797],[125.0028443859597,1.323687097881285],[124.9949815026943,1.329592892697848],[124.998925400387,1.336389802347535],[124.9831616806671,1.337311718061438],[124.9801489653025,1.322302963910735],[124.962543265859,1.319164296695005],[124.912217579178,1.352478436330815],[124.9260420089316,1.378172005134035],[124.9212699894185,1.392611987553247],[124.9077451750998,1.397732780343583],[124.9177909935596,1.40451796283376],[124.9010470901511,1.426665320448281],[124.904434018815,1.451656973790369],[124.8852049369583,1.465849270327643],[124.9026660757788,1.496545452910356],[124.9337389870646,1.507925780750183],[124.9246913890965,1.525474667322088],[124.9273315953769,1.560268176435217],[124.8999854251873,1.578382957807298],[124.8424173119095,1.565298049565397],[124.8211285973069,1.582920742598246],[124.8422577739772,1.59701089773476],[124.8666943918327,1.598592888850733],[124.8683562508404,1.614640091966654],[124.8818315314001,1.631522572808494],[124.9193529513776,1.663510188144743],[124.9221818201349,1.65805737914477],[124.932147175352,1.662099501690692],[124.923827975181,1.672202708588186],[124.9330667708149,1.675694488310084],[124.9408163700795,1.694022387423308],[124.9405978393189,1.682195109117066],[124.945370556706,1.687025405597995],[124.9601475052033,1.677524867678512],[124.9612403757428,1.684922993901081],[124.9643603469525,1.676285323109214],[124.9672625050606,1.676742927843941],[124.9689622839822,1.689142145293873],[124.9571475017559,1.698925116201197],[124.9738938243406,1.702248800941428],[124.9625581919071,1.705053440164159],[124.9623031441748,1.727823702402029],[124.9722065855656,1.731753416886692],[124.9846407398783,1.719767661848179],[124.977015229969,1.733177096745672],[124.9841879797915,1.738826476860497],[124.9805055366013,1.7495853893543],[124.992138501091,1.750826362046995]]],[[[124.7497693750566,1.750298876392106],[124.7487033762599,1.750698625041577],[124.7485320554101,1.751907391213178],[124.7497313040565,1.751935944688141],[124.7497693750566,1.750298876392106]]],[[[124.7402082561062,1.752606826343969],[124.7492418381404,1.737524840399127],[124.7458247660002,1.728404409935555],[124.7341933447472,1.743550658735968],[124.7402082561062,1.752606826343969]]],[[[124.7638920415846,1.745266360154504],[124.7543753392506,1.74517635060811],[124.7574270779973,1.753044424760406],[124.7603269788071,1.751449194724605],[124.7638920415846,1.745266360154504]]],[[[125.0365713162133,1.763614296162894],[125.0380248850405,1.761759950761219],[125.0379058157009,1.761093364267394],[125.0342939009429,1.763756945726522],[125.0365713162133,1.763614296162894]]],[[[124.8043643476366,1.784027142138919],[124.8037710693794,1.784449100445704],[124.8043294494446,1.784985271752968],[124.8046847823769,1.784518897729034],[124.8043643476366,1.784027142138919]]],[[[125.0572886186749,1.780817375421615],[125.0579405003539,1.765352512108828],[125.0514177823048,1.759451084400096],[125.0573977100363,1.786672730861858],[125.0572886186749,1.780817375421615]]],[[[124.7946742524149,1.793925892665913],[124.7979942139618,1.79352039914715],[124.7980344972943,1.775576346870908],[124.7892159854294,1.777921049416895],[124.7946742524149,1.793925892665913]]],[[[125.0561022357296,1.788904180883241],[125.0564055473781,1.794263130339255],[125.0579289170859,1.796433123390015],[125.0590454721709,1.793900557864545],[125.0561022357296,1.788904180883241]]],[[[125.1883548109258,1.799807403089224],[125.188252018416,1.799707465926856],[125.1881235268793,1.799844522606728],[125.1882505902926,1.799953025811549],[125.1883548109258,1.799807403089224]]],[[[125.1887260069996,1.800195492927712],[125.1886060824048,1.800176932719319],[125.1885346978181,1.800269731962631],[125.1886825823353,1.800336000306244],[125.1887260069996,1.800195492927712]]],[[[125.0924997171883,1.829902814263493],[125.0918667896207,1.83099451388575],[125.0921748361998,1.831633476803615],[125.0930575171907,1.83026890578539],[125.0924997171883,1.829902814263493]]],[[[125.0988624233622,1.843260378064057],[125.0990715454155,1.831711968732394],[125.092491883194,1.832871149883728],[125.0906357229603,1.837323052117165],[125.0988624233622,1.843260378064057]]],[[[125.1425649638021,1.835024372376923],[125.166118513059,1.802313892771965],[125.1884480760179,1.80010506429735],[125.1852923432671,1.775168040272865],[125.1598338842265,1.770331372994535],[125.1472896034325,1.757794898315998],[125.1616381337928,1.747201259630435],[125.1489323086791,1.747251334781305],[125.1511684630542,1.734688108869184],[125.1322019976242,1.753185389893838],[125.1308738671353,1.783635145645521],[125.1132779379266,1.815841992314146],[125.1361011180723,1.822540388428282],[125.1251468341592,1.832283358390294],[125.1351142101528,1.846473623359055],[125.1425649638021,1.835024372376923]]],[[[125.098229572237,1.887767469093513],[125.0870224007632,1.838642743368021],[125.0610542977178,1.807376546190673],[125.0508897336743,1.80530767381015],[125.0650793331449,1.856477627840311],[125.098229572237,1.887767469093513]]]]}},{"type":"Feature","properties":{"kode":"71.07","nama":"Kabupaten Minahasa Tenggara","lat":1.0121994191861103,"lng":124.71665253724602},"geometry":{"type":"MultiPolygon","coordinates":[[[[124.7363741710312,0.858250005633307],[124.7355412621195,0.855424693694681],[124.7224378170516,0.849781887624099],[124.7227760583685,0.853338951831192],[124.7363741710312,0.858250005633307]]],[[[124.7382783838405,0.859164877856886],[124.7376662459007,0.859571012592239],[124.737433772051,0.860493833024043],[124.7381151191176,0.860324124658726],[124.7382783838405,0.859164877856886]]],[[[124.7419362107876,0.862392604035486],[124.739901180795,0.860064546141912],[124.7391083249892,0.860697410756936],[124.7403020311139,0.861950669987463],[124.7419362107876,0.862392604035486]]],[[[124.7425709064222,0.862760522080494],[124.7425126753198,0.862784881117415],[124.7425352545984,0.862830628730579],[124.7425946737053,0.86282290535282],[124.7425709064222,0.862760522080494]]],[[[124.7429985637328,0.863037494384875],[124.7432666660239,0.863027512809575],[124.743310874897,0.86298901283268],[124.7428944600114,0.862763718271006],[124.7429985637328,0.863037494384875]]],[[[124.7473362493685,0.862920469204306],[124.7470618428298,0.863524382844025],[124.7464298406647,0.863988202793406],[124.7476086926871,0.863649214139992],[124.7473362493685,0.862920469204306]]],[[[124.7460818713813,0.863916410813756],[124.7445073707187,0.863297787862669],[124.7439649311367,0.863781833564856],[124.7458512096656,0.864174534227422],[124.7460818713813,0.863916410813756]]],[[[124.7638912708655,0.873624827024175],[124.7621437307486,0.874634397859195],[124.764334767036,0.878557019390966],[124.7662678687671,0.876709435092346],[124.7638912708655,0.873624827024175]]],[[[124.7319310974423,0.883217749599494],[124.7346033798422,0.881643809214536],[124.7280116379268,0.879372331268177],[124.7286274298122,0.88300862934487],[124.7319310974423,0.883217749599494]]],[[[124.7392882496531,0.884305566848484],[124.7386668756758,0.882406482872897],[124.7348125342711,0.882245959283631],[124.7379189499996,0.88429934893581],[124.7392882496531,0.884305566848484]]],[[[124.7833928958655,0.892022037786885],[124.7820441520161,0.889041750176675],[124.7806194838022,0.888868254766193],[124.7825798241996,0.891904869614121],[124.7833928958655,0.892022037786885]]],[[[124.789196129298,0.91734825062135],[124.788853502887,0.918410960597368],[124.7890376246867,0.918621398358896],[124.7895787026951,0.917825701594863],[124.789196129298,0.91734825062135]]],[[[124.7876412770233,0.921919566634719],[124.7873676394052,0.921985002206169],[124.7874806626026,0.922252691708467],[124.7877186088268,0.922151563843629],[124.7876412770233,0.921919566634719]]],[[[124.7923265497306,0.925693130033986],[124.7919858910361,0.921737514175033],[124.7890346542259,0.918826370940382],[124.789614770905,0.925651012983872],[124.7923265497306,0.925693130033986]]],[[[124.7867006572097,0.927416278738333],[124.786656620107,0.927361126015233],[124.7866057427609,0.927429960124579],[124.7866553376738,0.927445351122122],[124.7867006572097,0.927416278738333]]],[[[124.7918525719388,0.930315519445754],[124.7905347908481,0.928014969115607],[124.7872868218294,0.926620857166879],[124.786971125617,0.927521423874664],[124.7918525719388,0.930315519445754]]],[[[124.7883932046828,0.937370958103243],[124.7886819859849,0.936658014255995],[124.7877265138676,0.936333624297367],[124.7879760784333,0.937317487112407],[124.7883932046828,0.937370958103243]]],[[[124.8798472771303,0.952463145957536],[124.8791912810528,0.953466015943969],[124.879918580778,0.954749308034161],[124.8803368968304,0.954259755783157],[124.8798472771303,0.952463145957536]]],[[[124.9018105057503,0.960955616708434],[124.9026613993042,0.960927100105577],[124.903117744988,0.960603900849419],[124.9019531139451,0.959819667743586],[124.9018105057503,0.960955616708434]]],[[[124.9181493796901,0.965704136936482],[124.9176591664375,0.965511049795184],[124.917165980026,0.965546697122408],[124.917671050079,0.96609031211827],[124.9181493796901,0.965704136936482]]],[[[124.9193103882638,0.976153743800287],[124.919013289132,0.976257714422088],[124.9189954627705,0.976430005640269],[124.9193193014447,0.976308213153596],[124.9193103882638,0.976153743800287]]],[[[124.9508954382739,0.977804406248437],[124.9510950886675,0.976421311894102],[124.9500183996295,0.975986421336314],[124.949918573983,0.977426550694835],[124.9508954382739,0.977804406248437]]],[[[124.9042899087523,0.978084208719318],[124.9102114722817,0.975775277606969],[124.9186610219887,0.975999673745973],[124.9124718489967,0.969809304655753],[124.8962706001082,0.976031150017606],[124.9042899087523,0.978084208719318]]],[[[124.9196782352624,0.97814374204008],[124.9194970038837,0.978241770841157],[124.9195861338931,0.978675473394405],[124.9198386689195,0.978512091759695],[124.9196782352624,0.97814374204008]]],[[[124.923295976728,0.978335625888446],[124.9229917468717,0.97882517544152],[124.9233482660098,0.979281453676181],[124.9234053100071,0.979010538305777],[124.923295976728,0.978335625888446]]],[[[124.9205582443675,0.979404448556506],[124.9203348248922,0.9793949436218],[124.9203110567099,0.979618329822094],[124.9206295480153,0.979661106075211],[124.9205582443675,0.979404448556506]]],[[[124.9022388942096,0.980369016417024],[124.901817729105,0.980968641189881],[124.9022317562905,0.981189930171153],[124.9024601840902,0.980897256603194],[124.9022388942096,0.980369016417024]]],[[[124.7143555585623,1.116979316842068],[124.7367161283468,1.115095929633478],[124.7699452343851,1.096486807120487],[124.7927056832208,1.113285856956756],[124.8223266597477,1.112915038598247],[124.8374251977147,1.120988685179755],[124.8707885185753,1.073658981077161],[124.8738537624413,1.057492821036929],[124.9088817949589,1.018360321371789],[124.8918503818896,1.003222734841389],[124.8944303228012,0.981119283927898],[124.8874874513848,0.990820147631785],[124.8848235686528,0.989630227652968],[124.8860583378221,0.971948674891474],[124.8365546971417,0.963688547588434],[124.7894844564426,0.945043275027155],[124.7821249444107,0.929599621325503],[124.7873200194034,0.922259876392248],[124.7697592842637,0.91421520686634],[124.767830356286,0.891695620756325],[124.7605445679775,0.887948687182158],[124.7473374688492,0.896688514663266],[124.732705218571,0.884905858018945],[124.7304714626879,0.89615760169208],[124.7163711128367,0.896365545633435],[124.7069304751614,0.859010752044684],[124.7094398004065,0.847281117629548],[124.7219718387295,0.85079282812652],[124.7077775421,0.842149942166179],[124.6988676797996,0.843970273409431],[124.6836283673554,0.869314112955985],[124.6612306582683,0.869367726039824],[124.6347236077083,0.89078986765829],[124.6338504937053,0.910972681444131],[124.6486634681446,0.92988456611984],[124.6509412026744,0.956322456116451],[124.5785629244395,0.934186749219121],[124.5657253036799,0.968052825277718],[124.5749130232175,0.97329361640732],[124.5795420631158,1.005034280607584],[124.5600581502635,1.017357272420247],[124.5539820211534,1.039807046857819],[124.5665026893476,1.044629985985088],[124.5499188337872,1.071739660556956],[124.550315584097,1.087828040032088],[124.5743325836819,1.092821653396678],[124.5809048211007,1.114704079729576],[124.5961927050294,1.105176751905576],[124.6489227184089,1.116312191654353],[124.6644098480361,1.134379469037336],[124.7143555585623,1.116979316842068]]]]}},{"type":"Feature","properties":{"kode":"71.08","nama":"Kabupaten Bolaang Mongondow Utara","lat":0.7676395914471168,"lng":123.47646833626419},"geometry":{"type":"MultiPolygon","coordinates":[[[[123.3951620843627,0.916115259411773],[123.3966128643923,0.915611289229654],[123.3969933756439,0.914558845914046],[123.3941066463048,0.915563052293075],[123.3951620843627,0.916115259411773]]],[[[123.2643571002,0.920546934093844],[123.2633946538403,0.921808523744369],[123.2644542251823,0.923612284979056],[123.265018733228,0.922316911396345],[123.2643571002,0.920546934093844]]],[[[123.2572504883194,0.923550730881592],[123.2580370686559,0.923245556737148],[123.2578875725535,0.922222782055757],[123.2561810298307,0.923270402307283],[123.2572504883194,0.923550730881592]]],[[[123.2563571989256,0.924156731847711],[123.2558449396922,0.924814274759031],[123.2566059639942,0.925312720405744],[123.2568695229101,0.924418838358784],[123.2563571989256,0.924156731847711]]],[[[123.1418525680416,0.925764874349541],[123.1427305887457,0.925341329638682],[123.142671103089,0.924775017553101],[123.1416931443232,0.925348467557827],[123.1418525680416,0.925764874349541]]],[[[123.2605099776535,0.926670134619132],[123.2621689201597,0.926874196187308],[123.2621852698344,0.920788994716323],[123.2595754822227,0.92142124689307],[123.2605099776535,0.926670134619132]]],[[[123.2587464511878,0.927382957957176],[123.2585720537574,0.927676895072713],[123.2586508712407,0.927773125229622],[123.2588227002074,0.927669070071621],[123.2587464511878,0.927382957957176]]],[[[123.1855065495876,0.958029576204053],[123.1845769986297,0.95838530124068],[123.184441115565,0.958654653589461],[123.1852220931252,0.958577392832469],[123.1855065495876,0.958029576204053]]],[[[123.2485398006713,0.958758086416564],[123.2617282388672,0.933334733311339],[123.2539926888116,0.923613877678362],[123.2616946635779,0.9144420212823],[123.2685206087392,0.924705045801241],[123.2810216240488,0.91268995217961],[123.3332111808513,0.908784165956542],[123.3380082788591,0.915071669921661],[123.3435561668837,0.907566197022478],[123.3506241160102,0.920495482980163],[123.3554703529745,0.901963985449614],[123.3731270619644,0.913217874905056],[123.394281836038,0.898714323906999],[123.4004550496608,0.915578462176311],[123.4170412515526,0.891103698676796],[123.4267369738323,0.895500130726498],[123.4251346040787,0.90215015140844],[123.4462641449744,0.905052807740978],[123.4707437216455,0.892151923272719],[123.5251186103356,0.886361781271303],[123.554586892771,0.88702629123045],[123.5924466457962,0.904435983433968],[123.6813682867171,0.875804200903227],[123.6994988781707,0.858297193960331],[123.7071031406974,0.858601342877671],[123.7104084387985,0.87348102812703],[123.7263290704304,0.86636031577598],[123.7285733124085,0.857707135276106],[123.6888518170578,0.794061326269199],[123.7106015951876,0.759090123710246],[123.700453539999,0.732449886253248],[123.7192631789526,0.725632731065692],[123.7297049949895,0.695967117588411],[123.7413921661156,0.685336558135694],[123.7261160264335,0.63790200297513],[123.698754603742,0.612960493132261],[123.6655388841122,0.617584004897973],[123.6405630003823,0.605603799575791],[123.6340435001075,0.587456600341893],[123.6429414023239,0.573544656660571],[123.631006026407,0.564236204936927],[123.6082774153705,0.561894816392725],[123.5870335868306,0.586907709023629],[123.5466588940928,0.575314975705618],[123.5091121833806,0.584424617002563],[123.4875088022894,0.601570579418739],[123.4921934139949,0.61913059420162],[123.4850100287898,0.626942175640918],[123.4289896298676,0.64143741600404],[123.3842332926325,0.639687638373873],[123.3594483070938,0.651365205639751],[123.3220507777213,0.698709149607632],[123.2736480277343,0.698161197181532],[123.2471450187277,0.716973866850543],[123.2461511212773,0.733859267791034],[123.2533048081705,0.756993582787688],[123.2685557398556,0.768115929306765],[123.2710878521227,0.802597378166523],[123.2063487885658,0.857123647038735],[123.1792065036772,0.861346413706096],[123.1646988059053,0.874409702245968],[123.1526758567055,0.870232190363327],[123.1216532660855,0.888695295351669],[123.112272399152,0.915397511386049],[123.1191152533664,0.926302017823863],[123.1412824518237,0.923023107630369],[123.1630771816666,0.903130630973889],[123.1787001988552,0.901665398839155],[123.1988740526954,0.920049052321945],[123.1760679596687,0.931730085575053],[123.16781327866,0.951573746131571],[123.1840999658408,0.954012578018146],[123.1953888011523,0.940596448567296],[123.210996216902,0.938333021351953],[123.2148963949527,0.946736459220274],[123.2396121156068,0.942519188309918],[123.2402643012566,0.956871340240204],[123.2485398006713,0.958758086416564]]],[[[123.1072488770341,1.046681553610915],[123.1067006494156,1.043871886278611],[123.1052762995617,1.043681971945462],[123.1049645954398,1.044945498735858],[123.1072488770341,1.046681553610915]]]]}},{"type":"Feature","properties":{"kode":"71.09","nama":"Kabupaten Kep. Siau Tagulandang Biaro","lat":2.5391175631809526,"lng":125.3969356819243},"geometry":{"type":"MultiPolygon","coordinates":[[[[125.3427337841368,2.071735792372939],[125.3426773912487,2.07171390107572],[125.3426359882604,2.071733412766827],[125.342706657886,2.071814313979489],[125.3427337841368,2.071735792372939]]],[[[125.341826400568,2.073046375290064],[125.3417401726709,2.073096653687687],[125.3419049230738,2.073159161965796],[125.3418863628654,2.073069218069998],[125.341826400568,2.073046375290064]]],[[[125.3647131555878,2.080057292110402],[125.3646360612053,2.080074424195308],[125.3647217216302,2.080155802048653],[125.3647674080895,2.080110115589415],[125.3647131555878,2.080057292110402]]],[[[125.3646617602322,2.080150091353714],[125.3646246398154,2.080111543712812],[125.3644718791739,2.08015723017205],[125.3645878926172,2.080258672799593],[125.3646617602322,2.080150091353714]]],[[[125.3644704510506,2.080225757612661],[125.3643990673631,2.080271444071899],[125.3645332686955,2.080312846160945],[125.3645446900855,2.08027572664353],[125.3644704510506,2.080225757612661]]],[[[125.3636058437347,2.082185898360597],[125.3645153928711,2.081528572185862],[125.3641063928958,2.079948788905581],[125.3633545425781,2.080993341569501],[125.3636058437347,2.082185898360597]]],[[[125.335254020157,2.083164451578254],[125.3352347270011,2.083214122933461],[125.3353339698868,2.083301509157407],[125.3353339698868,2.083238690613173],[125.335254020157,2.083164451578254]]],[[[125.3348823483418,2.082987230276531],[125.3347414839323,2.083198525991234],[125.3350327302763,2.083383172095774],[125.3350688983111,2.083270862060635],[125.3348823483418,2.082987230276531]]],[[[125.3320668111345,2.090573617878208],[125.3326945199362,2.090259490982779],[125.3330810566455,2.086163436093733],[125.3316593292147,2.087945056918914],[125.3320668111345,2.090573617878208]]],[[[125.3410647431434,2.099499006074288],[125.3413904164346,2.098698322569634],[125.3399873229567,2.097497799583811],[125.3394192266161,2.099618495397257],[125.3410647431434,2.099499006074288]]],[[[125.3428609230933,2.100250642353371],[125.3427481364174,2.100346296044828],[125.3427624131549,2.100561875230442],[125.342910892124,2.10045908272056],[125.3428609230933,2.100250642353371]]],[[[125.3427536492616,2.104800251430492],[125.3429796983545,2.103753287684127],[125.3416977633411,2.10245350742346],[125.3419684269015,2.104315435908719],[125.3427536492616,2.104800251430492]]],[[[125.3613621332558,2.104465525563645],[125.361247424729,2.10463248200343],[125.3613723468564,2.104835925737378],[125.3614651460997,2.104639619922574],[125.3613621332558,2.104465525563645]]],[[[125.3615554641134,2.105039570919518],[125.3614687146096,2.10505721561802],[125.3614948893777,2.105226156861681],[125.3616471742778,2.105164290699532],[125.3615554641134,2.105039570919518]]],[[[125.3463285506222,2.104420646695557],[125.3457128648569,2.102561693167646],[125.3429208853906,2.100193535403358],[125.3432590457683,2.102032263178463],[125.3426165916824,2.103016765411445],[125.3463285506222,2.104420646695557]]],[[[125.3438318356707,2.10519343233104],[125.3438080423074,2.105157025976043],[125.3437173996383,2.105253331675991],[125.3437759347116,2.105281885150953],[125.3438318356707,2.10519343233104]]],[[[125.3436517266459,2.105682990877364],[125.343583198306,2.105760086159078],[125.3436874189393,2.105857167973932],[125.3437145451902,2.10575437456477],[125.3436517266459,2.105682990877364]]],[[[125.3794232161087,2.119113588621266],[125.3792953199231,2.11917604923528],[125.3793339862746,2.119289074231487],[125.3794172670932,2.119247432922775],[125.3794232161087,2.119113588621266]]],[[[125.350886214927,2.12063333496044],[125.35287807926,2.114120266637018],[125.3495466846319,2.11254659694797],[125.3466142499477,2.114523355368567],[125.350886214927,2.12063333496044]]],[[[125.3491618269568,2.120732077823126],[125.3482196468193,2.121357266724575],[125.3485626824219,2.122564539122182],[125.3492093920998,2.12159802692746],[125.3491618269568,2.120732077823126]]],[[[125.3763294673311,2.122614159216171],[125.3762394469929,2.122624086832145],[125.3762489654175,2.122735921125882],[125.3763917327923,2.122729973009926],[125.3763294673311,2.122614159216171]]],[[[125.3746757417921,2.122459492911341],[125.3744503896739,2.122604456430574],[125.3746288502412,2.122884043064152],[125.3747537705702,2.122652044955961],[125.3746757417921,2.122459492911341]]],[[[125.3761101631536,2.123009832138154],[125.3760007075666,2.123091923153739],[125.3760982660223,2.123271572625038],[125.3761518035629,2.123168066053458],[125.3761101631536,2.123009832138154]]],[[[125.368213417715,2.125165741805565],[125.3669427862807,2.123664302065917],[125.3660600063643,2.124599429719984],[125.3672901871924,2.124468560375822],[125.368213417715,2.125165741805565]]],[[[125.3688323464358,2.127006999373579],[125.3704706054342,2.126118270441888],[125.3684445956417,2.123725428086074],[125.3686965982695,2.12542358642944],[125.3665375940348,2.127046497597826],[125.3688323464358,2.127006999373579]]],[[[125.4101835752119,2.117797748267522],[125.4093122085915,2.103320247031812],[125.3978728132797,2.105324888932467],[125.3797242974384,2.09084306915239],[125.3625129417189,2.089155555184805],[125.3584198716797,2.072689446960416],[125.3460416156281,2.069907897831255],[125.336511595234,2.081874425364491],[125.3418606728319,2.098917228347405],[125.3539348950794,2.100952266433984],[125.3544203050531,2.109132853198689],[125.3643045261331,2.105271363982306],[125.3533834451899,2.118630823553699],[125.3607056542425,2.130194524957416],[125.3660710437437,2.119289855742254],[125.3725139847326,2.124978261037944],[125.3824029488371,2.115371893598114],[125.3912240012867,2.113595737053695],[125.4104673616795,2.134235598893872],[125.4101835752119,2.117797748267522]]],[[[125.3786110779391,2.326870289432323],[125.3858154362334,2.306369417814411],[125.3756459789788,2.290205687742317],[125.364556917268,2.287080651550896],[125.3438346829243,2.302817317865033],[125.3564480640269,2.321569886740901],[125.3786110779391,2.326870289432323]]],[[[125.307625083331,2.355691263241264],[125.308087224246,2.354887218970012],[125.3070747054334,2.354551359957322],[125.3069991875625,2.355171032417244],[125.307625083331,2.355691263241264]]],[[[125.3052666517346,2.357267908787028],[125.3048396464326,2.35747528615555],[125.3049524331084,2.357845485780638],[125.3055397920278,2.357696889000335],[125.3052666517346,2.357267908787028]]],[[[125.3018877153459,2.36506762187336],[125.3053060393423,2.354632171237744],[125.3090150080362,2.351274786202426],[125.3018060614007,2.347791202002478],[125.2942563904202,2.3569042643204],[125.3018877153459,2.36506762187336]]],[[[125.3972566113036,2.379144984153767],[125.4013544459511,2.367404969763617],[125.4155775469662,2.367969879806184],[125.4214327045558,2.380149479215207],[125.4332982607063,2.383574629965254],[125.4578197592746,2.366194157634302],[125.4665355002132,2.34949621497835],[125.4429478405705,2.316952227763133],[125.4042261053505,2.32102993378451],[125.3748843593257,2.348058786284055],[125.3688410518731,2.36025184404742],[125.3763135340424,2.37617045939926],[125.3919329341577,2.384246313816371],[125.3972566113036,2.379144984153767]]],[[[125.476840448428,2.646400668755897],[125.4767300413584,2.646290261686277],[125.4766215372543,2.646381633705472],[125.4766443800341,2.646402572620696],[125.476840448428,2.646400668755897]]],[[[125.4761819783157,2.646244262262984],[125.4767347987719,2.645219981217226],[125.4752928455884,2.644952290815647],[125.475267862422,2.646408521636021],[125.4761819783157,2.646244262262984]]],[[[125.4904317721086,2.648632799564085],[125.4903561049504,2.648672775328384],[125.4903789477302,2.648775567838266],[125.4904617528077,2.648762719224182],[125.4904317721086,2.648632799564085]]],[[[125.4743313057452,2.655197479080515],[125.4740237079279,2.65529665271835],[125.4744960102827,2.655483004836887],[125.4745761722525,2.655291635400678],[125.4743313057452,2.655197479080515]]],[[[125.4861440842822,2.657071310992285],[125.4858585477339,2.656921404799048],[125.4857538522586,2.656978511748973],[125.4857586105714,2.65703918810811],[125.4861440842822,2.657071310992285]]],[[[125.4851916051085,2.657274754726233],[125.4850640659539,2.657263333336266],[125.485030754166,2.657279513039176],[125.4851954119388,2.657427992008296],[125.4851916051085,2.657274754726233]]],[[[125.4846752548592,2.657542679850808],[125.4893818927602,2.653519756931308],[125.4881512613717,2.64834506237481],[125.4813479359585,2.656287395347087],[125.4846752548592,2.657542679850808]]],[[[125.4844961881487,2.658783649845573],[125.4846068326393,2.658714645764368],[125.4845330702451,2.658568308980344],[125.4843522309708,2.65883242907343],[125.4844961881487,2.658783649845573]]],[[[125.4771517604454,2.660547318404058],[125.4768483786498,2.660612753975419],[125.4768364824177,2.660782289670946],[125.4770536084374,2.660913160813758],[125.4771517604454,2.660547318404058]]],[[[125.4772114790266,2.66148158360828],[125.4771750726716,2.661572241565777],[125.4773015497268,2.661622028933516],[125.4773128443124,2.661584377017443],[125.4772114790266,2.66148158360828]]],[[[125.4716748460175,2.662416712161628],[125.4740295598163,2.662041470937224],[125.4766580218503,2.660562189593405],[125.4748484518946,2.65890403309472],[125.4716748460175,2.662416712161628]]],[[[125.47572153622,2.662596124211822],[125.4755920932006,2.662925440656602],[125.4755863816062,2.663289023070023],[125.4758814347805,2.663003487421031],[125.47572153622,2.662596124211822]]],[[[125.4755901893357,2.663509837209263],[125.4754017364011,2.663846768213871],[125.4754359996718,2.663930524773958],[125.475622549641,2.663759203924185],[125.4755901893357,2.663509837209263]]],[[[125.4742169272695,2.667094980049376],[125.4758349614144,2.665694072823241],[125.4753352738039,2.664427009898615],[125.4734852433494,2.666699395260894],[125.4742169272695,2.667094980049376]]],[[[125.421747461876,2.667740347039446],[125.421555202111,2.667744154768956],[125.4217398482154,2.667940222263463],[125.4217893406056,2.667917378584248],[125.421747461876,2.667740347039446]]],[[[125.4625736799315,2.673389271197932],[125.4643695010517,2.655056638952777],[125.4739068176456,2.657071023209243],[125.4632159433612,2.647743515750653],[125.4657179499235,2.640918881800955],[125.4425094417573,2.638598908812659],[125.460340663291,2.6560394225813],[125.4490940430557,2.670088401358692],[125.4625736799315,2.673389271197932]]],[[[125.3964303169057,2.684892690145643],[125.3963722575737,2.684925051350115],[125.396377969168,2.684946941748054],[125.396441739195,2.684930762045143],[125.3964303169057,2.684892690145643]]],[[[125.4628892574334,2.687760831397343],[125.4563536727839,2.676510248748995],[125.4471827040186,2.681953452989491],[125.4561346482955,2.688387818043411],[125.4628892574334,2.687760831397343]]],[[[125.4615017653942,2.693328759914346],[125.4613887403981,2.693404902814065],[125.4614161040701,2.693517926910813],[125.461498195985,2.693521496320026],[125.4615017653942,2.693328759914346]]],[[[125.1661139310131,2.74513384485113],[125.1787551812067,2.735916461175789],[125.1696926077277,2.724706026961618],[125.1593141489288,2.736196724099591],[125.1661139310131,2.74513384485113]]],[[[125.3918380961513,2.809387548796426],[125.3918235046511,2.809384010863457],[125.3918202023405,2.809397447634087],[125.3918388569778,2.809401255363685],[125.3918380961513,2.809387548796426]]],[[[125.4059042897513,2.811736820797716],[125.4319657334319,2.805909758928337],[125.4569447791782,2.770911100067261],[125.4514481651008,2.753251632856665],[125.4271378462347,2.733730018625488],[125.4081966526535,2.729365086229782],[125.4009094838856,2.71364637667901],[125.392369895854,2.678667903101337],[125.4316216429246,2.650110862326491],[125.4092415425632,2.632912830962406],[125.3760460792632,2.651773649434405],[125.3589395790983,2.723517709574727],[125.3738828320271,2.795049384021929],[125.4059042897513,2.811736820797716]]]]}},{"type":"Feature","properties":{"kode":"71.10","nama":"Kabupaten Bolaang Mongondow Timur","lat":0.7160219173933094,"lng":124.50988671379818},"geometry":{"type":"MultiPolygon","coordinates":[[[[124.4802192402257,0.449692771004637],[124.4794233024435,0.446691456345702],[124.476287188403,0.445911000392416],[124.4773696501893,0.448857660552646],[124.4802192402257,0.449692771004637]]],[[[124.565736580279,0.569397984329553],[124.5651916558703,0.569446134031912],[124.5649533786956,0.569659630387706],[124.5654461406269,0.569995946256016],[124.565736580279,0.569397984329553]]],[[[124.5670394299258,0.575415326556181],[124.5668340265691,0.571500489556007],[124.565512641895,0.571260641265622],[124.5649371891001,0.574810624211006],[124.5670394299258,0.575415326556181]]],[[[124.5565799017411,0.63919426760137],[124.5563835959262,0.639176422354046],[124.5565799017411,0.639563084968506],[124.5566929258379,0.639342983991595],[124.5565799017411,0.63919426760137]]],[[[124.5731853140511,0.668054992344056],[124.5732517352794,0.667871225776492],[124.5726273746537,0.668291895354775],[124.5727735018956,0.668364958076426],[124.5731853140511,0.668054992344056]]],[[[124.6154831863,0.699473696553918],[124.6149769282428,0.699698287845793],[124.6151341782997,0.700333907084191],[124.6157684017903,0.700051215990902],[124.6154831863,0.699473696553918]]],[[[124.6251509711404,0.709345477311915],[124.6235646722718,0.710285212192849],[124.6234875383193,0.710620232138057],[124.6245182908865,0.71070732158571],[124.6251509711404,0.709345477311915]]],[[[124.6341056493563,0.712474605418764],[124.6343668547466,0.711738728859343],[124.6328410361849,0.710582358089448],[124.6327738856064,0.7122712938852],[124.6341056493563,0.712474605418764]]],[[[124.6577763479002,0.782024237028997],[124.6624890912986,0.774039324755124],[124.6604292571046,0.769944438984746],[124.6503962566819,0.778514537416017],[124.6577763479002,0.782024237028997]]],[[[124.7026043476125,0.811714818384177],[124.7023911489324,0.811688167874733],[124.7020573898367,0.812004159964028],[124.7025129773921,0.812084109693975],[124.7026043476125,0.811714818384177]]],[[[124.6856511953464,0.812206997554929],[124.6872425340158,0.807918934711102],[124.6609524233157,0.805276713949274],[124.6647550941722,0.808413158040919],[124.6856511953464,0.812206997554929]]],[[[124.6500953381294,0.956745388389033],[124.6486634681446,0.92988456611984],[124.6338504937053,0.910972681444131],[124.6347236077083,0.89078986765829],[124.6612306582683,0.869367726039824],[124.6836283673554,0.869314112955985],[124.6951750535859,0.859160120443311],[124.6996527061076,0.841144991148488],[124.6903143339395,0.829850651985995],[124.6705169893677,0.828964391693374],[124.6268084270673,0.770736301039518],[124.6231935517411,0.734617855829375],[124.6293823317293,0.712920672750903],[124.6149458656592,0.700282142107175],[124.5982840145956,0.706597488183577],[124.592007628949,0.683167678445715],[124.5814837911442,0.69614821227024],[124.5767738068657,0.671899666036799],[124.5656095528386,0.666034102391963],[124.5551375438626,0.650853528267723],[124.5433862402828,0.624424755598094],[124.5660183693523,0.618772184688618],[124.5689612226823,0.579834174207791],[124.5642693327636,0.577303821913874],[124.558266324831,0.591195415735887],[124.5397264213373,0.588720746765079],[124.527147724388,0.578845955976101],[124.5230872493771,0.561417000294393],[124.4937762799515,0.548434547316587],[124.497855745946,0.540733488060072],[124.4893392839808,0.52819705475031],[124.4993588827063,0.526505942595199],[124.4998136159057,0.504130083436591],[124.5080974277542,0.492475098147269],[124.5011930563146,0.490034567441386],[124.5131428132903,0.473160059988784],[124.496361847921,0.46675511625571],[124.4993718248499,0.478205112775784],[124.4895304150966,0.487204389271165],[124.4759418550326,0.466533500820463],[124.4664064099279,0.477458046851462],[124.4690116847415,0.499303350968924],[124.4601249727893,0.517793156828736],[124.4354876874069,0.534616967698939],[124.4397783241104,0.566706412371085],[124.418696340264,0.564860085324723],[124.3816387905978,0.581322580073016],[124.3746156960576,0.598552871917521],[124.3375584530602,0.614618183782254],[124.3438177965542,0.650860173358334],[124.3795277777848,0.657888888661359],[124.3701874666783,0.669002506360636],[124.3714444437062,0.686972221690693],[124.3636477892141,0.691153028689337],[124.3488807728295,0.743175113740532],[124.3571221132949,0.755335071056715],[124.4181611618082,0.768874985891996],[124.4384577883963,0.786279972842527],[124.452886973555,0.770596301778001],[124.4557137208117,0.736799209116265],[124.4648317141123,0.730799768794308],[124.469586136591,0.762427970074794],[124.4904669420958,0.775592374788323],[124.4879600099466,0.802427634727662],[124.4973213930678,0.82029321486001],[124.5162720286313,0.824548040559689],[124.5255127802907,0.840333467215812],[124.5508340684376,0.854497873977797],[124.5601241569044,0.867071987082577],[124.5584639301663,0.886507709763082],[124.5793936587904,0.921923017333468],[124.5998969459873,0.943032595078217],[124.6500953381294,0.956745388389033]]]]}},{"type":"Feature","properties":{"kode":"71.11","nama":"Kabupaten Bolaang Mongondow Selatan","lat":0.4431072320051208,"lng":123.92826282447413},"geometry":{"type":"MultiPolygon","coordinates":[[[[124.3535331447389,0.418255451727775],[124.3506766110369,0.416336166281114],[124.3496957780378,0.41677303534737],[124.3523514337717,0.419706836101616],[124.3535331447389,0.418255451727775]]],[[[124.3588671550951,0.427985750242252],[124.3571115003955,0.429301078881769],[124.357471148275,0.430369462680622],[124.3585336810846,0.430288313255131],[124.3588671550951,0.427985750242252]]],[[[124.3644837774044,0.421830848614865],[124.3612678512305,0.420261250156637],[124.3595981816109,0.430622913216913],[124.3654456446009,0.424479101129657],[124.3644837774044,0.421830848614865]]],[[[124.3357125298095,0.436610503172227],[124.3340751566433,0.434912682074648],[124.3323244958789,0.435206743296598],[124.3349502590473,0.436841228739768],[124.3357125298095,0.436610503172227]]],[[[124.4617998863557,0.452329425862372],[124.4633571766924,0.450444631214816],[124.4633735353605,0.449667105252713],[124.4604117548986,0.451027483631458],[124.4617998863557,0.452329425862372]]],[[[124.3440618482757,0.608850399826208],[124.3746156960576,0.598552871917521],[124.3816387905978,0.581322580073016],[124.4182221115612,0.565018160959438],[124.4397783241104,0.566706412371085],[124.4354876874069,0.534616967698939],[124.4601249727893,0.517793156828736],[124.4690116847415,0.499303350968924],[124.4664064099279,0.477458046851462],[124.4759418550326,0.466533500820463],[124.4503997896187,0.466787927121201],[124.4488161986087,0.457247275841175],[124.4590795873531,0.451524888762675],[124.4530542879251,0.44410999198263],[124.4329917692549,0.443787264870396],[124.4285418985899,0.452345060576162],[124.4124742799641,0.45500536940237],[124.3856109719688,0.442222145036039],[124.3615204582027,0.444969941709436],[124.3601969718129,0.431600073384717],[124.3557425352897,0.453322324165947],[124.3473192700683,0.443253547813002],[124.3417204237586,0.449566721127345],[124.3389338896873,0.433953680118313],[124.3380048972083,0.440583618039556],[124.3233109957059,0.445900329036972],[124.3144192043829,0.410352510859743],[124.3147892709081,0.420062605205127],[124.3038685802708,0.427915559955158],[124.2848480718812,0.421346280406551],[124.2713999058811,0.429146615823692],[124.2883683951853,0.407106847702929],[124.2432716447706,0.398526941265429],[124.2320088142555,0.388978869679166],[124.224885129645,0.39545597141599],[124.2174163616758,0.391011172927344],[124.2198591379889,0.382730774905424],[124.2123683006566,0.397801098441983],[124.1916392647404,0.397967605220837],[124.0802082306254,0.387769877777641],[124.0527799784134,0.36098368035262],[124.0456941120937,0.377391560172422],[124.0359687904274,0.368910678085419],[123.9926837647441,0.374929068921423],[123.9804384239941,0.370330318189735],[123.9770160503504,0.359449552055244],[123.9460853245781,0.363129270299664],[123.9415481486283,0.354577016216348],[123.9253279429302,0.355817275746714],[123.9198722947707,0.345296686293059],[123.9163615231659,0.35130870273454],[123.8831960846316,0.347713591808871],[123.8725345570242,0.331399159643484],[123.8599437902738,0.327861286968842],[123.8202259137949,0.336999607645813],[123.8036869460957,0.333188080265787],[123.7978957267065,0.316968322430197],[123.7788067376409,0.312145780803183],[123.7362952602182,0.323596379869093],[123.7075112854176,0.319424219851891],[123.6769753737146,0.295748352004852],[123.6482377760526,0.307440511670373],[123.628279599424,0.292275511105997],[123.6140510638056,0.299326611434056],[123.6124299692678,0.309823092761549],[123.5897655473422,0.30885378367522],[123.5740127777675,0.321787632793066],[123.538363472896,0.321656519732658],[123.4940618940412,0.307108123141406],[123.4736499320988,0.320259728703506],[123.4821189350408,0.32197930889801],[123.4800495311609,0.352754774813066],[123.4941887263288,0.357364531448054],[123.4979037906274,0.382130585358295],[123.550205855316,0.433809574552344],[123.5482291148818,0.44232774343069],[123.526652635211,0.452345448183975],[123.5230123783187,0.464123628902444],[123.5227596679244,0.49005933027397],[123.5447405358472,0.495838381835886],[123.5522945550497,0.510714059706105],[123.526111767644,0.541812800420447],[123.5368364789205,0.579026934645396],[123.5653329026913,0.577599258199266],[123.5870335868306,0.586907709023629],[123.6091911283679,0.5618377094428],[123.6429414023239,0.573544656660571],[123.6817742047158,0.562979850239939],[123.7095853441883,0.570803517668248],[123.7201501524077,0.526431329442387],[123.7104419511352,0.50473064530305],[123.690226050392,0.486285063604816],[123.6985065752183,0.456189641638646],[123.7122122692808,0.466982876758346],[123.7371109498106,0.465669415111433],[123.7760347357146,0.455271414943878],[123.791567855772,0.440652006984552],[123.826346058424,0.443621573776662],[123.8588970837335,0.459268908633279],[123.8822538730179,0.448475675312229],[123.8940750350349,0.450874170806445],[123.9098936907414,0.434427336852147],[123.9298240558355,0.431286448310983],[123.9682877701646,0.465433280121827],[123.9902341670732,0.463572679036004],[124.0253577606522,0.47786549819426],[124.0329910721803,0.492884655702339],[124.0461066607938,0.496748901340746],[124.0482386592868,0.510987595701026],[124.0632678055648,0.51919669367255],[124.074070086965,0.513766805693569],[124.1133026407043,0.527320215755386],[124.1158681951612,0.538805584410193],[124.1299843128258,0.544130005295537],[124.1396861037308,0.559052707816241],[124.1607079121405,0.56166187309705],[124.1810951337335,0.539333011609264],[124.1789250552472,0.522429332847471],[124.2178262879529,0.537487570395109],[124.2328058330229,0.510528055625256],[124.2492468951282,0.5154389178718],[124.2389159663989,0.542213228058072],[124.2537917836639,0.543569409300845],[124.2562468932796,0.527121897257851],[124.293770957264,0.532023806753321],[124.2995832891376,0.543372422699148],[124.3199378968166,0.545706918839281],[124.3100647203106,0.567904950553119],[124.2966913500258,0.561202544362002],[124.3015862367155,0.571993005073177],[124.3158657000421,0.574041490722285],[124.3374669038745,0.615101730360587],[124.3440618482757,0.608850399826208]]]]}},{"type":"Feature","properties":{"kode":"71.71","nama":"Kota Manado","lat":1.5249208884876757,"lng":124.84790009537748},"geometry":{"type":"MultiPolygon","coordinates":[[[[124.8096241792126,1.578234476140247],[124.8089160512348,1.578070768950843],[124.8092130082738,1.579563166906636],[124.8093158007837,1.579586009686659],[124.8096241792126,1.578234476140247]]],[[[124.8212146570308,1.582846841708394],[124.8424173119095,1.565298049565397],[124.8751807822673,1.576636796351158],[124.8769923271343,1.571360941554209],[124.9064074173684,1.575514389377572],[124.9048490838182,1.56976844365879],[124.9273315953769,1.560268176435217],[124.9246913890964,1.525474667322088],[124.9341181933999,1.509470432914226],[124.9026660757788,1.496545452910356],[124.8881379840808,1.468114000660689],[124.8718944436737,1.464612222276271],[124.8764445428814,1.45818230706791],[124.8625472302705,1.449003303759541],[124.8570305990829,1.433814760742644],[124.823527530771,1.428023387569352],[124.7900707208871,1.441543110825913],[124.7837132478682,1.456726032180741],[124.82662838779,1.46286432063196],[124.8336230619547,1.474977053648205],[124.8300786709939,1.485476698790686],[124.8416463294147,1.495950816676858],[124.8436268146258,1.524753687133027],[124.8028251399683,1.563681450738416],[124.8064628715643,1.576325746036408],[124.8212146570308,1.582846841708394]]],[[[124.7463914836801,1.632906015200517],[124.7756776650922,1.627578239843983],[124.783365924298,1.595977720595362],[124.7725047292099,1.601128550742123],[124.7638934454262,1.620585322055065],[124.7362234851258,1.617521500916583],[124.7389479731705,1.63084137862681],[124.7463914836801,1.632906015200517]]],[[[124.8010515446931,1.637034713681127],[124.8054692484071,1.631159676577829],[124.8037284388165,1.626842778771318],[124.7993453895781,1.629719861982101],[124.8010515446931,1.637034713681127]]],[[[124.7026308551299,1.648904065869969],[124.7141927911645,1.642155182715596],[124.7162578387283,1.628075260964598],[124.69347667311,1.616766334798589],[124.6834251106803,1.621622443620938],[124.6820657997968,1.636552938767208],[124.7026308551299,1.648904065869969]]]]}},{"type":"Feature","properties":{"kode":"71.72","nama":"Kota Bitung","lat":1.4898111811434278,"lng":125.15797427808614},"geometry":{"type":"MultiPolygon","coordinates":[[[[125.159600201688,1.390547231369707],[125.1595574191396,1.390568140607249],[125.1595859411383,1.390649879088743],[125.159608757838,1.390620414600471],[125.159600201688,1.390547231369707]]],[[[125.2149582040579,1.391116271099088],[125.2161282247379,1.390382643744045],[125.2164086333517,1.387768837961564],[125.2128282128518,1.388866355298132],[125.2149582040579,1.391116271099088]]],[[[125.1688361482697,1.399556195362115],[125.1685795114354,1.399698535558988],[125.1689176808065,1.400097596227143],[125.1690658728918,1.399815033736848],[125.1688361482697,1.399556195362115]]],[[[125.1769898102316,1.404032162554289],[125.1768101238881,1.404035015203783],[125.1768357932373,1.404234606242147],[125.176934192559,1.404228902741719],[125.1769898102316,1.404032162554289]]],[[[125.2571453859508,1.408946953039544],[125.2578230952597,1.408828336058862],[125.2578621770979,1.408455353032176],[125.2568235239866,1.408729371063641],[125.2571453859508,1.408946953039544]]],[[[125.1832743527293,1.424550841648051],[125.1832217091146,1.424590981088977],[125.1833088552196,1.42464851971342],[125.1833077130806,1.424611972164788],[125.1832743527293,1.424550841648051]]],[[[125.2054967560705,1.433263632810464],[125.205430694571,1.433346418102774],[125.2055537703902,1.433676630272293],[125.2055894743748,1.433354354619818],[125.2054967560705,1.433263632810464]]],[[[125.2616907304428,1.438149189933233],[125.2615983062169,1.438173274676943],[125.2615710864366,1.438216088701624],[125.2616400527463,1.438215252332073],[125.2616907304428,1.438149189933233]]],[[[125.2625883356832,1.4419771668128],[125.262565405669,1.44205869575231],[125.2626529699587,1.442083443296324],[125.2626586806537,1.442018720887292],[125.2625883356832,1.4419771668128]]],[[[125.2628708262278,1.442139150901165],[125.2630831768472,1.442182428076608],[125.2633877484459,1.44162468293276],[125.2628452306229,1.441799810612762],[125.2628708262278,1.442139150901165]]],[[[125.2629506797301,1.447836335378591],[125.2628581727665,1.447939892312197],[125.2630714352985,1.44797463582089],[125.2630826408513,1.447916233847144],[125.2629506797301,1.447836335378591]]],[[[125.2646087930614,1.449281814803991],[125.2647592622302,1.449311216339597],[125.2649472583093,1.449049215049245],[125.2643029381302,1.449219266955668],[125.2646087930614,1.449281814803991]]],[[[125.2240519948038,1.45460064640279],[125.2238390344439,1.454570233129823],[125.2239778394059,1.454870562626384],[125.2240519948038,1.454653869180797],[125.2240519948038,1.45460064640279]]],[[[125.2268326131346,1.455831051162113],[125.2267399182127,1.455920864656177],[125.2269823511547,1.456081959315034],[125.2269680897057,1.456012103575707],[125.2268326131346,1.455831051162113]]],[[[125.2241209952878,1.456291646142668],[125.2246411856422,1.456065011591098],[125.2245606126823,1.45567210138646],[125.2240530856815,1.455620634085017],[125.2241209952878,1.456291646142668]]],[[[125.2254810562058,1.456311262155038],[125.2254845851455,1.45675591395433],[125.2256464100538,1.457066337441601],[125.2258544394309,1.456521250255546],[125.2254810562058,1.456311262155038]]],[[[125.2309793798945,1.460374445924037],[125.2311043406928,1.460120277728658],[125.2309443189253,1.45999099838596],[125.2306855578922,1.46017001113716],[125.2309793798945,1.460374445924037]]],[[[125.2349394671827,1.460879240784349],[125.2348175200126,1.46090006188839],[125.2348263387646,1.461039169022468],[125.2348816092989,1.46103000403148],[125.2349394671827,1.460879240784349]]],[[[125.2331119602488,1.461622177921226],[125.2345958641078,1.460824952309745],[125.2322066397247,1.459112288801132],[125.2312583657811,1.460272011344285],[125.2331119602488,1.461622177921226]]],[[[125.2806857115764,1.480740603595995],[125.2808829194113,1.480673756088999],[125.2805202713935,1.480599849803285],[125.2806046511838,1.480729478082951],[125.2806857115764,1.480740603595995]]],[[[125.2388803908175,1.480914885913284],[125.2385697290099,1.480718042303872],[125.2384274023028,1.48077726535851],[125.2386232854363,1.480906604955942],[125.2388803908175,1.480914885913284]]],[[[125.2563096711545,1.488141836076926],[125.2563940113746,1.488027751679441],[125.2562943997668,1.487946356739053],[125.2562111090554,1.488253004872339],[125.2563096711545,1.488141836076926]]],[[[125.2464684322724,1.506054577556812],[125.2463256639982,1.506042680425443],[125.2462542803108,1.506262779603615],[125.2463792024383,1.506262779603615],[125.2464684322724,1.506054577556812]]],[[[125.246797630906,1.507414601602639],[125.2465291580942,1.507511674424242],[125.2463576708699,1.507735870014423],[125.2468081358868,1.507708732971677],[125.246797630906,1.507414601602639]]],[[[125.2474661896131,1.50740615876723],[125.2471108989489,1.507633963336749],[125.24695560132,1.50803489729274],[125.2473412629889,1.507868082945693],[125.2474661896131,1.50740615876723]]],[[[125.2481975857501,1.509149067375601],[125.2485545050864,1.508815942301942],[125.2485354691367,1.508744557715167],[125.248249934387,1.508815942301942],[125.2481975857501,1.509149067375601]]],[[[125.2828256708681,1.517130990303015],[125.2828442670493,1.516849925184014],[125.2822446962358,1.516668224359139],[125.2824877775889,1.517071557706304],[125.2828256708681,1.517130990303015]]],[[[125.2778267802818,1.523103205448637],[125.2778020291404,1.522945410402452],[125.2774230692194,1.522924017329538],[125.2777903982084,1.523494099373243],[125.2778267802818,1.523103205448637]]],[[[125.277514211012,1.523679885818138],[125.2769765504275,1.522501245136462],[125.2761240551811,1.522678007783915],[125.2761820578557,1.523081350124242],[125.277514211012,1.523679885818138]]],[[[125.2931771886764,1.539175252336042],[125.2935401793359,1.539097386335373],[125.2937873957718,1.538462259925419],[125.2932587895616,1.538740034425087],[125.2931771886764,1.539175252336042]]],[[[125.2936067606436,1.540683779632809],[125.2937353583002,1.540608038730015],[125.2934394426763,1.540594139707816],[125.2934442072845,1.540681125733398],[125.2936067606436,1.540683779632809]]],[[[125.2938754097225,1.54309231156102],[125.294180785315,1.542905576331341],[125.2941802942852,1.542774361647512],[125.293845461399,1.542782102112403],[125.2938754097225,1.54309231156102]]],[[[125.2961218577376,1.545852544059676],[125.2950237738281,1.543295213903059],[125.2938994180238,1.543324711666136],[125.2943456966966,1.545406945274339],[125.2961218577376,1.545852544059676]]],[[[125.2925130330501,1.549264786840451],[125.2929842247422,1.533653057942372],[125.2880691419774,1.531042087722165],[125.2746215623353,1.504057695906022],[125.2832373661117,1.48736729766272],[125.2606187772349,1.445338070895305],[125.25987578434,1.412734760800591],[125.2541449220506,1.407336332006112],[125.2441819185608,1.415310628682606],[125.2264041158573,1.397445136683759],[125.2058309504381,1.405004783843752],[125.195042442155,1.397298709068215],[125.1747632821998,1.39860429355336],[125.1779399565638,1.392727429926952],[125.1736684070715,1.387187959556721],[125.1689250840254,1.397535576106021],[125.1772006643793,1.401721559602295],[125.1790833321302,1.406137036595043],[125.1669284047222,1.403862748267246],[125.1859766437072,1.431882221986955],[125.2402249105512,1.442818808141519],[125.2374511216719,1.453014632619285],[125.2447615810821,1.452411278357888],[125.2452244747298,1.460166582921493],[125.2374316540477,1.462033466671217],[125.2780860647202,1.516715133896371],[125.2925130330501,1.549264786840451]]],[[[125.2942431568962,1.552295805207324],[125.2941180072403,1.552560578208181],[125.2942519846414,1.55310950909657],[125.2944594582375,1.552649302623285],[125.2942431568962,1.552295805207324]]],[[[125.1470374578125,1.599183130097368],[125.1557097749862,1.596372735213622],[125.1548125924272,1.582419483872075],[125.169102637177,1.566354577601745],[125.207746972245,1.550546672391048],[125.2479148541872,1.508394038853853],[125.2423229632342,1.509721970592556],[125.2465950181456,1.506796019121046],[125.2362053465995,1.493439691888307],[125.2412551298205,1.486001660947897],[125.2338465058117,1.466445454294371],[125.214471165412,1.459483871583453],[125.2017461883359,1.439821785946746],[125.1414897748333,1.437343806571453],[125.1264317756059,1.428365655150918],[125.1224594341557,1.40722390685781],[125.1083808380054,1.393731305355514],[125.0884222198097,1.428651089176489],[125.0957257634333,1.451680232956429],[125.032493640769,1.455087331615099],[125.0498828940804,1.489873710003772],[125.0666384104344,1.501113720222078],[125.0786145903912,1.499279000725304],[125.0671973795556,1.541666666683314],[125.0852913533133,1.576199374201812],[125.1248002624223,1.565944442681941],[125.1470374578125,1.599183130097368]]]]}},{"type":"Feature","properties":{"kode":"71.73","nama":"Kota Tomohon","lat":1.330532103129189,"lng":124.81504660778879},"geometry":{"type":"MultiPolygon","coordinates":[[[[124.8403628700505,1.396779030428005],[124.8376568010205,1.386058849036706],[124.8640978566308,1.351878598418674],[124.8842397485656,1.356833572411473],[124.90949749961,1.348627499759322],[124.8762863629254,1.326231789865259],[124.8500636770971,1.266721317235062],[124.8345808992891,1.262186628809944],[124.8189617716685,1.242584723106541],[124.8215288747579,1.269306475113849],[124.8003784327185,1.269637318607428],[124.7975647526113,1.280744752568294],[124.770291071376,1.290011164583602],[124.7787061401762,1.29632675167832],[124.7514773216211,1.2930299602645],[124.7312379710556,1.313340869885257],[124.7338989768564,1.326910383207666],[124.7693384483108,1.359288602886741],[124.7781776697637,1.387112779830987],[124.7909842306378,1.397860290719885],[124.8356858468244,1.405133189944793],[124.8403628700505,1.396779030428005]]]]}},{"type":"Feature","properties":{"kode":"71.74","nama":"Kota Kotamobagu","lat":0.7110773575760976,"lng":124.31830775993886},"geometry":{"type":"MultiPolygon","coordinates":[[[[124.3211763190319,0.774563324637809],[124.3457798060932,0.768488806213538],[124.3571221132949,0.755335071056715],[124.3487752949439,0.730644247234322],[124.3795277777848,0.657888888661359],[124.3364654053542,0.64792819732846],[124.3184721934371,0.666824274620678],[124.2957637982607,0.658291892856619],[124.2880156190257,0.699094200636916],[124.2705333641235,0.713885764016828],[124.2524027780659,0.707163889302118],[124.2557127391517,0.750361563835186],[124.264883242068,0.757555741804092],[124.2696424300542,0.743105911808437],[124.30601388873,0.752427777819717],[124.3041083332331,0.762138889298322],[124.3211763190319,0.774563324637809]]]]}}]}