{"type":"FeatureCollection","features":[{"type":"Feature","properties":{"kode":"81.01","nama":"Kabupaten Maluku Tengah","lat":-3.1811823367851715,"lng":129.2954507123729},"geometry":{"type":"MultiPolygon","coordinates":[[[[129.1469573786801,-6.951043194187959],[129.1584654678071,-6.954695276265958],[129.1621902717637,-6.9764447971896],[129.1462253242394,-6.990543163136368],[129.1346883506869,-6.988766735896127],[129.1232927235804,-6.966915336173755],[129.1469573786801,-6.951043194187959]]],[[[129.5179681849839,-6.714465442226362],[129.5177416295725,-6.714499962703061],[129.517830860306,-6.713994326976528],[129.5178725007154,-6.713994326976528],[129.5179681849839,-6.714465442226362]]],[[[129.5175662635722,-6.713334740805602],[129.517204585923,-6.713320464068121],[129.517176032448,-6.713006374944167],[129.5175409998173,-6.713024999903786],[129.5175662635722,-6.713334740805602]]],[[[129.5321082605879,-6.712488175688661],[129.536750589768,-6.723708524029152],[129.5239538395981,-6.751375964429122],[129.5101125232744,-6.762380714698128],[129.4926752515617,-6.745607022146308],[129.4955963359023,-6.760117017686155],[129.4895877917432,-6.757095858586996],[129.4864321273409,-6.743321230590275],[129.4946983754297,-6.720535514402374],[129.5321082605879,-6.712488175688661]]],[[[129.5284879902287,-6.702558162029496],[129.529948979362,-6.702329733330518],[129.5303249346481,-6.704123846638125],[129.527902180841,-6.704345957599837],[129.5284879902287,-6.702558162029496]]],[[[129.7825016289471,-6.616781105863349],[129.7824352652753,-6.616434190585422],[129.7838213579694,-6.615127695087057],[129.7837864471869,-6.615755974958208],[129.7825016289471,-6.616781105863349]]],[[[129.9900756118001,-6.30359198927886],[129.9905895752488,-6.303858488978057],[129.9907561368862,-6.304243961789417],[129.9893189024455,-6.303701499724371],[129.9900756118001,-6.30359198927886]]],[[[130.0078952455692,-6.298912730338183],[130.020922795051,-6.301583675446202],[130.031487602371,-6.320762130867567],[130.0109290590289,-6.319786551707888],[129.9980978153619,-6.30393339261193],[130.0078952455692,-6.298912730338183]]],[[[129.9858819597848,-6.304999093733147],[129.9821402575669,-6.301162212665971],[129.9854501835791,-6.295960699426732],[129.9884636750586,-6.303262087375376],[129.9858819597848,-6.304999093733147]]],[[[130.3033687079995,-5.5371448609465],[130.3103711280251,-5.544888811569385],[130.3084691653198,-5.548803071204737],[130.301598323304,-5.548810656086881],[130.3033687079995,-5.5371448609465]]],[[[130.0497536029464,-4.585577793280462],[130.0495607532263,-4.585476604261787],[130.0496318248489,-4.585150830246556],[130.0498390799097,-4.585317284864734],[130.0497536029464,-4.585577793280462]]],[[[130.0472251886916,-4.583133689568067],[130.0469986036028,-4.583122055938096],[130.0468193947993,-4.582888980442037],[130.046998210599,-4.582852819601937],[130.0472251886916,-4.583133689568067]]],[[[130.0454589678572,-4.583278948064942],[130.0476377697673,-4.583394219567507],[130.0492999651213,-4.584960537298935],[130.0452843132205,-4.608434609869308],[130.0334416825876,-4.602340301863419],[130.0299572350384,-4.58797031098104],[130.0368925395591,-4.579044370601151],[130.0454589678572,-4.583278948064942]]],[[[129.6940330727683,-4.542860916997673],[129.6852871991451,-4.563022147054399],[129.6668360686298,-4.56167645280601],[129.6914202490454,-4.541570965427669],[129.6940330727683,-4.542860916997673]]],[[[129.6975826114484,-4.534217235137275],[129.6975728466097,-4.535226082018065],[129.6966793152982,-4.536102946194001],[129.6967674209797,-4.534713464854503],[129.6975826114484,-4.534217235137275]]],[[[129.766415525656,-4.518566475662292],[129.7845143008944,-4.523191501886251],[129.7752819929696,-4.537883315162874],[129.7639122726333,-4.522835974700426],[129.766415525656,-4.518566475662292]]],[[[129.9467597852359,-4.507870709965259],[129.9445693469978,-4.522513582136048],[129.9554926393739,-4.531390329599974],[129.9576451478054,-4.547826992221873],[129.9340077169826,-4.572848866381987],[129.9170983059421,-4.571123974791538],[129.8985423783282,-4.556983995415001],[129.8872259976818,-4.562015087126506],[129.8830075792365,-4.552243498938216],[129.8687504550695,-4.564281061221978],[129.8609715163225,-4.557431569111595],[129.862454351787,-4.546553700592762],[129.8736235889576,-4.54309142762728],[129.9213166119721,-4.545329936427381],[129.9467597852359,-4.507870709965259]]],[[[129.8796675682037,-4.506274048208672],[129.8934067808983,-4.512407822063283],[129.889418039411,-4.535734593776455],[129.8665154221491,-4.526019422758123],[129.8796675682037,-4.506274048208672]]],[[[129.8873514324228,-4.503175670620665],[129.8881291211621,-4.503382941869274],[129.8856372400667,-4.503164837387333],[129.8864380332887,-4.502757950818717],[129.8873514324228,-4.503175670620665]]],[[[129.8948599126548,-4.502343660131805],[129.9069423699945,-4.507187145170535],[129.9049465027788,-4.5309003258893],[129.894984967882,-4.528496063942169],[129.9009619863067,-4.517768678981307],[129.8948599126548,-4.502343660131805]]],[[[129.9339871521854,-4.491447973345222],[129.9384858560374,-4.496073243285517],[129.9367049573679,-4.500202875262429],[129.9342670418905,-4.495416320007076],[129.9339871521854,-4.491447973345222]]],[[[129.9309184980903,-4.487143792851692],[129.9307544248769,-4.487045278416771],[129.9308971050175,-4.486727982310493],[129.9311059248986,-4.486853364890811],[129.9309184980903,-4.487143792851692]]],[[[129.7084633955693,-4.326117806291643],[129.7066810822662,-4.326077587710467],[129.7075905396718,-4.32333623198147],[129.709147010726,-4.324100680901635],[129.7084633955693,-4.326117806291643]]],[[[127.9130447561107,-3.679282818647136],[127.9154018063483,-3.679195895574042],[127.9143099232644,-3.68551611957322],[127.9108820592597,-3.681806571715887],[127.9130447561107,-3.679282818647136]]],[[[128.7609589576898,-3.67421272513713],[128.7607731136883,-3.674219856760955],[128.7607803127613,-3.674025972820319],[128.7609018273575,-3.674018824109362],[128.7609589576898,-3.67421272513713]]],[[[128.7606874226865,-3.673911052053372],[128.7605230239185,-3.673911007986577],[128.7605159507506,-3.673630948309528],[128.7608876045794,-3.673745943720322],[128.7606874226865,-3.673911052053372]]],[[[127.9104094817122,-3.671237830761223],[127.9099008215658,-3.67514133360565],[127.9065757033061,-3.67366495077677],[127.9073565675515,-3.671354401784191],[127.9104094817122,-3.671237830761223]]],[[[128.8108154275899,-3.671158440409686],[128.8105081670184,-3.670720334775604],[128.8106296924065,-3.670655731976405],[128.8108798424308,-3.670763500435184],[128.8108154275899,-3.671158440409686]]],[[[127.9053017812523,-3.655847850397967],[127.9038873059544,-3.651910302818154],[127.9112672325968,-3.648534740685674],[127.9085116729754,-3.654557064257061],[127.9053017812523,-3.655847850397967]]],[[[128.7946394820266,-3.64210779234069],[128.7944965212974,-3.642150845585038],[128.7944322341603,-3.64197130583104],[128.7946037744447,-3.641978525588454],[128.7946394820266,-3.64210779234069]]],[[[128.7953685875903,-3.64185662428376],[128.7948611406293,-3.641734431598723],[128.794882647916,-3.641447197130423],[128.7952185626866,-3.641533445711856],[128.7953685875903,-3.64185662428376]]],[[[128.7781352155677,-3.644588482272562],[128.7844092692724,-3.650873367411902],[128.7931386844028,-3.641295996812735],[128.8032514277113,-3.645980272171714],[128.8048457125597,-3.644235641361673],[128.8076462868468,-3.665851491553054],[128.8113938589395,-3.673729354825797],[128.8066882921311,-3.684485456938249],[128.7856137195976,-3.695474682210767],[128.7614341558617,-3.68812955393574],[128.7632294265968,-3.683778373073457],[128.7599152746702,-3.647779320958902],[128.770329192838,-3.648133917346355],[128.7725401706924,-3.638669960250398],[128.7781352155677,-3.644588482272562]]],[[[128.4010617996624,-3.633946531107471],[128.4008296720518,-3.633713005051112],[128.4010859347682,-3.633473821359681],[128.401169129252,-3.633761102592795],[128.4010617996624,-3.633946531107471]]],[[[128.6559295443131,-3.630801459819446],[128.6556195417086,-3.631548155223088],[128.6549906458017,-3.631356423360257],[128.6553959135906,-3.630695936068554],[128.6559295443131,-3.630801459819446]]],[[[128.6117465122918,-3.646048270810967],[128.6113279309394,-3.657561400638068],[128.6047664188352,-3.627040873637347],[128.6090325831872,-3.630846317103822],[128.6117465122918,-3.646048270810967]]],[[[128.3545018639699,-3.594627850195112],[128.3542598797897,-3.594562959612871],[128.3541945836132,-3.594346035940779],[128.3545106332592,-3.594335196412127],[128.3545018639699,-3.594627850195112]]],[[[128.3549810686215,-3.594208890228037],[128.3547269040235,-3.594206710271378],[128.3545565508443,-3.594118695421392],[128.354971489043,-3.594004950068344],[128.3549810686215,-3.594208890228037]]],[[[128.5682817454063,-3.593498698306233],[128.5659484435658,-3.595535434312838],[128.5662875176549,-3.593364571617633],[128.5734582404056,-3.58904902099553],[128.5682817454063,-3.593498698306233]]],[[[128.3748234440468,-3.532073905386371],[128.3738289179703,-3.532109952012588],[128.3798120850597,-3.528312340741893],[128.3773470442308,-3.530840967236839],[128.3748234440468,-3.532073905386371]]],[[[128.4064083285815,-3.522490210754617],[128.4057467567076,-3.521260543439267],[128.4070615538478,-3.519887113199685],[128.4075622855711,-3.521276258192676],[128.4064083285815,-3.522490210754617]]],[[[128.4492703824223,-3.509956277560081],[128.4812373592168,-3.519635141148816],[128.500085544912,-3.513527456626766],[128.5339892881751,-3.539159002785722],[128.5504552956754,-3.538449080660458],[128.5755395863829,-3.585631912882439],[128.5671176638492,-3.591631129273123],[128.5626592010613,-3.600546555678966],[128.5456893366937,-3.601359229844528],[128.5381351664049,-3.615022876104737],[128.5233348724065,-3.616872626870185],[128.51090016591,-3.605529938355881],[128.4975517059465,-3.624345791624942],[128.4657734581786,-3.613671828192258],[128.4400752353839,-3.630895928204472],[128.4010146805831,-3.633144661396928],[128.4178174608072,-3.609242589773645],[128.4104513486509,-3.586981781783807],[128.4232327860643,-3.566955875413294],[128.4147023297488,-3.532519159731409],[128.4492703824223,-3.509956277560081]]],[[[128.5810507928598,-3.49381293332012],[128.6040035374334,-3.49704611658497],[128.6349799802419,-3.519594796662487],[128.6389395935875,-3.53076145367808],[128.6586574758619,-3.529526634146832],[128.6824290684469,-3.54457196732241],[128.6896783164012,-3.537134982293535],[128.6940849512596,-3.494240693153452],[128.7161659020348,-3.498441335599159],[128.7306900187294,-3.514157598094661],[128.7261900693163,-3.530557609745857],[128.7385590686462,-3.601047585077913],[128.7326215754254,-3.619271120565751],[128.7226056702156,-3.619665446303236],[128.7196695132375,-3.6073659708628],[128.6988536549723,-3.587942040992312],[128.6549860088972,-3.572731685818622],[128.6513467196754,-3.583032512440434],[128.6659333167692,-3.590755060097875],[128.6637195483186,-3.609606333165674],[128.6557502581679,-3.625810637051144],[128.6446843710869,-3.630495468191233],[128.6263552605868,-3.603667463082941],[128.6081627310253,-3.594195404893943],[128.6076077387063,-3.588393023119421],[128.6183621339054,-3.592828192566946],[128.6298581523319,-3.583957365340121],[128.6170721319734,-3.584153152246097],[128.5963104066001,-3.550932712074919],[128.572392669686,-3.546096387438327],[128.554676842862,-3.52972289139826],[128.5665167413546,-3.49760859665931],[128.5810507928598,-3.49381293332012]]],[[[128.2893759759206,-3.490548263891283],[128.3158451038685,-3.507549950769542],[128.3399842871452,-3.502708503594556],[128.3523398973685,-3.521566210412244],[128.3471921581917,-3.540469073089161],[128.3215798593232,-3.567448656230424],[128.3282108998133,-3.58748731858485],[128.3550877237195,-3.600050084044051],[128.3526562599785,-3.634161529331051],[128.3111986800751,-3.632273935093957],[128.2680696876661,-3.616475396322441],[128.2694463482705,-3.599246826679606],[128.241972738751,-3.575303031909341],[128.2290451327268,-3.584300909059637],[128.2138838013963,-3.624631901940647],[128.1967515851176,-3.632721464723756],[128.1871476764242,-3.62779322307876],[128.1797535099167,-3.640966622811328],[128.1618778699679,-3.645351064200211],[128.1086955857328,-3.647771185691598],[128.07081646221,-3.672553751154586],[128.0665030097062,-3.693955219157965],[128.0847145716202,-3.722395363355327],[128.0685088728862,-3.720391168417583],[128.0378263348175,-3.734143720756025],[128.0197159241506,-3.764411108385859],[127.9984269262617,-3.781205767731935],[127.9430867880249,-3.774363472895883],[127.9175391998742,-3.719369604223813],[127.924906391217,-3.705672492391512],[127.9203300003293,-3.683042000088202],[127.9468759996278,-3.669976000092293],[127.9660654942272,-3.641594265962558],[127.9920230149503,-3.629565311989483],[128.026437280856,-3.592021858621822],[128.0753251332484,-3.590229948653148],[128.0866118497571,-3.580635428881854],[128.1398445652745,-3.591009429741357],[128.1696395453288,-3.587052830923357],[128.2241674608597,-3.515849281319186],[128.2574126521722,-3.495071081265325],[128.2893759759206,-3.490548263891283]]],[[[128.842991887066,-3.240270144551419],[128.842869295082,-3.240406429613055],[128.842544186565,-3.240268460121312],[128.842997857665,-3.240162429152774],[128.842991887066,-3.240270144551419]]],[[[129.1226103926556,-2.963264781044719],[129.122420035856,-2.963083941770408],[129.1229244817795,-2.9626746746964],[129.1230339373664,-2.96315056714487],[129.1226103926556,-2.963264781044719]]],[[[129.1635048602611,-2.91989309219243],[129.1670195016487,-2.92373446177592],[129.1660272256759,-2.927298830276717],[129.1597024906774,-2.918354490667221],[129.1635048602611,-2.91989309219243]]],[[[129.1786487762201,-2.917334305134014],[129.1791784418318,-2.924453081244652],[129.1687358478812,-2.922247716059159],[129.1714113813302,-2.918939214573049],[129.1786487762201,-2.917334305134014]]],[[[129.2370992557261,-2.901756427617011],[129.2365541721374,-2.901028368864081],[129.2369253682112,-2.900696433593522],[129.2372465961536,-2.900828493639976],[129.2370992557261,-2.901756427617011]]],[[[129.0743558581364,-2.889349186415727],[129.0822081213079,-2.89686967709393],[129.0717333163395,-2.905995213907955],[129.0691757145875,-2.895530073953692],[129.0743558581364,-2.889349186415727]]],[[[129.0603007666671,-2.787709668566299],[129.0629461305595,-2.782246279941861],[129.066943328372,-2.783138854374537],[129.0653450766141,-2.78557286139838],[129.0603007666671,-2.787709668566299]]],[[[129.0452819410088,-2.782879532164698],[129.0433261403891,-2.782125948853389],[129.0441159555869,-2.780236474133948],[129.046461454033,-2.780960699076987],[129.0452819410088,-2.782879532164698]]],[[[129.5278638634267,-2.773025358333639],[129.5477720179643,-2.800417152929205],[129.5907286975715,-2.809920940099245],[129.6175326970764,-2.802405587248005],[129.6371078002849,-2.827168283989037],[129.6696270597411,-2.825003649998406],[129.680699939051,-2.833738123815335],[129.7080137120632,-2.834764396859393],[129.7621509800837,-2.862434554111351],[129.7857368060089,-2.864556546747179],[129.7943640086921,-2.893044162558025],[129.8136638492074,-2.914051124959441],[129.8298363665552,-2.913338763872789],[129.8524394780996,-2.897795670333883],[129.8803034707287,-2.897202511686528],[129.8805991840051,-2.911378315556748],[129.9038504747197,-2.915464778276869],[129.9108297201155,-2.944040927846528],[129.9756274032821,-2.976999126608318],[129.9996496926792,-2.98392049343599],[130.0110657460874,-2.978556628285725],[130.03216943687,-3.002928264727592],[130.0735287847256,-3.004690261446344],[130.0980967638547,-2.99340982760137],[130.1280999621436,-2.99771137218208],[130.1333821904358,-3.016348296336771],[130.1166044779144,-3.041530354142521],[130.1370656210817,-3.084249223322979],[130.1238132662693,-3.103864144914306],[130.1426497499861,-3.142713555086443],[130.136043393188,-3.175262851899044],[130.1567481842814,-3.192746203974098],[130.1575181964078,-3.213304186139235],[130.1468904374437,-3.218968580435602],[129.9029213608323,-3.160020754254303],[129.9070230157996,-3.195778429231114],[129.8919361834082,-3.216980601173772],[129.9015877121032,-3.232776933908335],[129.9000270124368,-3.257810840098132],[129.8830755149231,-3.269610127005665],[129.8823337001402,-3.289888892158624],[129.8562326656052,-3.323683695146398],[129.8585570533654,-3.336558210592935],[129.8228242950053,-3.330900325589495],[129.8129529387272,-3.321787176037263],[129.7615086294197,-3.33146331108283],[129.7289974926402,-3.314622309671813],[129.6782913306804,-3.32326843678892],[129.5198609314369,-3.299325229275832],[129.4968629806421,-3.327214105246659],[129.5298814492695,-3.356498543772693],[129.5661016311854,-3.413703219428024],[129.5655293871715,-3.447443006389575],[129.5517147672228,-3.465932036134481],[129.5347803163586,-3.470105680932337],[129.4813653640203,-3.455953379944512],[129.455321000264,-3.436339925147339],[129.4086226723984,-3.417621352443392],[129.3556148278621,-3.410194238373412],[129.3362243212955,-3.417018725733525],[129.2880728688678,-3.41405385160394],[129.2263170391001,-3.400176938314983],[129.1900273575766,-3.389216386127261],[129.1473969825848,-3.361680001231074],[129.1309375167531,-3.364107614075065],[129.1186172058194,-3.351355639351253],[129.0838684047031,-3.341277029810977],[129.0590604828551,-3.350915837595794],[129.0358521797343,-3.347707028656346],[128.9776338988854,-3.360776982071981],[128.9349071894153,-3.356243408806206],[128.9144908657609,-3.336709330870827],[128.9105379190897,-3.328193428284079],[128.9275677979156,-3.338131039415851],[128.9279083163158,-3.322763573579993],[128.9402418014181,-3.307456743633777],[128.9669436316434,-3.290365751378291],[128.9673957945803,-3.227251206078277],[128.9333041802438,-3.209786873765166],[128.8854537992534,-3.203515925419589],[128.8587329447696,-3.211593674708338],[128.8424272243371,-3.24021882294028],[128.8344598650308,-3.239972904226088],[128.8117884751581,-3.185597602747128],[128.7934777126264,-3.170090707819798],[128.7986332066572,-3.123942327975973],[128.8071624560826,-3.11875695127222],[128.8048301857646,-3.098972063210129],[128.8109510624417,-3.09696365584802],[128.8027464430939,-3.087662931099347],[128.8181178551549,-3.071956452328342],[128.8111263933684,-3.064073163445682],[128.775450280606,-3.067505203002677],[128.771225163111,-3.05270333429142],[128.7861235641513,-3.006258636826578],[128.8116160508401,-2.998500274567986],[128.7816947969774,-2.985197965113942],[128.753779720158,-2.95807599591045],[128.7635250868134,-2.938435886107163],[128.7503649268999,-2.906401527608329],[128.7528573709709,-2.850424163044599],[128.8054301810581,-2.867017846396427],[128.919532288884,-2.851860278728838],[128.9850969345759,-2.82951441196049],[129.03187383441,-2.796540155803465],[129.0510968215612,-2.795012282290957],[129.0679451524469,-2.814185073782108],[129.0779178353399,-2.855134877572477],[129.0688302490169,-2.8663128984215],[129.0638636270048,-2.906077074697214],[129.075957004812,-2.908565780286468],[129.0833016213728,-2.93909940141617],[129.1311657835741,-2.96939728595598],[129.157131748931,-2.948285584911828],[129.1958924868488,-2.960840420149216],[129.1843085713836,-2.940254971789427],[129.1764057204478,-2.939711995312313],[129.1861734055783,-2.922261471189882],[129.1940673442326,-2.933770921890469],[129.2043291672574,-2.929649608642462],[129.203598300821,-2.945838062876208],[129.2198320251279,-2.954088071007613],[129.2095382752713,-2.943632953997602],[129.2241479939348,-2.921631582431486],[129.3482379229418,-2.856661098131122],[129.3725898291574,-2.820848550120461],[129.3643347632389,-2.80341347005553],[129.3771472587391,-2.789452560986819],[129.4736808747727,-2.784629248640849],[129.4987176929672,-2.794979973247072],[129.5120228038094,-2.787336681042943],[129.519124930771,-2.798877837342298],[129.5278638634267,-2.773025358333639]]],[[[129.0247021295997,-2.764434591683054],[129.023648739298,-2.763424917425963],[129.0244302402635,-2.761841217598063],[129.0251489316779,-2.762471308703843],[129.0247021295997,-2.764434591683054]]],[[[129.0008816093988,-2.759906949446103],[128.9986851034348,-2.757305726977657],[129.003075256418,-2.754333384877741],[129.0045987907017,-2.757828065812509],[129.0008816093988,-2.759906949446103]]],[[[129.0231697837586,-2.754925387896259],[129.0188592000921,-2.74595274662193],[129.0232001727499,-2.74336102099422],[129.0267233451063,-2.747633733310087],[129.0231697837586,-2.754925387896259]]],[[[128.9911121571005,-2.726242532866577],[128.9971047931517,-2.72954334335054],[128.987437833889,-2.732288876430447],[128.9907828883197,-2.73943714760623],[128.9787995362697,-2.748736589921633],[128.9793315778901,-2.733160068582288],[128.9911121571005,-2.726242532866577]]]]}},{"type":"Feature","properties":{"kode":"81.02","nama":"Kabupaten Maluku Tenggara","lat":-5.676915912766446,"lng":132.88811310390176},"geometry":{"type":"MultiPolygon","coordinates":[[[[132.4543216523225,-6.008244294338708],[132.4552807379159,-6.009898738435985],[132.4553208162028,-6.010576427060403],[132.4525710662018,-6.008327042758736],[132.4543216523225,-6.008244294338708]]],[[[132.4563803506727,-6.006037960583369],[132.4561116988958,-6.006010990814462],[132.4551586081833,-6.004737588568768],[132.4558332696897,-6.005002110658867],[132.4563803506727,-6.006037960583369]]],[[[132.4689959548995,-5.992452245075056],[132.4703183369218,-6.016443660746321],[132.4399695012916,-6.037991684968239],[132.4279321584424,-6.008954967397776],[132.4427184751775,-6.008627556616356],[132.4520188635797,-6.021115133356662],[132.4612793166872,-6.015528688697972],[132.4593494714011,-6.003296210951329],[132.4689959548995,-5.992452245075056]]],[[[132.4670314866139,-5.988590461780311],[132.4667816432583,-5.988138363594579],[132.467174254888,-5.987769548026182],[132.4672634847221,-5.988055082775804],[132.4670314866139,-5.988590461780311]]],[[[132.6988239288814,-5.959012771422215],[132.699454452561,-5.959978510200052],[132.698792003848,-5.960279139170924],[132.6980689875937,-5.959444365065351],[132.6988239288814,-5.959012771422215]]],[[[132.4625082087869,-5.921000979011896],[132.4616749824146,-5.919393466035564],[132.4624033972991,-5.918540745059334],[132.4627415342944,-5.919195666446767],[132.4625082087869,-5.921000979011896]]],[[[132.9107307221452,-5.912903682059215],[132.9104451855969,-5.912725222391017],[132.9108877662575,-5.912475379035501],[132.9109091818134,-5.912739499128498],[132.9107307221452,-5.912903682059215]]],[[[132.9111131633419,-5.912195445263516],[132.9109942181087,-5.912063440075669],[132.9111673816694,-5.911974572668369],[132.9111942444189,-5.912073161746959],[132.9111131633419,-5.912195445263516]]],[[[132.4695549797785,-5.902570434877656],[132.465127643426,-5.909366083677784],[132.4635778003752,-5.914851776388356],[132.4609859407486,-5.904745492910094],[132.4695549797785,-5.902570434877656]]],[[[132.8867818911714,-5.896900570005207],[132.8859702836017,-5.896753974216455],[132.8858640170108,-5.896430661645694],[132.8863661372874,-5.896301012681508],[132.8867818911714,-5.896900570005207]]],[[[132.9301170936291,-5.888588291016798],[132.9296726082043,-5.888636872393675],[132.9295371963845,-5.888435443141108],[132.9297452932108,-5.888360867759771],[132.9301170936291,-5.888588291016798]]],[[[132.5329870379215,-5.893731783594872],[132.5389899478279,-5.910330494156905],[132.5254002186453,-5.920893313075907],[132.5162365613683,-5.897353000940234],[132.5279834276931,-5.874742682228965],[132.5349746871321,-5.878318467623148],[132.5329870379215,-5.893731783594872]]],[[[132.8770381990537,-5.862966521387828],[132.8746052010692,-5.863202745410304],[132.8745667010925,-5.86075329432905],[132.8766974648162,-5.860703970112072],[132.8770381990537,-5.862966521387828]]],[[[132.957932602008,-5.858847609329646],[132.957735834841,-5.858831583410832],[132.9577651176661,-5.858661377720312],[132.9578778611744,-5.858661788710577],[132.957932602008,-5.858847609329646]]],[[[132.9573371473915,-5.840785074971126],[132.9566637053658,-5.840417843108962],[132.956664138839,-5.840298243169321],[132.9572604514087,-5.840527653928066],[132.9573371473915,-5.840785074971126]]],[[[132.5289193953139,-5.838215863870992],[132.5419913955865,-5.841334110180955],[132.549252056837,-5.857459718890893],[132.5584340333041,-5.860178153598809],[132.5533754052508,-5.870223749926121],[132.5276467053312,-5.856145222124257],[132.5233738850968,-5.844934980365028],[132.5289193953139,-5.838215863870992]]],[[[132.6013941186438,-5.834841514923975],[132.6106088807953,-5.856391862994029],[132.5941046467122,-5.85923402822777],[132.5891151468466,-5.846614496661643],[132.6013941186438,-5.834841514923975]]],[[[132.9485162100551,-5.831881937801135],[132.948344888306,-5.831864091654441],[132.948355597433,-5.831689201395455],[132.9484626716151,-5.83169634021388],[132.9485162100551,-5.831881937801135]]],[[[132.5687812388632,-5.817636261104457],[132.5830298005849,-5.819275835811125],[132.5970770112952,-5.832165819596894],[132.5854435063128,-5.838716366267231],[132.5687812388632,-5.817636261104457]]],[[[132.5922257462213,-5.811699714869948],[132.5969410805665,-5.816368782693163],[132.5940194143645,-5.822841931909543],[132.5881505690935,-5.813167404851852],[132.5922257462213,-5.811699714869948]]],[[[132.905663429124,-5.807344040095312],[132.9054916819956,-5.807285996051784],[132.9054932018498,-5.80687458679268],[132.9056173235807,-5.806894182120707],[132.905663429124,-5.807344040095312]]],[[[132.9046351739742,-5.806393016024795],[132.9041814264317,-5.805090114217374],[132.9045463587276,-5.804574806282207],[132.9049464293344,-5.804892025946166],[132.9046351739742,-5.806393016024795]]],[[[132.909883653408,-5.799373803857914],[132.9093460521786,-5.799565088757745],[132.9093117871093,-5.79953051791902],[132.9097246748539,-5.798961800146944],[132.909883653408,-5.799373803857914]]],[[[132.9126487737221,-5.795688458555474],[132.9124219916816,-5.795658920322903],[132.9123917528772,-5.795438748299534],[132.9127866973483,-5.795455671741826],[132.9126487737221,-5.795688458555474]]],[[[132.5743996040585,-5.795294116630138],[132.5755979596781,-5.795387527412358],[132.577343779392,-5.795253754157396],[132.5758497662538,-5.796280216059094],[132.5732794076186,-5.795474701396301],[132.5743996040585,-5.795294116630138]]],[[[132.6225244914123,-5.814086169341141],[132.6156006118788,-5.802472614919178],[132.6184736751201,-5.793827531015764],[132.6230842150646,-5.803613772757358],[132.6225244914123,-5.814086169341141]]],[[[132.5634542252324,-5.779877335570553],[132.5685347661666,-5.781104386757966],[132.5699467260606,-5.782588322992658],[132.5618260062652,-5.785408810967833],[132.5634542252324,-5.779877335570553]]],[[[132.6320513407968,-5.779775885748498],[132.6331387812298,-5.785280904889837],[132.6288735809511,-5.790279278365932],[132.6273337914214,-5.78446745460928],[132.6320513407968,-5.779775885748498]]],[[[132.5795280689653,-5.755456703164245],[132.5784724258619,-5.756597036324144],[132.5751345381285,-5.756853662366516],[132.5763195442117,-5.755640028164758],[132.5795280689653,-5.755456703164245]]],[[[132.6743884774463,-5.745744711249382],[132.6730531568777,-5.745299220382697],[132.6730930687902,-5.744878462670825],[132.6738946327312,-5.745053923100033],[132.6743884774463,-5.745744711249382]]],[[[132.5600036425541,-5.751464155746148],[132.5570502167941,-5.746991580796727],[132.5588788262969,-5.743687327707984],[132.5607721663025,-5.747605342912169],[132.5600036425541,-5.751464155746148]]],[[[132.6629749025698,-5.741809796884549],[132.6628606886698,-5.741924010784397],[132.6625323228085,-5.741424324073278],[132.662896380064,-5.741295833435948],[132.6629749025698,-5.741809796884549]]],[[[132.5688867257419,-5.741779240619386],[132.568145274285,-5.7404912801484],[132.5716576179049,-5.739860533436828],[132.5711788170488,-5.741293345011814],[132.5688867257419,-5.741779240619386]]],[[[132.6622834003586,-5.741908215091999],[132.6585805533499,-5.745301028919306],[132.6549724517173,-5.754696991872591],[132.6510304300105,-5.743607898685513],[132.6622834003586,-5.741908215091999]]],[[[132.5904163408416,-5.733523910300135],[132.5891423828148,-5.733288965113629],[132.5887897406541,-5.731981751056895],[132.5901609603601,-5.732934537798665],[132.5904163408416,-5.733523910300135]]],[[[132.7614453426286,-5.735358378886061],[132.7603950028272,-5.734151496794108],[132.7597785796178,-5.731745646644252],[132.7609823113846,-5.733162154409825],[132.7614453426286,-5.735358378886061]]],[[[132.7832941073373,-5.73263443403185],[132.7922030307453,-5.762516259817544],[132.7847206632281,-5.776765644418872],[132.7795028470788,-5.752187898652553],[132.7758591017162,-5.758882569774729],[132.7765682207468,-5.735403002346632],[132.7826131415833,-5.738779792953056],[132.7832941073373,-5.73263443403185]]],[[[132.5630122174398,-5.727702285731854],[132.563705791689,-5.733153100035508],[132.5585375021041,-5.735814212855565],[132.5560996118077,-5.72970577020511],[132.5630122174398,-5.727702285731854]]],[[[132.7963474295902,-5.723908137750281],[132.8016460920935,-5.730142367676087],[132.8031725986366,-5.768961520158004],[132.7940636147441,-5.760574169362335],[132.7992221197051,-5.754255878905638],[132.7886208871443,-5.736045647088853],[132.7920899850649,-5.729963595943203],[132.7826650639417,-5.728434434601385],[132.7963474295902,-5.723908137750281]]],[[[132.5557185600636,-5.726677844606768],[132.5555788072161,-5.729224074431442],[132.5539520883183,-5.726060504088951],[132.5561439124117,-5.722654957660093],[132.5557185600636,-5.726677844606768]]],[[[132.6317321048528,-5.728503310978964],[132.6297123957106,-5.723245584715889],[132.6315273022433,-5.71735799667417],[132.6346952567808,-5.722082362011331],[132.6317321048528,-5.728503310978964]]],[[[132.5696722745558,-5.710162908591324],[132.5699649481239,-5.710198600884623],[132.5700123217114,-5.710272336299197],[132.5697116189961,-5.710245954687013],[132.5696722745558,-5.710162908591324]]],[[[132.7563512561056,-5.712274935839527],[132.7546406205682,-5.71008580521564],[132.7546420450943,-5.708996301737893],[132.7563561439209,-5.711019298801538],[132.7563512561056,-5.712274935839527]]],[[[132.5660612420328,-5.710941397727235],[132.5750401389913,-5.711999072399258],[132.5795403510064,-5.71599738986757],[132.5564853777981,-5.712636893178028],[132.5597910464197,-5.706638986200189],[132.5660612420328,-5.710941397727235]]],[[[132.762724552696,-5.701631321828041],[132.7664519323109,-5.710834871232321],[132.7613932610902,-5.716124829197414],[132.753607910177,-5.704202781233362],[132.762724552696,-5.701631321828041]]],[[[132.6187274557076,-5.696102059662315],[132.6230521038716,-5.702312883832476],[132.6266958384423,-5.70304834220721],[132.6273918309683,-5.703631309737104],[132.6154344441444,-5.706118440613554],[132.6187274557076,-5.696102059662315]]],[[[132.6324425171085,-5.686324589008488],[132.6353018504001,-5.687687527757105],[132.6309383560204,-5.692177634090515],[132.632551323385,-5.68490947878935],[132.6324425171085,-5.686324589008488]]],[[[132.999608477949,-5.639656242741323],[133.000207636873,-5.64067515483451],[132.9991714344142,-5.643579220404663],[132.9973813455726,-5.642101915770751],[132.999608477949,-5.639656242741323]]],[[[133.0028420937877,-5.627964723393201],[133.0021562168361,-5.627438503084451],[133.0027497190244,-5.625646456418813],[133.0031513589481,-5.627599791097441],[133.0028420937877,-5.627964723393201]]],[[[132.9805395806373,-5.626012113568172],[132.9833989364118,-5.630496153074986],[132.983236445106,-5.639395460032385],[132.9772239511245,-5.633430623824224],[132.9805395806373,-5.626012113568172]]],[[[132.7113542288147,-5.62509275912351],[132.7112271680994,-5.624618712083843],[132.7122643436246,-5.623042192443143],[132.7127164418104,-5.623713200004125],[132.7113542288147,-5.62509275912351]]],[[[132.7127640303358,-5.623042192443143],[132.7122976563119,-5.622908942593589],[132.7124404236866,-5.622623406944597],[132.7126545756482,-5.622642442894391],[132.7127640303358,-5.623042192443143]]],[[[132.7167642363804,-5.622545317012743],[132.7163912641456,-5.622687356836024],[132.7162632483503,-5.622457256297312],[132.7166359948554,-5.622372614804298],[132.7167642363804,-5.622545317012743]]],[[[132.7148440983765,-5.622738699131594],[132.7140566403018,-5.622649514263659],[132.7139579442038,-5.62224732755208],[132.7149906932659,-5.621878273663387],[132.7148440983765,-5.622738699131594]]],[[[133.0036113792617,-5.622412836982774],[133.003253916735,-5.622208285284084],[133.0036643304445,-5.620888049044196],[133.0038477471759,-5.621367098113054],[133.0036113792617,-5.622412836982774]]],[[[132.7141092776212,-5.621067766863933],[132.7133656956704,-5.622373496139924],[132.7128256267014,-5.62241916371338],[132.7129933106928,-5.621214698999103],[132.7141092776212,-5.621067766863933]]],[[[132.7136541909882,-5.6196872247855],[132.7135533023431,-5.619670092700594],[132.713627541378,-5.619573010885651],[132.7136903590229,-5.619641539225632],[132.7136541909882,-5.6196872247855]]],[[[132.7135394977497,-5.619361344650357],[132.7133261030173,-5.618987410140867],[132.7135279189783,-5.618658151252624],[132.7137133951571,-5.618845426974842],[132.7135394977497,-5.619361344650357]]],[[[132.5835598933744,-5.614999808993985],[132.5923633146153,-5.621971383172734],[132.5907490576229,-5.628493387160098],[132.5835251192889,-5.621911455049559],[132.5835598933744,-5.614999808993985]]],[[[132.71673320977,-5.612245744945169],[132.7162363784062,-5.611855569578842],[132.7161764161087,-5.611098844935717],[132.7165000227579,-5.611098844935717],[132.71673320977,-5.612245744945169]]],[[[132.7194184316154,-5.607916315985121],[132.7191073363345,-5.608061236336929],[132.7199121693112,-5.60745232066802],[132.7198288875932,-5.607737856317011],[132.7194184316154,-5.607916315985121]]],[[[132.7104351756429,-5.593687912567073],[132.7114433938975,-5.652498529183773],[132.7001378968465,-5.651248265594936],[132.7059515983876,-5.630241051383392],[132.7003705010979,-5.628398461919452],[132.6907170991148,-5.657015936236379],[132.7182586650055,-5.661441815687133],[132.7228420769004,-5.645183832168036],[132.7421115985714,-5.643601581147965],[132.7383948813188,-5.6934679453893],[132.7637816607951,-5.747196485029685],[132.7611189912485,-5.717767719704429],[132.7733968478863,-5.717779615037148],[132.7790316832657,-5.727760739866187],[132.7729737222595,-5.741792271795879],[132.7719593139712,-5.766909581112215],[132.7797335033985,-5.780375666104102],[132.7741200601926,-5.784229511982345],[132.7688500653782,-5.776194091983714],[132.7723785896003,-5.814193622137934],[132.7747300604439,-5.786602742822281],[132.7893689477189,-5.776388126111057],[132.8047928532077,-5.790036715921668],[132.8140457160371,-5.839509016128178],[132.8133505400954,-5.851442617682582],[132.7971988258651,-5.868247443864386],[132.7798863602674,-5.94227535842096],[132.7265000720208,-5.952740775366453],[132.7210417303916,-5.944084388783536],[132.729881095736,-5.896758565255559],[132.7111362394459,-5.894902801622929],[132.7125176286856,-5.93072326906359],[132.694275791095,-5.95204050116818],[132.6946951008982,-5.911806843710891],[132.6832154420391,-5.903938562714454],[132.6627375795757,-5.906148747366728],[132.6691874642302,-5.853893703731376],[132.6899218007505,-5.83561441117613],[132.6888168900875,-5.807962904963996],[132.6767015139637,-5.798299037570479],[132.6694101912274,-5.776960117415423],[132.6800509687772,-5.731174518689012],[132.6617858522353,-5.713421742319528],[132.6493909722156,-5.712394085218778],[132.6581367747924,-5.675217081303233],[132.6506269275906,-5.668355201031686],[132.6445892642831,-5.677912310804415],[132.6352116501976,-5.675678822019917],[132.6398164983328,-5.636208375116406],[132.6097559376865,-5.594961733896823],[132.6261383082364,-5.61228637541589],[132.644186519992,-5.613785436448707],[132.6717215837841,-5.630319342763438],[132.6850028230219,-5.604125038639544],[132.7104351756429,-5.593687912567073]]],[[[132.7111756522346,-5.589183137391877],[132.7109367356419,-5.589234822329185],[132.7108558901872,-5.589153189967692],[132.7109421423661,-5.58907220961478],[132.7111756522346,-5.589183137391877]]],[[[132.5910165330866,-5.570755017829735],[132.5857333811906,-5.569250679575148],[132.5862227472821,-5.563972366031837],[132.5924935076694,-5.564428474294639],[132.5910165330866,-5.570755017829735]]],[[[132.5682090676945,-5.566360137110563],[132.5612433993634,-5.562540968191047],[132.5580158242709,-5.558067646804402],[132.5703020149261,-5.565268717177466],[132.5682090676945,-5.566360137110563]]],[[[133.0952446344325,-5.345203928118706],[133.0950376203899,-5.345096852137913],[133.095294602564,-5.344275936585134],[133.0953731241704,-5.344482950627664],[133.0952446344325,-5.345203928118706]]],[[[133.1067731219821,-5.314687340148597],[133.1065232786264,-5.314451774429844],[133.1067088771131,-5.314187653437389],[133.1069158893569,-5.314473189086381],[133.1067731219821,-5.314687340148597]]],[[[133.1802151938761,-5.295650325602067],[133.1800200787637,-5.295669361551773],[133.1795319591326,-5.296092676935497],[133.1795115292338,-5.2957337620035],[133.1800277409875,-5.295498434605043],[133.1802151938761,-5.295650325602067]]],[[[133.1749451639883,-5.289295698038003],[133.1746929410265,-5.289095822813898],[133.1747167352891,-5.288895947589881],[133.1748928162506,-5.289043475076286],[133.1749451639883,-5.289295698038003]]],[[[133.1210263826615,-5.279241517681824],[133.1208071369399,-5.279157649605785],[133.1207864624254,-5.278994010764996],[133.1209837350115,-5.279054593594593],[133.1210263826615,-5.279241517681824]]],[[[133.120680130184,-5.277843741895153],[133.1205015086378,-5.277721194877198],[133.1205699677299,-5.27757427623177],[133.12064140088,-5.277628319191566],[133.120680130184,-5.277843741895153]]],[[[133.1571076004355,-5.276324637671851],[133.1560789756643,-5.294881380071529],[133.1595827550402,-5.282705188193829],[133.1733904214309,-5.291281941608243],[133.1908684953848,-5.313235527697361],[133.1917663803143,-5.327008000918435],[133.1882013247314,-5.345018130881999],[133.1802344240795,-5.341616521685103],[133.1677310372577,-5.354642318388229],[133.119548785748,-5.565900062837573],[133.0843585281236,-5.62569786256624],[133.0395686452768,-5.646738757287809],[132.9620823868927,-5.743555873804488],[132.9421860944128,-5.823683881705736],[132.9602784646795,-5.854761607961815],[132.9524226986486,-5.874983382177294],[132.9289131748033,-5.886874560012848],[132.9263280888702,-5.900540003118574],[132.9087966383543,-5.91397663081679],[132.894148257836,-5.95367098732618],[132.8662855611298,-5.964829804951481],[132.844591300848,-6.007148200628957],[132.846895333353,-5.983114575277408],[132.869583752788,-5.937575034660084],[132.8680486613167,-5.904177103390555],[132.8874727071998,-5.903439316671103],[132.8890278571499,-5.896078666996888],[132.8850931927967,-5.88665903838386],[132.8723165460719,-5.879436169343747],[132.8807466776171,-5.86244466369024],[132.8770001919054,-5.856308888844167],[132.8918521339689,-5.85768278043595],[132.8824441066103,-5.841744798183849],[132.9078873752023,-5.820579606363711],[132.9125526847587,-5.794539963148696],[132.9370519799649,-5.7779966526234],[132.9293476561695,-5.76213365404488],[132.9430147396386,-5.729097402223252],[132.9409215531872,-5.687626694916029],[132.9772609609246,-5.639917079409677],[132.9792286766622,-5.657768647205311],[133.0055193746196,-5.648565209316895],[133.0087209107415,-5.617477797362439],[133.019131792798,-5.61029375115563],[133.0133802577927,-5.59108462525522],[133.0295239419764,-5.561476573784833],[133.0292404513859,-5.546204144705484],[133.0385184736487,-5.540321559592235],[133.0353513455882,-5.532062893687576],[133.0409254416559,-5.532812797872281],[133.054308424794,-5.452767400794904],[133.0737637167222,-5.415850843241791],[133.0740316481421,-5.387704798037944],[133.0919591367049,-5.367967794378163],[133.1195702948333,-5.280824510642627],[133.1312559667894,-5.293580901937015],[133.1412928909542,-5.279173437204302],[133.1571076004355,-5.276324637671851]]]]}},{"type":"Feature","properties":{"kode":"81.03","nama":"Kabupaten Kepulauan Tanimbar","lat":-7.5842912378285225,"lng":131.3666387715113},"geometry":{"type":"MultiPolygon","coordinates":[[[[130.8210285168526,-8.341497782696443],[130.8208656037647,-8.341600013130073],[130.8207524996283,-8.341538234202144],[130.820832211937,-8.341396655731064],[130.8210285168526,-8.341497782696443]]],[[[130.7002774477461,-8.257837631701275],[130.7001874759714,-8.25783966956502],[130.7001811879115,-8.257721200073291],[130.7002881442825,-8.257717672032854],[130.7002774477461,-8.257837631701275]]],[[[130.9212508587403,-8.257388077697563],[130.9208368333533,-8.260143494326737],[130.9143464980925,-8.261943536864695],[130.9148334531015,-8.259386825441588],[130.9212508587403,-8.257388077697563]]],[[[130.7012774911633,-8.256362723760695],[130.7010395449391,-8.256653017722542],[130.7003709160849,-8.25685527165339],[130.7005198815873,-8.256362828981327],[130.7012774911633,-8.256362723760695]]],[[[130.701903178289,-8.256126435886273],[130.7016867582373,-8.25641983071053],[130.7015181371524,-8.256405168163976],[130.7015787451631,-8.25613349286634],[130.701903178289,-8.256126435886273]]],[[[130.7057215027452,-8.255830063406648],[130.7056192938954,-8.255641984589861],[130.7057941841543,-8.255570600902455],[130.7058926320394,-8.255695989778093],[130.7057215027452,-8.255830063406648]]],[[[130.7142543737405,-8.253748742610316],[130.7042109537725,-8.26412393237355],[130.6971269103787,-8.26176710426843],[130.7106344262378,-8.250000079639879],[130.7142543737405,-8.253748742610316]]],[[[131.1083646373182,-8.176230491743723],[131.1076586137541,-8.17588151521969],[131.1077646303335,-8.174965515246306],[131.1081286138446,-8.175337500025552],[131.1083646373182,-8.176230491743723]]],[[[131.0900766303323,-8.090900500257785],[131.081299614086,-8.091898514804523],[131.0872476140862,-8.080444515401979],[131.0905056303307,-8.084060499592365],[131.0900766303323,-8.090900500257785]]],[[[131.0472517787466,-8.07971465980362],[131.0476396311641,-8.08003588684663],[131.0474587918897,-8.080361873101953],[131.0469543468658,-8.079821734885133],[131.0472517787466,-8.07971465980362]]],[[[131.034021950153,-8.07793395808563],[131.0440906365737,-8.094191507232189],[131.0807516292844,-8.110906516322629],[131.0865206300231,-8.123931516226417],[131.0643596144048,-8.151211515199268],[131.066917613657,-8.162341515848297],[131.107545613939,-8.138486515640135],[131.1250096144023,-8.116769516000293],[131.1657186310102,-8.118531516316345],[131.1667436306142,-8.132269515825445],[131.1400846144135,-8.1606525162006],[131.0845906138658,-8.183555498587296],[131.0555902729728,-8.205781337338784],[131.0376956141614,-8.200376516163281],[130.9873764511624,-8.236492763430263],[130.9255756139235,-8.22997449972334],[130.8874698522519,-8.24626558638764],[130.8820397601269,-8.261292192980267],[130.8926939582597,-8.265276686070138],[130.8981339168468,-8.287302821368119],[130.8267451392768,-8.320822386843645],[130.8198316154368,-8.340021068017816],[130.7568224868684,-8.340919216448643],[130.7632755848004,-8.326364053358297],[130.7981680013522,-8.298024671901043],[130.7991530980371,-8.282348782670095],[130.8167349348694,-8.26538084734814],[130.8190856143097,-8.25294495104865],[130.8296718362863,-8.256100116327296],[130.8724690508061,-8.220276081276072],[130.9081466888186,-8.219712148796603],[130.9231729851452,-8.211909896924201],[130.9284586137741,-8.195138514730598],[130.9134016145929,-8.15529451463009],[130.9230556299135,-8.134548515701372],[130.9369536134186,-8.125616514790295],[130.9433866142009,-8.140542515124931],[130.9730336144098,-8.136740516061973],[130.9795826250383,-8.14716451203255],[130.9974436150309,-8.145105515107414],[131.00245072632,-8.130550800778806],[130.9856986139,-8.128422514687266],[130.9852526293054,-8.115843514666459],[131.0163566148659,-8.07984951494312],[131.034021950153,-8.07793395808563]]],[[[131.276662952933,-8.065907122915377],[131.276639157771,-8.065471681972518],[131.2770888763505,-8.064983892392679],[131.2770222509762,-8.065571619134886],[131.276662952933,-8.065907122915377]]],[[[131.2777810620464,-8.064275288673599],[131.2777072978535,-8.0642372167741],[131.2777525076722,-8.064177731117343],[131.2778238922589,-8.064206283693025],[131.2777810620464,-8.064275288673599]]],[[[131.2742642191184,-8.063723848676645],[131.2741779633423,-8.063643541915937],[131.2743147817018,-8.06356323515514],[131.2743534480533,-8.063637592900523],[131.2742642191184,-8.063723848676645]]],[[[131.2790647813146,-8.062642384238554],[131.279020165948,-8.06242525821908],[131.2792729842608,-8.062139721670718],[131.2791956506588,-8.062553154404455],[131.2790647813146,-8.062642384238554]]],[[[131.2885143141843,-8.050877392977256],[131.2884388259911,-8.050696020405006],[131.288717508806,-8.050432565810244],[131.2887921282542,-8.050528506385461],[131.2885143141843,-8.050877392977256]]],[[[131.2887942218759,-8.050367274130359],[131.2887479661459,-8.050327870334932],[131.2887816592463,-8.050296460613175],[131.2888142102076,-8.050314163767585],[131.2887942218759,-8.050367274130359]]],[[[131.2893609242673,-8.049739887285927],[131.2892633001612,-8.049603472722016],[131.2895587337487,-8.049192301783208],[131.2895724394166,-8.049530375826102],[131.2893609242673,-8.049739887285927]]],[[[131.2137166150299,-8.051240515837126],[131.2107618618705,-8.072326399143908],[131.1903946304079,-8.079294515429485],[131.2045486302152,-8.05174751493583],[131.2137166150299,-8.051240515837126]]],[[[131.2900349445571,-8.048843690383904],[131.289886566312,-8.048791714965624],[131.2900586488876,-8.048625724397578],[131.290107379552,-8.048680547069491],[131.2900349445571,-8.048843690383904]]],[[[131.2895789496089,-8.04886329020869],[131.2894647348098,-8.04888917809306],[131.2897129611842,-8.048511509598448],[131.2897388490687,-8.048534353277752],[131.2895789496089,-8.04886329020869]]],[[[131.290333526671,-8.048302751770535],[131.2901635997704,-8.048235115558082],[131.2903845398147,-8.048039424879487],[131.2904287028224,-8.04814450166738],[131.290333526671,-8.048302751770535]]],[[[131.2905718506105,-8.04783536241203],[131.2904957077108,-8.047570386164331],[131.2906773860526,-8.047373333012846],[131.2907195678538,-8.047617594276506],[131.2905718506105,-8.04783536241203]]],[[[131.2910157631671,-8.04544272869892],[131.2904484995986,-8.045893873603376],[131.2914863999775,-8.044446644996643],[131.2913241748709,-8.045064052064248],[131.2910157631671,-8.04544272869892]]],[[[131.1885984990217,-8.040854712275163],[131.1885923260751,-8.040959605601277],[131.1875526297502,-8.041620500285855],[131.1879466299331,-8.040916516384105],[131.1885984990217,-8.040854712275163]]],[[[131.2949802319522,-8.040264999829887],[131.2943696300545,-8.041636515412769],[131.2916339265645,-8.044541229394113],[131.2921879808907,-8.041199292912964],[131.2949802319522,-8.040264999829887]]],[[[131.2952104449062,-8.039680843396173],[131.2952746897751,-8.039428620434457],[131.2954959796558,-8.039257298685314],[131.2954013377016,-8.03949571255707],[131.2952104449062,-8.039680843396173]]],[[[131.2955388107675,-8.039161168353175],[131.2954959805551,-8.03905171276627],[131.2956268507986,-8.038999365028658],[131.2956030556366,-8.039082645847344],[131.2955388107675,-8.039161168353175]]],[[[131.2954864621306,-8.039542834334306],[131.2958577193583,-8.038761506937924],[131.2959742517104,-8.038721919680807],[131.295866855571,-8.039140697984841],[131.2954864621306,-8.039542834334306]]],[[[131.2954721368298,-8.03835128388462],[131.2953758311297,-8.038701164227273],[131.2947661393459,-8.039406351421956],[131.2951435947012,-8.038628828157872],[131.2954721368298,-8.03835128388462]]],[[[131.2919703278684,-8.03804714216179],[131.2918020862972,-8.037982998016862],[131.2919513260929,-8.037670812757796],[131.2920289924441,-8.037736295993252],[131.2919703278684,-8.03804714216179]]],[[[131.293882978117,-8.037207210444368],[131.2939038639722,-8.037825728174735],[131.2938010723617,-8.037946794908617],[131.2936194713616,-8.037590446641723],[131.293882978117,-8.037207210444368]]],[[[131.2940399385924,-8.037320954898135],[131.2940077986211,-8.037194124409268],[131.2941010133511,-8.037133367111142],[131.2941402876443,-8.037244377625878],[131.2940399385924,-8.037320954898135]]],[[[131.294135500553,-8.035927904149425],[131.2940098652631,-8.035863182639762],[131.2941849938425,-8.03564998306026],[131.2942611358428,-8.035825110740262],[131.294135500553,-8.035927904149425]]],[[[131.2948207857507,-8.034199463834195],[131.2945276364413,-8.035223583901256],[131.2940859497069,-8.035508377609517],[131.293994637043,-8.034938048252265],[131.2948207857507,-8.034199463834195]]],[[[131.2938290259888,-8.034183092575624],[131.2938060932767,-8.034524804376169],[131.293698509179,-8.03464593676047],[131.2937757258691,-8.033848065435816],[131.2938290259888,-8.034183092575624]]],[[[131.2937394319293,-8.033722352804311],[131.2936971718871,-8.033736059371659],[131.2936766142845,-8.033678952421646],[131.2937188734273,-8.03368009366137],[131.2937394319293,-8.033722352804311]]],[[[131.2827636137498,-8.034529515025017],[131.2882780415985,-8.034425323170051],[131.2859040823077,-8.041625945680746],[131.2904841981873,-8.035192381922833],[131.2815706297808,-8.061073516029964],[131.268081017625,-8.060335937053846],[131.2827636137498,-8.034529515025017]]],[[[131.2906692732685,-8.032827760292864],[131.2906601352571,-8.032632834037994],[131.2907773951607,-8.032637402594016],[131.2907027748133,-8.032788165841147],[131.2906692732685,-8.032827760292864]]],[[[131.290932129814,-8.032785957106174],[131.2907916467171,-8.032788242283555],[131.290918424146,-8.032583797604147],[131.2909606841883,-8.032691159569332],[131.290932129814,-8.032785957106174]]],[[[131.290593058423,-8.035048028143947],[131.2906140773779,-8.033431422122366],[131.2918704320748,-8.03160851701941],[131.2911565943015,-8.032883907666104],[131.290593058423,-8.035048028143947]]],[[[131.1939896298177,-8.030286515410339],[131.1929706313896,-8.034420516293732],[131.1911486139174,-8.036250515249037],[131.1913736153002,-8.031544514967308],[131.1939896298177,-8.030286515410339]]],[[[131.2984311437823,-8.029509363566216],[131.2985049070759,-8.029640233809658],[131.2977935118612,-8.031071781837245],[131.2979195599398,-8.0299519433275],[131.2984311437823,-8.029509363566216]]],[[[131.2993596749091,-8.029081604632342],[131.2992882255712,-8.0290805848011],[131.2992494863747,-8.029054166316634],[131.2993503237585,-8.029003385198035],[131.2993596749091,-8.029081604632342]]],[[[131.298277051245,-8.028964698162238],[131.2982583948092,-8.028806471441445],[131.2983859339638,-8.028734135372044],[131.2983916446588,-8.028812181237104],[131.298277051245,-8.028964698162238]]],[[[131.290654544172,-8.028646386721299],[131.2904998787664,-8.02866720692597],[131.2905088018398,-8.02854525975592],[131.2906218259366,-8.028551207871875],[131.290654544172,-8.028646386721299]]],[[[131.2992361656167,-8.028505338850227],[131.2991659573431,-8.028630177340705],[131.2991079537691,-8.028605162698081],[131.2991321329416,-8.028381975247871],[131.2992361656167,-8.028505338850227]]],[[[131.30038753076,-8.027463397817485],[131.3003256645978,-8.027401531655336],[131.3004303609724,-8.027306353705193],[131.3004493969222,-8.027401531655336],[131.30038753076,-8.027463397817485]]],[[[131.2993621021793,-8.024106455248674],[131.2992764417545,-8.024158802986374],[131.2992478882795,-8.024101696036361],[131.2993192719669,-8.02401127639925],[131.2993621021793,-8.024106455248674]]],[[[131.3228766145641,-8.02112150015704],[131.3227156143343,-8.020843515216018],[131.3231696145862,-8.020079498869741],[131.3232966303354,-8.02022251535675],[131.3228766145641,-8.02112150015704]]],[[[131.2851236146631,-8.020582514871126],[131.2849456136493,-8.02025451593316],[131.2852726296283,-8.019981515034829],[131.2853036301585,-8.020154515818216],[131.2851236146631,-8.020582514871126]]],[[[131.2857116147991,-8.019893516372605],[131.2855136146617,-8.019720514689936],[131.2859456300868,-8.019320499841136],[131.2859686140604,-8.019651515105313],[131.2857116147991,-8.019893516372605]]],[[[131.2858946142451,-8.01788151531964],[131.2857106300416,-8.017732500354562],[131.2859686149597,-8.01747049996358],[131.2861196138292,-8.017609515366857],[131.2858946142451,-8.01788151531964]]],[[[131.3185976303764,-8.01702751640672],[131.3182086151355,-8.017136516037375],[131.3180666148825,-8.017123515437845],[131.3182356145821,-8.01685150019658],[131.3185976303764,-8.01702751640672]]],[[[131.3256426144152,-8.014811498751655],[131.325138629844,-8.013339516305589],[131.3265236136739,-8.01292951538473],[131.3266696302993,-8.013251514945434],[131.3256426144152,-8.014811498751655]]],[[[131.0695736291198,-8.014559515908886],[131.0707758788038,-8.016504040828725],[131.0654054351128,-8.018229150954497],[131.0708641922288,-8.012267975886349],[131.0695736291198,-8.014559515908886]]],[[[131.0917236136539,-8.015006514938676],[131.0955427609897,-8.03200461711933],[131.1061316143825,-8.03716351508406],[131.0994076136705,-8.051915968746908],[131.0807906301836,-8.034934515715335],[131.081377614985,-8.012207515364516],[131.0917236136539,-8.015006514938676]]],[[[131.3266766144343,-8.011341514998875],[131.3267566154256,-8.010388515117821],[131.3278676297873,-8.010364498722637],[131.3278806303868,-8.010557514817478],[131.3266766144343,-8.011341514998875]]],[[[131.2278782923494,-8.009193331407065],[131.2273176136171,-8.008946515169484],[131.2274096295509,-8.00865151505528],[131.2277406151373,-8.008575515147847],[131.2278782923494,-8.009193331407065]]],[[[131.1409796143177,-8.002686516069772],[131.1390866286451,-8.002361514572236],[131.1390206300981,-8.002086499192522],[131.1405396147115,-8.00222951478025],[131.1409796143177,-8.002686516069772]]],[[[131.3363226302852,-8.001779500323618],[131.336154614444,-8.00180451496633],[131.3360976307011,-8.001654516142924],[131.336304640247,-8.00156351734243],[131.3363226302852,-8.001779500323618]]],[[[131.1384726291086,-8.002452515171381],[131.1376826151607,-8.002311499675923],[131.1376336138003,-8.0015715150134],[131.1385016142582,-8.001985499031488],[131.1384726291086,-8.002452515171381]]],[[[131.3362796292016,-8.001435515036874],[131.3359226298256,-8.001248516305974],[131.3361456302167,-8.000754515108692],[131.3363276143279,-8.000925499612137],[131.3362796292016,-8.001435515036874]]],[[[131.3232661244321,-7.999480370922355],[131.3227451813451,-7.999397401268985],[131.3230664092875,-7.998854884345422],[131.3232661244321,-7.998952130736185],[131.3232661244321,-7.999480370922355]]],[[[131.3427876298454,-7.990119514803754],[131.342590613566,-7.989937499216174],[131.3428126139111,-7.989612515704962],[131.3428936149485,-7.989829514920092],[131.3427876298454,-7.990119514803754]]],[[[131.2540356298405,-8.000632499590115],[131.2511866288598,-7.98918649965719],[131.2533296296588,-7.987790516219277],[131.2582446143976,-7.996744500158552],[131.2540356298405,-8.000632499590115]]],[[[131.3427546310214,-7.983513515036637],[131.3426016311604,-7.983565499448257],[131.3426186301457,-7.983324500025616],[131.3427076135657,-7.983293500394665],[131.3427546310214,-7.983513515036637]]],[[[131.3368236857646,-7.954155589308946],[131.3377648973323,-7.955146592740973],[131.3402434369852,-7.956075836130853],[131.3360434573398,-7.956619839633809],[131.3368236857646,-7.954155589308946]]],[[[131.2812296149548,-7.947516516074308],[131.2800986149592,-7.946164499591894],[131.2820406289719,-7.945064515414994],[131.2822246302626,-7.946741515408532],[131.2812296149548,-7.947516516074308]]],[[[131.3641137373592,-7.930917887350545],[131.361832631271,-7.932822514747232],[131.3562936303468,-7.932154516317861],[131.3616636297728,-7.929668514989955],[131.3641137373592,-7.930917887350545]]],[[[131.3611896178066,-7.913111524876885],[131.361045613864,-7.913141514569214],[131.3610276301211,-7.912964515400026],[131.3611886303511,-7.912922515261815],[131.3611896178066,-7.913111524876885]]],[[[131.3617556304181,-7.913086514730842],[131.3615746301652,-7.912679514847713],[131.3620516152898,-7.912711499236273],[131.3619746288261,-7.912910514708375],[131.3617556304181,-7.913086514730842]]],[[[131.3691646150549,-7.909837515089161],[131.3690536297213,-7.909781515204698],[131.3691466304127,-7.909633514674911],[131.3692036150549,-7.909707516288814],[131.3691646150549,-7.909837515089161]]],[[[131.3684476296545,-7.90964249890214],[131.3681386154049,-7.909852515780961],[131.3680766143443,-7.909797515043219],[131.3683226139975,-7.909515514629265],[131.3684476296545,-7.90964249890214]]],[[[131.3687736302989,-7.909301514653126],[131.3687606305986,-7.908847516199805],[131.3695676300422,-7.908937514954299],[131.3693926147774,-7.909294516128965],[131.3687736302989,-7.909301514653126]]],[[[131.3707486152565,-7.908398499091422],[131.3706216300842,-7.908360516224792],[131.3706456150033,-7.907794515304615],[131.3708356147718,-7.908048515326697],[131.3707486152565,-7.908398499091422]]],[[[131.3666556135658,-7.892821516399787],[131.3663926302157,-7.89267351497072],[131.3664396143967,-7.89245551481013],[131.3667126305835,-7.892596515017106],[131.3666556135658,-7.892821516399787]]],[[[131.3695166142004,-7.891446515044612],[131.369398623148,-7.891516506581445],[131.3690616148017,-7.891404514906401],[131.3694146310804,-7.891242516428924],[131.3695166142004,-7.891446515044612]]],[[[131.0997637092279,-7.888652920395848],[131.0993175600574,-7.888325744337602],[131.099626889969,-7.887260935343824],[131.0999778602901,-7.88771898164569],[131.0997637092279,-7.888652920395848]]],[[[131.1013616111495,-7.8785125112433],[131.1010336068156,-7.8783315100911],[131.1010826090752,-7.877949508662833],[131.1012566269919,-7.877980510092434],[131.1013616111495,-7.8785125112433]]],[[[131.1031196373615,-7.874949507014132],[131.1038156190956,-7.876704512403236],[131.1020926349672,-7.878360511428432],[131.1010946177226,-7.876932510327065],[131.1031196373615,-7.874949507014132]]],[[[131.4563556303081,-7.844022515226871],[131.4541406306857,-7.849504515321096],[131.4465976380706,-7.848663508014456],[131.4479266148215,-7.845617515036255],[131.4563556303081,-7.844022515226871]]],[[[131.4315846301266,-7.840799499697119],[131.4389016312053,-7.841894515119722],[131.4422456154428,-7.850609515017108],[131.4354408511144,-7.849329470378733],[131.4315846301266,-7.840799499697119]]],[[[131.1003496562118,-7.838169495325945],[131.0996996334315,-7.83779950704158],[131.0999196138992,-7.837399514675861],[131.1006196362872,-7.837459521939375],[131.1003496562118,-7.838169495325945]]],[[[131.0978208417585,-7.835626094768403],[131.0974396137473,-7.835569514821187],[131.0978696263823,-7.835019510142231],[131.0979896310168,-7.835240496951349],[131.0978208417585,-7.835626094768403]]],[[[131.0974896052611,-7.836839507737085],[131.0952996328718,-7.836669510689357],[131.0935996111332,-7.834719509797487],[131.0960796337681,-7.834059509938455],[131.0974896052611,-7.836839507737085]]],[[[131.0050584329005,-7.769560983552441],[131.0046859471988,-7.768345587578799],[131.0055581196116,-7.768061923418993],[131.0060374816445,-7.768869068552656],[131.0050584329005,-7.769560983552441]]],[[[131.1016686181123,-7.756419510651805],[131.1016996096494,-7.755049511325821],[131.1052596119416,-7.752139504834225],[131.1044096177097,-7.754609496431079],[131.1016686181123,-7.756419510651805]]],[[[131.1115096096808,-7.755649509317379],[131.1105796090619,-7.753439517119957],[131.112859626071,-7.75160951097014],[131.1117606221551,-7.753499507296428],[131.1115096096808,-7.755649509317379]]],[[[131.1139996102938,-7.753049509926838],[131.113339619428,-7.752389510967176],[131.1149996177382,-7.751479511270335],[131.1149596401754,-7.751939502805775],[131.1139996102938,-7.753049509926838]]],[[[131.0208508643759,-7.752909148238522],[131.0199096294259,-7.751969514981098],[131.0212996143857,-7.750769515400772],[131.0217296297187,-7.751639515950862],[131.0208508643759,-7.752909148238522]]],[[[131.0251903936219,-7.756355897106885],[131.0231296286295,-7.752419514149248],[131.0274066136244,-7.749742513905814],[131.0285496141735,-7.754139515226458],[131.0251903936219,-7.756355897106885]]],[[[131.1149429325703,-7.750523271131974],[131.1141196311162,-7.750119505210921],[131.1146176154107,-7.749296514922203],[131.1156126136312,-7.749773515335415],[131.1149429325703,-7.750523271131974]]],[[[131.1173273482786,-7.7502876109844],[131.1162706142975,-7.749952516395434],[131.1163766299776,-7.748472514694774],[131.1174396142469,-7.748819499220509],[131.1173273482786,-7.7502876109844]]],[[[131.1127056216672,-7.745545508318478],[131.1123296349048,-7.75008951102201],[131.1061696179336,-7.751289510602336],[131.1085936289928,-7.74733449908778],[131.1127056216672,-7.745545508318478]]],[[[130.9355393998235,-7.745334022846765],[130.935349043024,-7.74548273923699],[130.9352241208966,-7.745452995958927],[130.9355096574448,-7.745006846788519],[130.9355393998235,-7.745334022846765]]],[[[130.9365933009401,-7.746427736051124],[130.9365036151498,-7.745516513276377],[130.938894612996,-7.744932513324779],[130.9370716287527,-7.746344513688345],[130.9365933009401,-7.746427736051124]]],[[[131.1192566144013,-7.744537514894371],[131.118587630315,-7.744157499169172],[131.120786630099,-7.742318515087358],[131.1209796138182,-7.74322851568339],[131.1192566144013,-7.744537514894371]]],[[[131.1196744268334,-7.742775566738906],[131.1187129148692,-7.742016556918577],[131.119003029866,-7.741101209852878],[131.1198693333032,-7.741673914319661],[131.1196744268334,-7.742775566738906]]],[[[131.1218286313863,-7.738871515308147],[131.1210106152478,-7.73896149877407],[131.1207856147644,-7.73849051572462],[131.1215476301192,-7.737992499953864],[131.1218286313863,-7.738871515308147]]],[[[130.9514918161944,-7.744339618178823],[130.9533447019965,-7.760650229124692],[130.948702614734,-7.774128515218751],[130.9420702810187,-7.776548419074273],[130.949893630087,-7.765046499296417],[130.9446996306834,-7.74687051366321],[130.9557576298108,-7.73786951406679],[130.9514918161944,-7.744339618178823]]],[[[131.0042356296707,-7.74563049964783],[131.0143566152657,-7.745744514797507],[131.0052796175604,-7.760839511234411],[130.9969249220476,-7.750282969583359],[131.00384362958,-7.736411514279932],[131.0042356296707,-7.74563049964783]]],[[[130.9652622011897,-7.736207355584916],[130.9651765407648,-7.736283497585265],[130.9650290141777,-7.736145490322047],[130.9652050942397,-7.736021757997661],[130.9652622011897,-7.736207355584916]]],[[[130.9848165120725,-7.736004507202202],[130.9844203319328,-7.736547024125765],[130.9825017938228,-7.73660368591134],[130.9831532690082,-7.736154411596789],[130.9848165120725,-7.736004507202202]]],[[[131.1191256146554,-7.736963514554488],[131.1157266296803,-7.742461515386604],[131.114495789649,-7.742179299135258],[131.1164216302541,-7.733745516342498],[131.1191256146554,-7.736963514554488]]],[[[130.9655239416766,-7.733717646352271],[130.9651670223403,-7.73348564914336],[130.9655684203464,-7.733252358709367],[130.9657976494421,-7.733449340814395],[130.9655239416766,-7.733717646352271]]],[[[131.1064896299925,-7.735189514584365],[131.1054336298582,-7.73422051486479],[131.1064056297161,-7.732344500298342],[131.1073606296895,-7.733130498773447],[131.1064896299925,-7.735189514584365]]],[[[131.0796877286059,-7.736552662875055],[131.0789738899331,-7.735041704710869],[131.0819055377105,-7.731783865632806],[131.0819244216748,-7.734625298818435],[131.0796877286059,-7.736552662875055]]],[[[131.0995876138774,-7.731448514737131],[131.0989266139722,-7.731524514644565],[131.0984966292161,-7.731235514807081],[131.0995606153303,-7.730688515662435],[131.0995876138774,-7.731448514737131]]],[[[131.0953276152773,-7.733512514590827],[131.0948476300142,-7.731826515081578],[131.0968356137727,-7.730539498898707],[131.0968276143031,-7.731836516442029],[131.0953276152773,-7.733512514590827]]],[[[131.0989126142258,-7.730563515293979],[131.0986786304145,-7.730331500098568],[131.0989046138569,-7.729958515273231],[131.0989846139488,-7.729983516426112],[131.0989126142258,-7.730563515293979]]],[[[131.104792629976,-7.733468499971234],[131.1016536138233,-7.734600516200788],[131.1036706303953,-7.731034515430472],[131.1035206135855,-7.728032516387521],[131.104792629976,-7.733468499971234]]],[[[131.0929357378941,-7.724058684760474],[131.0928316143876,-7.731136514738316],[131.0980256137911,-7.736506515063616],[131.0923296191166,-7.750329512197211],[131.0791856137251,-7.74300651533835],[131.0873796102809,-7.75458951079722],[131.0797706164209,-7.767270491240178],[131.0703796177253,-7.766059495649173],[131.0643506346742,-7.753929510938099],[131.0929357378941,-7.724058684760474]]],[[[131.1025216295697,-7.731064514115963],[131.0998046310789,-7.729948514812061],[131.1040446143675,-7.723370515436904],[131.1022706143974,-7.728606514978668],[131.1025216295697,-7.731064514115963]]],[[[131.0968415762779,-7.728371246935487],[131.0918626137686,-7.72139349981014],[131.0925636137199,-7.720343499952501],[131.0992296297438,-7.72330051490682],[131.0968415762779,-7.728371246935487]]],[[[131.101760614261,-7.724406514648833],[131.0985766149189,-7.721881515119814],[131.1007886296916,-7.717878513982227],[131.1044006307845,-7.720434498753085],[131.101760614261,-7.724406514648833]]],[[[131.0357786300798,-7.715750513875078],[131.0334996149154,-7.71299951381648],[131.0348946153943,-7.708565499997792],[131.0375006303498,-7.712903498597504],[131.0357786300798,-7.715750513875078]]],[[[131.111939631309,-7.69391951437404],[131.1096996287349,-7.692782514101707],[131.1095066153381,-7.690039515311379],[131.1119296299486,-7.69069751507823],[131.111939631309,-7.69391951437404]]],[[[130.9619966171502,-7.687410495697725],[130.9615256116178,-7.687443497219596],[130.9623916263725,-7.68731549671278],[130.9619966171502,-7.687410495697725]]],[[[131.1161466661358,-7.682624098723138],[131.119374614447,-7.685245514568776],[131.1148766300525,-7.688497499959616],[131.1138406137534,-7.683526499148544],[131.1161466661358,-7.682624098723138]]],[[[130.9311140176978,-7.677060504038983],[130.9308994313637,-7.676576375599246],[130.9318690624073,-7.676516889043209],[130.9315518391461,-7.67688918318921],[130.9311140176978,-7.677060504038983]]],[[[131.0550216298444,-7.650316515394787],[131.0529496143333,-7.658577515040203],[131.0482296143053,-7.660144515357085],[131.0459196552681,-7.654646935407675],[131.0550216298444,-7.650316515394787]]],[[[130.9474472340028,-7.639783326439335],[130.9519253793528,-7.644418515002442],[130.9447869962231,-7.64629353042208],[130.9437416170821,-7.641969511783468],[130.9474472340028,-7.639783326439335]]],[[[131.0973346152003,-7.63538451478352],[131.124250613575,-7.639770500308333],[131.1020066148135,-7.695729498917173],[131.0705366285627,-7.707808499262806],[131.0539666135683,-7.704492513618603],[131.061737516873,-7.681748411759751],[131.0357986292034,-7.687547514606123],[131.025712629934,-7.710566499644215],[131.0405516298539,-7.723909515112019],[131.0027406146877,-7.726225514895527],[130.9940833629569,-7.739891911282618],[130.9674356404425,-7.741116580165989],[130.9621436293251,-7.69026851418058],[130.969931612554,-7.680860513801661],[131.0127566988626,-7.674108162861407],[131.0440276147826,-7.656154498631177],[131.044664629769,-7.67572349993955],[131.0614356135628,-7.648423499145077],[131.09609861396,-7.643854499785244],[131.0973346152003,-7.63538451478352]]],[[[130.8742544802602,-7.56794855078489],[130.8741616810168,-7.569026446713138],[130.8735120881124,-7.569376227231021],[130.8733050749692,-7.568419684021136],[130.8742544802602,-7.56794855078489]]],[[[130.9342811430604,-7.56165249696508],[130.9339028090675,-7.561531144246895],[130.9341447006175,-7.561225720990165],[130.934252588686,-7.561281300891291],[130.9342811430604,-7.56165249696508]]],[[[130.9347665530341,-7.561152810253961],[130.9345880933658,-7.561167086991442],[130.9345452631534,-7.56101004197978],[130.9347951074084,-7.5609457971108],[130.9347665530341,-7.561152810253961]]],[[[130.951559631372,-7.561761491199873],[130.9505416114063,-7.56141951140135],[130.9503336117069,-7.559934512167991],[130.9518756270586,-7.561004512947881],[130.951559631372,-7.561761491199873]]],[[[130.9414409408469,-7.55502093936478],[130.9411625440162,-7.554999523808962],[130.941262482078,-7.554742541634933],[130.9414266641094,-7.554799648584857],[130.9414409408469,-7.55502093936478]]],[[[130.9473568962038,-7.546605598069859],[130.9472069900106,-7.546612736888284],[130.9471427442424,-7.546391447007642],[130.9474140031538,-7.54642713840166],[130.9473568962038,-7.546605598069859]]],[[[130.9880662176819,-7.545388720013405],[130.9878306510637,-7.545474380438203],[130.9877759866726,-7.545048221398235],[130.9879960867501,-7.544994683857523],[130.9880662176819,-7.545388720013405]]],[[[130.9874416726951,-7.54208579342455],[130.9871561370461,-7.541890677412758],[130.9873940832703,-7.541657490400836],[130.9875808077081,-7.541798112892532],[130.9874416726951,-7.54208579342455]]],[[[130.9594921266604,-7.539710297192385],[130.9592708367798,-7.539596083292536],[130.9596420328536,-7.539374793411894],[130.9596563095911,-7.539560390999237],[130.9594921266604,-7.539710297192385]]],[[[130.9587925656244,-7.539674604899086],[130.9584927541374,-7.539489007311743],[130.9586023464212,-7.539309365934414],[130.9587711509679,-7.539446177099388],[130.9587925656244,-7.539674604899086]]],[[[130.9591924527696,-7.539280811560171],[130.9590925156072,-7.53935695356052],[130.9589640240706,-7.53926653572197],[130.9590734796573,-7.539099973185141],[130.9591924527696,-7.539280811560171]]],[[[130.9891596431031,-7.539354171058114],[130.9889727927603,-7.539292541417612],[130.989115560135,-7.539028420425246],[130.9893225732782,-7.539171187800057],[130.9891596431031,-7.539354171058114]]],[[[130.9899150592327,-7.537836309697869],[130.9897651530395,-7.537857726153145],[130.9897879877255,-7.537583044421917],[130.9899436127076,-7.53765785092904],[130.9899150592327,-7.537836309697869]]],[[[130.990250563013,-7.537493667998322],[130.9900792421634,-7.537615020716596],[130.9898650911011,-7.537343761805086],[130.9901649025882,-7.537243824642718],[130.990250563013,-7.537493667998322]]],[[[130.9952260163676,-7.532825165848659],[130.9946717632913,-7.53303118793898],[130.994519315614,-7.53283944168686],[130.9949618962745,-7.5325324922807],[130.9952260163676,-7.532825165848659]]],[[[130.997083575047,-7.529754554828808],[130.9967736120127,-7.529483497365489],[130.9970336150094,-7.529086507836062],[130.997411632441,-7.529376496028454],[130.997083575047,-7.529754554828808]]],[[[130.9964796218371,-7.529363507120105],[130.995653611625,-7.529215496697787],[130.9953856172525,-7.527944511829769],[130.9965896170173,-7.528051511368154],[130.9964796218371,-7.529363507120105]]],[[[130.9451620467911,-7.524994552956236],[130.94550468939,-7.525180151442771],[130.9453997618896,-7.52554807758166],[130.9450335561537,-7.525351472292544],[130.9451620467911,-7.524994552956236]]],[[[130.9780875156264,-7.524147828659337],[130.9778559051261,-7.524157743684937],[130.9778796993887,-7.523972146097594],[130.9779915336824,-7.52392312944881],[130.9780875156264,-7.524147828659337]]],[[[130.9546346814454,-7.52357401532853],[130.9541064412593,-7.523524046297662],[130.9541921007849,-7.523231371830334],[130.9543063146847,-7.523195681335507],[130.9546346814454,-7.52357401532853]]],[[[130.987248013585,-7.523240616860941],[130.9869396288608,-7.522845514109092],[130.9874536309803,-7.522765497829446],[130.9875686299883,-7.522979513993348],[130.987248013585,-7.523240616860941]]],[[[130.9802904373539,-7.522322125765494],[130.9800191784424,-7.522429200846918],[130.9798692722491,-7.522293572290532],[130.9800905621298,-7.521986621985003],[130.9802904373539,-7.522322125765494]]],[[[130.9805066235818,-7.522101888990988],[130.9803689589604,-7.522107973803908],[130.9803189899295,-7.521972345247522],[130.9805402798101,-7.521936652954134],[130.9805066235818,-7.522101888990988]]],[[[131.1598482047309,-7.523585728998209],[131.1649586148482,-7.529337514015014],[131.1587214891054,-7.532051568125357],[131.1535856290736,-7.526910515407862],[131.1598482047309,-7.523585728998209]]],[[[130.9829556142103,-7.520799499796985],[130.9955126303037,-7.529513514936673],[130.9850550734329,-7.54872252572392],[130.9656896300724,-7.538149514788265],[130.9806246146343,-7.53116951486115],[130.9829556142103,-7.520799499796985]]],[[[130.9708616131729,-7.51984849731027],[130.9699766164278,-7.519636513614162],[130.970066628672,-7.519106515253408],[130.9710916291753,-7.519112498442996],[130.9708616131729,-7.51984849731027]]],[[[130.9583823317792,-7.519198185847546],[130.9580825202921,-7.519226740221788],[130.9581039349487,-7.518948343391311],[130.9583038101728,-7.518898374360442],[130.9583823317792,-7.519198185847546]]],[[[130.9818152801511,-7.518435624604328],[130.9817058245642,-7.518392792593235],[130.9817700703326,-7.518261923249073],[130.9818898951026,-7.518364549384397],[130.9818152801511,-7.518435624604328]]],[[[131.0387196299071,-7.520209498669387],[131.0378296140456,-7.518679515347308],[131.0395496142233,-7.518369499253001],[131.0393996154,-7.519639513752522],[131.0387196299071,-7.520209498669387]]],[[[130.9846667263883,-7.518478763284246],[130.9845596504076,-7.518407378697559],[130.9846568419398,-7.51821409370537],[130.9847952161264,-7.518364549384397],[130.9846667263883,-7.518478763284246]]],[[[131.0372334561592,-7.518118493073959],[131.0370699072505,-7.518056131385346],[131.0371204707332,-7.517960953435202],[131.0372721620807,-7.518008541960589],[131.0372334561592,-7.518118493073959]]],[[[131.0460311909868,-7.517585559326071],[131.0458765255812,-7.517588533384049],[131.0458229880406,-7.517389254410459],[131.0460668832801,-7.517436842935935],[131.0460311909868,-7.517585559326071]]],[[[130.9582038730103,-7.51854859294319],[130.9571045624257,-7.517856169826302],[130.9571688072947,-7.517399314226906],[130.9584608542851,-7.517063810446504],[130.9582038730103,-7.51854859294319]]],[[[130.9892956376836,-7.516635505624051],[130.9888426167934,-7.516923511710675],[130.9886986119514,-7.516789495638657],[130.9889796267084,-7.516505512219566],[130.9892956376836,-7.516635505624051]]],[[[131.0333245366981,-7.516326065095739],[131.0333316764158,-7.516411726419995],[131.0329176492302,-7.516454555733069],[131.0330033096552,-7.51621185119589],[131.0333245366981,-7.516326065095739]]],[[[131.1394646298889,-7.516259499076553],[131.150831629776,-7.523690515304952],[131.1544846300616,-7.544515515178833],[131.1351176146862,-7.542876515139056],[131.1276216152454,-7.534230513927013],[131.1295346288201,-7.521024500280386],[131.1394646298889,-7.516259499076553]]],[[[131.0426054853549,-7.516173838651667],[131.0424379713354,-7.516130056956508],[131.0426169067449,-7.515907338952469],[131.0427044710345,-7.516034878107084],[131.0426054853549,-7.516173838651667]]],[[[131.0334792021035,-7.51580020541505],[131.033840879753,-7.515843034728213],[131.0339503353398,-7.515938212678356],[131.0334458894162,-7.516185676427759],[131.0334792021035,-7.51580020541505]]],[[[131.0424175081615,-7.515791697828504],[131.0423282783274,-7.515797645944548],[131.042244998408,-7.515518059310881],[131.0425007889803,-7.515559699720312],[131.0424175081615,-7.515791697828504]]],[[[131.0073571603047,-7.515753399299888],[131.007169933146,-7.515783716345385],[131.007075194065,-7.515578509040902],[131.0072536537332,-7.515457156322628],[131.0073571603047,-7.515753399299888]]],[[[131.034849775197,-7.515263382099383],[131.0348140829037,-7.515284202304055],[131.0346177779881,-7.515171177307937],[131.0347962376563,-7.51510276857779],[131.034849775197,-7.515263382099383]]],[[[131.0346974858004,-7.515319552855074],[131.0345356815765,-7.515329070380242],[131.0341977990893,-7.515057812368101],[131.0344024326263,-7.515057812368101],[131.0346974858004,-7.515319552855074]]],[[[131.0364202154207,-7.515148232005212],[131.0362917247834,-7.51513395526782],[131.0362774480459,-7.514953115993509],[131.0364725640578,-7.514962634417958],[131.0364202154207,-7.515148232005212]]],[[[131.0343596024138,-7.514857937143996],[131.0342120758266,-7.514829383669034],[131.0342596652514,-7.514672339556831],[131.0344071918385,-7.514757999981629],[131.0343596024138,-7.514857937143996]]],[[[131.0334554069416,-7.514805589406385],[131.0333078803544,-7.514905526568753],[131.0331222827672,-7.514767518406166],[131.0333935407793,-7.514634268556612],[131.0334554069416,-7.514805589406385]]],[[[131.032446515994,-7.514619991819131],[131.0330390010492,-7.514698513425592],[131.0330175863926,-7.515362383067518],[131.0322680563258,-7.514926942124659],[131.032446515994,-7.514619991819131]]],[[[131.0359014927598,-7.514843660406515],[131.0357872788598,-7.514757999981629],[131.03573017191,-7.514596196657112],[131.0359633589219,-7.514724687294442],[131.0359014927598,-7.514843660406515]]],[[[131.0349401903376,-7.514810348618609],[131.0347688685884,-7.514796071881128],[131.0348259764377,-7.51456764318215],[131.0349687447118,-7.514610473394593],[131.0349401903376,-7.514810348618609]]],[[[131.0335648661257,-7.514665541581492],[131.033517276701,-7.51468041367012],[131.0333655862529,-7.51452574916394],[131.0335797382143,-7.514534672237331],[131.0335648661257,-7.514665541581492]]],[[[131.0356090611093,-7.514519086086916],[131.0355757484221,-7.514523845299141],[131.0355115035532,-7.514452461611735],[131.0356780651906,-7.514441754283467],[131.0356090611093,-7.514519086086916]]],[[[131.0358136946464,-7.51438226772743],[131.0357399313529,-7.514352524449367],[131.0357458803682,-7.514246638271675],[131.0357970383027,-7.51427995095895],[131.0358136946464,-7.51438226772743]]],[[[131.036414508323,-7.514431939082637],[131.0363288478981,-7.514393867183137],[131.0363811974344,-7.514227304646307],[131.036469236566,-7.514324863101844],[131.036414508323,-7.514431939082637]]],[[[131.0336314870036,-7.514282108432528],[131.0333982999917,-7.514229759795547],[131.0334030592039,-7.514125063420955],[131.033550585791,-7.514134581845403],[131.0336314870036,-7.514282108432528]]],[[[131.0332983628292,-7.514172652845622],[131.0331270410801,-7.514172652845622],[131.0330889700799,-7.514125063420955],[131.0333078803544,-7.514044162208292],[131.0332983628292,-7.514172652845622]]],[[[131.0353113864115,-7.514382045594895],[131.0353018688862,-7.514163135320454],[131.0355302966859,-7.51405367973346],[131.0355207791607,-7.514167893633309],[131.0353113864115,-7.514382045594895]]],[[[131.0360361743301,-7.51403932655366],[131.0362836380794,-7.514136885908477],[131.0361480104224,-7.514367693314376],[131.0359695498549,-7.514315344677395],[131.0360361743301,-7.51403932655366]]],[[[131.0358458184298,-7.514008394371866],[131.0357958476003,-7.514113090746458],[131.0355983537811,-7.514006014765665],[131.0357292240245,-7.51385848817863],[131.0358458184298,-7.514008394371866]]],[[[131.0303496297318,-7.517059515284322],[131.0292596154389,-7.515120514000521],[131.0311696153855,-7.513769514651329],[131.0315306140467,-7.51613851508031],[131.0303496297318,-7.517059515284322]]],[[[130.9929696218507,-7.513968506741157],[130.9958406157518,-7.513648512668673],[130.9974986265605,-7.514760511788125],[130.9936436322479,-7.515569513122492],[130.9912636133251,-7.513336498280746],[130.9929696218507,-7.513968506741157]]],[[[131.0337129880641,-7.512997738055097],[131.0335999630679,-7.513137531371931],[131.0334334014304,-7.512837125432962],[131.0335791428632,-7.512798458182227],[131.0337129880641,-7.512997738055097]]],[[[131.0334996140161,-7.513709514582415],[131.0328296145951,-7.5135895144445],[131.032089614644,-7.512509498814238],[131.0333696143162,-7.512929514585379],[131.0334996140161,-7.513709514582415]]],[[[131.0328861252945,-7.512376104173838],[131.0327820233717,-7.512438564787852],[131.0327076656262,-7.512402873393834],[131.0328801762791,-7.51224225987233],[131.0328861252945,-7.512376104173838]]],[[[131.0369721113739,-7.512943086254412],[131.0367722370491,-7.512821734435508],[131.0371006029105,-7.512086480206807],[131.0373218927911,-7.512279216612487],[131.0369721113739,-7.512943086254412]]],[[[131.0370220804047,-7.512068634060113],[131.0368971582773,-7.512125741010126],[131.0368543280648,-7.512036511176027],[131.0369257117522,-7.51195085075114],[131.0370220804047,-7.512068634060113]]],[[[131.037086326173,-7.511879467063735],[131.0369078674043,-7.511872328245309],[131.0368864509491,-7.511733130279711],[131.0370577717988,-7.511711714723805],[131.037086326173,-7.511879467063735]]],[[[131.0371612783703,-7.511315534584177],[131.0375110597877,-7.511511840399069],[131.0372362305676,-7.511854482997896],[131.0369578346364,-7.511369073024258],[131.0371612783703,-7.511315534584177]]],[[[131.0363698695738,-7.510920426436466],[131.0362520871641,-7.511152422746096],[131.0361057485814,-7.511102453715227],[131.03616285733,-7.510952548421272],[131.0363698695738,-7.510920426436466]]],[[[131.0360796295713,-7.510619515078502],[131.0358996302637,-7.511189499995367],[131.0368306300296,-7.512189514634374],[131.0366296135659,-7.512959498881759],[131.0350686818743,-7.513987055258368],[131.0330286300673,-7.511329499256973],[131.0360796295713,-7.510619515078502]]],[[[131.0050211254246,-7.509511874973],[131.0046857754282,-7.509609015243849],[131.0046786366098,-7.509387725363207],[131.0048069725638,-7.509326277385745],[131.0050211254246,-7.509511874973]]],[[[130.9974177550255,-7.509399494790773],[130.9972660645773,-7.509408417864164],[130.9973374482648,-7.509128831230586],[130.9975753935896,-7.509218061064685],[130.9974177550255,-7.509399494790773]]],[[[131.0381527449533,-7.508917200968027],[131.0381146730538,-7.508993343867657],[131.0379623881538,-7.508902924230546],[131.038124190579,-7.508841058068398],[131.0381527449533,-7.508917200968027]]],[[[131.0377434769799,-7.508531728156668],[131.0375578793927,-7.508488897944225],[131.0376102271304,-7.508341371357189],[131.0377529954045,-7.508331852932563],[131.0377434769799,-7.508531728156668]]],[[[130.9979709801767,-7.508171098217601],[130.9977895455512,-7.508168124159535],[130.9978014435818,-7.507956947155296],[130.9979899720596,-7.507995740311094],[130.9979709801767,-7.508171098217601]]],[[[131.0003196136593,-7.507669515735564],[131.0064796288318,-7.515699514620859],[131.0035286150536,-7.52064951356413],[130.9975466143847,-7.51642049660857],[131.0003196136593,-7.507669515735564]]],[[[131.0374341470683,-7.507156399448237],[131.0374436645936,-7.507294409409474],[131.0372390319558,-7.507232542347867],[131.0372675854308,-7.507175435397943],[131.0374341470683,-7.507156399448237]]],[[[130.9733015530243,-7.50717714860654],[130.9732515839935,-7.507234255556376],[130.9731088157193,-7.507141457212433],[130.9732872762868,-7.507041520050065],[130.9733015530243,-7.50717714860654]]],[[[131.0379528697292,-7.506908935698745],[131.0378148615666,-7.506870863799334],[131.0378576917791,-7.506780445061415],[131.0379671455673,-7.506789962586672],[131.0379528697292,-7.506908935698745]]],[[[131.038089292387,-7.506685266211991],[131.0380274262249,-7.506690025424304],[131.0378941763752,-7.506609123312361],[131.0380202883057,-7.506497289018625],[131.038089292387,-7.506685266211991]]],[[[131.0383177210861,-7.506375936300439],[131.0382629928429,-7.506428284937331],[131.0382249218427,-7.506333106087907],[131.0383010647424,-7.506314070138202],[131.0383177210861,-7.506375936300439]]],[[[131.0382510957115,-7.506071365600934],[131.0381725732058,-7.506076123913966],[131.0381416401246,-7.505954772095062],[131.0382748899742,-7.505988083882968],[131.0382510957115,-7.506071365600934]]],[[[131.0093157596147,-7.506198199687101],[131.0090492599155,-7.506072087756603],[131.0093347946651,-7.505831762825536],[131.0094323531207,-7.506062570231435],[131.0093157596147,-7.506198199687101]]],[[[131.0383693250843,-7.505795707206068],[131.0383407716093,-7.505852814155992],[131.0381980042346,-7.505795707206068],[131.0383264948719,-7.505713616190394],[131.0383693250843,-7.505795707206068]]],[[[131.0434161621263,-7.505887316646279],[131.0432049851219,-7.505792137796944],[131.0432704197941,-7.505655319437369],[131.0434726746243,-7.505649370422044],[131.0434161621263,-7.505887316646279]]],[[[131.0081736179181,-7.50582462400711],[131.0080046766746,-7.505746102400649],[131.0080784399681,-7.505591436995188],[131.0082212073429,-7.505693753763668],[131.0081736179181,-7.50582462400711]]],[[[131.0100319769942,-7.505774655875611],[131.0097702374065,-7.505800829744461],[131.00967981687,-7.505667579894818],[131.010027217782,-7.505517673701671],[131.0100319769942,-7.505774655875611]]],[[[131.0433061120875,-7.505470910753934],[131.0430503197166,-7.505485782842562],[131.0429967821757,-7.505447115591916],[131.0433537024115,-7.505357886657097],[131.0433061120875,-7.505470910753934]]],[[[131.0095291165756,-7.505558203448252],[131.0093263878026,-7.505497289668098],[131.0094263249651,-7.505325968818325],[131.0095776583823,-7.505378316556025],[131.0095291165756,-7.505558203448252]]],[[[131.0075128698232,-7.505671346255553],[131.0071559495875,-7.505614239305628],[131.0070917047185,-7.505200213019307],[131.0075557000356,-7.505285873444282],[131.0075128698232,-7.505671346255553]]],[[[131.0391295633788,-7.505089007351788],[131.0389725183672,-7.505056883568243],[131.0390617482012,-7.504892702436265],[131.0391831009194,-7.504960516714458],[131.0391295633788,-7.505089007351788]]],[[[131.0425208897274,-7.505084248139474],[131.0423989425572,-7.505051530803523],[131.0423454041172,-7.504902814413298],[131.042514940712,-7.504959326911357],[131.0425208897274,-7.505084248139474]]],[[[131.0413965941775,-7.504620253721654],[131.0412478777874,-7.504566715281572],[131.0412865441388,-7.504498306551603],[131.0414233633976,-7.50450128060958],[131.0413965941775,-7.504620253721654]]],[[[131.045296235333,-7.504659831086328],[131.0451951083676,-7.504725266657689],[131.0450523409928,-7.504433782892742],[131.045296235333,-7.504499217564823],[131.045296235333,-7.504659831086328]]],[[[131.0451285810193,-7.504872675433631],[131.0446626719448,-7.505163841737853],[131.0440630471719,-7.504806923300825],[131.0446536436508,-7.504375469951955],[131.0451285810193,-7.504872675433631]]],[[[131.0411080835713,-7.504602407575049],[131.0409980344318,-7.504551844092314],[131.0411289046753,-7.504361487292747],[131.0411675710266,-7.504525074872318],[131.0411080835713,-7.504602407575049]]],[[[131.0120162888207,-7.504487574941602],[131.0118675724306,-7.504425114327499],[131.0120400830834,-7.504267474864061],[131.0121025445968,-7.504407268180805],[131.0120162888207,-7.504487574941602]]],[[[131.0420286080339,-7.504292958952855],[131.0421580222749,-7.504566715281572],[131.0417029500312,-7.50446856327354],[131.0417430732842,-7.504185882972062],[131.0420286080339,-7.504292958952855]]],[[[131.04879579509,-7.50427154429623],[131.0486101966034,-7.504085945809694],[131.0488236857645,-7.50393278766797],[131.0490425960391,-7.504101728911631],[131.04879579509,-7.50427154429623]]],[[[131.0493183749431,-7.504214872618213],[131.049105651105,-7.504147772401718],[131.0491484822168,-7.503925054397679],[131.0494168848813,-7.503942185583393],[131.0493183749431,-7.504214872618213]]],[[[131.0109306596223,-7.504264500805994],[131.0106410185682,-7.50423002169807],[131.0106094325793,-7.503848094913649],[131.0109395826956,-7.503990863187741],[131.0109306596223,-7.504264500805994]]],[[[131.0123741407541,-7.503921037126097],[131.012307516279,-7.503940073075891],[131.0122713482442,-7.503802976825894],[131.0124464768234,-7.503841087396238],[131.0123741407541,-7.503921037126097]]],[[[131.013470983599,-7.503769365563676],[131.0134081659542,-7.503745095559714],[131.0134148281319,-7.503557595006941],[131.0135609265955,-7.503742241111481],[131.013470983599,-7.503769365563676]]],[[[131.0492679814323,-7.503798357907846],[131.0490456393449,-7.503679058341887],[131.0491241609513,-7.503236477681233],[131.04941550712,-7.5033795724093],[131.0492679814323,-7.503798357907846]]],[[[131.0132054353825,-7.503149755157049],[131.0133867503983,-7.503272535099351],[131.0133253599774,-7.503363906219266],[131.0131340516951,-7.503219711620338],[131.0132054353825,-7.503149755157049]]],[[[131.0132953792784,-7.502895628330534],[131.0131897314211,-7.502869930203086],[131.0132339888576,-7.50273430074733],[131.0133253599774,-7.50278855324911],[131.0132953792784,-7.502895628330534]]],[[[130.9962339513358,-7.502033361050734],[130.9959662618336,-7.502069053344122],[130.9959722108489,-7.501908438923336],[130.9961804137952,-7.501837055235842],[130.9962339513358,-7.502033361050734]]],[[[131.0495388671251,-7.501993774692898],[131.0493931247929,-7.501925365063559],[131.0493901507349,-7.501773674615356],[131.0495715835619,-7.501800443835353],[131.0495388671251,-7.501993774692898]]],[[[131.0497494110066,-7.501608243425632],[131.04965129677,-7.501577725831313],[131.0496551036002,-7.501461608066754],[131.0497750281951,-7.501476837186231],[131.0497494110066,-7.501608243425632]]],[[[131.0132563558961,-7.501609173324634],[131.013110613564,-7.501653787792043],[131.0130719481119,-7.501531840621904],[131.0131701001201,-7.501445584845871],[131.0132563558961,-7.501609173324634]]],[[[131.0777804014445,-7.501811411067719],[131.077370401423,-7.501701411390974],[131.0773903843588,-7.501441411991542],[131.0778613988844,-7.501491411599285],[131.0777804014445,-7.501811411067719]]],[[[131.0268965496361,-7.501324298677384],[131.0268108892113,-7.501335006905022],[131.0267823357362,-7.501285037874154],[131.0268572879336,-7.501227930924229],[131.0268965496361,-7.501324298677384]]],[[[131.0512966936875,-7.501446498557022],[131.0511420291813,-7.501357268722923],[131.0513056167608,-7.501220448564786],[131.051365103317,-7.501321577328905],[131.0512966936875,-7.501446498557022]]],[[[131.0271356856635,-7.501302884020848],[131.0270643010767,-7.501359990970772],[131.0270071941268,-7.501235068843285],[131.0270964239609,-7.50120294685848],[131.0271356856635,-7.501302884020848]]],[[[131.0502699565934,-7.501292191081691],[131.0501538388287,-7.501252215317392],[131.0502375962881,-7.501141809147142],[131.050317546018,-7.501187494707099],[131.0502699565934,-7.501292191081691]]],[[[131.05107659361,-7.501996748750876],[131.0504222423926,-7.502814688447116],[131.0498035825693,-7.502133568009731],[131.050673084895,-7.501129956981848],[131.05107659361,-7.501996748750876]]],[[[130.9896019179941,-7.501209511909383],[130.989534103716,-7.501227358056076],[130.9894448738819,-7.501148836449615],[130.9895590877817,-7.501091728600321],[130.9896019179941,-7.501209511909383]]],[[[131.0266823976746,-7.501110147615168],[131.0266645524271,-7.501156547236824],[131.0265574764464,-7.501099440286899],[131.0266003066589,-7.501042333336975],[131.0266823976746,-7.501110147615168]]],[[[131.026532490582,-7.500928119437126],[131.026514646234,-7.500967380240357],[131.0264218469907,-7.500910273290432],[131.0264718160216,-7.500874580997045],[131.026532490582,-7.500928119437126]]],[[[130.9903328887518,-7.500760349110783],[130.9902971955592,-7.501028038613081],[130.9900295069563,-7.500790092388757],[130.990142531053,-7.50081983566682],[130.9903328887518,-7.500760349110783]]],[[[131.0261720036351,-7.50068898340979],[131.0261470195694,-7.500731813622322],[131.0260756349826,-7.500703260147271],[131.026120696413,-7.500643252883758],[131.0261720036351,-7.50068898340979]]],[[[131.025773532023,-7.500819598245804],[131.0255546217485,-7.500829115770972],[131.0256117286984,-7.500591170446106],[131.0258591933472,-7.50072441939638],[131.025773532023,-7.500819598245804]]],[[[130.9891800397271,-7.500252334677419],[130.9889837339123,-7.500248765268295],[130.9888409674368,-7.500127413449301],[130.9890551175996,-7.500084582337577],[130.9891800397271,-7.500252334677419]]],[[[131.0230037514221,-7.50023926483017],[131.0228609831479,-7.5002773358303],[131.0228181529354,-7.500129809243265],[131.0229418852599,-7.500058425555859],[131.0230037514221,-7.50023926483017]]],[[[130.9912366075835,-7.50008759686505],[130.9911081169461,-7.500142324208862],[130.991053388703,-7.50008759686505],[130.9912175716337,-7.500028110309013],[130.9912366075835,-7.50008759686505]]],[[[131.0176427551091,-7.499849015719454],[131.0174583473249,-7.499783581047374],[131.017553525275,-7.499551582939183],[131.0176903454332,-7.499593223348525],[131.0176427551091,-7.499849015719454]]],[[[131.0249739447918,-7.499696747906607],[131.0248644901041,-7.499753854856443],[131.0247407577798,-7.499568257269188],[131.0248916352408,-7.499490818446456],[131.0249739447918,-7.499696747906607]]],[[[130.9912913349273,-7.499566494598024],[130.9911461879462,-7.499545079042117],[130.9911890181587,-7.499426105930044],[130.9912937154327,-7.499502248829674],[130.9912913349273,-7.499566494598024]]],[[[131.0236224112454,-7.499449284157115],[131.0235510275579,-7.499492114369558],[131.0233892242333,-7.499335069357897],[131.0234939206079,-7.499296998357766],[131.0236224112454,-7.499449284157115]]],[[[130.9907083673972,-7.4993285483737],[130.9908392376408,-7.499438003960694],[130.9907535772159,-7.499504628435786],[130.9905560815979,-7.499376137798456],[130.9907083673972,-7.4993285483737]]],[[[130.8540206299482,-7.499276515398793],[130.8534936137394,-7.499189514084818],[130.8535976293272,-7.498849514593323],[130.8542166299935,-7.498972515768968],[130.8540206299482,-7.499276515398793]]],[[[131.0128369759458,-7.499431073784971],[131.0131284597107,-7.503621205853931],[131.012585942787,-7.503245250567828],[131.0092990034464,-7.504037286191759],[131.0091205437782,-7.505572037719314],[131.0068576759411,-7.50488675432022],[131.0128369759458,-7.499431073784971]]],[[[130.9885178356296,-7.498955290154433],[130.9883598391353,-7.498833461694846],[130.9883731643901,-7.498653574802531],[130.9884835705604,-7.498693549667549],[130.9885178356296,-7.498955290154433]]],[[[130.8531686302282,-7.498862499005091],[130.8528986303676,-7.498817499627889],[130.8530186296061,-7.498492515217396],[130.8533436140166,-7.498664499766753],[130.8531686302282,-7.498862499005091]]],[[[130.9905941525981,-7.498602812569714],[130.990432350173,-7.49862422812562],[130.9903800024352,-7.498474321932384],[130.9905703583354,-7.498488598669865],[130.9905941525981,-7.498602812569714]]],[[[130.9882770340579,-7.498489153551517],[130.988248480583,-7.498646198563178],[130.9880842976522,-7.49846773889498],[130.9882449111738,-7.49837850906088],[130.9882770340579,-7.498489153551517]]],[[[130.9890257727214,-7.498027403841582],[130.9906116093383,-7.498757193789433],[130.9900215029901,-7.499037970226111],[130.9908320061922,-7.500817875144764],[130.9890257727214,-7.498027403841582]]],[[[131.0344620459868,-7.497352978856834],[131.0344834606433,-7.497445777200865],[131.0342800169093,-7.497402946988333],[131.0344263536933,-7.497199503254385],[131.0344620459868,-7.497352978856834]]],[[[130.8472416141093,-7.497038513816338],[130.8477366135539,-7.497221515060807],[130.8454266140471,-7.496755515154855],[130.8459286300024,-7.496237514649521],[130.8472416141093,-7.497038513816338]]],[[[131.0365091223981,-7.496773042941544],[131.0363099864168,-7.496395887959809],[131.036809673128,-7.496191254422761],[131.0366573882279,-7.496724253821156],[131.0365091223981,-7.496773042941544]]],[[[131.0381613343782,-7.495507127551874],[131.0381042274282,-7.495509507157986],[131.0380947090037,-7.495361980570951],[131.0381708519034,-7.495364360176974],[131.0381613343782,-7.495507127551874]]],[[[131.0376788391072,-7.495455278937938],[131.0375798534276,-7.495426724563607],[131.0376331544465,-7.495312511563127],[131.0377264294312,-7.495388653563476],[131.0376788391072,-7.495455278937938]]],[[[131.0829859040763,-7.495406091417926],[131.0827527170643,-7.495458439155626],[131.082690850902,-7.495244288093409],[131.0828336182769,-7.495187181143396],[131.0829859040763,-7.495406091417926]]],[[[130.8553356141473,-7.495385514929501],[130.8576196097572,-7.503272510817708],[130.8768996157247,-7.507379498764769],[130.8778783721893,-7.51577604782632],[130.9313846299967,-7.520804515316097],[130.9359476299792,-7.533697499240136],[130.9397266297803,-7.526379514303087],[130.9547426288693,-7.525192515322291],[130.9659276167662,-7.508851512687079],[130.9799996136912,-7.508670514232811],[130.9886546144191,-7.515574515151683],[130.9671976285678,-7.516105516256547],[130.9785836284318,-7.521334512777481],[130.9767616127583,-7.525642512691792],[130.9770356128033,-7.527400499333473],[130.9537457285826,-7.541323572125139],[130.9819726282343,-7.561990514350717],[130.9724161893557,-7.565716239213031],[130.9515441333551,-7.556536655841998],[130.9434906288895,-7.54294851396267],[130.9285536172557,-7.570490513326503],[130.9131986151241,-7.575415513814824],[130.8937276300262,-7.577958513274722],[130.8723699473153,-7.565692821766294],[130.8437396126931,-7.561945513174865],[130.833052615386,-7.55348451329965],[130.8444286129902,-7.543547512807417],[130.8375766306571,-7.502206499430367],[130.854597626879,-7.50139349791155],[130.8480186301557,-7.497175498550383],[130.8553356141473,-7.495385514929501]]],[[[131.037954321235,-7.495185901408145],[131.037837727729,-7.495216833589939],[131.037813932567,-7.494905124072186],[131.0379281473662,-7.494969369840446],[131.037954321235,-7.495185901408145]]],[[[131.0391129915714,-7.494582738702408],[131.0391034740461,-7.494687435077],[131.0388893850371,-7.494518847266888],[131.0390321533113,-7.494433185942721],[131.0391129915714,-7.494582738702408]]],[[[131.0384825614211,-7.494543446422845],[131.0383350348341,-7.494562480573989],[131.0383017221468,-7.494433990835939],[131.0383992806024,-7.494412575280122],[131.0384825614211,-7.494543446422845]]],[[[131.038187508247,-7.494629106847731],[131.0379114910225,-7.494643383585212],[131.0379043522041,-7.494455404593196],[131.0380590176096,-7.494400678148753],[131.038187508247,-7.494629106847731]]],[[[131.0387560722351,-7.49452087343954],[131.0385942689105,-7.494416176165578],[131.0386799302347,-7.494340034165229],[131.0388322151347,-7.494444729640541],[131.0387560722351,-7.49452087343954]]],[[[131.0406653005632,-7.494169260103226],[131.0406355572852,-7.49426443805337],[131.0404987380264,-7.494127619693884],[131.0406355572852,-7.494074081253802],[131.0406653005632,-7.494169260103226]]],[[[131.0854795793192,-7.493992691709276],[131.0852606681454,-7.494002209234533],[131.0852463914078,-7.493892755446278],[131.0853415702573,-7.493807093222741],[131.0854795793192,-7.493992691709276]]],[[[131.0864313633168,-7.4934073436739],[131.0863647388417,-7.493483486573619],[131.086469434317,-7.493283612248795],[131.0864979886912,-7.493388308623476],[131.0864313633168,-7.4934073436739]]],[[[131.0859296639229,-7.493685322319691],[131.0856842128563,-7.493564388685562],[131.08605540893,-7.493117049712054],[131.0861509538036,-7.493535416126544],[131.0859296639229,-7.493685322319691]]],[[[131.0857940353664,-7.49322132700259],[131.0856584050115,-7.493257019295977],[131.0855013608991,-7.493000037121948],[131.0858650512312,-7.49302187176191],[131.0857940353664,-7.49322132700259]]],[[[131.2256566296499,-7.492923514708386],[131.2253936148234,-7.493052514362012],[131.225594630388,-7.49150551406819],[131.2261346148207,-7.491972514919513],[131.2256566296499,-7.492923514708386]]],[[[130.8192956293899,-7.491805515312215],[130.8188216147258,-7.49150651411428],[130.8195236138238,-7.49107551492301],[130.8195356143771,-7.491457499264146],[130.8192956293899,-7.491805515312215]]],[[[131.0866863319087,-7.491158334389584],[131.0864935964024,-7.491186887864546],[131.0865007352209,-7.491008428196348],[131.0866577793331,-7.490979874721385],[131.0866863319087,-7.491158334389584]]],[[[130.9697238080074,-7.490995459972431],[130.9695310707024,-7.490995459972431],[130.96959531737,-7.490809862385176],[130.9697666382199,-7.490866969335101],[130.9697238080074,-7.490995459972431]]],[[[131.0863365522902,-7.491001290277292],[131.0860938468536,-7.490994150559586],[131.0860938468536,-7.490722893446725],[131.0862885959421,-7.490651927944096],[131.0863365522902,-7.491001290277292]]],[[[131.2254406151923,-7.490210514603549],[131.2253016285674,-7.490323515317935],[131.2252756138786,-7.490086515180464],[131.2253336138552,-7.490056514696323],[131.2254406151923,-7.490210514603549]]],[[[131.0957715512162,-7.488226841295712],[131.0957477560541,-7.488317260932734],[131.0955431234165,-7.488269672407436],[131.095681131579,-7.48810786818355],[131.0957715512162,-7.488226841295712]]],[[[131.0972047396071,-7.48644474382976],[131.0970096235953,-7.486435226304592],[131.0970143828077,-7.486340046555887],[131.0972139909331,-7.486284086241549],[131.0972047396071,-7.48644474382976]]],[[[131.0963528927718,-7.485989077134184],[131.0965658549303,-7.4860900817918],[131.0964385531968,-7.486303166258138],[131.0960733061383,-7.485990144629432],[131.0963528927718,-7.485989077134184]]],[[[131.098031840697,-7.486187761655819],[131.0978605189479,-7.48600121258585],[131.0979023976776,-7.485884142439118],[131.0980413582222,-7.485939346423701],[131.098031840697,-7.486187761655819]]],[[[131.0977829254417,-7.486083565304184],[131.097590189036,-7.485980058732692],[131.097700834426,-7.485776614998744],[131.0978328935732,-7.4858230146204],[131.0977829254417,-7.486083565304184]]],[[[131.0978436018009,-7.485594585921333],[131.0977270073955,-7.485637416133776],[131.0977079723451,-7.485477992415372],[131.097881672801,-7.485492269152853],[131.0978436018009,-7.485594585921333]]],[[[131.0971297874098,-7.485390520755856],[131.097139542356,-7.486078187358451],[131.0961847843003,-7.485637987203279],[131.0967290845797,-7.485120454345465],[131.0971297874098,-7.485390520755856]]],[[[131.0978745339825,-7.484904542410646],[131.0977793560326,-7.484935474592439],[131.0977508025576,-7.48490930162287],[131.0978150474266,-7.484804605248278],[131.0978745339825,-7.484904542410646]]],[[[131.0980244401759,-7.484849815066833],[131.0979411593571,-7.484830779117128],[131.0979649536198,-7.484757015823521],[131.0980149226505,-7.484757015823521],[131.0980244401759,-7.484849815066833]]],[[[131.0993217068313,-7.484966979642386],[131.0991646618197,-7.484914631005405],[131.0993026708816,-7.484729033418062],[131.0993835729936,-7.484748069367856],[131.0993217068313,-7.484966979642386]]],[[[131.0983470953422,-7.484860760715487],[131.0981995687551,-7.484955938665542],[131.0981852920177,-7.484727510865844],[131.0982899883924,-7.484670403916009],[131.0983470953422,-7.484860760715487]]],[[[131.0986966618216,-7.484897971963792],[131.0984468175667,-7.484776620144888],[131.0987965989839,-7.484491085395265],[131.0989800319031,-7.484622813591971],[131.0986966618216,-7.484897971963792]]],[[[131.09780436438,-7.484198410927848],[131.097604489156,-7.484219825584474],[131.097604489156,-7.484012813340594],[131.0977972255615,-7.483984258966351],[131.09780436438,-7.484198410927848]]],[[[131.0994319151509,-7.483884321803983],[131.0996032369,-7.484469668940078],[131.0989800319031,-7.484841724765693],[131.0991703887025,-7.484456251954422],[131.0987109385591,-7.484048504734612],[131.0994319151509,-7.483884321803983]]],[[[130.8304676832371,-7.481531401253142],[130.8300313546634,-7.481606428094149],[130.8304402530154,-7.480975847757136],[130.8308522693169,-7.481399414950988],[130.8304676832371,-7.481531401253142]]],[[[130.8111041581305,-7.481224501309639],[130.8102156135597,-7.482639499113545],[130.8107706139727,-7.484754514808926],[130.8184696128824,-7.48871751500129],[130.8124686140354,-7.487397515283049],[130.8094966136779,-7.483099498742866],[130.8111041581305,-7.481224501309639]]],[[[130.8299334265864,-7.481068647000447],[130.8297529578329,-7.480614191691507],[130.8299599709759,-7.480564223560008],[130.830111887154,-7.480868772675623],[130.8299334265864,-7.481068647000447]]],[[[130.8150588234061,-7.47986345023797],[130.814894639576,-7.47960646806403],[130.8152087278007,-7.479520807639143],[130.8152301433566,-7.479642160357328],[130.8150588234061,-7.47986345023797]]],[[[131.1044976298618,-7.479770498109931],[131.1041546302321,-7.479644498594666],[131.1040736139062,-7.479351498572821],[131.1046536136733,-7.479355499656552],[131.1044976298618,-7.479770498109931]]],[[[130.819860630264,-7.479438515175278],[130.8298114803156,-7.484977546676389],[130.83722231216,-7.497309102732856],[130.8244366137588,-7.496703513656192],[130.8173266150313,-7.48315251377745],[130.8113296145701,-7.484297515318054],[130.819860630264,-7.479438515175278]]],[[[130.8166316153569,-7.479602514644305],[130.8157296133311,-7.479560515405374],[130.8156176297499,-7.479270514622519],[130.8165846293771,-7.479213499403484],[130.8166316153569,-7.479602514644305]]],[[[130.8123276291169,-7.479401514368326],[130.8122406296014,-7.479475498895098],[130.8114966141775,-7.479477499886648],[130.8118366289573,-7.478886514900721],[130.8123276291169,-7.479401514368326]]],[[[130.8184636287936,-7.478771514094066],[130.8184296137357,-7.478868514969931],[130.8178926303407,-7.478587514602068],[130.8182606140361,-7.478578514186988],[130.8184636287936,-7.478771514094066]]],[[[130.820610613589,-7.478964514900425],[130.8193596143548,-7.478648513817791],[130.8193196295973,-7.478472514694782],[130.8199156139145,-7.478383515087098],[130.820610613589,-7.478964514900425]]],[[[130.8163675258407,-7.478233518961711],[130.816290193138,-7.478304904447767],[130.8159094804383,-7.478132391996243],[130.8160191878353,-7.477937496318336],[130.8163675258407,-7.478233518961711]]],[[[130.8216746140922,-7.479472514944589],[130.8212826140015,-7.478403515110069],[130.8217316293113,-7.477904514581616],[130.8221336298632,-7.478645513679431],[130.8216746140922,-7.479472514944589]]],[[[130.8193036288594,-7.477647514421263],[130.8188756127195,-7.478241513934662],[130.8176266288659,-7.47798451377422],[130.8188306133423,-7.47718149922683],[130.8193036288594,-7.477647514421263]]],[[[130.9711012123512,-7.476480171023051],[130.9709869975519,-7.476437339911327],[130.9709977057796,-7.476355248895564],[130.9711226270077,-7.476398079108008],[130.9711012123512,-7.476480171023051]]],[[[130.8250506141945,-7.476210513804097],[130.8250256301288,-7.477162513639061],[130.8247116300378,-7.4773475149758],[130.8241346286103,-7.476791515416074],[130.8250506141945,-7.476210513804097]]],[[[130.9707371541965,-7.476437339911327],[130.9706229402965,-7.476433771401395],[130.9705230031342,-7.476119682277441],[130.9707264468681,-7.476123251686654],[130.9707371541965,-7.476437339911327]]],[[[130.8206496135889,-7.476938515000401],[130.8211336143249,-7.477817515066202],[130.8171926133486,-7.476665514102158],[130.8190576301056,-7.475492498679851],[130.8206496135889,-7.476938515000401]]],[[[130.8270336139102,-7.478292513588584],[130.8251616292059,-7.477403514860263],[130.8264166142354,-7.475448513737851],[130.8269116145794,-7.476391498768623],[130.8270336139102,-7.478292513588584]]],[[[131.1106483136687,-7.475441663601837],[131.1104103674446,-7.47539407507645],[131.110419885869,-7.475270342752064],[131.1105531357187,-7.47521323580214],[131.1106483136687,-7.475441663601837]]],[[[131.1092045762302,-7.475281645431568],[131.1090618079561,-7.475237030064789],[131.1091673721766,-7.47506012712316],[131.1093027282384,-7.475135903099409],[131.1092045762302,-7.475281645431568]]],[[[130.8186262289174,-7.474880858964442],[130.8182273508117,-7.474881423738714],[130.8178271003404,-7.474465665358102],[130.818426724214,-7.474622710369675],[130.8186262289174,-7.474880858964442]]],[[[130.8212866141859,-7.473799515035554],[130.8254136300351,-7.474712499582185],[130.8256476138463,-7.47523849955705],[130.8191506298978,-7.475216514730291],[130.8212866141859,-7.473799515035554]]],[[[130.8207736130119,-7.473445514898528],[130.8183986132055,-7.474383514987152],[130.8181516153048,-7.474277500206465],[130.8199586149982,-7.472975514808126],[130.8207736130119,-7.473445514898528]]],[[[130.8213616140473,-7.473378513607524],[130.8210856300978,-7.473426514022367],[130.8208116300528,-7.472903498897291],[130.8214306136319,-7.472888515292712],[130.8213616140473,-7.473378513607524]]],[[[130.8257976135691,-7.472875514693182],[130.8288306149411,-7.476081514150471],[130.8291376138099,-7.478160513796598],[130.8312276292517,-7.47931049937998],[130.8337290368657,-7.482341681423391],[130.8349282864114,-7.484161968599937],[130.8349497010679,-7.484697347604444],[130.8321806300321,-7.481226498703889],[130.8309606133417,-7.480475514433386],[130.8286846297919,-7.480407499606371],[130.8267816139804,-7.4741615146422],[130.8217786296802,-7.473007513585887],[130.8257976135691,-7.472875514693182]]],[[[131.1264043217021,-7.472330985086798],[131.1263210399841,-7.472361917268681],[131.12628534859,-7.472238185843575],[131.1263852857523,-7.472238185843575],[131.1264043217021,-7.472330985086798]]],[[[131.1259998129411,-7.472123971943726],[131.1259331875666,-7.47212873025667],[131.1259141534155,-7.472014516356821],[131.126009329567,-7.47203831061947],[131.1259998129411,-7.472123971943726]]],[[[131.1200624923902,-7.472132864440066],[131.119907827884,-7.472209007339784],[131.1198412034089,-7.472090034227711],[131.1199911087027,-7.472001994196623],[131.1200624923902,-7.472132864440066]]],[[[131.1261080526446,-7.471870423381314],[131.1260366689573,-7.471941807068631],[131.1258653481074,-7.471841869906352],[131.1259874796385,-7.471684585675024],[131.1261080526446,-7.471870423381314]]],[[[131.1273489677806,-7.471840815900847],[131.1272299946686,-7.471812262425973],[131.127225234557,-7.471688530101498],[131.1273917979932,-7.471719463182661],[131.1273489677806,-7.471840815900847]]],[[[131.1202005005528,-7.471778324709869],[131.1200434573398,-7.471802119871888],[131.1199975973114,-7.471606303288229],[131.1202100189772,-7.471659351597707],[131.1202005005528,-7.471778324709869]]],[[[131.1271086419504,-7.471976445356602],[131.1268361680548,-7.471820455249726],[131.1270229824249,-7.471519588857926],[131.1271395750314,-7.471645699889144],[131.1271086419504,-7.471976445356602]]],[[[131.1264757053895,-7.471690909707699],[131.1263234195902,-7.47164094067683],[131.1264090800152,-7.47143392843295],[131.1265661250266,-7.471514829645613],[131.1264757053895,-7.471690909707699]]],[[[131.1204979342324,-7.471557034829227],[131.1203123357458,-7.471571311566708],[131.1202814026647,-7.471359540110693],[131.1205360052326,-7.471414266555047],[131.1204979342324,-7.471557034829227]]],[[[131.1205169701821,-7.471240566998531],[131.1203789611202,-7.471209633917367],[131.1203908582515,-7.471157286179756],[131.1204860371011,-7.471140629836163],[131.1205169701821,-7.471240566998531]]],[[[131.1258618038792,-7.471333990371302],[131.125619099342,-7.471333990371302],[131.1256238585542,-7.471131736440454],[131.1259117729101,-7.471160289915416],[131.1258618038792,-7.471333990371302]]],[[[131.1266232319767,-7.471284022239803],[131.1263793106567,-7.471163722627664],[131.1264971200462,-7.470972312721961],[131.126682719432,-7.471017523439886],[131.1266232319767,-7.471284022239803]]],[[[131.1208090483989,-7.471109696755],[131.1206067935687,-7.47108590159307],[131.1206365377462,-7.470990723642926],[131.1207614589743,-7.47094313421817],[131.1208090483989,-7.471109696755]]],[[[131.1261806522154,-7.470996106984699],[131.1260592985978,-7.471174566652897],[131.1259189117285,-7.471081767409586],[131.1260027708113,-7.470938396589658],[131.1261806522154,-7.470996106984699]]],[[[131.1207257675802,-7.470883647662133],[131.120505668402,-7.470865802414809],[131.1204759242246,-7.470752777418691],[131.1206127425841,-7.470687341847241],[131.1207257675802,-7.470883647662133]]],[[[131.1263757682271,-7.470896169822331],[131.1262793743937,-7.470585514309994],[131.1264828433086,-7.470508317404859],[131.1265756425519,-7.470686777073058],[131.1263757682271,-7.470896169822331]]],[[[131.1258832194351,-7.470351273292567],[131.1260759558408,-7.470620152597877],[131.1255929245739,-7.470760540366576],[131.1256262372611,-7.470439313323566],[131.1258832194351,-7.470351273292567]]],[[[131.1258367937332,-7.470242871711078],[131.1256547916354,-7.470282269211274],[131.125531059311,-7.470139500937182],[131.1258380096164,-7.470068117249776],[131.1258367937332,-7.470242871711078]]],[[[131.1263840959493,-7.470193039377174],[131.1262734505593,-7.470135932427339],[131.1263222037068,-7.469985890436507],[131.1264983098492,-7.470053841411576],[131.1263840959493,-7.470193039377174]]],[[[131.1269575198737,-7.47001444391138],[131.1267719222865,-7.469893091193195],[131.1268932750047,-7.46974318499987],[131.1270360423795,-7.469857398899808],[131.1269575198737,-7.47001444391138]]],[[[131.1253085544463,-7.46982170660642],[131.1251931759244,-7.469820654399654],[131.1251372326972,-7.469678940130978],[131.1253050102181,-7.469651711357343],[131.1253085544463,-7.46982170660642]]],[[[131.1214832287681,-7.469058155209644],[131.1214386143007,-7.469114666808333],[131.1215010749147,-7.468912412877486],[131.1215516383975,-7.468980823406283],[131.1214832287681,-7.469058155209644]]],[[[131.1216173221817,-7.468406778050322],[131.122008700841,-7.468425636833657],[131.1219920867654,-7.468680415668575],[131.1215037962633,-7.468743811577631],[131.1216173221817,-7.468406778050322]]],[[[131.1216676365522,-7.468198575104149],[131.1215337931501,-7.468207498177452],[131.121512972046,-7.468064729903271],[131.1216022018802,-7.468023088594648],[131.1216676365522,-7.468198575104149]]],[[[131.1222461866123,-7.466966353714247],[131.1223818169674,-7.467780130448602],[131.1221248347934,-7.467965728035856],[131.121675117113,-7.467094845250858],[131.1222461866123,-7.466966353714247]]],[[[131.1233098067023,-7.466024088141125],[131.1238737391818,-7.466173994334361],[131.1238166322319,-7.466516636033908],[131.1232598376715,-7.466295346153266],[131.1233098067023,-7.466024088141125]]],[[[131.1331536374305,-7.46184099506582],[131.1333035427244,-7.461683950953527],[131.1335122447944,-7.4618877085509],[131.1332535736936,-7.461990901259056],[131.1331536374305,-7.46184099506582]]],[[[131.1338905796865,-7.459520740589624],[131.1338299033274,-7.45956714021128],[131.1337371040841,-7.459535017327105],[131.1338334727367,-7.459427941346312],[131.1338905796865,-7.459520740589624]]],[[[131.1343046059728,-7.459088868156697],[131.1340904540113,-7.459096006975034],[131.1341796838454,-7.45879619458865],[131.1343617129228,-7.458917547306924],[131.1343046059728,-7.459088868156697]]],[[[131.13397981042,-7.459010347449516],[131.1336176318483,-7.459321145954049],[131.1330696650331,-7.459010347449516],[131.1336907035632,-7.45857847411722],[131.13397981042,-7.459010347449516]]],[[[131.1345740797301,-7.458271820587984],[131.1343670665869,-7.458218283047272],[131.1344670037493,-7.458007701394268],[131.1345705103209,-7.458075515672461],[131.1345740797301,-7.458271820587984]]],[[[131.1342315333586,-7.457336675846874],[131.134074488347,-7.457158216178676],[131.1341778995904,-7.45709755690667],[131.134338513112,-7.457247463099907],[131.1342315333586,-7.457336675846874]]],[[[131.6985336108375,-7.439363509818068],[131.6983856309921,-7.439218513923222],[131.6986496305761,-7.439074513577885],[131.6986656151261,-7.439252499303332],[131.6985336108375,-7.439363509818068]]],[[[131.6963056142127,-7.439040514707943],[131.6961176082411,-7.439090505322524],[131.6960586307012,-7.439009515076992],[131.6962506296629,-7.438918500088646],[131.6963056142127,-7.439040514707943]]],[[[131.1940428139247,-7.42980403213032],[131.1939428767624,-7.429682679412045],[131.1941141994108,-7.42956132669386],[131.1941641666431,-7.429661264755508],[131.1940428139247,-7.42980403213032]]],[[[130.9996536441005,-7.427654573299928],[130.9995222981156,-7.42757462356998],[130.9995725153594,-7.427471269883127],[130.9997069442202,-7.427521322550915],[130.9996536441005,-7.427654573299928]]],[[[130.9991926003582,-7.427495434666546],[130.9991140778525,-7.427623926203156],[130.9989427561033,-7.42755254161647],[130.99907124764,-7.427374081948272],[130.9991926003582,-7.427495434666546]]],[[[130.9987642973346,-7.427359805210791],[130.9985430065546,-7.427402636322515],[130.9985358686355,-7.427188484361017],[130.9987500205971,-7.427224176654405],[130.9987642973346,-7.427359805210791]]],[[[131.0022878977684,-7.427258154839914],[131.0021784430808,-7.42727719078962],[131.0022688627179,-7.426915512241087],[131.0024306660424,-7.426977378403236],[131.0022878977684,-7.427258154839914]]],[[[131.1981068403585,-7.42688110238097],[131.1977427822037,-7.426681228056146],[131.1977275288025,-7.426307414055858],[131.198179626089,-7.426654815866999],[131.1981068403585,-7.42688110238097]]],[[[131.2040445458192,-7.426200100654049],[131.2038303938577,-7.426228654129011],[131.2036747778687,-7.426152986970783],[131.2038323480845,-7.425947419937432],[131.2040445458192,-7.426200100654049]]],[[[131.198617446638,-7.425498397433009],[131.1989491687693,-7.42590314361509],[131.1978141658912,-7.426281477608113],[131.1980558946639,-7.425312799845844],[131.198617446638,-7.425498397433009]]],[[[131.0434655807721,-7.423506379315884],[131.0432752239725,-7.423536122593947],[131.0433144497022,-7.423375563031768],[131.0434417874086,-7.423399304234461],[131.0434655807721,-7.423506379315884]]],[[[131.0432038402851,-7.423464738906541],[131.0429896892229,-7.423470687921866],[131.0429956373389,-7.423369560956398],[131.043197892169,-7.423375509072442],[131.0432038402851,-7.423464738906541]]],[[[131.2083293360301,-7.423928429353469],[131.198793630122,-7.433770513598307],[131.194706921887,-7.433458170058386],[131.1993836330483,-7.425679236707409],[131.2083293360301,-7.423928429353469]]],[[[131.0444292628004,-7.422947206048639],[131.0443108418719,-7.422981417158584],[131.0442270088693,-7.422905565639296],[131.0445006455884,-7.422774695395854],[131.0444292628004,-7.422947206048639]]],[[[131.0470288242209,-7.422257163437322],[131.0466856744044,-7.422374683244985],[131.0465648289038,-7.422304751962709],[131.0469395943868,-7.422161983688528],[131.0470288242209,-7.422257163437322]]],[[[131.0522147441152,-7.421109642895622],[131.0521968979685,-7.421207795803112],[131.0519543094439,-7.421156662150156],[131.0520435383787,-7.421013893876064],[131.0522147441152,-7.421109642895622]]],[[[131.6923631482408,-7.421055894014276],[131.6922936225527,-7.421008506936992],[131.6925456071941,-7.420713507722158],[131.6925576077476,-7.420968485307337],[131.6923631482408,-7.421055894014276]]],[[[131.0391986304125,-7.41837151483347],[131.0378124423904,-7.416621999805421],[131.0385986153339,-7.414978498658779],[131.0405206302231,-7.416492499229469],[131.0391986304125,-7.41837151483347]]],[[[131.1143354477228,-7.41353584310465],[131.1141736443982,-7.413521566367169],[131.1141974386609,-7.41336928056782],[131.1143592419855,-7.413393075729839],[131.1143354477228,-7.41353584310465]]],[[[131.1190803904477,-7.412513269871449],[131.119055406382,-7.412563238002948],[131.1189483304011,-7.412491854315632],[131.1190518369727,-7.412406193890656],[131.1190803904477,-7.412513269871449]]],[[[131.1186592262424,-7.412484716396487],[131.1185521502616,-7.41252754660893],[131.1184736277558,-7.412381209824907],[131.1185842731458,-7.412313394647433],[131.1186592262424,-7.412484716396487]]],[[[131.1185664269991,-7.412131365570022],[131.1183915367401,-7.412206319565921],[131.118387967331,-7.412002874932692],[131.1185235967866,-7.412042136635292],[131.1185664269991,-7.412131365570022]]],[[[131.118300075688,-7.41205028629162],[131.1182084662478,-7.412072890751257],[131.1182191735761,-7.411949159326151],[131.1182727120162,-7.411951538032983],[131.118300075688,-7.41205028629162]]],[[[131.1739568121573,-7.407467833074025],[131.1737367120797,-7.407449987826612],[131.173685305033,-7.407199841399485],[131.1739984525666,-7.407182298324314],[131.1739568121573,-7.407467833074025]]],[[[131.1740921934,-7.406964274781362],[131.1738352112261,-7.406978552418212],[131.173828073307,-7.406864336719713],[131.1741412208407,-7.406730200138582],[131.1740921934,-7.406964274781362]]],[[[131.1741375534055,-7.406456720801006],[131.1740036938155,-7.406456236066354],[131.1740197691971,-7.406335368982101],[131.1741553977534,-7.406313953426106],[131.1741375534055,-7.406456720801006]]],[[[131.1743769853096,-7.40576786709333],[131.174177853825,-7.405807857246741],[131.1741092958074,-7.405636996849888],[131.1742996526069,-7.405601304556501],[131.1743769853096,-7.40576786709333]]],[[[131.1331536374305,-7.46184099506582],[131.1260223922198,-7.470128657811229],[131.1216608403755,-7.464582134058232],[131.1172774925623,-7.477207224333852],[131.1060946135756,-7.47456651443306],[131.1049776304134,-7.479109515291852],[131.09842540291,-7.480714879787768],[131.0928631212361,-7.489598551132185],[131.0845086136817,-7.48082649824429],[131.0868596150793,-7.487944515327064],[131.0868596663407,-7.493045666024648],[131.0595196142388,-7.523959498931702],[131.0362536555819,-7.513694209020442],[131.0376606152453,-7.512739514816661],[131.0391581186523,-7.505783235407896],[131.0383836036204,-7.505119364866778],[131.0483996311382,-7.500359514979563],[131.0479990056497,-7.505531606898134],[131.0614878398919,-7.499574487772324],[131.0594236152077,-7.484042515249793],[131.0288715022181,-7.501452790214084],[131.0252832747034,-7.499116159083456],[131.0153582405904,-7.49902250368553],[131.0131412381777,-7.496867374629605],[131.0036796139231,-7.504279498799774],[130.9880408990684,-7.495756762264686],[130.9770976138638,-7.497411513930156],[130.9709996150403,-7.489874514397314],[130.9689996136414,-7.490205499084438],[130.9707996139112,-7.458315515048922],[130.989338629774,-7.42953551435244],[131.0265276135586,-7.42116151489192],[131.0881416139444,-7.422045499000588],[131.1612046503744,-7.405019384736792],[131.1699521436766,-7.424506873293505],[131.1474775398566,-7.434511911995116],[131.1508782416377,-7.440540059576043],[131.1370116291834,-7.446757515347072],[131.1391361012502,-7.452105745783547],[131.1331536374305,-7.46184099506582]]],[[[131.1852736145858,-7.398937515254093],[131.1818603906446,-7.412251898106507],[131.1745636306072,-7.411510514098899],[131.1761306300247,-7.401407514944828],[131.1852736145858,-7.398937515254093]]],[[[131.3282956153504,-7.405803499132072],[131.3281376143594,-7.415886515350304],[131.3162586304315,-7.408026514412106],[131.322632631191,-7.389084515038284],[131.3282956153504,-7.405803499132072]]],[[[131.200384940013,-7.384502660769136],[131.1996925159968,-7.383845929046355],[131.1995568874405,-7.382289761962894],[131.2001636501324,-7.38263240366244],[131.200384940013,-7.384502660769136]]],[[[131.6794787402518,-7.371521795094774],[131.6791991536181,-7.371658612554891],[131.6791515650927,-7.371486102801387],[131.6794192536956,-7.371234673041708],[131.6794787402518,-7.371521795094774]]],[[[131.6663038674297,-7.367716893020119],[131.665885081931,-7.367688340444526],[131.6658755644058,-7.367536054645178],[131.6662086885801,-7.367326661895905],[131.6663038674297,-7.367716893020119]]],[[[131.2258917735866,-7.350641116394367],[131.2256120259743,-7.35045503766976],[131.2262784362009,-7.350159274930571],[131.2263557680044,-7.350236607633302],[131.2258917735866,-7.350641116394367]]],[[[131.3752696151007,-7.349730515051148],[131.3755976140387,-7.349822514797192],[131.3748476298143,-7.350674515416492],[131.3745696313835,-7.34998651426613],[131.3752696151007,-7.349730515051148]]],[[[131.3971806308815,-7.338018515442072],[131.3970056291066,-7.338053515257474],[131.3967786303296,-7.337568515374641],[131.3971876150165,-7.337670497595354],[131.3971806308815,-7.338018515442072]]],[[[131.2990128972275,-7.32898495768957],[131.2997776303334,-7.329366513953398],[131.2998864671868,-7.329565833396393],[131.2986077373572,-7.32912435890201],[131.2990128972275,-7.32898495768957]]],[[[131.2294946150845,-7.32660651527837],[131.2291476143709,-7.326536514748287],[131.2292496307659,-7.326274515256585],[131.2295416136546,-7.326237515349002],[131.2294946150845,-7.32660651527837]]],[[[131.2276336138003,-7.325669499947444],[131.227829614745,-7.325784515143211],[131.2277766149989,-7.326303513895986],[131.227274614332,-7.325676514659366],[131.2276336138003,-7.325669499947444]]],[[[131.2315076152843,-7.323220513815602],[131.2310506292832,-7.326332514334037],[131.2282216139364,-7.32449251491765],[131.2286036153646,-7.323264498757601],[131.2315076152843,-7.323220513815602]]],[[[131.2293926292665,-7.322099507086558],[131.2294226153615,-7.321796514697335],[131.2295576143924,-7.321797513844145],[131.2294556150846,-7.322091514811539],[131.2293926292665,-7.322099507086558]]],[[[131.2360226139525,-7.312407515194667],[131.2357376151989,-7.312390514410686],[131.2356056154069,-7.312179500183706],[131.2360106151978,-7.311991514896458],[131.2360226139525,-7.312407515194667]]],[[[131.2574237959714,-7.303465526412881],[131.277239615316,-7.332619513779529],[131.28795263001,-7.334834499012891],[131.2805206290239,-7.321306514583873],[131.2893256150851,-7.323117515360948],[131.3026135677621,-7.339055361815453],[131.277745615268,-7.342405515402176],[131.2607506148491,-7.358259515364266],[131.2752116153239,-7.375598514559715],[131.2694746295506,-7.380124513735246],[131.2187506313367,-7.367929514335606],[131.2074286299274,-7.357476499041108],[131.2267046303145,-7.350421513641851],[131.225469614731,-7.330846513855497],[131.2421396298402,-7.339369514791175],[131.245875630356,-7.322402498576412],[131.2384146298313,-7.31270549925929],[131.2574237959714,-7.303465526412881]]],[[[131.6381427244073,-7.302217613651933],[131.6378786043142,-7.302267581783432],[131.6378786043142,-7.302032015165309],[131.6380642019014,-7.301982047033809],[131.6381427244073,-7.302217613651933]]],[[[131.3820546150286,-7.29080451361737],[131.3819266136223,-7.29081551412463],[131.381948614637,-7.290503514125816],[131.3820756303861,-7.290579514932619],[131.3820546150286,-7.29080451361737]]],[[[131.3807992405925,-7.290621996208094],[131.3805942239444,-7.290654995931315],[131.3808262391396,-7.29049801207358],[131.3807992405925,-7.290621996208094]]],[[[131.380699191015,-7.288897729646474],[131.3805862082869,-7.288967730176558],[131.3805461911538,-7.288797728632249],[131.3807142078944,-7.288778714266168],[131.380699191015,-7.288897729646474]]],[[[131.3872406302509,-7.281301515152697],[131.3904316308152,-7.286590514440653],[131.3824516153499,-7.290086514680886],[131.3815006299502,-7.28459651511704],[131.3872406302509,-7.281301515152697]]],[[[131.6322178666613,-7.27034592272611],[131.6320334579777,-7.270262641907336],[131.6321286368272,-7.270066336092532],[131.6322595070707,-7.270125822648569],[131.6322178666613,-7.27034592272611]]],[[[131.9480707355761,-7.253103245418372],[131.9479339172166,-7.252990220422343],[131.9482075548349,-7.252544072151216],[131.9485228337618,-7.252770120344713],[131.9480707355761,-7.253103245418372]]],[[[131.4014963173013,-7.247630198075131],[131.4091656295902,-7.25307951500758],[131.4041966306701,-7.26595151415104],[131.3949906297139,-7.252385513580498],[131.4014963173013,-7.247630198075131]]],[[[131.3745674568228,-7.242284645819711],[131.3756776312177,-7.242513498099416],[131.3752337069701,-7.244209034918984],[131.3729315783297,-7.242124627649352],[131.3745674568228,-7.242284645819711]]],[[[131.371597494329,-7.23876086282356],[131.3717830919162,-7.238770381248098],[131.3719329981093,-7.238986911916427],[131.3714666231861,-7.238763242429584],[131.371597494329,-7.23876086282356]]],[[[131.3717997482598,-7.238385859919453],[131.3716950509858,-7.238359686050603],[131.3717545384413,-7.238252610069899],[131.3718758902602,-7.238309717019734],[131.3717997482598,-7.238385859919453]]],[[[131.7124806136895,-7.237733514190285],[131.7138046297799,-7.238337515064223],[131.714232615343,-7.238834514601126],[131.7110596147095,-7.239116498827317],[131.7124806136895,-7.237733514190285]]],[[[131.3706385706136,-7.237631570640416],[131.370529115926,-7.237593498740917],[131.3705457722697,-7.237531632578768],[131.3706528482504,-7.237536391790992],[131.3706385706136,-7.237631570640416]]],[[[131.4788506145642,-7.236426497984442],[131.4804286153884,-7.237868499731429],[131.4753516312728,-7.238034514581119],[131.4756506297728,-7.236831513963152],[131.4788506145642,-7.236426497984442]]],[[[131.9061838202271,-7.234575636556321],[131.9059875153116,-7.234525668424822],[131.9059684793619,-7.234307947953392],[131.9062659121422,-7.234379330741517],[131.9061838202271,-7.234575636556321]]],[[[131.4683966136129,-7.23271651395592],[131.4711886308507,-7.246138515080317],[131.4539749054176,-7.241500668121218],[131.4572336150395,-7.234703513856004],[131.4683966136129,-7.23271651395592]]],[[[131.7488742046809,-7.221704695914947],[131.748777122866,-7.22181177189574],[131.7486429206344,-7.22173753286082],[131.7487357198777,-7.221587626667584],[131.7488742046809,-7.221704695914947]]],[[[131.7475006854083,-7.221653141379284],[131.7471152116978,-7.221519890630449],[131.7470414493035,-7.221286703618438],[131.7473079481034,-7.221258151042757],[131.7475006854083,-7.221653141379284]]],[[[131.7468633061967,-7.220436760647945],[131.7471393243204,-7.220465314122907],[131.7472021419653,-7.220606177632919],[131.7468195236022,-7.220568106632789],[131.7468633061967,-7.220436760647945]]],[[[131.7476894549045,-7.220606177632919],[131.7473563307301,-7.220431049952917],[131.7472839946608,-7.220255922272915],[131.7474857728502,-7.220267342763601],[131.7476894549045,-7.220606177632919]]],[[[131.404479614043,-7.221168513815782],[131.4038306137919,-7.219883514812312],[131.4050526296752,-7.218658498790623],[131.4048686301832,-7.220553514233234],[131.404479614043,-7.221168513815782]]],[[[131.9841278587138,-7.20940476092096],[131.9840279215514,-7.209461867870885],[131.9837352479834,-7.209297684940167],[131.9838637386208,-7.209162054585042],[131.9841278587138,-7.20940476092096]]],[[[131.3968396151562,-7.218882513617046],[131.4058626301563,-7.232679514947619],[131.4017576144224,-7.23976751535849],[131.3968906139108,-7.224872513755524],[131.3798355837453,-7.24104851597616],[131.3649156151636,-7.232411515179286],[131.3862726152891,-7.217806499070604],[131.3865266153111,-7.20037449828446],[131.3968396151562,-7.218882513617046]]],[[[131.5131489407711,-7.186920682743273],[131.5125076333206,-7.186907037329852],[131.512333648679,-7.186158037863136],[131.5131966381145,-7.186485240001764],[131.5131489407711,-7.186920682743273]]],[[[131.5028546153483,-7.184073514580972],[131.5004606299542,-7.181974514911874],[131.5002846146433,-7.179028514854017],[131.5033976313956,-7.180355513995699],[131.5028546153483,-7.184073514580972]]],[[[131.7233896311267,-7.179223497766144],[131.7271182922755,-7.182939300408345],[131.7218166152447,-7.186139515426219],[131.7211736143709,-7.176115515418661],[131.7233896311267,-7.179223497766144]]],[[[131.8080796146826,-7.176036515372867],[131.8074656313339,-7.176076513620159],[131.8074226302503,-7.175950515004174],[131.8079166152596,-7.17587651428964],[131.8080796146826,-7.176036515372867]]],[[[131.6574136742018,-7.175535480577969],[131.6568226127734,-7.174921513417035],[131.6575296300884,-7.173728497072388],[131.6580916164351,-7.174321511828267],[131.6574136742018,-7.175535480577969]]],[[[131.8095886150227,-7.171016515000143],[131.8086966152567,-7.17051051504816],[131.8086436307989,-7.170231513873197],[131.8093906139856,-7.170279515187409],[131.8095886150227,-7.171016515000143]]],[[[131.4872205985519,-7.163361036082864],[131.4891896308968,-7.208806513909475],[131.4774616296505,-7.21212051474989],[131.453071613764,-7.201587499363508],[131.4711092692775,-7.184376435923737],[131.4713076147547,-7.171517497634365],[131.4872205985519,-7.163361036082864]]],[[[131.5077867312728,-7.161245643571571],[131.5067337465653,-7.161574642555627],[131.5062907468206,-7.161116643917945],[131.507593729567,-7.160811628054179],[131.5077867312728,-7.161245643571571]]],[[[131.4292106312657,-7.161255499241896],[131.4283166152197,-7.161334513676802],[131.428286630024,-7.160712514670723],[131.428905629791,-7.160596513817977],[131.4292106312657,-7.161255499241896]]],[[[131.5266093843157,-7.150665135887272],[131.5263738176976,-7.150693689362234],[131.5263524021417,-7.150436708087574],[131.5265879687598,-7.15044384600663],[131.5266093843157,-7.150665135887272]]],[[[131.7104506306921,-7.143175515337744],[131.710250629563,-7.143300514806831],[131.7101616299553,-7.143022513678047],[131.7103526153811,-7.142971498735643],[131.7104506306921,-7.143175515337744]]],[[[131.5662360155798,-7.13126625303511],[131.5661170433669,-7.131242457873092],[131.5660962222629,-7.131120510702952],[131.566206273201,-7.131135382791668],[131.5662360155798,-7.13126625303511]]],[[[131.5633271251467,-7.130745746119231],[131.5630130360229,-7.130620823991744],[131.5630094666137,-7.130542302385282],[131.5632914328533,-7.130577993779389],[131.5633271251467,-7.130745746119231]]],[[[131.5736718305905,-7.12979396212157],[131.5736004478025,-7.129710680403515],[131.5737848555868,-7.129645244832154],[131.5737759334126,-7.129737448724231],[131.5736718305905,-7.12979396212157]]],[[[131.4993446297509,-7.128853514078307],[131.4995076300731,-7.13174249891713],[131.4931256298441,-7.137042514000739],[131.4958726144297,-7.128826513732615],[131.4993446297509,-7.128853514078307]]],[[[131.5894990343531,-7.125888255038929],[131.5892953531981,-7.125901580293696],[131.5892610881288,-7.125770234308852],[131.5893486533178,-7.125758812019515],[131.5894990343531,-7.125888255038929]]],[[[131.4305532012692,-7.120249825069339],[131.4304247097326,-7.120246254760757],[131.4304032950761,-7.120142749088546],[131.4305103701575,-7.120149887007602],[131.4305532012692,-7.120249825069339]]],[[[131.4818946308326,-7.126467514663996],[131.47518161444,-7.125360498687953],[131.4788786302447,-7.118895499127901],[131.4822446307851,-7.120631515332113],[131.4818946308326,-7.126467514663996]]],[[[131.6132236148779,-7.117583515067131],[131.6148756137187,-7.121142514615356],[131.613539614162,-7.122343514241684],[131.6114416154383,-7.119166514323164],[131.6132236148779,-7.117583515067131]]],[[[131.6544024849868,-7.118314439959387],[131.6595826123478,-7.146554495793271],[131.6389206145948,-7.169614514198467],[131.6404276301311,-7.177228513684923],[131.680810661383,-7.173258864804736],[131.6748674862456,-7.159115479695614],[131.6801141976122,-7.15231260034617],[131.7102766145742,-7.143587512753483],[131.7092126347553,-7.153474510939865],[131.6905552780038,-7.163334344204556],[131.7187416164326,-7.164649512764746],[131.7179146142681,-7.189474512738484],[131.7471056168308,-7.212398505986232],[131.7391336152242,-7.224499511842967],[131.7061196171266,-7.233323509572268],[131.6752486171301,-7.234162509592127],[131.6711131593449,-7.224283847221694],[131.6524236131592,-7.230625511957792],[131.6497396143917,-7.249676511861462],[131.6313791058611,-7.257948931098283],[131.6373086310886,-7.30626649909956],[131.6507246391309,-7.314140506978787],[131.658457629716,-7.335425513676411],[131.6513536303659,-7.351818498924593],[131.6604530310826,-7.355197655647298],[131.6583636136899,-7.367753514313139],[131.676965615371,-7.368260499022731],[131.6821479730507,-7.378973147692562],[131.6768666153022,-7.391848514797043],[131.6484896152037,-7.394011512920943],[131.6460706151668,-7.404377515210107],[131.6629446136032,-7.405048514677119],[131.6570806147786,-7.430318515387117],[131.6707186312599,-7.421244515122253],[131.6708636145643,-7.437393515198457],[131.6925986141348,-7.421028498866082],[131.7064056312149,-7.422275515003011],[131.6979556138606,-7.438735514132659],[131.6672886313653,-7.452369499852444],[131.6757686150296,-7.461939514896602],[131.6678656309942,-7.484461514786992],[131.6720216149057,-7.496341514948916],[131.6487888493261,-7.505349126361053],[131.6673016148777,-7.511763514774276],[131.6550932308679,-7.541165665563002],[131.6585956306839,-7.550325515110393],[131.6464486299004,-7.558363499076196],[131.6493486314343,-7.569500515336428],[131.6296589887713,-7.606164636788452],[131.6219326135993,-7.64994951465832],[131.6100306142215,-7.652340499014779],[131.6002123206422,-7.644298220786164],[131.5983746153962,-7.654140514573075],[131.5849106141336,-7.659837513790161],[131.5894836145773,-7.669409500148276],[131.5631436139867,-7.69842251518689],[131.5534346141162,-7.723555499686511],[131.5362016153124,-7.722876515138991],[131.5316266138771,-7.73148249921796],[131.5167768778507,-7.725796876424677],[131.5083986147043,-7.732646515124556],[131.4849296152097,-7.729988514858003],[131.4765356301153,-7.742858515707932],[131.485035958243,-7.754185431912112],[131.4786216147958,-7.783886514650876],[131.4634866309034,-7.773002500165197],[131.4516166150148,-7.77737749957195],[131.4604676148885,-7.810887515146606],[131.4315336313721,-7.814562514648297],[131.4155236143234,-7.838955499196824],[131.3916113299989,-7.842698539605823],[131.3636296152147,-7.870119513604638],[131.3605366290622,-7.887985516418342],[131.3804046306692,-7.896231515372135],[131.362719629907,-7.911692515197347],[131.3443726148043,-7.907294514730071],[131.3266386306683,-7.933722498694332],[131.3313656148313,-7.941292499749045],[131.3556136295654,-7.932917516430197],[131.3443436143664,-7.950617515186113],[131.3299977783749,-7.954639740231765],[131.3419416304019,-7.991332515882802],[131.3246033812411,-7.995297278746331],[131.292261201893,-8.030982725572304],[131.2859866292796,-8.002250514849312],[131.3073466151542,-7.962039499623223],[131.3053394821314,-7.943132014430868],[131.291727614338,-7.93748651579003],[131.2935942570694,-7.923721617558569],[131.2777476153602,-7.932414500428812],[131.2699826152055,-7.944728515208758],[131.271865007764,-7.960438174881793],[131.2318326302717,-8.007180515568262],[131.1716902346167,-7.99267411461864],[131.1424329772002,-8.002415033227166],[131.1290483896716,-7.998267096449289],[131.1028986307673,-7.996216500990697],[131.1075975488878,-7.980235541037376],[131.1022546181561,-7.966725510673704],[131.1207036199761,-7.911514328023798],[131.1038304039501,-7.890003593291154],[131.1068276185998,-7.884453510920756],[131.1035886931638,-7.868121592337544],[131.0953655729629,-7.878822474277739],[131.1014846114257,-7.883411511432107],[131.1030026211741,-7.893591511439072],[131.081032087361,-7.878578373093407],[131.0820986338449,-7.847549510601385],[131.0924496102614,-7.836639511104496],[131.10213962994,-7.839319515083502],[131.1069869586812,-7.822794495869249],[131.1216296249073,-7.836359510782724],[131.1395046740016,-7.835881531007852],[131.1451496132641,-7.802959500280674],[131.1309996028494,-7.793099497044124],[131.1248696178386,-7.798929518582368],[131.1148196184307,-7.794699510573969],[131.1372238017371,-7.78328053167117],[131.1302796191092,-7.780429510813195],[131.1231496176608,-7.788969509834923],[131.1114596109724,-7.78315949461497],[131.1404896258956,-7.769909511314824],[131.155699633931,-7.771839511284354],[131.1478889823907,-7.766867723566476],[131.1314906191969,-7.770019510092289],[131.1342896097778,-7.757679511200414],[131.1421896341444,-7.760509512204176],[131.1493119787649,-7.749645550801424],[131.1392496298666,-7.741099514630871],[131.1456851946161,-7.741446347171158],[131.1419796145676,-7.735159514999594],[131.1146596056564,-7.757929518232646],[131.1256896295727,-7.734939498558972],[131.1110126146406,-7.723133515299433],[131.1129856300828,-7.738972514569901],[131.1065776142656,-7.743521513906674],[131.1095436143464,-7.734525515440075],[131.1064716300617,-7.704824513640388],[131.1281596148744,-7.681459499156488],[131.1695796309952,-7.722979516291576],[131.2068796297912,-7.727039499373304],[131.2309396295603,-7.719499514990583],[131.2396396296653,-7.730939514646788],[131.2471096153165,-7.724109515341818],[131.23801131537,-7.725022434237942],[131.2378896146141,-7.712599515155442],[131.2082596295782,-7.699759514789743],[131.185159630013,-7.704499514840694],[131.1749296142104,-7.678179515172427],[131.1559296139606,-7.671968514735087],[131.1761096146672,-7.655019514638876],[131.1724396135973,-7.643189514984065],[131.1867750947948,-7.601370007419898],[131.1838766302023,-7.589644499094365],[131.2203076302929,-7.536890515185028],[131.2266202604168,-7.493204469210894],[131.2364766142044,-7.476751515370132],[131.2612646142706,-7.453233499226534],[131.2791306296749,-7.45596249916998],[131.2756316301957,-7.449116499127032],[131.2900946136756,-7.437180514369216],[131.2998766304022,-7.433447514890882],[131.3048596137802,-7.440811515439075],[131.3178626153675,-7.420281513880659],[131.3269646304134,-7.420136515287882],[131.3289916303595,-7.442876515338862],[131.3433563593086,-7.447203142011353],[131.3534886313953,-7.43042649878383],[131.3480376147442,-7.420240499399514],[131.3553386303736,-7.395909515012081],[131.368704758418,-7.404137278412629],[131.383616624108,-7.39393251557308],[131.3657686140303,-7.373178515376181],[131.3723286143742,-7.367346499141529],[131.3807426147799,-7.373405515052393],[131.3804266136973,-7.362317515440945],[131.3939936691726,-7.359441481738908],[131.3800496142983,-7.35361451519763],[131.3843246135901,-7.345364498972432],[131.4037436142764,-7.335362499080026],[131.4201760680711,-7.343268761144354],[131.4284416299774,-7.334777515270011],[131.4315415633924,-7.345033132073357],[131.4517196152681,-7.34699351473889],[131.4324926297311,-7.316355514695231],[131.4404536137433,-7.311059498896703],[131.4369626299215,-7.301840515327455],[131.4458886152674,-7.280364498922402],[131.4574536305806,-7.286926514646889],[131.4592956309886,-7.26874351430176],[131.4721236146132,-7.264714499374562],[131.4692096151317,-7.254130514911309],[131.4742526147664,-7.240712514870643],[131.4834186300658,-7.23891751483137],[131.4819046303944,-7.234724513925154],[131.4987166151796,-7.229730513852032],[131.5066256156797,-7.240033514135361],[131.5254156287283,-7.237371496597226],[131.5355864781334,-7.227398737261907],[131.5293566153156,-7.201269514376544],[131.5198366142683,-7.198110515288007],[131.5295846150381,-7.191732515243369],[131.5180586141138,-7.180146514250189],[131.5302556163037,-7.147023513824084],[131.5437466323014,-7.140478514172059],[131.5494917290602,-7.150341281924603],[131.5744366122599,-7.146907497682856],[131.5726106143884,-7.133533513161065],[131.5846676173167,-7.125348514322453],[131.5988195217036,-7.126535090621892],[131.6022062561138,-7.140029497962955],[131.6059266291107,-7.125362496981572],[131.6544024849868,-7.118314439959387]]],[[[131.8053876146468,-7.115873513551811],[131.8050646303285,-7.115841513874769],[131.8053406295664,-7.115395498703307],[131.8055176152458,-7.115682513737002],[131.8053876146468,-7.115873513551811]]],[[[131.9179806142141,-7.103596498679447],[131.933327630366,-7.116873513801617],[131.9584786309842,-7.169412514775678],[131.9738356296107,-7.176099514680771],[131.9733916307192,-7.205974513712813],[131.9865826310836,-7.213318515137316],[131.9742166309928,-7.243921515365574],[131.9567117095778,-7.25353305480663],[131.9364423099647,-7.245739407647437],[131.9269197071788,-7.23047754560218],[131.9093976150079,-7.22974749844825],[131.9017783221119,-7.184192270057181],[131.871566631295,-7.167444514852476],[131.8145026150038,-7.161142513815903],[131.8084126309383,-7.175433515444388],[131.7770406303209,-7.164970498789439],[131.7612116306124,-7.182545515163311],[131.7507416154333,-7.176998513870262],[131.7557276151374,-7.169205515122349],[131.7268996149254,-7.176919499435356],[131.7138246351989,-7.155557508971792],[131.7193756303812,-7.134626514102286],[131.7547689908963,-7.115807871136307],[131.8327478978972,-7.116871489427615],[131.8797896147989,-7.107045498550838],[131.9093026151237,-7.110967513939563],[131.9179806142141,-7.103596498679447]]],[[[131.4491916147013,-7.101179514023296],[131.4540276146828,-7.124131514857516],[131.4470913263037,-7.139430478433776],[131.4342866081405,-7.141310949140926],[131.4363216147508,-7.103309514222626],[131.4491916147013,-7.101179514023296]]],[[[131.4649646091294,-7.097576653639663],[131.4667914397731,-7.099278563954473],[131.4622546145589,-7.102696514732346],[131.463762980877,-7.097636736446215],[131.4649646091294,-7.097576653639663]]],[[[131.4331051732652,-7.091919962036534],[131.4329909575668,-7.091916392627321],[131.4329302821069,-7.091677256600074],[131.4330623421534,-7.091702240665824],[131.4331051732652,-7.091919962036534]]],[[[131.4329695429101,-7.091081202135711],[131.4328767436668,-7.091077632726498],[131.4328267764347,-7.090717143980977],[131.4329909575668,-7.090813511734132],[131.4329695429101,-7.091081202135711]]],[[[131.4312503826991,-7.086844570620413],[131.4311290299809,-7.086705372654726],[131.431161152865,-7.086341315399362],[131.4312967823207,-7.08651977506756],[131.4312503826991,-7.086844570620413]]],[[[131.6545334820346,-7.080808737433201],[131.6530820104265,-7.086477802808292],[131.6473713037427,-7.092908296280846],[131.646609877444,-7.092949936690188],[131.6545334820346,-7.080808737433201]]],[[[131.9884255110286,-7.078769455446014],[131.9864886150577,-7.074367515048755],[131.9939496146831,-7.073785514290058],[131.9916806143688,-7.076663631721195],[131.9884255110286,-7.078769455446014]]],[[[131.4372460854386,-7.072399414401413],[131.4478856147294,-7.085159513600629],[131.4466686143651,-7.093191514376843],[131.4297456145685,-7.083537514344743],[131.4291326303666,-7.070281513680835],[131.4372460854386,-7.072399414401413]]],[[[131.5642257259366,-7.046787673112557],[131.5647432587945,-7.050083227059271],[131.5617272923807,-7.054717226718558],[131.5612216566542,-7.05508009507028],[131.5603888448694,-7.055097941216974],[131.5642257259366,-7.046787673112557]]],[[[131.5662358294201,-7.044623845813795],[131.5654815230539,-7.044108867929903],[131.5666235082683,-7.043486851836692],[131.5668935081289,-7.044164867814366],[131.5662358294201,-7.044623845813795]]],[[[131.5803668101802,-6.988292407368649],[131.5801988267146,-6.988225407876206],[131.5803908256761,-6.987992407923186],[131.580451811402,-6.988128407000342],[131.5803668101802,-6.988292407368649]]],[[[132.0018431063743,-6.986113540707243],[132.0067961926902,-6.991153398110742],[131.9811767586006,-7.009224826764252],[131.9669673083946,-7.031706966902965],[131.9613856876994,-7.054731821816044],[131.9306018868676,-7.079040395098061],[131.9087506310368,-7.080327499414522],[131.906206671101,-7.062830653012123],[131.9190166314125,-7.046445515248293],[131.9464187987886,-7.031856952236541],[131.9719385178483,-7.000662218786306],[132.0018431063743,-6.986113540707243]]],[[[131.6057648356787,-6.984486284014738],[131.6064488195574,-6.985568269160217],[131.6063718196038,-6.986139269411654],[131.6046338203946,-6.98455726840315],[131.6057648356787,-6.984486284014738]]],[[[131.6076468244414,-6.981934544043948],[131.6074108387393,-6.98193756037007],[131.6074318226206,-6.98172056025557],[131.6075588383698,-6.981756561016431],[131.6076468244414,-6.981934544043948]]],[[[131.607273630074,-6.981588513698948],[131.6071266152012,-6.981561515151816],[131.6070066150633,-6.981366514253188],[131.6071826303742,-6.981377513861079],[131.607273630074,-6.981588513698948]]],[[[131.6071636151088,-6.981242513930822],[131.6069956298445,-6.981279513838405],[131.6069216147408,-6.98120251388488],[131.6069646311128,-6.981139514576888],[131.6071636151088,-6.981242513930822]]],[[[131.605760614261,-6.980645514278975],[131.606105613983,-6.980317514441729],[131.6065276136585,-6.980335498184668],[131.6065526148113,-6.980423513934023],[131.605760614261,-6.980645514278975]]],[[[132.008319637941,-6.980605507937802],[132.0079906155745,-6.980566498944699],[132.0079586302865,-6.980135498854149],[132.0083096311846,-6.980333498991768],[132.008319637941,-6.980605507937802]]],[[[131.6031426149398,-6.979934513866652],[131.6067716141187,-6.981150498896297],[131.6062126144207,-6.983184513554423],[131.6018006151064,-6.98182651478179],[131.6031426149398,-6.979934513866652]]],[[[131.591361883744,-6.985033806564881],[131.5885698692042,-6.982074822095345],[131.5926518371126,-6.979385309584333],[131.5937618694148,-6.982687821585713],[131.591361883744,-6.985033806564881]]],[[[131.5839087064217,-6.980901720338099],[131.5797136559605,-6.987047008212847],[131.5753446577298,-6.978737024294172],[131.5773175994277,-6.976588946822363],[131.5839087064217,-6.980901720338099]]],[[[131.5978458536033,-6.969018989834445],[131.5989665797439,-6.974529821294232],[131.5964752841071,-6.975443534291585],[131.5942124171694,-6.97026106779404],[131.5978458536033,-6.969018989834445]]],[[[131.5970569979821,-6.968900717294239],[131.5969760149312,-6.96870871743334],[131.5971760142616,-6.968570718264004],[131.5971370133625,-6.968814716925546],[131.5970569979821,-6.968900717294239]]],[[[131.596135930329,-6.968575708602013],[131.5959879639734,-6.968582717917985],[131.5960699623589,-6.96828271667396],[131.5961959636728,-6.968388717964905],[131.596135930329,-6.968575708602013]]],[[[131.5970462555802,-6.968148598978611],[131.5969152711229,-6.968182614935684],[131.5971212716295,-6.968035615351268],[131.5971452547497,-6.968079613783099],[131.5970462555802,-6.968148598978611]]],[[[131.5972981161152,-6.968275562567142],[131.5971641162311,-6.968265547716771],[131.597302117199,-6.967980563352309],[131.59734910138,-6.968021564343711],[131.5972981161152,-6.968275562567142]]],[[[131.5955445181651,-6.967676180611163],[131.5959112805812,-6.967675768721707],[131.5957562833258,-6.968139769434759],[131.5952112662869,-6.967502768837689],[131.5955445181651,-6.967676180611163]]],[[[131.5951678092471,-6.965474532323749],[131.5951228089705,-6.965526531124481],[131.5949547940286,-6.965359532416374],[131.5950597925754,-6.965326531793962],[131.5951678092471,-6.965474532323749]]],[[[131.5949213113695,-6.965257051071986],[131.5946843274198,-6.965253049988255],[131.594699326313,-6.96516703433108],[131.5948873116003,-6.9651670334318],[131.5949213113695,-6.965257051071986]]],[[[131.5617509076783,-6.961298907218775],[131.5610055279829,-6.960839291599966],[131.5613915286961,-6.960325306567564],[131.562185862088,-6.96101225371251],[131.5617509076783,-6.961298907218775]]],[[[131.5641694526581,-6.958054031868047],[131.5634764521766,-6.958283031636529],[131.5633324374421,-6.958248031821127],[131.5638914371402,-6.957668032953349],[131.5641694526581,-6.958054031868047]]],[[[131.5646853415553,-6.957781943781675],[131.5645623259907,-6.957835943573868],[131.5645163409564,-6.957604944612487],[131.5645943409561,-6.957588943874597],[131.5646853415553,-6.957781943781675]]],[[[131.5641381868279,-6.957446046997421],[131.5639851869669,-6.9574300471589],[131.5639881718168,-6.957344046790296],[131.564144188004,-6.957337045568116],[131.5641381868279,-6.957446046997421]]],[[[131.5637922751935,-6.957422995574784],[131.5637042747326,-6.957408994929163],[131.5638212738328,-6.957270994860457],[131.5638422748012,-6.957360996312882],[131.5637922751935,-6.957422995574784]]],[[[131.5008273536995,-6.900410990674625],[131.5006473382042,-6.900246007347358],[131.5008233544144,-6.90005100644873],[131.5010683378336,-6.900391005940135],[131.5008273536995,-6.900410990674625]]],[[[131.5053155984362,-6.897891513882185],[131.5049035821347,-6.897887513697735],[131.5050525818113,-6.897523513998908],[131.5055205827088,-6.897532499125506],[131.5053155984362,-6.897891513882185]]],[[[131.5069199565908,-6.894977307556686],[131.5067819583207,-6.89505230831731],[131.506585957376,-6.895013308317458],[131.5069169420633,-6.894722308387794],[131.5069199565908,-6.894977307556686]]],[[[131.5074249942681,-6.894491822939201],[131.5071599928394,-6.894381807074693],[131.5078500093705,-6.893959822687616],[131.5078559925601,-6.894107806130271],[131.5074249942681,-6.894491822939201]]],[[[131.5085120452948,-6.891978051445839],[131.5083220437274,-6.891940035304315],[131.5084130443266,-6.891641035905031],[131.5085960446718,-6.89178605158494],[131.5085120452948,-6.891978051445839]]],[[[131.5091950093423,-6.891603345318024],[131.5090300089279,-6.891618361298305],[131.5093699931306,-6.891331361553092],[131.5093309940302,-6.89149636106812],[131.5091950093423,-6.891603345318024]]],[[[131.5128244806654,-6.88608393342676],[131.51266449577,-6.886129949937184],[131.5126144799744,-6.886019933173308],[131.5127324962079,-6.885963933288845],[131.5128244806654,-6.88608393342676]]],[[[131.5129453099781,-6.885017862684143],[131.5131806121956,-6.885141745195326],[131.5120254887853,-6.884713467352625],[131.5125281819301,-6.88461082233152],[131.5129453099781,-6.885017862684143]]],[[[131.4758984046877,-6.873108309001256],[131.4757554043885,-6.873099308586176],[131.4757594036736,-6.873026294427901],[131.4759094195842,-6.873000309416692],[131.4758984046877,-6.873108309001256]]],[[[131.4760132139387,-6.872682447636772],[131.4758302135936,-6.872633464262971],[131.4760061992268,-6.872458463387313],[131.4760781980505,-6.872478448121892],[131.4760132139387,-6.872682447636772]]],[[[131.4746344192431,-6.872324087586516],[131.4741724204209,-6.872244103682394],[131.4741144204443,-6.872019103198993],[131.4744684025948,-6.872091089432145],[131.4746344192431,-6.872324087586516]]],[[[131.4755631985828,-6.872024307575745],[131.4750052151187,-6.871952309651323],[131.4742362030385,-6.871573303864834],[131.4747001965569,-6.871494309214902],[131.4755631985828,-6.872024307575745]]],[[[131.490611298073,-6.86710715097412],[131.5128312228827,-6.873291400177965],[131.5103736176484,-6.889924906409276],[131.5082321034289,-6.890650642213262],[131.5052637246413,-6.896866983724318],[131.499254006867,-6.899747972690732],[131.4872452561638,-6.92075677240707],[131.4637421840546,-6.920468479436773],[131.4571965665683,-6.914589007776399],[131.4685118365522,-6.898519057208644],[131.4704403130701,-6.876147826860705],[131.490611298073,-6.86710715097412]]],[[[131.5240563529183,-6.832390890926802],[131.5240173691063,-6.832656890602954],[131.52336735442,-6.832586891871521],[131.5234783532435,-6.832465890788145],[131.5240563529183,-6.832390890926802]]],[[[131.508106370113,-6.828559160276963],[131.5077982425949,-6.828568442179765],[131.5074809401933,-6.828210911304459],[131.5079907631632,-6.828366666688249],[131.508106370113,-6.828559160276963]]],[[[131.5302639539184,-6.828196525749045],[131.5301598528949,-6.828134065134942],[131.5301420067483,-6.828041861242865],[131.5302639539184,-6.828074578578906],[131.5302639539184,-6.828196525749045]]],[[[131.5318028702063,-6.827052599797571],[131.5316696212561,-6.827033564747146],[131.531702933044,-6.826933626685498],[131.5318290449745,-6.82693600719089],[131.5318028702063,-6.827052599797571]]],[[[131.5320907845621,-6.826569570329325],[131.5320312989054,-6.826536256742858],[131.5321098214111,-6.826441078792715],[131.5321217176432,-6.82648628861127],[131.5320907845621,-6.826569570329325]]],[[[131.5188097872419,-6.81515182169912],[131.5184337878891,-6.815173807425249],[131.5182237871981,-6.814770822115682],[131.5187085496599,-6.814643509590272],[131.5188097872419,-6.81515182169912]]],[[[131.5180458428414,-6.814798767648948],[131.5175361466758,-6.814736343907128],[131.5177231615948,-6.814386360142314],[131.5180531624236,-6.81452236101812],[131.5180458428414,-6.814798767648948]]],[[[131.521531749091,-6.81363491272096],[131.5214117489532,-6.813671912628631],[131.5213857333649,-6.813393913298408],[131.5215587494369,-6.813500912836793],[131.521531749091,-6.81363491272096]]],[[[131.5387376756034,-6.811519534598779],[131.538714988406,-6.81447601895309],[131.5380165434289,-6.81534909968116],[131.5378934514218,-6.81226813926317],[131.5387376756034,-6.811519534598779]]],[[[131.530736146556,-6.8106788069813],[131.53062906428,-6.810774677409341],[131.5303641455889,-6.810541806958773],[131.5305941615914,-6.810454790356228],[131.530736146556,-6.8106788069813]]],[[[131.5365265466629,-6.810252758557914],[131.5275297603902,-6.831378057351393],[131.5079337200653,-6.829467577166851],[131.5169912429516,-6.816557462057186],[131.5365265466629,-6.810252758557914]]],[[[131.5392192742502,-6.810403589254203],[131.5391478896635,-6.81047735344709],[131.5393943021054,-6.809341810975748],[131.5395243170936,-6.809748827946009],[131.5392192742502,-6.810403589254203]]],[[[131.5394024166883,-6.809040532694403],[131.5393029552672,-6.809008648130525],[131.5393357922131,-6.808947734350371],[131.5394071759005,-6.808942975138147],[131.5394024166883,-6.809040532694403]]],[[[131.5394771323638,-6.808716926045192],[131.5394343021514,-6.808631264721025],[131.5395199616769,-6.808550364407732],[131.5395271013947,-6.808633645226506],[131.5394771323638,-6.808716926045192]]],[[[131.5403284521964,-6.806076149594523],[131.5401333964392,-6.806172701708738],[131.5400291155513,-6.805787584129667],[131.540400115573,-6.805891584429062],[131.5403284521964,-6.806076149594523]]],[[[131.543488034945,-6.804842598107345],[131.5433405083577,-6.805018678169431],[131.5433544649367,-6.804625544033608],[131.5435214654433,-6.804730544379093],[131.543488034945,-6.804842598107345]]],[[[131.5446483087725,-6.80451541935108],[131.5445663103869,-6.804572059552853],[131.5445627436758,-6.804462317981556],[131.5446126569487,-6.804441076894178],[131.5446483087725,-6.80451541935108]]],[[[131.5457173436805,-6.801524937925477],[131.5456160746222,-6.801890320781626],[131.5455100733312,-6.801634306278163],[131.5459130748286,-6.801381320691372],[131.5457173436805,-6.801524937925477]]],[[[131.5461099274313,-6.801008787325617],[131.5458509118902,-6.800979787786935],[131.5462589118193,-6.800303801579125],[131.54637291258,-6.800458802431723],[131.5461099274313,-6.801008787325617]]],[[[131.5463738685593,-6.80028403358122],[131.5462608696434,-6.800220033327856],[131.5465148525784,-6.799872019078349],[131.5465828701034,-6.800001034919737],[131.5463738685593,-6.80028403358122]]],[[[131.5463571051963,-6.798868337004097],[131.5462964288372,-6.798811230054173],[131.5464142130455,-6.798786245089143],[131.5464213509647,-6.798843352038978],[131.5463571051963,-6.798868337004097]]],[[[131.5228151266168,-6.798491656864395],[131.5226370050938,-6.798493506769868],[131.5226084839945,-6.798341281225077],[131.5228330905747,-6.798284639224653],[131.5228151266168,-6.798491656864395]]],[[[131.5220600099616,-6.792585446561076],[131.5217189933369,-6.792175448338237],[131.5217439935905,-6.791674463005996],[131.5221990100763,-6.792223464041562],[131.5220600099616,-6.792585446561076]]],[[[131.5587773955605,-6.78532110078807],[131.5594066152233,-6.785324489433612],[131.5602640828213,-6.785866295892776],[131.5598521078886,-6.786234011590312],[131.5587773955605,-6.78532110078807]]],[[[131.5590792494079,-6.784935806941909],[131.5587369908195,-6.784889784136165],[131.5587655119189,-6.784418933287099],[131.5591042055947,-6.784606565140886],[131.5590792494079,-6.784935806941909]]],[[[131.5870123279566,-6.769015610581945],[131.5868697206612,-6.768895239023979],[131.5869481550334,-6.768778408097002],[131.5870372850427,-6.768845673788774],[131.5870123279566,-6.769015610581945]]],[[[131.5874932656018,-6.766877118983831],[131.5872686590214,-6.766894819440309],[131.5874255268666,-6.766484138632015],[131.5875431788746,-6.766678858042833],[131.5874932656018,-6.766877118983831]]],[[[131.5652626037862,-6.757994284008965],[131.5650606196519,-6.758110299250823],[131.5653786208268,-6.757665299414021],[131.5653776045929,-6.757760299298336],[131.5652626037862,-6.757994284008965]]],[[[131.5924922766973,-6.756758826858337],[131.5923780618981,-6.756713617039693],[131.5924351697473,-6.756637474140063],[131.5925374856165,-6.756682683958707],[131.5924922766973,-6.756758826858337]]],[[[131.5694021121178,-6.756157806337607],[131.5691600946627,-6.755930805762026],[131.569709111886,-6.755448821306035],[131.5697310958135,-6.755655821858645],[131.5694021121178,-6.756157806337607]]],[[[131.5699919936357,-6.755216821399105],[131.5699050094086,-6.75532382273614],[131.5697580089251,-6.755231806802423],[131.5699559937741,-6.755055822068438],[131.5699919936357,-6.755216821399105]]],[[[131.5811062183774,-6.754115254415431],[131.5810135225561,-6.754076309274185],[131.5810750199962,-6.753767832819139],[131.5812690208487,-6.753961832772307],[131.5811062183774,-6.754115254415431]]],[[[131.5630749003864,-6.751919483197514],[131.562558901772,-6.752404484878997],[131.5624978845698,-6.752377483633935],[131.5628408850988,-6.751779483935997],[131.5630749003864,-6.751919483197514]]],[[[131.5612105626175,-6.749749237437256],[131.5609595627338,-6.749687236376793],[131.5609305622956,-6.74961823769145],[131.5610945788518,-6.749520238568055],[131.5612105626175,-6.749749237437256]]],[[[131.53237480935,-6.735602305402003],[131.5322843906122,-6.735635616290629],[131.5324108928485,-6.735439570379834],[131.5324501113836,-6.735499760205669],[131.53237480935,-6.735602305402003]]],[[[131.5985325057705,-6.731601906003063],[131.5981405155724,-6.731384913982533],[131.5987195071995,-6.731000922354617],[131.599009523271,-6.731325922053592],[131.5985325057705,-6.731601906003063]]],[[[131.5967844773219,-6.730868209400302],[131.5966940576847,-6.730834896713115],[131.5967392666039,-6.73064691862029],[131.5968296871403,-6.730808722844265],[131.5967844773219,-6.730868209400302]]],[[[131.6026030585844,-6.728654459835396],[131.6020797017169,-6.728778924207893],[131.6018407005879,-6.728509910004269],[131.6026155303825,-6.728102677196794],[131.6026030585844,-6.728654459835396]]],[[[131.5360033165998,-6.7281388083593],[131.5358693176149,-6.72808082457033],[131.5360113169687,-6.727783825263226],[131.5361003165764,-6.727915825954581],[131.5360033165998,-6.7281388083593]]],[[[131.5361411134217,-6.727780513959462],[131.5360370969346,-6.727718514697648],[131.5359721119234,-6.727394514145483],[131.536077112269,-6.727389513914853],[131.5361411134217,-6.727780513959462]]],[[[131.5856772520036,-6.720967196179099],[131.5858894245573,-6.721865407562503],[131.583989425072,-6.721012406897024],[131.5853274094324,-6.720799406966974],[131.5856772520036,-6.720967196179099]]],[[[131.5853526282213,-6.718962214334637],[131.5850776434185,-6.718788198216678],[131.585484627114,-6.718539214612988],[131.585482627921,-6.71879921401242],[131.5853526282213,-6.718962214334637]]],[[[131.5635601295963,-6.697511238652679],[131.5635311318563,-6.697576237153572],[131.5632291467078,-6.697550236853881],[131.563323132157,-6.697312237569601],[131.5635601295963,-6.697511238652679]]],[[[131.6242831644365,-6.697816821988648],[131.6240191639533,-6.697517821690083],[131.6242711638831,-6.697246805595539],[131.6243121639752,-6.697392821321627],[131.6242831644365,-6.697816821988648]]],[[[131.5589846002591,-6.687324706869705],[131.5588703845607,-6.687310430132224],[131.558875143773,-6.687248563969987],[131.5590298091785,-6.68722714931345],[131.5589846002591,-6.687324706869705]]],[[[131.5591582998157,-6.68716072268916],[131.5590916753406,-6.687179757739584],[131.5590488451281,-6.68700605818298],[131.5592011300282,-6.686982263020961],[131.5591582998157,-6.68716072268916]]],[[[131.5777283728662,-6.668500072620168],[131.6233747646337,-6.677969801565079],[131.6247687569726,-6.696520789203023],[131.5966573068893,-6.72431969609704],[131.6002314150478,-6.729235352629352],[131.5773963350729,-6.710866779877981],[131.5664084012268,-6.719166272305602],[131.5549068816473,-6.740059719580386],[131.5578403784308,-6.753133279277427],[131.5645319307041,-6.763117037321357],[131.5684110169549,-6.756661814291291],[131.591231375028,-6.756158091422718],[131.5858621885892,-6.77270581761931],[131.5628343838997,-6.791010003408874],[131.5629547968265,-6.784156190056104],[131.5577244747048,-6.783385185078198],[131.5282291199779,-6.804201833847471],[131.5136420156666,-6.764400869904178],[131.51817694511,-6.750359526370956],[131.5624120173009,-6.706529792116171],[131.5589979461983,-6.687543946296052],[131.5777283728662,-6.668500072620168]]],[[[131.5925103054064,-6.660189010414434],[131.587773303695,-6.656773009366804],[131.5891873041509,-6.653399024645238],[131.5956183201295,-6.655889022560294],[131.5925103054064,-6.660189010414434]]],[[[126.659543752742,-6.631590956057724],[126.6662179301135,-6.637406270982619],[126.6624186937678,-6.641705018671632],[126.6554785320087,-6.637516994613594],[126.659543752742,-6.631590956057724]]]]}},{"type":"Feature","properties":{"kode":"81.04","nama":"Kabupaten Buru","lat":-3.329386509497523,"lng":126.72700514026903},"geometry":{"type":"MultiPolygon","coordinates":[[[[126.8466547739987,-3.813753691279745],[126.8468483413779,-3.814010702232087],[126.8459735042738,-3.813767799844017],[126.8461477910878,-3.813685743002607],[126.8466547739987,-3.813753691279745]]],[[[126.8448435735721,-3.808881945045675],[126.8501715027128,-3.812592895845393],[126.8499159783398,-3.814591347712495],[126.8431935559379,-3.812021640186527],[126.8448435735721,-3.808881945045675]]],[[[127.1345912782649,-3.375776056819538],[127.1338417481981,-3.374905174034451],[127.1341915287161,-3.374419764060812],[127.1347911525897,-3.375169294127625],[127.1345912782649,-3.375776056819538]]],[[[127.1391173673727,-3.370962073141095],[127.1383345372092,-3.37424063799501],[127.1369808938532,-3.374048147104228],[127.1368114597812,-3.371106839708807],[127.1391173673727,-3.370962073141095]]],[[[127.087516706431,-3.370197649401943],[127.087412009157,-3.370069157865332],[127.0876594738057,-3.369893077803246],[127.0876642321187,-3.370107228865463],[127.087516706431,-3.370197649401943]]],[[[127.0881854827738,-3.369289885419827],[127.0905589951016,-3.370461768595659],[127.0910765279595,-3.37123509382449],[127.0875608748346,-3.370735407113282],[127.0881854827738,-3.369289885419827]]],[[[126.7124317113545,-3.056689931794912],[126.7906051956733,-3.05891114843069],[126.8674587989845,-3.095809739327906],[126.8820785351963,-3.107905919422629],[126.8886944311032,-3.126268706835303],[126.9094656065525,-3.122841714273664],[126.9332504326614,-3.143360970732159],[126.985325152334,-3.138980686009843],[127.0272980347766,-3.171373175231798],[127.0602724078454,-3.184052695175657],[127.107723299191,-3.22706775607198],[127.121831045966,-3.274291357260298],[127.0984732764206,-3.284532969820633],[127.0723064627731,-3.259625859945439],[127.0620527003719,-3.266291396630619],[127.0557915501401,-3.262407656388147],[127.0305188451686,-3.264948140444249],[127.0416515536762,-3.329495778807059],[127.0542163992675,-3.337406292866055],[127.0558666264437,-3.329926351719761],[127.0731870186661,-3.323771808022416],[127.0673366445706,-3.355270100434707],[127.0749414044224,-3.374029770357614],[127.0881963492821,-3.37141510032655],[127.1212496405585,-3.38332132831656],[127.1353193936751,-3.379059713634794],[127.1400543925962,-3.373351022331741],[127.1414866582827,-3.350618180884249],[127.1647324172672,-3.335701464251153],[127.1818468071845,-3.356015686974326],[127.2187563356365,-3.356789396213669],[127.2588804089038,-3.373821501760846],[127.2689220302276,-3.392452440927299],[127.2535562587144,-3.41610325366222],[127.2483832782657,-3.451229223249966],[127.2514724530913,-3.531111893399055],[127.2447143563825,-3.569109480118351],[127.2510401822586,-3.593063793359333],[127.2401604062779,-3.623791052914685],[127.2205615573701,-3.620840389872074],[127.2224572949682,-3.614447443994331],[127.1900801086103,-3.601000985806804],[127.1926221233124,-3.568360629939063],[127.1531285467451,-3.512984037683145],[127.1221528638637,-3.521124315934435],[127.1038311475894,-3.512323566579292],[127.0606213124237,-3.539113576230493],[127.0374646321871,-3.578165639632472],[126.9997943986927,-3.598420586240961],[126.9760320322525,-3.601959610947228],[126.957537873674,-3.638889019812355],[126.9307872651202,-3.633475260274979],[126.9120906790416,-3.645067550227202],[126.8468564613567,-3.66085965884613],[126.8207806716908,-3.656416330749027],[126.8134674657511,-3.641745440199864],[126.7995055287572,-3.641872598041898],[126.7987527449433,-3.663874600932074],[126.7506976332892,-3.670371115434603],[126.748665137586,-3.658595451918492],[126.7255924162571,-3.655261782904942],[126.7054725379274,-3.593491777123761],[126.689000724404,-3.577534704962629],[126.6955658931516,-3.560681039298499],[126.6804538986286,-3.534044059185939],[126.6429534607336,-3.508632034840511],[126.6325113119475,-3.526814259970104],[126.6184940693459,-3.526215049784723],[126.5969746318739,-3.478470152975158],[126.5962630585933,-3.458119472635504],[126.5493096955861,-3.449509134039255],[126.5138068084375,-3.470352318204808],[126.4785442570119,-3.473900780396624],[126.4656667153468,-3.454394512196915],[126.4608871999844,-3.427951964611411],[126.4329937437663,-3.390251055241913],[126.3956586759072,-3.370412602659448],[126.3300310929606,-3.351041114056111],[126.308073305239,-3.317603224109503],[126.2893269416851,-3.314068738281575],[126.2783315470633,-3.302781787949163],[126.2461461159505,-3.299089124863189],[126.2413918085851,-3.289730929838511],[126.2106273944388,-3.304946061311645],[126.1907239847242,-3.289450459171286],[126.1461892746154,-3.297361164785853],[126.1205828267362,-3.284413309626435],[126.1040654607525,-3.263733829052898],[126.1115064207847,-3.256349206150924],[126.0998336091338,-3.235852189926527],[126.1018564533127,-3.1785472515544],[126.1245476435589,-3.151134943422809],[126.1763474899448,-3.18146555159389],[126.2228162469722,-3.183253718584192],[126.2279494459102,-3.138058480714248],[126.2616108020969,-3.132110824255088],[126.3002617543765,-3.093345785779336],[126.3416837903746,-3.101522936234494],[126.3891483765964,-3.093595569779664],[126.4069425370685,-3.080704175856999],[126.468254826599,-3.084569437729348],[126.5152451076757,-3.071487320983016],[126.5680580376484,-3.071851775738812],[126.6001782229468,-3.063265648690708],[126.6747486328431,-3.070181168126298],[126.6809693279722,-3.061708585882508],[126.6961655206223,-3.067472148420849],[126.7124317113545,-3.056689931794912]]]]}},{"type":"Feature","properties":{"kode":"81.05","nama":"Kabupaten Seram Bagian Timur","lat":-3.4198608430589887,"lng":130.44264202960468},"geometry":{"type":"MultiPolygon","coordinates":[[[[131.865490130765,-4.761841122769608],[131.8643460789086,-4.758331653383044],[131.8662519086987,-4.755899609579275],[131.8666398087802,-4.759803095336482],[131.865490130765,-4.761841122769608]]],[[[131.736544755736,-4.703993592829983],[131.7570844780663,-4.725882113868421],[131.7592631909436,-4.739259827878664],[131.7401535894167,-4.788150711885811],[131.7275062202359,-4.754613544879119],[131.7311612592847,-4.723452848070478],[131.722014798844,-4.711818712663421],[131.7281029303061,-4.700648374722663],[131.736544755736,-4.703993592829983]]],[[[131.7096138753801,-4.611046390378595],[131.7095088273705,-4.610991799731748],[131.7095030087569,-4.610714470396429],[131.7096729356575,-4.610912270884596],[131.7096138753801,-4.611046390378595]]],[[[131.703423624101,-4.607695142316873],[131.7033535228469,-4.60768249694963],[131.7033245880593,-4.607592229297877],[131.703443194248,-4.607577431853008],[131.703423624101,-4.607695142316873]]],[[[131.7035742326648,-4.607447819761015],[131.7034364673192,-4.607310623686248],[131.7035390493877,-4.607216986274823],[131.7036267117035,-4.607337158183247],[131.7035742326648,-4.607447819761015]]],[[[131.7013884753978,-4.598351492927025],[131.7014658863417,-4.598518261408538],[131.7012575161216,-4.598207999799245],[131.7013871363074,-4.598204548201304],[131.7013884753978,-4.598351492927025]]],[[[131.6968445887069,-4.590816279447621],[131.7092486076372,-4.608357144066913],[131.7061499107898,-4.612566191576464],[131.7017911477434,-4.598415192806796],[131.7014971557692,-4.598172428914429],[131.7012898611382,-4.598173215821147],[131.7006767438368,-4.598605919227763],[131.6969103327457,-4.597465356740729],[131.6917226016168,-4.594163902342155],[131.6908286386308,-4.595953353564378],[131.6889584183964,-4.592840164142212],[131.6916079452506,-4.585253096653011],[131.6968445887069,-4.590816279447621]]],[[[131.6910875120791,-4.585021941209602],[131.6909508870739,-4.585064566376643],[131.6908796787542,-4.584883120059915],[131.6910495202193,-4.584934125109699],[131.6910875120791,-4.585021941209602]]],[[[131.7886189861773,-4.545355222665373],[131.7868040148933,-4.545462664670177],[131.7833879410008,-4.541813152854671],[131.7877175030604,-4.54387163266963],[131.7886189861773,-4.545355222665373]]],[[[131.65018019496,-4.461563127636195],[131.6500418126795,-4.461506241919524],[131.6500937440311,-4.461372153002399],[131.6502179529962,-4.461462565444998],[131.65018019496,-4.461563127636195]]],[[[131.6095796680674,-4.423797464381421],[131.6314774089553,-4.437772479316473],[131.680021063821,-4.505110549412253],[131.6806125020654,-4.539596433728368],[131.654065651109,-4.53442718456685],[131.6500813342863,-4.502972222390136],[131.6248166539655,-4.455183793896891],[131.6316567112883,-4.451206796656296],[131.6146846435815,-4.441740426679333],[131.6095796680674,-4.423797464381421]]],[[[131.6059822944473,-4.417192627437741],[131.6057710976581,-4.417089353790596],[131.605755939585,-4.416841920618067],[131.6059060876958,-4.416859326996272],[131.6059822944473,-4.417192627437741]]],[[[131.5833530782821,-4.378988748831672],[131.606309853617,-4.405938737982298],[131.6062901890411,-4.416691889419136],[131.5923804729805,-4.408980079666927],[131.5781916891952,-4.379309022593228],[131.5833530782821,-4.378988748831672]]],[[[131.5562386319074,-4.343925630163683],[131.558178724069,-4.345632380629796],[131.5574721078515,-4.348016478877328],[131.5549011340802,-4.345724814748378],[131.5562386319074,-4.343925630163683]]],[[[131.2867047739063,-4.071842284094076],[131.3111202424053,-4.083050379171629],[131.3387857546589,-4.111327546429136],[131.3772895940396,-4.127939877223488],[131.4024123397577,-4.160407821363846],[131.4007297990411,-4.170331873417224],[131.3815550011624,-4.174475381933254],[131.3655392275534,-4.14582576224907],[131.3525702509164,-4.146514717580077],[131.336863309894,-4.130627116248389],[131.2999182510265,-4.126572831271138],[131.2731037708224,-4.084312894224665],[131.2734062955642,-4.075928382588748],[131.2867047739063,-4.071842284094076]]],[[[131.4466176201072,-4.038133108256295],[131.4465048487199,-4.038059317983114],[131.4465304488212,-4.037923530246681],[131.4466698464363,-4.037984093291216],[131.4466176201072,-4.038133108256295]]],[[[131.4464955884007,-4.03779602526633],[131.4464844889681,-4.037709551854254],[131.4465804646167,-4.037637685230935],[131.4466132314155,-4.037698821143623],[131.4464955884007,-4.03779602526633]]],[[[131.4459492079897,-4.036184663191625],[131.4458397101345,-4.036070335977174],[131.4461234246565,-4.036053261448805],[131.4461297109175,-4.036133623967578],[131.4459492079897,-4.036184663191625]]],[[[131.4452396437947,-4.034768873984332],[131.4455067181605,-4.034981661674289],[131.4450397658726,-4.035183152080782],[131.4449399474207,-4.035032953607834],[131.4452396437947,-4.034768873984332]]],[[[131.4452462124428,-4.034631754351972],[131.4451330660382,-4.034561823968977],[131.4451720561456,-4.034458225666507],[131.4452867412901,-4.034523666633818],[131.4452462124428,-4.034631754351972]]],[[[131.445614837355,-4.034614402832373],[131.4454594246129,-4.034559653904848],[131.4454535493419,-4.034506103773674],[131.4456458603682,-4.034469173113811],[131.445614837355,-4.034614402832373]]],[[[131.4454715618632,-4.034368457138518],[131.4453975674438,-4.034261384755025],[131.4455965109703,-4.034212955363595],[131.4456243386924,-4.03428078942685],[131.4454715618632,-4.034368457138518]]],[[[131.4447959740551,-4.034007489054295],[131.4447314099267,-4.034126626742365],[131.4445866766339,-4.034018485064975],[131.4446313279736,-4.033980305246823],[131.4447959740551,-4.034007489054295]]],[[[131.4445459670228,-4.033562758114753],[131.444452465409,-4.033508739436778],[131.4444951688171,-4.033406782397078],[131.4445804910969,-4.033511572301121],[131.4445459670228,-4.033562758114753]]],[[[131.4434385733317,-4.030725368281088],[131.4433458981948,-4.030668327880951],[131.4434098292003,-4.030594415299918],[131.4434862697756,-4.030617042242637],[131.4434385733317,-4.030725368281088]]],[[[131.4431164415707,-4.030376678640815],[131.4430650363224,-4.030269544204026],[131.4431301022724,-4.030223348728493],[131.4432355927485,-4.030314316052833],[131.4431164415707,-4.030376678640815]]],[[[131.2420116581116,-4.030039451759285],[131.2422591218611,-4.030334504933444],[131.2418974442118,-4.031505200104826],[131.2410218031138,-4.029877649334049],[131.2420116581116,-4.030039451759285]]],[[[131.444311490383,-4.029084477866343],[131.4441485629059,-4.028869638822721],[131.4445438769984,-4.02859119432806],[131.444524445347,-4.02893105982052],[131.444311490383,-4.029084477866343]]],[[[131.4425752862205,-4.025932440429772],[131.4424726492935,-4.025844233124845],[131.4425463361446,-4.0256203765791],[131.4426382567502,-4.025827619049307],[131.4425752862205,-4.025932440429772]]],[[[131.4425260276541,-4.025127459064917],[131.4424477470659,-4.025150906189337],[131.4424077838922,-4.02503325238264],[131.4425534308962,-4.025050665955446],[131.4425260276541,-4.025127459064917]]],[[[131.4370290601431,-3.997238309700249],[131.4366839947706,-3.996839509835473],[131.4368719611722,-3.996335986616442],[131.4371196209738,-3.996876989981038],[131.4370290601431,-3.997238309700249]]],[[[131.2094760633697,-3.980208753730954],[131.2434353388699,-4.004218938253315],[131.2377952541477,-4.034820538237208],[131.2431927737276,-4.055386740205849],[131.2194208546888,-4.035618833142587],[131.2063360471709,-3.99103284998599],[131.2094760633697,-3.980208753730954]]],[[[131.4131070559459,-3.94860620741049],[131.4225026196003,-3.951413231635284],[131.4309135488213,-4.011445823665818],[131.4402805581013,-4.019801038087392],[131.4429674257062,-4.032817006999226],[131.4443482852453,-4.033390054107658],[131.4447579354304,-4.035312599596777],[131.4463858810037,-4.036661199554617],[131.4461547048758,-4.03790997566478],[131.4475586967765,-4.039136889255948],[131.4396559744438,-4.051110447688957],[131.4500436548907,-4.067315120296547],[131.4382996322223,-4.078294647280048],[131.4178843032181,-4.07115105887417],[131.3668069298959,-3.973159572556176],[131.4131070559459,-3.94860620741049]]],[[[131.2020561447752,-3.923422941815227],[131.204861079875,-3.926020376339226],[131.2036603590384,-3.926139919621521],[131.2006938796189,-3.925005656885519],[131.1988392581253,-3.924632283553001],[131.1983188420409,-3.924374879596984],[131.2020561447752,-3.923422941815227]]],[[[131.166929735419,-3.919285349039539],[131.1806301927292,-3.919457492769032],[131.1819249152028,-3.919982406362957],[131.1655153311676,-3.919445767408172],[131.166929735419,-3.919285349039539]]],[[[131.0255252130182,-3.91689846559167],[131.024791609945,-3.916928778140585],[131.0245031955661,-3.916729920948983],[131.02529751277,-3.916512367751482],[131.0255252130182,-3.91689846559167]]],[[[131.0357397775688,-3.916537037054615],[131.0362840014057,-3.916772779040459],[131.0365403432623,-3.917305328777834],[131.0348564319788,-3.916727752683594],[131.0357397775688,-3.916537037054615]]],[[[131.0967106745581,-3.916228337567665],[131.0966130756329,-3.91621021173181],[131.0965884800744,-3.916126838282954],[131.0967195571619,-3.916122681616388],[131.0967106745581,-3.916228337567665]]],[[[131.0982957161744,-3.915992102753288],[131.0983533663149,-3.915806334294894],[131.0986219614345,-3.915782694715533],[131.098597327205,-3.915837296154193],[131.0982957161744,-3.915992102753288]]],[[[131.0941783311652,-3.915446335679798],[131.095994735069,-3.916291856683854],[131.0920353123799,-3.915749339760202],[131.0933058475869,-3.91535093559712],[131.0941783311652,-3.915446335679798]]],[[[131.0905616329131,-3.914934770723091],[131.0914118933443,-3.915016466036983],[131.0921400078552,-3.915492357586173],[131.0902126446979,-3.914959359087147],[131.0905616329131,-3.914934770723091]]],[[[131.0896966991434,-3.914803821339222],[131.089644349607,-3.914690797242384],[131.0897794556575,-3.914694271323496],[131.0897906872905,-3.914776456768079],[131.0896966991434,-3.914803821339222]]],[[[131.0903411452277,-3.914775209408353],[131.090279665774,-3.914758610621297],[131.0902618196274,-3.914701504570742],[131.090343910643,-3.914683659323329],[131.0903411452277,-3.914775209408353]]],[[[131.0900613508508,-3.914647848319477],[131.0901618833643,-3.91480608223487],[131.0898525525534,-3.914817979366239],[131.089903116036,-3.914651416829409],[131.0900613508508,-3.914647848319477]]],[[[131.0126821189847,-3.914566645833942],[131.0126679690516,-3.914337283638661],[131.013057201029,-3.91421687340994],[131.0130571191908,-3.914312332847805],[131.0126821189847,-3.914566645833942]]],[[[131.0125356311146,-3.914260584957921],[131.0124179089594,-3.914163568793663],[131.0124627878274,-3.914060846430869],[131.0126407807475,-3.914149699448968],[131.0125356311146,-3.914260584957921]]],[[[131.0123233740246,-3.914038823832547],[131.0122431140286,-3.913914291111611],[131.0124008560148,-3.913893175929298],[131.0123890551108,-3.913998289589385],[131.0123233740246,-3.914038823832547]]],[[[131.0317109164257,-3.911069740875808],[131.0322524252093,-3.911641233056409],[131.0313475948157,-3.912514704989592],[131.0309720199429,-3.910581643727864],[131.0317109164257,-3.911069740875808]]],[[[131.0490837652037,-3.910628526285434],[131.0487388104478,-3.915779581262571],[131.0442095062638,-3.916328047201548],[131.0454297073152,-3.912938159768212],[131.0490837652037,-3.910628526285434]]],[[[131.0534437783078,-3.909079712058963],[131.0534735206865,-3.909252223611206],[131.0532712667556,-3.909270068858531],[131.0532950619176,-3.909127302383089],[131.0534437783078,-3.909079712058963]]],[[[130.9876139872957,-3.908441909266605],[130.9876158713754,-3.908608496085167],[130.9874015125698,-3.908547585902314],[130.9874611088432,-3.908437249879151],[130.9876139872957,-3.908441909266605]]],[[[130.9873481719806,-3.908364513611387],[130.9870965362762,-3.908218076103312],[130.9869517058566,-3.907815049424881],[130.9874750798111,-3.908218159740231],[130.9873481719806,-3.908364513611387]]],[[[131.0549013653058,-3.907940797130019],[131.0551153490942,-3.90847295026642],[131.0535330072426,-3.909228429348468],[131.0544713301878,-3.907823941921309],[131.0549013653058,-3.907940797130019]]],[[[131.055573395396,-3.907615352266605],[131.055677545882,-3.907827660618038],[131.0554038579018,-3.908031758159039],[131.0552729876583,-3.907805709965453],[131.055573395396,-3.907615352266605]]],[[[130.9877483523047,-3.907639600687032],[130.9876675212392,-3.907585742088296],[130.9877709747508,-3.907502376733232],[130.9878263720894,-3.907599947779319],[130.9877483523047,-3.907639600687032]]],[[[131.0560329291764,-3.907521661795224],[131.0557845724002,-3.907805709965453],[131.0557042467536,-3.907759850836426],[131.0556864203921,-3.907538019563875],[131.0560329291764,-3.907521661795224]]],[[[131.0561921982114,-3.907440259660236],[131.0561429612288,-3.907408231204881],[131.0561948323257,-3.907348396611157],[131.0562258328559,-3.907403435120374],[131.0561921982114,-3.907440259660236]]],[[[131.0560842516869,-3.90747726856098],[131.0560092958924,-3.907446450593158],[131.0560347440083,-3.907333862667597],[131.0561068732337,-3.907376744141436],[131.0560842516869,-3.90747726856098]]],[[[131.0568136891005,-3.906953069928212],[131.0564954361156,-3.9072772710292],[131.0559660070256,-3.907152349800993],[131.0562685227742,-3.906957064716712],[131.0568136891005,-3.906953069928212]]],[[[131.0573389075646,-3.906837229154705],[131.05727627518,-3.906781503563453],[131.0573584597252,-3.906729249355381],[131.057386758692,-3.906769749424368],[131.0573389075646,-3.906837229154705]]],[[[131.0572827017354,-3.906603895553287],[131.0572015271289,-3.906757958413001],[131.057110795427,-3.906742869587701],[131.057123454284,-3.906621128362334],[131.0572827017354,-3.906603895553287]]],[[[131.057446488065,-3.906572875237904],[131.0575425923168,-3.906602491711533],[131.0575405121849,-3.906687465054384],[131.0574308056872,-3.906705340878672],[131.057446488065,-3.906572875237904]]],[[[131.0575650061202,-3.906417957122946],[131.0577428596453,-3.90653004502555],[131.0572668745667,-3.906364340441895],[131.0574253602922,-3.906347111230149],[131.0575650061202,-3.906417957122946]]],[[[131.0552056581147,-3.905880553744526],[131.0563669283911,-3.906154755237681],[131.0562512863679,-3.906791498628673],[131.0517719862882,-3.906580632789927],[131.0552056581147,-3.905880553744526]]],[[[130.9333923241965,-3.900912904706713],[130.9329986918363,-3.901193234180392],[130.9327382292859,-3.90098547729785],[130.9336420713246,-3.900714939642638],[130.9333923241965,-3.900912904706713]]],[[[130.9280612384355,-3.899547901114689],[130.9281736941607,-3.899635988809782],[130.9279696137068,-3.89964842013846],[130.927752084791,-3.898997308279098],[130.9280612384355,-3.899547901114689]]],[[[130.9935665261743,-3.899239519088463],[130.9952448850435,-3.900121330434983],[130.989828530962,-3.899645080056382],[130.9902972845921,-3.899233433376173],[130.9935665261743,-3.899239519088463]]],[[[130.9828746149715,-3.898615546969866],[130.9833925309406,-3.898955183135191],[130.9826975834268,-3.89922659313269],[130.9826547541137,-3.89862221004689],[130.9828746149715,-3.898615546969866]]],[[[130.9003075530512,-3.877558917709825],[130.9023329620966,-3.87948769729938],[130.8958866828242,-3.879767574413931],[130.8947066850655,-3.883187259984025],[130.9018938447252,-3.882851150959857],[130.8958794720601,-3.88785650227568],[130.8939722258376,-3.884830567776445],[130.8948650080138,-3.879844114813993],[130.9003075530512,-3.877558917709825]]],[[[130.8283922907717,-3.876153786368056],[130.8282483030169,-3.8759450995866],[130.8284993316789,-3.875825293702276],[130.8285505381769,-3.876001110262964],[130.8283922907717,-3.876153786368056]]],[[[130.9108884051758,-3.875749676006704],[130.9118735018606,-3.878469400342491],[130.9114951678678,-3.87924034596521],[130.9101174595532,-3.876763326166513],[130.9108884051758,-3.875749676006704]]],[[[130.9608745510197,-3.875405288723035],[130.962176117334,-3.880856040074113],[130.9637489398617,-3.882741761922739],[130.963669537819,-3.883385696292832],[130.9583890056483,-3.877338653955656],[130.9608745510197,-3.875405288723035]]],[[[130.8243671807009,-3.873809286169541],[130.8241805461953,-3.87360354466775],[130.8245588666985,-3.873236240859759],[130.8247427771576,-3.873551722134197],[130.8243671807009,-3.873809286169541]]],[[[130.8255194856358,-3.873229754049914],[130.8255685166738,-3.87359373935954],[130.8250975920803,-3.87385416773556],[130.8249743948525,-3.873240956904558],[130.8255194856358,-3.873229754049914]]],[[[130.8617074043734,-3.870985110074779],[130.8679822665684,-3.875447413867031],[130.8678453133105,-3.87590884971363],[130.8559265352815,-3.867944456371466],[130.8617074043734,-3.870985110074779]]],[[[130.9371880882597,-3.86666077037823],[130.931344130827,-3.871952691563399],[130.9357318574394,-3.882793516107855],[130.9463061831839,-3.874256010006841],[130.946881915668,-3.883585876387022],[130.9556071363603,-3.878517852217003],[130.9527873192794,-3.887565288307362],[130.9222747027154,-3.89736483911596],[130.9236768267242,-3.906258524411291],[130.9122685938206,-3.900981252282934],[130.9126805363777,-3.885440427733469],[130.9180993608968,-3.890622101029065],[130.9203415038573,-3.875540919078071],[130.9371880882597,-3.86666077037823]]],[[[130.8191648436826,-3.852065325754131],[130.8180512572598,-3.855684486349878],[130.8206282133214,-3.863429631272444],[130.8226912059345,-3.865107151074179],[130.8192232537503,-3.871387524314754],[130.7962773521182,-3.863095104155681],[130.7990488810011,-3.852743472133538],[130.8053592115584,-3.853928444042401],[130.8191648436826,-3.852065325754131]]],[[[130.7724886921995,-3.847646717322098],[130.7722776437982,-3.847527531070652],[130.7724308675905,-3.847328631610994],[130.7726658325622,-3.847494421630218],[130.7724886921995,-3.847646717322098]]],[[[130.7747910357777,-3.846589441949158],[130.7745402112617,-3.846240657879976],[130.7748684674059,-3.846022253024531],[130.7750536549023,-3.846306577286709],[130.7747910357777,-3.846589441949158]]],[[[130.7178166962836,-3.844196228173383],[130.7192175504497,-3.844896949334744],[130.7179262256149,-3.847137110189427],[130.7167523621318,-3.845824752909957],[130.7178166962836,-3.844196228173383]]],[[[130.7654144217382,-3.830426232584541],[130.765333303789,-3.830361801555851],[130.7653938560417,-3.830270761386492],[130.7654594301086,-3.830305316936824],[130.7654144217382,-3.830426232584541]]],[[[130.7649561443106,-3.829270080349881],[130.7648349309873,-3.829206158337486],[130.7649399421247,-3.82907661369474],[130.7650720957007,-3.829136843990069],[130.7649561443106,-3.829270080349881]]],[[[131.0620385649279,-3.642243669109993],[131.060910351032,-3.643454286086437],[131.0596303558562,-3.643361540802362],[131.0607390148937,-3.641403428025727],[131.0620385649279,-3.642243669109993]]],[[[130.8720835438205,-3.525950010584536],[130.8738670846983,-3.528825266372928],[130.872519045018,-3.531138256125546],[130.8675108122742,-3.527750017149492],[130.8720835438205,-3.525950010584536]]],[[[130.7800356751064,-3.297850627104706],[130.7974603203376,-3.306455207341921],[130.8051278052041,-3.322205260064662],[130.7990548668887,-3.332482440811971],[130.7801479167931,-3.331632558995315],[130.7655810346371,-3.319689088280755],[130.7678959426437,-3.305920903027173],[130.7800356751064,-3.297850627104706]]],[[[130.3115237549174,-2.971674288437567],[130.3521351717009,-2.974271025087718],[130.3661993679066,-2.98976065213237],[130.3835059276565,-2.987631750904532],[130.4216716813031,-3.025073427996253],[130.4395645351753,-3.031063089090294],[130.4444093539087,-3.059532027780756],[130.4559615466881,-3.063898828068437],[130.4594199993336,-3.05651970272203],[130.4778638813132,-3.070715812384764],[130.494290689164,-3.102409126380026],[130.5532610568523,-3.107330740920913],[130.5999912342081,-3.147585130449373],[130.640298442719,-3.283274254403315],[130.6309406883621,-3.330088130762546],[130.6452891000121,-3.374756677078919],[130.6640599386153,-3.400619054026135],[130.8051710760843,-3.407018406674103],[130.8236257688143,-3.443901306200273],[130.8403762480655,-3.453711563437858],[130.8425741920454,-3.467071499649935],[130.815134939326,-3.482019137673012],[130.827835671579,-3.46897182828714],[130.8109425850323,-3.471249370362075],[130.805874506903,-3.487523446349952],[130.8384093803886,-3.53704207333301],[130.8610757529438,-3.549417554076831],[130.8752704048054,-3.567884095374632],[130.8823510037959,-3.591427938248762],[130.875377365673,-3.623974912112418],[130.8328572718457,-3.657715932943953],[130.8218484701308,-3.702117217835246],[130.8327726159636,-3.782165533212714],[130.8203306312537,-3.830428885584583],[130.8488367775952,-3.860200126234828],[130.8468716833816,-3.874152124820698],[130.8215931966688,-3.870178757243783],[130.8229648435528,-3.864552737019158],[130.8196240797875,-3.859888993182439],[130.8199381689115,-3.852698262314894],[130.81876747374,-3.850999326957341],[130.7764049816047,-3.848706996430698],[130.7669271371777,-3.82807185243397],[130.7540926109853,-3.837603347716259],[130.7426079456003,-3.824189325376961],[130.7000069190841,-3.821182658852587],[130.684178306084,-3.804360606156967],[130.6607166045877,-3.80171257307669],[130.6538143042868,-3.807476347855124],[130.631672544952,-3.787107997635955],[130.619964231664,-3.793092568567127],[130.60949508523,-3.785361995359773],[130.6102997581274,-3.765387557189984],[130.5744456272639,-3.740677171314369],[130.5703158513954,-3.722990709153853],[130.5302436447284,-3.709519960277843],[130.4831875764455,-3.706403082736001],[130.4507385432493,-3.659216584877425],[130.4125082497559,-3.629866726068512],[130.3268005133331,-3.614284279995486],[130.3243203531019,-3.601842522814172],[130.2976221111716,-3.586333860719007],[130.1329169954231,-3.532619819948726],[130.0981383152312,-3.500648549790666],[130.0175695891653,-3.483189054031557],[129.9708090039325,-3.426056187443097],[129.9707474318485,-3.380801559244498],[129.9572182549186,-3.355657067019971],[129.9275342889763,-3.337844043267937],[129.8585570533654,-3.336558210592935],[129.8562326656052,-3.323683695146398],[129.8823337001402,-3.289888892158624],[129.8830755149231,-3.269610127005665],[129.9000270124368,-3.257810840098132],[129.9015877121032,-3.232776933908335],[129.8919361834082,-3.216980601173772],[129.9070230157996,-3.195778429231114],[129.9029213608323,-3.160020754254303],[130.152076231433,-3.21731299060202],[130.1579154683243,-3.195236645254942],[130.136043393188,-3.175262851899044],[130.1426497499861,-3.142713555086443],[130.1238132662693,-3.103864144914306],[130.1370656210817,-3.084249223322979],[130.1166044779144,-3.041530354142521],[130.1333821904358,-3.016348296336771],[130.1258961365975,-2.998876594978819],[130.1499756300714,-2.986756307657393],[130.168747659377,-2.988933253366868],[130.1779609943045,-3.008468753130414],[130.1949875663232,-3.010446781393819],[130.2200320854125,-3.005772652186137],[130.2630839348758,-2.980218855116037],[130.3115237549174,-2.971674288437567]]]]}},{"type":"Feature","properties":{"kode":"81.06","nama":"Kabupaten Seram Bagian Barat","lat":-3.1359014347017617,"lng":128.35599436030654},"geometry":{"type":"MultiPolygon","coordinates":[[[[127.9086778470051,-3.531265685562948],[127.9085206590013,-3.531255927918656],[127.9084589169455,-3.531097900847405],[127.9086066054105,-3.531083714941444],[127.9086778470051,-3.531265685562948]]],[[[127.5884973387811,-3.35515717526336],[127.591005473324,-3.359544722910604],[127.5869170761622,-3.361242580880377],[127.585199632757,-3.356750888142892],[127.5884973387811,-3.35515717526336]]],[[[127.598559708364,-3.349457301812977],[127.5983312068198,-3.349399541955192],[127.5986603119239,-3.349036282398446],[127.5987790116422,-3.349285322659481],[127.598559708364,-3.349457301812977]]],[[[128.0477693787539,-3.34889256533957],[128.0478405537986,-3.3491702642962],[128.0471732316594,-3.349700938947178],[128.0470877726826,-3.34941843940946],[128.0477693787539,-3.34889256533957]]],[[[127.5994312080838,-3.349439409800839],[127.5990125134168,-3.349175581088184],[127.5992510837706,-3.348850478866419],[127.5995510436457,-3.348889197378549],[127.5994312080838,-3.349439409800839]]],[[[127.6000078974466,-3.349110006121839],[127.5997460679267,-3.34904741330744],[127.5998225408776,-3.348851299048208],[127.6000701925854,-3.348837296603937],[127.6000078974466,-3.349110006121839]]],[[[128.0486080532191,-3.348476938260061],[128.0483888021016,-3.348639473632778],[128.0482078162378,-3.348634510274431],[128.0486367928538,-3.348309431435029],[128.0486080532191,-3.348476938260061]]],[[[128.1393417048558,-3.313890244439202],[128.1396027123953,-3.30809240424095],[128.1475784965504,-3.300653361563358],[128.1430589563058,-3.311320548604415],[128.1393417048558,-3.313890244439202]]],[[[127.4745178930864,-3.300619044333322],[127.4740759347567,-3.303164349655033],[127.4699370550511,-3.303813595421071],[127.4733323456114,-3.300550217418577],[127.4745178930864,-3.300619044333322]]],[[[127.6167382588636,-3.300124068271051],[127.6149179707878,-3.301069904152667],[127.6124695053635,-3.299618433443888],[127.6149239198031,-3.296810669077013],[127.6167382588636,-3.300124068271051]]],[[[127.5325269736409,-3.256829329909541],[127.5359729248107,-3.256578418159409],[127.5385692288869,-3.258928590382107],[127.5317055841455,-3.261889920283492],[127.5325269736409,-3.256829329909541]]],[[[127.5678708120884,-3.256335476201214],[127.5747021639737,-3.261717386248344],[127.5682690561721,-3.265136110443104],[127.6045719334481,-3.290433381295513],[127.6139716924397,-3.307776602807946],[127.6250346081607,-3.307198598636399],[127.6362809019421,-3.339567740558705],[127.6583229462471,-3.355703388400658],[127.6567310985614,-3.366182675589949],[127.6169807592548,-3.369071438296237],[127.6004618437391,-3.348024247421025],[127.5058779875791,-3.330643241792133],[127.4870952977099,-3.298577731676902],[127.5256354553121,-3.281619764440505],[127.5250540346161,-3.259911456748268],[127.5300266802872,-3.266212108801694],[127.551457560618,-3.259602991085123],[127.5634724752746,-3.26539923858398],[127.5678708120884,-3.256335476201214]]],[[[127.5289327521449,-3.248797393884553],[127.5287821615676,-3.249136522832233],[127.5275139142358,-3.249821815224577],[127.5275194153887,-3.248799601720156],[127.5289327521449,-3.248797393884553]]],[[[127.5638071489808,-3.253859017579577],[127.5592266859628,-3.261877801918958],[127.5420707734475,-3.252609801700926],[127.5477933763633,-3.246577867974201],[127.5638071489808,-3.253859017579577]]],[[[128.1712787935816,-3.218173614820399],[128.1723874301359,-3.231214020110842],[128.155275328094,-3.23169770518488],[128.1696377421881,-3.215707023560268],[128.1712787935816,-3.218173614820399]]],[[[127.8144560893771,-3.151583075598444],[127.8349680379447,-3.155902133576552],[127.8169255620651,-3.164755619176487],[127.8152377153483,-3.157257021594242],[127.8038639435662,-3.156717438259163],[127.8126333065819,-3.16815846763914],[127.805617048688,-3.172218769980153],[127.7976803625587,-3.164066766368093],[127.7805186584094,-3.16571586759318],[127.7758921599952,-3.157065123356675],[127.8144560893771,-3.151583075598444]]],[[[127.7610525386437,-3.151631590425533],[127.7992309907176,-3.181243982024087],[127.7893859710857,-3.183676980907871],[127.7990941705596,-3.198167898229867],[127.8006467700325,-3.2201719641648],[127.7904626772108,-3.25603638956771],[127.7533430851154,-3.247553611709789],[127.7074968208217,-3.260450290048825],[127.6768850549014,-3.251902076619542],[127.6380949226426,-3.225934384564136],[127.7210835426714,-3.159745551815687],[127.7610525386437,-3.151631590425533]]],[[[127.934929062926,-3.121410081709877],[127.934826842385,-3.121374739252738],[127.9348078064352,-3.121330956658211],[127.9349315378603,-3.121327149828071],[127.934929062926,-3.121410081709877]]],[[[127.9376787958398,-3.119867607703933],[127.9363546259652,-3.118522023172757],[127.9372647695535,-3.11535258115663],[127.939570467603,-3.118407809272908],[127.9376787958398,-3.119867607703933]]],[[[127.9374063947894,-3.11530568241121],[127.937354285372,-3.115312820330354],[127.9373135973447,-3.115272844566055],[127.937359996067,-3.115263565361184],[127.9374063947894,-3.11530568241121]]],[[[127.9341917789275,-3.109569213748189],[127.9327489893744,-3.108378666042524],[127.9339789102985,-3.107574124446247],[127.9348572817382,-3.108581921818201],[127.9341917789275,-3.109569213748189]]],[[[127.9674959136056,-3.106917414307178],[127.9674661712269,-3.106918604110279],[127.9674626018177,-3.10689480894826],[127.9674988876636,-3.106886481226104],[127.9674959136056,-3.106917414307178]]],[[[127.9602995961495,-3.103210481678323],[127.960057843095,-3.102854513824729],[127.9603078411341,-3.102617565847934],[127.9604690140338,-3.102810732129482],[127.9602995961495,-3.103210481678323]]],[[[127.9292325646312,-3.102591166249249],[127.9272700766528,-3.101814262618044],[127.9292325574366,-3.100420644397131],[127.9309368491563,-3.101739466003453],[127.9292325646312,-3.102591166249249]]],[[[127.9465952933382,-3.096271936900299],[127.9466381226513,-3.098789407305238],[127.9456673027039,-3.099151084954579],[127.944972499981,-3.097437872859457],[127.9465952933382,-3.096271936900299]]],[[[127.9503694287062,-3.092984836580895],[127.9495325304021,-3.092602738925246],[127.9497260672043,-3.091899300911985],[127.9506539400273,-3.092546414385458],[127.9503694287062,-3.092984836580895]]],[[[127.978193484242,-3.090955516383945],[127.9774510920942,-3.091128740199148],[127.9775005853837,-3.090559572766052],[127.9783724196515,-3.090740412040363],[127.978193484242,-3.090955516383945]]],[[[127.9567992620764,-3.089608733955876],[127.9564993453686,-3.089543819091903],[127.9564353729942,-3.08922783959307],[127.9566496157873,-3.089256770783313],[127.9567992620764,-3.089608733955876]]],[[[128.0253998490239,-3.073257679598187],[128.0252689787804,-3.072677686126271],[128.0259530741751,-3.072186921589084],[128.0260898934339,-3.072582507276847],[128.0253998490239,-3.073257679598187]]],[[[128.0834862712744,-3.056598145188241],[128.0833644419154,-3.056598145188241],[128.0833530214248,-3.056459183744289],[128.0834957887998,-3.056459183744289],[128.0834862712744,-3.056598145188241]]],[[[128.0873816226638,-3.056503925915413],[128.0870931129568,-3.056417671038572],[128.0871644966443,-3.05594177859019],[128.0875154678646,-3.056084545964913],[128.0873816226638,-3.056503925915413]]],[[[128.0884670342263,-3.054410029898927],[128.0887770170458,-3.054767381809212],[128.0880744225966,-3.055802014950951],[128.0877353503062,-3.054868076200703],[128.0884670342263,-3.054410029898927]]],[[[128.0812128507924,-3.052134324239633],[128.0827309468758,-3.054666069583403],[128.0806370211816,-3.057811718236161],[128.0793521121103,-3.055456051155739],[128.0812128507924,-3.052134324239633]]],[[[128.0908453597256,-3.046496313354099],[128.0921674872399,-3.052654466030694],[128.0887143046214,-3.05386019968841],[128.0882125125974,-3.04895928214515],[128.0908453597256,-3.046496313354099]]],[[[128.0911755314258,-3.039002596392651],[128.0916879399466,-3.039079430870986],[128.0918161050293,-3.039553432944489],[128.0908876161706,-3.039530836578821],[128.0911755314258,-3.039002596392651]]],[[[127.841666809076,-3.038969554401374],[127.841520472292,-3.038580513080172],[127.8420308672308,-3.038551958705929],[127.8419380679874,-3.0388482016831],[127.841666809076,-3.038969554401374]]],[[[128.0910273789104,-3.037390861998615],[128.0910806754328,-3.037714016288787],[128.0893718718145,-3.038430591598454],[128.0897605012462,-3.036336692884037],[128.0910273789104,-3.037390861998615]]],[[[128.0748424958846,-3.032913143826457],[128.0750724318473,-3.035486239098597],[128.0721784890461,-3.037039452808513],[128.0719247075592,-3.034520189155357],[128.0748424958846,-3.032913143826457]]],[[[128.0812065861152,-3.022442941588446],[128.0810283980423,-3.022512336874764],[128.0807813515782,-3.022381294860812],[128.0811814491646,-3.022223669786486],[128.0812065861152,-3.022442941588446]]],[[[128.0787760396825,-3.022056670179188],[128.0792352757874,-3.023029869732666],[128.0778123585536,-3.022675330002381],[128.0780312688281,-3.022173263685149],[128.0787760396825,-3.022056670179188]]],[[[128.0740290159264,-3.022114966932124],[128.0767416014438,-3.02216136565441],[128.0774316449545,-3.022627740577713],[128.0717542509579,-3.023791296930758],[128.0740290159264,-3.022114966932124]]],[[[128.0858962987752,-3.021028574209319],[128.0851744030763,-3.021667002030506],[128.081902971645,-3.02203041806928],[128.0852283030437,-3.019845668942425],[128.0858962987752,-3.021028574209319]]],[[[127.8439328569159,-3.017577579641609],[127.8438228842187,-3.017541023099637],[127.8441598161227,-3.017264054392557],[127.8439828862013,-3.017541735362686],[127.8439328569159,-3.017577579641609]]],[[[128.0522427001406,-3.018659613350463],[128.0500168672846,-3.000917991272248],[128.0577990867586,-2.994808119599027],[128.0579365319454,-3.008888747317753],[128.0522427001406,-3.018659613350463]]],[[[127.8614913707302,-2.969046446935922],[127.8612846723498,-2.969043168907051],[127.8612060653078,-2.968706313445571],[127.8615776597813,-2.968467374369757],[127.8614913707302,-2.969046446935922]]],[[[127.8679973119265,-2.964564691707119],[127.8661213630105,-2.964800966990991],[127.8674348246575,-2.960910548383014],[127.8696191708881,-2.962891449980345],[127.8679973119265,-2.964564691707119]]],[[[127.8700954590382,-2.960659019697934],[127.8701341262889,-2.960769069736704],[127.8699586397795,-2.960843428381457],[127.8699764859261,-2.960667942771325],[127.8700954590382,-2.960659019697934]]],[[[127.9008635550091,-2.923709168343416],[127.8998512718187,-2.925335251420671],[127.8976620089945,-2.925631866717262],[127.8988914505801,-2.923974929699183],[127.9008635550091,-2.923709168343416]]],[[[127.9199259700077,-2.923556440077649],[127.9211186473078,-2.938669235896521],[127.9097860779653,-2.948562656141609],[127.8744391647357,-2.958878389925681],[127.8982452607103,-2.93255781379205],[127.9199259700077,-2.923556440077649]]],[[[127.8997258532655,-2.922176630047415],[127.8999817733402,-2.922146966808972],[127.8999696441838,-2.922380298611829],[127.8994758318442,-2.922260148287206],[127.8997258532655,-2.922176630047415]]],[[[127.908910667993,-2.91792092571013],[127.9088270148548,-2.922780812584394],[127.9050550369604,-2.922780812584394],[127.9070110237398,-2.918024377423015],[127.908910667993,-2.91792092571013]]],[[[127.9247801317977,-2.912386439382589],[127.9454154853364,-2.924620562888583],[127.9907561417825,-2.923913005980408],[128.0038531414094,-2.942413006554981],[127.9711191418349,-2.973406005882387],[127.9556971411103,-3.007924006787446],[127.9234646107032,-3.034174961904926],[127.8913413829984,-3.041360425443232],[127.8290000001499,-3.034706999928074],[127.8448764202107,-3.016618181084121],[127.8658627953319,-3.008114940052378],[127.8788353980352,-2.96007532821381],[127.9047111622904,-2.956773827949702],[127.9251753874343,-2.934791395206629],[127.9431154530158,-2.942482090675894],[127.9379095492864,-2.928826747856109],[127.9131561416427,-2.919888007425511],[127.9247801317977,-2.912386439382589]]],[[[128.1224922300325,-2.901763531361803],[128.1221286494177,-2.901675967072118],[128.1221400699084,-2.901291445743562],[128.1226749731716,-2.901462766593335],[128.1224922300325,-2.901763531361803]]],[[[128.5135936642163,-2.835963361319996],[128.5640132868838,-2.853911949776558],[128.628427164582,-2.853294370938444],[128.664515609308,-2.83954788182921],[128.704289401135,-2.861232099381786],[128.7548461434348,-2.851674407747653],[128.7503649268999,-2.906401527608329],[128.7635250868134,-2.938435886107163],[128.753779720158,-2.95807599591045],[128.7816947969774,-2.985197965113942],[128.8116160508401,-2.998500274567986],[128.7861235641513,-3.006258636826578],[128.771225163111,-3.05270333429142],[128.775450280606,-3.067505203002677],[128.8111263933684,-3.064073163445682],[128.8181178551549,-3.071956452328342],[128.8027464430939,-3.087662931099347],[128.8109510624417,-3.09696365584802],[128.8048301857646,-3.098972063210129],[128.8071624560826,-3.11875695127222],[128.7986332066572,-3.123942327975973],[128.7934777126264,-3.170090707819798],[128.8117884751581,-3.185597602747128],[128.8344598650308,-3.239972904226088],[128.842869295082,-3.240406429613055],[128.779481297424,-3.264881924261401],[128.6800612551228,-3.359416329400025],[128.6708904419404,-3.39063305397225],[128.6985035830739,-3.412639780101737],[128.6744442272194,-3.432915685410512],[128.6247562929686,-3.434113367437932],[128.594723369388,-3.4261302735932],[128.5212448596626,-3.458382394831608],[128.4906672742753,-3.453806426625208],[128.4680947423785,-3.460226763154564],[128.4049809327239,-3.428516369234982],[128.3939024371479,-3.39318651344678],[128.3329775215954,-3.329736896940164],[128.3121203745557,-3.273340720797593],[128.3005184717502,-3.265831378115516],[128.29497415943,-3.232069355416359],[128.2708199161064,-3.21600617764293],[128.2692760355607,-3.203740758629062],[128.2492327354025,-3.207488771389658],[128.2529597660804,-3.197360825941312],[128.2359685581025,-3.214993035600047],[128.2240329834355,-3.209636963075349],[128.2208458841303,-3.21723621008301],[128.1923164273613,-3.198677771561867],[128.2023787762596,-3.217886061092726],[128.1814654809473,-3.231342165408504],[128.1695751916418,-3.204190792870756],[128.1602319676313,-3.200557079445579],[128.1702862657986,-3.186043056741619],[128.1574625008938,-3.187600303910878],[128.1649976559172,-3.174286949882779],[128.1585621559188,-3.160178354147616],[128.172601427414,-3.164246583113231],[128.1710550359612,-3.14000568021793],[128.1851495393198,-3.149399170934933],[128.1960974245565,-3.140510005632249],[128.2020040989102,-3.125787538064431],[128.1927571113517,-3.112056313148306],[128.2006873970058,-3.103670877009337],[128.1993536736331,-3.075670371790176],[128.1839478939802,-3.064896179814783],[128.1541141684341,-3.069331665823663],[128.0833728271942,-3.145033791576138],[128.0602673624488,-3.25509887871023],[128.0550649049214,-3.340273965570953],[128.0166511047647,-3.381115405551485],[127.991865864718,-3.375058708992176],[127.9833201657931,-3.384920180821707],[127.9694371937716,-3.435672614699373],[127.9453289067037,-3.467771415018708],[127.9475547746332,-3.509349975321088],[127.9601813775686,-3.528017449445711],[127.9364165721671,-3.543762122423979],[127.9365038846467,-3.563195566222335],[127.9212202940814,-3.568375874347021],[127.9196255271963,-3.542861890263962],[127.9078693196135,-3.530163838890024],[127.8953552182687,-3.489717621271174],[127.9153222945883,-3.444709440588126],[127.9193142196756,-3.414692922440368],[127.9418372537863,-3.382681009221125],[127.9431272242421,-3.352488761746899],[127.9235309204157,-3.302651407836146],[127.8880683858474,-3.271535056597566],[127.873374752343,-3.232525646241482],[127.8718011698881,-3.188864131074778],[127.8385972529609,-3.155965498908555],[127.8726624614035,-3.158085066072916],[127.8797616188037,-3.149778653362103],[127.9026848089568,-3.156404279034211],[127.9449522058796,-3.128387017646686],[127.9424923586355,-3.115037052218186],[127.9509610701973,-3.106681564402594],[127.985177871062,-3.107727518210337],[127.9765838578588,-3.105107479226701],[127.9771834817324,-3.095427832328548],[127.9984157701717,-3.071136270622324],[128.0015493607146,-3.084360839081393],[128.0049626979702,-3.072494467245759],[128.0321387595961,-3.077949103668212],[128.1147259492433,-3.065463690696715],[128.1083884402743,-3.049236561118354],[128.1023672435536,-3.053707212417825],[128.0900806967668,-3.040759050589672],[128.0915053236119,-3.040179716320759],[128.0924727333301,-3.03831770779597],[128.0902404820127,-3.031807343733897],[128.0949934547842,-3.032878101742911],[128.094259391258,-3.025506531601055],[128.0870677134043,-3.020720570797655],[128.1230997463563,-3.000535511404648],[128.1177978283072,-2.970791738747705],[128.0800453131408,-2.987113701835822],[128.0707722974036,-2.973373768784329],[128.0810085464074,-2.960919942701137],[128.111950934588,-2.958894123564873],[128.1336125332919,-2.936939597684221],[128.1418508295522,-2.92249917189922],[128.1304104359929,-2.915597236723036],[128.1290665098116,-2.904892754796753],[128.1653051404199,-2.882211116249936],[128.1627191596616,-2.863664704362614],[128.1924252327384,-2.866539148063188],[128.2382804785612,-2.853928650187035],[128.2668938798488,-2.868838603918425],[128.3505413881746,-2.860119134390507],[128.3742506208694,-2.870745463432359],[128.3977993362704,-2.870695936867909],[128.4334861635557,-2.847707018863746],[128.4701114342953,-2.852114408253284],[128.5135936642163,-2.835963361319996]]]]}},{"type":"Feature","properties":{"kode":"81.07","nama":"Kabupaten Kepulauan Aru","lat":-6.196214247698293,"lng":134.45098477116449},"geometry":{"type":"MultiPolygon","coordinates":[[[[134.489995921075,-7.063447810068339],[134.5118492597357,-7.0760246733],[134.5045386753196,-7.069895629879301],[134.5144592883655,-7.064880044278591],[134.5309162648738,-7.07135364765266],[134.5342495327898,-7.07973756034013],[134.5226720321886,-7.100441087885815],[134.4717309942901,-7.0883095554416],[134.489995921075,-7.063447810068339]]],[[[134.6786373897038,-7.004321946900286],[134.6881823784141,-7.019215771290791],[134.6819053596447,-7.025640792388613],[134.6695340355674,-7.016246182914968],[134.6786373897038,-7.004321946900286]]],[[[134.1941959921515,-6.950143098724996],[134.1939218778924,-6.950177362894897],[134.1938860129292,-6.950043363010731],[134.1942857615787,-6.949882748589945],[134.1941959921515,-6.950143098724996]]],[[[134.1994480823631,-6.942730407082624],[134.2002190279858,-6.943322892137686],[134.1997907249621,-6.944015316153854],[134.1991447005676,-6.94286603563901],[134.1994480823631,-6.942730407082624]]],[[[134.4996594988868,-6.936464348351005],[134.4996430161123,-6.936000740641627],[134.5005313583356,-6.935911220326466],[134.5002820581705,-6.936255823447438],[134.4996594988868,-6.936464348351005]]],[[[134.4975339629221,-6.935127381123677],[134.4974857682537,-6.937592758299064],[134.4932492536502,-6.936593233790659],[134.4984690923748,-6.934763322968943],[134.4975339629221,-6.935127381123677]]],[[[134.5029359107638,-6.932288861741557],[134.5065362944146,-6.933782865886488],[134.5044713619639,-6.933729303164763],[134.4979044179546,-6.936471061790054],[134.5029359107638,-6.932288861741557]]],[[[134.5134969966891,-6.934983372684459],[134.5284691250502,-6.949809182247949],[134.4897918514129,-6.952888633603464],[134.4927394378747,-6.937180655662693],[134.498299919106,-6.938113743654276],[134.5066342476724,-6.935061886197039],[134.5107345923276,-6.929853051577054],[134.5134969966891,-6.934983372684459]]],[[[134.2061002218478,-6.925805539394129],[134.2065988410637,-6.926033420405967],[134.2064391772264,-6.926668330978617],[134.2057645993568,-6.926172212777341],[134.2061002218478,-6.925805539394129]]],[[[134.5431185667685,-6.904457557670155],[134.5486966882016,-6.911111011963626],[134.5295565196177,-6.919593663017113],[134.5207814270214,-6.916995492847703],[134.5224748099646,-6.90780226676118],[134.5257358614209,-6.914638340087257],[134.5285840763941,-6.916189390927644],[134.5431185667685,-6.904457557670155]]],[[[134.701208724603,-6.861733029055975],[134.7025365772014,-6.863282847825118],[134.702352526448,-6.864027903764639],[134.7002658699741,-6.862833676932637],[134.701208724603,-6.861733029055975]]],[[[134.7486271351343,-6.861805557580406],[134.7526684716727,-6.868032095604696],[134.7514000552684,-6.871207769922608],[134.743923375963,-6.867636346240306],[134.7486271351343,-6.861805557580406]]],[[[134.7000117656305,-6.862104192754241],[134.699321794965,-6.861832384357029],[134.6995996306185,-6.860797933777611],[134.7005099963393,-6.861426061663404],[134.7000117656305,-6.862104192754241]]],[[[134.6932050983366,-6.857540807861965],[134.6945494777762,-6.859407009925515],[134.6952456987301,-6.862604366897943],[134.6929130506968,-6.861031155863077],[134.6932050983366,-6.857540807861965]]],[[[134.6460041357823,-6.855144205440737],[134.646670456976,-6.860765470050349],[134.6419159301761,-6.862136341718709],[134.6411846932191,-6.856583909419881],[134.6460041357823,-6.855144205440737]]],[[[134.7582002141686,-6.849350226931409],[134.7581754936042,-6.866462668916976],[134.7523491188168,-6.872504762284918],[134.7440566213161,-6.876124993973213],[134.7006266626904,-6.873509136837156],[134.68637274011,-6.860564869073452],[134.7037130523156,-6.872741964769861],[134.7188980178294,-6.865750954442954],[134.7503015801539,-6.8731464195716],[134.7563521226524,-6.866947416989681],[134.7582002141686,-6.849350226931409]]],[[[134.6440970451425,-6.850169176566182],[134.6402623440321,-6.849425692641534],[134.6437280173342,-6.844351289580323],[134.6466567827844,-6.847531262657539],[134.6440970451425,-6.850169176566182]]],[[[134.6683676436519,-6.843708935319074],[134.6805859930492,-6.847103608944297],[134.6839685159343,-6.856431345729933],[134.6608936533194,-6.859436073316053],[134.6129684946004,-6.900255741609199],[134.6054767201746,-6.903505118965984],[134.5859457466989,-6.884722887751042],[134.5914930312784,-6.875637476888023],[134.607752043622,-6.891911407185684],[134.6077416906265,-6.883854982621322],[134.6348117410691,-6.868006634898264],[134.6336729817229,-6.855449015359731],[134.6449259556683,-6.867773562999505],[134.6683676436519,-6.843708935319074]]],[[[134.4799952521793,-6.830965350370625],[134.4829959975673,-6.833563554714298],[134.4820370351811,-6.836377987554058],[134.4786200367853,-6.831625328645944],[134.4799952521793,-6.830965350370625]]],[[[134.35690713016,-6.806230091045754],[134.3566491236582,-6.804601560913318],[134.3580877439542,-6.803088354443946],[134.3588667618916,-6.804220072098558],[134.35690713016,-6.806230091045754]]],[[[134.3591059222006,-6.803004901854663],[134.3581560582556,-6.8027548921245],[134.3592713533904,-6.801942276414844],[134.3597006402724,-6.802366851748757],[134.3591059222006,-6.803004901854663]]],[[[134.5258702066448,-6.783253061179798],[134.525633049126,-6.782857077991692],[134.5263853257222,-6.782806929995803],[134.5263906227291,-6.783174419064134],[134.5258702066448,-6.783253061179798]]],[[[134.5313152266165,-6.78488093120995],[134.5294431267989,-6.784884773113723],[134.5294795799187,-6.782289809027445],[134.5321712705878,-6.782801234589257],[134.5313152266165,-6.78488093120995]]],[[[134.4179502768838,-6.784417088777576],[134.4166859487975,-6.782284203553139],[134.4170320771686,-6.781346139612569],[134.4182862258288,-6.782534877882255],[134.4179502768838,-6.784417088777576]]],[[[134.4166278364056,-6.778875077822536],[134.4164863415715,-6.7789597103223],[134.4165718769906,-6.778377502719549],[134.4167244307879,-6.778502063319517],[134.4166278364056,-6.778875077822536]]],[[[134.3820597450612,-6.765936776161289],[134.3815849192087,-6.765749608357722],[134.3818514180086,-6.765207213741834],[134.382184827268,-6.76541681603318],[134.3820597450612,-6.765936776161289]]],[[[134.5168524221017,-6.759906017848375],[134.5165886581402,-6.759894216045196],[134.5167043001634,-6.759534441361285],[134.5169073868665,-6.759686156091131],[134.5168524221017,-6.759906017848375]]],[[[134.5167428100327,-6.75935766072742],[134.5165640895611,-6.759245008050633],[134.5166220904372,-6.75892375312868],[134.5168673841225,-6.759205138406336],[134.5167428100327,-6.75935766072742]]],[[[134.5077294501541,-6.75775997644175],[134.5074920444224,-6.757635358285067],[134.5073057543572,-6.757295954144896],[134.5079106626471,-6.757528363243263],[134.5077294501541,-6.75775997644175]]],[[[134.4968881957338,-6.757172837856177],[134.4970357430053,-6.757620632785936],[134.4962713408497,-6.757876425156865],[134.4964200572399,-6.757275610580908],[134.4968881957338,-6.757172837856177]]],[[[134.5095455851607,-6.757060764342685],[134.5104391371565,-6.757084278016982],[134.5110888820463,-6.757723785024598],[134.5094592025802,-6.758598452156742],[134.5095455851607,-6.757060764342685]]],[[[134.5066212057042,-6.757521405188597],[134.5062819652406,-6.757430604238905],[134.5062937463593,-6.756967021710628],[134.5067686792312,-6.757097535822591],[134.5066212057042,-6.757521405188597]]],[[[134.5114682565548,-6.757271879293717],[134.5108576348719,-6.757096005176403],[134.5107334519873,-6.756858430372218],[134.5112765309871,-6.756711982072242],[134.5114682565548,-6.757271879293717]]],[[[134.5306317508547,-6.751610563376768],[134.5317826465519,-6.752763788318176],[134.5318930536216,-6.754566900242213],[134.5297406198337,-6.752162048339797],[134.5306317508547,-6.751610563376768]]],[[[134.4082863600276,-6.751558991753973],[134.4080959393762,-6.751316851991066],[134.4083409200975,-6.75105318605567],[134.408384110938,-6.751239175747318],[134.4082863600276,-6.751558991753973]]],[[[134.5299364499073,-6.76020730782099],[134.528119598141,-6.761658524920992],[134.5167530766932,-6.760409237995883],[134.5277344113141,-6.750622329856596],[134.5299364499073,-6.76020730782099]]],[[[134.4011758747669,-6.749650756277318],[134.4004332946609,-6.749217356795593],[134.4001159769708,-6.748573310909548],[134.401052205395,-6.748813607961583],[134.4011758747669,-6.749650756277318]]],[[[134.402033728174,-6.749471177852477],[134.4011640091118,-6.748953671974326],[134.4021218347549,-6.748186533181925],[134.4022641209924,-6.748372423048891],[134.402033728174,-6.749471177852477]]],[[[134.5358338477539,-6.747740269797545],[134.5536984026592,-6.751959855562876],[134.5522789577078,-6.759152650374459],[134.5352980568599,-6.777840379929571],[134.5119661068504,-6.783258304227306],[134.5134979445745,-6.769231241028865],[134.5290467326207,-6.762055175405982],[134.5309890757853,-6.75949597016288],[134.5323337717862,-6.754996997413424],[134.5320535052652,-6.752384763645906],[134.531070396082,-6.751400093239716],[134.5358338477539,-6.747740269797545]]],[[[134.4109261031572,-6.738555214051781],[134.4105553171742,-6.737926378399609],[134.410896825728,-6.73750956241637],[134.4110925586747,-6.737698054921263],[134.4109261031572,-6.738555214051781]]],[[[134.521139858118,-6.733609882589934],[134.5301010222445,-6.747753770420121],[134.5179827422099,-6.752269288896499],[134.5170974828626,-6.749594263564322],[134.5166000939192,-6.749299785056965],[134.5155255587577,-6.749298719360367],[134.5153341227716,-6.7484448355607],[134.5143176028752,-6.746979545869251],[134.5134526061529,-6.746696004916667],[134.5126427846369,-6.742132751325317],[134.521139858118,-6.733609882589934]]],[[[134.413788162294,-6.735070727831775],[134.4114571060607,-6.735057749715327],[134.4135192254319,-6.732269381027026],[134.4132594049976,-6.734596891233461],[134.413788162294,-6.735070727831775]]],[[[134.4147363238224,-6.731711143054823],[134.4137231961686,-6.731949067695257],[134.4132863630753,-6.731218391915198],[134.4139436379886,-6.730628954662502],[134.4147363238224,-6.731711143054823]]],[[[134.5070229958146,-6.729299123555669],[134.5057654908848,-6.725730441906278],[134.5058470899714,-6.72332775017546],[134.5079926943074,-6.726659875053168],[134.5070229958146,-6.729299123555669]]],[[[134.415317665378,-6.722615730831264],[134.4150734140068,-6.722514781032255],[134.4150762396768,-6.722125130870075],[134.4153289114002,-6.722340371011252],[134.415317665378,-6.722615730831264]]],[[[134.448439690939,-6.722996102687943],[134.4479136747764,-6.722323870250405],[134.4485579733718,-6.721907365432481],[134.4487581651573,-6.722660642074877],[134.448439690939,-6.722996102687943]]],[[[134.5054764793561,-6.720726725557905],[134.5072512329581,-6.721672663962223],[134.5090157792549,-6.721527443236911],[134.5104508220479,-6.722885742383048],[134.5097998190066,-6.723546560625219],[134.5085126580328,-6.726971345351255],[134.5054764793561,-6.720726725557905]]],[[[134.4467407591787,-6.719872592645951],[134.4467424813805,-6.725095611373336],[134.441518149643,-6.727198723642117],[134.4402942703643,-6.720374086095119],[134.4467407591787,-6.719872592645951]]],[[[134.510755540236,-6.719357683110586],[134.514507242915,-6.722941464377],[134.5142061777729,-6.725391197845435],[134.51274574532,-6.723956560646708],[134.5099875938524,-6.722393415723519],[134.510755540236,-6.719357683110586]]],[[[134.5040121393488,-6.720397337167387],[134.5069940700203,-6.729943602914882],[134.515491985267,-6.726615372101711],[134.5123879257623,-6.742499979590359],[134.5133450229545,-6.746825929972625],[134.5153953378247,-6.749445583147099],[134.5169953648443,-6.749916417808403],[134.5173936080287,-6.753241123279156],[134.4801658140012,-6.761703914603937],[134.495013721706,-6.723059262075263],[134.5040121393488,-6.720397337167387]]],[[[134.5099097494355,-6.718873093318559],[134.5102885591696,-6.719322810998899],[134.5085985468856,-6.718748051581239],[134.5091957920522,-6.718883681936364],[134.5095002440411,-6.718576136279601],[134.5099097494355,-6.718873093318559]]],[[[134.5052721533871,-6.718381771201702],[134.5104060043337,-6.719531498679635],[134.5099882728406,-6.721714986057651],[134.5043055566561,-6.719832645659966],[134.5052721533871,-6.718381771201702]]],[[[134.5081713329407,-6.717721729973806],[134.5092979901102,-6.71853806527947],[134.5055526051687,-6.718143112714418],[134.5059544528358,-6.717809957063795],[134.5081713329407,-6.717721729973806]]],[[[134.5079060788025,-6.717190025599144],[134.5063847631463,-6.717290260437085],[134.5048419411028,-6.716288019076781],[134.5054189155505,-6.716130301372284],[134.5079060788025,-6.717190025599144]]],[[[134.5138090893181,-6.711710548103226],[134.5151711089595,-6.717953029308869],[134.5036660748295,-6.714928146117031],[134.5042455889628,-6.712260238918847],[134.5051563377948,-6.71391293833146],[134.5068242456425,-6.712291108148064],[134.5102415632975,-6.713540353704309],[134.5138090893181,-6.711710548103226]]],[[[134.5017080807634,-6.712358039292069],[134.5012214755907,-6.711936740188377],[134.5021125886252,-6.711117744688159],[134.5021661270651,-6.711962453604307],[134.5017080807634,-6.712358039292069]]],[[[134.5012284210549,-6.711036427089371],[134.5011195608191,-6.710857669745599],[134.5013735680358,-6.710451079953276],[134.5014563686166,-6.71075581792662],[134.5012284210549,-6.711036427089371]]],[[[134.5056914676871,-6.710158366815103],[134.5074366749626,-6.710612607186021],[134.5053868106529,-6.713341227615536],[134.5044845972864,-6.710779240769308],[134.5056914676871,-6.710158366815103]]],[[[134.5049770876226,-6.710212484418569],[134.504694088961,-6.710241540614596],[134.5046060786077,-6.710158758020216],[134.5051039900571,-6.709919012252533],[134.5049770876226,-6.710212484418569]]],[[[134.5102418735637,-6.710293161700046],[134.5106349519416,-6.7130694677817],[134.5069377607691,-6.71187850998514],[134.5080425131515,-6.7098612865691],[134.5102418735637,-6.710293161700046]]],[[[134.5010008970738,-6.708128845169962],[134.5013536516497,-6.710159000837183],[134.5004125749803,-6.711165037336534],[134.5001508335942,-6.709295255971241],[134.5010008970738,-6.708128845169962]]],[[[134.5004631681408,-6.708676572765596],[134.5000535170562,-6.708388930904422],[134.5004838057831,-6.707886199988059],[134.5006078987356,-6.708197272785891],[134.5004631681408,-6.708676572765596]]],[[[134.5027415321961,-6.7040555647125],[134.5027682996174,-6.704250499960533],[134.5024976369565,-6.70449873892565],[134.5025914128634,-6.704081169310498],[134.5027415321961,-6.7040555647125]]],[[[134.4719431596492,-6.703199562110099],[134.4690694111245,-6.706277364109051],[134.4682527133921,-6.706136559954227],[134.4685035046331,-6.700135294008617],[134.4719431596492,-6.703199562110099]]],[[[134.4741898297968,-6.698724350348487],[134.4738314751426,-6.69831181693679],[134.4739491073655,-6.697777686191201],[134.4743300970564,-6.698437009760098],[134.4741898297968,-6.698724350348487]]],[[[134.4969644726324,-6.696481390803547],[134.4967584226631,-6.696407402679387],[134.4968935529952,-6.696158213130924],[134.4970664647457,-6.696280508338751],[134.4969644726324,-6.696481390803547]]],[[[134.4996172631263,-6.711895630378954],[134.4956373331964,-6.709362709621284],[134.5043811680565,-6.695604899846223],[134.5057577288362,-6.698800566093225],[134.4995981057681,-6.708227004372683],[134.4996172631263,-6.711895630378954]]],[[[134.4968733470274,-6.696010638879883],[134.4966851728825,-6.695878151655314],[134.4968256128118,-6.695407628159415],[134.4969603996028,-6.695484093915719],[134.4968733470274,-6.696010638879883]]],[[[134.5031453259961,-6.695672248275545],[134.5033874360815,-6.695895322411153],[134.5023314206586,-6.698271323163033],[134.5022191214154,-6.696619868412127],[134.5031453259961,-6.695672248275545]]],[[[134.5001731115999,-6.700372337313424],[134.4988374061215,-6.69892056083519],[134.5005278132081,-6.695205248323503],[134.5015579578336,-6.697530071355721],[134.5001731115999,-6.700372337313424]]],[[[134.5020670352656,-6.69689723282099],[134.5014003678328,-6.696302930235979],[134.5016040301019,-6.694704996838111],[134.5025397531072,-6.69562822826009],[134.5020670352656,-6.69689723282099]]],[[[134.4934405106711,-6.696078347937354],[134.4931532842967,-6.695770206929445],[134.494218103183,-6.694659528914108],[134.494148728581,-6.695305666623134],[134.4934405106711,-6.696078347937354]]],[[[134.4749951717898,-6.692820337088871],[134.4748553281109,-6.692713340248416],[134.4748482333593,-6.692207053412761],[134.4751508075638,-6.692431257096824],[134.4749951717898,-6.692820337088871]]],[[[134.5035582820891,-6.69255443993542],[134.5039818456856,-6.693453888785842],[134.5031267073317,-6.694704711753],[134.5018510181101,-6.693430081932642],[134.5035582820891,-6.69255443993542]]],[[[134.4943889761704,-6.694283176127573],[134.4942118465995,-6.693318772843052],[134.4948113040985,-6.691897236967818],[134.495151689399,-6.692475092751308],[134.4943889761704,-6.694283176127573]]],[[[134.5000986414392,-6.694828367634979],[134.498477305883,-6.697696477410434],[134.4983114079452,-6.703166155893284],[134.4923296482947,-6.707261113609401],[134.5000986414392,-6.694828367634979]]],[[[134.4545123450687,-6.685668307646234],[134.4578076472052,-6.690251327436751],[134.4520731399636,-6.696132005987269],[134.4495832041015,-6.690448261877772],[134.4545123450687,-6.685668307646234]]],[[[134.7454463229894,-6.682520210139557],[134.7453570931553,-6.683141844020816],[134.7448564549615,-6.683111506290888],[134.7448603814015,-6.682546979359553],[134.7454463229894,-6.682520210139557]]],[[[134.496014607788,-6.684749507183944],[134.4913087172235,-6.700375689086772],[134.4811937166168,-6.709877524727918],[134.4734358121131,-6.694721660376305],[134.4865710688998,-6.682783329287182],[134.496014607788,-6.684749507183944]]],[[[134.7454575959913,-6.681864653830675],[134.745599173563,-6.682100220448798],[134.745157783605,-6.682254884954978],[134.7452196497672,-6.681946744846349],[134.7454575959913,-6.681864653830675]]],[[[134.4962450473711,-6.680869970372764],[134.4958736246681,-6.680788177932032],[134.4959173209277,-6.680358269618373],[134.4963727232226,-6.680437597017423],[134.4962450473711,-6.680869970372764]]],[[[134.7868275810281,-6.683793275139464],[134.7952193708774,-6.688675340194709],[134.800831255558,-6.68530432233652],[134.7972391798444,-6.689008781829812],[134.7933899987495,-6.689027259300565],[134.7853446484369,-6.682706306850576],[134.7847140896836,-6.67943454806588],[134.7857467757931,-6.678282888844204],[134.7868275810281,-6.683793275139464]]],[[[134.5026632641983,-6.676136966148042],[134.5032635922411,-6.676743385298937],[134.5021541364043,-6.677884291326989],[134.5026939553618,-6.675278529080834],[134.5026632641983,-6.676136966148042]]],[[[134.5011743556121,-6.672649659654065],[134.5014527533419,-6.673013717808799],[134.5010922645964,-6.673424174685819],[134.5008031604376,-6.672985164333837],[134.5011743556121,-6.672649659654065]]],[[[134.5035067833114,-6.673079356626913],[134.5030396565549,-6.67451281571381],[134.5023046109691,-6.67446401939891],[134.5036926291116,-6.6718364953579],[134.5035067833114,-6.673079356626913]]],[[[134.5016267586681,-6.672375907821841],[134.5013446377448,-6.672302771355802],[134.5014625757373,-6.671602582593009],[134.5017838036797,-6.672166515072568],[134.5016267586681,-6.672375907821841]]],[[[134.5010408485564,-6.672031536725934],[134.5007536797387,-6.671878023352099],[134.5008552509692,-6.671553264671352],[134.5011503041433,-6.671772175845162],[134.5010408485564,-6.672031536725934]]],[[[134.5041567881053,-6.67184566844277],[134.5035363035577,-6.671463429593486],[134.5038677028323,-6.670863351562399],[134.5044449147011,-6.671253179790408],[134.5041567881053,-6.67184566844277]]],[[[134.4371694590034,-6.675818416386718],[134.4338781768364,-6.674644364945407],[134.4352316727036,-6.67036929370786],[134.4379226142373,-6.671384919678206],[134.4371694590034,-6.675818416386718]]],[[[134.5009289558068,-6.670119447654325],[134.5006384316185,-6.670860778601976],[134.4997065082488,-6.671066473339041],[134.50031753013,-6.669708238044673],[134.5009289558068,-6.670119447654325]]],[[[134.5017903291603,-6.670516885046122],[134.5015438573632,-6.670075891689002],[134.5021472835704,-6.669351212588363],[134.5022931086401,-6.670056737028744],[134.5017903291603,-6.670516885046122]]],[[[134.5011197532741,-6.668667488613681],[134.5008988213236,-6.668570199055405],[134.5009255419803,-6.668320189325242],[134.5012054856448,-6.668355762008797],[134.5011197532741,-6.668667488613681]]],[[[134.5031330133779,-6.668178127918249],[134.5037397760699,-6.668763475054255],[134.5030223679879,-6.669448164900852],[134.5028747919382,-6.667782528740655],[134.5031330133779,-6.668178127918249]]],[[[134.5033384230299,-6.667293766993668],[134.5031837576243,-6.667261048758347],[134.5031926806977,-6.667052846711456],[134.503403857702,-6.667073666916127],[134.5033384230299,-6.667293766993668]]],[[[134.5281621828385,-6.665770909899552],[134.5284667544372,-6.666337221085853],[134.528309710325,-6.66655137304735],[134.5277433982393,-6.666035029992638],[134.5281621828385,-6.665770909899552]]],[[[134.4327064033779,-6.666916610213284],[134.4320351089332,-6.666524053442283],[134.4332374251672,-6.665378048258289],[134.4333129664203,-6.666065043067241],[134.4327064033779,-6.666916610213284]]],[[[134.5180723227795,-6.669697814902146],[134.5281271236679,-6.692476803261797],[134.5165886221672,-6.710715361924339],[134.5087841660564,-6.709013992102068],[134.5042704633113,-6.709487337670409],[134.5040197224323,-6.711032158906941],[134.5020861170807,-6.710688370571808],[134.5063356844444,-6.697647814195288],[134.5034471519645,-6.690968011564439],[134.510041837361,-6.678384059876378],[134.5114345112937,-6.6710301056548],[134.5111362331508,-6.669605101993773],[134.5103176963046,-6.668224811725646],[134.5110590704198,-6.667586688774633],[134.5133012808295,-6.664518997853434],[134.5139245307925,-6.663241895796793],[134.5180723227795,-6.669697814902146]]],[[[134.5110132373711,-6.662481438967197],[134.5135850735924,-6.66343378414174],[134.5101255327672,-6.6681341627614],[134.5098783190292,-6.677914648841891],[134.503161505699,-6.689242110934649],[134.5017228701144,-6.679382058235354],[134.5030757409528,-6.677981332672348],[134.5045299267148,-6.671413317570511],[134.5039518586914,-6.667087734111624],[134.5110132373711,-6.662481438967197]]],[[[134.4387553486805,-6.666315494364542],[134.4370309607104,-6.663400538004431],[134.4385832022531,-6.661071915336584],[134.4406299800896,-6.662409893401814],[134.4387553486805,-6.666315494364542]]],[[[134.5304850426506,-6.65656224695013],[134.5320055183401,-6.658935759277788],[134.5298444618525,-6.663845330997179],[134.5288463079108,-6.662407273676666],[134.5285643416711,-6.661123078667134],[134.5304850426506,-6.65656224695013]]],[[[134.7394413428437,-6.654437877406031],[134.7381673398509,-6.652948430125853],[134.7382748978684,-6.652716682928509],[134.7392771608124,-6.652917401716677],[134.7394413428437,-6.654437877406031]]],[[[134.7606873090721,-6.63347993435142],[134.7604112909484,-6.633351442814809],[134.7607250401286,-6.633025434076493],[134.7609347728215,-6.633151567590704],[134.7606873090721,-6.63347993435142]]],[[[134.7721104860103,-6.601347008357709],[134.7968678461742,-6.626807578107189],[134.79647761505,-6.636093423572635],[134.78156999416,-6.641601281873547],[134.762726249317,-6.633954050638894],[134.7633576992985,-6.623347009356965],[134.7547470243558,-6.609005006275996],[134.7721104860103,-6.601347008357709]]],[[[134.767050796757,-6.600029165213765],[134.7670020184285,-6.599943504788878],[134.7670983861816,-6.599932796561329],[134.767081729838,-6.600016078279295],[134.767050796757,-6.600029165213765]]],[[[134.7629182779562,-6.602689894023309],[134.7605970594068,-6.603279603770654],[134.7611584432077,-6.599848032760462],[134.7633296053771,-6.601567391721711],[134.7629182779562,-6.602689894023309]]],[[[134.7690758208925,-6.599050417742517],[134.7689871864096,-6.599051606646337],[134.76903299068,-6.598952611973433],[134.769115677047,-6.59898319791619],[134.7690758208925,-6.599050417742517]]],[[[134.6014940608023,-6.598620427590588],[134.6031965646698,-6.619313410585351],[134.5894492967478,-6.63007929822104],[134.5831905836785,-6.609359034291965],[134.6014940608023,-6.598620427590588]]],[[[134.7592332842887,-6.598191292693993],[134.7598019750811,-6.59970034789266],[134.759620346202,-6.600344826352592],[134.7584094747175,-6.599532476842266],[134.7592332842887,-6.598191292693993]]],[[[134.7604638617179,-6.596891115832263],[134.7603151453278,-6.596804860955511],[134.7604692153821,-6.596612719001697],[134.760588782946,-6.596701948835796],[134.7604638617179,-6.596891115832263]]],[[[134.7838251718943,-6.596929286657164],[134.7856092433719,-6.598182836368752],[134.7876722350857,-6.603711513075864],[134.7796004393089,-6.60205036273405],[134.7838251718943,-6.596929286657164]]],[[[134.6833624007542,-6.59443803508715],[134.6827286323206,-6.594203719426054],[134.6826949617032,-6.593620689842864],[134.6835408604225,-6.593816994758476],[134.6833624007542,-6.59443803508715]]],[[[134.7359867932559,-6.590897286380563],[134.7377927956011,-6.591408908893984],[134.7418345476264,-6.596091807390962],[134.7365583313021,-6.594900452993428],[134.7359867932559,-6.590897286380563]]],[[[134.7289095928036,-6.593279379139964],[134.7269088377727,-6.592017499907658],[134.7275165447528,-6.586974678338623],[134.7292909701023,-6.591184790645491],[134.7289095928036,-6.593279379139964]]],[[[134.7301469394298,-6.584364066948093],[134.7352812634197,-6.586244633882713],[134.7374192091292,-6.590524093811804],[134.7323767445912,-6.590720096555173],[134.7301469394298,-6.584364066948093]]],[[[134.7617480918011,-6.584560507661211],[134.7611434137376,-6.583994842188171],[134.7619352110412,-6.583412880999599],[134.7620142596504,-6.583627762311365],[134.7617480918011,-6.584560507661211]]],[[[134.7045334147854,-6.578673210999834],[134.7266262447054,-6.585543545797971],[134.7266996203913,-6.592068269335164],[134.7302212144375,-6.597710919823],[134.7528348183722,-6.609732710696007],[134.7609644036844,-6.62784976915141],[134.737312472193,-6.652510540329074],[134.7400980673719,-6.702778042672523],[134.7120448762701,-6.719429440915884],[134.7127331454184,-6.731479982215375],[134.6965214796826,-6.744859592895906],[134.6850683040591,-6.776309901980397],[134.6718268526272,-6.784026721855677],[134.6656323250718,-6.776522874031325],[134.6531134968905,-6.779861072930141],[134.6432241370843,-6.76062575967105],[134.6226122450591,-6.756726150891072],[134.6360555232438,-6.727754174615423],[134.624988687378,-6.711119815826797],[134.6444692961212,-6.704977457943321],[134.6615270116623,-6.685478590264696],[134.6738690816928,-6.663477011854616],[134.6717702987603,-6.63078581641228],[134.6802211353971,-6.625414637975061],[134.6855894027289,-6.594627822615865],[134.7045334147854,-6.578673210999834]]],[[[134.5274270140455,-6.577973702124566],[134.5276804268103,-6.578012962927885],[134.5275911969763,-6.578309205905057],[134.527405599389,-6.578187854086152],[134.5274270140455,-6.577973702124566]]],[[[134.5244223251303,-6.573487631049239],[134.5242857855607,-6.573279178990869],[134.5246442103621,-6.57280948377064],[134.52459364598,-6.573235408087522],[134.5244223251303,-6.573487631049239]]],[[[134.4870370867921,-6.570363206396816],[134.4850476434341,-6.570386599561821],[134.4848315363464,-6.570248999691567],[134.4864781779256,-6.56960702224623],[134.4870370867921,-6.570363206396816]]],[[[134.4851255103341,-6.568878018305816],[134.4851767429125,-6.568534612182545],[134.4854540983281,-6.568476380180747],[134.4853953096459,-6.568751085294337],[134.4851255103341,-6.568878018305816]]],[[[134.7632296844025,-6.564145886423471],[134.7656561389198,-6.565641138827497],[134.7630885421027,-6.567813983628382],[134.7623247352983,-6.563914998977952],[134.7632296844025,-6.564145886423471]]],[[[134.7638103685538,-6.563416350983768],[134.7634486801126,-6.56313349171718],[134.763533604892,-6.562873458143573],[134.7637935872043,-6.563037540350151],[134.7638103685538,-6.563416350983768]]],[[[134.7109769646152,-6.563142654010238],[134.7070141298981,-6.56144202522924],[134.7070887466485,-6.559519790905614],[134.7105439032786,-6.56080602287961],[134.7109769646152,-6.563142654010238]]],[[[134.7337928323735,-6.555974835170434],[134.7335472706901,-6.555925341880967],[134.7335739211995,-6.55576924925139],[134.7338232888139,-6.555803514320661],[134.7337928323735,-6.555974835170434]]],[[[134.8080811510243,-6.554879195618372],[134.8087151272014,-6.555865744708259],[134.808672296989,-6.556436815106873],[134.8073301928342,-6.554588711000146],[134.8080811510243,-6.554879195618372]]],[[[134.8048544518714,-6.551810904849357],[134.8046349462459,-6.552178532413303],[134.8043732057589,-6.551527155253981],[134.8046171000991,-6.551363566775129],[134.8048544518714,-6.551810904849357]]],[[[134.7131892851575,-6.548735939312137],[134.7127261612834,-6.547955454580538],[134.7143030550421,-6.547509656145659],[134.7143316094163,-6.547995066119387],[134.7131892851575,-6.548735939312137]]],[[[134.7234469353278,-6.545304618313422],[134.735341678076,-6.560911383853244],[134.724828163589,-6.571623241119688],[134.7077114848971,-6.558038870097763],[134.7234469353278,-6.545304618313422]]],[[[134.5526174391436,-6.544580409558235],[134.5505242041288,-6.544460565902347],[134.5517887552469,-6.542248483680505],[134.5529302206533,-6.543253635247019],[134.5526174391436,-6.544580409558235]]],[[[134.2150921400903,-6.542072905440203],[134.2170789898036,-6.542886681275276],[134.2156263292917,-6.545425566336752],[134.2134645893194,-6.541259129605129],[134.2150921400903,-6.542072905440203]]],[[[134.2196035981276,-6.540868421840144],[134.2185042866436,-6.537183113409898],[134.2192514380035,-6.535788748751673],[134.2216308993466,-6.537927407623715],[134.2196035981276,-6.540868421840144]]],[[[134.5589310036629,-6.535730665138021],[134.5583860603684,-6.541930133568811],[134.5488680342324,-6.537934756883494],[134.550961271046,-6.536138763093361],[134.5589310036629,-6.535730665138021]]],[[[134.5613128041426,-6.535226344220372],[134.5606458579201,-6.535095727585708],[134.5638691540383,-6.533871682831797],[134.5628619933863,-6.534933701229288],[134.5613128041426,-6.535226344220372]]],[[[134.7698791070353,-6.535606243932949],[134.7686132339137,-6.534963789847018],[134.7689981752257,-6.533758676721461],[134.7701694009972,-6.535349262658289],[134.7698791070353,-6.535606243932949]]],[[[134.7720451151899,-6.533994699295834],[134.7717850420461,-6.534056773201494],[134.7715703603839,-6.533751370629196],[134.7719096152366,-6.533604525728246],[134.7720451151899,-6.533994699295834]]],[[[134.7703718033162,-6.533948707966423],[134.7695239962355,-6.53358647813345],[134.769563682418,-6.533337729252756],[134.7702137240842,-6.533490678751778],[134.7703718033162,-6.533948707966423]]],[[[134.5609686201058,-6.540958866658356],[134.5596438611753,-6.53670614896951],[134.5638116154138,-6.535036291391697],[134.5674997288295,-6.532325707765167],[134.5609686201058,-6.540958866658356]]],[[[134.766276602783,-6.533339807585995],[134.7659518072301,-6.532675937944158],[134.7666977678877,-6.532190527970431],[134.7668369658533,-6.532725906974938],[134.766276602783,-6.533339807585995]]],[[[134.775176933169,-6.534279051437045],[134.773692149773,-6.532494454755237],[134.7739824437349,-6.531523634807871],[134.7748628440451,-6.532175607318339],[134.775176933169,-6.534279051437045]]],[[[134.7741203241936,-6.530114627388154],[134.7734533141192,-6.529989943580964],[134.7736175177344,-6.529402022585166],[134.7741940730981,-6.529537973098946],[134.7741203241936,-6.530114627388154]]],[[[134.5679468016036,-6.531760723978212],[134.5667825698598,-6.531426156391954],[134.5678084759805,-6.528448027154691],[134.5682796092167,-6.53063237158669],[134.5679468016036,-6.531760723978212]]],[[[134.566316157165,-6.529897912358677],[134.5659235464345,-6.529393942176646],[134.566262618725,-6.527984110977928],[134.5665755180458,-6.528640842700709],[134.566316157165,-6.529897912358677]]],[[[134.2113206496283,-6.528004244999845],[134.2111493278793,-6.527797231856684],[134.2113099423001,-6.527634238729067],[134.2114277247098,-6.527825786231015],[134.2113206496283,-6.528004244999845]]],[[[134.7727193432233,-6.527920324763129],[134.7719392083279,-6.52794258837968],[134.7715720061433,-6.527394002830959],[134.7726291915839,-6.52725879066061],[134.7727193432233,-6.527920324763129]]],[[[134.7708500465923,-6.523797863080886],[134.7704996311531,-6.523639397140427],[134.7705223866989,-6.523322795310697],[134.7708672317374,-6.523300337440555],[134.7708500465923,-6.523797863080886]]],[[[134.7713928180242,-6.523622842420166],[134.77125717328,-6.523560587750835],[134.7712629721085,-6.523238324688822],[134.7714155861604,-6.523277971301304],[134.7713928180242,-6.523622842420166]]],[[[134.5568408263431,-6.523265620012334],[134.5555987483836,-6.527624793149637],[134.5541049330963,-6.529114048874155],[134.5544931470412,-6.524800642235799],[134.5568408263431,-6.523265620012334]]],[[[134.2158490607856,-6.525410038142691],[134.2120752356836,-6.527404025775122],[134.2113506896826,-6.526904339063914],[134.2169448028604,-6.521405404735584],[134.2158490607856,-6.525410038142691]]],[[[134.2160585533596,-6.521111541364525],[134.2160139379929,-6.520971748047692],[134.2162251149971,-6.520891441286984],[134.2162191668811,-6.520968773989714],[134.2160585533596,-6.521111541364525]]],[[[134.2179804243572,-6.523762856070884],[134.2180446692261,-6.52209961300663],[134.2203848688666,-6.520398298042966],[134.2198518703676,-6.521607064214566],[134.2179804243572,-6.523762856070884]]],[[[134.2171580617952,-6.520421101252775],[134.2171045242544,-6.520394332032779],[134.2171461646639,-6.520311051214004],[134.2172056521192,-6.520361614696738],[134.2171580617952,-6.520421101252775]]],[[[134.2099186506252,-6.525047466567261],[134.2105039986607,-6.522529997960972],[134.2141969216507,-6.519414092586277],[134.2145490817747,-6.52079299070392],[134.2099186506252,-6.525047466567261]]],[[[134.2228571285537,-6.519282092794291],[134.2232711548399,-6.518373139009074],[134.2238993330879,-6.517978147773266],[134.2238184309758,-6.518715780708621],[134.2228571285537,-6.519282092794291]]],[[[134.2149107612227,-6.519641332381524],[134.2138495207389,-6.518741896121564],[134.214201680863,-6.517890049286271],[134.2151106346481,-6.51881327980897],[134.2149107612227,-6.519641332381524]]],[[[134.2266818750685,-6.51702921912312],[134.2182639617126,-6.535074435236935],[134.2177404798393,-6.538058278766527],[134.2191836237254,-6.541449248983592],[134.217494205893,-6.543414683141061],[134.2133265802576,-6.531513808815229],[134.2266818750685,-6.51702921912312]]],[[[134.5600011483345,-6.516793882731501],[134.5598178440183,-6.516373028792159],[134.5601899061392,-6.515390338693087],[134.5603080977406,-6.516278270825441],[134.5600011483345,-6.516793882731501]]],[[[134.7708475869466,-6.512984470556819],[134.7712499130531,-6.51463324263],[134.7691417987551,-6.513693753264053],[134.7701062712874,-6.512266609216581],[134.7708475869466,-6.512984470556819]]],[[[134.7664568080353,-6.511735769090413],[134.7660285050116,-6.511488305340921],[134.7663448847087,-6.510922108368592],[134.766794691422,-6.511345537966199],[134.7664568080353,-6.511735769090413]]],[[[134.5743802817247,-6.511243322821051],[134.5739168385914,-6.511141166131899],[134.5746126737359,-6.510497231761806],[134.5747707466727,-6.510740474093594],[134.5743802817247,-6.511243322821051]]],[[[134.5645585950031,-6.511196316156979],[134.564290584443,-6.510641084618366],[134.5648363991805,-6.510117850058687],[134.5649698837532,-6.510477050975076],[134.5645585950031,-6.511196316156979]]],[[[134.7760512603575,-6.51010670296193],[134.776367342379,-6.510451296190282],[134.7733589896258,-6.515348227039012],[134.7730091641416,-6.511988060400568],[134.7760512603575,-6.51010670296193]]],[[[134.2122581568885,-6.510015519800375],[134.2120511437453,-6.509958412850451],[134.2120332975987,-6.509865613607139],[134.2122260349037,-6.509890597672888],[134.2122581568885,-6.510015519800375]]],[[[134.7790020331175,-6.510181502274452],[134.7786515844031,-6.510113502735918],[134.7786856372325,-6.50980255944054],[134.7790756660092,-6.509847959915386],[134.7790020331175,-6.510181502274452]]],[[[134.2124157972513,-6.509305251436163],[134.2123467922708,-6.509286214587088],[134.2123539310891,-6.509238626061701],[134.2124253138773,-6.50925052319307],[134.2124157972513,-6.509305251436163]]],[[[134.5657438070311,-6.510105236167688],[134.56538233083,-6.509754398047],[134.5661291368502,-6.509008753051474],[134.566157075189,-6.509387573577622],[134.5657438070311,-6.510105236167688]]],[[[134.7737976078733,-6.508128396808014],[134.7735780428924,-6.508216989022823],[134.7734347413204,-6.508098654429321],[134.7736905327918,-6.507939229811547],[134.7737976078733,-6.508128396808014]]],[[[134.5771639766362,-6.508226590184999],[134.5768135063384,-6.508226297005918],[134.5767232701628,-6.507977459092444],[134.5771924671587,-6.507955236844668],[134.5771639766362,-6.508226590184999]]],[[[134.578752283691,-6.508549677925294],[134.5923479555937,-6.528241489752932],[134.5761417469441,-6.547031239300231],[134.5631129842768,-6.545353638559507],[134.578752283691,-6.508549677925294]]],[[[134.5645010132113,-6.507843085989577],[134.5643509999988,-6.507769067288542],[134.5643553913883,-6.507593807408244],[134.5645044818964,-6.507617911037737],[134.5645010132113,-6.507843085989577]]],[[[134.5777577036552,-6.508000938592388],[134.5772493160032,-6.507570833327207],[134.5779845738291,-6.507090884037029],[134.5781312289731,-6.507469804387948],[134.5777577036552,-6.508000938592388]]],[[[134.4974237743877,-6.507093368863862],[134.5041674216892,-6.523218430785941],[134.4895195726702,-6.530626267887899],[134.4852388905624,-6.52509097666714],[134.4949887826063,-6.512040580808146],[134.4960749352101,-6.509702636667284],[134.4958716218779,-6.507526808815082],[134.4974237743877,-6.507093368863862]]],[[[134.5639581689344,-6.509241040741446],[134.5637338546337,-6.513301944728926],[134.5608092368568,-6.516269132814116],[134.5629201489458,-6.506953702351463],[134.5639581689344,-6.509241040741446]]],[[[134.7699755152579,-6.511609141848388],[134.7674770808026,-6.512328928637049],[134.7711533483484,-6.506775266964907],[134.7726464603659,-6.509193989111298],[134.7699755152579,-6.511609141848388]]],[[[134.7727337071949,-6.507239658883161],[134.7723446451892,-6.507154433730093],[134.7729859301567,-6.506773283959858],[134.7729573757823,-6.507020747709261],[134.7727337071949,-6.507239658883161]]],[[[134.5669955419108,-6.507217279253989],[134.5665659690443,-6.507177334966022],[134.5667193340302,-6.506312453357025],[134.5672279483112,-6.506465537754273],[134.5669955419108,-6.507217279253989]]],[[[134.5766958678202,-6.506948463800536],[134.5764878968991,-6.506689760324117],[134.5769816345949,-6.506196020829672],[134.5768448162354,-6.506755194996198],[134.5766958678202,-6.506948463800536]]],[[[134.7760944970635,-6.499415147890701],[134.7756480340296,-6.499177491248157],[134.7761456352129,-6.498821521595914],[134.7762755728595,-6.498991193089036],[134.7760944970635,-6.499415147890701]]],[[[134.7742593216105,-6.498345803615883],[134.7741094163166,-6.497835409576495],[134.7746302658742,-6.497744894611194],[134.7746733478967,-6.497906794163181],[134.7742593216105,-6.498345803615883]]],[[[134.4937824616914,-6.500979704749525],[134.4929858359277,-6.500588808126987],[134.4916956928021,-6.496302064588536],[134.4935688088536,-6.497007819255422],[134.4937824616914,-6.500979704749525]]],[[[134.5857026608492,-6.493877230649651],[134.5854061696591,-6.493723229843144],[134.5857251394037,-6.493256727216127],[134.58587872922,-6.493514945957982],[134.5857026608492,-6.493877230649651]]],[[[134.4895273104371,-6.490737314275544],[134.4892608098386,-6.490770626063539],[134.4892179796261,-6.490542198263753],[134.4893179167885,-6.490523162314047],[134.4895273104371,-6.490737314275544]]],[[[134.7669776962638,-6.486901231806356],[134.7721173307502,-6.490263410228162],[134.766410194375,-6.497457947925937],[134.7553155856458,-6.498099502689828],[134.7669776962638,-6.486901231806356]]],[[[134.1563885032269,-6.487292868570974],[134.1560849478622,-6.486297392810395],[134.1591103427681,-6.485366805833407],[134.1588035111731,-6.486344308642859],[134.1563885032269,-6.487292868570974]]],[[[134.4850525843094,-6.486514587178397],[134.4847333123926,-6.486350763077179],[134.4845114145702,-6.485072364198156],[134.4849744943776,-6.485485548719065],[134.4850525843094,-6.486514587178397]]],[[[134.4846290288067,-6.484242566940849],[134.4841290947819,-6.483942417308678],[134.4843787717629,-6.482987207793371],[134.4848175060231,-6.48374579043585],[134.4846290288067,-6.484242566940849]]],[[[134.5743647729161,-6.485921988808644],[134.5732430476285,-6.485631148958308],[134.5754550731931,-6.482437472910955],[134.5754949005693,-6.484727875291155],[134.5743647729161,-6.485921988808644]]],[[[134.5729810040701,-6.484249814577296],[134.5727428662903,-6.48403802693334],[134.5719349576323,-6.482374505079295],[134.5727749981677,-6.483387285594659],[134.5729810040701,-6.484249814577296]]],[[[134.8241831561278,-6.481618954950789],[134.8504135266631,-6.495355491262859],[134.8117168879241,-6.562321197964919],[134.8026024901129,-6.548022207658714],[134.7782171039363,-6.546851676163871],[134.7747090743644,-6.515607250673997],[134.7976221948085,-6.511320063769847],[134.8241831561278,-6.481618954950789]]],[[[134.8458267863772,-6.481489460670068],[134.845894973874,-6.481616066328381],[134.8456630791879,-6.481814971183989],[134.8455907431184,-6.481466617890045],[134.8458267863772,-6.481489460670068]]],[[[134.4840768252853,-6.489993398676378],[134.4810125652778,-6.487836241649151],[134.4824126514228,-6.481211630412335],[134.4848907773875,-6.487215472016387],[134.4840768252853,-6.489993398676378]]],[[[134.8456849695857,-6.480950464592254],[134.8456472789987,-6.480952749769545],[134.8456232940798,-6.480868230584384],[134.8456735481958,-6.480875084317609],[134.8456849695857,-6.480950464592254]]],[[[134.5761419933584,-6.483037307225884],[134.576032302149,-6.482552223706132],[134.5775542266462,-6.480857384760411],[134.577288818724,-6.48173818976561],[134.5761419933584,-6.483037307225884]]],[[[134.5738352359075,-6.483469703963677],[134.5734057349868,-6.482318989929396],[134.5728328839304,-6.481560561970293],[134.5727391224126,-6.480832589552302],[134.5740425413303,-6.482663631721123],[134.5738352359075,-6.483469703963677]]],[[[134.1470635453465,-6.48125620800755],[134.1466681539123,-6.481108559112662],[134.1470560117257,-6.480693698255528],[134.1471430292275,-6.481044344820556],[134.1470635453465,-6.48125620800755]]],[[[134.5731411076761,-6.480891294597572],[134.5729095556316,-6.480682409965225],[134.5729142312068,-6.480566219355469],[134.5730160047849,-6.480615723436837],[134.5731411076761,-6.480891294597572]]],[[[134.4839387730561,-6.484011727159426],[134.4835970702486,-6.483748485703948],[134.4825010529813,-6.480437173836399],[134.4837685709628,-6.481851870367431],[134.4839387730561,-6.484011727159426]]],[[[134.5711796647098,-6.481108255141769],[134.5710867053872,-6.481102130758724],[134.5707207397704,-6.480312829973015],[134.5711798535674,-6.480800926221678],[134.5711796647098,-6.481108255141769]]],[[[134.145968779036,-6.480233957631024],[134.1457709407764,-6.480244932057903],[134.145692084622,-6.480083681816477],[134.1459579413061,-6.479956932266599],[134.145968779036,-6.480233957631024]]],[[[134.5716009647128,-6.481082173003808],[134.5707804412645,-6.479894066058271],[134.5707178169737,-6.479398028795983],[134.5711704547527,-6.479946947993191],[134.5716009647128,-6.481082173003808]]],[[[134.4843627719244,-6.481162733373384],[134.4832080316254,-6.480011046272675],[134.4832765833477,-6.47930158639907],[134.4839772928178,-6.479480387809548],[134.4843627719244,-6.481162733373384]]],[[[134.5864048766838,-6.47857552683904],[134.5862759166004,-6.478520489229104],[134.5863811912391,-6.47832472570549],[134.5864576021366,-6.478370168448481],[134.5864048766838,-6.47857552683904]]],[[[134.1852106920198,-6.478386089146663],[134.1851857870945,-6.478281453925908],[134.1852663240817,-6.47823295168937],[134.1852860713952,-6.478299497923405],[134.1852106920198,-6.478386089146663]]],[[[134.135539018411,-6.477363705670384],[134.1353046991526,-6.477224802682428],[134.1356412101738,-6.477095351569132],[134.1357059856427,-6.477225486167163],[134.135539018411,-6.477363705670384]]],[[[134.573478807601,-6.483763089794684],[134.5709330930879,-6.479047831891886],[134.5743471641904,-6.476648356136731],[134.5723936604392,-6.480607687994303],[134.573478807601,-6.483763089794684]]],[[[134.197592071417,-6.476259129555188],[134.198063307176,-6.476706484716458],[134.1966563628009,-6.476449863170578],[134.1968487502696,-6.476311660754489],[134.197592071417,-6.476259129555188]]],[[[134.5825425915673,-6.487203809608103],[134.5629300279985,-6.532376945739386],[134.552286023681,-6.533957628341883],[134.5646041330743,-6.514129676243456],[134.5674535630316,-6.507042406981415],[134.5722747313938,-6.487693930230679],[134.5753900261288,-6.486791957882491],[134.5831961244016,-6.476066556826047],[134.5825425915673,-6.487203809608103]]],[[[134.5783779570771,-6.475888468577899],[134.5770245718266,-6.480363707319174],[134.5743932310628,-6.482381241001426],[134.5735195495876,-6.479463201765316],[134.5783779570771,-6.475888468577899]]],[[[134.5778194259258,-6.480662665349683],[134.5798863692606,-6.476828233136426],[134.5822229023651,-6.475591212964086],[134.5808215256929,-6.477945852119297],[134.5778194259258,-6.480662665349683]]],[[[134.5786438551299,-6.475575604330589],[134.5783247378964,-6.475525516589257],[134.5781805064253,-6.475427529157133],[134.5789271757486,-6.475349137053036],[134.5786438551299,-6.475575604330589]]],[[[134.1939289510604,-6.47368340826258],[134.1938410792025,-6.473597299076043],[134.1938777418644,-6.473453894081941],[134.1939353245557,-6.473491445273875],[134.1939289510604,-6.47368340826258]]],[[[134.199174816165,-6.472555885046009],[134.1989009420249,-6.472399987569303],[134.1994748147111,-6.472273693076395],[134.1994151087204,-6.47250255794665],[134.199174816165,-6.472555885046009]]],[[[134.1952933970726,-6.471593111332989],[134.1952668796629,-6.471331162203312],[134.1953713682941,-6.471061910578672],[134.1954325132,-6.471505270951442],[134.1952933970726,-6.471593111332989]]],[[[134.4799004105756,-6.475456502615432],[134.4791552188383,-6.474565295152227],[134.4791421462931,-6.470774528621596],[134.4805637154432,-6.473515163094205],[134.4799004105756,-6.475456502615432]]],[[[134.8325017060889,-6.470698578176818],[134.8321400140504,-6.470500575341268],[134.8319649016589,-6.47015563407514],[134.8324001132746,-6.470240584934998],[134.8325017060889,-6.470698578176818]]],[[[134.4783780903766,-6.471553631095154],[134.4781353849402,-6.471092015384165],[134.4780306885654,-6.470030774900319],[134.4781401441523,-6.470187819911891],[134.4783780903766,-6.471553631095154]]],[[[134.4786186671179,-6.476913823414136],[134.4744056509002,-6.470682021657907],[134.476812807765,-6.468618108139149],[134.4786175672469,-6.475231869954782],[134.4786186671179,-6.476913823414136]]],[[[134.7305402741144,-6.472819481733686],[134.7292415082891,-6.470144132645554],[134.7315260956528,-6.468228709787097],[134.7320274371166,-6.469613159419722],[134.7305402741144,-6.472819481733686]]],[[[134.4837473037951,-6.466707779040774],[134.4834403525903,-6.466593565140925],[134.4834189379337,-6.466115293086253],[134.4836259510769,-6.466158123298697],[134.4837473037951,-6.466707779040774]]],[[[134.4866502047432,-6.490486830602719],[134.4851206548943,-6.490128652215502],[134.4858140043129,-6.48364465087992],[134.4829138669815,-6.475763380975223],[134.4907526933822,-6.465817470899519],[134.4866502047432,-6.490486830602719]]],[[[134.8123295555646,-6.464280876661092],[134.8119450351353,-6.464025799251231],[134.8120513376991,-6.463841431936483],[134.8122459240102,-6.46387830863702],[134.8123295555646,-6.464280876661092]]],[[[134.1835951669834,-6.463803549793993],[134.1824983448229,-6.467967492705532],[134.1731681438948,-6.469375708721951],[134.1734746229555,-6.463216210659509],[134.1835951669834,-6.463803549793993]]],[[[134.1823480186462,-6.460823958259069],[134.1820090425833,-6.460741440964649],[134.1822670526824,-6.460210446155105],[134.1825827821697,-6.460691482725681],[134.1823480186462,-6.460823958259069]]],[[[134.4933760877364,-6.458271882841053],[134.4950143467348,-6.460102878245237],[134.494607459267,-6.462244393363984],[134.4959792176668,-6.465365056152431],[134.493902781988,-6.469922438069967],[134.4933760877364,-6.458271882841053]]],[[[134.6078092054305,-6.458163865270165],[134.6072558193007,-6.457473685062513],[134.6076857429027,-6.457010411001622],[134.6081601811475,-6.457463073961626],[134.6078092054305,-6.458163865270165]]],[[[134.4832712539653,-6.46507988922547],[134.4813783186545,-6.461764938700902],[134.4837972458463,-6.456382318189372],[134.4853177880854,-6.458838186832753],[134.4832712539653,-6.46507988922547]]],[[[134.2046428623782,-6.456429907614129],[134.2045664703663,-6.456489147755899],[134.2043799842489,-6.456474724428921],[134.2046149123484,-6.45623199830803],[134.2046428623782,-6.456429907614129]]],[[[134.1663584323958,-6.456040491275576],[134.1662299417585,-6.456044059785508],[134.1662549258241,-6.455908431229122],[134.1663263104109,-6.455904861819909],[134.1663584323958,-6.456040491275576]]],[[[134.4836200416316,-6.456217210755603],[134.4833630612563,-6.456055408330367],[134.4834201682063,-6.455860292318575],[134.4837247389056,-6.456017336430867],[134.4836200416316,-6.456217210755603]]],[[[134.4759141584118,-6.468576924585338],[134.4734528911381,-6.468295210155776],[134.472069694261,-6.455850165952341],[134.4742347266514,-6.458314555672099],[134.4759141584118,-6.468576924585338]]],[[[134.6070189153907,-6.45684028535081],[134.6061719833504,-6.455369828154981],[134.6078673492988,-6.454215790226473],[134.6079992465681,-6.455655964551069],[134.6070189153907,-6.45684028535081]]],[[[134.612039688281,-6.454718333184476],[134.6114747368698,-6.454367370957374],[134.6116558990006,-6.453983055573501],[134.6119722229399,-6.454243368836358],[134.612039688281,-6.454718333184476]]],[[[134.481434508296,-6.459817336301014],[134.4799500045891,-6.457348002108602],[134.4818413777774,-6.453839027349221],[134.4828629158909,-6.455304354812056],[134.481434508296,-6.459817336301014]]],[[[134.6107858966519,-6.453417019579692],[134.6115518510371,-6.457013374267787],[134.6085526335972,-6.458295970282694],[134.6082260528901,-6.454081508854496],[134.6107858966519,-6.453417019579692]]],[[[134.4811165269062,-6.471836601877604],[134.477569560287,-6.466495950927324],[134.4763151849978,-6.452346475609331],[134.4801681531378,-6.454046507240533],[134.4790349623937,-6.459526537819452],[134.4811165269062,-6.471836601877604]]],[[[134.2166205783771,-6.451744894810999],[134.2164143539394,-6.451702177913158],[134.2164204531415,-6.45141104128644],[134.2165220846266,-6.451476209759192],[134.2166205783771,-6.451744894810999]]],[[[134.4848088176728,-6.467707558057326],[134.4857111920181,-6.458295076356605],[134.4838586767366,-6.454324459805941],[134.4850977311754,-6.450289021920756],[134.4912016727191,-6.459044148668428],[134.4848088176728,-6.467707558057326]]],[[[134.6354659789718,-6.449658571985476],[134.6431270156993,-6.461003775004118],[134.6280597867299,-6.499030257840114],[134.5901404752028,-6.517950334440385],[134.5789743164117,-6.506475457276543],[134.5882828328865,-6.476624768718046],[134.6161678633563,-6.466956125924454],[134.6267270499135,-6.450647307327343],[134.6354659789718,-6.449658571985476]]],[[[134.2128204993667,-6.449910554828157],[134.2125668959456,-6.449440936949617],[134.2139867653769,-6.448606434439323],[134.2140050611847,-6.449570354788018],[134.2128204993667,-6.449910554828157]]],[[[134.4192218849821,-6.448883131551212],[134.4193218230438,-6.448378685627779],[134.4196597064304,-6.448338235021448],[134.4196597064304,-6.448488141214685],[134.4192218849821,-6.448883131551212]]],[[[134.4239046647685,-6.445299664148133],[134.4235762989072,-6.445271109773802],[134.4242711016301,-6.444752388012257],[134.4242853783676,-6.445171172611523],[134.4239046647685,-6.445299664148133]]],[[[134.4399933194363,-6.444184384301791],[134.439843413243,-6.443988077587707],[134.4399326430771,-6.443809618818789],[134.4400111646836,-6.44382389555627],[134.4399933194363,-6.444184384301791]]],[[[134.419157036668,-6.445673286592849],[134.4189186380847,-6.444084362603134],[134.4194589921389,-6.44355919540052],[134.4197717223871,-6.44439627986431],[134.419157036668,-6.445673286592849]]],[[[134.7102747523779,-6.455382962753546],[134.7287116583165,-6.472034378983408],[134.745316385343,-6.482641672075466],[134.7496710465816,-6.510745375398733],[134.7638458926739,-6.529977765861154],[134.744134152769,-6.552700352339328],[134.7338096371051,-6.554146642053897],[134.7227927432905,-6.541176588029066],[134.7046416580861,-6.558099263170351],[134.6812954502248,-6.563416454405838],[134.6670944221699,-6.550365158325348],[134.6639239891009,-6.510305183337532],[134.6520231552444,-6.496223093321055],[134.641823675922,-6.499150269669122],[134.6396563970252,-6.478518248118607],[134.6915847376456,-6.442809304705558],[134.7102747523779,-6.455382962753546]]],[[[134.4335390182111,-6.4420238458238],[134.4339317746318,-6.442069510699326],[134.4341283601358,-6.443180658160744],[134.4335805048366,-6.442838009266686],[134.4333102171928,-6.441933134806258],[134.433415345242,-6.441421602225076],[134.4335390182111,-6.4420238458238]]],[[[134.4391644448833,-6.44135957418495],[134.4397539846588,-6.444795944876861],[134.4363333700891,-6.448490972280555],[134.4360229762794,-6.442952940825534],[134.4391644448833,-6.44135957418495]]],[[[134.4402645774484,-6.443773927424771],[134.4399709613908,-6.4413719335678],[134.4414266571146,-6.441068235210849],[134.4413829230835,-6.442297843170834],[134.4402645774484,-6.443773927424771]]],[[[134.4433587417126,-6.441731280174404],[134.443133073033,-6.441357896949355],[134.4435433464483,-6.440889095655126],[134.4436502047931,-6.441372593670262],[134.4433587417126,-6.441731280174404]]],[[[134.4338168511669,-6.441221345688478],[134.4329559868294,-6.440276240955693],[134.4333326858548,-6.439510598635215],[134.4337789393467,-6.439731583645595],[134.4338168511669,-6.441221345688478]]],[[[134.4361344994077,-6.437897358776005],[134.4372123953358,-6.43957487857774],[134.4358659519522,-6.440957894691016],[134.4350008167343,-6.438760519981982],[134.4361344994077,-6.437897358776005]]],[[[134.4615881785516,-6.437131829770041],[134.4612774519929,-6.437012775718979],[134.4612636168225,-6.43673290759759],[134.4616026873142,-6.436772841093656],[134.4615881785516,-6.437131829770041]]],[[[134.4340129942044,-6.43762870879783],[134.4328457155574,-6.435235948280375],[134.433216978181,-6.434272422734092],[134.4342892983125,-6.435650259651719],[134.4340129942044,-6.43762870879783]]],[[[134.4633305601572,-6.433799354156803],[134.4633861040855,-6.433203058674123],[134.4637825657129,-6.432855684742015],[134.4638551940621,-6.432964515300092],[134.4633305601572,-6.433799354156803]]],[[[134.4245513330776,-6.432336795706543],[134.4243032811715,-6.43177963871933],[134.4244454280141,-6.431022218900199],[134.4247586618828,-6.431412668559736],[134.4245513330776,-6.432336795706543]]],[[[134.4330706036255,-6.431296736055429],[134.4329756550026,-6.431104730798668],[134.4332167812296,-6.430930592372856],[134.4332494311165,-6.43097671140607],[134.4330706036255,-6.431296736055429]]],[[[134.4281334622896,-6.431107864036693],[134.4335200461133,-6.438744745873296],[134.4317200278571,-6.441196402092223],[134.4313600346379,-6.439644092201017],[134.4308796203981,-6.43964921114211],[134.4188398197019,-6.44826865267614],[134.4281334622896,-6.431107864036693]]],[[[134.4509827677406,-6.433920172677769],[134.4500770892863,-6.432582121767431],[134.4532363042121,-6.430075310127385],[134.4532373474257,-6.431743125344872],[134.4509827677406,-6.433920172677769]]],[[[134.2125279732873,-6.430222004841627],[134.2123246320762,-6.430148199279965],[134.2123700217592,-6.43003237559359],[134.2125393928787,-6.43014570276195],[134.2125279732873,-6.430222004841627]]],[[[134.4245863670672,-6.434539804668197],[134.4250881447022,-6.430608305029199],[134.4247862270029,-6.430206560784128],[134.4250746854484,-6.430011836876729],[134.4259746738921,-6.431318825203539],[134.4245863670672,-6.434539804668197]]],[[[134.2097413447873,-6.432798818810407],[134.2092589610323,-6.430437807958426],[134.2114918877406,-6.430062482197733],[134.2118832906814,-6.430956312084105],[134.2097413447873,-6.432798818810407]]],[[[134.464292160255,-6.437692241403762],[134.4631695239544,-6.435221229975755],[134.4683490199914,-6.429642375595072],[134.4676615971051,-6.433400250321223],[134.464292160255,-6.437692241403762]]],[[[134.8123499503899,-6.429552091755556],[134.8121171123149,-6.42960510768951],[134.8121595935904,-6.429250496013576],[134.8123945648573,-6.42940337626479],[134.8123499503899,-6.429552091755556]]],[[[134.4373951150925,-6.429035325120117],[134.4372880786819,-6.428826771438326],[134.4373685958841,-6.428335033834712],[134.4374606810657,-6.428481793300093],[134.4373951150925,-6.429035325120117]]],[[[134.4988761965793,-6.429580647928538],[134.4991472459488,-6.428241341564592],[134.5002737376429,-6.428001820627464],[134.5001487687507,-6.428646214551107],[134.4988761965793,-6.429580647928538]]],[[[134.8077336772675,-6.427738823787691],[134.8111239334229,-6.428309419344184],[134.8119155301777,-6.429511842597416],[134.8054398772485,-6.427596056412791],[134.8077336772675,-6.427738823787691]]],[[[134.427674227084,-6.428685573380458],[134.4276242580531,-6.427771860383017],[134.4280882533702,-6.426608303130691],[134.4277741642464,-6.428396468322343],[134.427674227084,-6.428685573380458]]],[[[134.4274284180871,-6.427123947412187],[134.4272808923994,-6.427095393037944],[134.4275450115931,-6.426542167886654],[134.4277196806188,-6.426813975384586],[134.4274284180871,-6.427123947412187]]],[[[134.4266479549392,-6.42737141116159],[134.4264788320326,-6.427078304120374],[134.4270905347005,-6.425815243178849],[134.4273570343997,-6.42628161720287],[134.4266479549392,-6.42737141116159]]],[[[134.4305255627046,-6.429588124892031],[134.4308051241572,-6.426255963142128],[134.4315937594444,-6.424814239285651],[134.4317924727445,-6.426217169087049],[134.4305255627046,-6.429588124892031]]],[[[134.4386478347299,-6.432186588240433],[134.4382841623842,-6.43396989619374],[134.4394390052059,-6.437417029072615],[134.4387237393093,-6.437696095898086],[134.434278986686,-6.432198732685349],[134.4370511963557,-6.42448464135306],[134.4363097898649,-6.427989051153719],[134.4386478347299,-6.432186588240433]]],[[[134.5004480055711,-6.427498443997929],[134.5008791513517,-6.425635323011728],[134.5025194167378,-6.4243478877448],[134.5018185759666,-6.426213534926698],[134.5004480055711,-6.427498443997929]]],[[[134.4249661813443,-6.425977885570847],[134.4249144613334,-6.424222390950511],[134.4260048398515,-6.422055466386637],[134.4262865560798,-6.422830323160848],[134.4249661813443,-6.425977885570847]]],[[[134.4266738194412,-6.42202704691062],[134.4263716346432,-6.421865580831802],[134.4263240137422,-6.421492391860343],[134.4264059527727,-6.421500964198116],[134.4266738194412,-6.42202704691062]]],[[[134.5019205617846,-6.423256698937489],[134.5019783872928,-6.422764339902257],[134.5042422066126,-6.419538300851872],[134.5038300796945,-6.421499466826911],[134.5019205617846,-6.423256698937489]]],[[[134.7739819266246,-6.425258839823548],[134.7690861855791,-6.431977724292518],[134.7631708453583,-6.430646415599543],[134.7681668176445,-6.417968486556428],[134.7739819266246,-6.425258839823548]]],[[[134.4289392818224,-6.423491931007756],[134.4281954849338,-6.421210020026339],[134.4288339118556,-6.416614227164778],[134.4302745340426,-6.419643326378369],[134.4289392818224,-6.423491931007756]]],[[[134.4281963257998,-6.417514362198044],[134.4277870794102,-6.417070098905845],[134.4282776451972,-6.415544177821512],[134.4285539807817,-6.416075922665669],[134.4281963257998,-6.417514362198044]]],[[[134.430304638848,-6.417981204768778],[134.4296628817367,-6.415707749213232],[134.4305645060472,-6.415533491177675],[134.4312589103704,-6.416204211854807],[134.430304638848,-6.417981204768778]]],[[[134.5050638299319,-6.419358149558877],[134.5046831163328,-6.420219514818707],[134.5042537952764,-6.41924432236756],[134.5067342118144,-6.415303548919641],[134.5050638299319,-6.419358149558877]]],[[[134.4214380843002,-6.4126034046234],[134.4211850870222,-6.412332046786488],[134.4212306412811,-6.412134969353271],[134.4214646376829,-6.412299295276184],[134.4214380843002,-6.4126034046234]]],[[[134.4075848069933,-6.415818392804499],[134.4078417289127,-6.413565743064601],[134.4093151790523,-6.410050923611247],[134.4092995506338,-6.411354052947153],[134.4075848069933,-6.415818392804499]]],[[[134.4216471532935,-6.409748373688443],[134.4224657431996,-6.410380616871939],[134.4217745098858,-6.412103940944095],[134.4207052240668,-6.410589694858419],[134.4216471532935,-6.409748373688443]]],[[[134.4310679780049,-6.415101550396133],[134.4287147327987,-6.414522267388704],[134.4314150533621,-6.407899262341025],[134.4308040063,-6.413611537442491],[134.4310679780049,-6.415101550396133]]],[[[134.5066640179301,-6.414500480412836],[134.5069693026913,-6.410568578776824],[134.5134300151831,-6.407936737090728],[134.5071565658229,-6.413056147623112],[134.5066640179301,-6.414500480412836]]],[[[134.431924694669,-6.409406821967226],[134.4317266045991,-6.409671537411458],[134.4316480829928,-6.40792739223535],[134.4319431361668,-6.407422947211198],[134.431924694669,-6.409406821967226]]],[[[134.7623458936481,-6.41691421042239],[134.7589903153508,-6.413475124677229],[134.764029082776,-6.406930348956389],[134.7686940496907,-6.412338604642879],[134.7623458936481,-6.41691421042239]]],[[[134.4196348185921,-6.409405985597675],[134.4195615031609,-6.409270216747113],[134.4205617264426,-6.406851616009205],[134.4205808361367,-6.407445262988424],[134.4196348185921,-6.409405985597675]]],[[[134.382406294315,-6.407979159910297],[134.3820767683283,-6.4070770229862],[134.3826032197628,-6.406356829703856],[134.3828649458607,-6.407244751044398],[134.382406294315,-6.407979159910297]]],[[[134.4116175433151,-6.405669225154557],[134.4120023155544,-6.40772473900542],[134.4099084770946,-6.408825382385412],[134.4105295156247,-6.406219871949474],[134.4116175433151,-6.405669225154557]]],[[[134.4189140650321,-6.408847590243986],[134.4191080407036,-6.406918902385409],[134.4204140415748,-6.404304059684555],[134.4207569890439,-6.405310210397789],[134.4189140650321,-6.408847590243986]]],[[[134.3847478699183,-6.404061240034124],[134.384448443341,-6.403978904402922],[134.3844207891881,-6.403475705839127],[134.3848076982167,-6.403654256338846],[134.3847478699183,-6.404061240034124]]],[[[134.3819662938094,-6.404037257813203],[134.3835739102078,-6.404217276905725],[134.3829585302121,-6.406048285799741],[134.3810834878128,-6.405019911039992],[134.3819662938094,-6.404037257813203]]],[[[134.3837792748936,-6.403539951607477],[134.3836295233838,-6.403531292035395],[134.3836947548092,-6.403330670374067],[134.3837964285624,-6.403373193018406],[134.3837792748936,-6.403539951607477]]],[[[134.3839297998205,-6.402904109337174],[134.3838167748243,-6.402901146970289],[134.3838056151371,-6.402782408581213],[134.3839441053362,-6.40275713403449],[134.3839297998205,-6.402904109337174]]],[[[134.4067082018221,-6.404120151024165],[134.4062032369899,-6.403393084223445],[134.4064335281849,-6.40217500557199],[134.4067372921923,-6.403399355195986],[134.4067082018221,-6.404120151024165]]],[[[134.3761827195569,-6.402074993765864],[134.3758313238566,-6.402905637285342],[134.3748626829665,-6.402432388843663],[134.3750807020129,-6.402070828106136],[134.3761827195569,-6.402074993765864]]],[[[134.3840521489875,-6.402200389836103],[134.383800923374,-6.401982427446987],[134.3840018831804,-6.401702817431047],[134.3840724403909,-6.401773570693673],[134.3840521489875,-6.402200389836103]]],[[[134.3813506691981,-6.401373697937699],[134.3819467956082,-6.401453565829377],[134.3828150047088,-6.40320720784631],[134.3812133166413,-6.402801052426613],[134.3813506691981,-6.401373697937699]]],[[[134.362878089852,-6.402196321303125],[134.3624628153068,-6.402113830089177],[134.3624275960568,-6.400892625394298],[134.3629635470302,-6.401642381190856],[134.362878089852,-6.402196321303125]]],[[[134.3776396266674,-6.400694472371952],[134.3777551652687,-6.400954675018137],[134.3774466816191,-6.401352875035097],[134.3771140071058,-6.400727756280914],[134.3776396266674,-6.400694472371952]]],[[[134.4138168039025,-6.401450709582583],[134.4140812216712,-6.402502576432737],[134.4123895870099,-6.404123220410244],[134.4123624472692,-6.400674508321894],[134.4138168039025,-6.401450709582583]]],[[[134.4071928329829,-6.415116897326882],[134.4058705310003,-6.409778206898657],[134.4072649747989,-6.406478331709557],[134.4074109365655,-6.399974070446905],[134.4071928329829,-6.415116897326882]]],[[[134.3877079119906,-6.400415412741082],[134.3876747512888,-6.39978782894504],[134.3880762176434,-6.399604566897191],[134.38810139956,-6.399813777983424],[134.3877079119906,-6.400415412741082]]],[[[134.3639980983336,-6.40136098691995],[134.3633572702218,-6.400873989642867],[134.3632402333501,-6.399548093969346],[134.3645615757562,-6.400417545932927],[134.3639980983336,-6.40136098691995]]],[[[134.3725007224305,-6.399851498248025],[134.3722214415663,-6.399472370153684],[134.3721934447718,-6.399260328001669],[134.3723825173394,-6.399464085599042],[134.3725007224305,-6.399851498248025]]],[[[134.3846507809088,-6.400188445440306],[134.3843631327525,-6.399710375733195],[134.3847225701905,-6.399230254672509],[134.3849566205516,-6.399631936864373],[134.3846507809088,-6.400188445440306]]],[[[134.3871658213457,-6.400044458584801],[134.3869770860237,-6.399552374742238],[134.3874551818112,-6.399086526821733],[134.3875001443162,-6.399295762189609],[134.3871658213457,-6.400044458584801]]],[[[134.3645903117935,-6.400030314946984],[134.3633393521295,-6.399370130726893],[134.3634758620215,-6.398660783268521],[134.3643484184448,-6.399128278747027],[134.3645903117935,-6.400030314946984]]],[[[134.3728912557269,-6.399368598282144],[134.3725555379079,-6.398927211921261],[134.372595862609,-6.398299718956827],[134.3726466599155,-6.398353490321255],[134.3728912557269,-6.399368598282144]]],[[[134.3788406173008,-6.398632678555209],[134.3785914952014,-6.39850183888873],[134.3783738358839,-6.397736755946485],[134.3787976566865,-6.39817080294021],[134.3788406173008,-6.398632678555209]]],[[[134.3705191976029,-6.398130400897254],[134.3701491976275,-6.397997088994404],[134.3701582951693,-6.397491108827572],[134.3703475350107,-6.397556357339943],[134.3705191976029,-6.398130400897254]]],[[[134.3769443392099,-6.398500057331694],[134.3767386102987,-6.398050351342625],[134.377036093441,-6.397400555191427],[134.3770781115657,-6.397703070040598],[134.3769443392099,-6.398500057331694]]],[[[134.3680773943563,-6.397588149273651],[134.3679167799355,-6.397049200859931],[134.3679453334105,-6.396599483179592],[134.368041702063,-6.396660158639359],[134.3680773943563,-6.397588149273651]]],[[[134.3743522223771,-6.396973280092747],[134.374185982697,-6.396582983317937],[134.37462443457,-6.396193423087907],[134.3746637466346,-6.39639699812287],[134.3743522223771,-6.396973280092747]]],[[[134.3634680990735,-6.396691374107614],[134.3633127124118,-6.396671394768986],[134.3632683407613,-6.395992917439112],[134.3633784861284,-6.396038281041764],[134.3634680990735,-6.396691374107614]]],[[[134.5174125189726,-6.39957647297578],[134.5169496064392,-6.399033286057224],[134.5173258396158,-6.395584902221411],[134.5179175107845,-6.397434206923051],[134.5174125189726,-6.39957647297578]]],[[[134.363875842696,-6.396004976448459],[134.3637741788353,-6.395956795269856],[134.3637436378586,-6.395518608696785],[134.3638028968862,-6.395583698029198],[134.363875842696,-6.396004976448459]]],[[[134.3652181743793,-6.399575982845266],[134.3636911902962,-6.398194634974423],[134.3655909019986,-6.395206266955603],[134.3662043727337,-6.397253600573175],[134.3652181743793,-6.399575982845266]]],[[[134.3644415261556,-6.395559046712566],[134.3643716911007,-6.394905978827818],[134.3649231221044,-6.39455896822179],[134.3649370202273,-6.394745552365303],[134.3644415261556,-6.395559046712566]]],[[[134.3635582606053,-6.394616642643917],[134.3634593981328,-6.394588252845582],[134.3634907179224,-6.394396072220924],[134.3635499931378,-6.394447026908682],[134.3635582606053,-6.394616642643917]]],[[[134.3638013257706,-6.394568888643252],[134.363685579426,-6.394483943179433],[134.3636971815797,-6.394240854631653],[134.3637957967387,-6.394469945231744],[134.3638013257706,-6.394568888643252]]],[[[134.3490522157872,-6.397554414804389],[134.3471840927718,-6.395612892720751],[134.349048001564,-6.394184918599048],[134.3512295652922,-6.396293607563911],[134.3490522157872,-6.397554414804389]]],[[[134.3628411061322,-6.394163473365547],[134.3627507377564,-6.394120958815178],[134.3627990430415,-6.393903358852863],[134.3628328854294,-6.393957108633667],[134.3628411061322,-6.394163473365547]]],[[[134.3663044456937,-6.394899884122277],[134.3659263841953,-6.394433001981418],[134.3661446829308,-6.393845304017524],[134.3664888831555,-6.394275395792785],[134.3663044456937,-6.394899884122277]]],[[[134.3654321185975,-6.394251479222372],[134.365245769177,-6.394135351565192],[134.3655768222127,-6.393768280681548],[134.3655993331428,-6.39384463222397],[134.3654321185975,-6.394251479222372]]],[[[134.3641772243994,-6.394498683967046],[134.363861533583,-6.393865098995092],[134.3640032109795,-6.39354584956127],[134.3645225991387,-6.393976159871854],[134.3641772243994,-6.394498683967046]]],[[[134.3756265581193,-6.393771246645644],[134.3753214802022,-6.393694553360855],[134.3754237825816,-6.393216953999196],[134.3755225578198,-6.393318837294507],[134.3756265581193,-6.393771246645644]]],[[[134.3665233478742,-6.393616323134736],[134.3664091339745,-6.393599666791142],[134.366606628693,-6.393126153948784],[134.366606628693,-6.393485452891293],[134.3665233478742,-6.393616323134736]]],[[[134.3415615367356,-6.393027726748172],[134.3447152217302,-6.395027441263394],[134.345113505384,-6.397351539441924],[134.3402073375986,-6.39799824372396],[134.3415615367356,-6.393027726748172]]],[[[134.3644413184122,-6.393438975028668],[134.3642408550315,-6.393311523108273],[134.3642472600032,-6.392700949988831],[134.3644898638162,-6.393026328302368],[134.3644413184122,-6.393438975028668]]],[[[134.376079884779,-6.392762640783171],[134.3757296698884,-6.392626530190152],[134.3760441079492,-6.391973928154186],[134.3762303215722,-6.392203122176258],[134.376079884779,-6.392762640783171]]],[[[134.3898904298996,-6.393810981391627],[134.3895631971839,-6.393352653602039],[134.3903053231322,-6.391829901728555],[134.3904179839029,-6.392138154252417],[134.3898904298996,-6.393810981391627]]],[[[134.3651277439504,-6.393606602362726],[134.3648172161416,-6.393368770352462],[134.3651243589021,-6.391769201087686],[134.3653796296662,-6.393279008119705],[134.3651277439504,-6.393606602362726]]],[[[134.3751024350293,-6.39257771409019],[134.3745658788123,-6.392316998830409],[134.3746317577495,-6.391584946188259],[134.3747757347125,-6.391692538379949],[134.3751024350293,-6.39257771409019]]],[[[134.3658321055673,-6.392977102111511],[134.3655528687699,-6.392569703828669],[134.3657040870741,-6.391385476558468],[134.366208757828,-6.392293489652782],[134.3658321055673,-6.392977102111511]]],[[[134.3642702430773,-6.392395687710709],[134.3639375748592,-6.39178186893801],[134.3641076438528,-6.391352412084109],[134.3643670398071,-6.391807841358758],[134.3642702430773,-6.392395687710709]]],[[[134.3890919479351,-6.399955441890074],[134.3880082621717,-6.398795175257081],[134.3915797407125,-6.391301490671156],[134.3909742316755,-6.394869478943192],[134.3890919479351,-6.399955441890074]]],[[[134.3594686322716,-6.412600204835498],[134.3570994070122,-6.39779068379294],[134.3622588256843,-6.391151395620368],[134.361974350336,-6.401807932889784],[134.3642076601554,-6.405556160588314],[134.3599005002081,-6.410712470304229],[134.3594686322716,-6.412600204835498]]],[[[134.3689218037982,-6.391043715295178],[134.3690618480259,-6.396663495124137],[134.3685835822665,-6.397256528765708],[134.3678703803139,-6.394576941172828],[134.3689218037982,-6.391043715295178]]],[[[134.3751923663347,-6.390652792592259],[134.3755426351845,-6.39074367538031],[134.3753374638529,-6.392165291295075],[134.374496852248,-6.390988334144224],[134.3751923663347,-6.390652792592259]]],[[[134.3628634327014,-6.393498357263353],[134.3626312043666,-6.391640886717446],[134.3628417734292,-6.390451080952601],[134.3629371510287,-6.393294921623286],[134.3628634327014,-6.393498357263353]]],[[[134.3648391470091,-6.391624685430823],[134.3644557624235,-6.390894906274872],[134.3652907640576,-6.3897256572133],[134.3655749444282,-6.390706894007873],[134.3648391470091,-6.391624685430823]]],[[[134.3632530585819,-6.392357682361086],[134.3630577932826,-6.390313690624242],[134.3633158861193,-6.389536651195441],[134.3631560496121,-6.390831110167542],[134.3632530585819,-6.392357682361086]]],[[[134.3745765303827,-6.390527667218019],[134.3741260123058,-6.389223979403073],[134.3742680728134,-6.388582475900487],[134.374766448313,-6.390033213661787],[134.3745765303827,-6.390527667218019]]],[[[134.5157071120937,-6.388951778901379],[134.5151342826211,-6.388300914355653],[134.5153722792073,-6.387622697829246],[134.5156357284062,-6.38795240637842],[134.5157071120937,-6.388951778901379]]],[[[134.3751459433307,-6.389324155785107],[134.3745708088958,-6.388257764883924],[134.3757704055798,-6.386992828855912],[134.376220977616,-6.388254113636353],[134.3751459433307,-6.389324155785107]]],[[[134.5157963967863,-6.387340414128743],[134.5152426113575,-6.387289009779876],[134.5154748217058,-6.386752129806864],[134.5158646652223,-6.386859916252056],[134.5157963967863,-6.387340414128743]]],[[[134.3764269817199,-6.386486942218531],[134.3765304882915,-6.386801031342485],[134.3764912265889,-6.387771851289851],[134.3758808953871,-6.386572602643507],[134.3764269817199,-6.386486942218531]]],[[[134.3683689158928,-6.390279809565484],[134.3667386095992,-6.387202466220802],[134.3682233929952,-6.385624882682154],[134.36854681978,-6.385760030101276],[134.3684659401511,-6.387198753819393],[134.3692804606249,-6.388898638861099],[134.3683689158928,-6.390279809565484]]],[[[134.3769302378403,-6.387297148644481],[134.3767589160911,-6.387293580134549],[134.376487658079,-6.385262710405718],[134.3770373129217,-6.386454820233726],[134.3769302378403,-6.387297148644481]]],[[[134.3758666186496,-6.386155007847253],[134.3757488353405,-6.386122884963167],[134.375552530425,-6.385087819247452],[134.3758880342054,-6.385962271441573],[134.3758666186496,-6.386155007847253]]],[[[134.3750523337982,-6.387294421899962],[134.3745851692702,-6.385739131655547],[134.3749934992506,-6.384549557915679],[134.375601609127,-6.386382041697817],[134.3750523337982,-6.387294421899962]]],[[[134.3700058483912,-6.385299838916384],[134.3704518878444,-6.387574319699033],[134.3696364716459,-6.388913208777484],[134.3684032807869,-6.385342669128828],[134.3700058483912,-6.385299838916384]]],[[[134.5173019320386,-6.386567380280343],[134.5168993424307,-6.386780184158151],[134.5165910071693,-6.389894638027086],[134.5161921893182,-6.387131599643573],[134.5170071351712,-6.385905518824567],[134.5170874347374,-6.384644824898692],[134.5175914615768,-6.383514563246421],[134.5173019320386,-6.386567380280343]]],[[[134.3751589673126,-6.384168395554982],[134.3750947206449,-6.384018489361746],[134.3754052412589,-6.383511663832201],[134.37534099639,-6.383879291396148],[134.3751589673126,-6.384168395554982]]],[[[134.3762723172138,-6.3838504996008],[134.3762937318703,-6.384728521204223],[134.3758761361749,-6.385121131934638],[134.3756298622284,-6.384007543713181],[134.3762723172138,-6.3838504996008]]],[[[134.3710111699296,-6.382687190561302],[134.370850556408,-6.382425450074417],[134.3714513700847,-6.382056633606651],[134.3714454210694,-6.382211299012201],[134.3710111699296,-6.382687190561302]]],[[[134.5177512800975,-6.383279343766705],[134.5174280026004,-6.383056462985318],[134.5179549378702,-6.381598307615802],[134.5180989580005,-6.381834143131097],[134.5177512800975,-6.383279343766705]]],[[[134.3747057296857,-6.384184554573461],[134.3735639189398,-6.389053690075722],[134.3749210183903,-6.395378820775902],[134.372883981111,-6.397479455412539],[134.373083403976,-6.398463412656311],[134.3690362173475,-6.390569899381297],[134.3747057296857,-6.384184554573461]]],[[[134.3763582429386,-6.381590683163444],[134.3761129852262,-6.381121141727223],[134.3764648197957,-6.379911710057299],[134.3769643077567,-6.380440919712597],[134.3763582429386,-6.381590683163444]]],[[[134.3548138609709,-6.378984368733568],[134.3550458590791,-6.379041475683493],[134.3550458590791,-6.38006583407094],[134.3544890654181,-6.379284181120041],[134.3548138609709,-6.378984368733568]]],[[[134.3530658846829,-6.378574981150357],[134.3551457962416,-6.380601213075447],[134.3594922862401,-6.382257795760608],[134.360628849442,-6.383989185852172],[134.3537093010435,-6.394990769608259],[134.3530658846829,-6.378574981150357]]],[[[134.5170504600108,-6.38188579929018],[134.516576901303,-6.380658507983731],[134.5175283687392,-6.378465773776369],[134.5176285379267,-6.380128048270776],[134.5170504600108,-6.38188579929018]]],[[[134.3434390225929,-6.379592601817111],[134.3423400879247,-6.379430076336926],[134.3431898159573,-6.377811429753669],[134.3438098967094,-6.379022070112387],[134.3434390225929,-6.379592601817111]]],[[[134.518527573089,-6.379614404081461],[134.5180817548692,-6.378935547237655],[134.5187498810022,-6.37756798237639],[134.518975600044,-6.37792437381071],[134.518527573089,-6.379614404081461]]],[[[134.5177887242703,-6.378041991644582],[134.5176308527818,-6.377651740735216],[134.5179023464163,-6.377403232872839],[134.5180320079709,-6.377742574959803],[134.5177887242703,-6.378041991644582]]],[[[134.7985624018335,-6.378880061765439],[134.7985612120303,-6.378077945640629],[134.7991786820507,-6.377310570326492],[134.7990382942819,-6.378380375953511],[134.7985624018335,-6.378880061765439]]],[[[134.3777808849799,-6.390458056094398],[134.377722792373,-6.387088476252138],[134.3762009326271,-6.382993893553283],[134.3799251052594,-6.376728185557282],[134.3777808849799,-6.390458056094398]]],[[[134.5182019105897,-6.377085457427859],[134.5179988346785,-6.376956682604788],[134.5182479585765,-6.37645373944851],[134.5182569158241,-6.37688472874716],[134.5182019105897,-6.377085457427859]]],[[[134.5168971858565,-6.378452774076208],[134.5162182993352,-6.377373387971445],[134.5168410960398,-6.376135817413945],[134.5174559319457,-6.376812318933371],[134.5168971858565,-6.378452774076208]]],[[[134.3823506262804,-6.378096429406614],[134.3830529212554,-6.379160136730881],[134.3815101127016,-6.3815525653985],[134.3820002432167,-6.375746959554433],[134.3823506262804,-6.378096429406614]]],[[[134.3453216543709,-6.376728667593915],[134.3449125473762,-6.376258906723179],[134.3455102440026,-6.375069602779852],[134.3456103817138,-6.37631632843572],[134.3453216543709,-6.376728667593915]]],[[[134.515863961053,-6.375569533207307],[134.5157287722651,-6.375100151850503],[134.5163453231781,-6.374495786751115],[134.5162767291878,-6.375326813381647],[134.515863961053,-6.375569533207307]]],[[[134.1211112577784,-6.37321565128122],[134.1213682399524,-6.373361988065244],[134.1212999904024,-6.373691079679559],[134.1207018531081,-6.373195403944702],[134.1211112577784,-6.37321565128122]]],[[[134.5178149691856,-6.376314078332061],[134.5167164302192,-6.375144102618239],[134.51782135707,-6.372911675033758],[134.5182247470744,-6.374551331578608],[134.5178149691856,-6.376314078332061]]],[[[134.5180231847222,-6.372633129815045],[134.5178558316813,-6.372572977760686],[134.5179410046738,-6.372314962265672],[134.518049614898,-6.37243270870245],[134.5180231847222,-6.372633129815045]]],[[[134.350334168787,-6.371963173561549],[134.3500593413656,-6.371920344248475],[134.3500379258097,-6.371727607842796],[134.3505804427333,-6.371759729827601],[134.350334168787,-6.371963173561549]]],[[[134.5183469451555,-6.371903629448886],[134.5181831156584,-6.371844113215256],[134.5183076852516,-6.37158415968118],[134.5183695487158,-6.371619198167426],[134.5183469451555,-6.371903629448886]]],[[[134.5207109282668,-6.371823895556331],[134.5205248918104,-6.371461404020521],[134.5207343331231,-6.371088456067379],[134.5208366813677,-6.37155808024115],[134.5207109282668,-6.371823895556331]]],[[[134.3608576918291,-6.372239787036519],[134.360647110176,-6.372000651009183],[134.3605721570794,-6.371054815127567],[134.3608612621376,-6.371411733564595],[134.3608576918291,-6.372239787036519]]],[[[134.5186299276291,-6.375908517364141],[134.5183703751927,-6.372445398136576],[134.5200014692924,-6.370172439906145],[134.5199399610605,-6.372432379550633],[134.5186299276291,-6.375908517364141]]],[[[134.3591281840186,-6.370560204190027],[134.3600929344415,-6.371879298290909],[134.360142871996,-6.377136511940388],[134.3572061907132,-6.375614888716078],[134.3591281840186,-6.370560204190027]]],[[[134.3509529823943,-6.371344306894215],[134.3524424728419,-6.368737078753187],[134.3541727423782,-6.367888392135582],[134.3538183249558,-6.368871661398038],[134.3509529823943,-6.371344306894215]]],[[[134.322637868243,-6.367554004413715],[134.3224572367122,-6.367401123263131],[134.3226894110875,-6.367031125086323],[134.3227427687638,-6.367279947711405],[134.322637868243,-6.367554004413715]]],[[[134.7710933500782,-6.366990693365774],[134.7794093180856,-6.368142091784072],[134.7741875907847,-6.376661751738392],[134.7870967319287,-6.398113804808218],[134.7740955919382,-6.418027672738872],[134.7648320640486,-6.393621629134819],[134.7710933500782,-6.366990693365774]]],[[[134.5224949988452,-6.367151734065216],[134.5222124777238,-6.367111896796533],[134.5225519798901,-6.366642955208216],[134.5226253978438,-6.366693906298674],[134.5224949988452,-6.367151734065216]]],[[[134.5188643512089,-6.370074642230942],[134.5190585813885,-6.367708258829089],[134.5211789408555,-6.365479565229729],[134.5204399787222,-6.368208860150729],[134.5188643512089,-6.370074642230942]]],[[[134.521183888026,-6.366957177431746],[134.5211753723457,-6.366191381327172],[134.5218778786613,-6.365333503638197],[134.5216177461621,-6.366552252284555],[134.521183888026,-6.366957177431746]]],[[[134.3451533588405,-6.368199282370916],[134.3438312942789,-6.367988423726771],[134.3452090772372,-6.364363446315994],[134.3459175730376,-6.367148697954032],[134.3451533588405,-6.368199282370916]]],[[[134.5224407067733,-6.364748868765239],[134.5218982051381,-6.364742713805142],[134.5218814399765,-6.364539165749842],[134.5224411618302,-6.36425699986061],[134.5224407067733,-6.364748868765239]]],[[[134.5239871890576,-6.364523323292718],[134.5238428676542,-6.364009531614538],[134.5245699659313,-6.362998191813033],[134.5245995752104,-6.363393799084508],[134.5239871890576,-6.364523323292718]]],[[[134.5210008067419,-6.364872958120475],[134.5212217656721,-6.36291029477423],[134.522964114902,-6.360849193435473],[134.52216364004,-6.363712090740385],[134.5210008067419,-6.364872958120475]]],[[[134.324776563088,-6.363376051863304],[134.3236768792845,-6.361658780228455],[134.326587625019,-6.359078936443722],[134.3270458439907,-6.360868861608608],[134.324776563088,-6.363376051863304]]],[[[134.52486560996,-6.358949207439916],[134.5243855689389,-6.361378609035543],[134.5227166799309,-6.363873179103922],[134.5234063358338,-6.361003131289404],[134.52486560996,-6.358949207439916]]],[[[134.3572334635536,-6.360503055171821],[134.3565107755519,-6.359996165790419],[134.3564390087533,-6.358633576878051],[134.3570771487914,-6.358965102057804],[134.3572334635536,-6.360503055171821]]],[[[134.523674480393,-6.359579056628099],[134.5230108445749,-6.359299246962617],[134.5234789129215,-6.358574421272482],[134.5238994700845,-6.358795165264634],[134.523674480393,-6.359579056628099]]],[[[134.6342787056977,-6.359890902842817],[134.6322630650884,-6.360213944717755],[134.6314389884186,-6.358822533433076],[134.6332585984056,-6.358902978689488],[134.6342787056977,-6.359890902842817]]],[[[134.7558726922709,-6.367950210633725],[134.7548483338836,-6.416328222969073],[134.7421981291404,-6.434085291802719],[134.7285481912461,-6.424003158718764],[134.7317337383214,-6.38477874834054],[134.7535407403129,-6.358447753560962],[134.7558726922709,-6.367950210633725]]],[[[134.5252936243014,-6.359610624630622],[134.5258980073873,-6.358083011022035],[134.5265443222627,-6.3575950820473],[134.5264785962102,-6.358140117972048],[134.5252936243014,-6.359610624630622]]],[[[134.5276532555933,-6.357387415097086],[134.5275390416934,-6.356752098930211],[134.5280119933589,-6.356253673068561],[134.5279780529448,-6.35676280715776],[134.5276532555933,-6.357387415097086]]],[[[134.526858515708,-6.357337446066217],[134.5265824993829,-6.356985285942133],[134.5274452010352,-6.355006518436016],[134.5275390416934,-6.355866939407732],[134.526858515708,-6.357337446066217]]],[[[134.528472981343,-6.355982343110592],[134.5282481220532,-6.355461240843566],[134.5291743266339,-6.354425927814215],[134.5291862237652,-6.354765001003918],[134.528472981343,-6.355982343110592]]],[[[134.3616817091437,-6.3620095796783],[134.3578469333893,-6.362502338911805],[134.3570409978438,-6.353947554136211],[134.3630211522045,-6.357282053224171],[134.3616817091437,-6.3620095796783]]],[[[134.3428816146949,-6.359340175109],[134.342295134413,-6.353937500615173],[134.3438922773068,-6.353320468564742],[134.3446003486274,-6.356427970674242],[134.3428816146949,-6.359340175109]]],[[[134.3567091039421,-6.36410087125812],[134.3478736335614,-6.366498191338436],[134.3532816266458,-6.35293088765028],[134.3561282749999,-6.354036874801831],[134.3567091039421,-6.36410087125812]]],[[[134.3353112044486,-6.352299229026118],[134.3420304621363,-6.357662827077774],[134.3345867007157,-6.36766282328061],[134.3308004559763,-6.361184679229463],[134.3353112044486,-6.352299229026118]]],[[[134.5290009238535,-6.353147873375668],[134.5280856990958,-6.352886970157527],[134.5288662153036,-6.352141394409808],[134.5290976540336,-6.352418634712168],[134.5290009238535,-6.353147873375668]]],[[[134.3283610008596,-6.353314679628745],[134.327697581778,-6.35288980482052],[134.3285920753641,-6.351604795924607],[134.3287344893052,-6.352902458281821],[134.3283610008596,-6.353314679628745]]],[[[134.3006052137597,-6.352627763060762],[134.3001906038133,-6.352092950629088],[134.3003925879476,-6.35106994662065],[134.3004658683053,-6.35120290239202],[134.3006052137597,-6.352627763060762]]],[[[134.3479430423376,-6.356265417315114],[134.3474818906768,-6.35450376593603],[134.3506084548164,-6.350937501664315],[134.349992009124,-6.35359388225181],[134.3479430423376,-6.356265417315114]]],[[[134.3480605450581,-6.35045657660969],[134.3483081679876,-6.351344995275258],[134.3472955898196,-6.352120574205137],[134.3470448516386,-6.351546426326474],[134.3480605450581,-6.35045657660969]]],[[[134.3458616208172,-6.350435241992773],[134.3452857786159,-6.3500076737151],[134.3452408547817,-6.349784302803289],[134.3460403799596,-6.349833368914818],[134.3458616208172,-6.350435241992773]]],[[[134.3009154798656,-6.350923662896672],[134.3007181353339,-6.350603976392292],[134.3009284399956,-6.349694053138037],[134.3009929699497,-6.350030520991704],[134.3009154798656,-6.350923662896672]]],[[[134.3570106106511,-6.3504774759547],[134.3565703079734,-6.35010662342184],[134.3569777017595,-6.34967463497638],[134.3572623030129,-6.350291222761654],[134.3570106106511,-6.3504774759547]]],[[[134.3102326721003,-6.351608924712052],[134.3089282774181,-6.350908982363616],[134.3091432207831,-6.348628092112722],[134.3105985423889,-6.350560692921618],[134.3102326721003,-6.351608924712052]]],[[[134.3534487350711,-6.349706988086971],[134.352771530282,-6.348993797825456],[134.3536708927975,-6.34828257707916],[134.3537712922113,-6.349337085238264],[134.3534487350711,-6.349706988086971]]],[[[134.2994391761771,-6.352001478785122],[134.2986695246789,-6.348673374776385],[134.2999446356365,-6.34802777935846],[134.3000411958446,-6.349752214992658],[134.2994391761771,-6.352001478785122]]],[[[134.546814766888,-6.348486957906711],[134.5464631121829,-6.348126767736132],[134.546831909765,-6.347880098088047],[134.5469100536561,-6.348059928323017],[134.546814766888,-6.348486957906711]]],[[[134.3520684070315,-6.348673495285499],[134.3517722503891,-6.348266070922363],[134.3521461857979,-6.347477871806254],[134.3523685575629,-6.348145265891318],[134.3520684070315,-6.348673495285499]]],[[[134.3511279481963,-6.348355719840518],[134.3507923320006,-6.347871924149987],[134.3512224345677,-6.347357992177542],[134.351354418172,-6.348005486064227],[134.3511279481963,-6.348355719840518]]],[[[134.5508655544019,-6.351845104667823],[134.5476247286983,-6.35180227535466],[134.5472535326245,-6.347219432730603],[134.5508798311393,-6.347819056604091],[134.5508655544019,-6.351845104667823]]],[[[134.5465566048036,-6.34740514543111],[134.5461286740991,-6.347313501816546],[134.546154077249,-6.347055455744658],[134.5464216309535,-6.347002188000576],[134.5465566048036,-6.34740514543111]]],[[[134.3437908796454,-6.347984650571074],[134.3432913062488,-6.347574137936077],[134.3433796772304,-6.346955190329665],[134.3437553159551,-6.347063082894947],[134.3437908796454,-6.347984650571074]]],[[[134.3478098275616,-6.349865469315911],[134.3469297402154,-6.348725175726226],[134.3482150180087,-6.346697182928621],[134.3484473641546,-6.348416145288808],[134.3478098275616,-6.349865469315911]]],[[[134.3041734403521,-6.354908093933335],[134.3022075403458,-6.35028373770428],[134.3030605958699,-6.34623417866436],[134.3077141809648,-6.352411182030408],[134.3041734403521,-6.354908093933335]]],[[[134.3609839476511,-6.347525598827345],[134.3605464211804,-6.34719432725637],[134.3607794723948,-6.346083696005759],[134.3614002168466,-6.346765712167794],[134.3609839476511,-6.347525598827345]]],[[[134.3020685591167,-6.354876989981032],[134.3012418618225,-6.349838638941988],[134.3024505947193,-6.346029832910442],[134.3016777146548,-6.349285188060953],[134.3020685591167,-6.354876989981032]]],[[[134.305272416389,-6.348665315052208],[134.3030724219548,-6.345844105820823],[134.3033945618097,-6.344842627085504],[134.3052114594414,-6.347769157720399],[134.305272416389,-6.348665315052208]]],[[[134.2991840106337,-6.344292637695029],[134.2994030279275,-6.345299250659834],[134.2981111940765,-6.345780873588395],[134.2980761672813,-6.344522930688682],[134.2991840106337,-6.344292637695029]]],[[[134.5326755240562,-6.344865126324421],[134.5328325681686,-6.343937135690218],[134.5332287492075,-6.343642083415339],[134.5331181038175,-6.344263121945452],[134.5326755240562,-6.344865126324421]]],[[[134.3301991036058,-6.343338637767885],[134.3309507632672,-6.343249153425638],[134.3308156338345,-6.345060924921667],[134.3334311519262,-6.347212510648762],[134.3310908983263,-6.350697817949839],[134.3301991036058,-6.343338637767885]]],[[[134.332253501398,-6.344637166172244],[134.3310301662093,-6.344601667233078],[134.331699072954,-6.342954534624016],[134.3321955913535,-6.343531831928465],[134.332253501398,-6.344637166172244]]],[[[134.5370568277104,-6.344105068793819],[134.5463262173811,-6.363867484596745],[134.5988426849421,-6.388021951851534],[134.6010366647103,-6.41623059616501],[134.6112894081797,-6.430898073787076],[134.5985607052124,-6.461376890231278],[134.5686658086801,-6.477114587168468],[134.5653683679559,-6.508474728425976],[134.5644275736737,-6.507016608129915],[134.5623791914466,-6.506237940928176],[134.5462739272,-6.537214408917772],[134.535886448201,-6.528006440244986],[134.515855513721,-6.530690030720247],[134.5062571619385,-6.498148549016295],[134.4888234263601,-6.488635273099312],[134.4962005084468,-6.465561600287532],[134.4948251797383,-6.462406435008886],[134.4953819742987,-6.460331545264601],[134.4942683860773,-6.458056780296121],[134.4847062472955,-6.447245477796474],[134.4879995700242,-6.437759168051097],[134.4997324303075,-6.429598447310506],[134.5175599250506,-6.405100245679733],[134.5199167549544,-6.37465177326069],[134.5370568277104,-6.344105068793819]]],[[[134.3083345935667,-6.349056675724966],[134.3057387562387,-6.348550044448923],[134.3041327945929,-6.343092291875755],[134.3074324674346,-6.343334157345452],[134.3083345935667,-6.349056675724966]]],[[[134.340264917592,-6.341227053885382],[134.3393268896243,-6.341237166761785],[134.3393333791322,-6.340578541066736],[134.3400370033052,-6.34048898118145],[134.340264917592,-6.341227053885382]]],[[[134.2993034334067,-6.339546718306347],[134.2991957440883,-6.34397323357783],[134.2977147909049,-6.344324569922914],[134.2968591048639,-6.339865656574676],[134.2993034334067,-6.339546718306347]]],[[[134.3642854632036,-6.339402742242743],[134.3633226373299,-6.338898396143992],[134.3640960587861,-6.33729978915392],[134.3652337452412,-6.337939637004623],[134.3642854632036,-6.339402742242743]]],[[[134.3694251777298,-6.337414878094076],[134.3690951076532,-6.337007422254696],[134.3693870383812,-6.336250202085107],[134.3695525927779,-6.337188891953786],[134.3694251777298,-6.337414878094076]]],[[[134.3050891039791,-6.337866942105634],[134.3066118648457,-6.340042740280153],[134.3084117473044,-6.339929246737323],[134.3110151884002,-6.343191942154362],[134.3113157103518,-6.350920642973249],[134.3050891039791,-6.337866942105634]]],[[[134.5227579066521,-6.334721329425789],[134.5221214006822,-6.33448933221679],[134.5216990466737,-6.333760622354826],[134.5221005813767,-6.333784415718195],[134.5227579066521,-6.334721329425789]]],[[[134.3008115470153,-6.337897940837215],[134.2993607067312,-6.336884013686265],[134.2996306148611,-6.333673210050587],[134.3004712912171,-6.334607165887966],[134.3008115470153,-6.337897940837215]]],[[[134.3356581431089,-6.333545884934625],[134.3352169024381,-6.333439995159632],[134.3352184663591,-6.332897778609573],[134.3357803070156,-6.333017438803682],[134.3356581431089,-6.333545884934625]]],[[[134.2994927892609,-6.333217921070204],[134.2990183717005,-6.333047675809559],[134.2993357325581,-6.332358382333395],[134.2995811431553,-6.332647038629861],[134.2994927892609,-6.333217921070204]]],[[[134.3280712312024,-6.337085942961877],[134.3256796344077,-6.333795332588447],[134.327784834003,-6.331338792151512],[134.3301838331174,-6.335466120065351],[134.3280712312024,-6.337085942961877]]],[[[134.306187859682,-6.331737220596238],[134.3076163823902,-6.334659147601566],[134.3069681186838,-6.33984534358765],[134.3028203689649,-6.331560279882956],[134.306187859682,-6.331737220596238]]],[[[134.2984908545693,-6.332447695804503],[134.2971753190858,-6.331677046058796],[134.2972309709327,-6.330218528262392],[134.2985993442844,-6.331611130249452],[134.2984908545693,-6.332447695804503]]],[[[134.3655950829468,-6.332689947982643],[134.3646266084313,-6.33206201884711],[134.3658073814056,-6.329917943358313],[134.3660461882811,-6.331283168183591],[134.3655950829468,-6.332689947982643]]],[[[134.2983322681198,-6.338997019396845],[134.2963152092796,-6.336755515854334],[134.2960057471676,-6.329524319091976],[134.2965677146284,-6.331803425987274],[134.2985345292452,-6.33358127505577],[134.2983322681198,-6.338997019396845]]],[[[134.3675082916745,-6.336165939206654],[134.3675879329367,-6.330423919927934],[134.3710651553327,-6.328959575423968],[134.3702632757295,-6.333602580894374],[134.3675082916745,-6.336165939206654]]],[[[134.3060987764374,-6.330744917643808],[134.3044395848191,-6.33131087179926],[134.3019166312477,-6.329195916358436],[134.3038912771608,-6.329354036059857],[134.3060987764374,-6.330744917643808]]],[[[134.5256544511921,-6.329597206445906],[134.5339429853806,-6.33240850334971],[134.5382808149077,-6.338029827314599],[134.5260821498714,-6.336190229895137],[134.5256544511921,-6.329597206445906]]],[[[134.3252514078263,-6.330679699708312],[134.3235438227893,-6.329365868440088],[134.3238029624369,-6.32779736085947],[134.3258075818545,-6.328814769286132],[134.3252514078263,-6.330679699708312]]],[[[134.5190084720634,-6.331115375374256],[134.5173190542311,-6.329378368117115],[134.516913355667,-6.327065532148505],[134.5190739067354,-6.330740609891165],[134.5190084720634,-6.331115375374256]]],[[[134.5183975446111,-6.326557992557261],[134.5206014016335,-6.328568875752953],[134.5224359664468,-6.333901248443822],[134.5199375319915,-6.332680584241571],[134.5183975446111,-6.326557992557261]]],[[[134.5162697117778,-6.327641600079729],[134.5160127296038,-6.326470904908258],[134.5163506138898,-6.325533396748798],[134.5164743462142,-6.325738031185128],[134.5162697117778,-6.327641600079729]]],[[[134.788190098894,-6.329351791352059],[134.7879461793727,-6.326871179661157],[134.791981449984,-6.325493272596442],[134.7917152713428,-6.327212655839335],[134.788190098894,-6.329351791352059]]],[[[134.3000662266751,-6.329091663349543],[134.2984485540576,-6.327760358253868],[134.2987590737723,-6.324670151905901],[134.3006971019897,-6.328464977976259],[134.3000662266751,-6.329091663349543]]],[[[134.5213100404261,-6.324436266120762],[134.5210387824139,-6.324374399958614],[134.5209150500896,-6.324084105996589],[134.5213100404261,-6.324217354946952],[134.5213100404261,-6.324436266120762]]],[[[134.3727980886609,-6.32316477223636],[134.3727194141697,-6.322805675641322],[134.3731833897017,-6.322280456278032],[134.373188833298,-6.322452894985079],[134.3727980886609,-6.32316477223636]]],[[[134.5400274646958,-6.32271678844896],[134.5398061748152,-6.322438390719113],[134.5398704205835,-6.322074332564379],[134.5401416785957,-6.322259931050914],[134.5400274646958,-6.32271678844896]]],[[[134.5409827686399,-6.334086229096129],[134.5355743043108,-6.328396323731304],[134.5388186994235,-6.320804652612625],[134.5442164573238,-6.331016725141651],[134.5409827686399,-6.334086229096129]]],[[[134.3606228167896,-6.322492905822922],[134.3600955100997,-6.321666840752086],[134.3601730316601,-6.320657779832643],[134.3604747461127,-6.321135874720766],[134.3606228167896,-6.322492905822922]]],[[[134.3762665669485,-6.32244954501047],[134.3760751435531,-6.321869825831764],[134.3772979373501,-6.319970561092506],[134.3774527988077,-6.320404378759007],[134.3762665669485,-6.32244954501047]]],[[[134.3598418140486,-6.319957790719392],[134.3596290452443,-6.320669873915533],[134.3594510100561,-6.320706404377034],[134.3593291546169,-6.320085012413371],[134.3598418140486,-6.319957790719392]]],[[[134.3264447353363,-6.325499818761563],[134.323368079973,-6.325464729013922],[134.3232968482709,-6.31940691639599],[134.3259800088704,-6.322206053566485],[134.3264447353363,-6.325499818761563]]],[[[134.5170370628103,-6.319865380882542],[134.516708954155,-6.319388999202928],[134.5167182162727,-6.318575712598999],[134.5170037510223,-6.319327623171204],[134.5170370628103,-6.319865380882542]]],[[[134.3748537850741,-6.318794228071115],[134.3748004993437,-6.318466257911463],[134.3752358809312,-6.318220850911497],[134.3751734679812,-6.318435610814691],[134.3748537850741,-6.318794228071115]]],[[[134.3366590273922,-6.318836590636127],[134.3364419949022,-6.31776724726059],[134.3367107393092,-6.317493393805033],[134.3371504151596,-6.31832502118275],[134.3366590273922,-6.318836590636127]]],[[[134.3577327356772,-6.321072382584329],[134.356070031307,-6.319295368086734],[134.3568466750341,-6.31724692290712],[134.3582869509821,-6.319585324802882],[134.3577327356772,-6.321072382584329]]],[[[134.5405695859178,-6.316214356407349],[134.5400913138631,-6.318034642684526],[134.5394060286653,-6.318834141782207],[134.5397058410518,-6.316328570307198],[134.5405695859178,-6.316214356407349]]],[[[134.5291881150395,-6.327446362659454],[134.522855842823,-6.325060383929574],[134.5290430903664,-6.315645029794296],[134.5300781560821,-6.319957803309943],[134.5315212990688,-6.322911903561471],[134.5291881150395,-6.327446362659454]]],[[[134.5402792919558,-6.315913591638881],[134.5400032738321,-6.315804136951345],[134.5402888085818,-6.315437700089691],[134.5404030242802,-6.315670887101702],[134.5402792919558,-6.315913591638881]]],[[[134.3832685247227,-6.315059804965965],[134.3832958892939,-6.315317976943006],[134.38292469322,-6.315342961008844],[134.3828568780425,-6.315068132688121],[134.3832685247227,-6.315059804965965]]],[[[134.5293916810813,-6.315556989763208],[134.5292156010193,-6.315128686739494],[134.5295582427187,-6.314895499727483],[134.5295296901431,-6.315395187337972],[134.5293916810813,-6.315556989763208]]],[[[134.3822330156412,-6.316150275214997],[134.3794600046756,-6.318041967662661],[134.3791883410692,-6.317921525957607],[134.3820149723132,-6.314875184941807],[134.3822330156412,-6.316150275214997]]],[[[134.3603111567346,-6.325508684278328],[134.3529341627815,-6.341561218575346],[134.3385160356866,-6.338660666656341],[134.3486358575589,-6.314959652865663],[134.3603111567346,-6.325508684278328]]],[[[134.3454660108477,-6.3157544745893],[134.3454866269064,-6.321289660589339],[134.3398153474004,-6.324324082890057],[134.3404964534486,-6.3174587537185],[134.3454660108477,-6.3157544745893]]],[[[134.5288158523698,-6.314476715128218],[134.528339959022,-6.314176902741834],[134.5284256203462,-6.313662939293144],[134.5289062711076,-6.313877090355361],[134.5288158523698,-6.314476715128218]]],[[[134.5278549258641,-6.313640830359971],[134.5226165431191,-6.32393199916235],[134.5183412641382,-6.322513231400499],[134.5171125033394,-6.317734144115476],[134.5209434362906,-6.31911423113685],[134.5278549258641,-6.313640830359971]]],[[[134.3869800735716,-6.314174866676651],[134.3867687131056,-6.313857491430034],[134.3875125432693,-6.313181328055765],[134.3875077840571,-6.313554903735755],[134.3869800735716,-6.314174866676651]]],[[[134.5324490405908,-6.312279658779189],[134.5324633173283,-6.312431944578537],[134.532049291042,-6.312536640953129],[134.5322110952659,-6.312308213153432],[134.5324490405908,-6.312279658779189]]],[[[134.3467119271138,-6.315529760989661],[134.3433150141767,-6.314089493135525],[134.3437748447334,-6.312382710293799],[134.3459301797341,-6.312611561674223],[134.3467119271138,-6.315529760989661]]],[[[134.5317875496557,-6.311994124029566],[134.5318256215553,-6.311442088681377],[134.533120049051,-6.311242214356642],[134.5330343877268,-6.311494437318358],[134.5317875496557,-6.311994124029566]]],[[[134.5427967605622,-6.311206184817556],[134.5425528671212,-6.311075314574025],[134.5430347067863,-6.309867738205525],[134.5432250635858,-6.31082547121851],[134.5427967605622,-6.311206184817556]]],[[[134.4942352118855,-6.318271973772553],[134.4933807983851,-6.316570409696602],[134.4957842410499,-6.309777297883982],[134.4969406585845,-6.311861706052894],[134.4942352118855,-6.318271973772553]]],[[[134.3590622520215,-6.319055961363488],[134.357199094163,-6.31326161593078],[134.3604762371886,-6.308731513148728],[134.3600928310194,-6.312206131108037],[134.3619235170568,-6.316080909606185],[134.3590622520215,-6.319055961363488]]],[[[134.4962339587303,-6.30999263874921],[134.49593652595,-6.309498901053415],[134.4965819100272,-6.308245891834455],[134.4967990810129,-6.308624448859205],[134.4962339587303,-6.30999263874921]]],[[[134.3212256448477,-6.330479408997451],[134.3219670972038,-6.338197392595538],[134.324903089606,-6.342169974164928],[134.3243148430556,-6.344781120652136],[134.3271064268203,-6.353386543554133],[134.3288046274316,-6.355466409247316],[134.3206102036981,-6.362468858950691],[134.316183709111,-6.361722415357089],[134.3113569667507,-6.343257411000617],[134.3077274036967,-6.338271866353543],[134.3075584291782,-6.331504431983851],[134.2994976977605,-6.322267657126605],[134.3130959219393,-6.307350531301984],[134.3212256448477,-6.330479408997451]]],[[[134.5354721458229,-6.309484268184366],[134.531492497381,-6.311310505275606],[134.5292795985747,-6.314005243746993],[134.5286133493267,-6.313148637699476],[134.5328428411243,-6.307053648906694],[134.5354721458229,-6.309484268184366]]],[[[134.5063714270998,-6.308321842279144],[134.50530066999,-6.307364109266159],[134.5050062013752,-6.305778063107041],[134.5057865188328,-6.306746457582938],[134.5063714270998,-6.308321842279144]]],[[[134.309309588167,-6.308460354961357],[134.3095008739663,-6.306948302322261],[134.3106185550023,-6.305624038918171],[134.3108575012727,-6.306526085910117],[134.309309588167,-6.308460354961357]]],[[[134.5421848429562,-6.309986810243088],[134.53479661737,-6.328232516717217],[134.5300074954496,-6.327418837109614],[134.5319519709068,-6.322747860025649],[134.5299256220698,-6.315170703964749],[134.5441407595885,-6.303819247959889],[134.5421848429562,-6.309986810243088]]],[[[134.5421536733534,-6.304051482589816],[134.5417182306119,-6.303965823064209],[134.5421037043226,-6.30353038122207],[134.5424606227595,-6.303744533183568],[134.5421536733534,-6.304051482589816]]],[[[134.3567619786824,-6.314909082188328],[134.3493280288656,-6.314096327983147],[134.356830721061,-6.303481133447501],[134.3605576222366,-6.306871598245571],[134.3572907818442,-6.312221478938066],[134.3567619786824,-6.314909082188328]]],[[[134.3401703718653,-6.302782642604824],[134.3399701126307,-6.302707243444487],[134.3399073471464,-6.302103131054596],[134.340312214737,-6.30238794634657],[134.3401703718653,-6.302782642604824]]],[[[134.497233992255,-6.303442893374792],[134.4965599332943,-6.302188394878509],[134.4966615458937,-6.302001471690558],[134.497094773605,-6.302436495347922],[134.497233992255,-6.303442893374792]]],[[[134.4954701519261,-6.320199336929803],[134.4944350871096,-6.318307666065851],[134.4970834268587,-6.312147240802427],[134.4982414550791,-6.301739952436839],[134.5004794539638,-6.304914420763889],[134.4969692120595,-6.314160265284023],[134.497554560095,-6.316644423001686],[134.4954701519261,-6.320199336929803]]],[[[134.347940831804,-6.31332077423428],[134.3451558661503,-6.311230731812748],[134.3521699323965,-6.301570234178903],[134.3538183240564,-6.304851702044338],[134.347940831804,-6.31332077423428]]],[[[134.3385607050126,-6.301518658958897],[134.3397567853474,-6.302715299571363],[134.3406332178488,-6.305687804448538],[134.3388259816338,-6.305007093202767],[134.3385607050126,-6.301518658958897]]],[[[134.7457616468826,-6.301338959125661],[134.7454847060544,-6.301156249261445],[134.745702655853,-6.300846604587099],[134.7460007010716,-6.301000501971536],[134.7457616468826,-6.301338959125661]]],[[[134.5013833229821,-6.30178475666117],[134.5031357212367,-6.303355873174946],[134.50152381777,-6.305291687261486],[134.4985124603818,-6.300905831239038],[134.5013833229821,-6.30178475666117]]],[[[134.3413047272315,-6.315330728430339],[134.3367503796265,-6.310980221160171],[134.3359735362497,-6.300613949973747],[134.3424735895845,-6.312167802901739],[134.3413047272315,-6.315330728430339]]],[[[134.7170646706981,-6.308320085903211],[134.727964792941,-6.306511080721736],[134.7149996519125,-6.312960744142941],[134.6961985969877,-6.305379667038017],[134.7064572606941,-6.30034799616304],[134.7170646706981,-6.308320085903211]]],[[[134.3289547989249,-6.301038902123572],[134.3285199848095,-6.300840470311434],[134.3286167842373,-6.300261109962228],[134.3291588901706,-6.300507734644238],[134.3289547989249,-6.301038902123572]]],[[[134.3333066425876,-6.304161100054698],[134.3319484936281,-6.302260680585884],[134.3319879010209,-6.300118873187425],[134.3333658890246,-6.30201284002048],[134.3333066425876,-6.304161100054698]]],[[[134.7461426563585,-6.300494284383688],[134.7458432972304,-6.300245370027805],[134.7459847354073,-6.299889246591376],[134.7461033658778,-6.299951496764126],[134.7461426563585,-6.300494284383688]]],[[[134.4950160329635,-6.300119867837565],[134.4948668003626,-6.299968952604988],[134.4953797448794,-6.299834869983182],[134.4953008518529,-6.300031083167904],[134.4950160329635,-6.300119867837565]]],[[[134.3543878161449,-6.304291634851004],[134.3524962199247,-6.300998933553873],[134.3541279822207,-6.299658242234044],[134.3556500937769,-6.302461450635447],[134.3543878161449,-6.304291634851004]]],[[[134.4972178440283,-6.300142808643709],[134.497492468203,-6.302476626694879],[134.4948467922457,-6.300875496207129],[134.4959921517165,-6.299680852089543],[134.4972178440283,-6.300142808643709]]],[[[134.4953810893659,-6.299510811874391],[134.4949785618112,-6.299276795687518],[134.4955380723243,-6.299042149075865],[134.4955218386619,-6.299309181173721],[134.4953810893659,-6.299510811874391]]],[[[134.5009771315894,-6.301066185755814],[134.4989211878626,-6.300329971950606],[134.4990667979944,-6.298815974077935],[134.5001421038751,-6.299776348399692],[134.5009771315894,-6.301066185755814]]],[[[134.485502171588,-6.299059378287612],[134.4860907787666,-6.298076221440389],[134.4867829536704,-6.298071248189511],[134.4868391666943,-6.298368120692181],[134.485502171588,-6.299059378287612]]],[[[134.4986452857514,-6.299397896595663],[134.4977380074032,-6.299804089786835],[134.4957891252679,-6.299279245440807],[134.4971578196777,-6.297929337868594],[134.4986452857514,-6.299397896595663]]],[[[134.335232422938,-6.300544729155869],[134.3340135178097,-6.299330496005576],[134.3341228456928,-6.297781572961173],[134.3353251529335,-6.299480069449607],[134.335232422938,-6.300544729155869]]],[[[134.5049850709044,-6.298776687194322],[134.5046466209449,-6.298171421873614],[134.5054213392235,-6.297521982753266],[134.5055736484052,-6.297787850229034],[134.5049850709044,-6.298776687194322]]],[[[134.508433551867,-6.29795074533062],[134.5104262183953,-6.301137403068661],[134.5106284723262,-6.302874410325713],[134.5113542638883,-6.306129591007784],[134.51242496524,-6.308763575778346],[134.5123447511095,-6.309446059587901],[134.508433551867,-6.29795074533062]]],[[[134.5072343436901,-6.297913366808387],[134.5070130538095,-6.297902660379399],[134.5069952076628,-6.297363711965679],[134.5073021579683,-6.29759570917459],[134.5072343436901,-6.297913366808387]]],[[[134.3303994689604,-6.299896876439685],[134.3283399882001,-6.299874441951906],[134.3277526202873,-6.297479425934752],[134.329495415581,-6.297707807869005],[134.3303994689604,-6.299896876439685]]],[[[134.5065357988881,-6.300792381763002],[134.505637674739,-6.298959325112711],[134.5059757280974,-6.296832759424279],[134.5068957462418,-6.298315020221938],[134.5065357988881,-6.300792381763002]]],[[[134.4835535700413,-6.298271594658348],[134.4829804096182,-6.29791484709246],[134.4840663086134,-6.296872819724778],[134.4843001098622,-6.297571279091211],[134.4835535700413,-6.298271594658348]]],[[[134.5075174988335,-6.297423197622435],[134.5072022208059,-6.297081151274123],[134.5074312439569,-6.296593360794914],[134.5077494969418,-6.296813461771825],[134.5075174988335,-6.297423197622435]]],[[[134.3334887678924,-6.298764475300248],[134.3322253229404,-6.297038539596914],[134.3324887577501,-6.296490486446763],[134.333606482853,-6.297286231774172],[134.3334887678924,-6.298764475300248]]],[[[134.3296445492566,-6.296155272247964],[134.3294835427314,-6.296133086872472],[134.3294334423995,-6.295892288897934],[134.3295769517151,-6.29595040308855],[134.3296445492566,-6.296155272247964]]],[[[134.4810124807415,-6.297326700366916],[134.4797899027818,-6.296598987852934],[134.4805452595562,-6.295556639427317],[134.481327132841,-6.296261296921272],[134.4810124807415,-6.297326700366916]]],[[[134.5064784500205,-6.295760913235497],[134.506913420618,-6.295874396885796],[134.5071444834313,-6.296513481212144],[134.5056480709018,-6.295522672932989],[134.5064784500205,-6.295760913235497]]],[[[134.3305978540078,-6.296277785091656],[134.3302002079732,-6.295737365387114],[134.3304211624068,-6.295271234180059],[134.3306572497323,-6.296224154021405],[134.3305978540078,-6.296277785091656]]],[[[134.8270956627347,-6.295606403412783],[134.8338033632346,-6.305881153292584],[134.8296219878644,-6.320964904606611],[134.8031284739,-6.356076231432865],[134.7910030379599,-6.36119147810417],[134.7870730320948,-6.333983357445997],[134.8270956627347,-6.295606403412783]]],[[[134.333519423083,-6.314269766736284],[134.3339940816616,-6.325294714879152],[134.3203509309508,-6.314473230255294],[134.3219721810713,-6.295213878117937],[134.333519423083,-6.314269766736284]]],[[[134.3278557680293,-6.29430465363681],[134.3275901964305,-6.294315619969807],[134.3275479939448,-6.294179880796839],[134.3277232106577,-6.294132051253135],[134.3278557680293,-6.29430465363681]]],[[[134.3390684793269,-6.300911426820814],[134.3369748683955,-6.299954737021433],[134.3367897357577,-6.296683943209373],[134.3359370597476,-6.294092175313607],[134.3390684793269,-6.300911426820814]]],[[[134.3238390693177,-6.293980028055816],[134.3235594314227,-6.293945745000044],[134.3234833325899,-6.293807136090449],[134.3237575187945,-6.293688767322684],[134.3238390693177,-6.293980028055816]]],[[[134.4943619263618,-6.293929490653375],[134.4935099284405,-6.295604978886597],[134.4891461031102,-6.297401421438379],[134.4910893114227,-6.295031605324279],[134.4943619263618,-6.293929490653375]]],[[[134.4844348912573,-6.29608390025174],[134.4826816206603,-6.297764130610143],[134.4814923661799,-6.297615955611827],[134.4837256346305,-6.29336096083957],[134.4844348912573,-6.29608390025174]]],[[[134.4772727912064,-6.296864287856589],[134.4758273279689,-6.295410448333508],[134.4770229478509,-6.293205867356803],[134.4779092971764,-6.295686454766062],[134.4772727912064,-6.296864287856589]]],[[[134.3242180256415,-6.293570802350582],[134.3238877810963,-6.29334706091809],[134.3241621228838,-6.293107141581248],[134.3242016121148,-6.293155248116093],[134.3242180256415,-6.293570802350582]]],[[[134.4791162152412,-6.29766759918036],[134.4778939502457,-6.296628932579188],[134.4806337798251,-6.293045252936017],[134.4808776750647,-6.293402172272414],[134.4797176872215,-6.296465728110848],[134.4797474313988,-6.297423461123834],[134.4791162152412,-6.29766759918036]]],[[[134.4877392603587,-6.293766921106484],[134.4878418712055,-6.292842647370182],[134.4881613706509,-6.292580064218515],[134.4883699369232,-6.293086271913832],[134.4877392603587,-6.293766921106484]]],[[[134.3254480481889,-6.294109454887379],[134.3246833708409,-6.29339612613025],[134.3254614849597,-6.292452996308632],[134.3257004393239,-6.293366345080712],[134.3254480481889,-6.294109454887379]]],[[[134.3287312292629,-6.292821660790952],[134.3281327852999,-6.292453412694758],[134.3284752903025,-6.291930903888047],[134.3285542723619,-6.292024288589974],[134.3287312292629,-6.292821660790952]]],[[[134.4890176088757,-6.29590307356798],[134.4888973740146,-6.291736203363011],[134.4923094756019,-6.292440584765106],[134.4922773257381,-6.293545846163776],[134.4890176088757,-6.29590307356798]]],[[[134.3295996811804,-6.291575410876486],[134.329480628928,-6.291579608012458],[134.3294550171354,-6.291404100818524],[134.3295414123064,-6.291409174793542],[134.3295996811804,-6.291575410876486]]],[[[134.3265793359676,-6.291878066019833],[134.3263564389985,-6.291657292350087],[134.3264557169579,-6.291346477657792],[134.3264980237649,-6.291400240029058],[134.3265793359676,-6.291878066019833]]],[[[134.3376729149732,-6.294184800088391],[134.3372061794217,-6.292425963587237],[134.3378205953443,-6.29134126698581],[134.3381980821759,-6.292189772839744],[134.3376729149732,-6.294184800088391]]],[[[134.3283430890624,-6.291481280636527],[134.3281569401908,-6.29124359431639],[134.3282393486671,-6.290867741552989],[134.3283857259206,-6.291277809922916],[134.3283430890624,-6.291481280636527]]],[[[134.7418354577402,-6.291237909701745],[134.7414481341242,-6.291098935667331],[134.7415842213348,-6.290671091297798],[134.7418357140471,-6.290720367850681],[134.7418354577402,-6.291237909701745]]],[[[134.4893919570733,-6.290896474892341],[134.4891211990841,-6.290429783407684],[134.4896671819949,-6.289681204823675],[134.4898843952488,-6.290012157135364],[134.4893919570733,-6.290896474892341]]],[[[134.4956953943271,-6.291010658215227],[134.495415516313,-6.291205438779882],[134.4936670606864,-6.290881488589743],[134.4947502797017,-6.289652862689436],[134.4956953943271,-6.291010658215227]]],[[[134.4755608201758,-6.294995404913965],[134.4735464314228,-6.291903209265629],[134.4746421788936,-6.289365316156363],[134.4752820816028,-6.290862887012575],[134.4753889039748,-6.293322048973308],[134.4758213240949,-6.294073673561122],[134.4755608201758,-6.294995404913965]]],[[[134.483097049889,-6.292362281693879],[134.4837137977536,-6.291486574046149],[134.4814998683244,-6.296191055372872],[134.4827419948473,-6.28857962974612],[134.482657215758,-6.291462914681726],[134.483097049889,-6.292362281693879]]],[[[134.3357699648122,-6.288606421449109],[134.3369274345535,-6.289876066327319],[134.3352797452641,-6.294436166895493],[134.335978649795,-6.300234736443925],[134.3336330326385,-6.296404317904861],[134.3295573392999,-6.29244162438141],[134.3357699648122,-6.288606421449109]]],[[[134.3289703023377,-6.290826814305976],[134.3275472951716,-6.29018331161049],[134.3270972186617,-6.288678899611425],[134.3287186243651,-6.288816668554346],[134.3289703023377,-6.290826814305976]]],[[[134.4686516076856,-6.289069456290334],[134.4684231493089,-6.288698910426297],[134.4684629479068,-6.288455842563038],[134.4687479205801,-6.288815139706897],[134.4686516076856,-6.289069456290334]]],[[[134.4832866341709,-6.288922529551026],[134.4827194776219,-6.288218087894374],[134.4827904377286,-6.287881764831552],[134.4829797360261,-6.287867819044538],[134.4832866341709,-6.288922529551026]]],[[[134.4655490419548,-6.288553784129717],[134.4661972633931,-6.290080931889434],[134.4660185699012,-6.29077614830054],[134.4648455346937,-6.288603947414177],[134.4639605910085,-6.289267344012631],[134.4645247519159,-6.28735133569556],[134.4655490419548,-6.288553784129717]]],[[[134.4679494566023,-6.287785362904134],[134.4677406511103,-6.287536390092256],[134.4679951070885,-6.287344425304901],[134.4680653297512,-6.28774307858018],[134.4679494566023,-6.287785362904134]]],[[[134.3145249752474,-6.287441035875111],[134.3166369323486,-6.290372536163583],[134.3166654858236,-6.291371909585911],[134.3142108438554,-6.288015279981155],[134.3145249752474,-6.287441035875111]]],[[[134.5063919802058,-6.288459304952968],[134.5043514535567,-6.289656504044387],[134.5018982738862,-6.294612642659273],[134.5008022053576,-6.294509830364329],[134.5019049045877,-6.287647316070703],[134.5063919802058,-6.288459304952968]]],[[[134.4648379291271,-6.287107352322411],[134.4647244526713,-6.287072800369379],[134.4647223005937,-6.286867306181224],[134.46484790081,-6.286922581212088],[134.4648379291271,-6.287107352322411]]],[[[134.4849880552546,-6.287696672663293],[134.4845502338064,-6.287111326426568],[134.4848452869804,-6.286678264190452],[134.4851450993669,-6.287097048789717],[134.4849880552546,-6.287696672663293]]],[[[134.4752135910345,-6.285945932758511],[134.4748296650571,-6.285657210811538],[134.4750055418723,-6.284939372853752],[134.4752763358343,-6.285355187891621],[134.4752135910345,-6.285945932758511]]],[[[134.4842906507931,-6.284620966983993],[134.4839145875882,-6.290681324683404],[134.4831278300853,-6.292065695175689],[134.4834587140484,-6.288857567922416],[134.4832024810097,-6.287992304101556],[134.4828298379267,-6.2877149064178],[134.4807227983185,-6.292900051995768],[134.4831071034101,-6.284444535287007],[134.4842906507931,-6.284620966983993]]],[[[134.4632790487891,-6.289936602392191],[134.4616752626034,-6.289072771191399],[134.4634967162006,-6.284294486101575],[134.4642225113598,-6.287305796725099],[134.4632790487891,-6.289936602392191]]],[[[134.4921642332928,-6.284901272175939],[134.4919356184341,-6.284674903823698],[134.4922666912548,-6.284123991728822],[134.4923877480961,-6.284559441664842],[134.4921642332928,-6.284901272175939]]],[[[134.4917762360846,-6.291705088618897],[134.4899043017422,-6.290532955431497],[134.4928999506723,-6.283675139196258],[134.4950186787691,-6.286713211845178],[134.4917762360846,-6.291705088618897]]],[[[134.304096179595,-6.283515067066573],[134.3048304310796,-6.283705434658041],[134.3047137620306,-6.285040747132679],[134.3037950263195,-6.284171802386743],[134.304096179595,-6.283515067066573]]],[[[134.3161913137781,-6.283538775893741],[134.3154867363239,-6.283335741351318],[134.315714843965,-6.282572287081293],[134.3163394779846,-6.28280426000856],[134.3161913137781,-6.283538775893741]]],[[[134.3301563606276,-6.291192986766862],[134.3281416400247,-6.287139662265488],[134.3318824213368,-6.282384198372063],[134.3350519146143,-6.286978891362675],[134.3301563606276,-6.291192986766862]]],[[[134.3282870612989,-6.284172372556877],[134.3264051022138,-6.287687941145562],[134.3231857541194,-6.283046289154885],[134.3256467174222,-6.281961390205896],[134.3282870612989,-6.284172372556877]]],[[[134.4674581650624,-6.286427133005716],[134.4671663062801,-6.290059305892174],[134.464078314063,-6.281897935841022],[134.4664825121582,-6.284625451003726],[134.4674581650624,-6.286427133005716]]],[[[134.8675330517091,-6.282859558421786],[134.8759755822074,-6.289780053806363],[134.8925905651025,-6.287931450575871],[134.9083735303143,-6.320944251675868],[134.900918677555,-6.351533413136482],[134.854346565042,-6.429781433266494],[134.856808229816,-6.448845237717452],[134.8443115654264,-6.477307903636812],[134.8056763548799,-6.456970106085506],[134.8027791241573,-6.438181881788355],[134.8140332420406,-6.429323117168088],[134.8050907703229,-6.425888516341941],[134.7967492516767,-6.389954311642113],[134.8445232001856,-6.325415528903448],[134.8519915877416,-6.283749508632822],[134.8675330517091,-6.282859558421786]]],[[[134.3148005572,-6.300711017399489],[134.3072956688601,-6.284698922916902],[134.3099380973654,-6.281771082869073],[134.3178123201825,-6.294586708010089],[134.3148005572,-6.300711017399489]]],[[[134.3067673378424,-6.28687198805176],[134.3046039323256,-6.283135552263878],[134.3060791199555,-6.281622021139269],[134.307257031287,-6.282814324321587],[134.3067673378424,-6.28687198805176]]],[[[134.3843012557984,-6.281910662147342],[134.386963442409,-6.28440330766649],[134.3849447162258,-6.286454562328085],[134.3834150647535,-6.285355062885837],[134.3818357086511,-6.285324895127768],[134.3843012557984,-6.281910662147342]]],[[[134.3074695851533,-6.282524819065109],[134.306905795666,-6.281434032254722],[134.3078023828738,-6.280632425146297],[134.3082485671177,-6.281595709674174],[134.3074695851533,-6.282524819065109]]],[[[134.3651535392046,-6.325622039325633],[134.3616196199496,-6.305052572817952],[134.3664104496825,-6.299426804403455],[134.3724304700903,-6.289147622664596],[134.3745886577404,-6.283629835848251],[134.380282460767,-6.279043199883708],[134.3651535392046,-6.325622039325633]]],[[[134.3237487279215,-6.28243078505271],[134.322706232007,-6.280295238734261],[134.3245167003855,-6.278383867321561],[134.3259929069471,-6.280980950210661],[134.3237487279215,-6.28243078505271]]],[[[134.4739863977541,-6.280381886614776],[134.4733694025759,-6.278690823922321],[134.4734150836392,-6.278213134628422],[134.4742102120317,-6.27975172895903],[134.4739863977541,-6.280381886614776]]],[[[134.3234168340198,-6.278197998139027],[134.3232214437147,-6.278190457323677],[134.3231770217023,-6.278038375670451],[134.3234100324471,-6.277997865708843],[134.3234168340198,-6.278197998139027]]],[[[134.3125466987711,-6.278402674843501],[134.3122098819805,-6.278238447846078],[134.3123939183447,-6.277924921697745],[134.3126242023451,-6.27800147828557],[134.3125466987711,-6.278402674843501]]],[[[134.3154751197811,-6.28392950973902],[134.3213625423475,-6.287702780858576],[134.3188851942965,-6.292405727042619],[134.3111307881554,-6.283011486291005],[134.3139326053056,-6.276850082565203],[134.3154751197811,-6.28392950973902]]],[[[134.4706413963834,-6.281503206307874],[134.4697186523939,-6.280456345983491],[134.4696703048407,-6.278790996707055],[134.4690564042297,-6.27638179298529],[134.4706413963834,-6.281503206307874]]],[[[134.4693982428347,-6.284405098216687],[134.4669715598897,-6.280291708895262],[134.4685369441247,-6.275694772096045],[134.4695573958573,-6.280679501957457],[134.4703952141679,-6.281898712855209],[134.4693982428347,-6.284405098216687]]],[[[134.4725022483802,-6.275984075904332],[134.4723076000158,-6.275704024321253],[134.4723251511847,-6.275107581349707],[134.4726044959008,-6.275441427679666],[134.4725022483802,-6.275984075904332]]],[[[134.3193996793518,-6.274764653665769],[134.3224262172963,-6.27837268605063],[134.3220210862043,-6.281450493445443],[134.3242040483782,-6.286428401049785],[134.3164331981336,-6.281718058841327],[134.3193996793518,-6.274764653665769]]],[[[134.455950661394,-6.276337673145064],[134.4634938221822,-6.281603346716994],[134.4612913519144,-6.288775559644292],[134.4616308927517,-6.291010511625731],[134.4663036810701,-6.290999758432107],[134.4673891951554,-6.29035069612767],[134.4679333767239,-6.288624059852469],[134.4831367108906,-6.302522146779647],[134.4963804915664,-6.302400562036307],[134.4930549991889,-6.316626576854993],[134.495405907057,-6.320833464192947],[134.5037924754424,-6.3045952909399],[134.5157590803174,-6.328275647303253],[134.5251800462222,-6.339053691974232],[134.5332788387475,-6.341219740598517],[134.5302031807323,-6.3498013098825],[134.5209988812934,-6.361655648789081],[134.5150241210664,-6.375152728015968],[134.516494865146,-6.380078974065365],[134.5141974138796,-6.387336967027383],[134.5154782319349,-6.405357460778109],[134.5055521788899,-6.410165814700512],[134.4782811290709,-6.448830442071233],[134.4648622288089,-6.441726905871973],[134.4711851930423,-6.429555593715611],[134.468392119101,-6.427882054313353],[134.4563184256549,-6.426648186264731],[134.4425211473332,-6.438282575280566],[134.4371903736369,-6.423837456833129],[134.4320085330675,-6.430788473409236],[134.4325105607139,-6.424024513120744],[134.4302840146955,-6.423824163953976],[134.4318490140209,-6.416645847327977],[134.4322266627304,-6.40734045509788],[134.4318657018407,-6.406675759878392],[134.427036503432,-6.416790308126145],[134.4210248880881,-6.404010701732402],[134.4200170547434,-6.403903158104266],[134.417854703232,-6.408281177434353],[134.4156212270381,-6.407229467965506],[134.4145669760851,-6.401268461969848],[134.4078013061854,-6.397153390016878],[134.3975652946027,-6.395914671924511],[134.3899456959372,-6.399628550017481],[134.3925056341278,-6.39017318594373],[134.3792934960981,-6.399087186924105],[134.3846203559447,-6.37268869532697],[134.3698388397906,-6.380549055094757],[134.3617528662019,-6.368454689832052],[134.3650472717143,-6.357058402623109],[134.3623452010702,-6.350940784189766],[134.379213314343,-6.319892181578871],[134.3965952723541,-6.311729083930099],[134.4156214671571,-6.29049890260223],[134.455950661394,-6.276337673145064]]],[[[134.4667715479686,-6.279923404141722],[134.4669880471607,-6.278063511721647],[134.4664598069746,-6.275636461853188],[134.4675917143861,-6.273479074599545],[134.4667715479686,-6.279923404141722]]],[[[134.3184490024196,-6.273509628166777],[134.3190545105573,-6.274028994742213],[134.3171250501809,-6.274105455102656],[134.3176288638811,-6.273359849677255],[134.3184490024196,-6.273509628166777]]],[[[134.4666829125864,-6.274394429759037],[134.4665198789893,-6.273588619219409],[134.4667830502977,-6.273153555092462],[134.4669211438958,-6.273481607989754],[134.4666829125864,-6.274394429759037]]],[[[134.4697760480263,-6.275706002829721],[134.468702915807,-6.275320467065874],[134.4690064360982,-6.272184781102722],[134.4691087528668,-6.273824467325254],[134.4697760480263,-6.275706002829721]]],[[[134.4687244482748,-6.272267932419044],[134.468194899575,-6.273516853320053],[134.4671734567896,-6.272311587309857],[134.4677609955736,-6.272380028415529],[134.4683550121742,-6.271631520877889],[134.4687244482748,-6.272267932419044]]],[[[134.4126809079976,-6.271811684761434],[134.4120735157802,-6.271825137719914],[134.4119861502408,-6.271638471738043],[134.4124101131362,-6.271449551155754],[134.4126809079976,-6.271811684761434]]],[[[134.4723245369479,-6.272214964149184],[134.4717880931461,-6.271903473166755],[134.4721025680791,-6.271013337695289],[134.4723053759924,-6.271604349660968],[134.4723245369479,-6.272214964149184]]],[[[134.4479280819155,-6.272079239365417],[134.4413753831675,-6.278757711898812],[134.4330190481906,-6.281193918664377],[134.4353746073523,-6.271209342237309],[134.4479280819155,-6.272079239365417]]],[[[134.4411821197592,-6.266582415745851],[134.4407615949717,-6.268860379602773],[134.4353990329391,-6.266884345136318],[134.4394788793469,-6.266365760071738],[134.4411821197592,-6.266582415745851]]],[[[134.4337318346565,-6.267577673870476],[134.4331159285573,-6.267630717683374],[134.4319871238069,-6.266527040890217],[134.4325522370962,-6.266420233806683],[134.4337318346565,-6.267577673870476]]],[[[134.4664614509353,-6.279272918210558],[134.4610240554159,-6.270176283808374],[134.4632684241985,-6.266141880143631],[134.4662422546763,-6.272126112929736],[134.4664614509353,-6.279272918210558]]],[[[134.4734126078057,-6.265914065681581],[134.4730850980989,-6.265724340206073],[134.4731533116761,-6.265311690781842],[134.4735541835788,-6.265589122639862],[134.4734126078057,-6.265914065681581]]],[[[134.4716736697042,-6.265584777115744],[134.4714730750224,-6.26560436434989],[134.4715609378871,-6.2653189420155],[134.4717755673886,-6.265389829277161],[134.4716736697042,-6.265584777115744]]],[[[134.4088586660946,-6.266535677079758],[134.4077091940241,-6.266274315207435],[134.4068599875984,-6.265289630412044],[134.4088743781501,-6.26512512192681],[134.4088586660946,-6.266535677079758]]],[[[134.4574062590916,-6.266418532289356],[134.4563643792128,-6.265891663569415],[134.4576506507571,-6.265022333913509],[134.4579805157882,-6.265661536950321],[134.4574062590916,-6.266418532289356]]],[[[134.4727626848501,-6.272027447408738],[134.4721499740422,-6.269702118957613],[134.4737640727539,-6.265887192140144],[134.4732595234084,-6.264764434431028],[134.4739107746626,-6.264501807212567],[134.4747852268568,-6.266182896423426],[134.4727626848501,-6.272027447408738]]],[[[134.4240623509968,-6.264299626126827],[134.4346506144344,-6.271940705099403],[134.4295191835636,-6.283423293949823],[134.4194334190171,-6.273433583293179],[134.4090386078456,-6.269806487079669],[134.4240623509968,-6.264299626126827]]],[[[134.4061561296017,-6.265678931637345],[134.4047896520209,-6.264965030012063],[134.4039971703332,-6.263788182578515],[134.4056952297511,-6.263561137936139],[134.4061561296017,-6.265678931637345]]],[[[134.4326739081744,-6.263347890692542],[134.4359611128152,-6.264340818673801],[134.4381571142596,-6.266056224215325],[134.4307527143663,-6.26354368659177],[134.4326739081744,-6.263347890692542]]],[[[134.4382042971906,-6.264201884209601],[134.4351176089905,-6.263257241728296],[134.4348044839399,-6.262841362838571],[134.43767976401,-6.263347625392583],[134.4382042971906,-6.264201884209601]]],[[[134.4566056061639,-6.264826201667776],[134.4565214062379,-6.264294671761642],[134.4587350631727,-6.262654576347585],[134.4578208420582,-6.264352553027822],[134.4566056061639,-6.264826201667776]]],[[[134.4690433505702,-6.263808474881198],[134.4711881419193,-6.265998605551174],[134.4731315166062,-6.266226707796267],[134.4717262791444,-6.270236565365187],[134.4715775339761,-6.272068200187223],[134.4734451326868,-6.291498871375793],[134.4690433505702,-6.263808474881198]]],[[[134.7428089720564,-6.26288589366906],[134.7427273244066,-6.262562131437192],[134.7432218669957,-6.26225287886724],[134.7430615772301,-6.262736607108702],[134.7428089720564,-6.26288589366906]]],[[[134.430456716904,-6.262966696855513],[134.4283945903381,-6.262873997436972],[134.4277538089912,-6.262426662960045],[134.4313726674148,-6.262357098601149],[134.430456716904,-6.262966696855513]]],[[[134.4664468882134,-6.261749521123487],[134.4677230010158,-6.262193948092224],[134.4645088168285,-6.267260590903482],[134.4642999160084,-6.262041502213459],[134.4664468882134,-6.261749521123487]]],[[[134.4709323711321,-6.26291478259107],[134.4711969300943,-6.265361956589003],[134.4687301796542,-6.261350286886173],[134.4699151506638,-6.261792866647457],[134.4709323711321,-6.26291478259107]]],[[[134.4607021511834,-6.270031785238642],[134.4573933879946,-6.267939348821886],[134.4616576637702,-6.261122616315599],[134.4639579721827,-6.263921969323397],[134.4607021511834,-6.270031785238642]]],[[[134.4571835680673,-6.263215511386714],[134.4576483817675,-6.261746044344444],[134.4599608139405,-6.260188021060279],[134.4593550593886,-6.261366183302711],[134.4571835680673,-6.263215511386714]]],[[[134.4698213765554,-6.261035547552377],[134.4683387848071,-6.260519566025095],[134.4683278076822,-6.260200123237051],[134.4692407697457,-6.259709177936105],[134.4698213765554,-6.261035547552377]]],[[[134.4668456458099,-6.259464088396864],[134.4666695657479,-6.259311802597515],[134.4667932980723,-6.259173794435017],[134.4669741373466,-6.259240418910198],[134.4668456458099,-6.259464088396864]]],[[[134.3299645586175,-6.259377150035376],[134.329784238252,-6.25900661496324],[134.3307594837632,-6.2584905623895],[134.3301568066913,-6.259255844981197],[134.3299645586175,-6.259377150035376]]],[[[134.3824369926731,-6.258741019982032],[134.3820848334484,-6.258208020583637],[134.3826368678971,-6.257846342934296],[134.3828557790711,-6.258141396108456],[134.3824369926731,-6.258741019982032]]],[[[134.3974330951614,-6.258129656358483],[134.3968632055726,-6.257478838577483],[134.3971211320347,-6.256730034263639],[134.3977245375575,-6.257714451061051],[134.3974330951614,-6.258129656358483]]],[[[134.4670094123545,-6.258181025633806],[134.4641332581434,-6.258517319019034],[134.4610799563749,-6.258047768589651],[134.4651183620229,-6.256533890326724],[134.4670094123545,-6.258181025633806]]],[[[134.3986380598987,-6.254306382933165],[134.3983305879863,-6.253918759842828],[134.3985741082085,-6.253413042278026],[134.3988505508123,-6.253761053829513],[134.3986380598987,-6.254306382933165]]],[[[134.3904886328442,-6.252178502435849],[134.3923247930549,-6.259181579865984],[134.422146363364,-6.281270989664359],[134.386441647664,-6.311561748875575],[134.3747321292844,-6.307821967609665],[134.3873601864235,-6.284399527815924],[134.3791735634092,-6.265279183887155],[134.3904886328442,-6.252178502435849]]],[[[134.4448146856493,-6.250886127193026],[134.4453653045653,-6.251112854374678],[134.4455942206967,-6.253702461199565],[134.4443703036467,-6.251711088795701],[134.4448146856493,-6.250886127193026]]],[[[134.4004431979953,-6.250018969399899],[134.4008790121568,-6.249332553754331],[134.4021023518421,-6.249186952615719],[134.4019749179082,-6.249463834088579],[134.4004431979953,-6.250018969399899]]],[[[134.4070869414093,-6.249668723932426],[134.4064178628942,-6.2492948307918],[134.4065311486936,-6.249037720014686],[134.4070871788304,-6.249456714156024],[134.4070869414093,-6.249668723932426]]],[[[134.3954429970967,-6.256587035763043],[134.3932965653842,-6.25369840615642],[134.3947596238576,-6.248993480564628],[134.3975567339562,-6.253511083669564],[134.3954429970967,-6.256587035763043]]],[[[134.4056128671401,-6.248596778818242],[134.4068033545913,-6.250379612828797],[134.4140277353918,-6.251904291949443],[134.4214873248802,-6.260506045617457],[134.3986607740756,-6.258888912593167],[134.4056128671401,-6.248596778818242]]],[[[134.3671877247337,-6.249958885693977],[134.3656300791649,-6.24856340767506],[134.3667668707945,-6.24756692377442],[134.3680730443356,-6.249012978765903],[134.3671877247337,-6.249958885693977]]],[[[134.3636584082091,-6.248496009782992],[134.366926344875,-6.251199528335486],[134.3629148226609,-6.253699206553146],[134.3621362103179,-6.246596850264367],[134.3636584082091,-6.248496009782992]]],[[[134.3637013499374,-6.246583666203235],[134.363503651972,-6.246549506354596],[134.3635207453862,-6.246430802139783],[134.3637015828618,-6.246391445109082],[134.3637013499374,-6.246583666203235]]],[[[134.4363288159221,-6.253373177130398],[134.4332488663422,-6.248855443623728],[134.4320174687313,-6.245996209257568],[134.4341894960485,-6.246281229595033],[134.4363288159221,-6.253373177130398]]],[[[134.3631668495705,-6.244745613818984],[134.3630537202531,-6.244858547983582],[134.362489107886,-6.244563879719215],[134.3628338746835,-6.244451226143059],[134.3631668495705,-6.244745613818984]]],[[[134.7497367438557,-6.242881883092347],[134.7495983507833,-6.242818494377981],[134.749776376079,-6.242709742060963],[134.749796102708,-6.24281067207482],[134.7497367438557,-6.242881883092347]]],[[[134.4274759427605,-6.243584177167953],[134.4263859770312,-6.24318723710127],[134.4261436610012,-6.242615957160672],[134.4273871616882,-6.242097177842413],[134.4274759427605,-6.243584177167953]]],[[[134.7528850760855,-6.242497493964176],[134.7523412281652,-6.24258430821916],[134.7519222708961,-6.242012224284713],[134.752475952903,-6.242038210195203],[134.7528850760855,-6.242497493964176]]],[[[134.7493493968572,-6.242379071237084],[134.748983678554,-6.242135498854199],[134.7488790514272,-6.241761447432807],[134.7490787296997,-6.241858504966017],[134.7493493968572,-6.242379071237084]]],[[[134.4405371655578,-6.241834285323992],[134.4399721952607,-6.241833684576807],[134.4398367879375,-6.241658278107013],[134.4403963128396,-6.241466648766795],[134.4405371655578,-6.241834285323992]]],[[[134.3800658608509,-6.262959209100209],[134.3786024921114,-6.265065031925658],[134.3780671131067,-6.2732027893772],[134.3798134148572,-6.278570852562718],[134.3739553587529,-6.283983982574685],[134.3658380258044,-6.299218856864711],[134.3612692126042,-6.304181691831515],[134.3529763517773,-6.298512476269717],[134.3426540322578,-6.311443312658652],[134.3393552569396,-6.30075792244014],[134.3385333791122,-6.291643406817719],[134.3367140641028,-6.285862106051336],[134.3208089862457,-6.268184855646534],[134.3381521151281,-6.25634310994652],[134.3432339663746,-6.245118744334536],[134.342792257157,-6.248213502151393],[134.3459100349203,-6.257992349667133],[134.349682329376,-6.261711408754493],[134.354332005118,-6.264131210986505],[134.3566261540739,-6.263089636877143],[134.3626937791946,-6.254694898151029],[134.3858261894271,-6.241239053739259],[134.3916401715568,-6.248168617887354],[134.3800658608509,-6.262959209100209]]],[[[134.4273524280721,-6.240265365853918],[134.4270927020666,-6.240118090177641],[134.4272342211824,-6.23986383025155],[134.4273922212741,-6.240039264600376],[134.4273524280721,-6.240265365853918]]],[[[134.3703918041385,-6.239933310074156],[134.3714800566594,-6.246455996646886],[134.3724676228827,-6.247406974851958],[134.3716841506032,-6.248234287282432],[134.3703918041385,-6.239933310074156]]],[[[134.4395376410493,-6.241386584822965],[134.4391196163773,-6.241335256916506],[134.4372690211485,-6.238981372292488],[134.4391382791083,-6.239723991968641],[134.4395376410493,-6.241386584822965]]],[[[134.3926701830826,-6.240799025354685],[134.3924536910851,-6.242364818781335],[134.3893592408363,-6.240001441813074],[134.3914464440981,-6.23885843227077],[134.3926701830826,-6.240799025354685]]],[[[134.4006142904173,-6.243647563184388],[134.4028828041981,-6.248495274137581],[134.400028398292,-6.249617091155794],[134.3984185506756,-6.251794711356843],[134.3952414985963,-6.238654951664627],[134.4006142904173,-6.243647563184388]]],[[[134.394051649664,-6.239176542263606],[134.3935101489744,-6.23842399137409],[134.3944201028056,-6.238108437254545],[134.3944876652735,-6.238312043765752],[134.394051649664,-6.239176542263606]]],[[[134.2552473775645,-6.246417201692437],[134.2504860401987,-6.243769999585761],[134.2546430862096,-6.237998707374429],[134.2570691486224,-6.243009781975743],[134.2552473775645,-6.246417201692437]]],[[[134.4288374632784,-6.238010891389471],[134.4282449782232,-6.237696802265606],[134.4288231874403,-6.237268499241803],[134.429315735333,-6.237489789122445],[134.4288374632784,-6.238010891389471]]],[[[134.3602957927166,-6.24093163668558],[134.3579417237316,-6.239430581855813],[134.3591372860569,-6.236554379081286],[134.3602427938699,-6.238048260019084],[134.3602957927166,-6.24093163668558]]],[[[134.3869271628583,-6.236684098192561],[134.3867881771327,-6.236599730992757],[134.3868203908485,-6.236489778080737],[134.3869742495621,-6.236631186579959],[134.3869271628583,-6.236684098192561]]],[[[134.3669206503678,-6.239479691134856],[134.3656673731508,-6.238697992318424],[134.3657497978149,-6.235927846592818],[134.3663142797802,-6.236324274945274],[134.3669206503678,-6.239479691134856]]],[[[134.3664846626372,-6.235578209966412],[134.3650058012768,-6.234473986385306],[134.3650293437292,-6.233688169573329],[134.3664626760118,-6.235069362760796],[134.3664846626372,-6.235578209966412]]],[[[134.3592837478468,-6.236355441850065],[134.3590530762386,-6.235563664331582],[134.3604001743287,-6.233501751804375],[134.3603487735771,-6.233959628134293],[134.3592837478468,-6.236355441850065]]],[[[134.4294268753501,-6.23688954741464],[134.4288327040661,-6.236297679294437],[134.4304031487864,-6.23317820630909],[134.4308451313978,-6.233922955579877],[134.4294268753501,-6.23688954741464]]],[[[134.4338797218717,-6.233233653110552],[134.4336876536624,-6.233216485952012],[134.4336822037708,-6.23302990990238],[134.4338178683,-6.23296221343537],[134.4338797218717,-6.233233653110552]]],[[[134.4332127819443,-6.233498657237194],[134.4384186308152,-6.241730265239446],[134.4424459936877,-6.242571282438706],[134.4456748736965,-6.263976534789232],[134.4343407836003,-6.245830435426195],[134.4281233332253,-6.243126936658764],[134.4332127819443,-6.233498657237194]]],[[[134.4334617718433,-6.233120131688689],[134.4332924528844,-6.232961647761818],[134.4335017619968,-6.232707459781376],[134.4336145603638,-6.232888496906578],[134.4334617718433,-6.233120131688689]]],[[[134.3685333452378,-6.246783202382814],[134.3617346243535,-6.243877553106517],[134.3616533670094,-6.231654466980067],[134.36519538376,-6.236554725320235],[134.3654405191647,-6.23942137459668],[134.3685333452378,-6.246783202382814]]],[[[134.8607209588053,-6.230779264751244],[134.8606329106804,-6.230791740146628],[134.8606388731856,-6.230678947175664],[134.8607555296441,-6.230726470050544],[134.8607209588053,-6.230779264751244]]],[[[134.3633130217786,-6.231295977427357],[134.3627766787008,-6.230995691098221],[134.3633824521385,-6.229939207128669],[134.3634835710101,-6.230414228134044],[134.3633130217786,-6.231295977427357]]],[[[134.861442438118,-6.230074234038589],[134.8612465783669,-6.230424440835217],[134.861046105993,-6.230530210101008],[134.860906571681,-6.229987024081821],[134.861442438118,-6.230074234038589]]],[[[134.3816765304477,-6.235477524568082],[134.3784694482065,-6.233873791442227],[134.3805023980673,-6.229822568656544],[134.3816192049623,-6.231361653117754],[134.3816765304477,-6.235477524568082]]],[[[134.3592351071146,-6.230233308820114],[134.3589703080334,-6.229954788782414],[134.3593066041165,-6.229770238905345],[134.3593952385994,-6.230055321296017],[134.3592351071146,-6.230233308820114]]],[[[134.3599439536506,-6.232903163050522],[134.3596692791139,-6.231127612649149],[134.3604176841288,-6.228923634218279],[134.3611723790021,-6.230858065147497],[134.3599439536506,-6.232903163050522]]],[[[134.3825313909111,-6.233963368414645],[134.3821191767587,-6.233787623799784],[134.3819411100942,-6.231463793619144],[134.381107984446,-6.228896093379958],[134.3825357463277,-6.230237664236763],[134.3825313909111,-6.233963368414645]]],[[[134.4278604820756,-6.227647616744107],[134.4289787764494,-6.227942815608393],[134.4307036968183,-6.231512118689312],[134.4251932970331,-6.228193120316198],[134.4278604820756,-6.227647616744107]]],[[[134.3806574528792,-6.227674391360053],[134.3803412872207,-6.227498759160336],[134.3805957917624,-6.227261607936788],[134.3807538134378,-6.227403133347912],[134.3806574528792,-6.227674391360053]]],[[[134.333233571772,-6.229995510984025],[134.3344588270134,-6.227208966120815],[134.33518786243,-6.227006358756419],[134.3353245827633,-6.227448664224403],[134.333233571772,-6.229995510984025]]],[[[134.3612699248672,-6.228173221916648],[134.3609315099812,-6.227714875241278],[134.3615604526529,-6.226183521352339],[134.3616499567802,-6.226918592119261],[134.3612699248672,-6.228173221916648]]],[[[134.3669587960117,-6.226421223860327],[134.3827078540843,-6.239261637014851],[134.3792169736845,-6.244362052067024],[134.3719094505608,-6.246442376414477],[134.3711659477503,-6.239812683108762],[134.3639724496689,-6.231696843034821],[134.3669587960117,-6.226421223860327]]],[[[134.8614283187619,-6.226484694413052],[134.8616772636948,-6.226253839343147],[134.8619589916142,-6.226333789073094],[134.8617813143562,-6.22669504224234],[134.8611095243852,-6.226483695266242],[134.8613336687139,-6.226036356292734],[134.8614283187619,-6.226484694413052]]],[[[134.4354115119317,-6.227253752358734],[134.4327868720165,-6.230275630016261],[134.4313610607644,-6.226989337288006],[134.4353168465953,-6.225964622769079],[134.4354115119317,-6.227253752358734]]],[[[134.3519808373459,-6.22606395288912],[134.3497755261197,-6.227706423412619],[134.347318536921,-6.227273720905461],[134.348596910619,-6.225980637896082],[134.3519808373459,-6.22606395288912]]],[[[134.8604065126505,-6.2260774022503],[134.8620052518409,-6.228676789202473],[134.8606822717695,-6.228933769577764],[134.8599580396319,-6.231388642671635],[134.8604065126505,-6.2260774022503]]],[[[134.3337373468012,-6.226658964139879],[134.33364246203,-6.225742972260288],[134.3343998989362,-6.225416022831157],[134.3345290388841,-6.226049382073277],[134.3337373468012,-6.226658964139879]]],[[[134.4304601064488,-6.226881534655052],[134.4312522131193,-6.231043460387368],[134.4288268665668,-6.227360328316482],[134.4260532944241,-6.227029409279775],[134.426156852257,-6.2253108201382],[134.4304601064488,-6.226881534655052]]],[[[134.3810818951135,-6.227052995799091],[134.3806420286068,-6.226374049922415],[134.3819826371891,-6.224939612373229],[134.3820214834049,-6.225538936772494],[134.3810818951135,-6.227052995799091]]],[[[134.4485029042856,-6.231383447288223],[134.443273325004,-6.240231552244228],[134.4340642663528,-6.229728600294563],[134.4408037219144,-6.22486800385527],[134.4453735117783,-6.230910913807612],[134.4485029042856,-6.231383447288223]]],[[[134.4254512127033,-6.224801227394642],[134.42544345695,-6.226740411240942],[134.4238053301519,-6.226518133904761],[134.4235302662089,-6.224900898357681],[134.4254512127033,-6.224801227394642]]],[[[134.4260337161832,-6.224247805291919],[134.4256721095802,-6.224281332917129],[134.4251470862692,-6.223930236691081],[134.425853335563,-6.223874468831595],[134.4260337161832,-6.224247805291919]]],[[[134.3543862270429,-6.263684648127902],[134.343419492016,-6.247065097576136],[134.3582183084283,-6.223786468370721],[134.3571126504286,-6.239763911974964],[134.3624650546186,-6.254248472888672],[134.3543862270429,-6.263684648127902]]],[[[134.4277170536991,-6.232246096779885],[134.4256487712738,-6.243110109443943],[134.4407298489035,-6.262549399734922],[134.4230526002973,-6.261266684110093],[134.4140468882533,-6.250899303160277],[134.4031503686945,-6.246706214120382],[134.3992300359374,-6.238755626271057],[134.4173483804235,-6.223494254356313],[134.4277170536991,-6.232246096779885]]],[[[134.4335935656906,-6.223515341659684],[134.4366430822125,-6.224666292215523],[134.4289605013262,-6.22394002761009],[134.4298705181099,-6.22352829729305],[134.4335935656906,-6.223515341659684]]],[[[134.3509875739174,-6.224167736851508],[134.3505985397909,-6.223534060148753],[134.351700845118,-6.222992674572295],[134.3516884020981,-6.2239254945659],[134.3509875739174,-6.224167736851508]]],[[[134.347741479086,-6.223316763257961],[134.3468222919153,-6.226538145618824],[134.3440348567233,-6.223798377193272],[134.3468211326892,-6.222902916836119],[134.347741479086,-6.223316763257961]]],[[[134.8615954595629,-6.222569932956005],[134.8615652045707,-6.223521724148177],[134.8599148236103,-6.223918104836627],[134.8605162488259,-6.222742110859673],[134.8615954595629,-6.222569932956005]]],[[[134.8621111524078,-6.222435291855159],[134.862239679018,-6.222453136203202],[134.8625232199707,-6.222784599329748],[134.8618425042282,-6.22254398841429],[134.8621111524078,-6.222435291855159]]],[[[134.8627910515659,-6.221950550077774],[134.8632693236204,-6.222079040715104],[134.8629538315541,-6.222513350310769],[134.8624516519223,-6.222186707550462],[134.8627910515659,-6.221950550077774]]],[[[134.3832366707358,-6.229910576312018],[134.382062978124,-6.223871180010913],[134.3841273107269,-6.221917451429152],[134.3856265768052,-6.224921250915009],[134.3832366707358,-6.229910576312018]]],[[[134.3592477317975,-6.221452535206299],[134.3588297359037,-6.221401146145914],[134.3588017499009,-6.221186277424699],[134.3591464186723,-6.221141466905137],[134.3592477317975,-6.221452535206299]]],[[[134.3574799866122,-6.221482919700953],[134.3571976948179,-6.221335583770119],[134.3576332967394,-6.22084425355938],[134.3576385757598,-6.221149552709607],[134.3574799866122,-6.221482919700953]]],[[[134.8536198040108,-6.220167554189241],[134.8539138841185,-6.220364717057939],[134.8531514982432,-6.220276552021246],[134.8532139345755,-6.220188226005766],[134.8536198040108,-6.220167554189241]]],[[[134.368863844291,-6.224071737820384],[134.3673900937779,-6.223436775087058],[134.3703210571711,-6.219618465020086],[134.3704601391241,-6.221427773273084],[134.368863844291,-6.224071737820384]]],[[[134.365171912354,-6.221726736699543],[134.3644829057615,-6.221539341367492],[134.3650165571684,-6.219369014668245],[134.3654678378705,-6.219929259927407],[134.365171912354,-6.221726736699543]]],[[[134.425667319791,-6.223489820698606],[134.4217185936383,-6.223231099235774],[134.4204563079123,-6.220306794422984],[134.4245987030678,-6.219084483562013],[134.425667319791,-6.223489820698606]]],[[[134.8597915796178,-6.219244819193007],[134.8596012228182,-6.219211507405102],[134.8595988441115,-6.218906935806404],[134.8598629642045,-6.219102051818196],[134.8597915796178,-6.219244819193007]]],[[[134.338935064002,-6.219919245976405],[134.3372231622192,-6.220030171055483],[134.3371123099852,-6.21905210616969],[134.3388964309256,-6.219189892199743],[134.338935064002,-6.219919245976405]]],[[[134.8547468856604,-6.218624397597842],[134.854888225811,-6.218651523848687],[134.8549339113709,-6.218763834783107],[134.8547150010964,-6.218811424207774],[134.8547468856604,-6.218624397597842]]],[[[134.3619090127908,-6.219676217683271],[134.3616157834417,-6.219229232143312],[134.3621930303841,-6.21839320168485],[134.3622717192645,-6.218726857358518],[134.3619090127908,-6.219676217683271]]],[[[134.8602283911274,-6.22187582181171],[134.8578030850445,-6.220287840311548],[134.8576550251594,-6.218313305914317],[134.8608713794107,-6.221212906350519],[134.8602283911274,-6.22187582181171]]],[[[134.3530548760817,-6.218158785299614],[134.3526991033809,-6.218045278266952],[134.3529028681729,-6.217728929146719],[134.3531286555631,-6.217881850766708],[134.3530548760817,-6.218158785299614]]],[[[134.3633863596928,-6.222001612684184],[134.3623264969704,-6.220151620900508],[134.3632625931942,-6.216873683773442],[134.3645490751798,-6.218186857637312],[134.3633863596928,-6.222001612684184]]],[[[134.3636751670754,-6.216732840947862],[134.3634097006972,-6.21668729298415],[134.3633929912936,-6.216489398966533],[134.3637036108329,-6.216568922417735],[134.3636751670754,-6.216732840947862]]],[[[134.3408198676428,-6.217912246952632],[134.339043559113,-6.217036179575945],[134.3383046464423,-6.216113728765541],[134.3398508247558,-6.215245016943952],[134.3408198676428,-6.217912246952632]]],[[[134.360836719639,-6.218770352170004],[134.3597757912198,-6.217813617404459],[134.3611630674217,-6.215180736102059],[134.3621105436668,-6.216521773660836],[134.360836719639,-6.218770352170004]]],[[[134.3687227190782,-6.214505732853207],[134.3683500571095,-6.214341334984556],[134.3681415169175,-6.213934029331972],[134.3684127263663,-6.213900430660305],[134.3687227190782,-6.214505732853207]]],[[[134.3666201607918,-6.220060674260689],[134.3659008497444,-6.216876854782941],[134.3667809712649,-6.213140901930973],[134.3688670962396,-6.216609033080348],[134.3666201607918,-6.220060674260689]]],[[[134.3566902784337,-6.221266335073298],[134.3533988559725,-6.216816483293978],[134.3586842660661,-6.212579875161043],[134.3597903638342,-6.215105579758599],[134.3566902784337,-6.221266335073298]]],[[[134.3688049962536,-6.213201803120664],[134.3676985819241,-6.212482478583484],[134.3685919648474,-6.21182207942537],[134.368947002802,-6.212164411758162],[134.3688049962536,-6.213201803120664]]],[[[134.3602115163485,-6.211790524013487],[134.3599801189874,-6.211603677267855],[134.3601839314433,-6.211242094946704],[134.3604096307,-6.21146851006367],[134.3602115163485,-6.211790524013487]]],[[[134.3650367469483,-6.216666635556737],[134.3616461706343,-6.212767248909382],[134.3637160439604,-6.210921027983022],[134.3658446699955,-6.211895995603615],[134.3650367469483,-6.216666635556737]]],[[[134.3680819161476,-6.211702625175945],[134.3672969312084,-6.211475544560655],[134.3672415383663,-6.210553947206846],[134.3686134649394,-6.21127358920475],[134.3680819161476,-6.211702625175945]]],[[[134.3348509062443,-6.222988114110154],[134.3269473205625,-6.231126450725081],[134.3280214627204,-6.210417887875134],[134.3309128496484,-6.213881287691229],[134.3348509062443,-6.222988114110154]]],[[[134.3333808177706,-6.210910147984875],[134.3330624856453,-6.210711709877418],[134.3335091896975,-6.210384368343894],[134.3336442471844,-6.210802900233573],[134.3333808177706,-6.210910147984875]]],[[[134.3394753883785,-6.210518191960971],[134.3386621881095,-6.21027972772719],[134.3386178407407,-6.209601247699385],[134.3396910323154,-6.209738272902924],[134.3394753883785,-6.210518191960971]]],[[[134.3439695101848,-6.217268457373296],[134.3401509141334,-6.212435584334645],[134.3407368503254,-6.209174221712902],[134.3439465513922,-6.213000005146067],[134.3439695101848,-6.217268457373296]]],[[[134.3396135116543,-6.213011574024811],[134.336410131922,-6.214515566040538],[134.3349485393437,-6.211931559294007],[134.3376808532888,-6.208966880317205],[134.3396135116543,-6.213011574024811]]],[[[134.871066124702,-6.203598814433668],[134.8707559638167,-6.203595345748595],[134.8707475263773,-6.203447776893326],[134.8709560341937,-6.203288388248466],[134.871066124702,-6.203598814433668]]],[[[134.790193892734,-6.198517832831633],[134.7893122189838,-6.197983192170468],[134.7895536302958,-6.197536067235702],[134.7898402990905,-6.197639080978749],[134.790193892734,-6.198517832831633]]],[[[134.2134537246098,-6.195455231173933],[134.218993303798,-6.200759801323733],[134.2175939703854,-6.211523000885747],[134.2065154109575,-6.204371823101055],[134.2134537246098,-6.195455231173933]]],[[[134.8825112010313,-6.193802271857311],[134.8824707513241,-6.194197263093119],[134.882063862957,-6.194030700556289],[134.8821495233818,-6.19355718771402],[134.8825112010313,-6.193802271857311]]],[[[134.8829810932029,-6.193207453061492],[134.8828871563173,-6.193647607351131],[134.881749773833,-6.19313364390253],[134.8821705504306,-6.192510714098169],[134.8829810932029,-6.193207453061492]]],[[[134.3155204249277,-6.190849451341122],[134.3149785681065,-6.190498233706502],[134.3154615202331,-6.189847775654282],[134.3157826375588,-6.190265616864713],[134.3155204249277,-6.190849451341122]]],[[[134.7582027601493,-6.190012957731809],[134.7580723746404,-6.189757626713081],[134.7585806040117,-6.189609443620884],[134.7585488318632,-6.189908236176115],[134.7582027601493,-6.190012957731809]]],[[[134.3137078143642,-6.189635257760865],[134.3141920480247,-6.19086269565681],[134.3123644907288,-6.193116081941578],[134.3120864788081,-6.189684040585933],[134.3137078143642,-6.189635257760865]]],[[[134.7586245781619,-6.188564630153496],[134.7579206311323,-6.188643463824731],[134.7575115403254,-6.188192098586479],[134.7584190453028,-6.188334990067704],[134.7586245781619,-6.188564630153496]]],[[[134.8640442262602,-6.186142355685113],[134.8755716490125,-6.195184632364795],[134.8625623485737,-6.220126954295394],[134.8512721777688,-6.209100192220055],[134.8614229588026,-6.201347813151052],[134.8640442262602,-6.186142355685113]]],[[[134.8307248732543,-6.186728421379487],[134.8303454303974,-6.186114852618267],[134.8320581370735,-6.184902356058845],[134.831397522078,-6.185549233909952],[134.8307248732543,-6.186728421379487]]],[[[134.8339344583087,-6.185267056329539],[134.8334520331848,-6.185167961831953],[134.8333631612809,-6.18483152815246],[134.8336004572953,-6.184756405083983],[134.8339344583087,-6.185267056329539]]],[[[134.3141158934338,-6.186789839679267],[134.3127024928258,-6.186532858404607],[134.31200293179,-6.185362163233225],[134.3131492544346,-6.184721633696348],[134.3141158934338,-6.186789839679267]]],[[[134.8865801701389,-6.18218991443296],[134.8852492058863,-6.183402671795849],[134.8841677936089,-6.182680151967438],[134.885927845094,-6.181376459655822],[134.8865801701389,-6.18218991443296]]],[[[134.8867839736016,-6.181507248060995],[134.8866554595819,-6.181467643716746],[134.8865902686261,-6.181190588674638],[134.8867682039895,-6.181279674617261],[134.8867839736016,-6.181507248060995]]],[[[134.314922381163,-6.180839958297372],[134.3141210483477,-6.180205731209457],[134.314721914185,-6.178589600029997],[134.3153595137306,-6.179155772720683],[134.314922381163,-6.180839958297372]]],[[[134.3094188369099,-6.177138746256076],[134.3112765979367,-6.182553915031156],[134.3102737900035,-6.184825326427638],[134.3080245244123,-6.182126722670115],[134.3094188369099,-6.177138746256076]]],[[[134.3104425603759,-6.17663926189234],[134.3079056331385,-6.177082595285447],[134.3079111010165,-6.172870738293915],[134.3100898453702,-6.175154276148901],[134.3104425603759,-6.17663926189234]]],[[[134.3058569073704,-6.175315810576158],[134.3046646743353,-6.175325596998674],[134.3054165156598,-6.171177090949945],[134.3061922879438,-6.171713575221264],[134.3058569073704,-6.175315810576158]]],[[[134.8870330768151,-6.162993025607547],[134.8866515043635,-6.162864319132914],[134.8866436370943,-6.162668409919173],[134.8870054307561,-6.162828775227761],[134.8870330768151,-6.162993025607547]]],[[[134.8867481518058,-6.163974483635463],[134.8860543023642,-6.163277775249102],[134.8860564229656,-6.162604960950161],[134.8867047945906,-6.163305618259666],[134.8867481518058,-6.163974483635463]]],[[[134.1144224367462,-6.160560070790647],[134.1355365659599,-6.168994807764142],[134.134550620315,-6.180781200192235],[134.1665648277048,-6.214517548146218],[134.1932571700823,-6.214971859563593],[134.2035064979266,-6.225815404557248],[134.2239710459271,-6.222396381787546],[134.2506498750918,-6.258134572952105],[134.2689906497988,-6.262900832307564],[134.2877404847357,-6.291236327794251],[134.3032379628618,-6.29130184160667],[134.3096313997694,-6.304381793684825],[134.2947658860369,-6.329704048602895],[134.2980262567064,-6.360505192860336],[134.3117894147498,-6.355896331050807],[134.3394044750365,-6.398291195182519],[134.3498477605658,-6.398575880972127],[134.3570283245975,-6.395882532852574],[134.3558706048447,-6.406520999144742],[134.3593158437512,-6.412758311946546],[134.3597570547444,-6.412442266797117],[134.3602623100576,-6.410619637786023],[134.3644759171299,-6.405706311397167],[134.3632981676764,-6.402962894421974],[134.3668484429014,-6.399696717729312],[134.3810934756835,-6.410800666817255],[134.3868514831094,-6.402064372772535],[134.404892235888,-6.398127067110408],[134.4067185098514,-6.400086341811199],[134.4068130402896,-6.406319509637618],[134.4053914486565,-6.41141172736928],[134.4069627935981,-6.416111659025762],[134.4074205062515,-6.416168723707542],[134.4079468146938,-6.415553092800933],[134.4098884725751,-6.410342741923961],[134.4131420947319,-6.407773594675596],[134.4262240433051,-6.418089724161361],[134.4181296142904,-6.444496495816558],[134.4185161096308,-6.449627968056219],[134.4310798706396,-6.439999955733259],[134.4311229553601,-6.441913742724984],[134.4357916940315,-6.444225585842015],[134.4359051453063,-6.448966244196778],[134.4367557196008,-6.449146208430693],[134.4600702245612,-6.432919187670353],[134.4706885100668,-6.453450103839201],[134.4743695566098,-6.473840860667205],[134.4793312305519,-6.480367419720582],[134.4794586752777,-6.49112638527443],[134.4960374577626,-6.506748536415755],[134.4820786719932,-6.525904410759934],[134.4741861722541,-6.546910696871126],[134.4875412323422,-6.554851967744106],[134.496898207886,-6.549427178021786],[134.4844471580099,-6.580198428814369],[134.5024765307674,-6.586122058985814],[134.524231790265,-6.57394836362604],[134.5302941678416,-6.585738704977188],[134.5236000138296,-6.610035250726191],[134.515439234633,-6.606541613904308],[134.5108831018737,-6.616105547732757],[134.5020702206643,-6.616251387191666],[134.495943146759,-6.632481489928725],[134.5028848067884,-6.639630146014389],[134.4912487504296,-6.646554694643373],[134.4951953263034,-6.65589444367363],[134.4817974153185,-6.66685587359959],[134.4695539289708,-6.663838281211624],[134.4641647955689,-6.680132532590281],[134.4470771685766,-6.671516805256309],[134.4387076297534,-6.654146458392311],[134.4247153289493,-6.65019976380801],[134.4330159491268,-6.659346538112202],[134.4294444813778,-6.676130872341871],[134.4425472321691,-6.6815436489202],[134.4473007418359,-6.694915673819216],[134.4384126620148,-6.707946605651286],[134.4152744475577,-6.715831653607899],[134.3996970179031,-6.735389438571707],[134.3916935607093,-6.729225443899071],[134.3868222983104,-6.733696912682311],[134.4011962282234,-6.758243703783843],[134.3749059448535,-6.769998121715907],[134.3652342056941,-6.800791180168789],[134.3584543957538,-6.799566754102385],[134.3537593564092,-6.804286771217408],[134.3558829966032,-6.810774080259544],[134.3622924018729,-6.805632303587909],[134.3782938097116,-6.810597411141543],[134.37551059234,-6.819684558595433],[134.3586444216029,-6.827865561746264],[134.3323649651712,-6.860947443369784],[134.2119458124494,-6.906711110329392],[134.1972899109008,-6.941684872358937],[134.1913598433821,-6.9268302853893],[134.1698121330235,-6.917710373834644],[134.1725877016612,-6.908266888006479],[134.1584940193836,-6.880694380940859],[134.1335893871406,-6.851847252148938],[134.1177137962548,-6.844938529789228],[134.0947957151503,-6.849970649425855],[134.0723917207014,-6.830228835292455],[134.0517671797116,-6.774235138141086],[134.0842467601799,-6.695865545858196],[134.0993215011864,-6.489611424227774],[134.1163658348155,-6.448570999352103],[134.1307041245957,-6.463364665346986],[134.1347701619135,-6.481241617406645],[134.1512623756581,-6.49055253866864],[134.1566821858342,-6.489127836280576],[134.1704053384357,-6.478847407182079],[134.1804050423588,-6.483287343036429],[134.1826782470035,-6.495457507657835],[134.2004513075818,-6.486120548324585],[134.213195179414,-6.514389141445668],[134.2074511609423,-6.528763465261615],[134.2110695283361,-6.546478947645244],[134.2178924337888,-6.545960225883699],[134.2222557698879,-6.537630922728858],[134.2196187328182,-6.534109121838475],[134.2337551113094,-6.511839309836168],[134.2215596586514,-6.509282102886686],[134.2231214761753,-6.493895457209557],[134.195681944666,-6.465837436748227],[134.2008818912863,-6.456701400349266],[134.2071949306016,-6.46034352513352],[134.2158246549839,-6.455254758100607],[134.2171617517135,-6.443913394287718],[134.189797597781,-6.46274987710516],[134.1840643639792,-6.458873867434959],[134.1850550688364,-6.450777111874188],[134.2037247148238,-6.443644688551479],[134.213595499133,-6.431088974676395],[134.2114196505965,-6.425593410107736],[134.2040959360786,-6.432493260655362],[134.1988270087595,-6.424556254367601],[134.1640254678012,-6.458325500421473],[134.14076430343,-6.463353486773896],[134.1159281338763,-6.417336323412552],[134.1159784059787,-6.386464260417294],[134.1277106861993,-6.364304090161602],[134.1368292056035,-6.30979963614429],[134.1178035701787,-6.243298429279046],[134.1237647893137,-6.238862505300328],[134.0960327730941,-6.17277727085435],[134.0990996968935,-6.164028945679227],[134.1144224367462,-6.160560070790647]]],[[[134.8866503631239,-6.158924393745727],[134.8864323944395,-6.16117827825489],[134.8870608883494,-6.162373647225986],[134.8851828619995,-6.160932631135977],[134.8866503631239,-6.158924393745727]]],[[[134.8749221999996,-6.159465749644592],[134.8747021349956,-6.159410427848914],[134.8745441394006,-6.158632770585796],[134.8750644961297,-6.159132118252656],[134.8749221999996,-6.159465749644592]]],[[[134.7349018889111,-6.159329673225748],[134.7350883291631,-6.158146412726654],[134.7369669967296,-6.157409231250969],[134.7361654921438,-6.158938487021518],[134.7349018889111,-6.159329673225748]]],[[[134.7395905403711,-6.157719217667682],[134.7396085268122,-6.157323456612199],[134.7403660581472,-6.156749958943379],[134.7402591017762,-6.157139740406662],[134.7395905403711,-6.157719217667682]]],[[[134.7480810865729,-6.15223197812325],[134.7478379215829,-6.152182391304243],[134.7480418626419,-6.151555190619521],[134.7481466219691,-6.151616584637657],[134.7480810865729,-6.15223197812325]]],[[[134.7633994584184,-6.149003554969993],[134.7632018270029,-6.148815476153206],[134.7634648706073,-6.148625622974072],[134.763498385642,-6.14884133256142],[134.7633994584184,-6.149003554969993]]],[[[134.7728101028041,-6.150218699133595],[134.7690086100594,-6.148954559005641],[134.7704394925886,-6.145652465189037],[134.7747847541132,-6.146736747203078],[134.7728101028041,-6.150218699133595]]],[[[134.8887181536199,-6.139517489840233],[134.8885353196493,-6.139440933252408],[134.8885109606124,-6.139157753827255],[134.8886645018653,-6.139182351184473],[134.8887181536199,-6.139517489840233]]],[[[134.8884198547925,-6.140372878205706],[134.886866111382,-6.157814294893774],[134.8752609701178,-6.162443369865559],[134.8767913518395,-6.145121589989325],[134.8884198547925,-6.140372878205706]]],[[[134.8876967629953,-6.137831859952295],[134.8872875408873,-6.137649717560371],[134.8874794301316,-6.137121400032512],[134.8876869397005,-6.137533047612002],[134.8876967629953,-6.137831859952295]]],[[[134.7652544756136,-6.129874770004554],[134.765084465076,-6.1298351179963],[134.7648256293993,-6.129472873774037],[134.7652664222077,-6.129682825901631],[134.7652544756136,-6.129874770004554]]],[[[134.2757760652134,-6.119824418062406],[134.2868253067426,-6.127397930070337],[134.2822654319042,-6.145528229244305],[134.2646106420675,-6.127237896611585],[134.2757760652134,-6.119824418062406]]],[[[134.7716077083292,-6.118390243115161],[134.7724396360805,-6.119330552662809],[134.7705871540739,-6.119353510555995],[134.7708484790741,-6.118512607570707],[134.7716077083292,-6.118390243115161]]],[[[134.247820125898,-6.112214794676944],[134.2445681989633,-6.11485137938759],[134.2420348708127,-6.115151486751617],[134.2431244894038,-6.112244421942473],[134.247820125898,-6.112214794676944]]],[[[134.7778259213293,-6.102852863868494],[134.7776322577226,-6.102660835229282],[134.7784707802024,-6.101956705637405],[134.7784447897952,-6.102663149184976],[134.7778259213293,-6.102852863868494]]],[[[134.7898125361197,-6.102119840857937],[134.7895081156071,-6.102036610401188],[134.7894429363426,-6.101884212186607],[134.789868026988,-6.101771582892183],[134.7898125361197,-6.102119840857937]]],[[[134.7903388607499,-6.101579134269545],[134.7901056305705,-6.101446459086794],[134.7902164171539,-6.101248616330483],[134.7903686040279,-6.101349596706455],[134.7903388607499,-6.101579134269545]]],[[[134.7789569680897,-6.102311122160557],[134.7785972950292,-6.101982482905192],[134.7795129235826,-6.101260573716409],[134.7794751043927,-6.101891815954533],[134.7789569680897,-6.102311122160557]]],[[[134.7921040761422,-6.101562411376164],[134.791613878178,-6.10133465177272],[134.7915665126844,-6.10112091709654],[134.7921239727432,-6.101233927703546],[134.7921040761422,-6.101562411376164]]],[[[134.7948805270148,-6.094269386223131],[134.7945485081073,-6.093988260849485],[134.7951614941077,-6.093630319883284],[134.7952345370443,-6.093903431398199],[134.7948805270148,-6.094269386223131]]],[[[134.7918359486702,-6.092968425152704],[134.7959330917389,-6.097293488803394],[134.7941897253757,-6.101686891037143],[134.787024043325,-6.094618577685099],[134.7918359486702,-6.092968425152704]]],[[[134.7877789198613,-6.092749926767719],[134.78768266902,-6.093841144353255],[134.7862832429773,-6.093225165409048],[134.7864375639425,-6.092920482294399],[134.7877789198613,-6.092749926767719]]],[[[134.8468901177848,-6.066395335576206],[134.846652924293,-6.066301979652592],[134.8467902255885,-6.066115438676504],[134.8469291483616,-6.066190110285311],[134.8468901177848,-6.066395335576206]]],[[[134.2716887553319,-6.055357127829168],[134.2716458765561,-6.055355161911161],[134.2715905151902,-6.055293730121462],[134.2716951090421,-6.055276026067683],[134.2716887553319,-6.055357127829168]]],[[[134.2735900867132,-6.055033862922413],[134.2732103030131,-6.054665734436052],[134.273324597852,-6.054421499252686],[134.2735229766041,-6.054743726341786],[134.2735900867132,-6.055033862922413]]],[[[134.2741466339601,-6.054505491435228],[134.2740580570338,-6.054456301217285],[134.2740709506139,-6.054313163321793],[134.2742004421968,-6.054407242300356],[134.2741466339601,-6.054505491435228]]],[[[134.750923813883,-6.046006282064268],[134.7506313129847,-6.045879501038057],[134.7506353203638,-6.045760770742862],[134.750846849003,-6.04572722782926],[134.750923813883,-6.046006282064268]]],[[[134.3487772076021,-6.037822362412085],[134.3477454792705,-6.036351194751769],[134.3475445851145,-6.034332625949882],[134.3491682472169,-6.036680806174192],[134.3487772076021,-6.037822362412085]]],[[[134.3059311329154,-6.028017046049764],[134.3054908221439,-6.027875145621379],[134.3060847892816,-6.027090060857602],[134.3061806282335,-6.027220215240695],[134.3059311329154,-6.028017046049764]]],[[[134.8649484226316,-6.025976837760786],[134.8645570628583,-6.025873839306221],[134.8650908455661,-6.025569225439379],[134.8651006913439,-6.025725559087184],[134.8649484226316,-6.025976837760786]]],[[[134.8658133141332,-6.021201837894433],[134.865022972832,-6.019857987256287],[134.8655768742734,-6.018100881050773],[134.8670136149864,-6.019318242043229],[134.8658133141332,-6.021201837894433]]],[[[134.8647171520749,-6.017978164960328],[134.8642764851717,-6.017457611279634],[134.8644682835846,-6.017204363090815],[134.8649405994291,-6.017641811320543],[134.8647171520749,-6.017978164960328]]],[[[134.8623870113515,-6.016592369042576],[134.8621436979734,-6.017322513323257],[134.8613867188222,-6.016991848794787],[134.8619760103846,-6.016018391135773],[134.8623870113515,-6.016592369042576]]],[[[134.8637661468903,-6.016664393047292],[134.8631582528512,-6.016260190055681],[134.8633004860287,-6.015765231080453],[134.863772538372,-6.016429182560649],[134.8637661468903,-6.016664393047292]]],[[[134.8680377386507,-6.010729611282509],[134.8688632677257,-6.014286498323233],[134.8672135729481,-6.017914128733962],[134.8632577358559,-6.013320101241585],[134.8680377386507,-6.010729611282509]]],[[[134.8687920153393,-6.010082245099539],[134.8680850124134,-6.010445177303029],[134.8673743474482,-6.007530347747351],[134.8688633990267,-6.008654568653319],[134.8687920153393,-6.010082245099539]]],[[[134.1519245491787,-6.005118166370219],[134.1590880099038,-6.011678514751643],[134.1550972323514,-6.025278214717814],[134.1624243211257,-6.040916834244462],[134.1766030576851,-6.034340548977094],[134.1936544833678,-6.037520551731993],[134.1977760754056,-6.018579091052149],[134.2270388015995,-6.016219771824963],[134.2292284043674,-6.054779372769818],[134.2452831222183,-6.074404019629735],[134.2726543331311,-6.054935367373274],[134.2794942303745,-6.060939232359689],[134.2438549106756,-6.09552655930317],[134.2325370866173,-6.126779465400015],[134.24619113891,-6.142468652905978],[134.2700992278971,-6.148392396391936],[134.2748354067287,-6.167224906004591],[134.2816016243156,-6.159562299960068],[134.3026307963743,-6.168901524685547],[134.30672052813,-6.183449076813456],[134.3108235824425,-6.189174369601406],[134.310728060052,-6.193137356303938],[134.3267365536491,-6.208333479706222],[134.3213462871016,-6.216470470935479],[134.3258737890442,-6.232657964693259],[134.3310850185588,-6.232865723374363],[134.3394639768811,-6.225653475327579],[134.3510578370496,-6.229781903112278],[134.3404916573642,-6.246896177016906],[134.3376099273563,-6.256192608402137],[134.3296660142751,-6.258675732798817],[134.3208393419622,-6.267517869853715],[134.3161610623832,-6.275681955857485],[134.2943270402608,-6.286291907345624],[134.2831485490664,-6.280201301848524],[134.2566139837483,-6.238168755683463],[134.2537029592242,-6.237661561431888],[134.2495863278468,-6.242784974846653],[134.2460240781487,-6.239874083422129],[134.2316940027761,-6.203799779636102],[134.2206787574188,-6.194919755042675],[134.2127400810899,-6.191893930260654],[134.2017365521002,-6.199801881251758],[134.1794047902989,-6.200111372142096],[134.1639802588819,-6.187492038426771],[134.1692662373471,-6.166092248558356],[134.2024380808529,-6.144555885845441],[134.1992187777244,-6.127067724196048],[134.1797768443259,-6.121335452669],[134.1728443807636,-6.131540961046492],[134.1496006974144,-6.137037022940176],[134.1509279807418,-6.151216413306741],[134.1273589487565,-6.127799277714433],[134.114665643105,-6.100749866712966],[134.124994403569,-6.066262897814471],[134.121617926826,-6.04926118485574],[134.1279673913821,-6.031114648422235],[134.1519245491787,-6.005118166370219]]],[[[134.8646526464025,-5.99904029797134],[134.8641090763728,-5.999065889079506],[134.8640063216345,-5.998949110313204],[134.8641625383704,-5.99868199997429],[134.8646526464025,-5.99904029797134]]],[[[134.8653608319368,-5.998510926438064],[134.8659157163373,-5.998947601250729],[134.8643959681995,-5.997910295323797],[134.864599578308,-5.997827233040346],[134.8653608319368,-5.998510926438064]]],[[[134.8678235740987,-6.000271727058574],[134.8657451068512,-6.00148843874038],[134.8668845568768,-5.99767542028438],[134.8680972126164,-5.999581684447167],[134.8678235740987,-6.000271727058574]]],[[[134.8657157862545,-5.997091857403251],[134.8652753172022,-5.996566489651726],[134.8655069492864,-5.996204695090571],[134.865716253902,-5.996691814675418],[134.8657157862545,-5.997091857403251]]],[[[134.8665408944468,-5.995963841358146],[134.8661645983176,-5.995980509392921],[134.8660153414349,-5.995684657620774],[134.8663316347971,-5.995520770567068],[134.8665408944468,-5.995963841358146]]],[[[134.8695097471772,-5.993469815379608],[134.8697985266807,-5.995060707985259],[134.8688824349765,-5.99664304893757],[134.8667048111782,-5.993550158113229],[134.8695097471772,-5.993469815379608]]],[[[134.8670161330881,-5.99217856608785],[134.8667469264295,-5.992093289673476],[134.8668722676412,-5.9917372148006],[134.8670269582276,-5.991856992805892],[134.8670161330881,-5.99217856608785]]],[[[134.7137974489931,-5.980612121751942],[134.7136014516458,-5.980523659039586],[134.7135613589696,-5.98032876965691],[134.7137709828446,-5.980355163859644],[134.7137974489931,-5.980612121751942]]],[[[134.859667399431,-5.965099401016508],[134.8594694271724,-5.965001937889073],[134.8595394789639,-5.964797875421527],[134.8596957388673,-5.964844847012055],[134.859667399431,-5.965099401016508]]],[[[134.8601212090266,-5.964618178286222],[134.8598349125513,-5.964426298934526],[134.8600033447787,-5.964119526694737],[134.8602978610575,-5.964348632583309],[134.8601212090266,-5.964618178286222]]],[[[134.6816746331779,-5.963985211148585],[134.6785697103239,-5.962400324215515],[134.678074358345,-5.959686176575722],[134.6806936445961,-5.961236862291289],[134.6816746331779,-5.963985211148585]]],[[[134.8768112574337,-5.959761207014028],[134.8767151432893,-5.959617499847684],[134.8769877260028,-5.959327347079383],[134.8769849569902,-5.959451877102388],[134.8768112574337,-5.959761207014028]]],[[[134.8755815532461,-5.957541395119196],[134.875835678274,-5.959606541608568],[134.8749838296401,-5.960049121369852],[134.8743009249478,-5.957961937893045],[134.8755815532461,-5.957541395119196]]],[[[134.6900595153344,-5.965601347723996],[134.6830191169388,-5.963115289738744],[134.6789570321414,-5.956673177924791],[134.6892491011652,-5.9607046354105],[134.6900595153344,-5.965601347723996]]],[[[134.6626388363134,-5.952066116557989],[134.6623275368864,-5.951869233378363],[134.6623702636767,-5.951628209674079],[134.6626411970337,-5.951832655252857],[134.6626388363134,-5.952066116557989]]],[[[134.8594814574034,-5.950750334660152],[134.8645844247315,-5.954371291202135],[134.8608220713815,-5.964134387092272],[134.8527936418132,-5.95777161706648],[134.8594814574034,-5.950750334660152]]],[[[134.7487725761935,-5.951202501194412],[134.749366966912,-5.960424292447079],[134.7385401861807,-5.95166702171566],[134.7477905120225,-5.950116503273931],[134.7487725761935,-5.951202501194412]]],[[[134.7395910430922,-5.950531084441905],[134.7391901945719,-5.950361278050468],[134.7391396949411,-5.949677132293799],[134.739709914581,-5.949920519416344],[134.7395910430922,-5.950531084441905]]],[[[134.7513767295525,-5.949123041095453],[134.7522293695898,-5.949208232973539],[134.7529348310777,-5.95010186680767],[134.7515684299391,-5.949778981414759],[134.7513767295525,-5.949123041095453]]],[[[134.7995205215549,-5.949158761267785],[134.799444291421,-5.94915307935107],[134.7995347578229,-5.948828011303656],[134.7995827285602,-5.948907183119959],[134.7995205215549,-5.949158761267785]]],[[[134.8009508986651,-5.951445554668559],[134.8001492510871,-5.950851602819166],[134.8009011787464,-5.948381109400617],[134.8015671393121,-5.949421670873426],[134.8009508986651,-5.951445554668559]]],[[[134.799885005089,-5.948443670738771],[134.7997833772012,-5.948401229932791],[134.799808858592,-5.948203352102936],[134.799989518002,-5.948319323278088],[134.799885005089,-5.948443670738771]]],[[[134.7972308548202,-5.947967037248939],[134.7972190557149,-5.949346590073005],[134.7958527723875,-5.948628038053431],[134.796632338012,-5.947825467771021],[134.7972308548202,-5.947967037248939]]],[[[134.7380339191301,-5.947539432998354],[134.7368540229949,-5.94691694296248],[134.7363632719475,-5.945814197866887],[134.7379327283128,-5.946583875445447],[134.7380339191301,-5.947539432998354]]],[[[134.6000698233637,-5.945312924751604],[134.5997594025744,-5.945103507720687],[134.5999072727026,-5.943644927871076],[134.600099123276,-5.943837297353375],[134.6000698233637,-5.945312924751604]]],[[[134.5985155331654,-5.948439611199045],[134.5974826447084,-5.947788670210911],[134.5986093729244,-5.9436226210871],[134.5995053476937,-5.946190108186914],[134.5985155331654,-5.948439611199045]]],[[[134.7914787388528,-5.943275700413223],[134.7913573546582,-5.943213461032374],[134.79134898197,-5.942953377096653],[134.7915296431786,-5.94305521632517],[134.7914787388528,-5.943275700413223]]],[[[134.6025718551071,-5.945751323564678],[134.6020876151514,-5.943828673754207],[134.6035791101879,-5.942772480265716],[134.6039285678492,-5.943666034959509],[134.6025718551071,-5.945751323564678]]],[[[134.7913745173201,-5.942625459097587],[134.7910979353216,-5.94232852364243],[134.7912250976602,-5.942034567641111],[134.7914565858529,-5.942119463642274],[134.7913745173201,-5.942625459097587]]],[[[134.7482347654221,-5.941765882589393],[134.7480823429259,-5.94167535143633],[134.7481728219183,-5.941387043177463],[134.7482292615713,-5.94144926187388],[134.7482347654221,-5.941765882589393]]],[[[134.7500700056263,-5.941698868707749],[134.7494433886016,-5.941302811775343],[134.7488621028039,-5.940567539560319],[134.749810609672,-5.940907203604499],[134.7500700056263,-5.941698868707749]]],[[[134.5120252138926,-5.93783380018971],[134.5112001362774,-5.936075379175313],[134.5138048921821,-5.935196881830577],[134.5131536337333,-5.937084230552684],[134.5120252138926,-5.93783380018971]]],[[[134.7962024009202,-5.935179634632418],[134.7959934992006,-5.935106056599152],[134.7959907193963,-5.934987323606026],[134.7961827228545,-5.934947817287898],[134.7962024009202,-5.935179634632418]]],[[[134.5870529029692,-5.935285813989103],[134.5860710195619,-5.934437007761665],[134.5873370131928,-5.932894460011243],[134.58757943894,-5.93340348528251],[134.5870529029692,-5.935285813989103]]],[[[134.6593528619451,-5.935210657645732],[134.6554743998238,-5.933902215115054],[134.6573794220228,-5.93051107762406],[134.6593028947129,-5.93381977696115],[134.6593528619451,-5.935210657645732]]],[[[134.779473812966,-5.927756725792203],[134.7794708479014,-5.928112922073651],[134.7791178693942,-5.928268264668616],[134.7790192542352,-5.927762199066215],[134.779473812966,-5.927756725792203]]],[[[134.7459101528313,-5.937688351935825],[134.7374029538833,-5.944412525317747],[134.7296788270163,-5.937807782802888],[134.7279941692956,-5.932123845339169],[134.7267735050932,-5.930896043217774],[134.7236108052945,-5.929045616162191],[134.7459101528313,-5.937688351935825]]],[[[134.6360197590048,-5.928151102791083],[134.6353536050849,-5.927930165444709],[134.6353255570289,-5.927647453666988],[134.6358056070432,-5.927512076920819],[134.6360197590048,-5.928151102791083]]],[[[134.7253220964377,-5.926274593597539],[134.725169647861,-5.926251902803052],[134.7252714016539,-5.926020143015157],[134.7254125196721,-5.926116330004553],[134.7253220964377,-5.926274593597539]]],[[[134.6351620144156,-5.927330731328143],[134.6343888330782,-5.926719605125611],[134.6343949889377,-5.925945030738581],[134.6346095177152,-5.926007365447531],[134.6351620144156,-5.927330731328143]]],[[[134.6307717723994,-5.931063548244068],[134.630015102615,-5.930844637070346],[134.6287064001803,-5.925764488240474],[134.6298723352402,-5.927204061817974],[134.6307717723994,-5.931063548244068]]],[[[134.7261972150296,-5.926495529145352],[134.7263219482993,-5.92546658061817],[134.7277954344118,-5.926044003827683],[134.7276089806699,-5.926275723145994],[134.7261972150296,-5.926495529145352]]],[[[134.73745234465,-5.923566598219913],[134.7372773509691,-5.923459090564513],[134.7373338949434,-5.923295154048062],[134.7374581147004,-5.923306520579422],[134.73745234465,-5.923566598219913]]],[[[134.6351431133641,-5.930315951719737],[134.6312643202922,-5.930963610182419],[134.6291737832436,-5.923131598844193],[134.632729332093,-5.925819544736192],[134.6351431133641,-5.930315951719737]]],[[[134.7385482917703,-5.922492873347344],[134.7387569461762,-5.923069669729467],[134.7379045462579,-5.922566070068028],[134.7381587459295,-5.922345687603396],[134.7385482917703,-5.922492873347344]]],[[[134.7248395454087,-5.920094639555965],[134.7244049938954,-5.919619496242738],[134.7249473804173,-5.91898087416796],[134.7250656916283,-5.919518053615284],[134.7248395454087,-5.920094639555965]]],[[[134.5402477644228,-5.9197520976811],[134.5707726846118,-5.936976810131593],[134.5889157199845,-5.93885272037669],[134.5976170501867,-5.949326609835096],[134.6325000193605,-5.9368050432181],[134.6586278779743,-5.945002923046409],[134.6529542782174,-5.960739729654722],[134.6620173040555,-5.975337474744594],[134.7390498850442,-6.032708709339455],[134.7825416693625,-6.09358530341895],[134.7627838023307,-6.12700613592441],[134.7622889162005,-6.138716971810768],[134.7142221664199,-6.166687329057011],[134.7268114429937,-6.170682203920545],[134.7627855227338,-6.155767998194487],[134.7688221796999,-6.16612127058012],[134.7564782004086,-6.187691337185423],[134.7647057443747,-6.204491450020359],[134.7291179270508,-6.301669635345312],[134.7203142261206,-6.307502035590388],[134.7068194788359,-6.299307896941889],[134.6951027317057,-6.304779723905066],[134.6977314833214,-6.312413895185002],[134.7090441506671,-6.312624058653319],[134.7026502892795,-6.327444548726894],[134.6780016391643,-6.345227994676143],[134.6296993029806,-6.357611385856713],[134.6224764932956,-6.374013352634015],[134.5882643356307,-6.35181099967788],[134.5650630652084,-6.356317248841918],[134.5530412707382,-6.352066721002262],[134.5506942326527,-6.347305094054771],[134.546994407366,-6.346884106116572],[134.5452802842577,-6.330630538268681],[134.5397313808986,-6.321044880416852],[134.5449233649214,-6.302047659971492],[134.5325204242782,-6.306615124188556],[134.5203359181681,-6.318440093935144],[134.5157440022839,-6.316426284345481],[134.5094189462274,-6.298177685651644],[134.5069941167851,-6.295431607582617],[134.504056521791,-6.294806922301603],[134.508855036231,-6.286740729301225],[134.5025955371544,-6.28627978268577],[134.4980339850804,-6.291997894387328],[134.4949232840823,-6.284340140185289],[134.492229159848,-6.283158509257784],[134.4846106736437,-6.296663318157573],[134.4855971966534,-6.287334995013953],[134.484382966201,-6.284046941413183],[134.4830440357537,-6.283873183400671],[134.4796666929635,-6.293746779889967],[134.4768631653029,-6.293043909348909],[134.4759557601503,-6.294917531718695],[134.4755144196548,-6.285077810892207],[134.4744609798904,-6.279615935826736],[134.4723900111901,-6.274868571227525],[134.4748824957307,-6.266476212107434],[134.4743774427649,-6.264092419629445],[134.4651762693694,-6.256121443249966],[134.4470245069755,-6.264650741238657],[134.4461220552887,-6.253797633753758],[134.4427808661442,-6.241115825035219],[134.4515822351322,-6.231106802337009],[134.4412061622346,-6.223616149365777],[134.4230658940757,-6.218118283431976],[134.3953873263642,-6.234652375906328],[134.3840533837568,-6.220838863023096],[134.374330216866,-6.230794686325662],[134.3701488900594,-6.212376038423332],[134.3680502384278,-6.209942500845659],[134.3623303676524,-6.207549835656304],[134.3453726117567,-6.220170462596712],[134.3440542730863,-6.212689194050983],[134.3420193869852,-6.20905143997195],[134.3367950021876,-6.208100780126883],[134.3324480769174,-6.210204083051955],[134.3227989557073,-6.197348521716854],[134.3123811569649,-6.171463151802995],[134.2834922303822,-6.146043949968298],[134.2878455066649,-6.126864442340078],[134.2714368318444,-6.110385132967425],[134.2718850503549,-6.087958382073636],[134.2914879246281,-6.071510147874974],[134.2827803828085,-6.044848065885481],[134.3185319783681,-6.024416914209122],[134.3437376137,-6.032453300079669],[134.3517836663831,-6.043238673326083],[134.3817624426827,-6.019412511677994],[134.4102161666429,-6.025038269300679],[134.4288511383694,-6.021002492371056],[134.4390336133107,-6.015360532562467],[134.4656077110271,-5.978019998623977],[134.4698117996748,-5.959209008888581],[134.4876822514349,-5.961387683095047],[134.5402477644228,-5.9197520976811]]],[[[134.7672551676919,-5.918760367596824],[134.7667667980494,-5.918621640875958],[134.7668714260756,-5.918223083828237],[134.7673173432208,-5.918610564825658],[134.7672551676919,-5.918760367596824]]],[[[134.7272967126733,-5.918235719302948],[134.7269577258185,-5.918631324775773],[134.7255518129658,-5.918472321940075],[134.7258398927969,-5.918257615996118],[134.7272967126733,-5.918235719302948]]],[[[134.7384941705695,-5.917506100226325],[134.7382796687717,-5.91736465125761],[134.7384322846222,-5.917025488135756],[134.7385225711598,-5.917149917434709],[134.7384941705695,-5.917506100226325]]],[[[134.7704512584189,-5.917060622849383],[134.7712869093635,-5.917157084132078],[134.7686324866,-5.91845355938421],[134.7694603997776,-5.916788824344702],[134.7704512584189,-5.917060622849383]]],[[[134.5949249467289,-5.916604197125944],[134.595130532648,-5.917051536099453],[134.5947231694388,-5.917274253204211],[134.5945651729444,-5.916752675195784],[134.5949249467289,-5.916604197125944]]],[[[134.5949744400184,-5.915873227267613],[134.595299949633,-5.91621586896716],[134.5948183482882,-5.916484271631787],[134.5945994371145,-5.916006476217798],[134.5949744400184,-5.915873227267613]]],[[[134.1688647521067,-5.914759749662649],[134.1722878047385,-5.918454934447563],[134.1812452618594,-5.919627326639779],[134.166790417244,-5.922900361562337],[134.1688647521067,-5.914759749662649]]],[[[134.6322571097778,-5.914115757736019],[134.6319072546162,-5.913776295139853],[134.632432542328,-5.913522218675364],[134.632325111115,-5.913748301942493],[134.6322571097778,-5.914115757736019]]],[[[134.6217839109987,-5.912683954301005],[134.621643084361,-5.912191973880424],[134.622055535035,-5.911807793394956],[134.6220552742315,-5.912192253569585],[134.6217839109987,-5.912683954301005]]],[[[134.5991939889115,-5.912658079906378],[134.5989173763358,-5.911953165206344],[134.5995598313212,-5.91153675931391],[134.5995836246846,-5.912345775936759],[134.5991939889115,-5.912658079906378]]],[[[134.7199584660105,-5.91373155926405],[134.7180219630432,-5.913244342552363],[134.7172153116373,-5.91167214865063],[134.7189488070419,-5.911622142747656],[134.7199584660105,-5.91373155926405]]],[[[134.774581650323,-5.910466741446888],[134.7744913583896,-5.910336664405484],[134.774567631691,-5.910220790357172],[134.7746127920469,-5.910251905101286],[134.774581650323,-5.910466741446888]]],[[[134.7676059851282,-5.911000579013485],[134.7671726485989,-5.91069292903537],[134.7678942538168,-5.91005575127184],[134.7680828596363,-5.910198973703621],[134.7676059851282,-5.911000579013485]]],[[[134.7609308490795,-5.911430683379296],[134.7604286406692,-5.910661533702725],[134.7609540309039,-5.910039828775008],[134.7611854309629,-5.910288700862835],[134.7609308490795,-5.911430683379296]]],[[[134.7730705221869,-5.909390183709976],[134.7729372345658,-5.909464760889963],[134.7729091235573,-5.909165092395056],[134.773007363699,-5.909188878563824],[134.7730705221869,-5.909390183709976]]],[[[134.7809149576592,-5.910260436070284],[134.7801867190419,-5.909858719704157],[134.7804750021197,-5.909067283927953],[134.7807968128227,-5.909163527574694],[134.7809149576592,-5.910260436070284]]],[[[134.6277145558821,-5.91830788809851],[134.6275360197716,-5.923526270820715],[134.6297440442523,-5.931663638865795],[134.6124177722625,-5.935123238146892],[134.6267668548066,-5.908526090806347],[134.6277145558821,-5.91830788809851]]],[[[134.7336536227166,-5.908745894107684],[134.7335859424373,-5.90858755227364],[134.7337497638406,-5.908429321056267],[134.7337892629641,-5.908485879419771],[134.7336536227166,-5.908745894107684]]],[[[134.7384132118003,-5.909545356333083],[134.7379167356689,-5.908668765551076],[134.7388824195881,-5.908369562904951],[134.7389837839746,-5.908951962962642],[134.7384132118003,-5.909545356333083]]],[[[134.7621093395744,-5.908626843653834],[134.7658158198443,-5.909643297000481],[134.7684270832435,-5.916994491202824],[134.7647463505637,-5.91505082243751],[134.7621093395744,-5.908626843653834]]],[[[134.7729080983302,-5.908912926090596],[134.7725173878672,-5.908848311600216],[134.7724385505987,-5.908326988100025],[134.7727298877742,-5.908377992250528],[134.7729080983302,-5.908912926090596]]],[[[134.7311244970979,-5.907738281096701],[134.7310567259872,-5.907766518010397],[134.7309438835534,-5.907585538441821],[134.7310963249355,-5.907613880576061],[134.7311244970979,-5.907738281096701]]],[[[134.7449252351116,-5.90595249281323],[134.7444791803699,-5.905924019377976],[134.744479278396,-5.905709170441823],[134.7448745825961,-5.905590620011107],[134.7449252351116,-5.90595249281323]]],[[[134.7330741994149,-5.904233796652373],[134.7329444020626,-5.9040867332161],[134.7332041883227,-5.903979433304122],[134.7332662550338,-5.90406992488706],[134.7330741994149,-5.904233796652373]]],[[[134.7870006537572,-5.904280585680492],[134.7861480505922,-5.904257643075698],[134.7860154131808,-5.904119071038209],[134.7865547042364,-5.903969449030803],[134.7870006537572,-5.904280585680492]]],[[[134.7350565669071,-5.903228348309567],[134.736150904241,-5.905479124761807],[134.7365108875674,-5.908413674651384],[134.7344285289535,-5.905930617703773],[134.7350565669071,-5.903228348309567]]],[[[134.7491272957882,-5.903477989317699],[134.7488223788498,-5.903500466972903],[134.7487773426003,-5.903200790384115],[134.7493419693565,-5.903234968219166],[134.7491272957882,-5.903477989317699]]],[[[134.7336674956584,-5.90334641670374],[134.7335094128293,-5.903312417833798],[134.7335322061464,-5.902877077614991],[134.7336676791201,-5.902961951133071],[134.7336674956584,-5.90334641670374]]],[[[134.7517668248792,-5.903718788191518],[134.7512050543699,-5.903750311227877],[134.7509628435605,-5.902438492642296],[134.7514146638557,-5.902548093020047],[134.7517668248792,-5.903718788191518]]],[[[134.7493084534225,-5.90242644172683],[134.7490656661477,-5.902409370795762],[134.7490206191064,-5.902132308559142],[134.7493198658192,-5.902160713645958],[134.7493084534225,-5.90242644172683]]],[[[134.7525639182902,-5.901718332634935],[134.7522731791639,-5.901605125076407],[134.7521434807372,-5.901223427619033],[134.7524736956046,-5.901446904650846],[134.7525639182902,-5.901718332634935]]],[[[134.7433181349241,-5.90131554427689],[134.7431317792082,-5.901371997419672],[134.7430302106758,-5.901224949271881],[134.7433747157705,-5.901061144056444],[134.7433181349241,-5.90131554427689]]],[[[134.7448472791787,-5.903560851951698],[134.7430909311016,-5.904244166734855],[134.7418554307835,-5.901942451782708],[134.7449218689492,-5.900965738577994],[134.7448472791787,-5.903560851951698]]],[[[134.7519008148707,-5.900934970072739],[134.7515170237917,-5.900567293945417],[134.7515736747853,-5.900148929329577],[134.7516752936799,-5.900182897622556],[134.7519008148707,-5.900934970072739]]],[[[134.7431831763625,-5.900111198273165],[134.7425282208009,-5.900060009761602],[134.7424945277004,-5.899658566789316],[134.7430083553514,-5.899641842097284],[134.7431831763625,-5.900111198273165]]],[[[134.7569387036583,-5.898642610767783],[134.7567552320684,-5.898563375998903],[134.7567891697844,-5.89842486961201],[134.756964142781,-5.898571948336765],[134.7569387036583,-5.898642610767783]]],[[[134.7393107630814,-5.897972218343187],[134.7391472195686,-5.897542444028562],[134.739243356196,-5.897225870077775],[134.7393336364383,-5.897355953414499],[134.7393107630814,-5.897972218343187]]],[[[134.7399377533247,-5.897446697706846],[134.7393958731211,-5.897084593778938],[134.7393564621312,-5.896841456667871],[134.7399266179191,-5.897107458142584],[134.7399377533247,-5.897446697706846]]],[[[134.7898492743247,-5.896798687609265],[134.7896968374392,-5.896759052688053],[134.7898098246637,-5.896595132359454],[134.7899283732959,-5.896665851447817],[134.7898492743247,-5.896798687609265]]],[[[134.720774731169,-5.896125713230997],[134.7204247635921,-5.895916342964806],[134.7205718773903,-5.895300140988694],[134.720673488191,-5.895345422752988],[134.720774731169,-5.896125713230997]]],[[[134.7204195933896,-5.894966484415746],[134.719973636674,-5.894762718724492],[134.7203184115654,-5.89406180780612],[134.7205328423168,-5.894321995163913],[134.7204195933896,-5.894966484415746]]],[[[134.7889579238692,-5.894748799917141],[134.7874116799052,-5.907331039295975],[134.7755134711698,-5.910093958968935],[134.7759307556998,-5.897420849392602],[134.7889579238692,-5.894748799917141]]],[[[134.7648297240127,-5.893037664356696],[134.764502273661,-5.892952717094139],[134.7645306787479,-5.89253999212687],[134.7649427687939,-5.892755014632182],[134.7648297240127,-5.893037664356696]]],[[[134.7729184513255,-5.892093985049288],[134.7728366229119,-5.891986526856633],[134.7729608804403,-5.891893287844922],[134.7729918836685,-5.892017686566912],[134.7729184513255,-5.892093985049288]]],[[[134.7271785021862,-5.894410098147488],[134.7265923042915,-5.892329172153569],[134.7279368303206,-5.890871121105316],[134.72837068396,-5.892742776657726],[134.7271785021862,-5.894410098147488]]],[[[134.7722384289603,-5.891214521832725],[134.7719617768145,-5.891174831153449],[134.7721427141151,-5.890547319303322],[134.7723403068597,-5.890615246896028],[134.7722384289603,-5.891214521832725]]],[[[134.7289875964005,-5.889718235208345],[134.7284626576256,-5.889378744733235],[134.729157402792,-5.888853269063058],[134.729292798424,-5.889090798901168],[134.7289875964005,-5.889718235208345]]],[[[134.7199311949687,-5.889317985636459],[134.7194063344349,-5.888837139722173],[134.7201631921777,-5.888317361257193],[134.720343660032,-5.888741495023878],[134.7199311949687,-5.889317985636459]]],[[[134.6295753440269,-5.888145821872096],[134.6290673107079,-5.887958906778027],[134.6293160991587,-5.887421955758646],[134.6294741658002,-5.887461638343864],[134.6295753440269,-5.888145821872096]]],[[[134.796197245107,-5.886926803429197],[134.7953221651859,-5.886677709208835],[134.7962766570422,-5.885926084621111],[134.7967677723149,-5.886225923087788],[134.796197245107,-5.886926803429197]]],[[[134.772619096694,-5.885396784134204],[134.7724045724131,-5.885317541271532],[134.7727265449942,-5.884978436605496],[134.7728168207398,-5.885136782936121],[134.772619096694,-5.885396784134204]]],[[[134.6152736071913,-5.888062639978812],[134.6156030783195,-5.885162443292095],[134.6174661003803,-5.885469031170824],[134.6169003377804,-5.887142182965269],[134.6152736071913,-5.888062639978812]]],[[[134.6182117121009,-5.885000272144828],[134.6178731794038,-5.88465515641026],[134.6187657205616,-5.883994266222351],[134.6187767741289,-5.884344812063417],[134.6182117121009,-5.885000272144828]]],[[[134.6189057234205,-5.885684863065936],[134.6183806884181,-5.885599696368863],[134.6196863574395,-5.883531278145941],[134.6194142999301,-5.885063285841933],[134.6189057234205,-5.885684863065936]]],[[[134.7750519966523,-5.880652031166259],[134.774860039959,-5.880618029598298],[134.7750775257073,-5.880349554987933],[134.7751537207677,-5.880420259687184],[134.7750519966523,-5.880652031166259]]],[[[134.627485395135,-5.88095272488827],[134.6270847579553,-5.880596264206232],[134.6275199785642,-5.879889823356591],[134.6276383590231,-5.88017259359022],[134.627485395135,-5.88095272488827]]],[[[134.6267526284312,-5.879109077821613],[134.6263800950654,-5.878944867011952],[134.6265893061516,-5.87848704464136],[134.6268431505909,-5.878832100121282],[134.6267526284312,-5.879109077821613]]],[[[134.7867999988209,-5.877767477287214],[134.786687150092,-5.877572373865884],[134.7869553522078,-5.877547032769285],[134.7869072996323,-5.877702497672103],[134.7867999988209,-5.877767477287214]]],[[[134.8080972578822,-5.877194932899758],[134.8077415418387,-5.877217425843443],[134.8076456273438,-5.87701385080848],[134.8080183063997,-5.876917861669976],[134.8080972578822,-5.877194932899758]]],[[[134.6282387149448,-5.885860774954813],[134.6280524707451,-5.902703484178388],[134.6090948258656,-5.938971161989474],[134.5886280763248,-5.935609255162947],[134.5927322709776,-5.921460768199863],[134.6044930929819,-5.906769306558227],[134.6134212573852,-5.888643706341926],[134.616871576562,-5.887916740265346],[134.6195550807025,-5.885611805740235],[134.6239594267862,-5.876698661813754],[134.6282387149448,-5.885860774954813]]],[[[134.7779893182525,-5.877368270029563],[134.7780220922458,-5.880150017908895],[134.7757412595515,-5.879583713917195],[134.7761939207129,-5.877164012409234],[134.7779893182525,-5.877368270029563]]],[[[134.7805334598513,-5.87596992587132],[134.7803274179759,-5.875862420014658],[134.7805674344396,-5.875721166198814],[134.7806690344485,-5.87580036139748],[134.7805334598513,-5.87596992587132]]],[[[134.8024808010482,-5.872997750145962],[134.8023847966211,-5.873054255449421],[134.8022042550224,-5.872675377366735],[134.80244134779,-5.872799848034464],[134.8024808010482,-5.872997750145962]]],[[[134.7707984569832,-5.877848818268276],[134.7697226897504,-5.876589243099043],[134.7683693809422,-5.872314312155672],[134.7716893622743,-5.874419660139178],[134.7707984569832,-5.877848818268276]]],[[[134.7983136682412,-5.871910348383817],[134.8047654576597,-5.876092068194331],[134.7954985842923,-5.88288963524846],[134.789667504252,-5.894008760395923],[134.7828234422482,-5.881296092340697],[134.7983136682412,-5.871910348383817]]],[[[134.8002024702679,-5.871410651780077],[134.8000387351995,-5.871404940185768],[134.8000585517608,-5.871249462692488],[134.8001968692902,-5.871286262950618],[134.8002024702679,-5.871410651780077]]],[[[134.7886604641091,-5.870402572021031],[134.7899765769575,-5.875370674317163],[134.7852449990576,-5.875662881137059],[134.7836734688556,-5.873276314250456],[134.7886604641091,-5.870402572021031]]],[[[134.766525053988,-5.869973910167817],[134.7678609456262,-5.870216529269427],[134.7681248004193,-5.872193743646274],[134.7659262835711,-5.870657786127857],[134.766525053988,-5.869973910167817]]],[[[134.7652958048576,-5.868047236790534],[134.7644722776736,-5.867675100025752],[134.7646250203285,-5.866962768616783],[134.764822785743,-5.866918488697229],[134.7652958048576,-5.868047236790534]]],[[[134.762874026815,-5.867149278116627],[134.7625415402599,-5.867171083978277],[134.7618699103681,-5.866582789763867],[134.7625168601651,-5.866530774775373],[134.762874026815,-5.867149278116627]]],[[[134.7716509153575,-5.867701909715332],[134.7725694936873,-5.870061577879485],[134.7720931012157,-5.8713716050155],[134.7689424253527,-5.867911228720216],[134.7716509153575,-5.867701909715332]]],[[[134.8014741925801,-5.867600346578675],[134.8060476525772,-5.867183557575099],[134.7953017631659,-5.871103566576234],[134.7962266943067,-5.86616518597454],[134.8014741925801,-5.867600346578675]]],[[[134.7669062577177,-5.866398329818948],[134.7662796110153,-5.866245412695629],[134.7662910737741,-5.86583268143304],[134.7666072250435,-5.86590066028723],[134.7669062577177,-5.866398329818948]]],[[[134.7621794579158,-5.866330335676454],[134.7613337210744,-5.866147209426113],[134.7610460639249,-5.865462961146743],[134.7619660209152,-5.86569665177901],[134.7621794579158,-5.866330335676454]]],[[[134.7688728528999,-5.864775359295286],[134.7685567151203,-5.864679112051333],[134.7685680510748,-5.864571690730872],[134.7688446987239,-5.864588767957261],[134.7688728528999,-5.864775359295286]]],[[[134.7602890559953,-5.866491653367038],[134.7593913410376,-5.866479960381791],[134.757737792665,-5.864760452133114],[134.7593526036399,-5.864648070152238],[134.7602890559953,-5.866491653367038]]],[[[134.7672536370457,-5.863490753295578],[134.7668415011345,-5.863434042047348],[134.766762544256,-5.863224812974702],[134.7670166746799,-5.863077916812357],[134.7672536370457,-5.863490753295578]]],[[[134.7667370089059,-5.862479062758456],[134.7666861603381,-5.862563850841055],[134.7665507197399,-5.862439784868093],[134.7666241412911,-5.862354628962922],[134.7667370089059,-5.862479062758456]]],[[[134.3199904988624,-5.859383611564421],[134.3229364323705,-5.862567149554269],[134.3206045595528,-5.864847625217688],[134.3174903691853,-5.863304160158815],[134.3199904988624,-5.859383611564421]]],[[[134.7556768514057,-5.859559304018606],[134.7577837812966,-5.8602156103621],[134.7612724691491,-5.86511952984237],[134.7521788987372,-5.858318040844849],[134.7556768514057,-5.859559304018606]]],[[[134.768193082345,-5.856537296858714],[134.7678261508562,-5.856401450666374],[134.7688820907359,-5.856040034719782],[134.7688086062323,-5.856254853978252],[134.768193082345,-5.856537296858714]]],[[[134.769621141003,-5.855624250258876],[134.7693049969281,-5.855556273203336],[134.7697798272772,-5.854159946224494],[134.7700261362972,-5.855015054900806],[134.769621141003,-5.855624250258876]]],[[[134.7701941107697,-5.85145314244853],[134.7699569838278,-5.851453045321779],[134.7698807986599,-5.851368204179223],[134.7702139273309,-5.851317456335518],[134.7701941107697,-5.85145314244853]]],[[[134.7616892833338,-5.849096821561054],[134.7693033151959,-5.852593611406024],[134.7665686845971,-5.85721678682514],[134.7653551223412,-5.865387347048382],[134.7514967557708,-5.855628295409491],[134.7616892833338,-5.849096821561054]]],[[[134.7661305250038,-5.847252679867213],[134.7659216205864,-5.84726955474613],[134.7657974763725,-5.847116847164705],[134.7659612671988,-5.846969913230885],[134.7661305250038,-5.847252679867213]]],[[[134.7655829691787,-5.847031947566243],[134.7638441965524,-5.846675021934703],[134.7640873993141,-5.845646107581696],[134.7656339319605,-5.846670117931544],[134.7655829691787,-5.847031947566243]]],[[[134.6816017602131,-5.844354632560193],[134.6814550340227,-5.844241471766479],[134.6815286111566,-5.843919241080079],[134.6816583455562,-5.844128508823569],[134.6816017602131,-5.844354632560193]]],[[[134.6853436216109,-5.844900907750609],[134.6848652362418,-5.843977661939518],[134.6857235078337,-5.843774603115363],[134.6860197822872,-5.84402702482734],[134.6853436216109,-5.844900907750609]]],[[[134.6863777511323,-5.844973594555717],[134.6857115432532,-5.844592287404086],[134.6878599579708,-5.842541084003797],[134.6873815141456,-5.84414896570216],[134.6863777511323,-5.844973594555717]]],[[[134.3023936145737,-5.842463074111563],[134.302639176257,-5.843240681911847],[134.3022327636312,-5.843407814618899],[134.3020642981289,-5.842622973571369],[134.3023936145737,-5.842463074111563]]],[[[134.7686950991995,-5.843946189265185],[134.7682276298013,-5.841186874974261],[134.7688997714074,-5.840474755805295],[134.7698993750562,-5.84149672829131],[134.7686950991995,-5.843946189265185]]],[[[134.7540901037753,-5.840697100590634],[134.7535990028918,-5.840510306005767],[134.7537572601894,-5.840108945771209],[134.7541861927387,-5.840442715658759],[134.7540901037753,-5.840697100590634]]],[[[134.7720158080831,-5.840874518843878],[134.7703395131581,-5.840830865751804],[134.7696793604142,-5.83984115734351],[134.7712112925672,-5.839581336909098],[134.7720158080831,-5.840874518843878]]],[[[134.7730611512513,-5.838678908604748],[134.7729827492545,-5.84088563266583],[134.7735233011595,-5.841917715330228],[134.7713110948313,-5.839581743402692],[134.7730611512513,-5.838678908604748]]],[[[134.8349937769414,-5.836351595349835],[134.8348159737781,-5.83622150122121],[134.8352620492043,-5.836015263293763],[134.8352337718212,-5.836182046164388],[134.8349937769414,-5.836351595349835]]],[[[134.6888034250382,-5.838399456869396],[134.6882452760987,-5.836991327187916],[134.6888556864409,-5.835770421967349],[134.6891038255811,-5.836262448253374],[134.6887025597754,-5.837025503224406],[134.6888034250382,-5.838399456869396]]],[[[134.313018771799,-5.835737486995355],[134.314457341733,-5.837572339591794],[134.3131413700782,-5.839370063677477],[134.3110880253921,-5.837651457448771],[134.313018771799,-5.835737486995355]]],[[[134.757003352323,-5.835678031915651],[134.7567840337562,-5.835496580202974],[134.7568314280281,-5.83505037077792],[134.7570837822908,-5.835157694072261],[134.757003352323,-5.835678031915651]]],[[[134.7015729437364,-5.835183650305157],[134.7013386766387,-5.83512698582174],[134.7016041358223,-5.834917933016096],[134.7016435746913,-5.835070609121277],[134.7015729437364,-5.835183650305157]]],[[[134.7018813068769,-5.833911684276742],[134.7015285496029,-5.833724917570819],[134.701712538303,-5.83277233227724],[134.701983382627,-5.833052344290194],[134.7018813068769,-5.833911684276742]]],[[[134.7097302533486,-5.833045083164005],[134.7551394786041,-5.847042680075524],[134.7563058372447,-5.84899790872642],[134.7511200045847,-5.853713055113356],[134.7507432363113,-5.858724200761215],[134.7726557017993,-5.886524814568509],[134.7553922843265,-5.897081452447032],[134.7530469693423,-5.90107682823298],[134.7438099912382,-5.899964484673229],[134.7392663608539,-5.896326908659847],[134.7381806534144,-5.899763979024345],[134.7411931898139,-5.905419300959895],[134.7388489180432,-5.907566692249037],[134.7328786499298,-5.899897154230231],[134.7286954093657,-5.898425114227627],[134.7304501773338,-5.889306208115012],[134.7279046687656,-5.887343065430065],[134.7113421109497,-5.89151297444415],[134.7110155599202,-5.911516303334689],[134.7259616681965,-5.923227456681771],[134.7225032901947,-5.928551712091838],[134.7365087705633,-5.948584679039629],[134.7318208664399,-5.95066871129191],[134.7456254850282,-5.967314685724182],[134.7328514436392,-5.979792435572388],[134.7120745547969,-5.977362659858868],[134.6953051681991,-5.956134027163599],[134.6792749550752,-5.953750311127929],[134.6666887272032,-5.933852542860477],[134.6576456887975,-5.929092122803218],[134.6374245701878,-5.929978219419211],[134.6340687050069,-5.924096005726013],[134.6286457597941,-5.919009588621619],[134.6342060440737,-5.912737505331548],[134.6279928843642,-5.907384834042854],[134.6312030521792,-5.868556275551632],[134.6354808978252,-5.871357741966125],[134.6454681236551,-5.872308357744486],[134.648253986832,-5.868538984286679],[134.6478563839651,-5.863337170673847],[134.6699833989149,-5.852873993939659],[134.6736121840551,-5.845729597942543],[134.6890644091952,-5.846309407952769],[134.6992519131453,-5.841690060048136],[134.7037506979365,-5.832634887090275],[134.7097302533486,-5.833045083164005]]],[[[134.3088919106332,-5.831198263289198],[134.312054319951,-5.830359751601203],[134.3159060901939,-5.831525952860409],[134.3051481939341,-5.831900353218681],[134.3131051031181,-5.843852288352362],[134.3030778025985,-5.844437415154483],[134.3030407918992,-5.833271565730128],[134.3059012601351,-5.830080829566579],[134.3088919106332,-5.831198263289198]]],[[[134.7651662952884,-5.830285720309706],[134.7658380321994,-5.831025759830836],[134.764567079707,-5.832636602097433],[134.7645666714149,-5.829809827861236],[134.7651662952884,-5.830285720309706]]],[[[134.7634053040116,-5.829679106005851],[134.7629649986359,-5.829543225639337],[134.7630441803447,-5.829204022947269],[134.7632248442513,-5.829198445351905],[134.7634053040116,-5.829679106005851]]],[[[134.7005662759129,-5.833130746286911],[134.6979311283189,-5.841090038674305],[134.6876806259602,-5.844561571059596],[134.6897447706047,-5.841108195986403],[134.689714796201,-5.834018185590732],[134.7058078818284,-5.828497303307837],[134.7005662759129,-5.833130746286911]]],[[[134.7668602861734,-5.827110256433147],[134.766095529685,-5.827873438208523],[134.764972551642,-5.826651720000856],[134.765390400047,-5.8264822769355],[134.7668602861734,-5.827110256433147]]],[[[134.7728716919751,-5.826037323863335],[134.7725047820701,-5.825895828129982],[134.7724823107102,-5.825618775785805],[134.7730072737668,-5.825822528886508],[134.7728716919751,-5.826037323863335]]],[[[134.8216158354026,-5.826852951402532],[134.8244584107272,-5.828670813107432],[134.8242479576772,-5.830611105817844],[134.819018840647,-5.826823622711944],[134.8216158354026,-5.826852951402532]]],[[[134.7628199622715,-5.825335178175876],[134.7636111318483,-5.827822904403472],[134.7651151823198,-5.828838254281957],[134.7612959477499,-5.827459025213758],[134.7628199622715,-5.825335178175876]]],[[[134.762269816399,-5.823020757601841],[134.7620383839644,-5.822930197670376],[134.7621514242489,-5.822624932694413],[134.762253030553,-5.82265889918883],[134.762269816399,-5.823020757601841]]],[[[134.8164721431749,-5.8225808452298],[134.8149808558819,-5.823631102293429],[134.8147050697832,-5.821035845028159],[134.8156539831449,-5.821184050603349],[134.8164721431749,-5.8225808452298]]],[[[134.3637623059857,-5.820190546156726],[134.3636790251669,-5.82011916157004],[134.3637932390668,-5.820043018670321],[134.3638265508547,-5.820095367307302],[134.3637623059857,-5.820190546156726]]],[[[134.7139885342435,-5.817091909563902],[134.7135596457611,-5.816752457759637],[134.713949401144,-5.816328610876623],[134.7142089688689,-5.816577515339975],[134.7139885342435,-5.817091909563902]]],[[[134.7157850820159,-5.814559862047889],[134.715333404713,-5.814633135210982],[134.7155080980203,-5.815266462077488],[134.7150907307527,-5.814469049407104],[134.7157850820159,-5.814559862047889]]],[[[134.713333961793,-5.816480955131879],[134.7124534769465,-5.816056463434975],[134.7106987071797,-5.814127581322807],[134.7128378363971,-5.81514072426497],[134.713333961793,-5.816480955131879]]],[[[134.7500000023983,-5.812352853801065],[134.7498059529824,-5.812235229672051],[134.7503989560471,-5.81172098383627],[134.7505399292744,-5.812094206082711],[134.7500000023983,-5.812352853801065]]],[[[134.7061333266918,-5.810608489190353],[134.7054898410833,-5.810421574096284],[134.7052924012233,-5.810133121945941],[134.7060149687158,-5.81022961470488],[134.7061333266918,-5.810608489190353]]],[[[134.7367565337872,-5.809595750943134],[134.736779376567,-5.809671893842764],[134.7366080557173,-5.809772783387216],[134.7366347062269,-5.809599558672644],[134.7367565337872,-5.809595750943134]]],[[[134.7358599528745,-5.809582425688368],[134.7356772106348,-5.809472018618659],[134.7357248000596,-5.809285470448059],[134.7359684569787,-5.809371129973576],[134.7358599528745,-5.809582425688368]]],[[[134.7467136548114,-5.809028070988624],[134.7463750555643,-5.808739569375535],[134.7464035289998,-5.808191150201373],[134.7467139812654,-5.80829871361466],[134.7467136548114,-5.809028070988624]]],[[[134.8087019206572,-5.807085781783331],[134.8130999031381,-5.815146970955868],[134.8139084979789,-5.819834369660341],[134.8006200461782,-5.816225435255599],[134.8087019206572,-5.807085781783331]]],[[[134.771337612241,-5.806396077317081],[134.7711908383866,-5.806379055848669],[134.7711598198698,-5.806299887629666],[134.771334850423,-5.806246246666883],[134.771337612241,-5.806396077317081]]],[[[134.6994060191726,-5.806692441702736],[134.6990223054352,-5.806364310564475],[134.6995758669329,-5.80577659911066],[134.6999594133963,-5.806421349165872],[134.6994060191726,-5.806692441702736]]],[[[134.7872863126134,-5.806997757040814],[134.800981180637,-5.810510885768742],[134.798809888066,-5.820144454103263],[134.7668430821426,-5.823773286907644],[134.774374785568,-5.808476775782515],[134.7872863126134,-5.806997757040814]]],[[[134.744020717682,-5.809145590796375],[134.7417972248621,-5.807346629243496],[134.7421142700575,-5.805367896810924],[134.7439704860492,-5.807867779174617],[134.744020717682,-5.809145590796375]]],[[[134.7415722963245,-5.805395918786597],[134.7412336152392,-5.805299647260912],[134.7413749490948,-5.804864359202781],[134.7416063977172,-5.804892734611914],[134.7415722963245,-5.805395918786597]]],[[[134.3797595229837,-5.804290205028887],[134.3809166653718,-5.804393237657716],[134.3817064850663,-5.804852049282586],[134.3792385430244,-5.805776546949985],[134.3797595229837,-5.804290205028887]]],[[[134.3722189900144,-5.802419342678514],[134.3698099841436,-5.80547100228486],[134.3684788840933,-5.805214345665525],[134.3692037682394,-5.80314026531095],[134.3722189900144,-5.802419342678514]]],[[[134.7358996165742,-5.802124086257513],[134.7354835218471,-5.801845728097791],[134.7355108864183,-5.80147988568818],[134.7359852257376,-5.801771912643598],[134.7358996165742,-5.802124086257513]]],[[[134.7352624711861,-5.801447644093453],[134.735193941947,-5.801289647599076],[134.7354509241209,-5.801230636784353],[134.7354813805613,-5.801342947718772],[134.7352624711861,-5.801447644093453]]],[[[134.774966472025,-5.799970136212788],[134.7745758541923,-5.79985630002822],[134.7750841725965,-5.799262837409972],[134.7751485011025,-5.799759553660414],[134.774966472025,-5.799970136212788]]],[[[134.6975435196179,-5.798700508421709],[134.7023938107259,-5.805647004105977],[134.7033534736839,-5.808360932311166],[134.6932210064444,-5.79846187871265],[134.6951383061879,-5.798976074186405],[134.6966565416661,-5.797766241418837],[134.6975435196179,-5.798700508421709]]],[[[134.6992362973174,-5.807370821905859],[134.712870771369,-5.81698957211099],[134.7051656705592,-5.825828319621244],[134.6918443188603,-5.821648611594092],[134.6931659463514,-5.803011021941077],[134.6902557258212,-5.797886993389926],[134.6992362973174,-5.807370821905859]]],[[[134.7412598736444,-5.797231494637759],[134.7409268376036,-5.79714653388537],[134.7411923282634,-5.796796112150807],[134.7413785598728,-5.796937544931761],[134.7412598736444,-5.797231494637759]]],[[[134.7686109262533,-5.796487686957156],[134.7683908099879,-5.796360383424907],[134.768605477261,-5.796007100047599],[134.7688029692817,-5.796238992035788],[134.7686109262533,-5.796487686957156]]],[[[134.7680297348844,-5.795803321765884],[134.7678321619248,-5.795769316600622],[134.7678680619615,-5.795130562325549],[134.7681145769262,-5.795407579596094],[134.7680297348844,-5.795803321765884]]],[[[134.6912091870543,-5.795405835810622],[134.6909681300752,-5.79511649333149],[134.6911828567036,-5.794737797811037],[134.6912650331548,-5.794809800232041],[134.6912091870543,-5.795405835810622]]],[[[134.7817923020732,-5.796488883055487],[134.7825003212329,-5.797724544352238],[134.778929901194,-5.797024897880724],[134.780119198842,-5.794568718971131],[134.7817923020732,-5.796488883055487]]],[[[134.7806931048031,-5.79354678515596],[134.7803939057542,-5.793541015105656],[134.7803092867442,-5.793382672372419],[134.7807835721043,-5.79317931317476],[134.7806931048031,-5.79354678515596]]],[[[134.2513941684062,-5.793254434444498],[134.251272815688,-5.793048849424824],[134.2515215681659,-5.792996343406446],[134.2515711999509,-5.793148785687911],[134.2513941684062,-5.793254434444498]]],[[[134.7778209633668,-5.79135653127885],[134.7761078816735,-5.796651838411541],[134.7690744557216,-5.794983926966583],[134.7746125231495,-5.787870661002152],[134.7778209633668,-5.79135653127885]]],[[[134.761104215887,-5.79977741059892],[134.747860088972,-5.808118299719726],[134.7415086162296,-5.796468328150776],[134.7486561931289,-5.787253902345738],[134.749205848871,-5.788817208247536],[134.7531828344204,-5.794478275052287],[134.761104215887,-5.79977741059892]]],[[[134.331569799007,-5.7869693937225],[134.3313972883542,-5.786651140737468],[134.3317155404398,-5.786522704059464],[134.3317964416525,-5.786769519397764],[134.331569799007,-5.7869693937225]]],[[[134.7518009541508,-5.787641936426161],[134.7523125379932,-5.788567546554972],[134.7527260192905,-5.79172519755982],[134.7493923322903,-5.785671536212326],[134.7518009541508,-5.787641936426161]]],[[[134.3247922256807,-5.785461066075274],[134.3234806103419,-5.787144277686166],[134.3226164553852,-5.787550307200887],[134.3227035241485,-5.785537727883731],[134.3247922256807,-5.785461066075274]]],[[[134.7705263715949,-5.783678370560334],[134.7716949920303,-5.785049451770766],[134.7700778554088,-5.786659737356973],[134.7696617453932,-5.783745867377802],[134.7705263715949,-5.783678370560334]]],[[[134.7532245530707,-5.785111764896004],[134.753844516911,-5.786944171336454],[134.7534743973256,-5.787667306301073],[134.7511625479133,-5.783601061239966],[134.7532245530707,-5.785111764896004]]],[[[134.749211386896,-5.781540428447921],[134.7485396589782,-5.78077401810642],[134.748770522142,-5.779290070180546],[134.7497506203949,-5.780378867690565],[134.749211386896,-5.781540428447921]]],[[[134.6913209610935,-5.777356793980796],[134.6911462192227,-5.776881770277401],[134.6915753154485,-5.776757617070309],[134.6917049167485,-5.777193039127385],[134.6913209610935,-5.777356793980796]]],[[[134.6907665982999,-5.77811923021823],[134.6900442898121,-5.777626945826845],[134.6904344570846,-5.776422874116331],[134.6909925026019,-5.777483546228605],[134.6907665982999,-5.77811923021823]]],[[[134.6878647846322,-5.782637354929924],[134.6868432770956,-5.782150557302294],[134.6883462447834,-5.779674968325103],[134.6875125858372,-5.776350009245482],[134.6897568781775,-5.778848321392863],[134.6878647846322,-5.782637354929924]]],[[[134.7862039497526,-5.775244203756883],[134.7939407858387,-5.779258494983512],[134.7968049565835,-5.792667940672817],[134.7781273066299,-5.785754635368149],[134.7862039497526,-5.775244203756883]]],[[[134.7975447227109,-5.776147335331209],[134.797268556199,-5.774892058022],[134.7976864180938,-5.774550142075333],[134.7982532751686,-5.775904467117402],[134.7975447227109,-5.776147335331209]]],[[[134.3307932622993,-5.775416047112873],[134.3268790377375,-5.777429764971646],[134.3261528693594,-5.77572716757471],[134.3300244804455,-5.771536762111821],[134.3307932622993,-5.775416047112873]]],[[[134.3367013431925,-5.772307826445004],[134.3362955367097,-5.771775911628988],[134.3371878674262,-5.771384024852803],[134.3373395830554,-5.77198065937992],[134.3367013431925,-5.772307826445004]]],[[[134.3207569523715,-5.770559004794133],[134.3229708970892,-5.779053361423418],[134.313185396389,-5.776876288909508],[134.3128369315792,-5.775620768783422],[134.3207569523715,-5.770559004794133]]],[[[134.7493107538882,-5.770175354009303],[134.7490060348007,-5.769915137873286],[134.749006116639,-5.769728558226354],[134.7491528806011,-5.769745585090628],[134.7493107538882,-5.770175354009303]]],[[[134.7493974674193,-5.768125442035447],[134.7491874793188,-5.768088995210955],[134.7491932088996,-5.767896763324901],[134.7494133530439,-5.767925129740873],[134.7493974674193,-5.768125442035447]]],[[[134.3264902698101,-5.767252803773796],[134.3269278781191,-5.769526074069002],[134.3239175288709,-5.77096417455694],[134.3233552664325,-5.769097816011363],[134.3264902698101,-5.767252803773796]]],[[[134.2430800871763,-5.766145417277161],[134.244989009735,-5.767826743909036],[134.2434119028372,-5.769922097726602],[134.2424717803484,-5.767879970284343],[134.2430800871763,-5.766145417277161]]],[[[134.240591250286,-5.764969012310032],[134.2420662193806,-5.766725053718228],[134.2413273957429,-5.768917965091961],[134.2382925921295,-5.767924539785589],[134.240591250286,-5.764969012310032]]],[[[134.7899893698137,-5.763992020315437],[134.789239113994,-5.769190289700069],[134.7845249235864,-5.770640179400725],[134.7828503409706,-5.765353092071538],[134.7899893698137,-5.763992020315437]]],[[[134.756900911448,-5.762072105343367],[134.7564840190223,-5.761763092892362],[134.7572652402987,-5.761566760997176],[134.7573410369594,-5.761835202332647],[134.756900911448,-5.762072105343367]]],[[[134.3237121066285,-5.759384561448292],[134.324333741409,-5.759503534560454],[134.3233998026589,-5.760092451105673],[134.3233313930294,-5.759830709719419],[134.3237121066285,-5.759384561448292]]],[[[134.7995783317747,-5.758583308672697],[134.7999367430863,-5.758713475646341],[134.799013857004,-5.75851808983792],[134.7991578546513,-5.758373963587519],[134.7995783317747,-5.758583308672697]]],[[[134.6713361807202,-5.759571703171477],[134.670161297406,-5.759087979426684],[134.6708110467925,-5.757345509687432],[134.6719686712173,-5.758126677903856],[134.6713361807202,-5.759571703171477]]],[[[134.7828000778613,-5.756193477247144],[134.7826194499278,-5.756167965279317],[134.782611053857,-5.755978554566602],[134.7828566200371,-5.755950377907552],[134.7828000778613,-5.756193477247144]]],[[[134.7932662088685,-5.755123114040454],[134.7931448372644,-5.755140032086795],[134.7931335678599,-5.755083488112493],[134.7932239083567,-5.755024154441094],[134.7932662088685,-5.755123114040454]]],[[[134.2112513793477,-5.753151040188324],[134.2117329815919,-5.753333782428064],[134.2114893246726,-5.753916274216645],[134.2108306603068,-5.753562671579963],[134.2112513793477,-5.753151040188324]]],[[[134.1966609700278,-5.751670596920436],[134.2264329517194,-5.760114839728007],[134.2381073021104,-5.756950376358797],[134.2332192889391,-5.765271429133082],[134.2386374497586,-5.765753594352833],[134.238053575712,-5.767612815878723],[134.2383741867194,-5.768461269571893],[134.2496126096343,-5.77277622933943],[134.2514762594219,-5.792020920728883],[134.2405817777269,-5.810597545340349],[134.251600644654,-5.816484118946867],[134.2474746603274,-5.825317629704755],[134.2219685830837,-5.825771036404141],[134.2071579252981,-5.835464007657779],[134.1924494062151,-5.826538927929085],[134.1966609700278,-5.751670596920436]]],[[[134.7231416145939,-5.746853463816207],[134.7199089502379,-5.746008039039711],[134.7186396408069,-5.744427139700718],[134.7241437750152,-5.742603489059731],[134.7231416145939,-5.746853463816207]]],[[[134.7174935780662,-5.743477068012196],[134.7162907276351,-5.74293334060119],[134.7179381237455,-5.741861320843248],[134.7180884427276,-5.742220713315208],[134.7174935780662,-5.743477068012196]]],[[[134.7224783510951,-5.73430054143678],[134.7222681822309,-5.734101136558126],[134.7225364311115,-5.733839772887154],[134.7225970319275,-5.734006594428801],[134.7224783510951,-5.73430054143678]]],[[[134.7232815509029,-5.733101444775794],[134.7231446695908,-5.733092897619122],[134.7231870762226,-5.732945915121838],[134.7232675196803,-5.732931820047397],[134.7232815509029,-5.733101444775794]]],[[[134.796447634351,-5.728355597332849],[134.81311828618,-5.73517208702217],[134.8136066702117,-5.742283105580873],[134.7826929659077,-5.757926914195703],[134.7880457271286,-5.731638212733329],[134.796447634351,-5.728355597332849]]],[[[134.6982180408299,-5.731216216654981],[134.6975662742642,-5.730851195326351],[134.6970468294477,-5.728431039660701],[134.6994668628056,-5.728634442025874],[134.6982180408299,-5.731216216654981]]],[[[134.6848857623682,-5.729585853704115],[134.7219398820201,-5.74849252231198],[134.7326474009568,-5.738029360866274],[134.7417083862331,-5.74136199925677],[134.7474560991197,-5.785270374728028],[134.7312247885932,-5.810194108571202],[134.7043421289862,-5.80911573240506],[134.702858920303,-5.80530907755186],[134.697621398209,-5.797459006927567],[134.6914686018944,-5.795897463696934],[134.6924699466308,-5.776635340748352],[134.6840788780379,-5.770835478874207],[134.6769598681035,-5.771900070232031],[134.6728626297066,-5.757385775932792],[134.6695488761797,-5.753140394013982],[134.6564965368857,-5.746904816903768],[134.6596031738475,-5.733188986582397],[134.6659198985845,-5.735031640797565],[134.6750180672301,-5.726948953331482],[134.6848857623682,-5.729585853704115]]],[[[134.6525108036307,-5.725935009992681],[134.6522045952659,-5.725917862619204],[134.6521764060163,-5.725862720688006],[134.6527409689206,-5.725690619226657],[134.6525108036307,-5.725935009992681]]],[[[134.6604253754308,-5.72631856185211],[134.6600307412258,-5.726140934956162],[134.6589241857026,-5.724040562022274],[134.660577540721,-5.724726346343782],[134.6604253754308,-5.72631856185211]]],[[[134.7288409421558,-5.72410332390925],[134.7284332066273,-5.723915137173811],[134.7288962918305,-5.723434770598138],[134.729056950318,-5.723887161962952],[134.7288409421558,-5.72410332390925]]],[[[134.7290322729211,-5.722350691830939],[134.7288643712938,-5.722298312616995],[134.7289364276741,-5.722110354309321],[134.7290605745859,-5.722181086887605],[134.7290322729211,-5.722350691830939]]],[[[134.8125261527598,-5.721466851613836],[134.8124747574042,-5.721439726262271],[134.8124519137249,-5.721308380277516],[134.8125618450532,-5.721402605845486],[134.8125261527598,-5.721466851613836]]],[[[134.660499299703,-5.720966723335578],[134.6610990539783,-5.721791147143644],[134.6602318710042,-5.722196289926788],[134.6596115312473,-5.721246066252909],[134.660499299703,-5.720966723335578]]],[[[134.8133497240106,-5.720426542850613],[134.8126751470405,-5.720958353345277],[134.8123683963844,-5.719924590747175],[134.8128595503281,-5.71970000575062],[134.8133497240106,-5.720426542850613]]],[[[134.8133640007481,-5.719834057795462],[134.8132165847776,-5.719656304095081],[134.8134721190432,-5.719300186054691],[134.813588860038,-5.719441446165766],[134.8133640007481,-5.719834057795462]]],[[[134.7978028011583,-5.721163072317895],[134.7960408727881,-5.722027729995708],[134.7963394324189,-5.718885926844023],[134.799748009563,-5.719556935304285],[134.7978028011583,-5.721163072317895]]],[[[134.8138924396845,-5.719318309192526],[134.8136901857535,-5.719249305111322],[134.8138434446194,-5.718700984862472],[134.8140804168778,-5.719044670674992],[134.8138924396845,-5.719318309192526]]],[[[134.7213018166256,-5.705902242694342],[134.7199565036898,-5.705532670796102],[134.7193769805633,-5.704622102727778],[134.7215957546405,-5.704852608860803],[134.7213018166256,-5.705902242694342]]],[[[134.7342466608548,-5.701495963967477],[134.7162686699633,-5.741880283947935],[134.7013532213741,-5.737479586413733],[134.7055678123047,-5.719959404402956],[134.7054095891812,-5.709256421646528],[134.7081312029927,-5.709521552577516],[134.7134358244038,-5.704450397867492],[134.7181524843497,-5.704692433309137],[134.7205550357864,-5.7060897702266],[134.7237415703173,-5.706123466025107],[134.7342466608548,-5.701495963967477]]],[[[134.3323795117052,-5.693619052177538],[134.3460162637397,-5.694626023072472],[134.3457324341047,-5.697817494881433],[134.337081295965,-5.703664772611176],[134.3323795117052,-5.693619052177538]]],[[[134.2915613263941,-5.692055737282401],[134.2920372179433,-5.692198504657212],[134.2916612626571,-5.692993245441861],[134.290968363799,-5.692055916247511],[134.2915613263941,-5.692055737282401]]],[[[134.291383104147,-5.69170750269901],[134.2907799108642,-5.691493351636793],[134.2914505263207,-5.690835619867921],[134.2917983202364,-5.691092413184221],[134.291383104147,-5.69170750269901]]],[[[134.7713427806449,-5.68791965896505],[134.770147102307,-5.690175387983735],[134.7685510781698,-5.687460779891022],[134.7698230082254,-5.686128076349543],[134.7713427806449,-5.68791965896505]]],[[[134.7700753166227,-5.682188222908095],[134.7700496193945,-5.682159789042966],[134.7701085105994,-5.682096614367164],[134.770111008916,-5.682138254776596],[134.7700753166227,-5.682188222908095]]],[[[134.771639693617,-5.676500820356515],[134.7666643598724,-5.686255690147916],[134.759908696729,-5.682409839242623],[134.7594386040084,-5.67684144397738],[134.771639693617,-5.676500820356515]]],[[[134.7609360345704,-5.673902052137939],[134.7607785389985,-5.673519706269373],[134.7611530023092,-5.673455428125499],[134.7611918278407,-5.673741437717154],[134.7609360345704,-5.673902052137939]]],[[[134.7681345832445,-5.646409903993791],[134.7680375014296,-5.645937819274919],[134.7682487971443,-5.645830743294126],[134.7683553973837,-5.646025382665235],[134.7681345832445,-5.646409903993791]]],[[[134.7685088127316,-5.64583795315892],[134.7684431397391,-5.645836525035612],[134.7684184416578,-5.645767220580725],[134.7684770064088,-5.645745333780087],[134.7685088127316,-5.64583795315892]]],[[[134.3122384039792,-5.625510144377603],[134.3129284465906,-5.626661208248133],[134.3117387172681,-5.626953881816092],[134.3114121356616,-5.626078835170104],[134.3122384039792,-5.625510144377603]]],[[[134.7186596453264,-5.606680169054527],[134.718815737956,-5.606866719023777],[134.7186006354111,-5.607296925013009],[134.7182732210324,-5.606807708209142],[134.7186596453264,-5.606680169054527]]],[[[134.7409190269916,-5.607468896072624],[134.7384120552722,-5.608789209654289],[134.7368438687496,-5.608169801595046],[134.7384946669954,-5.604827631290092],[134.7409190269916,-5.607468896072624]]],[[[134.7219668526882,-5.603222777609033],[134.7219040350433,-5.60316995413002],[134.7219568594216,-5.603114275303581],[134.7220115867653,-5.603152250975522],[134.7219668526882,-5.603222777609033]]],[[[134.7181735212911,-5.60286899960463],[134.7179647193964,-5.602859005438691],[134.7179069676325,-5.602662501772996],[134.7181214235648,-5.602651298018983],[134.7181735212911,-5.60286899960463]]],[[[134.7185081158569,-5.602406948621733],[134.7183388661459,-5.602296616195782],[134.7183939496211,-5.602169427776786],[134.7185293632396,-5.602230274107781],[134.7185081158569,-5.602406948621733]]],[[[134.7209671716977,-5.602549474978228],[134.7204989576609,-5.602147819766027],[134.720846275835,-5.601626408132158],[134.7210028073338,-5.601783380298712],[134.7209671716977,-5.602549474978228]]],[[[134.664479001205,-5.596832788702225],[134.6641666972353,-5.596969607960992],[134.663949691725,-5.59690824991577],[134.6645087435838,-5.596419357767139],[134.664479001205,-5.596832788702225]]],[[[134.6988454285737,-5.592896406643869],[134.6991653480025,-5.593407357363648],[134.6982560012135,-5.59412442730041],[134.6981031362508,-5.593715144038639],[134.6988454285737,-5.592896406643869]]],[[[134.6981219482693,-5.590981017959588],[134.6977820629919,-5.590737722567755],[134.6982407019469,-5.590504734306005],[134.6983449630496,-5.590777590413402],[134.6981219482693,-5.590981017959588]]],[[[134.683242564293,-5.590040335193328],[134.6830217501537,-5.589844267698733],[134.6831435777139,-5.589526371744639],[134.6834767027876,-5.589870918208265],[134.683242564293,-5.590040335193328]]],[[[134.6984729248857,-5.589768962967216],[134.6980022413104,-5.589625870037799],[134.6982028845555,-5.589026653557098],[134.6986989739785,-5.589419182449244],[134.6984729248857,-5.589768962967216]]],[[[134.6695209342438,-5.589640450746173],[134.6690751978622,-5.589491783818782],[134.669205270407,-5.588998552441175],[134.6696072017111,-5.589267340015684],[134.6695209342438,-5.589640450746173]]],[[[134.6914371957701,-5.586705267733886],[134.6978215279412,-5.588804428381592],[134.6931500508343,-5.59557090227523],[134.6893002977706,-5.589597298576424],[134.6914371957701,-5.586705267733886]]],[[[134.6302408963004,-5.585246550288029],[134.6299714504222,-5.585216697292664],[134.6299616981739,-5.585021630743618],[134.6302086430145,-5.584932737256024],[134.6302408963004,-5.585246550288029]]],[[[134.6275205046676,-5.584234418183857],[134.627209074839,-5.584237142230267],[134.6271246779616,-5.583839900890623],[134.6273499671273,-5.583940349767217],[134.6275205046676,-5.584234418183857]]],[[[134.6293642722434,-5.584598086932128],[134.628967894253,-5.58450596128102],[134.6289569746847,-5.583570104276773],[134.6295311657308,-5.583929617257936],[134.6293642722434,-5.584598086932128]]],[[[134.6275349243973,-5.583935513213304],[134.6272531308274,-5.583160765257026],[134.6278586740387,-5.582669257879917],[134.6279560886027,-5.583410842436346],[134.6275349243973,-5.583935513213304]]],[[[134.6300396010469,-5.582584125357108],[134.6314655103252,-5.582905870409575],[134.6310049045528,-5.58399890822299],[134.6298976880281,-5.583581942052954],[134.6300396010469,-5.582584125357108]]],[[[134.6854210856146,-5.582372665965688],[134.6886089259612,-5.585350272696913],[134.6856886851847,-5.592770309102394],[134.680746425807,-5.585184284826798],[134.6854210856146,-5.582372665965688]]],[[[134.6298977563764,-5.582644546308727],[134.629497636307,-5.582600734935887],[134.6295077168078,-5.582275640808091],[134.6298426477201,-5.582376389158997],[134.6298977563764,-5.582644546308727]]],[[[134.6374891792823,-5.580805977713669],[134.6370123722232,-5.58073783608222],[134.6368993598177,-5.580124936416623],[134.6373796013876,-5.580051111069809],[134.6374891792823,-5.580805977713669]]],[[[134.7035633017051,-5.580025628779665],[134.703510478226,-5.580008496694759],[134.7035179327065,-5.579923633069121],[134.7035747230951,-5.579964239258199],[134.7035633017051,-5.580025628779665]]],[[[134.7044627703407,-5.579915492406044],[134.7042638465994,-5.579828878699703],[134.7043498253842,-5.579667900952837],[134.7044408790434,-5.579725134707107],[134.7044627703407,-5.579915492406044]]],[[[134.7057406871831,-5.579594001861635],[134.7060101411552,-5.579609686038082],[134.7061694452638,-5.579844404595561],[134.7058745485716,-5.579921999000951],[134.7057406871831,-5.579594001861635]]],[[[134.7079417122403,-5.578750339756303],[134.7077597434175,-5.578702190953314],[134.7077795923543,-5.578504312224179],[134.7080193929806,-5.5785751059563],[134.7079417122403,-5.578750339756303]]],[[[134.7076595688341,-5.578505243921831],[134.7074917220654,-5.578428833024222],[134.707575013676,-5.578315795437553],[134.7076822200585,-5.578345530621646],[134.7076595688341,-5.578505243921831]]],[[[134.7074790731008,-5.578326356176414],[134.7073902065927,-5.578295215351917],[134.707400126115,-5.578208997347271],[134.707515806809,-5.57821753641015],[134.7074790731008,-5.578326356176414]]],[[[134.6408175117188,-5.57856211794732],[134.6403683003568,-5.578383148363545],[134.6404419692216,-5.577877167297433],[134.6408389272748,-5.577937509108714],[134.6408175117188,-5.57856211794732]]],[[[134.654858036869,-5.578018838398594],[134.6542825543965,-5.577813544759262],[134.6542984831885,-5.57711246656705],[134.6549245228486,-5.577712150695183],[134.654858036869,-5.578018838398594]]],[[[134.6552666330487,-5.577713595006343],[134.6545136477867,-5.577070018566469],[134.6547205044478,-5.575563367255557],[134.6556985666356,-5.577315245701956],[134.6552666330487,-5.577713595006343]]],[[[134.6414347497141,-5.573910130947794],[134.6411413818693,-5.573788393319638],[134.6412769807482,-5.573517086744121],[134.6414531939098,-5.573740524205809],[134.6414347497141,-5.573910130947794]]],[[[134.705628237753,-5.573828303433429],[134.7099671851375,-5.576893049074875],[134.7092349058663,-5.578112046833431],[134.7070778846368,-5.577716878431164],[134.7029290566308,-5.580659080652043],[134.6986866253875,-5.574889253436214],[134.705628237753,-5.573828303433429]]],[[[134.6126098062975,-5.573125180182873],[134.6125193866604,-5.573089726209871],[134.6125215279462,-5.573036901831489],[134.6126309826338,-5.573068252198058],[134.6126098062975,-5.573125180182873]]],[[[134.6131506576768,-5.572889934622775],[134.6130293049586,-5.572857097676901],[134.6128265752862,-5.572621531958059],[134.6130592856576,-5.572700053564609],[134.6131506576768,-5.572889934622775]]],[[[134.6757373791768,-5.573559859399938],[134.6752055174207,-5.573553912183264],[134.6748604232699,-5.572558627078975],[134.6756561290272,-5.572511007077256],[134.6757373791768,-5.573559859399938]]],[[[134.6514929680261,-5.572598805190657],[134.6512602252792,-5.572537886913923],[134.6514677906062,-5.572231283746713],[134.6514974106771,-5.572239783239378],[134.6514929680261,-5.572598805190657]]],[[[134.6545915218813,-5.572821150875366],[134.654405924294,-5.572518958882781],[134.6548268510783,-5.572177665266923],[134.6549912723295,-5.572518958882781],[134.6545915218813,-5.572821150875366]]],[[[134.6798853968936,-5.572814747702441],[134.6793663405843,-5.57257657035242],[134.6793067146332,-5.57214674297775],[134.6796087798214,-5.572279358805313],[134.6798853968936,-5.572814747702441]]],[[[134.6604435929975,-5.572696080359733],[134.6599289622519,-5.572169967070265],[134.6602058653086,-5.571490239682734],[134.6607305001125,-5.571793027925835],[134.6604435929975,-5.572696080359733]]],[[[134.6519719793234,-5.571311404097993],[134.6517293314436,-5.571301366764629],[134.6516969549506,-5.571181201151524],[134.6519721259129,-5.571061218100652],[134.6519719793234,-5.571311404097993]]],[[[134.6568270161539,-5.570954910140883],[134.6563314933038,-5.570746855582857],[134.6566913857989,-5.570335208902736],[134.6570459264284,-5.570504151045678],[134.6568270161539,-5.570954910140883]]],[[[134.6809128876197,-5.571153519119568],[134.681127038682,-5.571605140664619],[134.6804465126965,-5.57116969972176],[134.6799061379579,-5.569966787237383],[134.6809128876197,-5.571153519119568]]],[[[134.7109277752967,-5.569689486680466],[134.7107331098453,-5.569644159950008],[134.7108898302016,-5.569389808292939],[134.7109701603447,-5.569562293764799],[134.7109277752967,-5.569689486680466]]],[[[134.6680666864285,-5.569016882822878],[134.6676266256683,-5.568838534670632],[134.6677861905803,-5.568574303061594],[134.667923017933,-5.568605477160985],[134.6680666864285,-5.569016882822878]]],[[[134.6511311338948,-5.56896028488925],[134.650722052081,-5.568890780784822],[134.6506516576479,-5.568646208355758],[134.6510580405962,-5.56850792679933],[134.6511311338948,-5.56896028488925]]],[[[134.6617326812184,-5.569631563146053],[134.6610854679201,-5.569055256894532],[134.661743389446,-5.567851963996854],[134.6619682478364,-5.568489421449633],[134.6617326812184,-5.569631563146053]]],[[[134.6095856929254,-5.567970146604909],[134.610472871426,-5.568874113649328],[134.6081955703694,-5.568297861357133],[134.608829738102,-5.567443223026273],[134.6095856929254,-5.567970146604909]]],[[[134.7117459272329,-5.567292975090669],[134.7117069038505,-5.567295830438183],[134.7116865180185,-5.567261515006886],[134.7117402156385,-5.567242530318487],[134.7117459272329,-5.567292975090669]]],[[[134.7116320020153,-5.567170444260564],[134.7115869792558,-5.567174001079226],[134.7115774608312,-5.567123557206325],[134.7116364716459,-5.567131170866783],[134.7116320020153,-5.567170444260564]]],[[[134.6836177893296,-5.567375727108085],[134.6834513176243,-5.567375638075215],[134.6833118192851,-5.567064595854347],[134.6835925759367,-5.567037889586927],[134.6836177893296,-5.567375727108085]]],[[[134.6876331372596,-5.566808233313284],[134.6873185885822,-5.566709121728567],[134.6875614361115,-5.566340330441814],[134.6877235667893,-5.566541131967621],[134.6876331372596,-5.566808233313284]]],[[[134.5993273997398,-5.567587363665875],[134.5986970847027,-5.567155824881346],[134.5990363998101,-5.566073334316871],[134.5996343410521,-5.56639601196636],[134.5993273997398,-5.567587363665875]]],[[[134.6612167743348,-5.56724601429213],[134.6601929717283,-5.570571232376479],[134.6569051510519,-5.572263366161393],[134.6595523405681,-5.565183021679036],[134.6612167743348,-5.56724601429213]]],[[[134.6834028153877,-5.565355221166505],[134.6832100789821,-5.565226729629805],[134.6833528472562,-5.564891225849315],[134.683531306025,-5.564966893007631],[134.6834028153877,-5.565355221166505]]],[[[134.7120419040107,-5.563243201112814],[134.7119695688405,-5.563217502985277],[134.7119809902306,-5.56311185512797],[134.7120971079952,-5.563149926128101],[134.7120419040107,-5.563243201112814]]],[[[134.6996088073007,-5.565049683695892],[134.6958369679018,-5.571884122953889],[134.6878075769582,-5.570421201177459],[134.6890555643629,-5.563413785417807],[134.6904547520852,-5.563794579955842],[134.6915683403067,-5.564565525578472],[134.6924891921226,-5.564993828602275],[134.692946047722,-5.565072351108106],[134.6970859490574,-5.562757863984195],[134.6996088073007,-5.565049683695892]]],[[[134.3213599091325,-5.561158613079512],[134.3473596836026,-5.575365797893176],[134.3341428331253,-5.6044936653503],[134.2871605892898,-5.62627989120397],[134.2776874402233,-5.646123890804836],[134.2459210410233,-5.629039300822995],[134.2483387118622,-5.611814840182631],[134.2820824081766,-5.607618742011304],[134.3048396284462,-5.563883788206229],[134.3213599091325,-5.561158613079512]]],[[[134.554932542303,-5.562209038316438],[134.5654737244329,-5.568475372240548],[134.5694390493727,-5.563186595085216],[134.5697424869263,-5.570177376984268],[134.5854441759081,-5.5739562508802],[134.5923842927011,-5.569178765287734],[134.5955853800613,-5.576196462996367],[134.6060596076649,-5.569819230972754],[134.6217619864266,-5.586055075880995],[134.6434938311755,-5.587233374820392],[134.6414679742677,-5.580157669041145],[134.6522125920376,-5.576283109977513],[134.6634489456125,-5.598543123866032],[134.6684592800718,-5.595262454598497],[134.6708386910529,-5.589108295811211],[134.6697724863112,-5.586521181007668],[134.6934627397137,-5.597550037604097],[134.7164923934094,-5.600222193199648],[134.7178609736051,-5.61201756715695],[134.7296648848267,-5.613673395310918],[134.7382956362348,-5.629938854894227],[134.7399953486065,-5.618648017691878],[134.7474995903338,-5.619624009640293],[134.7639168186064,-5.647439744648501],[134.7563647581271,-5.654212466132406],[134.7666882746442,-5.668815433585354],[134.7327422983185,-5.673061606008271],[134.7301831317462,-5.698625800140515],[134.7239882462607,-5.704867142804363],[134.7130655672222,-5.703720106997316],[134.7044233188811,-5.708808150075998],[134.7004960541497,-5.727030745772214],[134.6750860451849,-5.72492970644081],[134.6641882476896,-5.732862353714622],[134.6610548792792,-5.720940463131789],[134.6586326353879,-5.719343968649219],[134.6499031680968,-5.725664862643302],[134.6376594623144,-5.711119895166997],[134.6239605257578,-5.713534173763061],[134.6160007135621,-5.723118702066436],[134.5872070728481,-5.682025549039763],[134.5739269856419,-5.668711605056468],[134.5752825202721,-5.652590029805963],[134.5468590998677,-5.649815695937547],[134.5458059397923,-5.637889496702878],[134.5384138839936,-5.632875791584428],[134.5455844025982,-5.621569488740866],[134.5349608416695,-5.615819646259616],[134.5339537727485,-5.586975751429772],[134.5294730643305,-5.576407969152423],[134.554932542303,-5.562209038316438]]],[[[134.6945240269623,-5.564000998647137],[134.689504918717,-5.563298335849502],[134.6902809697909,-5.55905947041813],[134.6928612020828,-5.55911735797963],[134.6945240269623,-5.564000998647137]]],[[[134.7857569327364,-5.555905726967651],[134.7866972863507,-5.556543059414557],[134.7870725977222,-5.557611043015224],[134.7854284328759,-5.557554574583871],[134.7857569327364,-5.555905726967651]]],[[[134.6889088696487,-5.55530452208595],[134.6885280499296,-5.555151664317818],[134.6885578507643,-5.554818096777651],[134.688931733113,-5.554749032441889],[134.6889088696487,-5.55530452208595]]],[[[134.7024493528554,-5.554556519068025],[134.7027033690652,-5.557221475590594],[134.7009964783049,-5.557860454696221],[134.7003422880662,-5.556574093219772],[134.7024493528554,-5.554556519068025]]],[[[134.7879806386956,-5.554344735021458],[134.7878085669118,-5.554235834316294],[134.7878156670595,-5.554105794147083],[134.7880667793585,-5.554110125282],[134.7879806386956,-5.554344735021458]]],[[[134.6997030193789,-5.553817477794335],[134.6995316976298,-5.553722299844192],[134.6994680472127,-5.553459964006072],[134.6997172961164,-5.553539080963769],[134.6997030193789,-5.553817477794335]]],[[[134.7053158888172,-5.54943846381402],[134.7077638002592,-5.550744404430644],[134.7048257610002,-5.555831453758556],[134.701956135867,-5.551049573179227],[134.7053158888172,-5.54943846381402]]],[[[134.6980256272809,-5.548685635933274],[134.6979029030965,-5.548670024601935],[134.6976899769109,-5.548484748971897],[134.6978762346006,-5.548401448368149],[134.6980256272809,-5.548685635933274]]],[[[134.7127648240374,-5.547905196167839],[134.7152263772955,-5.554324268250336],[134.7116063920215,-5.56913994155506],[134.7053412712827,-5.570474046240185],[134.7031191517275,-5.573778820036494],[134.7001375969726,-5.573547178959063],[134.7011926105506,-5.560079980606573],[134.7127648240374,-5.547905196167839]]],[[[134.695102793759,-5.547773432897499],[134.6947079248309,-5.547513146614395],[134.6951624763672,-5.546931024447214],[134.6953371211112,-5.547486614815415],[134.695102793759,-5.547773432897499]]],[[[134.7016806852155,-5.546196191101308],[134.7014832309663,-5.546102801003431],[134.701625796893,-5.545938907654405],[134.7016949070944,-5.545968624852086],[134.7016806852155,-5.546196191101308]]],[[[134.6769036487844,-5.536826616055438],[134.6768119566066,-5.53682091165573],[134.6768007087858,-5.536750232137492],[134.6768938200938,-5.536741801892634],[134.6769036487844,-5.536826616055438]]],[[[134.7004516672107,-5.537633111878541],[134.70240639404,-5.541939937278232],[134.7010916670468,-5.546386405807961],[134.6904224430414,-5.544776231737706],[134.6904749058923,-5.536135595880935],[134.7004516672107,-5.537633111878541]]],[[[134.6965400021195,-5.536572717656688],[134.6964620066163,-5.53590429474731],[134.6966404671839,-5.535661590210132],[134.6969045872769,-5.535999473596823],[134.6965400021195,-5.536572717656688]]],[[[134.514559566371,-5.530463018653346],[134.5148665157771,-5.530545110568389],[134.5147413571279,-5.53076402084283],[134.5145012687187,-5.530737846974069],[134.514559566371,-5.530463018653346]]],[[[134.45802711416,-5.528553559199326],[134.4640114368785,-5.560633669807905],[134.4810276244254,-5.565619708182971],[134.4923778447618,-5.535871836416088],[134.5045490391068,-5.531785702847873],[134.5049416498373,-5.557364909363009],[134.513683679758,-5.564893173780908],[134.5216939277326,-5.557084596077181],[134.5274327778005,-5.56427144996741],[134.5334765699878,-5.616047592022681],[134.5430187510146,-5.621982176835941],[134.5358503781924,-5.63235122333026],[134.5459542640781,-5.651768250004689],[134.5725139456621,-5.656873312753134],[134.5709139483201,-5.665426178375447],[134.5762455736743,-5.677767429123452],[134.6154346739711,-5.725491539003239],[134.6373867267162,-5.713786731272633],[134.648980378242,-5.727811368999428],[134.6588281533966,-5.724167718065657],[134.6538805979113,-5.747246115915487],[134.6680105147736,-5.754081836707384],[134.6755227325881,-5.772721895898751],[134.6858410564197,-5.774288168664014],[134.6911366909056,-5.821504007803727],[134.6989778222688,-5.826322594212278],[134.6894102093138,-5.833509166614696],[134.6887170379609,-5.841480785110135],[134.6735963856647,-5.843767689127492],[134.6473205319171,-5.862522677179775],[134.6453162731275,-5.871375373174884],[134.6298259949738,-5.867701633623382],[134.6111232548344,-5.888653416322124],[134.6013809800482,-5.910026652807757],[134.5990941695603,-5.910706723736307],[134.5943682546913,-5.91577987044463],[134.5849480316264,-5.933514594722737],[134.5358825820156,-5.915745366155693],[134.5021480192157,-5.949805103122933],[134.4859133811976,-5.959264754264985],[134.4673890998272,-5.95829257274401],[134.4642364193753,-5.976606900188201],[134.4296912634411,-6.018531014194898],[134.4165281744357,-6.022977837956826],[134.3789477733211,-6.015445296363246],[134.355259011894,-6.03329450343855],[134.3245003992741,-6.017240682211681],[134.3085754562924,-6.021511783841741],[134.300994425952,-6.014553930619363],[134.313445701558,-6.001657017557242],[134.3362977013779,-5.946828497337168],[134.3163486456736,-5.937594504982328],[134.3164611031974,-5.928808999135952],[134.2993583981717,-5.928821552772393],[134.2939977723794,-5.917478485643527],[134.2983811741519,-5.897782322895821],[134.3171170228323,-5.90503088376824],[134.3109506080841,-5.896610769771175],[134.336791548791,-5.883033926074769],[134.3317950180257,-5.859277201981231],[134.348509052251,-5.84701156443204],[134.3714836593435,-5.848736232990674],[134.3742544732654,-5.835292554607711],[134.360298714614,-5.830516499836572],[134.3600674269702,-5.820390570668258],[134.3803909792604,-5.814776559090865],[134.3739102739401,-5.809635891283341],[134.3787739361683,-5.808438310879253],[134.3820561972358,-5.804539596025541],[134.3727060574386,-5.801046651681555],[134.3931168943293,-5.797535355772058],[134.3961336701328,-5.790058759204334],[134.3679268415505,-5.768572395199882],[134.3380287308413,-5.795839747905943],[134.3278902255535,-5.795901307399357],[134.3342377439768,-5.784092743085604],[134.3249632353651,-5.7840591749909],[134.3380378904363,-5.771655323334438],[134.3239924540885,-5.764892288448279],[134.3250178161194,-5.757001062149206],[134.3191619831391,-5.765647897932062],[134.3157567415805,-5.760274767966126],[134.3064761868267,-5.765572271243328],[134.3147320099744,-5.753398756647225],[134.313442850707,-5.750525178993796],[134.2921034871863,-5.757566086405656],[134.289024357788,-5.744846807434171],[134.2840828763237,-5.757301661442486],[134.2823865966642,-5.751863795577687],[134.2600519678241,-5.759463915827005],[134.2175185370509,-5.727277632156883],[134.2124450027348,-5.713789706229892],[134.2380588772155,-5.671380453844836],[134.2516131892974,-5.662116991605862],[134.2633673302381,-5.679898075036042],[134.281629693056,-5.685018987436211],[134.2753235623326,-5.688132914302527],[134.2745210550028,-5.691693652240185],[134.2954698276704,-5.684892429441994],[134.2993825872367,-5.688871022080003],[134.2937572217185,-5.688472369704093],[134.2903245571326,-5.691270075153802],[134.2913929409316,-5.693123503247025],[134.3146417009538,-5.704414734352418],[134.3350366252401,-5.72790688959122],[134.3582584757481,-5.719428566974719],[134.3660993328181,-5.710358622652282],[134.3524501854277,-5.698601335882873],[134.3552417017433,-5.685975888576404],[134.4150497159717,-5.640904008013496],[134.4335437747255,-5.59916047157845],[134.4179466139451,-5.596841854767724],[134.4470621103282,-5.577445933383077],[134.4489592940363,-5.540063589962666],[134.45802711416,-5.528553559199326]]],[[[134.5037485597483,-5.52373209316153],[134.5036605197173,-5.523801098142104],[134.5035503042033,-5.523731206430042],[134.5036272079294,-5.523620258867793],[134.5037485597483,-5.52373209316153]]],[[[134.7037707654086,-5.523273955128864],[134.7035833170166,-5.522906389618124],[134.7038859640661,-5.52281038788898],[134.7039944879554,-5.523056771552674],[134.7037707654086,-5.523273955128864]]],[[[134.5094829707625,-5.522577098354357],[134.5093743659343,-5.522561460043266],[134.5095310889887,-5.522387734406368],[134.50954516158,-5.522427321663574],[134.5094829707625,-5.522577098354357]]],[[[134.709590921384,-5.521709070017503],[134.7092036643177,-5.521538938071461],[134.7096873997538,-5.521213175747412],[134.7098716978206,-5.521390221681325],[134.709590921384,-5.521709070017503]]],[[[134.7066068386348,-5.520902671321152],[134.7064630010667,-5.520821769209209],[134.7065671020901,-5.520452951842251],[134.7067477030442,-5.520588582197287],[134.7066068386348,-5.520902671321152]]],[[[134.7125930930969,-5.521778572323192],[134.712134672677,-5.52168223334835],[134.7113311715964,-5.520488853677622],[134.7123635276547,-5.521003865735778],[134.7125930930969,-5.521778572323192]]],[[[134.4843975720903,-5.517099432093068],[134.4846128536004,-5.53136422298051],[134.4730449505641,-5.528442413786276],[134.4784460233653,-5.518848992087281],[134.4843975720903,-5.517099432093068]]],[[[134.5141871094475,-5.512573656848722],[134.51394299927,-5.512663919104525],[134.5138629209371,-5.512262431166252],[134.5140815506231,-5.512280983280763],[134.5141871094475,-5.512573656848722]]],[[[134.6931566482608,-5.511293444936508],[134.692640305206,-5.511148297955496],[134.692756898712,-5.510596262607396],[134.693342245848,-5.5107937582253],[134.6931566482608,-5.511293444936508]]],[[[134.5013813723525,-5.509398825195592],[134.5147042762813,-5.51662837889653],[134.5080648649017,-5.524285345292394],[134.4971612281082,-5.522433932579832],[134.5013813723525,-5.509398825195592]]],[[[134.6915006618261,-5.508996455921603],[134.6921074254173,-5.50921060788319],[134.6921074254173,-5.510337044718731],[134.6907119716802,-5.508791736049704],[134.6915006618261,-5.508996455921603]]],[[[134.6886279241395,-5.507350183963736],[134.6884494653706,-5.507279990079431],[134.6885075229039,-5.507078210990616],[134.6886540980083,-5.507184811230007],[134.6886279241395,-5.507350183963736]]],[[[134.6861300040966,-5.505029066138415],[134.6856451813801,-5.505243162342025],[134.6857620842528,-5.504447942218675],[134.6860871729847,-5.504434200577871],[134.6861300040966,-5.505029066138415]]],[[[134.6922548180055,-5.503045596077331],[134.6920109227659,-5.503107199637539],[134.6919633342405,-5.502713660806772],[134.6922667151369,-5.502741025378003],[134.6922548180055,-5.503045596077331]]],[[[134.6827121567407,-5.50062107690115],[134.6815179748747,-5.499482581056173],[134.6818167287591,-5.498443823623481],[134.6833251211575,-5.499184730091215],[134.6827121567407,-5.50062107690115]]],[[[134.6814138270866,-5.498506932648776],[134.6807624319407,-5.497934686836262],[134.6809741377463,-5.497186780945088],[134.6820954439496,-5.497951229865254],[134.6814138270866,-5.498506932648776]]],[[[134.6806142893182,-5.496973336750059],[134.679553967042,-5.495993467824237],[134.6797292386135,-5.494795203935413],[134.681000034624,-5.495646505781585],[134.6806142893182,-5.496973336750059]]],[[[134.6537016795889,-5.495195052409744],[134.6535125125925,-5.495350906718936],[134.6532162696152,-5.495133186247506],[134.6539408156163,-5.494809578699104],[134.6537016795889,-5.495195052409744]]],[[[134.6550656066925,-5.491231028788927],[134.6533959388716,-5.494117910113409],[134.6519735774188,-5.49405675801287],[134.6515952416272,-5.491479087889565],[134.6550656066925,-5.491231028788927]]],[[[134.4943501020756,-5.490419557916208],[134.5051367181851,-5.49200318310035],[134.5022838393278,-5.494580376583062],[134.5016793186458,-5.498933329109849],[134.4980317340774,-5.502106312656156],[134.4984729936339,-5.505774610409889],[134.485831580663,-5.4972251487216],[134.4890069357216,-5.487094802083429],[134.4943501020756,-5.490419557916208]]],[[[134.5178387391666,-5.485077703672995],[134.5193513718684,-5.486181423633755],[134.5167562306157,-5.487599863143159],[134.5160422057833,-5.486205610900167],[134.5178387391666,-5.485077703672995]]],[[[134.2720446206628,-5.484752536700181],[134.285652315602,-5.52180454564322],[134.254445242554,-5.553706084168456],[134.2524541930067,-5.488333404163174],[134.2720446206628,-5.484752536700181]]],[[[134.652984034086,-5.475450323573553],[134.652890045939,-5.475645439585345],[134.652752036877,-5.475588332635332],[134.6527389499426,-5.47545865219499],[134.652984034086,-5.475450323573553]]],[[[134.6485523117398,-5.473392899562572],[134.6483655243495,-5.473295342905685],[134.6484952047899,-5.473038360731745],[134.6486486803924,-5.473163281959862],[134.6485523117398,-5.473392899562572]]],[[[134.66079062159,-5.469753274893633],[134.6610313916855,-5.473024225187809],[134.6575530963984,-5.472845562272858],[134.6574475897345,-5.469867281050148],[134.66079062159,-5.469753274893633]]],[[[134.6895800435842,-5.470770953116925],[134.6840229456025,-5.476316087417458],[134.6850434530929,-5.464231262163003],[134.6871219167431,-5.465486116790855],[134.6895800435842,-5.470770953116925]]],[[[134.6824870330501,-5.464162733823023],[134.6794595040529,-5.476883299724448],[134.6745952473728,-5.478116067902209],[134.6750015709658,-5.464894492386899],[134.6824870330501,-5.464162733823023]]],[[[134.6567909020786,-5.443960473097301],[134.6737946349145,-5.464017472628217],[134.668048960791,-5.475370304595887],[134.6562050000608,-5.462287443210893],[134.6567909020786,-5.443960473097301]]],[[[134.5325804333404,-5.428516766335604],[134.5321235156878,-5.42844149937565],[134.532116669149,-5.428175761402158],[134.5324594223645,-5.428146343678789],[134.5325804333404,-5.428516766335604]]],[[[134.5285412902484,-5.426326557424658],[134.5287685291444,-5.426618516930918],[134.5286555041482,-5.426747007568248],[134.5283580722673,-5.426402700324288],[134.5285412902484,-5.426326557424658]]],[[[134.5668206399606,-5.426530368081987],[134.5663602140527,-5.426462552904424],[134.5663387993961,-5.42603424988071],[134.5665945369084,-5.425961110716652],[134.5668206399606,-5.426530368081987]]],[[[134.5296450902488,-5.425972478147293],[134.5294083338276,-5.425970097641811],[134.5293381399433,-5.425746429054427],[134.5296046396425,-5.425760705791908],[134.5296450902488,-5.425972478147293]]],[[[134.5607677637214,-5.424482652252553],[134.5620684307135,-5.428024349743924],[134.5571332579935,-5.428581953694137],[134.5573783430361,-5.426324320810653],[134.5607677637214,-5.424482652252553]]],[[[134.5633475679359,-5.423870236422238],[134.5638101351296,-5.424001583306363],[134.5635588636507,-5.42437658621047],[134.5631267537968,-5.424224300411121],[134.5633475679359,-5.423870236422238]]],[[[134.4922230435586,-5.428327309757534],[134.4784393692815,-5.454262404985925],[134.4625158121551,-5.46153473673863],[134.4663479861707,-5.442480553234911],[134.4929348020995,-5.422168043720247],[134.4922230435586,-5.428327309757534]]],[[[134.5649711212203,-5.422058751809881],[134.5654928440195,-5.422237224967911],[134.5651354345528,-5.423158237762475],[134.5642966377797,-5.422487964048254],[134.5649711212203,-5.422058751809881]]],[[[134.5875745367356,-5.419707003975009],[134.6107426113824,-5.434009837983548],[134.6088526303447,-5.42304705457786],[134.6146279128479,-5.421422426603665],[134.6469428121612,-5.43940193734949],[134.6513414772275,-5.46636668527423],[134.643548602586,-5.47155112578375],[134.6469491496836,-5.475121222066707],[134.6529348429687,-5.474945300285387],[134.6550384561599,-5.484518117617013],[134.6512706547169,-5.490886520096775],[134.6517209569566,-5.495171554923298],[134.6566668217165,-5.493390104069976],[134.6614342735729,-5.496120657142604],[134.6660385308536,-5.481161668775928],[134.6861850650887,-5.510304121438007],[134.7056141282895,-5.516367615972654],[134.6986404631868,-5.524911482978538],[134.7008806663098,-5.535577714040211],[134.6773978451344,-5.535156208991835],[134.67511171993,-5.537458879923366],[134.6900708009268,-5.558997166286143],[134.6817642587137,-5.571493615737725],[134.6762634448022,-5.572908853660667],[134.6757358809062,-5.572423244936767],[134.6744031521838,-5.57227460768697],[134.6739510548973,-5.571807639211172],[134.6734985466207,-5.572129416639164],[134.6713125042687,-5.570936633218952],[134.6653353239661,-5.561618787177184],[134.6594643014364,-5.565103110620021],[134.6553803028588,-5.570030042852085],[134.655760422006,-5.571834864387418],[134.6508776491843,-5.566349463057278],[134.6489819331698,-5.573561251550511],[134.6234791195658,-5.581602380445431],[134.6101951355972,-5.566087068763163],[134.59878432074,-5.56556835419613],[134.5957529228592,-5.573239673771883],[134.5928233012544,-5.566907585916318],[134.5721632055675,-5.56981019818206],[134.5690832020282,-5.560271859958358],[134.5525586360723,-5.55741853413794],[134.5311899501561,-5.56930304889656],[134.5233330815565,-5.555389174370865],[134.5140749936661,-5.561913661386323],[134.5069294546308,-5.555235776110105],[134.5183425016053,-5.516401863055513],[134.5001612621326,-5.501198843651681],[134.5025146557268,-5.498600449551087],[134.5028086521976,-5.494480459205756],[134.5075771463682,-5.490089959983616],[134.5268839593273,-5.488305442442146],[134.5160841690492,-5.47963869387054],[134.5115085731621,-5.486368712845805],[134.4920243617349,-5.486775103887868],[134.5042219880544,-5.460315452096402],[134.4916485638303,-5.430541719424723],[134.5078112219104,-5.419565955204656],[134.556399324869,-5.44621868604345],[134.5556192817046,-5.434764737902301],[134.5691917762795,-5.438931609006462],[134.5643060123128,-5.429080420025371],[134.5680876354361,-5.427766387308867],[134.5717928521584,-5.418644418105404],[134.5875745367356,-5.419707003975009]]],[[[134.6393869691334,-5.4156650019382],[134.6404197658596,-5.419793003444243],[134.6363841463113,-5.420498750017248],[134.6355450716478,-5.417939831657818],[134.6393869691334,-5.4156650019382]]],[[[134.5978669870718,-5.415598918855017],[134.6019078613587,-5.420700384315217],[134.5914230397416,-5.420447450889102],[134.5909093883577,-5.416646254021344],[134.5978669870718,-5.415598918855017]]],[[[134.6454870525855,-5.413110187185381],[134.6513363933599,-5.422241901442496],[134.6506284542398,-5.424532759778947],[134.6436709679409,-5.421868513720866],[134.6454870525855,-5.413110187185381]]],[[[134.6825366072786,-5.39750170933642],[134.6811526765548,-5.400884893223149],[134.6773908888784,-5.398806482633026],[134.6781982993121,-5.397523456742074],[134.6825366072786,-5.39750170933642]]],[[[134.5656977617424,-5.399912925740828],[134.5643840114131,-5.398929619606267],[134.5655912100664,-5.397039251859929],[134.5669273373268,-5.398286892126317],[134.5656977617424,-5.399912925740828]]],[[[134.6279009097992,-5.396728633219786],[134.631035296242,-5.40977986544842],[134.6248748368044,-5.414155066303276],[134.6176201092807,-5.406831503770863],[134.6279009097992,-5.396728633219786]]],[[[134.593992999977,-5.396877962048289],[134.5927183251906,-5.404900030711771],[134.5780092035619,-5.401333669313305],[134.5884510186996,-5.393729238613413],[134.593992999977,-5.396877962048289]]],[[[134.6851736002815,-5.392803205803246],[134.6862027700418,-5.393567026097371],[134.6862646038285,-5.39400100204455],[134.6836930508937,-5.392169191854705],[134.6851736002815,-5.392803205803246]]],[[[134.660431122998,-5.388755788049141],[134.6692510755768,-5.394630886306277],[134.6764263767759,-5.406437427145486],[134.6510983554049,-5.397057599828318],[134.660431122998,-5.388755788049141]]],[[[134.6226698250524,-5.387691812726895],[134.6253665312405,-5.392068222270633],[134.6225064533103,-5.396456744782866],[134.615532071448,-5.389989916001773],[134.6226698250524,-5.387691812726895]]],[[[134.6777767061302,-5.389298105323252],[134.6821774477311,-5.393858943335576],[134.669888696706,-5.389153942200568],[134.6718714257258,-5.386940067629967],[134.6777767061302,-5.389298105323252]]],[[[134.6107245458012,-5.389469524199145],[134.6202604261778,-5.397639847001282],[134.6107888311398,-5.40808657423593],[134.5954158884325,-5.401148554662053],[134.5935458957267,-5.392671140360753],[134.6053019890956,-5.386972645571023],[134.6091050277748,-5.381339533292787],[134.6107245458012,-5.389469524199145]]],[[[134.5990863247741,-5.381010751944596],[134.6045977129141,-5.385594040632461],[134.5900225354118,-5.391046098698452],[134.5902923670991,-5.386154220241028],[134.5990863247741,-5.381010751944596]]],[[[134.705224441255,-5.378702291177787],[134.6996959731907,-5.378657189277795],[134.6999916334072,-5.37452108218213],[134.7068797558961,-5.374122779642469],[134.705224441255,-5.378702291177787]]],[[[134.6072782151176,-5.368827600213492],[134.610515061321,-5.370696886951779],[134.6101398884451,-5.375187292759235],[134.604503660016,-5.373994924825868],[134.6072782151176,-5.368827600213492]]],[[[134.4732706992833,-5.371984788067489],[134.4761161362508,-5.375865770089109],[134.4784655431504,-5.377669944112621],[134.4681911646906,-5.376965747071586],[134.4680729829819,-5.368096098855871],[134.4732706992833,-5.371984788067489]]],[[[134.5893606775533,-5.357242753050588],[134.6013774286255,-5.358151966739814],[134.6035906988517,-5.370395599677095],[134.5772102359636,-5.393950648103888],[134.5626875168155,-5.392796739677745],[134.5780799703145,-5.362089859659206],[134.5893606775533,-5.357242753050588]]],[[[134.5813815218398,-5.352898553625333],[134.581025757233,-5.352803128361642],[134.5811673348048,-5.352261681631258],[134.5814540602568,-5.352403377913521],[134.5813815218398,-5.352898553625333]]],[[[134.5824680278772,-5.352027106066063],[134.5829743767662,-5.352470638209343],[134.5817903572392,-5.352523938329038],[134.5818170068493,-5.352046142015769],[134.5824680278772,-5.352027106066063]]],[[[134.5931070742322,-5.334883017836915],[134.5934128347346,-5.334989142334993],[134.5928195456856,-5.335278430854799],[134.5930099033844,-5.334783312699702],[134.5931070742322,-5.334883017836915]]],[[[134.5929009469212,-5.333487172894617],[134.5935312988304,-5.333731693163094],[134.593618896395,-5.334761062572894],[134.5921441359432,-5.332752253213861],[134.5929009469212,-5.333487172894617]]],[[[134.5253063002456,-5.330098871865444],[134.5334938468636,-5.331574853596591],[134.5360753220185,-5.332822555916187],[134.5382730510605,-5.334554803961015],[134.5395163197224,-5.336455993249415],[134.5409692779099,-5.337400043976785],[134.541341069335,-5.338414883939694],[134.527972228036,-5.330823141774558],[134.5110067028971,-5.345643687606109],[134.5253063002456,-5.330098871865444]]],[[[134.5827382156962,-5.328583625733677],[134.5896204548202,-5.329986188611694],[134.597740419185,-5.336445526040182],[134.6025224175755,-5.351831605144389],[134.5802884498521,-5.35162025816838],[134.5564550522589,-5.386128329658638],[134.5570623743291,-5.398442336344703],[134.5475147820816,-5.398931426344137],[134.5423459106353,-5.40969536065237],[134.5035609998404,-5.387182305418995],[134.5075122566854,-5.368438709079085],[134.5217255299094,-5.360514778933893],[134.5293704058197,-5.364372417253164],[134.5264922164426,-5.355001708162258],[134.5443336066107,-5.348815738555483],[134.5515291668377,-5.353886943627532],[134.5473369672273,-5.341735036142906],[134.5592963379557,-5.328896627577232],[134.5827382156962,-5.328583625733677]]]]}},{"type":"Feature","properties":{"kode":"81.08","nama":"Kabupaten Maluku Barat Daya","lat":-7.833108464540153,"lng":127.30411016496188},"geometry":{"type":"MultiPolygon","coordinates":[[[[128.4971624649759,-8.319292640942582],[128.5009757316448,-8.331670992322397],[128.509221000349,-8.343922999746649],[128.4952478631984,-8.335233457857765],[128.4971624649759,-8.319292640942582]]],[[[129.0324219702977,-8.231024647069756],[129.0323248893822,-8.230981816857312],[129.0325790144101,-8.230707702598377],[129.0325276181551,-8.230961829424803],[129.0324219702977,-8.231024647069756]]],[[[129.823158953423,-8.214084425256],[129.822572908413,-8.213761904987908],[129.8226886340733,-8.213463094446176],[129.823122410371,-8.213617044890658],[129.823158953423,-8.214084425256]]],[[[129.8197620989417,-8.212199342825404],[129.8198046125929,-8.212323016693794],[129.8195851968994,-8.212142734099874],[129.819647594561,-8.212143378014485],[129.8197620989417,-8.212199342825404]]],[[[129.8116578016662,-8.20773483479476],[129.8115367861937,-8.207276104108878],[129.8122778023788,-8.206826105840097],[129.8121307884051,-8.207280104293329],[129.8116578016662,-8.20773483479476]]],[[[128.193976200841,-8.20158143863246],[128.2243431137438,-8.21610919938001],[128.2327519997051,-8.272682999720598],[128.1510512430206,-8.278098136120065],[128.0794121958162,-8.257557295033084],[128.0947979997279,-8.219808000338862],[128.0922967881663,-8.20641639809823],[128.1524416686482,-8.21547028592498],[128.193976200841,-8.20158143863246]]],[[[129.8142520094227,-8.199861198335583],[129.8141631060425,-8.199730105959606],[129.8144756995939,-8.199485309599268],[129.8143344268924,-8.199758660333849],[129.8142520094227,-8.199861198335583]]],[[[129.8151815963537,-8.198700746442249],[129.8153123847588,-8.19829529069505],[129.8159035945753,-8.197860728389887],[129.8154166062914,-8.198381917891133],[129.8151815963537,-8.198700746442249]]],[[[128.7217679193541,-8.197899161816817],[128.7214279216613,-8.197779162578271],[128.721597921407,-8.19731916294895],[128.7218317298505,-8.197531045921007],[128.7217679193541,-8.197899161816817]]],[[[128.7225573766217,-8.197416079288615],[128.722400440428,-8.197515558695994],[128.7221304396681,-8.197355557612855],[128.7224704400588,-8.197255559296561],[128.7225573766217,-8.197416079288615]]],[[[128.7275522292521,-8.198005096557885],[128.7281582428087,-8.199708306393187],[128.7273587104362,-8.200943542310561],[128.7255170409787,-8.1996726140998],[128.7275522292521,-8.198005096557885]]],[[[128.7213426794212,-8.19725717807625],[128.7207926792388,-8.197167179321845],[128.7209026798149,-8.196767180660807],[128.7213126798364,-8.196817179369269],[128.7213426794212,-8.19725717807625]]],[[[128.7232524005778,-8.194415500275092],[128.7232724006009,-8.194055499861435],[128.7235024004156,-8.193835501407225],[128.7235124008766,-8.193965499308291],[128.7232524005778,-8.194415500275092]]],[[[128.3995017466084,-8.19321035657266],[128.3992517458714,-8.193130355581406],[128.3992217480853,-8.192940356712057],[128.3994517461012,-8.192920356689086],[128.3995017466084,-8.19321035657266]]],[[[128.7193921173524,-8.19287658308781],[128.7192733079169,-8.192731434308236],[128.7194575529238,-8.192659457068245],[128.7195032079068,-8.192748105040941],[128.7193921173524,-8.19287658308781]]],[[[128.3904698822793,-8.192043632807415],[128.3896305378191,-8.196774919327048],[128.3842017982745,-8.196721380886967],[128.3878780649209,-8.192231339304872],[128.3904698822793,-8.192043632807415]]],[[[128.7204392852449,-8.195475525774825],[128.7175806039617,-8.195498761558522],[128.717152300938,-8.191496508656897],[128.7183467903722,-8.19291466757777],[128.7207976354026,-8.193704649150195],[128.7204392852449,-8.195475525774825]]],[[[128.9397180587415,-8.188449442787498],[128.9395225065585,-8.188361900980894],[128.9394396628103,-8.188178184775357],[128.9397057254389,-8.18822865113125],[128.9397180587415,-8.188449442787498]]],[[[128.4147500010118,-8.191179998558056],[128.4102799999221,-8.192450001366396],[128.3972692120047,-8.192018360958535],[128.4074985146448,-8.187685362589363],[128.4147500010118,-8.191179998558056]]],[[[128.8706882442672,-8.1823470615676],[128.9254515393572,-8.189354575353285],[128.964974692828,-8.185459626860219],[128.9963325749884,-8.207011618891062],[129.0279873080678,-8.21617880510777],[129.0311536078527,-8.24213960206091],[129.0154140682048,-8.261162203173082],[128.9791999989808,-8.246119999638228],[128.9540500002074,-8.224239999676168],[128.9330799999422,-8.226619998813849],[128.9381599985851,-8.245839999316456],[128.9064645891695,-8.242291672922324],[128.8693230482201,-8.230381043650219],[128.8257882772073,-8.20191421836645],[128.8359366777355,-8.191367257193143],[128.8706882442672,-8.1823470615676]]],[[[128.5894935032227,-8.164242982127838],[128.5877240790031,-8.165580309083946],[128.5852970291346,-8.164290640800402],[128.5860774922825,-8.163553007864959],[128.5894935032227,-8.164242982127838]]],[[[128.781606836986,-8.16350622962874],[128.7824368365908,-8.163766229927543],[128.780095016372,-8.164182912811118],[128.7806438816098,-8.16350795362915],[128.781606836986,-8.16350622962874]]],[[[128.6897620064116,-8.165490635884147],[128.7209823732381,-8.179670965142876],[128.7185701936597,-8.18685396274013],[128.6929487531825,-8.185739780066719],[128.6821697939009,-8.166715990050903],[128.6897620064116,-8.165490635884147]]],[[[128.7600896972817,-8.16128116119657],[128.7891706462084,-8.163476513330341],[128.7987690258699,-8.199303758061909],[128.7844565682161,-8.200374515171731],[128.7819795493168,-8.173973205998646],[128.7600896972817,-8.16128116119657]]],[[[128.7277494721604,-8.160584979812917],[128.7275294728069,-8.160524978844634],[128.7275694719536,-8.160354979998257],[128.7277394716994,-8.160494980159143],[128.7277494721604,-8.160584979812917]]],[[[128.7468119240311,-8.159168198653415],[128.7466924374061,-8.159203904436634],[128.746652023672,-8.159137742212934],[128.7467281665717,-8.159067310008332],[128.7468119240311,-8.159168198653415]]],[[[128.7476387193515,-8.158747177440233],[128.7507931193072,-8.159707245992536],[128.751994770942,-8.161685669058354],[128.74682779077,-8.160866320124498],[128.7476387193515,-8.158747177440233]]],[[[128.7280031079571,-8.15974691418873],[128.727549523192,-8.158832308164481],[128.7286604341318,-8.158444158970717],[128.7286753062204,-8.159244253419544],[128.7280031079571,-8.15974691418873]]],[[[128.7244569138555,-8.156202266921024],[128.7332330910344,-8.156766408942566],[128.740132706859,-8.158614066086205],[128.7304508719103,-8.159715544037098],[128.7312001582607,-8.158106944679737],[128.7224369124336,-8.15612226592977],[128.7244569138555,-8.156202266921024]]],[[[127.6927140312277,-8.154356258234667],[127.7462347519323,-8.176620653620219],[127.7547840922121,-8.19058800633135],[127.7505961751735,-8.206495651752892],[127.7282685421595,-8.218247578562892],[127.7174945201561,-8.212213654636429],[127.6596753611291,-8.238109480967708],[127.6329462463723,-8.23753401198502],[127.6300248148933,-8.224351983257332],[127.6013202340416,-8.216405653697905],[127.6466754675988,-8.175030661235976],[127.6927140312277,-8.154356258234667]]],[[[128.6969203535915,-8.15207670797367],[128.6968834220324,-8.152291785337589],[128.6966289156919,-8.152156880735433],[128.6966593730317,-8.152105483581167],[128.6969203535915,-8.15207670797367]]],[[[128.6979550982493,-8.150311789357527],[128.6978050994259,-8.150201790580152],[128.6979550991485,-8.149981790327292],[128.6982150994474,-8.1501517882743],[128.6979550982493,-8.150311789357527]]],[[[128.6812100760842,-8.148688881786441],[128.6818067267991,-8.149758649641896],[128.6849089489889,-8.151572788153576],[128.679630114738,-8.149431273034828],[128.6812100760842,-8.148688881786441]]],[[[128.6937163677162,-8.148569248571906],[128.6936353801688,-8.148446652091295],[128.6938858485532,-8.148299731647217],[128.6939378131795,-8.148378957422935],[128.6937163677162,-8.148569248571906]]],[[[129.9193434922084,-8.123650820728727],[129.919145796941,-8.12355660685185],[129.9191046727425,-8.123203437688424],[129.9193426882145,-8.12338942198421],[129.9193434922084,-8.123650820728727]]],[[[129.9242796838604,-8.116788454823247],[129.924058908392,-8.11631986936641],[129.9243399087599,-8.116216869113106],[129.9245629073523,-8.116464885945689],[129.9242796838604,-8.116788454823247]]],[[[127.7903353233165,-8.104789129914352],[127.8747571955882,-8.116775503686462],[127.9039165231291,-8.129870764024432],[127.925913781196,-8.127829608749408],[127.9357358959949,-8.141476327070833],[127.9529320243934,-8.14699958716119],[127.9968492959583,-8.13993521283976],[128.0354068896163,-8.147970120224883],[128.0899900388093,-8.137011783966646],[128.1231701290983,-8.151452254717722],[128.1267174986137,-8.162851329824932],[128.0753192579774,-8.19399420297005],[128.0701466678345,-8.215336678145118],[128.0522493317414,-8.229288567913056],[128.0454072644337,-8.259459794633788],[128.0057979379245,-8.25794853879394],[127.9604427043673,-8.246975591250454],[127.9583843972222,-8.233091377265183],[127.9434248350881,-8.219937089924727],[127.8772904508936,-8.21769997057718],[127.8020697241385,-8.191491464359562],[127.7883245516368,-8.173936001944853],[127.7837111887204,-8.13454949866033],[127.7619777539702,-8.115328336233656],[127.7664918416253,-8.10800202627247],[127.7903353233165,-8.104789129914352]]],[[[129.9253878113984,-8.100431262592593],[129.9159350319763,-8.130737159192485],[129.8807277870578,-8.14791955404413],[129.8545021082857,-8.193005750015274],[129.8323317109398,-8.211876133676625],[129.8145985469854,-8.211137241690363],[129.8136562796137,-8.201343380892272],[129.8279758769852,-8.188201618409856],[129.8482060535666,-8.14183068243997],[129.8772155342695,-8.119935555881135],[129.8968954022012,-8.115507983006935],[129.9181020167947,-8.092049851819176],[129.9253878113984,-8.100431262592593]]],[[[127.1787952204231,-8.013056686716684],[127.2020157858,-8.014509348127845],[127.2154466533404,-8.034482543434578],[127.2139725772727,-8.066176963595932],[127.218601818619,-8.08154233311214],[127.2329713841222,-8.091600314902596],[127.2292974961825,-8.104490617048281],[127.1743890541117,-8.107391179759098],[127.1437326728247,-8.097578876563798],[127.1488764729708,-8.082992019566042],[127.136066050408,-8.037817952636388],[127.1609879298491,-8.01569788944601],[127.1787952204231,-8.013056686716684]]],[[[125.7670000012491,-7.994020000422601],[125.7674910760523,-7.99420656118384],[125.7677885088327,-7.994667582442875],[125.7670806191753,-7.99437312372067],[125.7670000012491,-7.994020000422601]]],[[[125.7494599990797,-7.984759999674188],[125.7481600011831,-7.984630000873753],[125.7482626516002,-7.984136087810149],[125.7494000008095,-7.983970000115352],[125.7494599990797,-7.984759999674188]]],[[[125.7564824200277,-7.980684679554243],[125.7553799995873,-7.979680000131832],[125.7562599987999,-7.97878999955877],[125.7578434719987,-7.979647234232416],[125.7564824200277,-7.980684679554243]]],[[[125.7553355200183,-7.973840159795457],[125.754410000721,-7.973250000387181],[125.7540100002614,-7.971620000762395],[125.7557055523694,-7.973173007628168],[125.7553355200183,-7.973840159795457]]],[[[125.7473400002409,-7.966640001334983],[125.7536627594288,-7.968961471694484],[125.7485546245963,-7.975536279375798],[125.7550699987814,-7.98672000012786],[125.7460799996923,-7.981710001115586],[125.7473400002409,-7.966640001334983]]],[[[125.7329399989818,-7.966379999237531],[125.746581290794,-7.986710208309392],[125.7622099997917,-7.997629999624748],[125.7637899998087,-8.01523999872698],[125.7353487467473,-8.059249102763815],[125.7285800011662,-7.986849999827576],[125.7225203071665,-7.981226686562318],[125.7329399989818,-7.966379999237531]]],[[[129.5337196280584,-7.860039514611898],[129.547039612788,-7.863969515980322],[129.5510299901419,-7.88864886265486],[129.5653138943208,-7.894124002720541],[129.5702896291631,-7.908989514654311],[129.5425863166053,-7.951040641712196],[129.5242896131752,-7.942889515838462],[129.5155286282437,-7.927589515343828],[129.5173396281214,-7.881559515059492],[129.5258086139764,-7.869139516075733],[129.5136596283892,-7.844319515433255],[129.5272296129564,-7.846599515355272],[129.5337196280584,-7.860039514611898]]],[[[129.6788596131806,-7.786469515055997],[129.7317996128619,-7.796009515226902],[129.776489613405,-7.814449515732561],[129.818649613289,-7.81675951523935],[129.8573296136708,-7.844119515203455],[129.8415296126015,-7.85750951575153],[129.8421396128528,-7.872019514888676],[129.846759618162,-7.8909795069986],[129.8663596128059,-7.901339516205645],[129.8643596132057,-7.9186095149171],[129.8251806140942,-7.966299515310275],[129.792398039438,-8.043117686232186],[129.7535706122939,-8.055034515430552],[129.7082266130679,-8.041343516290205],[129.6724786120983,-8.00948951592833],[129.6522296118072,-7.970339514556882],[129.6329696130574,-7.961449514683298],[129.6056816281047,-7.92926754775907],[129.6033094161966,-7.912189703591891],[129.5822772493956,-7.898762857819611],[129.5942496117302,-7.86735951582889],[129.5888396131577,-7.847039514961621],[129.5965596130358,-7.822630515286003],[129.6208396130578,-7.801929515734488],[129.6788596131806,-7.786469515055997]]],[[[130.0691392576707,-7.753167952438992],[130.0928647743899,-7.76227862076169],[130.0864997155894,-7.787274858847652],[130.0789531355788,-7.788948611389194],[130.0588228961597,-7.767076606400262],[130.0296055839306,-7.765976353326013],[130.0397172237709,-7.753762674108059],[130.0691392576707,-7.753167952438992]]],[[[130.0026659900435,-7.696417168217699],[130.0142568653621,-7.711834796438647],[130.0255742505513,-7.74494151643779],[130.0000961719009,-7.742002881827474],[130.0021358909587,-7.731677715953803],[129.9915710836386,-7.726695720031421],[129.9898102830182,-7.70730430155229],[130.0026659900435,-7.696417168217699]]],[[[125.9265000001749,-7.660250000437133],[125.9302800009213,-7.67284000006592],[125.9097799989479,-7.677800000369731],[125.9088399996662,-7.668309998907289],[125.9265000001749,-7.660250000437133]]],[[[127.429036361439,-7.628738804552152],[127.4369540179137,-7.631162882161195],[127.4377184200691,-7.634678535286169],[127.4282542165589,-7.636899045054849],[127.429036361439,-7.628738804552152]]],[[[127.6366512976193,-7.588711918320338],[127.6354496702661,-7.59075825458975],[127.6337115433531,-7.589674588611287],[127.6351600004338,-7.58836000101322],[127.6366512976193,-7.588711918320338]]],[[[126.626290000783,-7.556870001249542],[126.6367299992901,-7.563950000392142],[126.6313999999102,-7.584109999276992],[126.6371699997957,-7.602879999712168],[126.668360000114,-7.621410000770882],[126.6876700002703,-7.623380000786354],[126.6955299994101,-7.640180001206057],[126.7120199999231,-7.643789998609555],[126.7228499993281,-7.667260000848301],[126.7584699997907,-7.656250000337187],[126.7850099997117,-7.661989999738664],[126.8111499991732,-7.656380000036903],[126.815860001438,-7.662029999784607],[126.8088100000815,-7.679289999833631],[126.8315299992101,-7.701160000233712],[126.8426700003203,-7.733949999692661],[126.819949999393,-7.754719999728169],[126.804004818068,-7.741440894581578],[126.6958599993395,-7.750600000389677],[126.6592099999416,-7.777720000077951],[126.6225599996443,-7.782770000035447],[126.5939000008845,-7.806459998929753],[126.5617900004082,-7.81476999903619],[126.5490599997193,-7.823470000040426],[126.5368200009424,-7.851719999678223],[126.5210599990198,-7.858689999144079],[126.498520000098,-7.906559999744171],[126.5035500000325,-7.917960000253713],[126.4745400013201,-7.97087999901274],[126.463260000049,-7.974050000407188],[126.4210540816806,-7.930652396690689],[126.3683411940909,-7.934708131375049],[126.3300400007455,-7.91425000003743],[126.2250900011028,-7.928359999614258],[126.1773599988649,-7.925399999810149],[126.1317800004467,-7.891330000678901],[126.1066800003817,-7.894809999282052],[126.0712099996419,-7.887569999955505],[125.9982244865709,-7.906330817413191],[125.9837899999086,-7.919279999072674],[125.9479999997003,-7.915139998811841],[125.9253500002025,-7.94236000131299],[125.8856300013235,-7.952799999820107],[125.8695546512263,-7.976882842369174],[125.8165400006206,-7.995019999773127],[125.806308024296,-8.014622929804354],[125.7892729365968,-8.007841759189809],[125.7924002022077,-7.990298904370866],[125.8184899997137,-7.958600000189779],[125.8268600007884,-7.915920000607527],[125.8065900004283,-7.861480001001179],[125.8159813957249,-7.852211081676045],[125.8289316116046,-7.853750593315193],[125.8280999986161,-7.84498999868937],[125.8706199998133,-7.815199999980019],[125.8759376119314,-7.797068239407671],[125.85760000014,-7.78069000034323],[125.8623000010443,-7.767670000669983],[125.9152799989729,-7.744430000044459],[125.911540000071,-7.73435999971415],[125.9474199999331,-7.661980001076144],[125.9842399999761,-7.655199999580268],[125.9977899989094,-7.67903999999591],[126.0133299996798,-7.673509998587561],[126.0331499990733,-7.697759999024693],[126.048159998785,-7.693019999873022],[126.0666899998437,-7.70584999977764],[126.0896900001934,-7.702580000066898],[126.1432299996649,-7.724990001087643],[126.1847299996898,-7.727629998725475],[126.2363574982,-7.687883840366875],[126.3234699999406,-7.695059998619928],[126.3345199986991,-7.681460000078903],[126.3669900013876,-7.666889999973473],[126.380490000713,-7.637129999050155],[126.3984499997677,-7.636539999721118],[126.4070099997118,-7.623979999677192],[126.4192500002873,-7.634460000028901],[126.4396799990328,-7.631150000272306],[126.4707570948641,-7.589249343282559],[126.4994899998636,-7.58898000082631],[126.5363000012442,-7.571819999992949],[126.5944599997293,-7.573059998719937],[126.626290000783,-7.556870001249542]]],[[[127.5936175587034,-7.558216187427006],[127.6051000000651,-7.592520000397655],[127.615070155863,-7.591158094970111],[127.6181999989309,-7.597960000353669],[127.5984060313134,-7.62100306294096],[127.5956510733384,-7.587529900684301],[127.5824977320847,-7.556226498553968],[127.5888500178141,-7.548491732707222],[127.5936175587034,-7.558216187427006]]],[[[127.5575053520904,-7.5489108977197],[127.5551383166801,-7.547596251665637],[127.5549500004422,-7.544479999152624],[127.5591099998267,-7.546020000023005],[127.5575053520904,-7.5489108977197]]],[[[127.5493900003484,-7.529340000640409],[127.5477100002164,-7.532659999958983],[127.5443999995603,-7.531909998647438],[127.5475885143986,-7.52923960032719],[127.5493900003484,-7.529340000640409]]],[[[129.6745373940855,-7.527373517873474],[129.6912616140323,-7.551946499031618],[129.7253215767295,-7.551373257669595],[129.7166995793222,-7.571825082061848],[129.6913761660772,-7.573306296048691],[129.661790251419,-7.554780021780497],[129.6657877451084,-7.528444148178862],[129.6745373940855,-7.527373517873474]]],[[[127.5440244687543,-7.52654737905825],[127.5423300003293,-7.530640001235049],[127.5458499998777,-7.534379999237543],[127.5418401234231,-7.54348438219841],[127.5355900006781,-7.533370000325216],[127.5440244687543,-7.52654737905825]]],[[[127.5525288762067,-7.518258216243615],[127.5541219298832,-7.520605468367662],[127.5509130094279,-7.521179314973362],[127.5513951710503,-7.518828992563868],[127.5525288762067,-7.518258216243615]]],[[[127.2943664076836,-7.510894169829977],[127.2996799998322,-7.515980000576476],[127.294332144413,-7.530025988208759],[127.2740261405939,-7.51952563529981],[127.2943664076836,-7.510894169829977]]],[[[127.3922430235967,-7.499123081165208],[127.3917530252819,-7.499093081580347],[127.3917630248438,-7.498633081051834],[127.3921030243351,-7.49875308208903],[127.3922430235967,-7.499123081165208]]],[[[127.3929050001657,-7.496910000695926],[127.3934050007402,-7.497300001593813],[127.3931049985969,-7.497680001131072],[127.3925950011584,-7.497410002169839],[127.3929050001657,-7.496910000695926]]],[[[127.3874018264332,-7.492927642596551],[127.3912658337512,-7.498942604317697],[127.3827854220097,-7.509753949984769],[127.3994847990843,-7.511445849945967],[127.3956900008929,-7.506320001167025],[127.4070709861371,-7.496733075271126],[127.4119499988934,-7.511040001195094],[127.4293134290716,-7.510788437436381],[127.4412700002104,-7.523949999392946],[127.459875225961,-7.527538652286906],[127.4737653296063,-7.513979293209764],[127.4862776260117,-7.520526876614023],[127.4828675380066,-7.5728469358374],[127.4698899998237,-7.58961000110057],[127.4398650856053,-7.601691277630333],[127.408640000036,-7.600510000136377],[127.4049499989434,-7.626219999553355],[127.3864200005825,-7.649219999903049],[127.3671400000111,-7.654669999420864],[127.3399299997698,-7.649209999441879],[127.3232599999491,-7.628520001296994],[127.3245900001284,-7.612120000437609],[127.3412999999951,-7.594719999328418],[127.3699599996543,-7.587600000139875],[127.3596200012621,-7.569250001086639],[127.3550999996653,-7.529080000341696],[127.3653900002483,-7.500969999965505],[127.3874018264332,-7.492927642596551]]],[[[128.5598371419705,-7.358410704890054],[128.5595900001785,-7.358213999776257],[128.5599690536289,-7.357947510868871],[128.560118791649,-7.35814905343604],[128.5598371419705,-7.358410704890054]]],[[[128.5572339796645,-7.354985794258954],[128.5579853200666,-7.363457195692983],[128.5634015428471,-7.357174897903177],[128.5685602141827,-7.361648284940329],[128.5592945935708,-7.38318716575506],[128.5491247765872,-7.368886605232631],[128.5572339796645,-7.354985794258954]]],[[[128.5641215086008,-7.281412914174616],[128.5727196056253,-7.293999929852805],[128.5603714777615,-7.31610069718938],[128.5543228876912,-7.298659248125786],[128.5641215086008,-7.281412914174616]]],[[[128.393198117799,-7.217239375796484],[128.3968488787727,-7.21698471657131],[128.3982006974044,-7.218665446952758],[128.3964027071192,-7.220134365408607],[128.3909852495696,-7.216734744612711],[128.393198117799,-7.217239375796484]]],[[[128.4026111103145,-7.216585917605992],[128.4049118504016,-7.218274217581015],[128.4027778590111,-7.222340754921833],[128.400598272892,-7.219295044330813],[128.4026111103145,-7.216585917605992]]],[[[128.5698500002774,-7.089200000279731],[128.5695200003478,-7.089040000095873],[128.5697100001165,-7.088659999659245],[128.570080000092,-7.08877000113464],[128.5698500002774,-7.089200000279731]]],[[[128.6120322853617,-7.06304534996283],[128.6454400003559,-7.080380000036949],[128.6527000006046,-7.096949998843342],[128.6780299995849,-7.094969999266069],[128.6995700009549,-7.1067700002353],[128.6992000009793,-7.126220000552567],[128.6866299986756,-7.13805000110657],[128.6639409991778,-7.144648077846475],[128.6551199988889,-7.138520000297691],[128.6736000003397,-7.165660000008937],[128.6893200004178,-7.164760000773355],[128.647540000071,-7.217530000708886],[128.6239599999541,-7.213090000103398],[128.5588900002733,-7.160130000399149],[128.5445899991292,-7.16336999962575],[128.5246400009354,-7.143229998965221],[128.5418605872964,-7.1064799356005],[128.573098782283,-7.0892802279001],[128.5941999999301,-7.06605999886987],[128.6120322853617,-7.06304534996283]]]]}},{"type":"Feature","properties":{"kode":"81.09","nama":"Kabupaten Buru Selatan","lat":-3.5676029877132702,"lng":126.52422898421871},"geometry":{"type":"MultiPolygon","coordinates":[[[[126.734167461859,-3.855975563621319],[126.733399279853,-3.858415397352635],[126.7316244561039,-3.85645691405532],[126.7338312790903,-3.855634540701461],[126.734167461859,-3.855975563621319]]],[[[127.2053068206533,-3.820067393395446],[127.2358022349853,-3.838114834431996],[127.2354172747874,-3.850335710025002],[127.242340294569,-3.853724108181014],[127.237289533785,-3.869801035689216],[127.2439317897204,-3.875175468772765],[127.2269917010062,-3.882269551298714],[127.2228145848253,-3.905005597030689],[127.2133836292511,-3.904649264951557],[127.2075885211933,-3.890727170622357],[127.1640681006624,-3.888680280370574],[127.1420761288103,-3.852304051690572],[127.1635680479272,-3.824172715798182],[127.183166547898,-3.825319453929568],[127.196098434695,-3.815605193924545],[127.2053068206533,-3.820067393395446]]],[[[126.5321236117154,-3.798269881949492],[126.5307466741197,-3.798520139892483],[126.5297561518251,-3.798379459844162],[126.53217438474,-3.798103944441403],[126.5321236117154,-3.798269881949492]]],[[[126.5284456255653,-3.797564488810037],[126.5276427054465,-3.79760850612765],[126.5287620583224,-3.796666065186718],[126.5289045693904,-3.797139866711399],[126.5284456255653,-3.797564488810037]]],[[[126.5141527938165,-3.792470850149579],[126.5135887030562,-3.792024080446923],[126.5138011211249,-3.791266595876655],[126.5142193931106,-3.791695996972669],[126.5141527938165,-3.792470850149579]]],[[[126.5073307193374,-3.787184597391205],[126.507222966167,-3.787223829416122],[126.5066685647025,-3.786909272644737],[126.50708702015,-3.786920649967909],[126.5073307193374,-3.787184597391205]]],[[[126.5109466531655,-3.787034602165098],[126.5105475610212,-3.786935157831264],[126.5111823690711,-3.786572063749707],[126.511213902,-3.786802633734501],[126.5109466531655,-3.787034602165098]]],[[[126.5066953411172,-3.786668540320795],[126.5058782000189,-3.786791751038423],[126.5058251705952,-3.786691045855031],[126.5062229767091,-3.786536283322819],[126.5066953411172,-3.786668540320795]]],[[[126.5085166580174,-3.782475069968497],[126.5082360857268,-3.782441495578473],[126.5081099387227,-3.781877364348832],[126.5088272074099,-3.782227409267483],[126.5085166580174,-3.782475069968497]]],[[[126.498349147795,-3.781213548666321],[126.4980555344355,-3.781168637422619],[126.498124564597,-3.780599423224798],[126.4984883862301,-3.780717973655515],[126.498349147795,-3.781213548666321]]],[[[126.4972633090546,-3.781352194448198],[126.4952882791308,-3.781462839838115],[126.4942803900281,-3.779680505850605],[126.4960210179557,-3.779572570117987],[126.4972633090546,-3.781352194448198]]],[[[126.0047500959403,-3.284890657178055],[126.0112350874294,-3.293655073922499],[126.0079448421808,-3.297933580570225],[126.0070772985786,-3.302970234588612],[125.9952061684299,-3.298737173381808],[125.9965409548012,-3.286615766404458],[126.0047500959403,-3.284890657178055]]],[[[126.0067473373198,-3.223541070064309],[126.0059909517211,-3.241232673648911],[125.997058922931,-3.252319025702446],[125.9983083276672,-3.22659350668493],[126.0064909927652,-3.216174792432705],[126.0067473373198,-3.223541070064309]]],[[[126.0089278686263,-3.202753776065917],[126.010900778848,-3.205144026575526],[126.0062256109233,-3.209609543645422],[126.0042340019977,-3.205973647565743],[126.0089278686263,-3.202753776065917]]],[[[126.0990175589133,-3.112356534726215],[126.1245476435589,-3.151134943422809],[126.1018564533127,-3.1785472515544],[126.1050073126374,-3.210028973058668],[126.0982662050215,-3.220820647854586],[126.1021173907051,-3.246336486339699],[126.1115064207847,-3.256349206150924],[126.1040654607525,-3.263116863552343],[126.1102734889305,-3.275624053607176],[126.1480762204414,-3.297798812665034],[126.1907239847242,-3.289450459171286],[126.2106273944388,-3.304946061311645],[126.2413918085851,-3.289730929838511],[126.2461461159505,-3.299089124863189],[126.2783315470633,-3.302781787949163],[126.2893269416851,-3.314068738281575],[126.308073305239,-3.317603224109503],[126.3300310929606,-3.351041114056111],[126.3956586759072,-3.370412602659448],[126.4329937437663,-3.390251055241913],[126.4608871999844,-3.427951964611411],[126.4656667153468,-3.454394512196915],[126.4785442570119,-3.473900780396624],[126.5138068084375,-3.470352318204808],[126.5493096955861,-3.449509134039255],[126.5962630585933,-3.458119472635504],[126.5969746318739,-3.478470152975158],[126.6184940693459,-3.526215049784723],[126.6325113119475,-3.526814259970104],[126.6429534607336,-3.508632034840511],[126.6804538986286,-3.534044059185939],[126.6955658931516,-3.560681039298499],[126.689000724404,-3.577534704962629],[126.7054725379274,-3.593491777123761],[126.7255924162571,-3.655261782904942],[126.748665137586,-3.658595451918492],[126.7496960142598,-3.670031821011646],[126.7987527449433,-3.663874600932074],[126.7995055287572,-3.641872598041898],[126.8134674657511,-3.641745440199864],[126.8207806716908,-3.656416330749027],[126.8468564613567,-3.66085965884613],[126.9120906790416,-3.645067550227202],[126.9307872651202,-3.633475260274979],[126.957537873674,-3.638889019812355],[126.9760320322525,-3.601959610947228],[126.9997943986927,-3.598420586240961],[127.0374646321871,-3.578165639632472],[127.0606213124237,-3.539113576230493],[127.1038311475894,-3.512323566579292],[127.1221528638637,-3.521124315934435],[127.1531285467451,-3.512984037683145],[127.1926221233124,-3.568360629939063],[127.1900801086103,-3.601000985806804],[127.2224572949682,-3.614447443994331],[127.2205615573701,-3.620840389872074],[127.2401604062779,-3.623791052914685],[127.238085412212,-3.633478827885542],[127.2211777818293,-3.661676093077196],[127.1921560379708,-3.67562404471389],[127.1383787110087,-3.660967224957437],[127.1163713634477,-3.665360488695571],[127.0931841925965,-3.682933313421602],[127.0510021008663,-3.689159086122887],[126.9633211097814,-3.752648458059829],[126.9545396337971,-3.770676634718908],[126.9092289283724,-3.778175354608917],[126.8926839334169,-3.790872897865841],[126.8676161551615,-3.784273636718963],[126.8110963096471,-3.80454419555816],[126.7409532945589,-3.857188068274711],[126.7211011228186,-3.845775325270997],[126.6956903836044,-3.861659444427781],[126.6843161037053,-3.860534195596601],[126.6390820052304,-3.823153145401273],[126.6203402111319,-3.827755982652439],[126.6144975649108,-3.81707751361631],[126.6060752853462,-3.82005434872921],[126.5990080251004,-3.808290699256281],[126.5927247209692,-3.811320353351524],[126.5621927815717,-3.792144425025137],[126.5151912904457,-3.794653762860792],[126.5222601541828,-3.781675704869849],[126.5024441810542,-3.785322821790762],[126.4939350206847,-3.771639246553951],[126.455480424582,-3.757188194379671],[126.4545306766495,-3.746478312024395],[126.4442889876467,-3.750631286804376],[126.4141235255803,-3.732839085955034],[126.3959602239852,-3.719149404321501],[126.3997077070451,-3.709488051432411],[126.3857761356602,-3.717977371858153],[126.3718024598158,-3.70445553969139],[126.3488837626756,-3.700872017429615],[126.3319684556798,-3.677925120248096],[126.2807570213196,-3.663717504659106],[126.2649365417881,-3.640959977720717],[126.2329897718605,-3.618541719124993],[126.196904668116,-3.623191789669347],[126.1819350003001,-3.613012000103646],[126.1633230233389,-3.581946553190887],[126.1646136242195,-3.553679529386747],[126.1514527484457,-3.525848434857329],[126.1254226470376,-3.501843222686565],[126.0743381097161,-3.477819102269722],[126.0460312000799,-3.441687925357398],[126.037932324817,-3.421102618191243],[126.0403548933636,-3.398085179087643],[126.0072079403942,-3.358378034218815],[126.0185183369517,-3.334597151637178],[126.0077126929865,-3.319743862389293],[126.0148552327828,-3.303708521331108],[126.0080666085873,-3.299128248070174],[126.0134271984066,-3.290090638871826],[126.0051567432891,-3.262095051145655],[126.0080759579391,-3.24543943418252],[126.0192748682406,-3.24085873014617],[126.0116135320389,-3.194037243723782],[126.0180737687895,-3.173095132334394],[126.0651598348586,-3.142517546047843],[126.0900636478192,-3.112467179216852],[126.0990175589133,-3.112356534726215]]]]}},{"type":"Feature","properties":{"kode":"81.71","nama":"Kota Ambon","lat":-3.685356631086119,"lng":128.1949770914955},"geometry":{"type":"MultiPolygon","coordinates":[[[[128.2522961392555,-3.584499472172878],[128.269726200204,-3.600071742416924],[128.2711701318962,-3.618216118678921],[128.2598185589794,-3.619360016751363],[128.2569521408287,-3.630703120752424],[128.2956424816153,-3.664461967945412],[128.2984895148793,-3.694849630905741],[128.2705521753427,-3.704102490137798],[128.264305952058,-3.729333678806215],[128.2410163556203,-3.737771550816385],[128.241356394682,-3.744090584113094],[128.1601080149729,-3.749345214010338],[128.1526038487887,-3.770634504178963],[128.0898305143668,-3.792685610052862],[128.1044123684361,-3.771684638035635],[128.1296955604018,-3.755770381697657],[128.157254156754,-3.704835506853124],[128.1712050923413,-3.701982915778926],[128.1985610237723,-3.663972101830984],[128.2446990362317,-3.638696823899215],[128.2326446179549,-3.628060178734207],[128.1954668190385,-3.64099844622128],[128.2015870679888,-3.659058803321072],[128.1583775700689,-3.666163292801697],[128.1172155478594,-3.686155641869318],[128.085456422376,-3.722262741232532],[128.0665030097062,-3.693955219157965],[128.07081646221,-3.672553751154586],[128.1086955857328,-3.647771185691598],[128.1618778699679,-3.645351064200211],[128.1797535099167,-3.640966622811328],[128.1871476764242,-3.62779322307876],[128.2026025086988,-3.630516605856629],[128.2139685472107,-3.624568845975398],[128.2290451327268,-3.584300909059637],[128.241972738751,-3.575303031909341],[128.2522961392555,-3.584499472172878]]]]}},{"type":"Feature","properties":{"kode":"81.72","nama":"Kota Tual","lat":-5.556896109620628,"lng":132.48263622671456},"geometry":{"type":"MultiPolygon","coordinates":[[[[132.2029482099919,-5.753001014385254],[132.2024342474426,-5.752901076323517],[132.2024699388366,-5.752786862423668],[132.2027983037988,-5.752572711361451],[132.2029482099919,-5.753001014385254]]],[[[132.2038443151631,-5.750551863677503],[132.2032881159538,-5.751289496612947],[132.2035379602088,-5.749638746031297],[132.2038502641784,-5.750224687619169],[132.2038443151631,-5.750551863677503]]],[[[132.2038613033566,-5.747281503338701],[132.2038004048648,-5.747421497204267],[132.2034653768257,-5.747278729829456],[132.2037851766446,-5.747231140404788],[132.2038613033566,-5.747281503338701]]],[[[132.2036216771987,-5.743599733740704],[132.203574087774,-5.743723466065002],[132.2032599986501,-5.743409376941137],[132.203574087774,-5.743276127091494],[132.2036216771987,-5.743599733740704]]],[[[132.2034979448744,-5.741029915598065],[132.2032409627003,-5.741029915598065],[132.2031553031747,-5.740868112273549],[132.2034408379244,-5.740839558798497],[132.2034979448744,-5.741029915598065]]],[[[132.1697790617544,-5.740513327028366],[132.1696762701438,-5.740496194943371],[132.1697091061903,-5.740381981043522],[132.1697804898778,-5.740406251047573],[132.1697790617544,-5.740513327028366]]],[[[132.2030916473618,-5.737952188242871],[132.2031059240992,-5.738305538169967],[132.202688329303,-5.73809138710775],[132.2028126425895,-5.737951580301174],[132.2030916473618,-5.737952188242871]]],[[[132.1679515404313,-5.738283816844606],[132.1676814524371,-5.738113238834845],[132.1680425554197,-5.737914785438906],[132.1681161370502,-5.738017622914952],[132.1679515404313,-5.738283816844606]]],[[[132.170111209265,-5.738360067662977],[132.1698708060929,-5.738250270333615],[132.1699331452986,-5.737873511952944],[132.1702277488116,-5.73807621644418],[132.170111209265,-5.738360067662977]]],[[[132.170659485447,-5.735772111094021],[132.1705143447612,-5.735759533175936],[132.1705439972078,-5.735598765870335],[132.1707195709515,-5.735592056028497],[132.170659485447,-5.735772111094021]]],[[[132.1703188474369,-5.735146769307934],[132.1701969659173,-5.735111595923374],[132.1701609075999,-5.735063042425351],[132.1703467264203,-5.735010389817567],[132.1703188474369,-5.735146769307934]]],[[[132.1968687695782,-5.717782286023602],[132.1966858555679,-5.757786190080497],[132.1831927828207,-5.767445207430359],[132.1708990315652,-5.733928633999223],[132.182105161624,-5.720269636334566],[132.1968687695782,-5.717782286023602]]],[[[132.2462925270785,-5.700986684188062],[132.2374707515739,-5.705477143055652],[132.234839161698,-5.706123632399666],[132.2421364046714,-5.700736383077557],[132.2519288103664,-5.699476680204522],[132.2462925270785,-5.700986684188062]]],[[[132.2721584806294,-5.692781901163783],[132.2756011303879,-5.695536836655694],[132.2692457833663,-5.713261449855959],[132.2650729479583,-5.705188724180203],[132.2721584806294,-5.692781901163783]]],[[[132.7544565797075,-5.665752458708954],[132.7618162985835,-5.669134288216763],[132.758420806575,-5.679810929830501],[132.749517219744,-5.667584471246271],[132.7544565797075,-5.665752458708954]]],[[[132.2889971968631,-5.662826695195803],[132.2888061143108,-5.662782974654571],[132.2889512891707,-5.662617861824763],[132.2889870534099,-5.662614671030201],[132.2889971968631,-5.662826695195803]]],[[[132.2895601868532,-5.662396348012936],[132.2894223180857,-5.662271674997824],[132.2901444539035,-5.661840422197687],[132.290033416409,-5.662241318382114],[132.2895601868532,-5.662396348012936]]],[[[131.9393173247348,-5.664678914600144],[131.9406254390128,-5.670423639938952],[131.9355889756507,-5.674460889058767],[131.9338293297598,-5.661914715191933],[131.9393173247348,-5.664678914600144]]],[[[132.2610243889644,-5.634663470242955],[132.2624860615826,-5.639837310443489],[132.2620830411996,-5.640149348213778],[132.2603490232889,-5.638143326753101],[132.2610243889644,-5.634663470242955]]],[[[132.2603770920292,-5.634270846921988],[132.2603047568591,-5.634248005041335],[132.2603199850793,-5.634074780326762],[132.2603923211487,-5.634171862141705],[132.2603770920292,-5.634270846921988]]],[[[132.2482672422396,-5.629395705747146],[132.2481844371621,-5.629801165990926],[132.2475733909993,-5.630025311219081],[132.2477075932308,-5.629612712156876],[132.2482672422396,-5.629395705747146]]],[[[132.7159880324218,-5.626113575980688],[132.7157689629674,-5.625969217705133],[132.7160315713001,-5.625723426694743],[132.7161211311853,-5.626019865724156],[132.7159880324218,-5.626113575980688]]],[[[132.7251949335994,-5.622532227380343],[132.7250208329451,-5.631127977174336],[132.7369286563325,-5.646132791395146],[132.7160197191348,-5.629757889714763],[132.7146329780296,-5.623324391607357],[132.7251949335994,-5.622532227380343]]],[[[132.2470504334308,-5.617346449578945],[132.2519223316503,-5.625390810637291],[132.2465503141458,-5.629253771144586],[132.2416764392163,-5.622127499184674],[132.2470504334308,-5.617346449578945]]],[[[132.7188547626372,-5.612844544140287],[132.7197623611441,-5.614392477031131],[132.7184630089608,-5.615487571594072],[132.7177741678436,-5.613063316818571],[132.7188547626372,-5.612844544140287]]],[[[132.3268423700794,-5.599219260260639],[132.3363138742859,-5.611758620863653],[132.3308808161968,-5.619445087720613],[132.3199902573446,-5.612676787303864],[132.3155134034209,-5.612555519121879],[132.3134912013579,-5.611005601427336],[132.3268423700794,-5.599219260260639]]],[[[132.7255791986211,-5.601124114286352],[132.7246900182298,-5.600237845000481],[132.7244572251209,-5.598706265381796],[132.7266795659093,-5.599671566189794],[132.7255791986211,-5.601124114286352]]],[[[132.2499258933653,-5.596328612575333],[132.250057715991,-5.595903700895003],[132.2508282856969,-5.595603696053678],[132.250769614826,-5.5957772777991],[132.2499258933653,-5.596328612575333]]],[[[132.2486751630285,-5.595392098166733],[132.2486880907828,-5.595033565446598],[132.249042211429,-5.594909126255113],[132.2490759306098,-5.595076221190602],[132.2486751630285,-5.595392098166733]]],[[[132.2481060468566,-5.59375222218728],[132.2479326665593,-5.593887009877533],[132.2471041760169,-5.59374104631221],[132.247785086013,-5.593510247000281],[132.2481060468566,-5.59375222218728]]],[[[132.2452171861243,-5.593566650680319],[132.2461437936013,-5.593554349753375],[132.2467565844489,-5.593730186099125],[132.2445837000778,-5.593530726361865],[132.2452171861243,-5.593566650680319]]],[[[132.2491900222018,-5.588319986078431],[132.2495596579519,-5.58873853325668],[132.2475325590804,-5.589667423213011],[132.2478539596925,-5.588260470744081],[132.2491900222018,-5.588319986078431]]],[[[132.2515784569803,-5.586918833337488],[132.2518103300828,-5.586790955138436],[132.2532140279051,-5.588733200276933],[132.2506249300965,-5.588097543266971],[132.2515784569803,-5.586918833337488]]],[[[132.0118583173076,-5.586348793561927],[132.0120796062888,-5.587526627551735],[132.0115070672974,-5.588164456424475],[132.0108577531828,-5.585725138004686],[132.0118583173076,-5.586348793561927]]],[[[132.2619069674327,-5.58105897409236],[132.2761371982731,-5.583109727831629],[132.2834612086678,-5.596362904624267],[132.3067871350184,-5.590609305674902],[132.2997512494207,-5.616032969046251],[132.310399392418,-5.611130555031067],[132.3194917532419,-5.628670796420091],[132.2945460507597,-5.655312678737071],[132.2836698226043,-5.600198601284382],[132.2621365031971,-5.600096039000916],[132.2522979559859,-5.591963369913592],[132.2619069674327,-5.58105897409236]]],[[[132.7513510309255,-5.577656727276085],[132.7511749508634,-5.577685280751047],[132.7510654961758,-5.577566307638974],[132.7512415762378,-5.577456852951349],[132.7513510309255,-5.577656727276085]]],[[[132.6709441990157,-5.577477226192932],[132.6709411044486,-5.578261656250375],[132.6674436302194,-5.57898440001006],[132.6698311252063,-5.576449214759442],[132.6709441990157,-5.577477226192932]]],[[[132.6735230472509,-5.57695889024055],[132.6758473172,-5.577174535975952],[132.680817600352,-5.582488403317124],[132.6795141085893,-5.589200924183294],[132.6764853304337,-5.592394122690595],[132.6735230472509,-5.57695889024055]]],[[[132.2933317348717,-5.575463217853186],[132.2932224393642,-5.575232766578856],[132.2933399402861,-5.57468811556399],[132.2935186409726,-5.575010050373467],[132.2933317348717,-5.575463217853186]]],[[[132.7312408032205,-5.582144916254864],[132.7333222688077,-5.595828664161465],[132.7283976694169,-5.587730481376577],[132.718432710801,-5.594134996133064],[132.7134653045801,-5.586062200310308],[132.7275645401714,-5.573477586721224],[132.7312408032205,-5.582144916254864]]],[[[131.929244817994,-5.581478453867542],[131.9262427299182,-5.578471870080718],[131.9288607508231,-5.573319345611231],[131.9324574832263,-5.576925350024879],[131.929244817994,-5.581478453867542]]],[[[132.0074857235874,-5.585044353014438],[132.0068503777428,-5.597112528220619],[131.9946156238121,-5.590486416914579],[132.0018545628378,-5.572523177602554],[132.0074857235874,-5.585044353014438]]],[[[132.721499432253,-5.552022109033032],[132.7221331197477,-5.554834775604415],[132.7205038962379,-5.556406994686983],[132.7198979959958,-5.552577973694532],[132.721499432253,-5.552022109033032]]],[[[132.3000388094436,-5.535616169950223],[132.2997807525798,-5.535850597127271],[132.2994431326945,-5.535715075590256],[132.299846198943,-5.535288670135933],[132.3000388094436,-5.535616169950223]]],[[[132.3041902517788,-5.528602618116255],[132.3040399984473,-5.528601065886444],[132.3040677659147,-5.528447975193877],[132.3041752268054,-5.528473661630144],[132.3041902517788,-5.528602618116255]]],[[[132.7391761403667,-5.528974998597284],[132.7500292811264,-5.540870483286112],[132.7329873738683,-5.553175009319204],[132.7205391892322,-5.548274429921011],[132.6986230239335,-5.552224361165318],[132.68654156664,-5.53902015425665],[132.7391761403667,-5.528974998597284]]],[[[132.3010209986203,-5.528105908161044],[132.3014714078793,-5.528476182429801],[132.3008401809296,-5.529903914633908],[132.300517966431,-5.527707251288553],[132.3010209986203,-5.528105908161044]]],[[[132.3035475036145,-5.526590547815483],[132.3035996885749,-5.526862077422904],[132.3031711067613,-5.526986932101145],[132.3032735350457,-5.526642853285039],[132.3035475036145,-5.526590547815483]]],[[[132.3012738915769,-5.526403086832924],[132.3018054079932,-5.526777688639387],[132.3015592716431,-5.52711838600464],[132.3008994255681,-5.526825745711576],[132.3012738915769,-5.526403086832924]]],[[[132.3027674199805,-5.524878317780128],[132.3025862299706,-5.524888884814131],[132.3021068355621,-5.524451861963867],[132.302854358342,-5.5242135182392],[132.3027674199805,-5.524878317780128]]],[[[132.7952686100583,-5.569409799322748],[132.8146784250694,-5.541425996312625],[132.8164430873786,-5.558133471782226],[132.7993078970418,-5.608469793845908],[132.8161026706018,-5.676213005825463],[132.8006788469513,-5.698400625188675],[132.7926283821942,-5.692517124565625],[132.8025084484062,-5.678161050691858],[132.7988637119907,-5.652309804653725],[132.7905905777929,-5.677675021984622],[132.7737035400863,-5.691328711850544],[132.7635589122141,-5.666820918050845],[132.7570851658478,-5.662777769378539],[132.7687868709175,-5.654842893584603],[132.7670307161947,-5.643539127728462],[132.7590008234294,-5.639949069194098],[132.7608881649569,-5.65728192062405],[132.7485838853381,-5.654479688886553],[132.7493345917181,-5.664682728624974],[132.7410375418491,-5.637122096207729],[132.7516375837076,-5.573679869430385],[132.7998209269942,-5.522662085187039],[132.7952686100583,-5.569409799322748]]],[[[132.3202688340395,-5.522074181278373],[132.3307079799893,-5.532728728348139],[132.3435705650296,-5.528934176570902],[132.3476631368444,-5.551428396403305],[132.3613898714455,-5.551960806745785],[132.3771587056098,-5.535696342711986],[132.3785572188407,-5.553059584931911],[132.355693606075,-5.576744690614958],[132.3248429937092,-5.580649728602064],[132.3163382103402,-5.569654411322026],[132.3256523772555,-5.562617198324985],[132.3023580917526,-5.530477379927116],[132.3202688340395,-5.522074181278373]]],[[[132.7501796477726,-5.516458252346438],[132.7494053521754,-5.514644280209317],[132.7500673566232,-5.513291064031271],[132.7504275647803,-5.514546925899903],[132.7501796477726,-5.516458252346438]]],[[[132.3211602771252,-5.497182662050174],[132.3210365448008,-5.497068448150325],[132.3211626558319,-5.496892368088239],[132.3212602142875,-5.496992306149976],[132.3211602771252,-5.497182662050174]]],[[[132.7372001067995,-5.490690098269439],[132.743758089964,-5.496589632005814],[132.7330255500891,-5.508106568663144],[132.730794639661,-5.496492533103917],[132.7372001067995,-5.490690098269439]]],[[[132.764188277567,-5.475365086729304],[132.7599515273411,-5.49625964916343],[132.7491409622857,-5.504105877883862],[132.7454485006479,-5.497344434797728],[132.764188277567,-5.475365086729304]]],[[[132.7358267691902,-5.467511619365676],[132.7368947213145,-5.468123836445819],[132.7346861149723,-5.470613629315472],[132.7353571063454,-5.467457529641243],[132.7358267691902,-5.467511619365676]]],[[[132.7304804821886,-5.445572764171728],[132.7304489339711,-5.444519604995683],[132.7309865747707,-5.443148407772717],[132.7312822871479,-5.443811229704457],[132.7304804821886,-5.445572764171728]]],[[[132.7061313485829,-5.44239376775815],[132.7059710956896,-5.442061408906866],[132.7060324861104,-5.442002873833544],[132.70634086364,-5.442089962381828],[132.7061313485829,-5.44239376775815]]],[[[132.7064330648342,-5.442066660048254],[132.7064130774016,-5.442008124974932],[132.7064559076141,-5.441995276360848],[132.7064873173359,-5.442046671716464],[132.7064330648342,-5.442066660048254]]],[[[132.7046680769703,-5.441593598665565],[132.7046081146729,-5.441537919839127],[132.7047051973871,-5.441466536151633],[132.7047594489894,-5.441567901437486],[132.7046680769703,-5.441593598665565]]],[[[132.7031921806747,-5.441148260683607],[132.7031645786824,-5.441124466420958],[132.7031864699797,-5.441053081834183],[132.703215024354,-5.441121611073444],[132.7031921806747,-5.441148260683607]]],[[[132.7000031568204,-5.44056744613071],[132.7000144738889,-5.440431387698278],[132.7001641111848,-5.440423891849092],[132.7001680987788,-5.440503643728149],[132.7000031568204,-5.44056744613071]]],[[[132.7025628279123,-5.440385078908231],[132.7032137473167,-5.440675901671436],[132.70338743788,-5.441125499741942],[132.7024563490814,-5.440636551835335],[132.7025628279123,-5.440385078908231]]],[[[132.702149441044,-5.44044441168026],[132.7127322446974,-5.447947317014971],[132.6999142120714,-5.455590541770031],[132.6977787287054,-5.448735881255899],[132.702149441044,-5.44044441168026]]],[[[132.7040668612968,-5.439767334594751],[132.7061258294435,-5.441278984337642],[132.7081904768091,-5.441670505089728],[132.7059202183435,-5.441951892166034],[132.702013405994,-5.439873054397885],[132.7040668612968,-5.439767334594751]]],[[[132.700270063013,-5.440430243760711],[132.6997859966265,-5.439549888416621],[132.700617561951,-5.439003041257332],[132.7007674681443,-5.439661913366559],[132.700270063013,-5.440430243760711]]],[[[132.7016069421067,-5.4385828276353],[132.7018386991966,-5.438609194858461],[132.7026828406406,-5.439574373358606],[132.7016669044042,-5.439580536412584],[132.7016069421067,-5.4385828276353]]],[[[132.7202067062746,-5.433772804571183],[132.7259137383285,-5.447134313697592],[132.7226503693191,-5.450873365613321],[132.7142539173844,-5.439970056173119],[132.7202067062746,-5.433772804571183]]],[[[132.0188462303693,-5.312643332223991],[132.0248852498545,-5.326295739656554],[132.0107434907196,-5.365445553069818],[131.9715230913177,-5.385482951876667],[131.9620604454333,-5.368520277588721],[131.9739527123479,-5.330357835245873],[131.989245174725,-5.310394965954827],[132.0121208141244,-5.304480728302944],[132.0188462303693,-5.312643332223991]]],[[[132.0204830135803,-5.153746701948661],[132.0243385861569,-5.162498755712955],[132.0225065259555,-5.185447305848426],[132.0109661547643,-5.174008468116289],[132.0204830135803,-5.153746701948661]]],[[[132.0189970718575,-5.136309328612557],[132.0193265636699,-5.138591362801106],[132.0190300320104,-5.150476105088122],[132.0167816756338,-5.141049698284908],[132.0189970718575,-5.136309328612557]]],[[[132.0150699681046,-5.117593524921185],[132.01496166365,-5.117601851744061],[132.0149440531256,-5.117481091679002],[132.0150830181668,-5.117493521208941],[132.0150699681046,-5.117593524921185]]],[[[132.0032907279848,-5.114669187732781],[132.01479709491,-5.117498143724289],[132.0148920669155,-5.120667199031972],[132.0055802589219,-5.120107703807422],[132.0032907279848,-5.114669187732781]]]]}}]}