{"type":"FeatureCollection","features":[{"type":"Feature","properties":{"kode":"96.01","nama":"Kabupaten Sorong","lat":-1.124342221007793,"lng":131.55764395757333},"geometry":{"type":"MultiPolygon","coordinates":[[[[131.1437727008496,-1.752251798981222],[131.1435228583932,-1.753829381620589],[131.142041333241,-1.754499086963238],[131.1424118098572,-1.752767889326615],[131.1437727008496,-1.752251798981222]]],[[[131.4399502443084,-1.661517579872365],[131.4398032051539,-1.661191590019831],[131.439992739973,-1.660299859151129],[131.4402904479459,-1.660538246043222],[131.4399502443084,-1.661517579872365]]],[[[131.2846953251291,-1.535167391062211],[131.2859660860661,-1.536738379872274],[131.2890390308267,-1.538373715174737],[131.2806811741969,-1.535768204738799],[131.2846953251291,-1.535167391062211]]],[[[131.4753900889816,-1.528845470042375],[131.4725775663017,-1.528745532880007],[131.4731200832254,-1.526682540267002],[131.4745834519648,-1.526554048730302],[131.4753900889816,-1.528845470042375]]],[[[131.477560156676,-1.528291055987355],[131.477146131289,-1.528248224875631],[131.4768534568217,-1.526149540868607],[131.477560156676,-1.526684918973745],[131.477560156676,-1.528291055987355]]],[[[131.1730602546271,-1.510805434922771],[131.1727794781905,-1.510724532810917],[131.1728702962274,-1.510482831017759],[131.173117361577,-1.510519900173238],[131.1730602546271,-1.510805434922771]]],[[[131.1746342678572,-1.51229735713734],[131.1739489835588,-1.511590657282971],[131.1746592528224,-1.508317707795895],[131.1750375868153,-1.510980325181846],[131.1746342678572,-1.51229735713734]]],[[[131.1887951960415,-1.496469799041991],[131.1886794883677,-1.496402083689199],[131.1886759225558,-1.496270216097598],[131.1888260445863,-1.496370661376892],[131.1887951960415,-1.496469799041991]]],[[[131.1810468693176,-1.492713886636546],[131.1809534603339,-1.492617660076936],[131.1810475923726,-1.492380721992673],[131.1811502589774,-1.492507175665628],[131.1810468693176,-1.492713886636546]]],[[[130.9920591482112,-1.476239833801232],[130.991625351229,-1.476061641231732],[130.9917121331086,-1.475582709974057],[130.9921999217891,-1.475886090870373],[130.9920591482112,-1.476239833801232]]],[[[130.9911196471541,-1.473946829682385],[130.9886914317642,-1.474087461167331],[130.9876503927514,-1.473190161696516],[130.9895171658845,-1.472555218748342],[130.9911196471541,-1.473946829682385]]],[[[130.9963333336164,-1.459696718428718],[130.9961977050601,-1.459678872282113],[130.9963297651067,-1.459536104907302],[130.996401148794,-1.459611058003832],[130.9963333336164,-1.459696718428718]]],[[[130.9963333336164,-1.458465346898199],[130.9959050305928,-1.458772298103009],[130.9961905662417,-1.457908553237067],[130.9962119817976,-1.458329718341725],[130.9963333336164,-1.458465346898199]]],[[[131.7259224151874,-1.439780306316043],[131.7407559751082,-1.453678736784239],[131.7379541993269,-1.50164540910829],[131.7177860318999,-1.521091152035028],[131.7003462816556,-1.520229866814907],[131.6703874001585,-1.532900912447113],[131.66017405329,-1.546837215165267],[131.6273378448657,-1.539754168220211],[131.5882452858913,-1.488814771584382],[131.5940553649632,-1.464224513550397],[131.6401455676639,-1.454519003948798],[131.6546840753099,-1.443026207793155],[131.652166604905,-1.462192221094119],[131.6689655998825,-1.467998105727888],[131.672695404969,-1.460402866099367],[131.6665857958979,-1.447015057199133],[131.6791088985569,-1.437901720587911],[131.6913155342845,-1.439465027389078],[131.7141726359584,-1.427622449816182],[131.7259224151874,-1.439780306316043]]],[[[130.9120727844315,-1.407107564062729],[130.9118338507517,-1.406950670137322],[130.9125767096475,-1.405582444274314],[130.9127699577674,-1.406035076657444],[130.9120727844315,-1.407107564062729]]],[[[130.9546098979286,-1.400758080620859],[130.9544781706311,-1.400139527816949],[130.9554454382564,-1.399495451353941],[130.956206822287,-1.400202671016418],[130.9546098979286,-1.400758080620859]]],[[[130.9620606974434,-1.392320515279513],[130.962299351434,-1.396336108724386],[130.9586550682768,-1.397163573140306],[130.9591808380253,-1.393676040017125],[130.9620606974434,-1.392320515279513]]],[[[130.87246044969,-1.38715095135529],[130.8731300057452,-1.390244371880181],[130.8706173008478,-1.391684039886412],[130.8701345735518,-1.388685084149246],[130.87246044969,-1.38715095135529]]],[[[130.9086569020944,-1.385863720234484],[130.9073410644386,-1.386945473354809],[130.9058596921711,-1.385619758445047],[130.9080056472429,-1.383546440715635],[130.9086569020944,-1.385863720234484]]],[[[130.9105118887128,-1.382607597962229],[130.9098355301857,-1.383999899575697],[130.908711536808,-1.383252197830645],[130.9102153273755,-1.381786834394896],[130.9105118887128,-1.382607597962229]]],[[[130.9231292088459,-1.372774382831457],[130.9325630494452,-1.377597676291645],[130.9163187877819,-1.386718107654497],[130.9175889695554,-1.37558512215559],[130.9231292088459,-1.372774382831457]]],[[[130.9986337976117,-1.374233744191924],[130.991232652365,-1.385723752449122],[130.976102740649,-1.389123323782274],[130.996658320725,-1.372260325853317],[130.9986337976117,-1.374233744191924]]],[[[130.9345600929739,-1.367254286555999],[130.9341158116954,-1.367790105329084],[130.9324288508109,-1.366715176264302],[130.933536442353,-1.366494013188094],[130.9345600929739,-1.367254286555999]]],[[[130.9556285510169,-1.361654420415073],[130.9545145940733,-1.364241885954234],[130.9515532506821,-1.364088610900607],[130.9516550638302,-1.362396649785483],[130.9556285510169,-1.361654420415073]]],[[[130.9317822733333,-1.360998811945604],[130.9353725791813,-1.36383429161924],[130.9266157293326,-1.363162070872795],[130.9278211131539,-1.362065011291216],[130.9317822733333,-1.360998811945604]]],[[[130.8727095538029,-1.354400131760583],[130.8747267583333,-1.355284580818664],[130.8699052509267,-1.354628444447117],[130.8712733769648,-1.353498272727085],[130.8727095538029,-1.354400131760583]]],[[[130.9444996529366,-1.353364422130346],[130.9498703448406,-1.353902793179332],[130.95563186322,-1.359740431075965],[130.946847095717,-1.362420695858349],[130.9384774723574,-1.353350729952199],[130.9444996529366,-1.353364422130346]]],[[[131.3308205348399,-1.353063518866263],[131.3336441227781,-1.368541342309085],[131.3570512579092,-1.368755798241475],[131.3620825879411,-1.399668426056946],[131.3218852693898,-1.41302144198592],[131.275100352999,-1.383813116681923],[131.3123708801121,-1.376378255851732],[131.3183094624118,-1.369563679020549],[131.3119871807639,-1.356613798587849],[131.3308205348399,-1.353063518866263]]],[[[131.0046222841911,-1.35400763614342],[131.0042637478738,-1.353518250266974],[131.0073554731766,-1.34710065487125],[131.0063716247508,-1.351573183955226],[131.0046222841911,-1.35400763614342]]],[[[130.716127185821,-1.348198784646184],[130.7219013010043,-1.352978799132279],[130.7219065674342,-1.355907720165098],[130.7117980338522,-1.344444247304091],[130.716127185821,-1.348198784646184]]],[[[130.7040506568125,-1.338268964341152],[130.7068834538084,-1.341130393053172],[130.7063740778015,-1.343104001148701],[130.704479855561,-1.34208096836195],[130.7040506568125,-1.338268964341152]]],[[[130.7215894799706,-1.332663826374406],[130.7212069821165,-1.333025504023746],[130.7209946153094,-1.332842285143235],[130.7213396366149,-1.332330701300835],[130.7215894799706,-1.332663826374406]]],[[[130.7118885407236,-1.331914264831438],[130.7116515801563,-1.332894985415203],[130.7108853838534,-1.33180532635471],[130.7116779060107,-1.331749283302733],[130.7118885407236,-1.331914264831438]]],[[[130.7591855778522,-1.332608200607924],[130.7576853486001,-1.333539518733742],[130.7568961260553,-1.332899180752525],[130.7584413780672,-1.331568265962593],[130.7591855778522,-1.332608200607924]]],[[[130.8910842275551,-1.332487045740452],[130.8891629752911,-1.336165717174056],[130.8834376357383,-1.336991825412406],[130.8847447580642,-1.333436374588961],[130.8910842275551,-1.332487045740452]]],[[[130.9165881850968,-1.329645928216985],[130.9159803818892,-1.330483720447331],[130.9162659166388,-1.33274420777896],[130.9150642892856,-1.329520038419021],[130.9165881850968,-1.329645928216985]]],[[[130.9025477894489,-1.329238915743305],[130.9023841497088,-1.328485389988712],[130.9033228908388,-1.327797795331945],[130.9035035880203,-1.328499757557713],[130.9025477894489,-1.329238915743305]]],[[[130.7009590430254,-1.327773414711222],[130.704383602921,-1.330477104135033],[130.7042580530667,-1.333169997197528],[130.7027783454444,-1.332446581644378],[130.7009590430254,-1.327773414711222]]],[[[131.3523573553078,-1.325818697774642],[131.3440827030543,-1.34249970619649],[131.3158586065895,-1.350407487215735],[131.3174954086863,-1.346978568306215],[131.3301815647275,-1.342196580707602],[131.3341999199904,-1.337831366824085],[131.3326778372125,-1.333660015297403],[131.3243855906226,-1.332351983756988],[131.3290822964109,-1.325622912667226],[131.3379358656478,-1.328652516400444],[131.3525977341982,-1.319652800136575],[131.3523573553078,-1.325818697774642]]],[[[130.8388553263124,-1.310749474108855],[130.8398555819696,-1.313580335763811],[130.8380748658624,-1.315323662556958],[130.8360078991454,-1.311478320667872],[130.8388553263124,-1.310749474108855]]],[[[131.0185789754395,-1.288018050892317],[131.0240918834337,-1.301364126753038],[131.0139929240343,-1.310668206872181],[131.0102166680648,-1.29247490569229],[131.0185789754395,-1.288018050892317]]],[[[131.0384338982059,-1.275028477981868],[131.0380562396038,-1.274567661768147],[131.0397975986802,-1.272803181121843],[131.0396190508785,-1.274222839212571],[131.0384338982059,-1.275028477981868]]],[[[130.7207593427695,-1.265081379901714],[130.7215197168615,-1.2664641244198],[130.721017929334,-1.267414054914598],[130.7193479188715,-1.266113922119752],[130.7207593427695,-1.265081379901714]]],[[[130.6062141848368,-1.263241730321576],[130.6061370805618,-1.261438773080828],[130.6076235528848,-1.261200760306805],[130.6079617888055,-1.262372439336515],[130.6062141848368,-1.263241730321576]]],[[[130.7498522535788,-1.259389448364326],[130.7482295267714,-1.257525101602111],[130.7513840085652,-1.256332607763591],[130.7519074913378,-1.257807873634389],[130.7498522535788,-1.259389448364326]]],[[[131.086122580193,-1.244090628679542],[131.0857362943945,-1.243135295057732],[131.0859872628019,-1.242043826561348],[131.0869225658238,-1.24297099431592],[131.086122580193,-1.244090628679542]]],[[[131.1055528044185,-1.240542453371487],[131.1062267707489,-1.240899877227511],[131.1048642726681,-1.240908583564229],[131.1049095580297,-1.240740990404346],[131.1055528044185,-1.240542453371487]]],[[[131.089432921692,-1.238644864069174],[131.0956580163044,-1.241062405405627],[131.1004623997201,-1.243801684600035],[131.0954557623736,-1.246083067679374],[131.089432921692,-1.238644864069174]]],[[[130.7218832030475,-1.237837920383702],[130.7236582138555,-1.238524526685561],[130.7218124992475,-1.241238537628389],[130.7204958602957,-1.238495368866113],[130.7218832030475,-1.237837920383702]]],[[[131.1096786241692,-1.239257311375733],[131.1088950718502,-1.238959302130096],[131.1138014060101,-1.237088705978964],[131.1131606732265,-1.238039918907033],[131.1096786241692,-1.239257311375733]]],[[[130.6908832069945,-1.235870242417716],[130.6904284468154,-1.235420822413039],[130.6912932034187,-1.235081141281638],[130.6913959851367,-1.235331732873115],[130.6908832069945,-1.235870242417716]]],[[[130.7445871825526,-1.240017261887052],[130.7410582320519,-1.238473500051976],[130.7434714260656,-1.233016332937423],[130.7457160691414,-1.23661541257121],[130.7445871825526,-1.240017261887052]]],[[[131.1135462647484,-1.2313895420937],[131.104448141069,-1.237306994821877],[131.0962891164497,-1.234523297212389],[131.103246037075,-1.231168143395037],[131.1135462647484,-1.2313895420937]]],[[[130.6554226878069,-1.2307797037203],[130.6528217693093,-1.23454474874112],[130.6495520052209,-1.23338015007384],[130.6514740803646,-1.230805737294885],[130.6554226878069,-1.2307797037203]]],[[[130.7168426693538,-1.233483549626049],[130.7149172658193,-1.23231160799431],[130.7163786821306,-1.229939282771644],[130.7180610888482,-1.231783571954262],[130.7168426693538,-1.233483549626049]]],[[[131.0485251027513,-1.232040227674316],[131.0470750565687,-1.230128628733132],[131.0478390549286,-1.228783673727454],[131.0488865636641,-1.231068281775707],[131.0485251027513,-1.232040227674316]]],[[[130.733639387248,-1.234322963334014],[130.7311063648669,-1.232161592083772],[130.7324646730063,-1.22815826719023],[130.7344839243937,-1.231123908441559],[130.733639387248,-1.234322963334014]]],[[[131.1296130020385,-1.236887916144338],[131.1420082372904,-1.225322976374235],[131.1472861344477,-1.22750619215706],[131.1466504081899,-1.230073340212437],[131.1296130020385,-1.236887916144338]]],[[[130.7320786857827,-1.227640816170686],[130.7308495508662,-1.226668830701952],[130.7311979257437,-1.225079466044468],[130.7322618578985,-1.225911752625189],[130.7320786857827,-1.227640816170686]]],[[[130.7247723569587,-1.228080642207788],[130.7231254042141,-1.230136019361774],[130.7200182042768,-1.22673286782751],[130.7231202484009,-1.224555815998121],[130.7247723569587,-1.228080642207788]]],[[[131.1027654717492,-1.228580611306176],[131.1073183822376,-1.22409063267648],[131.1158100588872,-1.223374888340414],[131.1145807656899,-1.224945492240595],[131.1027654717492,-1.228580611306176]]],[[[131.1216688101676,-1.227466228983223],[131.1116584726605,-1.228377011989393],[131.1098421937623,-1.227867753793779],[131.12869777818,-1.223467380015533],[131.1216688101676,-1.227466228983223]]],[[[131.1302896843215,-1.223375248069194],[131.1293804058811,-1.223060577083926],[131.1292387968331,-1.222358925124281],[131.1304064639872,-1.222405301363485],[131.1302896843215,-1.223375248069194]]],[[[131.0830101929661,-1.2217268132418],[131.0829268231145,-1.220151863817412],[131.0849545074447,-1.21873789483791],[131.0845519672995,-1.22047261781695],[131.0830101929661,-1.2217268132418]]],[[[131.1365185372007,-1.218053531445287],[131.1334663344039,-1.221578687706229],[131.1288160282372,-1.221145585900077],[131.1352169322157,-1.217476973383549],[131.1365185372007,-1.218053531445287]]],[[[131.1073050291038,-1.223506495128637],[131.1307443051056,-1.207143526552448],[131.1508825916584,-1.203926046349915],[131.1317711770982,-1.217690095621363],[131.1073050291038,-1.223506495128637]]],[[[131.152495210086,-1.203237502009083],[131.1503156239669,-1.201571879338717],[131.1546933770977,-1.198117258704448],[131.1563023469759,-1.199820596243464],[131.152495210086,-1.203237502009083]]],[[[131.1453568269561,-1.199516024644767],[131.1434338875638,-1.200073785976377],[131.142948812138,-1.199734934919297],[131.1445382919087,-1.197641010124498],[131.1453568269561,-1.199516024644767]]],[[[131.1468891997768,-1.195937314655263],[131.146672994663,-1.197555918970375],[131.1458160810473,-1.197829480146398],[131.1450522562567,-1.196755849702649],[131.1468891997768,-1.195937314655263]]],[[[131.1594241995672,-1.19469999590798],[131.1592148077173,-1.194776138807699],[131.1589102370178,-1.194433496208871],[131.1594813074165,-1.194281211308803],[131.1594241995672,-1.19469999590798]]],[[[131.1312894534456,-1.195499495005661],[131.1306021321828,-1.193416076990308],[131.1327742413382,-1.192771944769413],[131.1328123806869,-1.194188058631942],[131.1312894534456,-1.195499495005661]]],[[[131.1212388083244,-1.197236897964407],[131.1221573830569,-1.193850969346746],[131.1235611618183,-1.192487493702801],[131.1236997554394,-1.195484189443688],[131.1212388083244,-1.197236897964407]]],[[[131.1459754867793,-1.190826232744405],[131.1402171906709,-1.197555348800242],[131.1361624290529,-1.199270031286817],[131.1413996121025,-1.191942759051015],[131.1459754867793,-1.190826232744405]]],[[[131.1809164037691,-1.199690755723706],[131.1672869182568,-1.221493862751524],[131.1443138301192,-1.221565319284037],[131.1859166145601,-1.189488803265595],[131.1809164037691,-1.199690755723706]]],[[[131.1192186459239,-1.194529070759989],[131.119337619036,-1.189246667999269],[131.1223106787949,-1.187386689244255],[131.1225069711199,-1.188008680156452],[131.1192186459239,-1.194529070759989]]],[[[131.1602427346146,-1.1886752001004],[131.1603554178684,-1.193611530247887],[131.1453001930495,-1.201780149734047],[131.1498071976441,-1.192692566108969],[131.1602427346146,-1.1886752001004]]],[[[131.1066935602597,-1.186724439281386],[131.1078689013287,-1.189626770059318],[131.1050160395587,-1.192423247934451],[131.1044211748974,-1.190305527977634],[131.1066935602597,-1.186724439281386]]],[[[131.1374756550775,-1.187863408169656],[131.1363239958559,-1.187330407871981],[131.1371425309032,-1.185826589425501],[131.1378907758388,-1.186290109001289],[131.1374756550775,-1.187863408169656]]],[[[131.1819620679951,-1.190944184226675],[131.1810096032107,-1.187798802672527],[131.1853819882882,-1.185843925656529],[131.1847107531987,-1.187975068894234],[131.1819620679951,-1.190944184226675]]],[[[131.1473266237248,-1.19019527918878],[131.1454860496416,-1.189729084129867],[131.1499154778171,-1.185817071000963],[131.1501153521418,-1.186940176747767],[131.1473266237248,-1.19019527918878]]],[[[131.1395695807716,-1.189072174341346],[131.1406222336292,-1.184457898613081],[131.1434433439353,-1.182390646810896],[131.1435670762596,-1.184027716905581],[131.1395695807716,-1.189072174341346]]],[[[131.1337034901241,-1.181885065043689],[131.137894440576,-1.183018825058715],[131.1356664754275,-1.189101001210149],[131.1331926257391,-1.188272675243665],[131.1337034901241,-1.181885065043689]]],[[[131.1741064872247,-1.187132733288967],[131.1739655859431,-1.183303241051695],[131.1766947261807,-1.181358537166746],[131.1773858200997,-1.183328289868671],[131.1741064872247,-1.187132733288967]]],[[[131.0932813311686,-1.200114856215587],[131.091056535231,-1.195522496066273],[131.0994679303007,-1.174642725681244],[131.1014323023589,-1.194266141369285],[131.0932813311686,-1.200114856215587]]],[[[131.1864195586159,-1.179981488954487],[131.1852723429443,-1.176777649668706],[131.1897991667981,-1.173869781764905],[131.1901003443554,-1.177149390731794],[131.1864195586159,-1.179981488954487]]],[[[130.6741381317694,-1.171882687436002],[130.6734385707336,-1.171183124601496],[130.6745521589551,-1.169969600116952],[130.6749947378169,-1.170754821577694],[130.6741381317694,-1.171882687436002]]],[[[131.1113922022883,-1.174450385876538],[131.1105451137661,-1.170119767113567],[131.1123765804149,-1.169425923067793],[131.1128960216341,-1.171233355335024],[131.1113922022883,-1.174450385876538]]],[[[130.6272319067272,-1.171607164838731],[130.6259431971209,-1.169915597626739],[130.6283339539488,-1.169311085937766],[130.6285098874214,-1.169856968124508],[130.6272319067272,-1.171607164838731]]],[[[130.7121361546599,-1.165590757907145],[130.7100952287119,-1.164164372887447],[130.7117781057751,-1.162435524279973],[130.712657349557,-1.163742555774297],[130.7121361546599,-1.165590757907145]]],[[[130.710170216882,-1.158991421217051],[130.7077281798117,-1.158926868779966],[130.7075993006673,-1.156733477168162],[130.7083548301114,-1.156673433032454],[130.710170216882,-1.158991421217051]]],[[[130.6917023158092,-1.150193947192848],[130.6960276267736,-1.156123062329398],[130.6928508345984,-1.161138353851923],[130.6861528386826,-1.151322978572614],[130.6917023158092,-1.150193947192848]]],[[[130.6968395167304,-1.14945918579277],[130.6965016720146,-1.14918620737752],[130.6968535920197,-1.148432900158161],[130.6973385379432,-1.149185705555825],[130.6968395167304,-1.14945918579277]]],[[[131.1963905309984,-1.1534133231663],[131.1948435118187,-1.152020776937304],[131.1983917222004,-1.147038468050779],[131.1982259537648,-1.150424177233925],[131.1963905309984,-1.1534133231663]]],[[[131.1687709534168,-1.14596612363769],[131.1679179896235,-1.146317057985849],[131.1672311485988,-1.145868625436622],[131.1685008726172,-1.145458167660232],[131.1687709534168,-1.14596612363769]]],[[[131.1825334621496,-1.146274303316355],[131.1813137278464,-1.14545188139912],[131.1819145136439,-1.14403584937495],[131.1832001079987,-1.145037817341324],[131.1825334621496,-1.146274303316355]]],[[[131.2070465799357,-1.141736664215623],[131.2047170894222,-1.139418247054438],[131.2084786783483,-1.1358786647685],[131.2091752806147,-1.138550438152189],[131.2070465799357,-1.141736664215623]]],[[[131.174824153412,-1.135162487858546],[131.1749149687508,-1.128708404269377],[131.1783960690234,-1.125586170365425],[131.1801372293497,-1.127576903351349],[131.174824153412,-1.135162487858546]]],[[[131.1725180101981,-1.119011445421839],[131.173008581381,-1.119698594014798],[131.1712210861842,-1.119977712101663],[131.1718415689333,-1.118991116246962],[131.1725180101981,-1.119011445421839]]],[[[131.2170033484258,-1.107219496982184],[131.2174641358613,-1.126056672277612],[131.2074514969891,-1.131134527836133],[131.213326153679,-1.107842252318017],[131.2170033484258,-1.107219496982184]]],[[[131.2259938466387,-1.095768970761382],[131.2245208794351,-1.094101071906886],[131.2268548377806,-1.089894493036317],[131.2273888066482,-1.092434519337518],[131.2259938466387,-1.095768970761382]]],[[[131.2252376463003,-1.088043432858113],[131.2248000865549,-1.086228621653509],[131.226020923427,-1.085911162769884],[131.2260788703436,-1.087078934245403],[131.2252376463003,-1.088043432858113]]],[[[131.2380193921813,-1.082027643760666],[131.2374027711211,-1.081448956104383],[131.2380509790695,-1.080626928989561],[131.2388148317392,-1.08145538086111],[131.2380193921813,-1.082027643760666]]],[[[131.2301266226455,-1.079319660973502],[131.2296814546355,-1.078384043189009],[131.230323039077,-1.077422736270231],[131.2307559430324,-1.078863731675808],[131.2301266226455,-1.079319660973502]]],[[[131.2477794753426,-1.079684320774701],[131.2419014479935,-1.086587840556399],[131.2398907131859,-1.081295076706359],[131.2354511109801,-1.078111324677858],[131.239297997005,-1.062147003081718],[131.2477794753426,-1.079684320774701]]],[[[131.244666957714,-1.044080488323898],[131.2435012600752,-1.04570090117562],[131.2416178368938,-1.042627746873029],[131.2439473301053,-1.042749099591214],[131.244666957714,-1.044080488323898]]],[[[131.2352139138911,-1.044985056115413],[131.2336942466921,-1.044196337191197],[131.2351985426787,-1.040074872857113],[131.236251691962,-1.042516080752501],[131.2352139138911,-1.044985056115413]]],[[[130.7318074142808,-1.036983169137853],[130.7328422812464,-1.069987926701435],[130.7905146403384,-1.085466566728568],[130.7981395800776,-1.115360922768341],[130.8127504435782,-1.11859780404531],[130.8404134467232,-1.109325586906243],[130.8639372652926,-1.132740780862276],[130.8816004314149,-1.126959099682681],[130.914956984877,-1.136401375023402],[130.9192856691983,-1.129386769184018],[130.9495521323252,-1.127985613744967],[130.9549616902298,-1.143171786149003],[131.0048046010515,-1.164042504857646],[131.0345464311729,-1.195330667076602],[131.0442437227697,-1.240826652627883],[130.9998992300655,-1.282130221832192],[130.9954322048325,-1.325735595021607],[130.9737384976336,-1.354119215029728],[130.9609194811492,-1.359487513837612],[130.9290078873043,-1.330950457797345],[130.9008073009163,-1.320184036863717],[130.8741923146237,-1.341219232581439],[130.8674067328345,-1.33149546584306],[130.8640688028329,-1.34544117726845],[130.8581420762958,-1.345183740037539],[130.8365960152939,-1.303364168621426],[130.8240891157202,-1.306589483717671],[130.8321618063224,-1.296893067161234],[130.8228868480496,-1.295301720397982],[130.8268189367447,-1.291184757170763],[130.8121930311835,-1.267822935280163],[130.789898487825,-1.259011221390763],[130.7753235630321,-1.266139838782435],[130.7561454727354,-1.248408865576669],[130.738047314432,-1.216641083219352],[130.747012794405,-1.190090959630011],[130.7296176181586,-1.183542590218314],[130.737207827879,-1.163872471837093],[130.7067177896943,-1.142640975700429],[130.6982857353985,-1.118760966245505],[130.6805444523647,-1.108554462318503],[130.6905208539543,-1.097267745809807],[130.7181748395972,-1.096232972373715],[130.7169077128208,-1.084879965038324],[130.7065342560511,-1.08613430525393],[130.7176910133297,-1.077413061363666],[130.7008379232317,-1.064776668408454],[130.708325803593,-1.041712977172063],[130.7318074142808,-1.036983169137853]]],[[[131.2203172737233,-1.037261628021627],[131.2197314310607,-1.035145001640439],[131.2206840010658,-1.034223016678817],[131.2214613102913,-1.03560853920264],[131.2203172737233,-1.037261628021627]]],[[[131.2135091108569,-1.029729954273931],[131.214881057215,-1.030182225129542],[131.214359002566,-1.032568666110992],[131.2131511213272,-1.032107529738616],[131.2135091108569,-1.029729954273931]]],[[[131.2162538273522,-1.036134358413834],[131.2150703492173,-1.030599772261612],[131.2181292016014,-1.02826529590663],[131.2191654013623,-1.031207487335609],[131.2162538273522,-1.036134358413834]]],[[[131.2289527070019,-1.025562413174777],[131.2287837657583,-1.026532043319131],[131.2290310631331,-1.02724255000364],[131.2283685496688,-1.025877691202462],[131.2289527070019,-1.025562413174777]]],[[[131.2086169733946,-1.023947959230911],[131.2086805051013,-1.024772442394253],[131.2082172238458,-1.023151314581463],[131.2086369599279,-1.023376887933017],[131.2086169733946,-1.023947959230911]]],[[[131.221652561017,-1.02084961311906],[131.2213127737656,-1.021720495904146],[131.2208259356684,-1.021947495580447],[131.2206646089846,-1.021416400046762],[131.221652561017,-1.02084961311906]]],[[[131.2497196601342,-1.016381919689804],[131.2493820330544,-1.015472875972437],[131.2507722122679,-1.014282553996606],[131.2510289264438,-1.014897010388685],[131.2497196601342,-1.016381919689804]]],[[[131.2524894083596,-1.01347129536398],[131.2522288567764,-1.013359460170873],[131.2524370588233,-1.012990643703196],[131.2526785753561,-1.01321431318995],[131.2524894083596,-1.01347129536398]]],[[[131.214818280939,-1.01073445423159],[131.2196199340128,-1.023239875319939],[131.214530061713,-1.029750353595896],[131.206327273385,-1.01654134790479],[131.214818280939,-1.01073445423159]]],[[[131.2524601740978,-1.011302136884032],[131.2519842798507,-1.010589314445268],[131.2528119448154,-1.009721995673443],[131.2528927578945,-1.010746397228404],[131.2524601740978,-1.011302136884032]]],[[[131.2534478320518,-1.008430418129239],[131.2538880870657,-1.009002251152927],[131.2530089377124,-1.009551275570855],[131.2528807699316,-1.008825839241004],[131.2534478320518,-1.008430418129239]]],[[[131.2479323726809,-1.000805421732734],[131.25254217698,-1.006652742629901],[131.2498947581367,-1.011041517851721],[131.2450148307698,-1.001926729734739],[131.2479323726809,-1.000805421732734]]],[[[131.255130683934,-0.993334968434015],[131.253103382715,-0.990536721592397],[131.2551449606715,-0.986739102227732],[131.2567840335564,-0.990496518299613],[131.255130683934,-0.993334968434015]]],[[[131.2758368689764,-0.986656510289643],[131.2768958422694,-0.987823443596961],[131.2754041385901,-0.988907917166573],[131.2744600428967,-0.987305949409992],[131.2758368689764,-0.986656510289643]]],[[[131.2731007553956,-0.98471193680634],[131.274581337159,-0.990134430559467],[131.2656869297081,-0.992244991912797],[131.2700529170086,-0.983266178591238],[131.2731007553956,-0.98471193680634]]],[[[131.2639108945721,-0.981885001591445],[131.2633066796596,-0.988006801872368],[131.2584714467999,-0.991450434589838],[131.2573578585784,-0.987767029125022],[131.2639108945721,-0.981885001591445]]],[[[131.254344088309,-0.974254983380687],[131.2602657525626,-0.977411696392563],[131.2552424058124,-0.984873891217022],[131.2480588137633,-0.977804519362982],[131.254344088309,-0.974254983380687]]],[[[131.2683013857004,-0.964564523034264],[131.2676968065624,-0.964299885831002],[131.2679231272506,-0.963386152149129],[131.2685226441048,-0.963859502214229],[131.2683013857004,-0.964564523034264]]],[[[131.2634502654175,-0.963884593299261],[131.2623305186385,-0.963262900962006],[131.2625273406643,-0.961861650194942],[131.2633572080688,-0.962220405946892],[131.2634502654175,-0.963884593299261]]],[[[131.2661061540758,-0.964004746321992],[131.265184349878,-0.963378650004623],[131.2652506865699,-0.961555537158246],[131.2663577187338,-0.962796179799755],[131.2661061540758,-0.964004746321992]]],[[[131.2703583456612,-0.940507643013325],[131.2697842013798,-0.938275754122644],[131.2725423087806,-0.937746060632152],[131.2724736374485,-0.938650417083034],[131.2703583456612,-0.940507643013325]]],[[[131.4124215369243,-0.763224810576515],[131.4131818291781,-0.763702012437831],[131.4131258571726,-0.764671522972352],[131.412174073175,-0.762844096977469],[131.4124215369243,-0.763224810576515]]],[[[131.4160854711677,-0.762055064189829],[131.416026535896,-0.762037127211615],[131.4159899056098,-0.76190332427897],[131.4160791408397,-0.762007970291537],[131.4160854711677,-0.762055064189829]]],[[[131.4156787096048,-0.762045797575508],[131.4156225649294,-0.76198491886881],[131.415685917671,-0.761887697659061],[131.4157096948466,-0.761922825178177],[131.4156787096048,-0.762045797575508]]],[[[131.4171912208982,-0.761750854118562],[131.4174109126835,-0.762168850012371],[131.4171758568804,-0.762427041774474],[131.4165237269884,-0.761806651655641],[131.4171912208982,-0.761750854118562]]],[[[131.4157829940901,-0.760022149402653],[131.4158289962113,-0.7602232099331],[131.4155340680429,-0.760070419614125],[131.4155796996434,-0.760034782179345],[131.4157829940901,-0.760022149402653]]],[[[131.4176179609002,-0.760235260848566],[131.4174923292077,-0.760116283239823],[131.4175791281743,-0.759988823225546],[131.4176376920259,-0.760054119402012],[131.4176179609002,-0.760235260848566]]],[[[131.4180666776352,-0.760211746275077],[131.4179394361561,-0.760108621915359],[131.4181062361139,-0.759851709888418],[131.4181982133768,-0.760026136996641],[131.4180666776352,-0.760211746275077]]],[[[131.4171981357854,-0.760102793409148],[131.4166950487376,-0.760131512359388],[131.4163999946641,-0.759550922636956],[131.4167997451123,-0.759341530786964],[131.4171981357854,-0.760102793409148]]],[[[131.453949885379,-0.751968178188791],[131.4537876503798,-0.751846240911183],[131.4537496459295,-0.751742457348461],[131.4539095076177,-0.751759085813111],[131.453949885379,-0.751968178188791]]],[[[131.4491450028397,-0.751602452690994],[131.4491235872838,-0.751702389853362],[131.4486524540475,-0.75160959061005],[131.4494448152261,-0.751245534253966],[131.4491450028397,-0.751602452690994]]],[[[131.4550401586764,-0.751251576798742],[131.4549865446934,-0.751149721382463],[131.4551099640537,-0.751096192835002],[131.4551082904153,-0.751181271398574],[131.4550401586764,-0.751251576798742]]],[[[131.5834365110863,-0.738604790378686],[131.5825037630383,-0.73807179008101],[131.5826084594129,-0.736501346260068],[131.5838279293156,-0.737204828340124],[131.5834365110863,-0.738604790378686]]],[[[131.9087946258713,-0.716051988708235],[131.9356270052822,-0.722591454831692],[131.9590971676002,-0.718865211060551],[131.9794363249265,-0.727369642794676],[132.0103950951576,-0.719387423091058],[132.0501949286531,-0.741162845388901],[132.0846250001437,-0.742470029768041],[132.0944692742377,-0.766924161920526],[132.1094542368236,-0.773087822045307],[132.113829078849,-0.783521463244854],[132.1373916905741,-0.784574374207983],[132.1589761787077,-0.770871852054247],[132.1702548238011,-0.776763397112992],[132.1739674788162,-0.790460917237537],[132.1927196331046,-0.80138194691928],[132.1902389602598,-0.820653653942907],[132.2097829307377,-0.82060788834333],[132.2151025843169,-0.798153072306354],[132.2360876446292,-0.791326397794981],[132.2585868763833,-0.801967348014701],[132.2734347103436,-0.798026960375855],[132.2896735787727,-0.81618557920107],[132.2540007026704,-0.836268230094708],[132.2716061053376,-0.839368546621058],[132.2646193191264,-0.858902878165216],[132.2327821306908,-0.871354598036225],[132.2481990556419,-0.895361872352465],[132.2473225161212,-0.938144929744647],[132.2387935796601,-0.9432468907314],[132.2293396410117,-0.933108451993439],[132.22244510186,-0.960301398390742],[132.2101895529056,-0.969823815016982],[132.2247168882739,-0.985465951792166],[132.21794857077,-0.993359160197008],[132.2321920666106,-1.000507333346759],[132.2259357520334,-1.002148484564882],[132.2282051543444,-1.016264687665183],[132.2168510426416,-1.019723209558412],[132.2262798218563,-1.0450445516647],[132.2076615298558,-1.057344459679024],[132.1952423312686,-1.049483343581395],[132.1835217889994,-1.053308326617922],[132.1906984319871,-1.070933150144684],[132.1819321527467,-1.110166506079294],[132.1360239386539,-1.100267883256192],[132.1250979474125,-1.082120291917901],[132.1103419953869,-1.094574017277042],[132.080091664299,-1.079473602424732],[132.0710603278719,-1.090261865192835],[132.063132357972,-1.085817204300524],[132.0683882163432,-1.075587435811512],[132.0626738539153,-1.078607733360196],[132.0555707062232,-1.058445122844079],[132.046581846575,-1.060384467668987],[132.0442239257937,-1.070348677149704],[132.0287707833451,-1.07221430364717],[132.0301584489534,-1.056191283300992],[132.0208646660716,-1.048275202438623],[131.9903502508635,-1.081869587011822],[131.9577861377202,-1.065237154570989],[131.9494437467316,-1.075740095728841],[131.9403519120112,-1.066590710692664],[131.9356071824255,-1.075359382129795],[131.9302890855729,-1.054372535763884],[131.9226867080252,-1.060261702115797],[131.922793784006,-1.040952375551621],[131.9010148192785,-1.09984994761694],[131.883986667151,-1.105606667213868],[131.8758599515756,-1.097010628737463],[131.8663558325557,-1.136341944225341],[131.857314167415,-1.146055277928662],[131.866830439873,-1.15158174140422],[131.8532255562145,-1.160031667027697],[131.8436923117509,-1.196317054288512],[131.8609275381754,-1.197958497786347],[131.8630224774055,-1.235763146651861],[131.8957727196354,-1.282543410849682],[131.8933299756978,-1.291734762749089],[131.8774783148724,-1.278453996554665],[131.8661176453132,-1.27973177580081],[131.8668624998046,-1.301029721944039],[131.8845569263611,-1.300318190032426],[131.8913383325981,-1.312810277772039],[131.8833350004101,-1.329713056312512],[131.8864236113607,-1.345148332829263],[131.8738086105789,-1.34815138857565],[131.8824437803562,-1.355359204763465],[131.8792097391382,-1.363137304442999],[131.8585234758777,-1.360540244936351],[131.8653316666232,-1.324634444424058],[131.8471840321174,-1.351245662557224],[131.8334293780634,-1.346692852792922],[131.8323490818447,-1.369937495718856],[131.8230260143391,-1.371006517136999],[131.8183941343818,-1.35877062556389],[131.8092493637672,-1.371540414058783],[131.8162069768706,-1.386838506192037],[131.8297468782159,-1.378321393117757],[131.8051621743949,-1.419282007658465],[131.8256770367659,-1.43647958486495],[131.8170869176272,-1.442488354753715],[131.7987516566638,-1.436219753638637],[131.7963443541087,-1.446773341916144],[131.8173872561171,-1.449688276692543],[131.8216590394332,-1.479213088713019],[131.7924629143321,-1.491381336879163],[131.802701719209,-1.547494136645058],[131.7781368670229,-1.573531086390448],[131.7211663676338,-1.581898950675933],[131.6958077917963,-1.558582638977571],[131.6945594293742,-1.546764515769697],[131.7330837993779,-1.518065193253973],[131.7453047109437,-1.494434766351363],[131.7428966961257,-1.448204218150087],[131.7144347298789,-1.424143943188374],[131.6890006721434,-1.437641436103279],[131.67729134442,-1.436586144634846],[131.6666147019071,-1.443022587122636],[131.6638521482581,-1.449373368286258],[131.6686015516203,-1.464977872930431],[131.6548446987239,-1.46171325296425],[131.6609837084314,-1.446199167057818],[131.652724599161,-1.440012567925633],[131.6091170100421,-1.455425924366851],[131.5880378410735,-1.453217545553256],[131.5476070288414,-1.488262029369094],[131.5000060028747,-1.469251114047568],[131.4693307259323,-1.502626316751046],[131.4437505733304,-1.512203349205146],[131.4357520839916,-1.496301769710831],[131.3801596931154,-1.452853052126615],[131.40315378402,-1.428621442825298],[131.366617887006,-1.389491903728304],[131.3573602406826,-1.363413979071806],[131.3365413975676,-1.366797930080368],[131.3353827173386,-1.346009603660184],[131.34334902174,-1.344416791002059],[131.347589589588,-1.340955276164982],[131.3535568800461,-1.32723981006915],[131.3530582383471,-1.317751866255515],[131.3283098372293,-1.324850660329682],[131.3235159911701,-1.33276937260838],[131.3321543058766,-1.33931995794965],[131.2991631451631,-1.355185930586147],[131.3148099089503,-1.371944524420224],[131.2916957261769,-1.380406241055157],[131.2785575510902,-1.374627233559947],[131.2687499792282,-1.382084001875119],[131.304895544394,-1.41747309780518],[131.3336706707649,-1.430571344791678],[131.335590264679,-1.463613328891958],[131.2831001679384,-1.503678946226364],[131.2237182650859,-1.513163832344924],[131.2163931080555,-1.522736543556638],[131.2053881275601,-1.52086289690512],[131.191643277915,-1.497562439355063],[131.1787159542779,-1.491140455267706],[131.1759929833895,-1.46902932504325],[131.1648374716721,-1.462939572103464],[131.1180422616411,-1.460665766711669],[131.0935801138313,-1.449387509226144],[130.9965090026884,-1.457112777332783],[130.9326465532958,-1.43168688813933],[130.9352163714384,-1.420384447883885],[130.9995815346601,-1.381264455989831],[131.0145171298617,-1.317493104323278],[131.0280515039737,-1.305862299105767],[131.0224589996831,-1.287233000302626],[131.0400650003995,-1.275026000349635],[131.05060879506,-1.254584913862614],[131.0835098284159,-1.240078824078397],[131.0949989346531,-1.247885247006478],[131.1142916048737,-1.243269091695234],[131.1776804460958,-1.218912928988461],[131.2276800601867,-1.126209425724392],[131.2376311071899,-1.093027757125212],[131.2490354757067,-1.082778548890831],[131.2407211453647,-1.055775862166255],[131.2473315230314,-1.04492432579695],[131.2396762068916,-1.02813107299056],[131.261380985644,-0.993509890169245],[131.2838787901741,-0.991546833819237],[131.2813248918303,-0.982360262715945],[131.2652238157266,-0.976020850781614],[131.2796314522298,-0.974985785965179],[131.2669035559544,-0.961032468073844],[131.2765611847509,-0.947862257337276],[131.2684362012698,-0.920202877560675],[131.2976687722961,-0.915567420100308],[131.3170116966326,-0.935170960771162],[131.3106086333817,-0.94562624235717],[131.3408418467738,-0.949122713842135],[131.3627447830454,-0.961975182408706],[131.3939253548713,-0.952983991717796],[131.4109812079165,-0.9655128041725],[131.4346296068709,-0.969709398769661],[131.4447117408542,-0.953069508251117],[131.4553993371098,-0.951632760343537],[131.4562279841342,-0.928396614212337],[131.4403684794219,-0.902829702328825],[131.389377664048,-0.902058308843825],[131.3866723909182,-0.89350669507782],[131.3602224643953,-0.879861191740508],[131.3629709508488,-0.872103380766356],[131.3709257052571,-0.873985403703406],[131.3765657791874,-0.843413813196905],[131.3573262184303,-0.78176471856686],[131.3995729228521,-0.777943680856177],[131.4164832772815,-0.766672650322489],[131.4197217233789,-0.761483045006431],[131.4184653677825,-0.758018549816233],[131.4661497662987,-0.7521270047574],[131.5253485042301,-0.727315441554291],[131.5422612607487,-0.729233653210473],[131.5434307751102,-0.747381097059899],[131.5166443465593,-0.756730619922122],[131.5176906232238,-0.763897161724605],[131.5026200802525,-0.773144484730162],[131.5440511418468,-0.77082809194289],[131.5826272921159,-0.748177123875118],[131.5993437967789,-0.754329306851956],[131.7457251493962,-0.730482203590801],[131.7551093725995,-0.787574876779098],[131.7604820879781,-0.799828783571479],[131.7699058840494,-0.797358264971917],[131.7750803888489,-0.805567950200706],[131.7929763363888,-0.800296547947246],[131.7973007318434,-0.786157809635116],[131.8062591647288,-0.787402029779807],[131.8154091091432,-0.770308973580194],[131.842871262199,-0.77007412102377],[131.8628051967025,-0.755348588566454],[131.8826903519782,-0.724542897336791],[131.9087946258713,-0.716051988708235]]]]}},{"type":"Feature","properties":{"kode":"96.02","nama":"Kabupaten Sorong Selatan","lat":-1.7319039656189072,"lng":132.1961449562589},"geometry":{"type":"MultiPolygon","coordinates":[[[[131.8181042828865,-1.620535510205537],[131.8161659003361,-1.618942759600619],[131.820176796622,-1.617666427363742],[131.8197173527736,-1.620236748227269],[131.8181042828865,-1.620535510205537]]],[[[131.9234719312847,-1.060904156201817],[131.9302890855729,-1.054372535763884],[131.9356071824255,-1.075359382129795],[131.9403519120112,-1.066590710692664],[131.9494437467316,-1.075740095728841],[131.9577861377202,-1.065237154570989],[131.9893270831784,-1.081988560123895],[132.0205292063579,-1.048274881380598],[132.0301584489534,-1.056191283300992],[132.0287707833451,-1.07221430364717],[132.0562983809656,-1.059085339416812],[132.0626738539153,-1.078607733360196],[132.0683882163432,-1.075587435811512],[132.063132357972,-1.085817204300524],[132.0842341314001,-1.115229573186197],[132.0784524079523,-1.171713983613445],[132.087286278439,-1.172304259933624],[132.091073909933,-1.188512688109958],[132.0763179893837,-1.206169280188066],[132.0917711983822,-1.214984869256311],[132.087467973868,-1.22666853662359],[132.11455086573,-1.323885712955233],[132.1690984926014,-1.34665684843476],[132.2070751404054,-1.372737587969278],[132.2560464939506,-1.417415725555296],[132.3481031841147,-1.525889628703306],[132.4204760718133,-1.569509382951553],[132.4406690569315,-1.605473144769734],[132.4272467320511,-1.615054910355765],[132.4211521056853,-1.628199520991094],[132.4265010609753,-1.638231826237726],[132.4109267969341,-1.64661086100242],[132.4152616137326,-1.65619669242332],[132.4064052206245,-1.661095284319883],[132.4151858188705,-1.666129798851104],[132.409921997902,-1.681758107650547],[132.4005668156061,-1.683882504174131],[132.4039257951393,-1.698530599607453],[132.3962880868259,-1.702137319881361],[132.4081288369763,-1.71421227417701],[132.3941684612056,-1.741003850447312],[132.3948781683928,-1.764296463211126],[132.4086092880882,-1.751388725009553],[132.4204336220141,-1.758928490857128],[132.4767259831177,-1.730297943994843],[132.4886781250954,-1.757387946796277],[132.5075325260053,-1.767754199096919],[132.5091743544129,-1.795629584337791],[132.4975472193288,-1.801666287169359],[132.4888501618056,-1.796909368172786],[132.4895665068889,-1.784183910858752],[132.4607012621537,-1.769958181125089],[132.4601566507089,-1.776277073228341],[132.4428341747574,-1.781416708614161],[132.4070672088847,-1.78294068626357],[132.4386325313662,-1.824588856790291],[132.4467862715693,-1.884888972847756],[132.4818438998761,-1.850911878180542],[132.4957369173249,-1.826033659026097],[132.5222933163835,-1.820244536855833],[132.6269986932352,-1.858035150901463],[132.6291767855803,-1.866977960764229],[132.6198926416322,-1.873268268815467],[132.6372262763716,-1.904080285876455],[132.6182077240073,-1.912821683573787],[132.6355525139375,-1.924885392746559],[132.6460036109779,-1.922033611062249],[132.6391010372831,-1.942055948023549],[132.6560525006225,-1.961981112338476],[132.6513143019135,-1.975691681625749],[132.6394076233632,-1.967959408699718],[132.6140716241062,-1.987216300291974],[132.6346597407546,-1.985187063731944],[132.6300265181094,-1.995553550755671],[132.6451846289675,-1.999998977870446],[132.6424655980091,-2.020902289808715],[132.6663792502024,-2.014944890094553],[132.6538841200563,-2.036068862388055],[132.6883695628051,-2.049062477751098],[132.6828610650862,-2.056664444308678],[132.6950869256213,-2.072939019420142],[132.6815938933435,-2.080860907205098],[132.6957572254157,-2.084662501573112],[132.6857292971693,-2.096341347675049],[132.6721385787325,-2.088088792663603],[132.6824831663651,-2.105033282659788],[132.6710009165591,-2.099061688046413],[132.6657241678361,-2.108934446367597],[132.6505263932785,-2.089677159972927],[132.6384545749188,-2.090388121714406],[132.6371885507111,-2.148172127141892],[132.6207880417349,-2.17614442962171],[132.6042616699403,-2.181223980402327],[132.5988256009208,-2.198804612143038],[132.5756549578101,-2.189414704325079],[132.5200541312932,-2.196946246771761],[132.3669829531009,-2.268853990719036],[132.332233538647,-2.272873527691102],[132.3164611116911,-2.283674657059789],[132.2971686492138,-2.270170858098622],[132.2360859278234,-2.192527379335088],[132.1940203999215,-2.163982626896635],[132.1979636510018,-2.151066982754982],[132.143049378626,-2.149009264665816],[132.1410844202098,-2.140155765576049],[132.1159509293919,-2.130532507069541],[132.041927953912,-2.075161924982785],[132.0407680766855,-2.056843978666636],[132.0750129723708,-2.043504430085344],[132.0878120257045,-2.029997310827161],[132.0851084190185,-2.021238347571666],[132.077680927233,-2.017140917619178],[132.0653810012323,-2.024593481603867],[132.0597063978321,-2.018625495969831],[132.0413612524199,-2.026389424132516],[131.9679513267924,-1.964336605849651],[131.9657458743727,-1.958790118968759],[131.9814060272664,-1.952981465322326],[131.9820943926421,-1.933345225301844],[131.9889443811782,-1.93280341974196],[131.9537539248039,-1.917555368585314],[131.9288761256327,-1.882484611975224],[131.9260340557272,-1.860310065157281],[131.9479494089382,-1.843678815325037],[131.9215676816033,-1.813702329598835],[131.9310516639031,-1.799692340029393],[131.9542618789826,-1.787806118357674],[131.9539557641473,-1.776323175174335],[131.9874618676711,-1.752074892442293],[131.9951146540181,-1.737652194992714],[132.0137992890061,-1.747109316341858],[132.0256404105766,-1.699823623261556],[132.0118738018346,-1.696109761356348],[132.0043084026107,-1.684934540096863],[132.0113652064393,-1.682129727305062],[131.9951908850513,-1.674149733423372],[131.9773925427317,-1.704345330872295],[131.9142753219486,-1.718717688770235],[131.8990316459937,-1.69447501331115],[131.9002703236166,-1.674222849205067],[131.8811603003077,-1.6441509004437],[131.8916401936401,-1.610502649177883],[131.8784103902274,-1.584233400051341],[131.869416081587,-1.583204248277406],[131.8571451542256,-1.566194213891839],[131.8484172904257,-1.58571830755381],[131.812334487147,-1.612935530250484],[131.7966727172721,-1.612340954271543],[131.7805598960224,-1.600806216433684],[131.7839804584316,-1.577701963075098],[131.7781368670229,-1.573531086390448],[131.802701719209,-1.547494136645058],[131.7924629143321,-1.491381336879163],[131.8216590394332,-1.479213088713019],[131.8173872561171,-1.449688276692543],[131.7963443541087,-1.446773341916144],[131.7987516566638,-1.436219753638637],[131.8170869176272,-1.442488354753715],[131.8256770367659,-1.43647958486495],[131.8051621743949,-1.419282007658465],[131.8297468782159,-1.378321393117757],[131.8162069768706,-1.386838506192037],[131.8092493637672,-1.371540414058783],[131.8183941343818,-1.35877062556389],[131.8230260143391,-1.371006517136999],[131.8323490818447,-1.369937495718856],[131.8334293780634,-1.346692852792922],[131.8471840321174,-1.351245662557224],[131.8653316666232,-1.324634444424058],[131.8585234758777,-1.360540244936351],[131.8792097391382,-1.363137304442999],[131.8824437803562,-1.355359204763465],[131.8738086105789,-1.34815138857565],[131.8864236113607,-1.345148332829263],[131.8833350004101,-1.329713056312512],[131.8913383325981,-1.312810277772039],[131.8845569263611,-1.300318190032426],[131.8668624998046,-1.301029721944039],[131.8661176453132,-1.27973177580081],[131.8774783148724,-1.278453996554665],[131.8933299756978,-1.291734762749089],[131.8957727196354,-1.282543410849682],[131.8630224774055,-1.235763146651861],[131.8609275381754,-1.197958497786347],[131.8436923117509,-1.196317054288512],[131.8532255562145,-1.160031667027697],[131.866830439873,-1.15158174140422],[131.857314167415,-1.146055277928662],[131.8663558325557,-1.136341944225341],[131.8758599515756,-1.097010628737463],[131.883986667151,-1.105606667213868],[131.9010148192785,-1.09984994761694],[131.9224368646696,-1.040952375551621],[131.9234719312847,-1.060904156201817]]]]}},{"type":"Feature","properties":{"kode":"96.03","nama":"Kabupaten Raja Ampat","lat":-0.8972419087906105,"lng":130.56944703737992},"geometry":{"type":"MultiPolygon","coordinates":[[[[130.6232630366598,-2.253708481161423],[130.6230031748566,-2.253671839183971],[130.6231649655907,-2.253369159758803],[130.6234028209834,-2.253544536551091],[130.6232630366598,-2.253708481161423]]],[[[130.5725504940101,-2.253338741989255],[130.5724667365507,-2.253313996243891],[130.5725466871799,-2.253228334919724],[130.5725885650103,-2.253264502954336],[130.5725504940101,-2.253338741989255]]],[[[130.62220307771,-2.253474944313163],[130.622089410598,-2.253348001409064],[130.6223003429865,-2.253233029380722],[130.6223185803383,-2.253334874904469],[130.62220307771,-2.253474944313163]]],[[[130.3921959722664,-2.253574263641303],[130.3913347778778,-2.251544044122314],[130.3914432352171,-2.25023892098937],[130.3927433491264,-2.25245252396469],[130.3921959722664,-2.253574263641303]]],[[[130.3962523328789,-2.251254418356632],[130.3950017509301,-2.253084482063164],[130.3928901589537,-2.251103482439712],[130.3959770872729,-2.250206988761486],[130.3962523328789,-2.251254418356632]]],[[[130.5664033166598,-2.250451089945818],[130.5663681459732,-2.251106991594368],[130.5657176879211,-2.251213426358481],[130.5654845332847,-2.250513209716834],[130.5664033166598,-2.250451089945818]]],[[[130.5666235741187,-2.249991546272748],[130.5665780414435,-2.249774987725475],[130.5672683583481,-2.249371042839313],[130.5670161048095,-2.249728934342768],[130.5666235741187,-2.249991546272748]]],[[[130.5687990386448,-2.249631755401163],[130.5686581796314,-2.2495404957972],[130.5687033130075,-2.249281804012051],[130.5688779748387,-2.249331799123214],[130.5687990386448,-2.249631755401163]]],[[[130.5461569208053,-2.248954913038739],[130.5466536217673,-2.249121254342315],[130.5459278868625,-2.249573351628856],[130.5457732223564,-2.24902607639226],[130.5461569208053,-2.248954913038739]]],[[[130.620037515619,-2.249154888986896],[130.6199125943909,-2.248905044732011],[130.6199839780782,-2.248771201329783],[130.6201416166424,-2.248931813952007],[130.620037515619,-2.249154888986896]]],[[[130.552961423431,-2.248783040904614],[130.5528668057586,-2.248745990634918],[130.552908650314,-2.248629407021488],[130.5530452528362,-2.248676551281806],[130.552961423431,-2.248783040904614]]],[[[130.5551067139039,-2.248525273622429],[130.5548859015632,-2.248379941381165],[130.5552079757675,-2.24826539113481],[130.5552145192347,-2.248408538023552],[130.5551067139039,-2.248525273622429]]],[[[130.5697192960088,-2.249066856150408],[130.5692297671401,-2.248838976037851],[130.5699024177625,-2.248057816814766],[130.5699167961233,-2.24894310494024],[130.5697192960088,-2.249066856150408]]],[[[130.5673596611196,-2.249122448641996],[130.567337721259,-2.248498650991928],[130.5675934731603,-2.247922638818681],[130.5677923033721,-2.248548343930937],[130.5673596611196,-2.249122448641996]]],[[[130.5566449700894,-2.248454963725502],[130.556465010352,-2.248233186412365],[130.5570543756589,-2.247918579278954],[130.5569536201135,-2.248204997162853],[130.5566449700894,-2.248454963725502]]],[[[130.5522639371311,-2.248136439145279],[130.5519944004213,-2.247925642554341],[130.5520553960398,-2.247794271388484],[130.5523239398979,-2.247840522621994],[130.5522639371311,-2.248136439145279]]],[[[130.5543293327326,-2.248144492574225],[130.5542790057716,-2.247949036618715],[130.5543157107015,-2.247734904442192],[130.5544222461898,-2.247853336162533],[130.5543293327326,-2.248144492574225]]],[[[130.5704894313423,-2.247657873012335],[130.5705190577084,-2.247452168382827],[130.5706563581045,-2.247452770029293],[130.5707016452648,-2.247590085713894],[130.5704894313423,-2.247657873012335]]],[[[130.5624471935831,-2.246818657155261],[130.5616481270594,-2.247661259859226],[130.5613242910833,-2.245810286915153],[130.5624273122707,-2.246011402304296],[130.5624471935831,-2.246818657155261]]],[[[130.5594493179317,-2.245013885982042],[130.5594183848507,-2.246931939357458],[130.5588704342232,-2.247403167921805],[130.5584338007794,-2.244551081367232],[130.5594493179317,-2.245013885982042]]],[[[130.5991504607252,-2.244548395991577],[130.6166703045909,-2.246776037384171],[130.6231306681459,-2.25279956514777],[130.5776514711386,-2.255275935635906],[130.5714216856624,-2.253320680904627],[130.5725911586551,-2.245290230559663],[130.5991504607252,-2.244548395991577]]],[[[130.5570592949506,-2.243079441562903],[130.5572356672923,-2.243845056903806],[130.5569572147037,-2.244528643282154],[130.556836218117,-2.243060860670168],[130.5570592949506,-2.243079441562903]]],[[[130.5508642062183,-2.24213244915317],[130.5555545412092,-2.243567760843471],[130.5567512789484,-2.246009951697905],[130.5446480571621,-2.248911464992068],[130.5508642062183,-2.24213244915317]]],[[[130.3695398798615,-2.242433849742367],[130.3689727206146,-2.242439297835277],[130.3688648568277,-2.242119845154702],[130.3692915770447,-2.24198333256467],[130.3695398798615,-2.242433849742367]]],[[[130.3605312926852,-2.240718181598725],[130.3602911719001,-2.240623588208004],[130.3603167216395,-2.240442541190271],[130.3605692710551,-2.240457667787135],[130.3605312926852,-2.240718181598725]]],[[[130.5140256486648,-2.236687737648937],[130.5155594918771,-2.236898117853839],[130.5123294832191,-2.236783998382721],[130.5134825750609,-2.236609210646526],[130.5140256486648,-2.236687737648937]]],[[[130.4169981258629,-2.23317262411731],[130.4180666319695,-2.234094791641253],[130.4127210149629,-2.234593159946277],[130.4139503729114,-2.233067089574517],[130.4169981258629,-2.23317262411731]]],[[[130.5316993017814,-2.232200006425058],[130.5322185208681,-2.233313085630398],[130.5292874009929,-2.233434604723142],[130.5306017718544,-2.232205877199414],[130.5316993017814,-2.232200006425058]]],[[[130.5144016417224,-2.231581171234057],[130.5141964137336,-2.231604966396075],[130.5140328261541,-2.23156630004471],[130.5143183609036,-2.231444351975201],[130.5144016417224,-2.231581171234057]]],[[[130.5092120364064,-2.230990437158889],[130.5093420388041,-2.231272291882716],[130.5087353255749,-2.231396328177906],[130.5087483909256,-2.231024389264105],[130.5092120364064,-2.230990437158889]]],[[[130.5035239431755,-2.230125158948828],[130.503776025843,-2.230250971405193],[130.5028363530153,-2.230246383064108],[130.5032643871418,-2.230012033228748],[130.5035239431755,-2.230125158948828]]],[[[130.5014842151245,-2.229402303673369],[130.5017102642174,-2.229420149819974],[130.5015228805765,-2.229907939399814],[130.5011481159928,-2.229640249897516],[130.5014842151245,-2.229402303673369]]],[[[130.2929891241488,-2.229463901837539],[130.2939612094423,-2.229260804342539],[130.2939844794003,-2.230316922288081],[130.2903975972715,-2.230803219892666],[130.2929891241488,-2.229463901837539]]],[[[130.5110924891271,-2.228425140807547],[130.5117245173726,-2.228690980404371],[130.5116185826315,-2.229163193726416],[130.5106018927633,-2.228738070705363],[130.5110924891271,-2.228425140807547]]],[[[130.5011228342514,-2.227022098590917],[130.5009979121241,-2.227010202358917],[130.5009979121241,-2.226915024408774],[130.5011287832668,-2.226920971625448],[130.5011228342514,-2.227022098590917]]],[[[130.5004149445941,-2.226760359003313],[130.5002959705827,-2.226784153266051],[130.500301919598,-2.226688975315907],[130.5004684821348,-2.22665328302252],[130.5004149445941,-2.226760359003313]]],[[[130.4855082769855,-2.227401664655096],[130.4849099913031,-2.226926150821187],[130.4859504007904,-2.225609816739629],[130.4863720830053,-2.227043701205814],[130.4855082769855,-2.227401664655096]]],[[[130.5042145505611,-2.2257337729952],[130.5041238944023,-2.22555430698568],[130.5042601326991,-2.225476521923911],[130.5043265827057,-2.225578363850358],[130.5042145505611,-2.2257337729952]]],[[[130.4972142853111,-2.226388275298666],[130.4969631163548,-2.226076946194036],[130.4970903749209,-2.225453642271694],[130.4974992579845,-2.226076399406265],[130.4972142853111,-2.226388275298666]]],[[[130.4884303011175,-2.225599104914691],[130.4879769070087,-2.225379438310407],[130.4879608738953,-2.224494767119792],[130.4882159360167,-2.224651601690011],[130.4884303011175,-2.225599104914691]]],[[[130.5123204063617,-2.224409828850485],[130.5122442643614,-2.224369853985555],[130.5122899490221,-2.22427657900093],[130.5123851278714,-2.224303228611094],[130.5123204063617,-2.224409828850485]]],[[[130.4951836988687,-2.223794122400749],[130.4954513892702,-2.224436577386049],[130.4951420593586,-2.22531995175437],[130.4944817582266,-2.224388987961381],[130.4951836988687,-2.223794122400749]]],[[[130.4938393041407,-2.224745907297779],[130.493529974229,-2.224097504196434],[130.4941631419156,-2.223750472006694],[130.4943300677785,-2.224112375385781],[130.4938393041407,-2.224745907297779]]],[[[130.4925781902314,-2.224445499560071],[130.4921617843389,-2.224195656204556],[130.4921409641342,-2.223722738713343],[130.4926650026877,-2.224131161324008],[130.4925781902314,-2.224445499560071]]],[[[130.2586689156381,-2.223600957018482],[130.2779399661566,-2.226178386123559],[130.2837629738822,-2.23092110932164],[130.2572332819904,-2.230627396137377],[130.2586689156381,-2.223600957018482]]],[[[130.4995702383759,-2.223673434281517],[130.4993396171296,-2.223482858946715],[130.4993529675654,-2.223283854266425],[130.4995997433336,-2.223359925220317],[130.4995702383759,-2.223673434281517]]],[[[130.4893458901008,-2.222832661697874],[130.4893042496915,-2.222853481902634],[130.489259635224,-2.222850507844568],[130.4893042496915,-2.222779124157251],[130.4893458901008,-2.222832661697874]]],[[[130.4921707074123,-2.222580597016835],[130.4920368622116,-2.222476495993478],[130.4921632079658,-2.222166416946505],[130.4922688603197,-2.222327779603253],[130.4921707074123,-2.222580597016835]]],[[[130.6092401912819,-2.222363418836684],[130.6068193836078,-2.223590193932237],[130.6049387078551,-2.223165095192916],[130.6089058961902,-2.22185187186639],[130.6092401912819,-2.222363418836684]]],[[[130.4873262511056,-2.223388145046792],[130.4894867868857,-2.223859120901642],[130.4877416803344,-2.223731626713191],[130.4871546811437,-2.225955726575515],[130.4873262511056,-2.223388145046792]]],[[[130.4651429646761,-2.222890692251569],[130.4636036284048,-2.222926023916807],[130.4632335537856,-2.222561399189152],[130.4643686942599,-2.221647782419181],[130.4651429646761,-2.222890692251569]]],[[[130.521182172919,-2.221797300105235],[130.5208704643005,-2.221690224124442],[130.5208419099263,-2.221604562800275],[130.5211345843936,-2.221507005244019],[130.521182172919,-2.221797300105235]]],[[[130.4895104138745,-2.221368574400076],[130.4900373707282,-2.222285577117658],[130.4898087010108,-2.222638427921078],[130.4891025497429,-2.221448147314112],[130.4895104138745,-2.221368574400076]]],[[[130.5908806926899,-2.221285033677292],[130.5975188657031,-2.221134515945058],[130.6046041168865,-2.22302882092327],[130.5892494394102,-2.221458077628105],[130.5908806926899,-2.221285033677292]]],[[[130.6117234766572,-2.221199735679205],[130.6116418380005,-2.22094234881032],[130.6119333028797,-2.220619093796097],[130.6119010244128,-2.220865695995025],[130.6117234766572,-2.221199735679205]]],[[[130.4889064831477,-2.220794851900878],[130.4887220753635,-2.220824595178852],[130.4886387936455,-2.220723468213473],[130.4887518177422,-2.220610443217266],[130.4889064831477,-2.220794851900878]]],[[[130.5533944236138,-2.22063648038924],[130.5537238659637,-2.220841372031648],[130.552716242161,-2.220979271376214],[130.5531400188968,-2.220496812977471],[130.5533944236138,-2.22063648038924]]],[[[130.5517012888835,-2.220754110813486],[130.5524043240004,-2.220527128224317],[130.5526250122345,-2.220946718616082],[130.5513218460264,-2.221516402260162],[130.5517012888835,-2.220754110813486]]],[[[130.4865017553518,-2.221303074077577],[130.4858869473248,-2.220662552634581],[130.4867300788302,-2.219974797898574],[130.4868422917384,-2.220258606849226],[130.4865017553518,-2.221303074077577]]],[[[130.5806257422842,-2.219769532138185],[130.5805686353343,-2.219716707759803],[130.5806014722801,-2.219662456157392],[130.5806571511067,-2.219716707759803],[130.5806257422842,-2.219769532138185]]],[[[130.5805086730369,-2.219733839844798],[130.5804372893495,-2.219692436856382],[130.580521521651,-2.219646752195795],[130.5805258051219,-2.219716707759803],[130.5805086730369,-2.219733839844798]]],[[[130.4849482502616,-2.219764902428237],[130.4848161902151,-2.219682809613913],[130.484937542034,-2.219497212026658],[130.4850017878022,-2.219600718598238],[130.4849482502616,-2.219764902428237]]],[[[130.5512452309827,-2.219981316184752],[130.5510960874145,-2.219811403673313],[130.551279359355,-2.219482910108164],[130.5514523331587,-2.219908611393231],[130.5512452309827,-2.219981316184752]]],[[[130.5800123084214,-2.219736458670576],[130.5793013943439,-2.219811082615289],[130.5789271180921,-2.219587580402463],[130.5795621752543,-2.219403428025737],[130.5800123084214,-2.219736458670576]]],[[[130.5585735806063,-2.219528065967394],[130.557807575859,-2.219723183777925],[130.5575503697538,-2.219638526097059],[130.5583717700411,-2.219201435797549],[130.5585735806063,-2.219528065967394]]],[[[130.5773184728693,-2.219166891938487],[130.577482228622,-2.219797235753765],[130.5759692586743,-2.219439632932632],[130.5772458382249,-2.219027026675915],[130.5773184728693,-2.219166891938487]]],[[[130.5678867699585,-2.219088466559407],[130.5678326433618,-2.219013940640815],[130.567927126136,-2.218917306688331],[130.5679570393859,-2.219031588037337],[130.5678867699585,-2.219088466559407]]],[[[130.560852811608,-2.219302401784409],[130.5613615877671,-2.219369980440236],[130.5595925412628,-2.219316690212983],[130.5598237974304,-2.218908288286839],[130.560852811608,-2.219302401784409]]],[[[130.575340782751,-2.218938044155363],[130.5755627507205,-2.219281214656268],[130.5749788766738,-2.219282971032202],[130.5751542273858,-2.21892548332441],[130.575340782751,-2.218938044155363]]],[[[130.5822701562427,-2.219860551623112],[130.5857112456776,-2.220033377038602],[130.5884499942719,-2.221490722119126],[130.5805522658744,-2.220226770848724],[130.5822701562427,-2.219860551623112]]],[[[130.565220989657,-2.218261113659439],[130.5649619606261,-2.21835653892313],[130.5648284499731,-2.218228774937961],[130.5649537731981,-2.218153017847404],[130.565220989657,-2.218261113659439]]],[[[130.5489690630719,-2.217941264377801],[130.5486242872811,-2.218287134643473],[130.5482364807291,-2.217977636558624],[130.5488061319975,-2.21787355801826],[130.5489690630719,-2.217941264377801]]],[[[130.5497252427258,-2.21811118498321],[130.5493238770953,-2.218084268274348],[130.5490789944001,-2.217938409030287],[130.5495773186384,-2.217834680326172],[130.5497252427258,-2.21811118498321]]],[[[130.5496622002504,-2.217795403335179],[130.5496079477486,-2.217783981945123],[130.5496179419146,-2.217719736176862],[130.5496664828219,-2.217731157566829],[130.5496622002504,-2.217795403335179]]],[[[130.4701369674472,-2.218023642277236],[130.4851390045614,-2.219937696367571],[130.4852047162248,-2.224472528684165],[130.4656040039218,-2.223417909009198],[130.4701369674472,-2.218023642277236]]],[[[130.5451068543979,-2.217984272655984],[130.5507783929085,-2.221294206762161],[130.5208631806914,-2.231610944189713],[130.5046139250926,-2.230280759649331],[130.5006417859897,-2.225207363828721],[130.5451068543979,-2.217984272655984]]],[[[130.5474756659693,-2.218621067308371],[130.5470953309848,-2.218312104320111],[130.5471344416013,-2.217484747822843],[130.5476680768204,-2.218106143383716],[130.5474756659693,-2.218621067308371]]],[[[130.547144898918,-2.217286902368601],[130.5465127897335,-2.217171814327726],[130.546413876899,-2.217021971087066],[130.5474240781588,-2.216957566138758],[130.547144898918,-2.217286902368601]]],[[[130.4133857290682,-2.21481121086862],[130.4130573632069,-2.214718411625396],[130.4133357600374,-2.214425738057349],[130.4135142188063,-2.214704134887915],[130.4133857290682,-2.21481121086862]]],[[[130.4579324172473,-2.214613582151051],[130.4651222766718,-2.215797095359642],[130.4624855912371,-2.222307005264026],[130.4548859359372,-2.219208803943109],[130.4579324172473,-2.214613582151051]]],[[[130.4586458737082,-2.213734302396089],[130.4584878781131,-2.213389755932463],[130.4585411782328,-2.21329267411752],[130.4586268377584,-2.213321226693202],[130.4586458737082,-2.213734302396089]]],[[[130.4599897846009,-2.213519326655591],[130.4592105607188,-2.213169350984659],[130.4591049767133,-2.212698590967113],[130.4597646717023,-2.212981416059437],[130.4599897846009,-2.213519326655591]]],[[[130.4072444188948,-2.212726659707512],[130.4074362829582,-2.213170968865066],[130.4063798016865,-2.212799772791277],[130.406880697986,-2.212645752199618],[130.4072444188948,-2.212726659707512]]],[[[130.4081486494407,-2.212037183669027],[130.4079263271384,-2.211935828275793],[130.4079988241865,-2.211683868815475],[130.4082413173829,-2.211756765162567],[130.4081486494407,-2.212037183669027]]],[[[130.4201039381463,-2.208376156934014],[130.4198088849721,-2.208119174760073],[130.4201766168574,-2.207735433143723],[130.4202300500768,-2.208021617203817],[130.4201039381463,-2.208376156934014]]],[[[130.4137385627845,-2.207741633969176],[130.4135672419347,-2.20760600541279],[130.4137599783404,-2.207213393783006],[130.4138384999469,-2.207334745601999],[130.4137385627845,-2.207741633969176]]],[[[130.4182498058839,-2.207548419124164],[130.4182170255954,-2.208595067208543],[130.4174365633468,-2.206729570213442],[130.418023966333,-2.207497377202186],[130.4182498058839,-2.207548419124164]]],[[[130.4212474881811,-2.206958757940283],[130.4209569567981,-2.206735997668099],[130.421136155709,-2.206512784137685],[130.4213189159354,-2.206604448436503],[130.4212474881811,-2.206958757940283]]],[[[130.4342282207558,-2.20700261337983],[130.4547566179236,-2.213883748136405],[130.4492202322279,-2.219347052224643],[130.4098148998378,-2.214415169224607],[130.4146579469068,-2.206629830901965],[130.4180716798642,-2.209227409317441],[130.4342282207558,-2.20700261337983]]],[[[130.4157087570536,-2.206702998844248],[130.4152055009332,-2.206335373078952],[130.4152304849989,-2.206196174213984],[130.4156944803161,-2.206399617947932],[130.4157087570536,-2.206702998844248]]],[[[130.4137064399004,-2.2064995551103],[130.4136207803748,-2.206146205183204],[130.4138777607501,-2.205996298989968],[130.4138991772053,-2.206081960314135],[130.4137064399004,-2.2064995551103]]],[[[130.417353075684,-2.205525084814822],[130.4171906050624,-2.205385700689513],[130.4172768320602,-2.205196057052275],[130.4174996067216,-2.205422264425907],[130.417353075684,-2.205525084814822]]],[[[130.4115124466422,-2.205592285755367],[130.4107426206755,-2.20625012814091],[130.4103364796449,-2.205953088364312],[130.4115463906535,-2.205114985867842],[130.4115124466422,-2.205592285755367]]],[[[130.4170936032871,-2.205239631004099],[130.4169472656038,-2.205168247316694],[130.4169080048007,-2.205075448073471],[130.4171043106155,-2.205068310154326],[130.4170936032871,-2.205239631004099]]],[[[130.415551712042,-2.204779205096211],[130.4161549062241,-2.204850588783616],[130.4155687541947,-2.205496384750274],[130.4150377485933,-2.205054033416845],[130.415551712042,-2.204779205096211]]],[[[130.4127463281806,-2.20572861038695],[130.4122831143743,-2.205330541671094],[130.4129818938993,-2.204629298902974],[130.4131139539459,-2.205239631004099],[130.4127463281806,-2.20572861038695]]],[[[130.4193422978088,-2.204705574902357],[130.419161077222,-2.204679301208737],[130.4191900326939,-2.204394222415365],[130.4193595746847,-2.20443226193934],[130.4193422978088,-2.204705574902357]]],[[[130.4233967950262,-2.204101058716804],[130.4232111974388,-2.204022537110342],[130.4233611027328,-2.203487158105835],[130.4235038710069,-2.203815523067901],[130.4233967950262,-2.204101058716804]]],[[[130.4193017428811,-2.202973193757865],[130.4191113860817,-2.202935122757646],[130.4191066268694,-2.202839943908222],[130.4193160196187,-2.202797113695778],[130.4193017428811,-2.202973193757865]]],[[[130.2935061156148,-2.202484541728181],[130.2934612448406,-2.202848024316831],[130.297311767724,-2.205826461122198],[130.28880875512,-2.203378474137166],[130.2935061156148,-2.202484541728181]]],[[[130.4224508530246,-2.203198841753087],[130.4206056870029,-2.204400871103276],[130.4194778229432,-2.202951779101239],[130.422290345623,-2.201174322137225],[130.4224508530246,-2.203198841753087]]],[[[130.4197472967004,-2.201299243365343],[130.4194712785767,-2.201223101364993],[130.4194712785767,-2.201118404091032],[130.4198234396002,-2.20108985061607],[130.4197472967004,-2.201299243365343]]],[[[130.4215366516952,-2.200804315866447],[130.4219554371938,-2.200870940341629],[130.4219744722441,-2.201070814666275],[130.4215366516952,-2.200937564816721],[130.4215366516952,-2.200804315866447]]],[[[130.4174844288634,-2.200964929387863],[130.4181838648936,-2.201186182396311],[130.4169799838392,-2.201659732110864],[130.4169059192729,-2.200597351286662],[130.4174844288634,-2.200964929387863]]],[[[130.4214795447452,-2.199738317069569],[130.4213272589459,-2.199700246069439],[130.4213082229961,-2.199566996219884],[130.4214700272201,-2.199576513745052],[130.4214795447452,-2.199738317069569]]],[[[130.4167037103081,-2.199521899715842],[130.4165847371958,-2.199433859684843],[130.416796508652,-2.199360097290606],[130.4167703338838,-2.199474311190455],[130.4167037103081,-2.199521899715842]]],[[[130.417842728659,-2.199352786701672],[130.4176777372378,-2.198900069782342],[130.4183747181188,-2.198633776927197],[130.4184313583206,-2.198995150605734],[130.417842728659,-2.199352786701672]]],[[[130.4108614768758,-2.197463024199189],[130.4108382869574,-2.197092647407731],[130.4115607186523,-2.197071861377234],[130.4114667134182,-2.197316011124942],[130.4108614768758,-2.197463024199189]]],[[[130.1931403048812,-2.197190028696808],[130.1928333536764,-2.197818206944627],[130.1925620956642,-2.197803930207145],[130.1924835740577,-2.197261413283583],[130.1931403048812,-2.197190028696808]]],[[[130.4264109960707,-2.197319421354196],[130.4260538501052,-2.197266138321632],[130.4260419493766,-2.196942055031739],[130.4264593247381,-2.196934658107955],[130.4264109960707,-2.197319421354196]]],[[[130.3200030937678,-2.196695461826062],[130.3197068058245,-2.19724675793154],[130.3190173909398,-2.19683819862391],[130.3192126076758,-2.196718003333123],[130.3200030937678,-2.196695461826062]]],[[[130.4244033072669,-2.196777077999704],[130.4259451976128,-2.200474760202001],[130.4243025517214,-2.203054032017951],[130.4248780099123,-2.200035749849929],[130.419157784804,-2.200111891850279],[130.4244033072669,-2.196777077999704]]],[[[130.3222179378076,-2.197220493231169],[130.3214457646104,-2.197372182780002],[130.3214127091292,-2.196374526163394],[130.321686236131,-2.196379674782081],[130.3222179378076,-2.197220493231169]]],[[[130.423734679312,-2.196427296582451],[130.423654371652,-2.196427296582451],[130.4235532446865,-2.196269658018293],[130.4237019610767,-2.196272632076271],[130.423734679312,-2.196427296582451]]],[[[130.418517248972,-2.197050733604458],[130.4180904136417,-2.196813838687619],[130.4188581954494,-2.19604644268914],[130.4189493165578,-2.196420561559689],[130.418517248972,-2.197050733604458]]],[[[130.2395463782629,-2.196289303708346],[130.23936196868,-2.196253612314328],[130.2393798148267,-2.196015666090092],[130.2394868908075,-2.196045409368066],[130.2395463782629,-2.196289303708346]]],[[[130.3187132582104,-2.196565777788331],[130.3184120401836,-2.196457352824568],[130.3184191879952,-2.19580519055709],[130.3188719597732,-2.196226183891239],[130.3187132582104,-2.196565777788331]]],[[[130.4228691501912,-2.195909763724549],[130.4227382790484,-2.195927609871243],[130.4227382790484,-2.195817559832472],[130.4228423809712,-2.195814585774494],[130.4228691501912,-2.195909763724549]]],[[[130.6104087802411,-2.19547395585831],[130.6106205103283,-2.195561332189724],[130.6103492972823,-2.195719021115908],[130.6102868303729,-2.195545397102341],[130.6104087802411,-2.19547395585831]]],[[[130.4213019610167,-2.195389708268339],[130.4216669157957,-2.195637245762219],[130.4216299581561,-2.19583762910325],[130.4209641585692,-2.195288157722233],[130.4213019610167,-2.195389708268339]]],[[[130.2352679093866,-2.19526732582638],[130.235153693688,-2.195120989042357],[130.2352679093866,-2.195056743274007],[130.2353464309931,-2.195185233911426],[130.2352679093866,-2.19526732582638]]],[[[130.4274528228895,-2.195026596200458],[130.4271860497964,-2.194823861132258],[130.427253175194,-2.194646828688088],[130.4274991163911,-2.194709049183244],[130.4274528228895,-2.195026596200458]]],[[[130.2288990428566,-2.194302453995059],[130.2319923428724,-2.19499725671797],[130.2294986667301,-2.197700323810883],[130.2282423120331,-2.195901452190244],[130.2288990428566,-2.194302453995059]]],[[[130.6085476233742,-2.194169197850185],[130.6088602969652,-2.194381311947938],[130.6088516859566,-2.194424206012238],[130.6082772233152,-2.194239190286298],[130.6085476233742,-2.194169197850185]]],[[[130.2335832498672,-2.194403580960438],[130.2333583905773,-2.194424995616975],[130.2331727929901,-2.194535641006981],[130.2334618980482,-2.194035955195142],[130.2335832498672,-2.194403580960438]]],[[[130.4245516198614,-2.194403547685544],[130.4242730953272,-2.194251321241472],[130.4244805824131,-2.193975379560056],[130.4245949150234,-2.19405047205157],[130.4245516198614,-2.194403547685544]]],[[[130.204109620063,-2.194042953719302],[130.199312627276,-2.197792984558491],[130.1950962224127,-2.198345019906681],[130.1956958462863,-2.195384969740546],[130.204109620063,-2.194042953719302]]],[[[130.3094862338026,-2.193736453974074],[130.3118083157012,-2.194926442301417],[130.3091619994268,-2.197274701666155],[130.3078119677482,-2.194603226857408],[130.3094862338026,-2.193736453974074]]],[[[130.2125263741929,-2.193044554262682],[130.2149054002641,-2.19304917318073],[130.215655871921,-2.194182383709967],[130.2138394338428,-2.194624633420064],[130.2125263741929,-2.193044554262682]]],[[[130.2332486975694,-2.193074651873664],[130.233144002094,-2.193436330422285],[130.2320780032973,-2.193065134348407],[130.2326014851704,-2.19276056274971],[130.2332486975694,-2.193074651873664]]],[[[130.3075365737539,-2.194626299863758],[130.3056914167256,-2.194463856221931],[130.3065313844159,-2.19250830021778],[130.3069574364366,-2.192569669054903],[130.3075365737539,-2.194626299863758]]],[[[130.2310215220257,-2.193826562445869],[130.2304694866775,-2.192484546424625],[130.2308632080707,-2.192140312925053],[130.2318595121069,-2.19294812085902],[130.2310215220257,-2.193826562445869]]],[[[130.2256915298404,-2.192423631745191],[130.229626290421,-2.192331998922528],[130.2159452566683,-2.195338471193489],[130.2162307932166,-2.193173161811915],[130.2256915298404,-2.192423631745191]]],[[[130.6025859788599,-2.189910460099645],[130.6034479790411,-2.190106195744315],[130.603835573353,-2.190428545141179],[130.6031879949301,-2.190502053027268],[130.6015415637922,-2.18938991001634],[130.6025859788599,-2.189910460099645]]],[[[130.5888647148348,-2.188846640360145],[130.5995462001971,-2.189991674276273],[130.6055695552908,-2.1943892367738],[130.5899723387526,-2.19278437320021],[130.5888647148348,-2.188846640360145]]],[[[130.6293884908862,-2.188089241225446],[130.6327770059542,-2.188397625949603],[130.6244140627589,-2.192384277412421],[130.6274555411404,-2.18840359744801],[130.6293884908862,-2.188089241225446]]],[[[130.1892243841981,-2.18774496905503],[130.1889245709123,-2.18774496905503],[130.1887960811742,-2.18760220078085],[130.1892243841981,-2.187445156668646],[130.1892243841981,-2.18774496905503]]],[[[130.1933360917873,-2.187259559081303],[130.1931933253118,-2.186959746694919],[130.1933646461616,-2.186888363007514],[130.193436029849,-2.187116790807211],[130.1933360917873,-2.187259559081303]]],[[[130.1975049081251,-2.186895501825939],[130.1973026541942,-2.186728939289109],[130.1977785457434,-2.186705145026371],[130.1977309572179,-2.186812220107795],[130.1975049081251,-2.186895501825939]]],[[[130.1957560037366,-2.187050166332119],[130.1953158035815,-2.186943091250606],[130.1957560037366,-2.186336327659324],[130.1961010259417,-2.186740837319759],[130.1957560037366,-2.187050166332119]]],[[[130.1967315828963,-2.186954988381975],[130.1963746635599,-2.186895501825939],[130.1965888146221,-2.186300636265306],[130.1967077877342,-2.186514788226892],[130.1967315828963,-2.186954988381975]]],[[[130.2009551256786,-2.186145970859757],[130.2008480505971,-2.18639581511473],[130.2002650830672,-2.18625304684055],[130.200869466153,-2.185784293210505],[130.2009551256786,-2.186145970859757]]],[[[130.2699011620091,-2.185971961037117],[130.2695799349662,-2.18588630061223],[130.2698253608517,-2.185196088028965],[130.2700653449398,-2.185600764963239],[130.2699011620091,-2.185971961037117]]],[[[130.224560717803,-2.185866431890274],[130.2230067180857,-2.186285030329829],[130.2225177548905,-2.18542622813789],[130.2239496203788,-2.184934078644732],[130.224560717803,-2.185866431890274]]],[[[130.2696725498483,-2.18479612624021],[130.2697748531271,-2.185083293259352],[130.2694300278736,-2.185043971302195],[130.2693943373788,-2.184615668278392],[130.2696725498483,-2.18479612624021]]],[[[130.2722568281901,-2.185215293051249],[130.2721783056843,-2.184358687003732],[130.2728136218513,-2.183237959963849],[130.2723424886149,-2.184337271447914],[130.2722568281901,-2.185215293051249]]],[[[130.2226562495863,-2.18201230002755],[130.2187158619475,-2.184601154119983],[130.2158605090554,-2.182592888850701],[130.2177450420002,-2.18215506830173],[130.2226562495863,-2.18201230002755]]],[[[130.2428633459668,-2.180991749369701],[130.2635051710268,-2.18749243672656],[130.3004962706864,-2.189505461207977],[130.3046365344486,-2.193615979893496],[130.2695620888194,-2.194798572196335],[130.2799698511278,-2.211787923074196],[130.2553491996059,-2.211147722689224],[130.2308708630999,-2.197794312857207],[130.2462302836008,-2.196735452878753],[130.2529094297266,-2.192223732239443],[130.2523716729145,-2.186517789264533],[130.2373243846127,-2.189707348215533],[130.223292042394,-2.182395393232708],[130.2428633459668,-2.180991749369701]]],[[[130.6151113927766,-2.175612972560595],[130.6158037070754,-2.175822264585817],[130.6124561426369,-2.176409603720211],[130.61422044162,-2.175621176176248],[130.6151113927766,-2.175612972560595]]],[[[130.4507403589804,-2.175684740258513],[130.4504836645894,-2.175702553130312],[130.4503731442053,-2.17554223458645],[130.4507332291553,-2.175431793342566],[130.4507403589804,-2.175684740258513]]],[[[130.4570056559863,-2.175081022671035],[130.4568630486908,-2.175045396927525],[130.4569878296247,-2.174926642350597],[130.4570947859957,-2.175003832960501],[130.4570056559863,-2.175081022671035]]],[[[130.4420377877138,-2.174794926744442],[130.4419985709774,-2.174987308817203],[130.4415778780167,-2.174969495945403],[130.4416955291255,-2.174812739616153],[130.4420377877138,-2.174794926744442]]],[[[130.4551428776417,-2.174879070912342],[130.4547625903214,-2.174801881201807],[130.4548754876138,-2.174487182337506],[130.4551488203619,-2.174463431242282],[130.4551428776417,-2.174879070912342]]],[[[130.6174079249358,-2.175093183303714],[130.6165981726677,-2.175409535121878],[130.6164826259725,-2.175344621157274],[130.6175102201206,-2.174277184344556],[130.6174079249358,-2.175093183303714]]],[[[130.4450563126987,-2.174049717020734],[130.4449089506876,-2.173968964196307],[130.4450705732485,-2.173788456771833],[130.4451703988949,-2.173892960691573],[130.4450563126987,-2.174049717020734]]],[[[130.599723685,-2.173950746629563],[130.5971518451816,-2.175254370592652],[130.5954384451283,-2.174592651229792],[130.5957828450023,-2.173990076680601],[130.599723685,-2.173950746629563]]],[[[130.6038745121991,-2.174070685613641],[130.6042387169433,-2.174664778656579],[130.6027130449711,-2.174320915677688],[130.6031296873852,-2.173697997564508],[130.6038745121991,-2.174070685613641]]],[[[130.4443861199236,-2.174078165275064],[130.442912505208,-2.174348925062811],[130.4425132026223,-2.173916658726752],[130.4442054829967,-2.173603147866901],[130.4443861199236,-2.174078165275064]]],[[[130.6067719632556,-2.17538911241755],[130.6059002153228,-2.178721893800242],[130.5995183059251,-2.177498977695594],[130.6051915531477,-2.17527434003866],[130.6051973978417,-2.173481572116811],[130.6067719632556,-2.17538911241755]]],[[[130.4591578937219,-2.173625212733368],[130.4590331118886,-2.174242735813506],[130.4571495007489,-2.174652438159422],[130.4587597809392,-2.173458956865273],[130.4591578937219,-2.173625212733368]]],[[[130.4414637837267,-2.173555223894466],[130.4410252644045,-2.173597975865851],[130.4408470052852,-2.173466157736906],[130.4412748280709,-2.173416281336207],[130.4414637837267,-2.173555223894466]]],[[[130.59389280371,-2.173710302088752],[130.5937918026497,-2.173452014099089],[130.593947140748,-2.173388154139991],[130.5940098729574,-2.17351909363124],[130.59389280371,-2.173710302088752]]],[[[130.4372732172853,-2.173904304739851],[130.437054550727,-2.173609793856793],[130.4371543772727,-2.17313952666778],[130.4374776205958,-2.173562292565714],[130.4372732172853,-2.173904304739851]]],[[[130.4548279116788,-2.173330658682884],[130.4556895008699,-2.173977870182478],[130.4521956086406,-2.175652306208933],[130.4527029530788,-2.17389892589466],[130.4548279116788,-2.173330658682884]]],[[[130.5921936893873,-2.17281737781965],[130.5919735821153,-2.172813858772551],[130.591892173685,-2.172739252814251],[130.5921477547151,-2.172768636363445],[130.5921936893873,-2.17281737781965]]],[[[130.4397682028404,-2.172142883587183],[130.4401419233112,-2.172255758396505],[130.4409960049617,-2.175141004753536],[130.4373948919608,-2.1726574540782],[130.4397682028404,-2.172142883587183]]],[[[130.4523522381653,-2.171645375933265],[130.4521301541833,-2.171386649074483],[130.4525451823143,-2.171357475966731],[130.4525381873875,-2.171526513437774],[130.4523522381653,-2.171645375933265]]],[[[130.4501236282029,-2.170957246179908],[130.4493464161042,-2.173999735399404],[130.4446403573667,-2.173002198392718],[130.4464799979536,-2.171612771012546],[130.4501236282029,-2.170957246179908]]],[[[130.4657311527705,-2.170713123411863],[130.4650608961435,-2.171386461116212],[130.4642266400475,-2.171650095575364],[130.4644262913403,-2.170791501126848],[130.4657311527705,-2.170713123411863]]],[[[130.4613809063038,-2.168413145050588],[130.4612514632845,-2.168388398405765],[130.46126478764,-2.168255147656931],[130.4613694840146,-2.168264666081468],[130.4613809063038,-2.168413145050588]]],[[[130.4724127693339,-2.168225997931453],[130.472249365216,-2.168208185059653],[130.472246393856,-2.168122087564297],[130.4724513916185,-2.168044896954394],[130.4724127693339,-2.168225997931453]]],[[[130.4725911021977,-2.167754013037174],[130.4725049444477,-2.167807452551854],[130.4725584208345,-2.167599631817454],[130.4726059571992,-2.167656039994162],[130.4725911021977,-2.167754013037174]]],[[[130.4479565363651,-2.167425957441951],[130.4478733481766,-2.167568463114014],[130.4469701653409,-2.167621901729325],[130.4475108863185,-2.167022189722248],[130.4479565363651,-2.167425957441951]]],[[[130.4718839922525,-2.166836620913307],[130.4714531972073,-2.167451177130067],[130.4709718962361,-2.167356173648452],[130.4712660249072,-2.166904904637581],[130.4718839922525,-2.166836620913307]]],[[[130.4747005034255,-2.166566530221095],[130.474159782448,-2.166845604241166],[130.4740468842563,-2.166682316135995],[130.4741003624419,-2.166548717349384],[130.4747005034255,-2.166566530221095]]],[[[130.9301102573826,-2.169566720727525],[130.9293018190238,-2.170067160171277],[130.9248754071744,-2.170189714383744],[130.9290167762033,-2.166399304883962],[130.9301102573826,-2.169566720727525]]],[[[130.4749679258292,-2.166498081920912],[130.4748342317144,-2.166319949605969],[130.4749738676499,-2.166186350819357],[130.475140244027,-2.16635557624876],[130.4749679258292,-2.166498081920912]]],[[[130.3447203063971,-2.16619501039135],[130.3439123437797,-2.166764543848545],[130.3413233907619,-2.166672190669042],[130.3416759663729,-2.166157148033923],[130.3447203063971,-2.16619501039135]]],[[[130.4842405953272,-2.164925934783993],[130.4837937572761,-2.165348703379857],[130.4834134699557,-2.165301201189409],[130.4837985110925,-2.164959187216622],[130.4842405953272,-2.164925934783993]]],[[[130.9385883911414,-2.164189959299081],[130.9384737914324,-2.164084607318697],[130.9387769798738,-2.163971046326621],[130.938775240585,-2.164105319604717],[130.9385883911414,-2.164189959299081]]],[[[130.4590362136504,-2.164086487801134],[130.4588698381725,-2.16404611093928],[130.4589268812706,-2.163877479062373],[130.459045721283,-2.163915479915415],[130.4590362136504,-2.164086487801134]]],[[[130.9386490153398,-2.16391607526665],[130.9385711961039,-2.163827267214538],[130.9387534356227,-2.163852628096288],[130.9387467689482,-2.163876883711138],[130.9386490153398,-2.16391607526665]]],[[[130.4842976384254,-2.163832277337699],[130.4841835522292,-2.163580515728183],[130.4844069708052,-2.163447509594876],[130.4844592600869,-2.163623267699657],[130.4842976384254,-2.163832277337699]]],[[[130.9377292544017,-2.163547505213151],[130.937702397048,-2.163499044345388],[130.9377693120042,-2.163442379861882],[130.9377693929432,-2.16350569303321],[130.9377292544017,-2.163547505213151]]],[[[130.9380440989561,-2.16342373601657],[130.9384099998217,-2.16353642106897],[130.9384236928991,-2.163769449800215],[130.9378154661109,-2.163793131647632],[130.9380440989561,-2.16342373601657]]],[[[130.4736226227859,-2.163444870983946],[130.4734051460307,-2.163373617698275],[130.4736404491475,-2.16315629562647],[130.47364401406,-2.163377179912887],[130.4736226227859,-2.163444870983946]]],[[[130.9380946732308,-2.163281659321095],[130.9379405591096,-2.163249525645019],[130.9379618118882,-2.163104012639996],[130.9381615558113,-2.163198052947715],[130.9380946732308,-2.163281659321095]]],[[[130.9063405578705,-2.166734089206804],[130.9057872895518,-2.163863012567882],[130.9076832969467,-2.163123706893513],[130.9079767007642,-2.165041462593356],[130.9063405578705,-2.166734089206804]]],[[[130.5046104240318,-2.163220505421906],[130.5047276668485,-2.163580432091264],[130.5041159003287,-2.163401020040981],[130.5043008450081,-2.163057207424115],[130.5046104240318,-2.163220505421906]]],[[[130.5034785301101,-2.163312735394365],[130.5037332316034,-2.163848341028077],[130.5032364586957,-2.163261018081444],[130.5036662357082,-2.162650369418964],[130.5034785301101,-2.163312735394365]]],[[[130.5072426713122,-2.162194852010726],[130.5073197459096,-2.162444091921214],[130.5069375250468,-2.162724549098607],[130.5067742846057,-2.16221442935243],[130.5072426713122,-2.162194852010726]]],[[[130.485495544384,-2.162321711277906],[130.4858995998866,-2.162953488612532],[130.4844972888189,-2.163148246694194],[130.485238849993,-2.161856189811287],[130.485495544384,-2.162321711277906]]],[[[130.485833049156,-2.16184194005338],[130.4857760060579,-2.161813437839813],[130.4858235424226,-2.161666181948688],[130.4858948460703,-2.161713684139135],[130.485833049156,-2.16184194005338]]],[[[130.4724210880628,-2.161517525813109],[130.4733416224181,-2.167458603731534],[130.4599825954205,-2.174059736367687],[130.4585159756319,-2.171553967041875],[130.4517059592626,-2.172881706325638],[130.4724210880628,-2.161517525813109]]],[[[130.4642292579739,-2.161677845256252],[130.4640331733923,-2.16157987221324],[130.4642827361594,-2.161419551870816],[130.4643570111672,-2.161529401360765],[130.4642292579739,-2.161677845256252]]],[[[130.4814840644381,-2.161403926150188],[130.4813485869678,-2.161418175908095],[130.4812879789571,-2.161329109750534],[130.4814484117148,-2.161243605807764],[130.4814840644381,-2.161403926150188]]],[[[130.481148935675,-2.16156424469405],[130.4810776320271,-2.161713876594076],[130.4806426776175,-2.161507242964847],[130.4809136325582,-2.161179477850597],[130.481148935675,-2.16156424469405]]],[[[130.4816516288197,-2.161218666708089],[130.4815838900845,-2.161268544907349],[130.4815268469864,-2.161190166293084],[130.4816231068209,-2.161179477850597],[130.4816516288197,-2.161218666708089]]],[[[130.5045603228007,-2.160979999227555],[130.5053676783757,-2.162244222093149],[130.5029060720576,-2.161821736783656],[130.5036856619638,-2.161103504922737],[130.5045603228007,-2.160979999227555]]],[[[130.468111304793,-2.160877236395356],[130.4665069673228,-2.162516059268674],[130.4652234962674,-2.161988785853699],[130.4655871461299,-2.161340381853075],[130.468111304793,-2.160877236395356]]],[[[130.2908995457775,-2.160794400740931],[130.2907472599782,-2.160451758142104],[130.2911041793145,-2.160399410404404],[130.2910327947278,-2.160680185941802],[130.2908995457775,-2.160794400740931]]],[[[130.4806355477923,-2.161015596192753],[130.4802861593789,-2.160965717993493],[130.4801720722834,-2.160516823192784],[130.4807425041634,-2.160481197449274],[130.4806355477923,-2.161015596192753]]],[[[130.4798533363625,-2.16036447893744],[130.4797548264241,-2.160317365254175],[130.4797990838607,-2.160224566010863],[130.4798776063664,-2.16031022733503],[130.4798533363625,-2.16036447893744]]],[[[130.4812487613214,-2.160456258349599],[130.4811097189384,-2.160335126864579],[130.4811881533107,-2.160199745621652],[130.4813307606061,-2.16037075440674],[130.4812487613214,-2.160456258349599]]],[[[130.4873625180658,-2.160813994270397],[130.4868372456424,-2.161752160733579],[130.4858484977101,-2.161400645423386],[130.4872175338621,-2.160046833894194],[130.4873625180658,-2.160813994270397]]],[[[130.4808607488245,-2.160165901435176],[130.4806230696989,-2.160028145082807],[130.4807514173441,-2.159814385225703],[130.4809463139214,-2.159980642892359],[130.4808607488245,-2.160165901435176]]],[[[130.2887175800523,-2.160351820979736],[130.2882987945539,-2.160180500129874],[130.2884510803532,-2.159685571731698],[130.2887556510525,-2.159952071430896],[130.2887175800523,-2.160351820979736]]],[[[130.2895741860999,-2.160199535180388],[130.2888889009021,-2.159666535781993],[130.2896373050177,-2.159294649028778],[130.2900535328444,-2.159950426570914],[130.2895741860999,-2.160199535180388]]],[[[130.2940982373439,-2.160021267967041],[130.2934955368896,-2.160351820979736],[130.2927150737417,-2.159647499832198],[130.2936599878183,-2.159171055200007],[130.2940982373439,-2.160021267967041]]],[[[130.4873099481956,-2.15941534344333],[130.4870645124174,-2.158992773597548],[130.4877509163717,-2.158712250769737],[130.4877904757499,-2.158952516345527],[130.4873099481956,-2.15941534344333]]],[[[130.4863646591018,-2.159177786625468],[130.486063254016,-2.158951900309861],[130.486459328935,-2.158518312869775],[130.4867075418197,-2.158932099037061],[130.4863646591018,-2.159177786625468]]],[[[130.4870246976317,-2.158513020359612],[130.486905725419,-2.158460671722631],[130.4868819302569,-2.158179895285953],[130.4870009033691,-2.158210828366938],[130.4870246976317,-2.158513020359612]]],[[[130.4920828373531,-2.157915456832862],[130.4923283981371,-2.157913553867344],[130.4925263685971,-2.157976372411577],[130.492162787083,-2.158096297006454],[130.4920828373531,-2.157915456832862]]],[[[130.2897921358984,-2.158311418437167],[130.2895313450956,-2.158564373446994],[130.2886080093522,-2.158385332816762],[130.2892890353608,-2.157791800051514],[130.2897921358984,-2.158311418437167]]],[[[130.2768464490045,-2.157500036597318],[130.2765966047496,-2.157307300191727],[130.2769892163793,-2.156964657592811],[130.2770606000667,-2.157214501847784],[130.2768464490045,-2.157500036597318]]],[[[130.2781741882881,-2.157314439010152],[130.2779243449326,-2.157171670735972],[130.2779029293767,-2.156936105017129],[130.2781384959949,-2.156978935229661],[130.2781741882881,-2.157314439010152]]],[[[130.2636071280666,-2.157112185079216],[130.2632835214174,-2.156940863330162],[130.2632359319927,-2.156512561205728],[130.2637403779162,-2.156607739155783],[130.2636071280666,-2.157112185079216]]],[[[130.2653750899885,-2.156417359873222],[130.2653120322246,-2.156617184735213],[130.2642733773146,-2.156512561205728],[130.264673125964,-2.15606522223222],[130.2653750899885,-2.156417359873222]]],[[[130.4868705088669,-2.155757287168994],[130.4867634328862,-2.155645451975976],[130.486929995423,-2.155412264964054],[130.4870132762418,-2.155493167075997],[130.4868705088669,-2.155757287168994]]],[[[130.4893762197369,-2.155390145238981],[130.4903839820351,-2.155532651810413],[130.4904410251333,-2.156900716694635],[130.4857920085943,-2.15787926361706],[130.4893762197369,-2.155390145238981]]],[[[130.2758134274478,-2.154906263213421],[130.2757542763388,-2.155636919208417],[130.2749904686353,-2.155829654714728],[130.2750083336677,-2.155068658291873],[130.2758134274478,-2.154906263213421]]],[[[130.2637887650395,-2.153448811113703],[130.2646065005896,-2.15467561678622],[130.2625696827447,-2.154485259986741],[130.2625316108453,-2.153476368139787],[130.2637887650395,-2.153448811113703]]],[[[130.2231917589926,-2.150894284143837],[130.2239190587177,-2.151374058965574],[130.2227781958572,-2.152480865399545],[130.2219415628529,-2.152224351772317],[130.2231917589926,-2.150894284143837]]],[[[130.2212903205919,-2.150927535677186],[130.2209860907355,-2.151473813565621],[130.2204394270379,-2.150960787210535],[130.2206438321472,-2.150709023802369],[130.2212903205919,-2.150927535677186]]],[[[130.2218750130215,-2.150875283267675],[130.2217038828281,-2.15076127711116],[130.221737158643,-2.15053801591665],[130.2219368099359,-2.150742276234999],[130.2218750130215,-2.150875283267675]]],[[[130.2147364212489,-2.150592010312982],[130.2145789580526,-2.151319390977038],[130.213877803418,-2.150660294936626],[130.2142313520954,-2.150381218218625],[130.2147364212489,-2.150592010312982]]],[[[130.2221984470008,-2.150444150976741],[130.2218324211294,-2.150292143067903],[130.221827667313,-2.1500451298788],[130.222047282656,-2.150041805085204],[130.2221984470008,-2.150444150976741]]],[[[130.2221699259014,-2.150035629440675],[130.2220415791557,-2.149992876570009],[130.222051085889,-2.149864620655675],[130.2222412304485,-2.149916873065186],[130.2221699259014,-2.150035629440675]]],[[[130.2170261212585,-2.149748460622883],[130.2169280780685,-2.149739553737431],[130.2169548167114,-2.14961486003771],[130.2169934398954,-2.14961486003771],[130.2170261212585,-2.149748460622883]]],[[[130.2175698126968,-2.149647518018474],[130.2175222772314,-2.14976033706982],[130.2173529303935,-2.149671270013068],[130.2174925672283,-2.149582202056946],[130.2175698126968,-2.149647518018474]]],[[[130.2249175040397,-2.149522603085677],[130.2247606352952,-2.149327842305995],[130.2249555318724,-2.149209085930506],[130.2251076468006,-2.149356343620282],[130.2249175040397,-2.149522603085677]]],[[[130.1969542298539,-2.149698167836148],[130.1966214779988,-2.149451154647045],[130.1970445478677,-2.149180391261998],[130.1972346924271,-2.149432153770794],[130.1969542298539,-2.149698167836148]]],[[[130.211433714994,-2.149113312629217],[130.212043362711,-2.149262946327804],[130.2103962426924,-2.149401890684624],[130.2104818068899,-2.149145377057396],[130.211433714994,-2.149113312629217]]],[[[130.2223172870132,-2.148724559990425],[130.2223695771943,-2.149608107028447],[130.2215091760078,-2.149342092963183],[130.2215614661888,-2.148995325174033],[130.2223172870132,-2.148724559990425]]],[[[130.2057351932246,-2.148772783437172],[130.2057047700591,-2.148455466646373],[130.2058359685552,-2.148320559346287],[130.2059234348188,-2.148466867351997],[130.2057351932246,-2.148772783437172]]],[[[130.9088202792326,-2.146527427198988],[130.9087014644011,-2.14642285493081],[130.9087569004107,-2.146201164851805],[130.908919362039,-2.146347085249703],[130.9088202792326,-2.146527427198988]]],[[[130.19656126569,-2.145934381866235],[130.1964661938598,-2.146922436421297],[130.1952017380698,-2.146475912233539],[130.1957531546844,-2.145991386293458],[130.19656126569,-2.145934381866235]]],[[[130.4791672705532,-2.14630325589045],[130.4785221104071,-2.146174171700624],[130.4784112365894,-2.14586544973068],[130.4788656990928,-2.145729125998377],[130.4791672705532,-2.14630325589045]]],[[[130.1911421677768,-2.145649366924721],[130.1928059270519,-2.145972385417208],[130.1930436061775,-2.146371405615779],[130.1897255970587,-2.145706369553205],[130.1911421677768,-2.145649366924721]]],[[[130.898216604113,-2.145793939238841],[130.9133228942362,-2.14808205913968],[130.93598883062,-2.163598692825344],[130.9242655112443,-2.16277664142879],[130.898216604113,-2.145793939238841]]],[[[130.2004592143213,-2.145487857678477],[130.1958197054151,-2.149801089848394],[130.1907238517245,-2.14782498523485],[130.1974644494248,-2.147264454890665],[130.2004592143213,-2.145487857678477]]],[[[130.4560023318422,-2.144216914179234],[130.4564515468016,-2.144288168364275],[130.455574508157,-2.145000706617298],[130.4555959003306,-2.144680065032903],[130.4560023318422,-2.144216914179234]]],[[[130.2293858233971,-2.144510368358768],[130.2303341647899,-2.144852386828136],[130.2279811363204,-2.144578060329197],[130.2286406973104,-2.14413272234715],[130.2293858233971,-2.144510368358768]]],[[[130.4545881191465,-2.144784566254623],[130.4540176881659,-2.144442546885974],[130.4539249923446,-2.144271537201606],[130.4547735089904,-2.144171781702278],[130.4545881191465,-2.144784566254623]]],[[[130.4538364846661,-2.144161443096129],[130.4534748070168,-2.144228067571222],[130.4533225212174,-2.144075781771873],[130.4536175752908,-2.144056745822168],[130.4538364846661,-2.144161443096129]]],[[[130.4852500006871,-2.144588065286948],[130.4858774747657,-2.146091523105278],[130.4801232489888,-2.145892012106623],[130.4843515707684,-2.143946779420316],[130.4852500006871,-2.144588065286948]]],[[[130.4681318120336,-2.144025530353913],[130.4771731480224,-2.145545614838243],[130.4574647446023,-2.147027695771511],[130.4565428261906,-2.144377131099676],[130.4681318120336,-2.144025530353913]]],[[[130.4781653628414,-2.143354487719387],[130.4779083815666,-2.143335451769682],[130.4778798280917,-2.143049917019971],[130.4781558462154,-2.143183166869614],[130.4781653628414,-2.143354487719387]]],[[[130.477080328994,-2.143373523669181],[130.476061919622,-2.143563881367941],[130.4757573489226,-2.143478220043773],[130.4769756326195,-2.142945220645379],[130.477080328994,-2.143373523669181]]],[[[130.4792503975879,-2.143149854182338],[130.4789981746261,-2.14308798802019],[130.4789981746261,-2.142988050857822],[130.4794122009123,-2.142949979857603],[130.4792503975879,-2.143149854182338]]],[[[130.4785175238647,-2.143278344819668],[130.4782415057409,-2.1432688272945],[130.4783081311155,-2.142954739069916],[130.478498487915,-2.142897632119992],[130.4785175238647,-2.143278344819668]]],[[[130.227254430148,-2.142088918568666],[130.2267553028151,-2.145473483814156],[130.2122663460151,-2.15048975289969],[130.2143912029917,-2.143571003099323],[130.227254430148,-2.142088918568666]]],[[[130.1855638251106,-2.141638359122913],[130.184812757203,-2.146759145618018],[130.1701146432762,-2.143443462146058],[130.1782242753301,-2.143386458618115],[130.1855638251106,-2.141638359122913]]],[[[130.9314813287004,-2.14153355932625],[130.9316438289995,-2.142352382156679],[130.9307267453431,-2.142352286828578],[130.9307864432399,-2.142014738889022],[130.9314813287004,-2.14153355932625]]],[[[130.2658678447254,-2.142235696020547],[130.2656455467048,-2.14188240994522],[130.2661817072201,-2.141416868693538],[130.2663115000758,-2.141788838184302],[130.2658678447254,-2.142235696020547]]],[[[130.1992470469138,-2.141203708684161],[130.2000551579192,-2.142225018369873],[130.2119510293167,-2.144172627964361],[130.1869233527306,-2.144754536092888],[130.1992470469138,-2.141203708684161]]],[[[130.9247143376966,-2.139751543698745],[130.9246100433189,-2.13974404874884],[130.9244030247798,-2.139567149404423],[130.9248592121829,-2.13945216838283],[130.9247143376966,-2.139751543698745]]],[[[130.9256572399897,-2.139449169143839],[130.9255666036159,-2.139427268853369],[130.9255889436748,-2.13934003101757],[130.9256677656549,-2.139350640319718],[130.9256572399897,-2.139449169143839]]],[[[130.9228135189288,-2.139039008143653],[130.9226805190907,-2.139073184180054],[130.9226273187958,-2.138955467420869],[130.9229237191544,-2.138921289585818],[130.9228135189288,-2.139039008143653]]],[[[130.2611089220391,-2.138952040104483],[130.2608866240185,-2.138598754029244],[130.261422779138,-2.138133212777474],[130.2615525782889,-2.138505182268327],[130.2611089220391,-2.138952040104483]]],[[[130.9227007070721,-2.138345140715606],[130.9226138343611,-2.138330965601545],[130.9225781420677,-2.13810491740796],[130.9227506527206,-2.138122762655284],[130.9227007070721,-2.138345140715606]]],[[[130.9249127937905,-2.137706099556771],[130.9252044322388,-2.138659094041875],[130.9237103183766,-2.138997237332577],[130.9240865182783,-2.137755502914088],[130.9249127937905,-2.137706099556771]]],[[[130.9224829191515,-2.139779491929941],[130.9242435956654,-2.139340342182974],[130.9229465547397,-2.14009398125217],[130.9215124292553,-2.139979823110297],[130.9197485151819,-2.137839461821647],[130.9224829191515,-2.139779491929941]]],[[[130.9178975943985,-2.1365480326655],[130.9180088926963,-2.136837382339232],[130.9175493238423,-2.136864517583417],[130.9176255557749,-2.136566964293943],[130.9178975943985,-2.1365480326655]]],[[[130.921182064201,-2.136858758325014],[130.920598384408,-2.137440367878598],[130.9202858457153,-2.137154736901506],[130.9215070207325,-2.136469637863472],[130.921182064201,-2.136858758325014]]],[[[130.9202216826845,-2.136947758831978],[130.9200540301694,-2.137274784703516],[130.9192695812262,-2.136951898411324],[130.9196442927499,-2.13640936709856],[130.9202216826845,-2.136947758831978]]],[[[130.2083653333934,-2.137020392577041],[130.2078091620633,-2.136934887734812],[130.2080587257297,-2.135930202017169],[130.2087075919818,-2.136386229340983],[130.2083653333934,-2.137020392577041]]],[[[130.487457475682,-2.13590312702763],[130.4872861548322,-2.135836501653168],[130.4875716895818,-2.135474824003916],[130.4876383149563,-2.135769877178076],[130.487457475682,-2.13590312702763]]],[[[130.2089001116509,-2.135474172894705],[130.2107611444113,-2.135780567419213],[130.2115454881339,-2.135709313234171],[130.2094206311573,-2.136599992795388],[130.2089001116509,-2.135474172894705]]],[[[130.4846592297397,-2.136293358151933],[130.4843927300406,-2.136226732777471],[130.4845259798902,-2.135379645154403],[130.4848305505895,-2.135493859054252],[130.4846592297397,-2.136293358151933]]],[[[130.2081157688278,-2.135367292066784],[130.2065827350053,-2.137711560240321],[130.2013133751122,-2.135923075789295],[130.2055702188905,-2.136635620337549],[130.2081157688278,-2.135367292066784]]],[[[130.9092498592936,-2.135071510441813],[130.9098304481168,-2.135099097145579],[130.9097850764202,-2.135728889676416],[130.9085191529366,-2.135914706698275],[130.9092498592936,-2.135071510441813]]],[[[130.1904395391535,-2.134650741938129],[130.1903183222329,-2.13480750096531],[130.1901448160305,-2.134717245904108],[130.1902280042191,-2.134667367704848],[130.1904395391535,-2.134650741938129]]],[[[130.4974435701648,-2.134924756372383],[130.4971167601304,-2.134924756372383],[130.4969682101149,-2.134598172967264],[130.4971345855927,-2.134520980558799],[130.4974435701648,-2.134924756372383]]],[[[130.1934129010845,-2.13489701318659],[130.1972704431764,-2.134576368004984],[130.1976697448629,-2.13677812780835],[130.1940332453381,-2.136514487053878],[130.1922862987737,-2.134355479221897],[130.1934129010845,-2.13489701318659]]],[[[130.908834960665,-2.134386308880989],[130.9087178860217,-2.134319237442808],[130.908778074049,-2.133997772079413],[130.908870149338,-2.134121591638108],[130.908834960665,-2.134386308880989]]],[[[130.4974214612315,-2.130460770847867],[130.4975937776308,-2.130529057270072],[130.4974868230585,-2.130739852062449],[130.4973501566844,-2.130632970335247],[130.4974214612315,-2.130460770847867]]],[[[130.1203466369878,-2.130980192281998],[130.1233295182427,-2.132714052811282],[130.1242921210846,-2.132595294637055],[130.1225095226964,-2.134186644997607],[130.1178747676065,-2.131930253178618],[130.1203466369878,-2.130980192281998]]],[[[130.8941656520232,-2.13053913327437],[130.8938377340243,-2.130352827920559],[130.8940559122506,-2.130121916193486],[130.8943128458613,-2.130319292201557],[130.8941656520232,-2.13053913327437]]],[[[130.8947781955574,-2.130129062206423],[130.894644262223,-2.130129062206423],[130.89463340201,-2.130022351350361],[130.8947582872652,-2.13000245474946],[130.8947781955574,-2.130129062206423]]],[[[130.9076841486046,-2.129982477209483],[130.9076434443895,-2.130241272416791],[130.906140525265,-2.130558457007117],[130.9068820486677,-2.129765979816048],[130.9076841486046,-2.129982477209483]]],[[[130.4522822673129,-2.130044665328937],[130.4520752541697,-2.129751990861608],[130.4524857110468,-2.129616362305223],[130.4525071257034,-2.129873342680602],[130.4522822673129,-2.130044665328937]]],[[[130.4507189164449,-2.128979689960689],[130.4506743010782,-2.12880123029249],[130.4509360415651,-2.128845844759899],[130.4509271193911,-2.128923178361999],[130.4507189164449,-2.128979689960689]]],[[[130.9097212866081,-2.129528181979959],[130.9086695654481,-2.12998682273369],[130.9081281061273,-2.129483102563048],[130.908374428637,-2.128724851770494],[130.9097212866081,-2.129528181979959]]],[[[130.8952859599791,-2.12925231044572],[130.8949518744295,-2.128987048213629],[130.8949399979825,-2.127739210096438],[130.8957925615775,-2.128440672299162],[130.8952859599791,-2.12925231044572]]],[[[130.5492506605896,-2.12779193195203],[130.5491983128519,-2.127770517295493],[130.5492137793925,-2.127715789052401],[130.5492732659485,-2.127732445395994],[130.5492506605896,-2.12779193195203]]],[[[130.4742101669656,-2.128651178409127],[130.473876379991,-2.128316173752312],[130.4746482564119,-2.127481208990536],[130.4748847691168,-2.128159812225563],[130.4742101669656,-2.128651178409127]]],[[[130.8945160413823,-2.127781910806517],[130.8946380434111,-2.127354903705816],[130.8947966460485,-2.12729695319174],[130.8948698472657,-2.127568407256122],[130.8945160413823,-2.127781910806517]]],[[[130.2841614625816,-2.127429962922436],[130.2836979879718,-2.127629475719653],[130.2835125981279,-2.127429962922436],[130.2837443354327,-2.127137818155747],[130.2841614625816,-2.127429962922436]]],[[[130.4495607587221,-2.126972233181926],[130.4494789051274,-2.126995075961949],[130.4494389302625,-2.126936065147225],[130.449595022892,-2.126869439772763],[130.4495607587221,-2.126972233181926]]],[[[130.547653943075,-2.126884167070633],[130.547613493368,-2.126871080136164],[130.5476515643683,-2.126811593580127],[130.5476729790248,-2.126829439726821],[130.547653943075,-2.126884167070633]]],[[[130.292996653273,-2.126704510404823],[130.2931749123924,-2.127158758869621],[130.2924351336745,-2.127218138406286],[130.2924856413993,-2.126912335635714],[130.292996653273,-2.126704510404823]]],[[[130.2853308483401,-2.126738790762575],[130.2855055416475,-2.126902676917],[130.2848495455702,-2.126628345921391],[130.285006415214,-2.126500088208408],[130.2853308483401,-2.126738790762575]]],[[[130.9312624651907,-2.127434586336976],[130.9304997609553,-2.127524173202014],[130.930824857781,-2.12647375965618],[130.9316497897061,-2.126930017206499],[130.9312624651907,-2.127434586336976]]],[[[130.5490975024479,-2.127438474106283],[130.5485417250206,-2.126759577692352],[130.5481185544278,-2.126566584080505],[130.548781757672,-2.126274231570482],[130.5490975024479,-2.127438474106283]]],[[[130.1934353616526,-2.127002832614602],[130.1925606999164,-2.128817454062196],[130.1922944987922,-2.12889345936558],[130.1918286472743,-2.12660380702008],[130.1934353616526,-2.127002832614602]]],[[[130.1726450279456,-2.126156287282813],[130.1725594628489,-2.126042279327647],[130.1727341579551,-2.125999525557612],[130.1727163315935,-2.126088595312384],[130.1726450279456,-2.126156287282813]]],[[[130.8922759632652,-2.126244237381661],[130.8928621440728,-2.126431650700036],[130.8925079721652,-2.129081430263716],[130.8901820870337,-2.12665777893333],[130.8922759632652,-2.126244237381661]]],[[[130.4082550743122,-2.126095110001261],[130.4081600015828,-2.126106986448198],[130.407925292918,-2.12591400362834],[130.4085165216202,-2.125911034966224],[130.4082550743122,-2.126095110001261]]],[[[130.5511489954299,-2.125640185246327],[130.5509824328931,-2.125545007296184],[130.5511799276116,-2.125404617728835],[130.5512227578241,-2.125518833427334],[130.5511489954299,-2.125640185246327]]],[[[130.5490890955853,-2.125773435095882],[130.5490224711103,-2.125655414365804],[130.5493003921993,-2.125356552562765],[130.54922805613,-2.125655414365804],[130.5490890955853,-2.125773435095882]]],[[[130.4068379091423,-2.125994165598202],[130.4067012427682,-2.125881345647576],[130.4068260246014,-2.125343964752149],[130.4072687032881,-2.125602264432905],[130.4068379091423,-2.125994165598202]]],[[[130.3580332233547,-2.125432886118775],[130.3582114833734,-2.125524922736924],[130.3582827870211,-2.125682278014621],[130.3578252533329,-2.125388350791704],[130.3580332233547,-2.125432886118775]]],[[[130.1730514603567,-2.125618312834801],[130.1730585910811,-2.12606365531334],[130.1726378981206,-2.125326168068201],[130.1726806797696,-2.125336855611318],[130.1730514603567,-2.125618312834801]]],[[[130.5448985183521,-2.125251391238672],[130.5448356998078,-2.125184290122808],[130.5449296888541,-2.125137653080136],[130.5449515180981,-2.125195882384004],[130.5448985183521,-2.125251391238672]]],[[[130.4015735773588,-2.125341417872109],[130.4023008770839,-2.125327167214921],[130.4030234229927,-2.125716694170057],[130.4009128265658,-2.126471995186366],[130.4015735773588,-2.125341417872109]]],[[[130.5501451002162,-2.124986784612373],[130.5498286323856,-2.125139071311002],[130.5497477302736,-2.125120035361297],[130.5499618822352,-2.12487970863158],[130.5501451002162,-2.124986784612373]]],[[[130.9263688573369,-2.125107953868868],[130.9263747901645,-2.124953964753631],[130.9265722381184,-2.124870568821605],[130.9265631666569,-2.124964508405272],[130.9263688573369,-2.125107953868868]]],[[[130.353282598713,-2.125040984054108],[130.3530924550528,-2.125023170283027],[130.3529379641158,-2.124904412108888],[130.353454916911,-2.124850970795558],[130.353282598713,-2.125040984054108]]],[[[130.3461813234094,-2.124760418058782],[130.3459198752022,-2.125063251267958],[130.3457237897212,-2.125202791875294],[130.3456108924288,-2.124819796696256],[130.3461813234094,-2.124760418058782]]],[[[130.3551780952929,-2.125717904657501],[130.3541144779009,-2.125391320353101],[130.3538767987754,-2.124856909019071],[130.3549522989096,-2.124880660114384],[130.3551780952929,-2.125717904657501]]],[[[130.2870308520923,-2.124867758440255],[130.287170488927,-2.125550617267161],[130.2864069429262,-2.125995959745699],[130.2861187560758,-2.124891508636109],[130.2870308520923,-2.124867758440255]]],[[[130.1736005000631,-2.125468677337564],[130.1734685884047,-2.12485944780523],[130.1737110213467,-2.124642121236844],[130.1739249331891,-2.124977018874288],[130.1736005000631,-2.125468677337564]]],[[[130.2862762192721,-2.12481728488976],[130.2862346247282,-2.124529296789548],[130.2864425938507,-2.124478825037704],[130.28653172386,-2.124659931410624],[130.2862762192721,-2.12481728488976]]],[[[130.404453261409,-2.12444499524034],[130.4045766699774,-2.124473311294286],[130.40451962598,-2.124570692583363],[130.4044649597902,-2.124561192145238],[130.404453261409,-2.12444499524034]]],[[[130.2912831803746,-2.124392487423313],[130.2920176099249,-2.124858019681833],[130.2919867119173,-2.125157289777027],[130.2909813274264,-2.125024280945789],[130.2912831803746,-2.124392487423313]]],[[[130.4041737638083,-2.124538694704972],[130.4040430401542,-2.124543444923946],[130.4040002576059,-2.124403309864833],[130.4042141694484,-2.124362933002891],[130.4041737638083,-2.124538694704972]]],[[[130.4032825095802,-2.12441754433417],[130.4031375253766,-2.124327288373598],[130.4032088290243,-2.124132524896075],[130.4033229161197,-2.124351040368191],[130.4032825095802,-2.12441754433417]]],[[[130.5479548508357,-2.124479513019109],[130.547237197239,-2.124980072971974],[130.5450037282395,-2.12510470371903],[130.5478310816392,-2.12381170344729],[130.5479548508357,-2.124479513019109]]],[[[130.5487257910625,-2.123924553974879],[130.5486382267729,-2.123924553974879],[130.5485639877379,-2.123814146905348],[130.5487029491818,-2.123802726414661],[130.5487257910625,-2.123924553974879]]],[[[130.2961339310362,-2.123870109917616],[130.296007820005,-2.123920078948485],[130.2959197799739,-2.123839176836453],[130.2961172746925,-2.123729722148918],[130.2961339310362,-2.123870109917616]]],[[[130.3951998392013,-2.123695994874167],[130.3959746752911,-2.124954831700057],[130.3922383492205,-2.125163845834768],[130.3925853616252,-2.124698313576248],[130.3951998392013,-2.123695994874167]]],[[[130.4608102019293,-2.125500569995234],[130.4604857346291,-2.125119359970443],[130.4621852212711,-2.123694111693888],[130.4620742854,-2.124704544079384],[130.4608102019293,-2.125500569995234]]],[[[130.3859869827131,-2.123575211426834],[130.3914346026248,-2.126197390796916],[130.3749396288609,-2.125855366931598],[130.3754625252754,-2.125180821437736],[130.3859869827131,-2.123575211426834]]],[[[130.4548170973312,-2.123550528633958],[130.4740182804194,-2.132657542111785],[130.4956599816229,-2.132937152127814],[130.4931690978756,-2.135901337376803],[130.4847448901646,-2.134532556632143],[130.4836122668927,-2.135969752402092],[130.4901267966144,-2.13846649343388],[130.5004896341893,-2.139435550710081],[130.4777012200353,-2.139720803072612],[130.4635922330951,-2.135552983183578],[130.4514990882124,-2.127847987594558],[130.4548170973312,-2.123550528633958]]],[[[130.5481353276834,-2.123315292966391],[130.5479747150611,-2.123121962108845],[130.5483405565715,-2.122973245718621],[130.5483554277608,-2.123065449610786],[130.5481353276834,-2.123315292966391]]],[[[130.4414024526611,-2.123705705753645],[130.4440937125548,-2.124538652436827],[130.4476391692124,-2.129700610794474],[130.4389659743003,-2.127465389016406],[130.4414024526611,-2.123705705753645]]],[[[130.5505306917381,-2.122734506292348],[130.5503974418885,-2.12263456912998],[130.5507234281438,-2.122572702967831],[130.5506687008,-2.122694054786736],[130.5505306917381,-2.122734506292348]]],[[[130.549811015566,-2.122932469557773],[130.5492768236665,-2.122702461649231],[130.5491720868224,-2.122233389659181],[130.5497382882915,-2.122388446269754],[130.549811015566,-2.122932469557773]]],[[[130.3347306380086,-2.122349102728796],[130.3367013619784,-2.124631062273677],[130.3242485350419,-2.124616965400586],[130.3294684088401,-2.122726755035645],[130.3347306380086,-2.122349102728796]]],[[[130.2806255018655,-2.122712415345587],[130.2830141830582,-2.129723889745685],[130.2720333799367,-2.12862656666262],[130.2772813476561,-2.127657503091276],[130.2806255018655,-2.122712415345587]]],[[[130.4460704826668,-2.123468190304648],[130.4456901962457,-2.123515693394465],[130.4446348975825,-2.121919581123757],[130.4460324539347,-2.122052590854276],[130.4460704826668,-2.123468190304648]]],[[[130.8762947236227,-2.122429395999761],[130.876043028563,-2.12220267061676],[130.8763939835955,-2.121713795555172],[130.8764613392195,-2.12176693379689],[130.8762947236227,-2.122429395999761]]],[[[130.8864928881363,-2.122078765622495],[130.8862990986246,-2.121879403011986],[130.8862988252307,-2.121653186645192],[130.8867009867612,-2.121799069271527],[130.8864928881363,-2.122078765622495]]],[[[130.4158826616556,-2.125185512301522],[130.4133157213436,-2.123256879301463],[130.4133347348102,-2.122031293109641],[130.4150555371833,-2.122515827143692],[130.4158826616556,-2.125185512301522]]],[[[130.5486848251446,-2.121373812251617],[130.5485591898549,-2.12136429382708],[130.5485782249052,-2.121250079927231],[130.5486943426698,-2.121227237147208],[130.5486848251446,-2.121373812251617]]],[[[130.3120777786667,-2.122363898375193],[130.3141741136445,-2.123803248920789],[130.3084769309657,-2.125876766299653],[130.308683712983,-2.122755801339141],[130.3120777786667,-2.122363898375193]]],[[[130.8776134651894,-2.120675822331267],[130.8783153761538,-2.121008824197792],[130.8783295557645,-2.121919264562314],[130.8764542489645,-2.121387879447026],[130.8776134651894,-2.120675822331267]]],[[[130.8851788248429,-2.11970954216161],[130.884853554448,-2.1204517724313],[130.8838748798219,-2.12039006814704],[130.8845030580698,-2.119642916787148],[130.8851788248429,-2.11970954216161]]],[[[130.2582880086848,-2.12000051241368],[130.2576634007455,-2.119738771027427],[130.2577050411547,-2.119179596860901],[130.2578359122975,-2.119167699729532],[130.2582880086848,-2.12000051241368]]],[[[130.4120262554075,-2.119763944850186],[130.4115386259069,-2.119441722257667],[130.4119730982798,-2.118902813414072],[130.4123830956034,-2.119159554569785],[130.4120262554075,-2.119763944850186]]],[[[130.8845982360199,-2.118995704388185],[130.8845792000701,-2.119214613763345],[130.8840319239342,-2.119095640651272],[130.8844459511198,-2.118852936114093],[130.8845982360199,-2.118995704388185]]],[[[130.8860416416086,-2.119118551779733],[130.8858006502799,-2.118730038360519],[130.8858263771857,-2.118584900372847],[130.8860472317944,-2.118665606432549],[130.8860416416086,-2.119118551779733]]],[[[130.426170510161,-2.1187165062617],[130.4259779895926,-2.118673753390945],[130.4259851203172,-2.118588246750155],[130.4261205977874,-2.118609623635129],[130.426170510161,-2.1187165062617]]],[[[130.4322099523276,-2.118531243222302],[130.4330727304223,-2.118916020857656],[130.4311903063876,-2.119657073914796],[130.4312972618592,-2.118609623635129],[130.4322099523276,-2.118531243222302]]],[[[130.4397208688231,-2.118392652299031],[130.4374747958253,-2.126290081222207],[130.4309977858192,-2.122093998339361],[130.4361794995843,-2.123931826792338],[130.4397208688231,-2.118392652299031]]],[[[130.4285734519034,-2.120975293874652],[130.4278247609041,-2.120341123444083],[130.4286376257258,-2.117555047127675],[130.4302277026464,-2.118616748963722],[130.4285734519034,-2.120975293874652]]],[[[130.2586330308898,-2.118947599651991],[130.2589185656393,-2.117680536727365],[130.2600077183816,-2.117623446864483],[130.2596324052114,-2.118388427284026],[130.2586330308898,-2.118947599651991]]],[[[130.319138254427,-2.116973496929278],[130.3192957158247,-2.117080379555849],[130.3188649216788,-2.1176415151438],[130.3186628943771,-2.117145698215397],[130.319138254427,-2.116973496929278]]],[[[130.3159242294197,-2.119051179967959],[130.3134998964032,-2.120405028369346],[130.3172005697505,-2.116664131044812],[130.3182416069646,-2.116942026053595],[130.3159242294197,-2.119051179967959]]],[[[130.4253719058888,-2.117070511295063],[130.4251318597476,-2.117070007674629],[130.4249817655961,-2.116492837174613],[130.4253433847894,-2.116578850133768],[130.4253719058888,-2.117070511295063]]],[[[130.4248263951221,-2.116453151891376],[130.424883502072,-2.116542620045861],[130.424679820917,-2.116548329841519],[130.4246950491373,-2.116458861687034],[130.4248263951221,-2.116453151891376]]],[[[130.3939441922708,-2.115722748605878],[130.395724028841,-2.116369962803491],[130.3992932213051,-2.121024188215673],[130.3918312306269,-2.114875660982898],[130.3939441922708,-2.115722748605878]]],[[[130.8806956280009,-2.115407678321704],[130.8803028239163,-2.11497072831637],[130.8804959344399,-2.114772340571028],[130.8807174698354,-2.115018826757423],[130.8806956280009,-2.115407678321704]]],[[[130.5327914753464,-2.112793188155118],[130.5327096217516,-2.112713238425171],[130.5329266281615,-2.112623770270686],[130.5329285320262,-2.112705622966063],[130.5327914753464,-2.112793188155118]]],[[[130.4223203119329,-2.112189592875405],[130.4210051100978,-2.114027597595472],[130.4196409401773,-2.113382513891862],[130.4198496782201,-2.112647842423934],[130.4223203119329,-2.112189592875405]]],[[[130.4206151433742,-2.111796169157889],[130.4200733791831,-2.111917356400886],[130.4199771975897,-2.111745032807002],[130.4204193285892,-2.111437727269275],[130.4206151433742,-2.111796169157889]]],[[[130.4072851590829,-2.111047720975437],[130.4054667290065,-2.113002464891769],[130.4032642614365,-2.111590114691955],[130.4051538296856,-2.109153735256688],[130.4072851590829,-2.111047720975437]]],[[[130.8754366579754,-2.107011355889268],[130.8754428471098,-2.106338544288347],[130.8751437919525,-2.105811445341901],[130.8762634541952,-2.106285975317482],[130.8754366579754,-2.107011355889268]]],[[[130.4156444986947,-2.105559966119477],[130.4177476721175,-2.11218881316311],[130.4087648891883,-2.113770026365527],[130.4081235475637,-2.111683736814898],[130.4156444986947,-2.105559966119477]]],[[[130.8711146358319,-2.103994878660645],[130.8696944048729,-2.103928595028639],[130.8694950350679,-2.103325349585175],[130.8709615289515,-2.103200334827518],[130.8711146358319,-2.103994878660645]]],[[[130.2465959380521,-2.103465358739223],[130.2463176068721,-2.103329689713343],[130.2466591846737,-2.103025654110604],[130.2467944822796,-2.103225389939725],[130.2465959380521,-2.103465358739223]]],[[[130.8698537602429,-2.102945854567542],[130.8695236883676,-2.102614761961677],[130.8699032966998,-2.101951321296339],[130.8700306721778,-2.102435654781567],[130.8698537602429,-2.102945854567542]]],[[[130.8605737783572,-2.100600357020779],[130.8604299228027,-2.100546447160736],[130.8604793729248,-2.100384719379258],[130.8605445575853,-2.100389210593592],[130.8605737783572,-2.100600357020779]]],[[[130.8644263561914,-2.100431148678508],[130.8643454540795,-2.10075475532763],[130.8634127051324,-2.101411487050411],[130.8630795809581,-2.100374041728584],[130.8644263561914,-2.100431148678508]]],[[[130.8631043941525,-2.100267858774599],[130.862963378657,-2.100172331887576],[130.8629997697236,-2.100095000983496],[130.8631134916943,-2.100185979099559],[130.8631043941525,-2.100267858774599]]],[[[130.8656612962319,-2.099866027295219],[130.8662847152675,-2.10051204989117],[130.8646646612453,-2.100754588953071],[130.86489034971,-2.100098023604849],[130.8656612962319,-2.099866027295219]]],[[[130.8609963742833,-2.100483407383338],[130.8607491452569,-2.1000600488321],[130.8616406926639,-2.09966586338888],[130.8616714827527,-2.100024594859098],[130.8609963742833,-2.100483407383338]]],[[[130.855953683116,-2.099132378356463],[130.8558126019701,-2.099087503985045],[130.8557826221703,-2.098989111857977],[130.855981650233,-2.098930483255204],[130.855953683116,-2.099132378356463]]],[[[130.8601618591826,-2.099188828801315],[130.8597193747494,-2.099210801037612],[130.8596924751277,-2.099004442600874],[130.8599616134378,-2.098921028682435],[130.8601618591826,-2.099188828801315]]],[[[130.8563769418424,-2.099084079366678],[130.8562008087204,-2.09895252114192],[130.85631855156,-2.098782963862591],[130.8564891781331,-2.099008647830727],[130.8563769418424,-2.099084079366678]]],[[[130.4399287354229,-2.092933282245182],[130.4401954788383,-2.093083169552548],[130.4399984526664,-2.093372897840931],[130.4396941931326,-2.093013928949608],[130.4399287354229,-2.092933282245182]]],[[[130.2025424956397,-2.090311648763501],[130.202321453972,-2.090311648763501],[130.2023071934223,-2.090265331879484],[130.2025460623509,-2.090154885239739],[130.2025424956397,-2.090311648763501]]],[[[130.1942914101205,-2.089969312833498],[130.1935783709451,-2.091667591685978],[130.1919383807517,-2.091994184084259],[130.1919740325756,-2.090491861210333],[130.1942914101205,-2.089969312833498]]],[[[130.201408764403,-2.090799755804065],[130.2008383334224,-2.090229704337323],[130.2013224348825,-2.089737561139485],[130.2017011097185,-2.090169135896838],[130.201408764403,-2.090799755804065]]],[[[130.2035407512047,-2.089859170164557],[130.2034908379319,-2.090154885239739],[130.2029275376758,-2.090162010568333],[130.2032733620761,-2.089673904427139],[130.2035407512047,-2.089859170164557]]],[[[130.1822851451434,-2.088392034165024],[130.1829340113956,-2.088344530175926],[130.1817693803526,-2.088909832322885],[130.1819809152871,-2.088323153290863],[130.1822851451434,-2.088392034165024]]],[[[130.1888511187842,-2.087507407940484],[130.1885316777948,-2.087735429246587],[130.1884147389491,-2.087702650756709],[130.1885644769691,-2.087493156384015],[130.1888511187842,-2.087507407940484]]],[[[130.1880924453102,-2.087159675178876],[130.1883106352277,-2.087179626638472],[130.1883491388017,-2.087406223418478],[130.1880425329366,-2.087377721204822],[130.1880924453102,-2.087159675178876]]],[[[130.497438871207,-2.087109444445259],[130.4973617768246,-2.08706946868096],[130.4973860468286,-2.086998084993555],[130.4974402993304,-2.087032350062914],[130.497438871207,-2.087109444445259]]],[[[130.4189862589088,-2.087807598042149],[130.4157672930262,-2.099825276315384],[130.4082794576309,-2.103946240626422],[130.4058985079099,-2.098509304660626],[130.4189862589088,-2.087807598042149]]],[[[130.1668603169501,-2.086637238317815],[130.1687617553508,-2.086936514708329],[130.1685383358756,-2.088086121677149],[130.1666844338395,-2.087302298662122],[130.1668603169501,-2.086637238317815]]],[[[130.1685977558818,-2.086112313932079],[130.1686509957469,-2.086490449174841],[130.1680539448337,-2.086247225728835],[130.1681471145976,-2.086089510722269],[130.1685977558818,-2.086112313932079]]],[[[130.1664583442772,-2.086098937415917],[130.1664345491153,-2.086053726698081],[130.166494034772,-2.086025173223119],[130.166488086656,-2.086083469976144],[130.1664583442772,-2.086098937415917]]],[[[130.1665137802867,-2.085855790412319],[130.1655578324282,-2.087413935104967],[130.1647663588805,-2.087029149375732],[130.1655221797049,-2.085767905963978],[130.1665137802867,-2.085855790412319]]],[[[130.1676679531137,-2.086009703984606],[130.1669016740731,-2.086224424317676],[130.1667761790775,-2.085823486764474],[130.1670271681693,-2.085667672025407],[130.1676679531137,-2.086009703984606]]],[[[130.1373552351561,-2.085262046306349],[130.1371648783566,-2.085262046306349],[130.1371886726192,-2.084771878019678],[130.137436137268,-2.084919403707522],[130.1373552351561,-2.085262046306349]]],[[[130.4981907431084,-2.085071506944372],[130.4977379632364,-2.084975310062445],[130.4977522237862,-2.084750851870323],[130.4981871781957,-2.084697408758343],[130.4981907431084,-2.085071506944372]]],[[[130.4984973498729,-2.084544207449104],[130.4987932610003,-2.084558458106292],[130.4989857806693,-2.084757977198828],[130.498504479698,-2.084871987851924],[130.4984973498729,-2.084544207449104]]],[[[130.1390303753516,-2.084867055969822],[130.1389209197647,-2.084867055969822],[130.1387543581272,-2.084638628170124],[130.1390827239887,-2.084529171683849],[130.1390303753516,-2.084867055969822]]],[[[130.1315007439642,-2.084585893723981],[130.1320691649601,-2.084622650814685],[130.1325503975828,-2.085067175809455],[130.1307915682764,-2.084492372325089],[130.1315007439642,-2.084585893723981]]],[[[130.1371791550941,-2.084614833008105],[130.1367508520703,-2.084729046907954],[130.1365509768461,-2.084581521220199],[130.136893619445,-2.084234119409059],[130.1371791550941,-2.084614833008105]]],[[[130.1263374501133,-2.08634504588712],[130.1253487021808,-2.085480464651626],[130.1267666668483,-2.08393288969109],[130.12672249125,-2.085532719759156],[130.1263374501133,-2.08634504588712]]],[[[130.1406444893517,-2.085138756448471],[130.1402261724001,-2.085043746671536],[130.1395891906886,-2.084131661446945],[130.14073005265,-2.083922641017002],[130.1406444893517,-2.085138756448471]]],[[[130.5016509925993,-2.083767252556681],[130.5012464847375,-2.083576895757025],[130.5017937608734,-2.083032594578496],[130.5021090389011,-2.08354715337842],[130.5016509925993,-2.083767252556681]]],[[[130.1531562983246,-2.082275038961859],[130.1599175390633,-2.084889580389751],[130.1600833092972,-2.08584381234205],[130.1531156894375,-2.086646093942049],[130.1531562983246,-2.082275038961859]]],[[[130.1481955731672,-2.081818189657694],[130.1480137491353,-2.081771872773677],[130.1480173140478,-2.08153672613898],[130.1482633119024,-2.081711305232472],[130.1481955731672,-2.081818189657694]]],[[[130.1508979918488,-2.081657862120581],[130.1508587751124,-2.081686365233518],[130.1507054712805,-2.081515349253918],[130.1508552101999,-2.081533163024998],[130.1508979918488,-2.081657862120581]]],[[[130.120850518137,-2.081216125923449],[130.1212117910913,-2.081230378379198],[130.1213781665693,-2.081410894796923],[130.1206841417599,-2.081486901898957],[130.120850518137,-2.081216125923449]]],[[[130.1505698364288,-2.080892988720409],[130.1503524109351,-2.081326289276733],[130.1496751297035,-2.081162627053581],[130.1503061686948,-2.080703020428023],[130.1505698364288,-2.080892988720409]]],[[[130.149254436743,-2.081062867057584],[130.1482383557156,-2.081501096798169],[130.1476488815908,-2.081095062786867],[130.1482870522058,-2.080624426875735],[130.149254436743,-2.081062867057584]]],[[[130.4119524039803,-2.078008299943049],[130.412501773738,-2.078301788296846],[130.4118889837896,-2.078868799155734],[130.4114820594496,-2.078367238257409],[130.4119524039803,-2.078008299943049]]],[[[130.3994958412601,-2.075881772026092],[130.3987138636539,-2.076963103364518],[130.397714703371,-2.07564621979717],[130.3987958620395,-2.074850888157956],[130.3994958412601,-2.075881772026092]]],[[[130.8558113168389,-2.073788873357765],[130.8557396678515,-2.073994336969045],[130.855389129205,-2.07379855006298],[130.8556273434273,-2.073565351359788],[130.8558113168389,-2.073788873357765]]],[[[130.4033403962424,-2.073541039986962],[130.4031858981108,-2.073298539595905],[130.4033005113096,-2.073171150628086],[130.4034311540245,-2.073282409355651],[130.4033403962424,-2.073541039986962]]],[[[130.8539367645701,-2.072334154297709],[130.8538400137057,-2.072302951420005],[130.8538446811872,-2.072087020599492],[130.854005396332,-2.072149465925024],[130.8539367645701,-2.072334154297709]]],[[[130.8498342714346,-2.071346894743334],[130.8493309910325,-2.071138275411036],[130.8492824168501,-2.071027585954235],[130.8497650434221,-2.070924728693216],[130.8498342714346,-2.071346894743334]]],[[[130.1608197344433,-2.068204272309318],[130.160493240071,-2.068055251049008],[130.1606153302334,-2.067752973620765],[130.1609052986407,-2.067793354080008],[130.1608197344433,-2.068204272309318]]],[[[130.4227709909885,-2.068354462688296],[130.4219892768837,-2.068446306851504],[130.4218531887738,-2.068309717819153],[130.4227363068352,-2.06757410476113],[130.4227709909885,-2.068354462688296]]],[[[130.1619465337056,-2.067797153715636],[130.1617517369532,-2.067679972952321],[130.1621081562664,-2.067243720821013],[130.1623648497581,-2.067640388393135],[130.1619465337056,-2.067797153715636]]],[[[130.8418929645888,-2.067767513859645],[130.8415394320992,-2.06779336487182],[130.841548054799,-2.067224633609912],[130.8418498510899,-2.067328040356722],[130.8418929645888,-2.067767513859645]]],[[[130.1611619930317,-2.067311178068357],[130.1610645442934,-2.067007146062918],[130.1613854116075,-2.066909760277172],[130.1614519623382,-2.067149660728232],[130.1611619930317,-2.067311178068357]]],[[[130.1594097359707,-2.069533835418083],[130.1655647086444,-2.070115798405306],[130.1643451712927,-2.066201187135055],[130.1695914249044,-2.067825519232239],[130.1642246153737,-2.074856617738677],[130.1517511831706,-2.074685599960427],[130.1532913477176,-2.065669166199038],[130.1594097359707,-2.069533835418083]]],[[[130.4111107167862,-2.065811097204387],[130.4109631901991,-2.068090621385002],[130.4089644433544,-2.067481479086977],[130.4092190459223,-2.065418485574602],[130.4111107167862,-2.065811097204387]]],[[[130.1764573970912,-2.063224137983502],[130.1781848265686,-2.063659232687412],[130.1788896153636,-2.066507081636429],[130.173041450003,-2.064674103227196],[130.1764573970912,-2.063224137983502]]],[[[130.1434466527409,-2.062954646239826],[130.1429570330407,-2.062574605333703],[130.1431993553661,-2.062323254714363],[130.1433801029096,-2.062650613335107],[130.1434466527409,-2.062954646239826]]],[[[130.4571332832745,-2.062691840955624],[130.4565720946265,-2.062173369205558],[130.4563708893052,-2.061509316102031],[130.4568656774092,-2.061724474404938],[130.4571332832745,-2.062691840955624]]],[[[130.4690776371233,-2.061375977219518],[130.4765029714351,-2.066369817213223],[130.4685357128529,-2.071987990853044],[130.4340048993067,-2.072309932857122],[130.4100053681533,-2.088977230214953],[130.4004919816197,-2.081162950809448],[130.4153280911186,-2.08254228869558],[130.4143819782458,-2.072088427139176],[130.4315300468742,-2.066575262838091],[130.4444165799613,-2.071785235100501],[130.4471941909592,-2.060993262628921],[130.4509194059059,-2.067323924159739],[130.4690776371233,-2.061375977219518]]],[[[130.4477123371547,-2.059306075115222],[130.4485013006945,-2.059481608389449],[130.4478485511698,-2.060659279601998],[130.4470109675822,-2.059866047879735],[130.4477123371547,-2.059306075115222]]],[[[130.2615253719984,-2.058366118101842],[130.261421268277,-2.058377519706747],[130.2614110483812,-2.058274907960625],[130.2614825885507,-2.058290584942471],[130.2615253719984,-2.058366118101842]]],[[[130.2628351779012,-2.058266614412643],[130.2630108703554,-2.058289040806541],[130.2628950008038,-2.058479062158971],[130.2626573207788,-2.058324670147352],[130.2628351779012,-2.058266614412643]]],[[[130.2635218813298,-2.057926812772129],[130.2633257949495,-2.05796244211294],[130.2633644181335,-2.057766483436366],[130.2634089831382,-2.057736792319067],[130.2635218813298,-2.057926812772129]]],[[[130.2611733683564,-2.057164471862885],[130.260775253775,-2.057010079851265],[130.2608940937874,-2.056665665587934],[130.2612506138248,-2.056986326957391],[130.2611733683564,-2.057164471862885]]],[[[130.1692696771539,-2.056681064679358],[130.1691554632541,-2.056683445184751],[130.1691411856173,-2.056642993679228],[130.1693529579727,-2.056600164366065],[130.1692696771539,-2.056681064679358]]],[[[130.1698740602398,-2.056633476153971],[130.1702262203638,-2.056645373285251],[130.1706331078317,-2.056945185671724],[130.1703142603949,-2.057152198814885],[130.1698740602398,-2.056633476153971]]],[[[130.4130775350003,-2.058079333294563],[130.4101396279416,-2.059028028120993],[130.4095661878293,-2.057301687722626],[130.4112924571812,-2.056289273231274],[130.4130775350003,-2.058079333294563]]],[[[130.4238394746122,-2.055424352052151],[130.4238427319566,-2.054741031873045],[130.4241128829033,-2.05458160455734],[130.424325722754,-2.055113317025883],[130.4238394746122,-2.055424352052151]]],[[[130.4386425376231,-2.055607721119371],[130.4424967306396,-2.064962455552857],[130.4244430168318,-2.063146836757104],[130.4340815206457,-2.054957236986857],[130.4386425376231,-2.055607721119371]]],[[[130.5799739217591,-2.053288739183914],[130.5796449938215,-2.053079555077344],[130.5799664456949,-2.052347413402325],[130.5800636291333,-2.053027258601039],[130.5799739217591,-2.053288739183914]]],[[[130.4287055461241,-2.052508195097039],[130.428041650402,-2.054163439591042],[130.4247697576183,-2.054654769801781],[130.4270466863555,-2.052841671805686],[130.4287055461241,-2.052508195097039]]],[[[130.5858440161885,-2.052486346067964],[130.5856038306523,-2.05252385139463],[130.585626348777,-2.052088795361565],[130.5859340859894,-2.052186307951745],[130.5858440161885,-2.052486346067964]]],[[[130.3815764016296,-2.052168103874832],[130.3814149139672,-2.052126536310508],[130.3815739545744,-2.051913801680508],[130.3817158693919,-2.052016500660939],[130.3815764016296,-2.052168103874832]]],[[[130.579570236777,-2.051294023100672],[130.5801458613426,-2.051428498726152],[130.5801159588845,-2.051764686890747],[130.5791441263005,-2.051069897657579],[130.579570236777,-2.051294023100672]]],[[[130.58784806004,-2.051248685578313],[130.5868347804009,-2.051023657215969],[130.5867221933746,-2.05054359461119],[130.5876829328212,-2.050348569430829],[130.58784806004,-2.051248685578313]]],[[[130.584905793068,-2.050498588938668],[130.5843578712189,-2.049996022598302],[130.5852960943394,-2.0498009983174],[130.5853636460155,-2.049988522252447],[130.584905793068,-2.050498588938668]]],[[[130.3768446267781,-2.049969867615234],[130.3757619716378,-2.050463606210398],[130.3752979772199,-2.050314889820262],[130.3762438131016,-2.049684332865612],[130.3768446267781,-2.049969867615234]]],[[[130.5793011137555,-2.050233163029949],[130.5786806364023,-2.05003144959173],[130.5786582091091,-2.049650435619091],[130.5791067477782,-2.049792381912832],[130.5793011137555,-2.050233163029949]]],[[[130.3734347240334,-2.050001986002828],[130.3730969521627,-2.050001986002828],[130.3731289518397,-2.049557835125951],[130.3732853934063,-2.049632451876063],[130.3734347240334,-2.050001986002828]]],[[[130.5855963249105,-2.049680981991722],[130.5853411287901,-2.049695983582714],[130.5853411287901,-2.049455952730009],[130.5855587962016,-2.049440951138928],[130.5855963249105,-2.049680981991722]]],[[[130.3797392413729,-2.050703533641121],[130.3805197036215,-2.052207353886251],[130.3764560027424,-2.050803010350569],[130.3775453713219,-2.049371106191503],[130.3797392413729,-2.050703533641121]]],[[[130.2946052562276,-2.049348760736683],[130.2945653263288,-2.049291753611529],[130.2947212426913,-2.049198643202812],[130.2946965248249,-2.049274652103497],[130.2946052562276,-2.049348760736683]]],[[[130.3624800309287,-2.04982253438242],[130.3619560823074,-2.049332258177097],[130.3627499165754,-2.048925612626887],[130.3628966751415,-2.049331454183248],[130.3624800309287,-2.04982253438242]]],[[[130.3752420600731,-2.049656571693406],[130.3745049487444,-2.049782377854362],[130.3745918529317,-2.048767390402675],[130.3750307814455,-2.048855262260465],[130.3752420600731,-2.049656571693406]]],[[[130.5787479173825,-2.049247009641755],[130.5784414158387,-2.049060238439251],[130.5789796618819,-2.048671753798351],[130.5791366502363,-2.048985529958161],[130.5787479173825,-2.049247009641755]]],[[[130.3822179626889,-2.048883355282596],[130.3819060733067,-2.04880132362211],[130.3819251830008,-2.048354525141141],[130.3822682231001,-2.048405174958814],[130.3822179626889,-2.048883355282596]]],[[[130.3685143712413,-2.049731489716391],[130.3744556029438,-2.05185186087469],[130.3778821476431,-2.054510646249311],[130.3645870327654,-2.05591576410116],[130.3685143712413,-2.049731489716391]]],[[[130.3654937346483,-2.048603145418751],[130.3652669274267,-2.048489813753898],[130.365337129405,-2.048230771233042],[130.3656125386878,-2.048252357660177],[130.3654937346483,-2.048603145418751]]],[[[130.3686637576263,-2.047339707661314],[130.3685756492468,-2.047346108136308],[130.3683740752035,-2.047156422231103],[130.3686219508425,-2.047042199338003],[130.3686637576263,-2.047339707661314]]],[[[130.3565290002133,-2.048339560422344],[130.3560366906408,-2.048017022167839],[130.3566412194168,-2.047024157139068],[130.3568977042657,-2.047954447339764],[130.3565290002133,-2.048339560422344]]],[[[130.4196149227905,-2.047255499641556],[130.4173981263225,-2.050021284554562],[130.4167484246002,-2.051644704739244],[130.4175022920972,-2.047422504644805],[130.4196149227905,-2.047255499641556]]],[[[130.3632863432901,-2.048423666818769],[130.3628287646359,-2.047901321688597],[130.3642760121284,-2.046531128109022],[130.3649884280736,-2.047277590588317],[130.3632863432901,-2.048423666818769]]],[[[130.3600612341388,-2.046759901248388],[130.3598352039316,-2.04668695813657],[130.359755151679,-2.046468130599679],[130.3603320002216,-2.046475190277766],[130.3600612341388,-2.046759901248388]]],[[[130.4134329677573,-2.045958184422572],[130.4144910336344,-2.046194596403408],[130.4116482739488,-2.04816996177424],[130.4121285712766,-2.046296044426901],[130.4134329677573,-2.045958184422572]]],[[[130.5761748958549,-2.046578705842508],[130.5756331631401,-2.046397221754306],[130.5754475880358,-2.045425782174062],[130.5755479056114,-2.045444579803471],[130.5761748958549,-2.046578705842508]]],[[[130.3786494483135,-2.046399288396364],[130.3774359229295,-2.046696720277355],[130.3774427676696,-2.045528140311406],[130.3779896211241,-2.045372544107574],[130.3786494483135,-2.046399288396364]]],[[[130.3593982997918,-2.046152292294392],[130.3591902488309,-2.047043338778989],[130.3566563918791,-2.046287856998921],[130.3581289462938,-2.044765846166799],[130.3593982997918,-2.046152292294392]]],[[[130.6635786853082,-2.045808432912802],[130.6632906864161,-2.04718347833486],[130.6602981392477,-2.046098257428566],[130.6611005503502,-2.044359894893224],[130.6635786853082,-2.045808432912802]]],[[[130.3778032519186,-2.044444560667882],[130.3775355633156,-2.045004923738228],[130.3770637807689,-2.043975931144251],[130.3773428260107,-2.043855644122663],[130.3778032519186,-2.044444560667882]]],[[[130.3739280597322,-2.043300774111392],[130.3744465854417,-2.043839495895908],[130.3736780293177,-2.044025564727983],[130.373646214901,-2.043458529587452],[130.3739280597322,-2.043300774111392]]],[[[130.3718715908013,-2.04599979515441],[130.3733961817884,-2.046278902449286],[130.372836655987,-2.049475003968196],[130.3706151362795,-2.042816559336716],[130.3718715908013,-2.04599979515441]]],[[[130.376978100559,-2.043533776762343],[130.3760341226766,-2.045001354329015],[130.374596927806,-2.043897283632726],[130.3760816968129,-2.042140853717436],[130.376978100559,-2.043533776762343]]],[[[130.3508461851034,-2.042373489444918],[130.3504020728974,-2.042434514741023],[130.3503354574155,-2.042329106103294],[130.3507462596322,-2.042112739111593],[130.3508461851034,-2.042373489444918]]],[[[130.7754425919021,-2.042269143805855],[130.775450211858,-2.041631064022356],[130.7761007751308,-2.041050844820605],[130.7757690808785,-2.042132799389121],[130.7754425919021,-2.042269143805855]]],[[[130.7795128290538,-2.041557515666772],[130.7787928624008,-2.04167226016663],[130.7785091406843,-2.041277453291793],[130.779165009058,-2.041041485576025],[130.7795128290538,-2.041557515666772]]],[[[130.2780987792354,-2.041304805272473],[130.2777993031954,-2.041130221682311],[130.2778385199318,-2.040973451863229],[130.2780417361373,-2.040930697193824],[130.2780987792354,-2.041304805272473]]],[[[130.636935308318,-2.041330006974176],[130.6365433819716,-2.042326105964934],[130.6359779692079,-2.042464363239718],[130.6357447282367,-2.041369860430711],[130.636935308318,-2.041330006974176]]],[[[130.6386035210358,-2.041109011171896],[130.6382101557741,-2.040909162927543],[130.6384357066426,-2.04039779582155],[130.6387739461608,-2.040757777349514],[130.6386035210358,-2.041109011171896]]],[[[130.6582039599449,-2.040571508867986],[130.6590417593698,-2.040627500658568],[130.6593536928187,-2.041692727837033],[130.6573481596898,-2.04075837899598],[130.6582039599449,-2.040571508867986]]],[[[130.665724132263,-2.040388701877019],[130.6660728066148,-2.040342140377474],[130.6659620865811,-2.040748340763246],[130.6653488388779,-2.04043696669263],[130.665724132263,-2.040388701877019]]],[[[130.7702526763201,-2.040249089324034],[130.7701805893628,-2.040241695997461],[130.7702009212357,-2.04011045972983],[130.7702951890718,-2.040152973380918],[130.7702526763201,-2.040249089324034]]],[[[130.6300268926271,-2.039672488994151],[130.6298724340656,-2.040069802279534],[130.6293604131527,-2.039932084598009],[130.6293737060317,-2.039716211334033],[130.6300268926271,-2.039672488994151]]],[[[130.7701676499172,-2.040091976863215],[130.769727589157,-2.039938878076766],[130.7696441158834,-2.039583365279965],[130.7704067355825,-2.039528966188778],[130.7701676499172,-2.040091976863215]]],[[[130.7697205573579,-2.039390101871666],[130.769620398063,-2.039362364081823],[130.7697735382183,-2.039135120689187],[130.7698076935702,-2.039199350269774],[130.7697205573579,-2.039390101871666]]],[[[130.7715182922354,-2.039435695700734],[130.7713695272819,-2.039239622810276],[130.7713868761035,-2.039122448342281],[130.7715150609713,-2.039145005137824],[130.7715182922354,-2.039435695700734]]],[[[130.772224953419,-2.039218254019184],[130.7721638615731,-2.039226624009396],[130.7721109058937,-2.0391220742243],[130.7723371870117,-2.039168317363929],[130.772224953419,-2.039218254019184]]],[[[130.6407709609112,-2.042485491012583],[130.6396679496164,-2.040230288097325],[130.6406475010813,-2.038634997806879],[130.6429079146686,-2.040114583121502],[130.6407709609112,-2.042485491012583]]],[[[130.3719705647897,-2.041978597134511],[130.3720915541819,-2.039743262941121],[130.3738692611576,-2.037810379745133],[130.3741459636653,-2.038093693169321],[130.3719705647897,-2.041978597134511]]],[[[130.7685882236676,-2.038332787827882],[130.7680752881442,-2.038606169139337],[130.7673583594009,-2.03834767160769],[130.767920752241,-2.037742228221154],[130.7685882236676,-2.038332787827882]]],[[[130.4107152579029,-2.038173008877189],[130.4069184506261,-2.045392946127469],[130.3980499427507,-2.04579950894013],[130.4054300861296,-2.03873686041767],[130.4107152579029,-2.038173008877189]]],[[[130.6518049058718,-2.037775847577253],[130.6574567905984,-2.04159883771611],[130.6579834308907,-2.043816118918665],[130.6512596442172,-2.043601216922555],[130.6518049058718,-2.037775847577253]]],[[[130.7659639857494,-2.037582626437009],[130.76624121526,-2.03758545210693],[130.7664875719439,-2.037842019693395],[130.7655588969257,-2.037674022737937],[130.7659639857494,-2.037582626437009]]],[[[130.331464743703,-2.037826885902019],[130.3313196542786,-2.03723932643374],[130.3319584418286,-2.037359966888877],[130.3319164048184,-2.037529641979388],[130.331464743703,-2.037826885902019]]],[[[130.7704839441787,-2.036655407421042],[130.7707560592448,-2.037055262190604],[130.7705515929817,-2.037284424736344],[130.769970991568,-2.036465513772415],[130.7704839441787,-2.036655407421042]]],[[[130.3382633296889,-2.03613915969443],[130.3379645479256,-2.035760177290305],[130.3385736029894,-2.035366838109079],[130.3386023318323,-2.035610879938135],[130.3382633296889,-2.03613915969443]]],[[[130.7617172161766,-2.037017503255159],[130.7616769598239,-2.035733388285157],[130.76246277124,-2.035221020233882],[130.7624062380575,-2.036775227694568],[130.7617172161766,-2.037017503255159]]],[[[130.7662487398875,-2.035621878646745],[130.7653935961377,-2.037479170227455],[130.7634957981926,-2.037306164947486],[130.7648461653183,-2.035285795702871],[130.7662487398875,-2.035621878646745]]],[[[130.7664712411549,-2.035182519357795],[130.7663379913053,-2.035045462677923],[130.7664160371704,-2.034826552403482],[130.7665454801898,-2.034994066423026],[130.7664712411549,-2.035182519357795]]],[[[130.0567891171241,-2.034138086303619],[130.056568074557,-2.034611957975388],[130.0559976435765,-2.034049012052177],[130.0566465089294,-2.033913620017527],[130.0567891171241,-2.034138086303619]]],[[[130.7592789976277,-2.033821650848447],[130.7592341817121,-2.033691661940631],[130.7593211317648,-2.033646643677647],[130.7593517860562,-2.03372699810245],[130.7592789976277,-2.033821650848447]]],[[[130.7679850186937,-2.033870762825421],[130.7676829220293,-2.034467338896542],[130.7663418089275,-2.033933972574767],[130.7675572417734,-2.033594330114211],[130.7679850186937,-2.033870762825421]]],[[[130.3863665838509,-2.034304211769891],[130.3915005076423,-2.035740348138473],[130.3848549862687,-2.042093917200452],[130.3825206178323,-2.035444947825995],[130.3863665838509,-2.034304211769891]]],[[[130.3261054803837,-2.032742939235257],[130.3257267551856,-2.032498576348177],[130.3263213869225,-2.032260202946004],[130.3263351303621,-2.032532056309291],[130.3261054803837,-2.032742939235257]]],[[[130.2824243123321,-2.032138777382622],[130.2828949176663,-2.032428563227542],[130.2831040756926,-2.032870369571851],[130.2825074996215,-2.033046142065745],[130.2824243123321,-2.032138777382622]]],[[[130.7650050989063,-2.032431983349239],[130.7649166775627,-2.03217128517659],[130.7650573962819,-2.031996742955291],[130.7651993308845,-2.032281955747608],[130.7650050989063,-2.032431983349239]]],[[[130.766183415832,-2.033719333180597],[130.7648207342895,-2.033727748137062],[130.7655561476982,-2.031994623253278],[130.7657621805803,-2.032077956232639],[130.766183415832,-2.033719333180597]]],[[[130.7654530701031,-2.031867836831205],[130.7653462297448,-2.031864155006671],[130.7653351770769,-2.031683745608317],[130.7654880690193,-2.031770269382418],[130.7654530701031,-2.031867836831205]]],[[[130.767224569958,-2.031955246437425],[130.7668038689035,-2.031963399691142],[130.7665383539619,-2.031648333004091],[130.7672294640686,-2.031765511069386],[130.767224569958,-2.031955246437425]]],[[[130.6834453766029,-2.031760039594113],[130.6833048728218,-2.031678167113673],[130.6834052533499,-2.03157227374138],[130.6834709011612,-2.031666610825392],[130.6834453766029,-2.031760039594113]]],[[[130.2821818793902,-2.032143526702315],[130.2818229833441,-2.032264668079867],[130.2817992151618,-2.031518823434888],[130.2824528343309,-2.03182998706424],[130.2821818793902,-2.032143526702315]]],[[[130.7669841676852,-2.031027927596687],[130.766850117439,-2.030996573632907],[130.7668715078139,-2.030906788017786],[130.7670412107833,-2.030929591227595],[130.7669841676852,-2.031027927596687]]],[[[130.2842544461859,-2.032207660055432],[130.2839644768791,-2.032046140017288],[130.2842283010952,-2.030822857888539],[130.2847939791588,-2.031944002213917],[130.2842544461859,-2.032207660055432]]],[[[130.7675882387063,-2.030959844421234],[130.7674252833503,-2.030952860286186],[130.7674508906462,-2.030836463731747],[130.7675323683241,-2.030803872300771],[130.7675882387063,-2.030959844421234]]],[[[130.0646479966078,-2.030654705350335],[130.0663890013514,-2.033392240759271],[130.0698531826784,-2.034372053027747],[130.060952077976,-2.032079887077101],[130.0646479966078,-2.030654705350335]]],[[[130.2859217703734,-2.031255163794723],[130.2854060046834,-2.031297919363409],[130.2853085559452,-2.030547322700718],[130.2858552187435,-2.030934497928685],[130.2859217703734,-2.031255163794723]]],[[[130.0227167770576,-2.03033324718154],[130.0258208752333,-2.030632536162516],[130.0260680619915,-2.031967455633568],[130.0211623519611,-2.032081470783245],[130.0227167770576,-2.03033324718154]]],[[[130.0178015611932,-2.031041088275545],[130.0184575572705,-2.032414013096131],[130.015448530925,-2.031824938270235],[130.0171360565838,-2.030081464887681],[130.0178015611932,-2.031041088275545]]],[[[130.7609185759316,-2.031443885626841],[130.7603864093054,-2.032952976798422],[130.7599423159853,-2.032938479727056],[130.7602104839267,-2.029996083252586],[130.7609185759316,-2.031443885626841]]],[[[130.284019143069,-2.02999912206179],[130.2838717819573,-2.029848291365502],[130.2839466514168,-2.029767530447105],[130.2841629401675,-2.029901735376674],[130.284019143069,-2.02999912206179]]],[[[130.0129310281445,-2.030014719004017],[130.0126933481196,-2.029847497264184],[130.0126439105881,-2.029716379707105],[130.0129120128791,-2.02981519271688],[130.0129310281445,-2.030014719004017]]],[[[130.7149113707631,-2.031386117675174],[130.7142592282809,-2.030122283316674],[130.7151360969534,-2.029435319983966],[130.7155458892315,-2.030205951743261],[130.7149113707631,-2.031386117675174]]],[[[130.6827431382852,-2.029739656859666],[130.6826753338996,-2.029169271744438],[130.6828535489521,-2.029037518366719],[130.6829813228298,-2.029359437887715],[130.6827431382852,-2.029739656859666]]],[[[130.0036347937109,-2.029259460255853],[130.0032034060124,-2.029466111871495],[130.0025081922992,-2.029344971393224],[130.003206970925,-2.028917415706102],[130.0036347937109,-2.029259460255853]]],[[[130.68834483005,-2.028688245965762],[130.6882986111921,-2.030325494126187],[130.6874824548514,-2.030561828765334],[130.6872983141659,-2.028928528628596],[130.68834483005,-2.028688245965762]]],[[[130.7176565423157,-2.030219162784055],[130.717061682151,-2.02993733234196],[130.7176212906901,-2.028492948290841],[130.7178988934193,-2.028937711605996],[130.7176565423157,-2.030219162784055]]],[[[130.7219912907656,-2.030372668064187],[130.7214978921141,-2.029790548594937],[130.7219638803289,-2.028311278942299],[130.7226560102667,-2.029324852659789],[130.7219912907656,-2.030372668064187]]],[[[130.011523012677,-2.030251299158062],[130.0110856822584,-2.030013769319952],[130.0113804053815,-2.028165780326477],[130.0123263707655,-2.029130154832684],[130.011523012677,-2.030251299158062]]],[[[130.6757862824111,-2.02834527601359],[130.675728018933,-2.028189535918282],[130.6758359753501,-2.028132253600548],[130.6758688401749,-2.028231365185354],[130.6757862824111,-2.02834527601359]]],[[[130.7242356325685,-2.028180412296157],[130.7240810463034,-2.028149514288627],[130.7241299991002,-2.028025921359136],[130.7242665512603,-2.028077418338084],[130.7242356325685,-2.028180412296157]]],[[[130.6798918800063,-2.028213745667776],[130.6797544905773,-2.028123499599735],[130.6798250855593,-2.028001979607621],[130.679983161194,-2.02804631438587],[130.6798918800063,-2.028213745667776]]],[[[130.7247200074225,-2.028123764899783],[130.7246659024096,-2.028116040622743],[130.7246787842984,-2.027995023351606],[130.7247303127537,-2.02803622129453],[130.7247200074225,-2.028123764899783]]],[[[130.6739911222925,-2.028354378951372],[130.6747431515753,-2.029221285833652],[130.6722313190202,-2.028447269026204],[130.6736636386661,-2.027972069955],[130.6739911222925,-2.028354378951372]]],[[[130.6755982386678,-2.028146908952591],[130.6754922967322,-2.028022147803801],[130.6755191513878,-2.027927042698854],[130.675623667898,-2.027959742048393],[130.6755982386678,-2.028146908952591]]],[[[130.6801930063023,-2.02861434597528],[130.6800502847928,-2.028318889005456],[130.680288767013,-2.027903182785609],[130.6803837830852,-2.02807984470901],[130.6801930063023,-2.02861434597528]]],[[[130.7219604817909,-2.028122450090988],[130.7218474567948,-2.027896400998122],[130.7221686838377,-2.027813120179259],[130.7221984280151,-2.027967784685439],[130.7219604817909,-2.028122450090988]]],[[[130.7133933583169,-2.028211164613472],[130.7130191809905,-2.027763140356578],[130.7140711107932,-2.02760086308931],[130.7140958205657,-2.027809001284345],[130.7133933583169,-2.028211164613472]]],[[[130.3300182381512,-2.028694303799019],[130.328187195083,-2.029028474784214],[130.3277060613857,-2.02832883280937],[130.3291167901078,-2.027589160211532],[130.3300182381512,-2.028694303799019]]],[[[130.7125268030695,-2.027546000847183],[130.7124084972544,-2.027519725355001],[130.7124614457392,-2.027353920047384],[130.7126944241084,-2.027495029971574],[130.7125268030695,-2.027546000847183]]],[[[130.6766182623231,-2.027506473844623],[130.6763758608573,-2.029139611204103],[130.675820705761,-2.029184174410117],[130.6761174316743,-2.027535836709474],[130.6766182623231,-2.027506473844623]]],[[[130.7123414267155,-2.027484446749808],[130.7119672511877,-2.027470336386797],[130.7119178307433,-2.027378613632072],[130.7122355279473,-2.027265726232288],[130.7123414267155,-2.027484446749808]]],[[[130.6742906666811,-2.027768830367174],[130.6741219601604,-2.027439843074299],[130.6743897872589,-2.027232775971813],[130.6746220066005,-2.027446121241441],[130.6742906666811,-2.027768830367174]]],[[[130.6887878882506,-2.027864286207739],[130.6887129846166,-2.02755879280401],[130.6891219144448,-2.027186536429396],[130.689210987797,-2.027516307031865],[130.6887878882506,-2.027864286207739]]],[[[130.7249879586275,-2.027850832349978],[130.7243515740659,-2.027750413150978],[130.7250575229864,-2.027127299884926],[130.7253357813213,-2.027312688829477],[130.7249879586275,-2.027850832349978]]],[[[130.6811939346524,-2.026825847135141],[130.6825758419017,-2.027758066381649],[130.6821817427932,-2.028427204252006],[130.6811418045508,-2.027504105929692],[130.6811939346524,-2.026825847135141]]],[[[130.7350671059622,-2.02730770928328],[130.7347304231705,-2.027322552593683],[130.7343491798709,-2.027089992409151],[130.735250300561,-2.026733726879984],[130.7350671059622,-2.02730770928328]]],[[[130.7158537451543,-2.026852977882568],[130.7156737170684,-2.026838866620364],[130.7155925271735,-2.026673063111309],[130.7158113852872,-2.026644839687533],[130.7158537451543,-2.026852977882568]]],[[[130.326848854591,-2.027550297808014],[130.3262524368006,-2.027195327302492],[130.3263212367359,-2.026561007584407],[130.3268134248997,-2.026602419565984],[130.326848854591,-2.027550297808014]]],[[[130.7249699236231,-2.026787420902634],[130.7248874773752,-2.026663827973232],[130.725080711106,-2.026468139992657],[130.7251116288986,-2.026560834015248],[130.7249699236231,-2.026787420902634]]],[[[130.6868761544111,-2.026956336965283],[130.6860247608341,-2.028066517655683],[130.6847488908487,-2.027648046919841],[130.68508832017,-2.026983137661611],[130.6868761544111,-2.026956336965283]]],[[[130.7221831692179,-2.026585462848798],[130.7219296161589,-2.027571644116025],[130.7200039886932,-2.026811463378289],[130.7221557578819,-2.026160856937922],[130.7221831692179,-2.026585462848798]]],[[[130.6772364068348,-2.026176542013738],[130.6772013782411,-2.026204774430765],[130.6771369678968,-2.026129111769029],[130.6772251077526,-2.026143793201454],[130.6772364068348,-2.026176542013738]]],[[[130.0026657742062,-2.026073576834067],[130.0033550451992,-2.027389499026169],[130.0027988747684,-2.027940571200373],[130.0017578366549,-2.02706645715123],[130.0026657742062,-2.026073576834067]]],[[[130.7153913191541,-2.02821469265391],[130.7144629382141,-2.02750208605236],[130.7145335367934,-2.025963982751547],[130.7155536980448,-2.026778895329675],[130.7153913191541,-2.02821469265391]]],[[[130.6770525161608,-2.026160240003064],[130.6769197483478,-2.02608332908232],[130.6769530853167,-2.025944644629599],[130.6771079629622,-2.026016280127221],[130.6770525161608,-2.026160240003064]]],[[[130.3345962523153,-2.026241814807841],[130.334224479776,-2.026131173015225],[130.3342501832993,-2.025780075889807],[130.3344944796365,-2.025788709381418],[130.3345962523153,-2.026241814807841]]],[[[130.6767909420484,-2.025964768758984],[130.6766577371648,-2.025861460937575],[130.6766628686966,-2.025674651064227],[130.6768073438839,-2.025736432690175],[130.6767909420484,-2.025964768758984]]],[[[130.6762945711376,-2.025599914704193],[130.6763789752096,-2.025814083752911],[130.6762372897192,-2.025877170295123],[130.6761047467367,-2.025769175207229],[130.6762945711376,-2.025599914704193]]],[[[130.6871453062109,-2.025476535813445],[130.6870603634451,-2.025423018957076],[130.6871526923429,-2.025266158306563],[130.6871951628266,-2.025304911892148],[130.6871453062109,-2.025476535813445]]],[[[130.7169778509472,-2.025547111010331],[130.7167667827609,-2.025457152725421],[130.7167605747407,-2.025283440578265],[130.7170182017287,-2.025339276786189],[130.7169778509472,-2.025547111010331]]],[[[130.6727948522007,-2.025409039895257],[130.6743983182278,-2.026144089078377],[130.6705353514254,-2.027109788286088],[130.6703162531926,-2.026114335907872],[130.6727948522007,-2.025409039895257]]],[[[130.6849112337665,-2.02551038269794],[130.6846926661338,-2.025331688306744],[130.6846886128892,-2.024976624271771],[130.6850607028892,-2.025253429302223],[130.6849112337665,-2.02551038269794]]],[[[130.6874869226835,-2.025251394136498],[130.6873798206222,-2.025116678391983],[130.687547859846,-2.024978270930403],[130.6876087979077,-2.025100068813027],[130.6874869226835,-2.025251394136498]]],[[[130.7176607169686,-2.025243114977718],[130.7188464209257,-2.02511283109226],[130.7180300856201,-2.026607993564047],[130.7169654349069,-2.025972083844499],[130.7176607169686,-2.025243114977718]]],[[[130.7166333143761,-2.024867773029262],[130.7167140159391,-2.02522450260865],[130.7155531440624,-2.026006205921663],[130.7159349278548,-2.024886385398331],[130.7166333143761,-2.024867773029262]]],[[[130.686890477014,-2.024705146825026],[130.6868443130147,-2.024706993133199],[130.6868406203984,-2.024638712106855],[130.6868886307057,-2.024640556616378],[130.686890477014,-2.024705146825026]]],[[[130.6989590713042,-2.024864279163088],[130.6984504660163,-2.024892164441797],[130.6983835366709,-2.024771716441512],[130.6989615462385,-2.024585694374251],[130.6989590713042,-2.024864279163088]]],[[[130.6759362308724,-2.024477359342638],[130.6763631039741,-2.024612886275603],[130.6762901797481,-2.025383875065748],[130.6757028181306,-2.024896640367649],[130.6759362308724,-2.024477359342638]]],[[[130.6926253898499,-2.024450405761582],[130.6926350188911,-2.024579284006636],[130.6924144322803,-2.024550313246356],[130.6924488844085,-2.024426796759185],[130.6926253898499,-2.024450405761582]]],[[[130.6923594279453,-2.024454299826031],[130.6922082438155,-2.024660008952209],[130.6920785372948,-2.024400361187675],[130.6923014630421,-2.02438841099635],[130.6923594279453,-2.024454299826031]]],[[[130.6752706480221,-2.024439802754666],[130.674833421925,-2.024418983449275],[130.6747620391369,-2.024231599808404],[130.6751516749098,-2.024145345831021],[130.6752706480221,-2.024439802754666]]],[[[130.692067063744,-2.024351579261888],[130.691272941693,-2.024951142880907],[130.6904730666787,-2.024940394183774],[130.6915546534245,-2.023871201894403],[130.692067063744,-2.024351579261888]]],[[[130.6750123672271,-2.023947263855133],[130.67489873339,-2.023829181071759],[130.6749396426505,-2.023662651809913],[130.6751317369402,-2.023784517141694],[130.6750123672271,-2.023947263855133]]],[[[130.6676868306828,-2.023989138088192],[130.6676065850759,-2.023950629118223],[130.667654890361,-2.023591454282128],[130.6677571522708,-2.023922778913059],[130.6676868306828,-2.023989138088192]]],[[[130.6682413373679,-2.023778536650125],[130.6681605368793,-2.023784027910461],[130.6681451018151,-2.023583049218283],[130.6683284798756,-2.023666502706847],[130.6682413373679,-2.023778536650125]]],[[[130.6826154291588,-2.023642114891613],[130.6824465068009,-2.023552545113796],[130.6824875869327,-2.023302528189033],[130.6826461526979,-2.023477476004645],[130.6826154291588,-2.023642114891613]]],[[[130.6838806412786,-2.023789127965772],[130.6839803590065,-2.024703298718203],[130.6804686026439,-2.02667152976719],[130.6792236405586,-2.029070723135343],[130.6852912171161,-2.030745608822729],[130.6763732717091,-2.030085751955804],[130.6838806412786,-2.023789127965772]]],[[[130.7004092478885,-2.023397257377527],[130.7001416797949,-2.023362078597016],[130.6996450300941,-2.022745951264573],[130.7005839537865,-2.022701132651131],[130.7004092478885,-2.023397257377527]]],[[[130.417216825696,-2.02352168217981],[130.4163767572816,-2.022971658615161],[130.4163154621889,-2.022307495794243],[130.4171746870622,-2.022741511311635],[130.417216825696,-2.02352168217981]]],[[[130.6952159229766,-2.022078306268751],[130.6954898195995,-2.022200236351759],[130.6952288840058,-2.022481719655625],[130.6949745323489,-2.022202220256178],[130.6952159229766,-2.022078306268751]]],[[[130.6945319040242,-2.022106943380633],[130.6943890862874,-2.022357838043723],[130.6937442283136,-2.022675545140265],[130.6940552057832,-2.022223608832421],[130.6945319040242,-2.022106943380633]]],[[[130.6958044330282,-2.022250497662339],[130.6957024427136,-2.022135495057034],[130.6956910788803,-2.022036104682437],[130.6958283478001,-2.022110382388201],[130.6958044330282,-2.022250497662339]]],[[[130.6704596905623,-2.022355070829798],[130.6704779360079,-2.02292602701444],[130.6694289388945,-2.023575681072812],[130.6698710950751,-2.021886578902501],[130.6704596905623,-2.022355070829798]]],[[[130.7008978918243,-2.021570172225642],[130.7008165472459,-2.021740322158097],[130.700513940666,-2.02192108319135],[130.7004783239156,-2.021588357416684],[130.7008978918243,-2.021570172225642]]],[[[130.6630659692191,-2.021478918916911],[130.6629411208361,-2.021040226924844],[130.6635398579782,-2.020831792852887],[130.6633552919133,-2.021321790268329],[130.6630659692191,-2.021478918916911]]],[[[130.6646562170108,-2.02030887575402],[130.6649014720253,-2.02105399644468],[130.6636757347474,-2.020706085617332],[130.6637495322152,-2.020327735436547],[130.6646562170108,-2.02030887575402]]],[[[130.3300432123245,-2.020722028798597],[130.331389390408,-2.020966994231335],[130.3325465049173,-2.022366868136396],[130.3294763390619,-2.02428845225027],[130.3300432123245,-2.020722028798597]]],[[[130.6783269058621,-2.019663174216094],[130.678245986663,-2.019603230804437],[130.6784128279896,-2.019436647583175],[130.6784315860489,-2.019532580064512],[130.6783269058621,-2.019663174216094]]],[[[130.3289822596237,-2.019586012384503],[130.3289320162997,-2.019443741435436],[130.3291609081494,-2.019443741435436],[130.3291720732328,-2.019482795394614],[130.3289822596237,-2.019586012384503]]],[[[130.6709440762082,-2.019398959694188],[130.6711387515522,-2.01949321763786],[130.6708395992682,-2.019904891297644],[130.6707408240298,-2.019678581401399],[130.6709440762082,-2.019398959694188]]],[[[130.6805615763557,-2.019065261752376],[130.6803207756833,-2.020563659984889],[130.6788506206597,-2.021023626339227],[130.6787857210842,-2.020635713667199],[130.6805615763557,-2.019065261752376]]],[[[130.6631906566236,-2.018498068331168],[130.6630876626656,-2.018507424877727],[130.6630970264067,-2.01844192365577],[130.6631532052563,-2.01841385221744],[130.6631906566236,-2.018498068331168]]],[[[130.310683706288,-2.01957472229555],[130.3104449668619,-2.019454934397638],[130.3105290372853,-2.018006546564857],[130.3111088580874,-2.018331736020754],[130.310683706288,-2.01957472229555]]],[[[130.3299331622857,-2.018717246603588],[130.3296933499682,-2.018274004941281],[130.3300023183524,-2.017866582376795],[130.3302820443808,-2.018272146941927],[130.3299331622857,-2.018717246603588]]],[[[130.7033743270636,-2.018096089363011],[130.7031736667314,-2.018447810617976],[130.7025785691457,-2.018197153375903],[130.7031293418457,-2.017862727882472],[130.7033743270636,-2.018096089363011]]],[[[130.3305172054048,-2.018039263900809],[130.3302936636218,-2.018039263900809],[130.3302576080023,-2.017976806884095],[130.3305340308209,-2.017844686582995],[130.3305172054048,-2.018039263900809]]],[[[129.9956487348013,-2.018150056779591],[129.9953596306425,-2.018025134652193],[129.9956380283723,-2.017739599902571],[129.9957022732414,-2.017825260327458],[129.9956487348013,-2.018150056779591]]],[[[130.6717076752691,-2.017516169635483],[130.6716198043106,-2.017474656030485],[130.6716661355838,-2.017354905904137],[130.6717460187638,-2.017402805594928],[130.6717076752691,-2.017516169635483]]],[[[130.6729900878223,-2.01794068831205],[130.6779740991254,-2.023377521755146],[130.6751871828423,-2.023139714026525],[130.6688451322971,-2.026142061107164],[130.6721962040916,-2.023432520694238],[130.6729900878223,-2.01794068831205]]],[[[129.9886554986524,-2.017398147106755],[129.9884699010651,-2.017358886303525],[129.9884770398835,-2.017176857226113],[129.9888196815831,-2.017216118029344],[129.9886554986524,-2.017398147106755]]],[[[130.666863843092,-2.016070667727091],[130.6666618130922,-2.015992460883334],[130.6668382402926,-2.015812270919495],[130.666881656863,-2.015843515166063],[130.666863843092,-2.016070667727091]]],[[[130.6711319598721,-2.01549572574711],[130.6712815746849,-2.015804802949253],[130.6707564407571,-2.015893417647055],[130.6708752187164,-2.015529753395365],[130.6711319598721,-2.01549572574711]]],[[[130.6739736673509,-2.016130399798024],[130.6753928640894,-2.015241992823727],[130.6755642236101,-2.015290922238291],[130.6742569043328,-2.016642899150403],[130.6729808607781,-2.015524655138703],[130.6739736673509,-2.016130399798024]]],[[[130.6745034255927,-2.01482609055155],[130.6746992655587,-2.014976957220751],[130.6743402274197,-2.015042196739961],[130.6742994269771,-2.014728231722509],[130.6745034255927,-2.01482609055155]]],[[[130.6741974267699,-2.014956569589968],[130.6739322283897,-2.014895407596986],[130.6740791065656,-2.014699689039359],[130.6742015069939,-2.014748619353293],[130.6741974267699,-2.014956569589968]]],[[[130.6648101638581,-2.01442181111762],[130.6646910954177,-2.01437429184004],[130.6650607959191,-2.014218111076874],[130.6650161481768,-2.014359793869305],[130.6648101638581,-2.01442181111762]]],[[[130.2868256142108,-2.014279355807583],[130.2877931363442,-2.015574714101723],[130.2864288333241,-2.016353507208526],[130.285870020685,-2.015079640912612],[130.2868256142108,-2.014279355807583]]],[[[130.6669012566877,-2.014329990336774],[130.6666538666826,-2.015104044915697],[130.6653775560294,-2.014497194989564],[130.6665975493374,-2.014089261610044],[130.6669012566877,-2.014329990336774]]],[[[130.6695311207646,-2.014087659018207],[130.6694389159733,-2.014114428238203],[130.6694537880619,-2.013968685906134],[130.6695519409693,-2.01399545512613],[130.6695311207646,-2.014087659018207]]],[[[130.6767252987335,-2.014870181613551],[130.6753559972815,-2.015035330416096],[130.6756675359281,-2.01389767184004],[130.6763924848253,-2.013733988932456],[130.6767252987335,-2.014870181613551]]],[[[130.6768438518624,-2.013822538879031],[130.6767388488189,-2.013661538649083],[130.6769375378372,-2.01362933842322],[130.6769724432237,-2.013728621778357],[130.6768438518624,-2.013822538879031]]],[[[130.6701200993633,-2.01406441514054],[130.6703952541377,-2.018085161700769],[130.6661344488458,-2.019871173016144],[130.663967798575,-2.018530818042821],[130.6701200993633,-2.01406441514054]]],[[[130.7036708884009,-2.014152822994289],[130.7034014623077,-2.014192763685044],[130.7028541510982,-2.01509825418105],[130.7034354503858,-2.013451492092669],[130.7036708884009,-2.014152822994289]]],[[[130.7025045117739,-2.013582615944889],[130.7023402559981,-2.014016319397596],[130.701657731719,-2.013943050731173],[130.7019069446498,-2.013614042753867],[130.7025045117739,-2.013582615944889]]],[[[130.6718853597216,-2.01360234886925],[130.6710538762354,-2.014675319210538],[130.6709016381002,-2.015182688829922],[130.6705617932922,-2.014444263591811],[130.6718853597216,-2.01360234886925]]],[[[130.2921115962732,-2.014780985054346],[130.2923478382821,-2.01341633039929],[130.2935403671943,-2.013669438293933],[130.2935035102788,-2.014389660354501],[130.2921115962732,-2.014780985054346]]],[[[130.6723336807549,-2.01339052165517],[130.6721743973306,-2.013506685285263],[130.6720882971372,-2.013227033001089],[130.6722906311078,-2.013244242427772],[130.6723336807549,-2.01339052165517]]],[[[130.6529629583739,-2.013505603400814],[130.6541130806542,-2.013201267424483],[130.6545058649537,-2.013232571925608],[130.6530937036116,-2.014101738804166],[130.652305651085,-2.013197088275012],[130.6529629583739,-2.013505603400814]]],[[[130.6724240860028,-2.013149590581056],[130.6722863260532,-2.013089357587708],[130.6723767313012,-2.012930172189689],[130.672445611276,-2.013033427850333],[130.6724240860028,-2.013149590581056]]],[[[130.673003083026,-2.013450617052273],[130.6726335003357,-2.013218457965385],[130.6727755446557,-2.012830484139519],[130.673105083233,-2.012949890724849],[130.673003083026,-2.013450617052273]]],[[[130.6734279245592,-2.01297943075607],[130.673221257655,-2.01287174323628],[130.6735200825859,-2.012741900917961],[130.6735634595861,-2.012860315551082],[130.6734279245592,-2.01297943075607]]],[[[130.3039427821337,-2.012957918972782],[130.3037609823834,-2.012824509943092],[130.3039652130242,-2.012643326228483],[130.3040705263338,-2.012772181091263],[130.3039427821337,-2.012957918972782]]],[[[130.665656955604,-2.013049601258013],[130.6652753876491,-2.013088955590783],[130.6651792384311,-2.012673157640046],[130.6655564941369,-2.012673645072629],[130.665656955604,-2.013049601258013]]],[[[129.9829459826711,-2.012979488312697],[129.9827532462654,-2.012922381362772],[129.9831065961926,-2.012594014602056],[129.9831244423392,-2.012865274412848],[129.9829459826711,-2.012979488312697]]],[[[130.3059218886842,-2.0129293592025],[130.3056525929928,-2.012891146109455],[130.3056345013313,-2.012645857820042],[130.3060473198281,-2.012630170945576],[130.3059218886842,-2.0129293592025]]],[[[130.7027940566005,-2.012544217341697],[130.7028725350395,-2.012817309071549],[130.7022859072689,-2.013128594109295],[130.7023102204404,-2.012510244552137],[130.7027940566005,-2.012544217341697]]],[[[130.392653149823,-2.012957246279859],[130.3923003520797,-2.012869923008489],[130.3923124713435,-2.012477689993355],[130.3926352362272,-2.012532779763967],[130.392653149823,-2.012957246279859]]],[[[130.6703755463944,-2.012541165042661],[130.670314899713,-2.013159689967628],[130.6702386201163,-2.013230714825534],[130.6698605100546,-2.012516741254514],[130.6703755463944,-2.012541165042661]]],[[[130.6630742330894,-2.012030483220231],[130.6650011277,-2.012673523664146],[130.6643905941507,-2.014522895814943],[130.6622334362241,-2.0136459587939],[130.6630742330894,-2.012030483220231]]],[[[130.6769741456405,-2.012328728987603],[130.6767137460427,-2.012284656811383],[130.6768334458069,-2.011694921883114],[130.677119046207,-2.01194676623018],[130.6769741456405,-2.012328728987603]]],[[[130.665462020356,-2.011681083115471],[130.6656228344264,-2.011877922228303],[130.665342647945,-2.011964479277209],[130.6652899872432,-2.011778474297079],[130.665462020356,-2.011681083115471]]],[[[130.6892763972879,-2.011276586944868],[130.6893073780331,-2.011386876203305],[130.6885331148114,-2.012033384433101],[130.6886692901557,-2.011393566260081],[130.6892763972879,-2.011276586944868]]],[[[130.3209845742788,-2.011649517810968],[130.3207236081081,-2.011622769275315],[130.3208942400772,-2.011254966343559],[130.3211284397258,-2.01135193214588],[130.3209845742788,-2.011649517810968]]],[[[129.9857049678101,-2.011972976071943],[129.9849197445507,-2.012615430157963],[129.9838204339659,-2.012590446092213],[129.9858513036947,-2.011144922600108],[129.9857049678101,-2.011972976071943]]],[[[130.654621928759,-2.010650793699112],[130.6554675127156,-2.010567459820381],[130.6552818485785,-2.012024707773977],[130.6541281739761,-2.01140145781096],[130.654621928759,-2.010650793699112]]],[[[130.3092739848067,-2.010768714604508],[130.3089265254389,-2.01065632363038],[130.3088665217727,-2.010355905100861],[130.3092875690662,-2.010292261878346],[130.3092739848067,-2.010768714604508]]],[[[130.6558977124096,-2.010282345953465],[130.6557256316327,-2.010205409851709],[130.6557211044454,-2.010078692677533],[130.6559520530449,-2.01004248777055],[130.6558977124096,-2.010282345953465]]],[[[130.6620055228367,-2.010033812910075],[130.6626569458614,-2.011055483223936],[130.660764156241,-2.010315526440356],[130.6615492751789,-2.009905107334811],[130.6620055228367,-2.010033812910075]]],[[[130.673595406203,-2.010268408260421],[130.6738276300412,-2.009936481983024],[130.6741157350532,-2.009937266191811],[130.6740546009392,-2.010076492935722],[130.673595406203,-2.010268408260421]]],[[[130.6643431144432,-2.009999662054687],[130.6642624830272,-2.009843377869538],[130.6645204337711,-2.00978996083794],[130.6645236299616,-2.009913568156632],[130.6643431144432,-2.009999662054687]]],[[[130.3134617399674,-2.010353352824959],[130.3130377419983,-2.010083141623634],[130.3134276475679,-2.009778453113123],[130.3137239211221,-2.01015698675551],[130.3134617399674,-2.010353352824959]]],[[[130.4796846199494,-2.010170510760448],[130.4795654453891,-2.009797643746206],[130.4800517780671,-2.009985497732528],[130.4800086753602,-2.01011227785928],[130.4796846199494,-2.010170510760448]]],[[[130.3144879581528,-2.010374888889979],[130.3141812281812,-2.009859547679918],[130.315170128099,-2.009878837238491],[130.3151236250553,-2.010019491206519],[130.3144879581528,-2.010374888889979]]],[[[130.6923919186522,-2.009781714054862],[130.6925942382336,-2.010141513919697],[130.6918607583674,-2.009975019731305],[130.6920064674246,-2.009795635560055],[130.6923919186522,-2.009781714054862]]],[[[130.3848480003349,-2.011395762404414],[130.3840565510691,-2.010561566563032],[130.3849651882929,-2.009702062899857],[130.3855037383069,-2.010703450803566],[130.3848480003349,-2.011395762404414]]],[[[130.7049031421663,-2.011360789568764],[130.704231666958,-2.009871300020441],[130.7043955639041,-2.009535299814116],[130.7050431657097,-2.010712087892477],[130.7049031421663,-2.011360789568764]]],[[[130.3951690706962,-2.00959631971436],[130.3965794217031,-2.010621447022112],[130.3950968794176,-2.012101503581468],[130.393321822744,-2.010437083304664],[130.3951690706962,-2.00959631971436]]],[[[130.6900137208566,-2.009495922998353],[130.6899601914098,-2.009362224387059],[130.6902113387823,-2.009317076621711],[130.6901657674363,-2.009430149281924],[130.6900137208566,-2.009495922998353]]],[[[130.6896532635873,-2.009050617392008],[130.6896620391718,-2.009221600096714],[130.6894149297553,-2.009060341761318],[130.6895422188984,-2.008989340285774],[130.6896532635873,-2.009050617392008]]],[[[130.6565965953567,-2.009187182142716],[130.6562346056425,-2.010038819435936],[130.6549185530489,-2.009413040579291],[130.6560966649292,-2.008891026399676],[130.6565965953567,-2.009187182142716]]],[[[130.3045213429858,-2.010397630046581],[130.3038422109494,-2.009376843766278],[130.3041736282105,-2.008795863738102],[130.3054558294231,-2.009295397564495],[130.3045213429858,-2.010397630046581]]],[[[130.3184533703269,-2.008915779339729],[130.3182677367668,-2.008889545216233],[130.318303364309,-2.008705900057153],[130.3184533703269,-2.008734009267046],[130.3184533703269,-2.008915779339729]]],[[[130.6692769993341,-2.008754138792382],[130.6692038457809,-2.008748655625928],[130.6692148193085,-2.008684686848808],[130.6692769993341,-2.008695653181805],[130.6692769993341,-2.008754138792382]]],[[[130.6478885481181,-2.009138455075535],[130.6474880332462,-2.009071647138752],[130.6477785754209,-2.008590040398042],[130.6478177498893,-2.008602747818491],[130.6478885481181,-2.009138455075535]]],[[[130.6556357156158,-2.008636508368136],[130.6555022175534,-2.008730393992478],[130.6555170509712,-2.008517915669275],[130.6556357156158,-2.008527799218454],[130.6556357156158,-2.008636508368136]]],[[[130.3185827503937,-2.008644060874667],[130.3184608697734,-2.008486650738275],[130.3188640106656,-2.008229923971763],[130.3189033883807,-2.008370468222489],[130.3185827503937,-2.008644060874667]]],[[[130.3219671321775,-2.007983401812544],[130.3220588270533,-2.008258317367398],[130.3211987918907,-2.008179319120254],[130.3214517433034,-2.007838044390178],[130.3219671321775,-2.007983401812544]]],[[[130.4839183061849,-2.007337513215626],[130.4837857739944,-2.007155393306695],[130.4841171049205,-2.007097446390008],[130.4840881125764,-2.007254732419897],[130.4839183061849,-2.007337513215626]]],[[[130.4846596587164,-2.007060193772839],[130.4843531778569,-2.007022942055039],[130.4842744871779,-2.006791152589551],[130.4847300666393,-2.006733205672864],[130.4846596587164,-2.007060193772839]]],[[[130.6660862262983,-2.006958625240321],[130.6659149603072,-2.006939607277028],[130.6657912693516,-2.006621059314353],[130.6661480708769,-2.006625814029997],[130.6660862262983,-2.006958625240321]]],[[[130.6654344660278,-2.00661630459871],[130.6653155315865,-2.006644831993379],[130.665263200936,-2.006521215681525],[130.6653868918916,-2.006478425938576],[130.6654344660278,-2.00661630459871]]],[[[130.481603533976,-2.006860966960014],[130.4815559445512,-2.006254204268101],[130.4817893357093,-2.006216936362451],[130.4819723504437,-2.006533790901679],[130.481603533976,-2.006860966960014]]],[[[130.6378318622506,-2.006641975746584],[130.6377412528566,-2.006257710724737],[130.6383141425836,-2.005793587703833],[130.638336614843,-2.005869536349961],[130.6378318622506,-2.006641975746584]]],[[[130.639313465644,-2.0059525914389],[130.6391636224033,-2.005853405210425],[130.639436065722,-2.005777556389068],[130.6394477416201,-2.005876742617543],[130.639313465644,-2.0059525914389]]],[[[130.3088506820134,-2.006346940558748],[130.3082065381013,-2.005981280711458],[130.308188497701,-2.005793224377753],[130.3088030781996,-2.005721649134687],[130.3088506820134,-2.006346940558748]]],[[[130.645032617861,-2.006163342164482],[130.6446853050828,-2.005904469615485],[130.6448944370287,-2.005584825379339],[130.6450706609823,-2.006041804185868],[130.645032617861,-2.006163342164482]]],[[[130.6616904165795,-2.005907890636552],[130.6611718638905,-2.005760503444412],[130.6611956509586,-2.005484745224775],[130.6617998370929,-2.00531358535361],[130.6616904165795,-2.005907890636552]]],[[[130.6444089676997,-2.007195523754371],[130.6432713109223,-2.007304500002663],[130.6441782160519,-2.005243540756732],[130.6439113818048,-2.006682524378947],[130.6444089676997,-2.007195523754371]]],[[[130.6496847982149,-2.005619191172661],[130.6493685201411,-2.007257692088762],[130.6468221446262,-2.008520369019775],[130.6482762053827,-2.005004569305394],[130.6496847982149,-2.005619191172661]]],[[[130.4786952379949,-2.005086484053978],[130.4783882867901,-2.005065069397441],[130.4785225106054,-2.004713437175345],[130.478880340955,-2.004811746564863],[130.4786952379949,-2.005086484053978]]],[[[130.6495360611403,-2.004757129837634],[130.6494481910812,-2.004681507645392],[130.6494755007938,-2.004578187233522],[130.6496138776784,-2.004633749148146],[130.6495360611403,-2.004757129837634]]],[[[130.6493121029713,-2.004560411234005],[130.6492590186888,-2.004511250693566],[130.6492743062643,-2.004389556233013],[130.649316078874,-2.004415651860805],[130.6493121029713,-2.004560411234005]]],[[[130.649603653286,-2.004458566609538],[130.6495206215795,-2.004358215758975],[130.6496577142321,-2.004255839635219],[130.6496440436378,-2.004408050790898],[130.649603653286,-2.004458566609538]]],[[[130.6382215061177,-2.004004590639299],[130.6377777608351,-2.004790283344862],[130.6371603636599,-2.004460473172267],[130.6375211545777,-2.004037743247158],[130.6382215061177,-2.004004590639299]]],[[[129.9376190345908,-2.004082881120064],[129.9376041634015,-2.003868730057759],[129.9380830299079,-2.003806269443745],[129.9380116462206,-2.0039549849346],[129.9376190345908,-2.004082881120064]]],[[[130.6340258351243,-2.002903035346806],[130.6339511392337,-2.002844238570736],[130.6339812251535,-2.00275103643113],[130.6340406721394,-2.002764883292654],[130.6340258351243,-2.002903035346806]]],[[[130.6373141504277,-2.002997485745331],[130.6377465588566,-2.003347697937821],[130.6367227571496,-2.002974594401932],[130.6369944657221,-2.002748934715529],[130.6373141504277,-2.002997485745331]]],[[[130.6358361263362,-2.002669466122933],[130.6366501728672,-2.003099720675452],[130.6362869807596,-2.003682840190882],[130.6349783412774,-2.003251614370496],[130.6358361263362,-2.002669466122933]]],[[[130.6345687477495,-2.002725365283345],[130.6346925843954,-2.002934350639743],[130.6342552054134,-2.002733662428538],[130.6344291432903,-2.002617859426595],[130.6345687477495,-2.002725365283345]]],[[[130.6392660353992,-2.002731547223105],[130.6390482636665,-2.002473441795852],[130.6392948325905,-2.00232285121851],[130.6393348533209,-2.002567974932015],[130.6392660353992,-2.002731547223105]]],[[[130.4764808849849,-2.00330852706683],[130.4757602807124,-2.003230733911179],[130.4757551150065,-2.00258928436792],[130.4766364227328,-2.002361281947598],[130.4764808849849,-2.00330852706683]]],[[[130.6456982906436,-2.003114113425555],[130.6459284766181,-2.00370644379724],[130.6444008144461,-2.005632340160338],[130.6441432908802,-2.004656040643729],[130.6436143474242,-2.004446665880868],[130.6456982906436,-2.003114113425555]]],[[[130.6398401284192,-2.002573432018176],[130.6394249150279,-2.002654865629497],[130.6394585586656,-2.002228217358295],[130.6396604663575,-2.002259457108194],[130.6398401284192,-2.002573432018176]]],[[[130.4408027082784,-2.002382290110541],[130.4404743433163,-2.002203830442431],[130.4405171726295,-2.001861187843515],[130.4408526773093,-2.001953987086738],[130.4408027082784,-2.002382290110541]]],[[[130.6206165558094,-2.00148311915054],[130.6208457597241,-2.001551805771198],[130.6203275919448,-2.001553248283797],[130.6205147048898,-2.00129656378534],[130.6206165558094,-2.00148311915054]]],[[[130.6263656266724,-2.000798092957526],[130.6264763997662,-2.000998854013838],[130.6262097211018,-2.001161748216054],[130.6261188787832,-2.000926587192245],[130.6263656266724,-2.000798092957526]]],[[[130.6242440549192,-2.000931208808224],[130.624062149049,-2.000882485338343],[130.6240329138879,-2.000772042295898],[130.6241953296508,-2.000710323622526],[130.6242440549192,-2.000931208808224]]],[[[130.6212110922183,-2.000802823391526],[130.6210834793192,-2.000817324959561],[130.6210834793192,-2.000666509551666],[130.6212139916324,-2.000643307942232],[130.6212110922183,-2.000802823391526]]],[[[130.641866035689,-2.00060131230069],[130.6420726243522,-2.000784050043849],[130.6409673620542,-2.000959764081836],[130.6413645080656,-2.000650953078933],[130.641866035689,-2.00060131230069]]],[[[130.6239647003106,-2.000177599416622],[130.6238964849349,-2.000164606011692],[130.6239224708454,-2.00007690142783],[130.6240004312749,-2.000119129993807],[130.6239647003106,-2.000177599416622]]],[[[130.4429490752397,-2.000617402970731],[130.4425691233664,-2.000483790694288],[130.4424587126995,-2.000119960967409],[130.4429330601128,-2.00018767092425],[130.4429490752397,-2.000617402970731]]],[[[130.4646971698385,-2.000120984395862],[130.4644154653015,-1.999928768697659],[130.4643321898788,-1.999634699381827],[130.4646210359322,-1.999743381551758],[130.4646971698385,-2.000120984395862]]],[[[130.6103564621811,-1.999912207682167],[130.6102255910382,-1.999861644199521],[130.6104635381619,-1.999593954697223],[130.6105408699652,-1.999715901867274],[130.6103564621811,-1.999912207682167]]],[[[130.6109513268422,-1.999474981585061],[130.6108442508615,-1.999427393059674],[130.610847225819,-1.999317342121534],[130.6110078393404,-1.999308419048232],[130.6109513268422,-1.999474981585061]]],[[[130.6043999042323,-2.000778612742751],[130.6036586892972,-2.000309092890332],[130.60474566568,-1.998888005776747],[130.6048570772923,-2.000274434817209],[130.6043999042323,-2.000778612742751]]],[[[130.5990427642123,-1.999015328194778],[130.5989109658684,-1.998978740176652],[130.5990024916718,-1.998821410979337],[130.5991196463547,-1.998883610789973],[130.5990427642123,-1.999015328194778]]],[[[130.585863012568,-1.999006511241477],[130.5854110169049,-1.998887970703292],[130.5853568417449,-1.998822044101958],[130.5856781056601,-1.998637132697459],[130.585863012568,-1.999006511241477]]],[[[130.4492346375686,-1.999171174410177],[130.4508348255669,-1.998719076224356],[130.4495038658108,-2.004321052174765],[130.4483946896632,-1.998707181790918],[130.4492346375686,-1.999171174410177]]],[[[130.595329759361,-1.999325785856312],[130.5950407927984,-1.9990865023402],[130.5961577157061,-1.99786301336731],[130.596071806169,-1.998314601637466],[130.595329759361,-1.999325785856312]]],[[[130.6102450622599,-1.998182305069276],[130.6153604654132,-1.99816307216796],[130.6109792229128,-2.0042669453632],[130.6222259061008,-1.99958583471849],[130.6241499804374,-2.004224168210714],[130.6375962956327,-2.005115642772617],[130.601018989335,-2.004569686841576],[130.6102450622599,-1.998182305069276]]],[[[130.5966691943279,-1.997784258836413],[130.5966730704059,-1.997980802072322],[130.5963620326817,-1.997938923342593],[130.5965742052355,-1.997704157121108],[130.5966691943279,-1.997784258836413]]],[[[130.5865670980932,-1.998524987238318],[130.5863767502869,-1.998085822202869],[130.5872267328275,-1.997737328614749],[130.587178515676,-1.998171574358645],[130.5865670980932,-1.998524987238318]]],[[[130.6161222199644,-1.998144883379618],[130.6158928838495,-1.997784391036797],[130.6163243785672,-1.997647679696593],[130.6163799809515,-1.997891529970078],[130.6161222199644,-1.998144883379618]]],[[[130.5932682146564,-1.997514028749395],[130.593071019412,-1.997532577266517],[130.593047818702,-1.997365642410445],[130.5932566152007,-1.99736332305889],[130.5932682146564,-1.997514028749395]]],[[[130.4322649206896,-1.998131023927543],[130.4318476388576,-1.998152687696367],[130.4320698280602,-1.99728071942962],[130.4326171734438,-1.997513605168669],[130.4322649206896,-1.998131023927543]]],[[[130.5950347430591,-1.997214673218542],[130.5947279609268,-1.997922050262416],[130.5944514742561,-1.997928550562092],[130.5944558035925,-1.997163114186298],[130.5950347430591,-1.997214673218542]]],[[[130.5923634328262,-1.997006267025528],[130.5922520751732,-1.996932073856142],[130.5922683142315,-1.99679991578339],[130.5923680724287,-1.996830058360446],[130.5923634328262,-1.997006267025528]]],[[[130.4277723628043,-1.996869106024304],[130.4274417891073,-1.996798698101346],[130.4280541635688,-1.996446661184395],[130.4280920987715,-1.996733706795142],[130.4277723628043,-1.996869106024304]]],[[[130.604953329033,-1.996693365006744],[130.6044155884088,-1.995941392381331],[130.6056073690849,-1.995958763685993],[130.6055906587819,-1.996147806575957],[130.604953329033,-1.996693365006744]]],[[[130.5783817692034,-1.996005708296769],[130.5782436756052,-1.995899685422112],[130.5782852737465,-1.995795809229131],[130.5784026046965,-1.995872414380331],[130.5783817692034,-1.996005708296769]]],[[[130.5767601413675,-1.995791268552141],[130.5766455623429,-1.995942962597644],[130.5763253200575,-1.995914762556231],[130.5765070388688,-1.99562741207531],[130.5767601413675,-1.995791268552141]]],[[[130.5784169048163,-1.995622622286122],[130.5782973939097,-1.995605559448935],[130.57827638125,-1.995553058826507],[130.5784484242554,-1.995539934120652],[130.5784169048163,-1.995622622286122]]],[[[130.5813170160675,-1.995808260342871],[130.5809389257908,-1.995566135868446],[130.581048493793,-1.995307677007643],[130.5814333307836,-1.995545264402379],[130.5813170160675,-1.995808260342871]]],[[[130.6181496273035,-1.995841978624371],[130.6186662563427,-1.994896597799725],[130.619026001349,-1.994888515592466],[130.6189151617054,-1.995403938640797],[130.6181496273035,-1.995841978624371]]],[[[130.5836270353595,-1.995505086290697],[130.583266912638,-1.995206439425592],[130.5833673804003,-1.994752055163199],[130.5836100741457,-1.995113858717515],[130.5836270353595,-1.995505086290697]]],[[[130.57423581633,-1.994752249416701],[130.5741186652442,-1.994864312138203],[130.5739274450956,-1.994846413830922],[130.5741629253788,-1.994651957921503],[130.57423581633,-1.994752249416701]]],[[[130.5845286533747,-1.995212640251134],[130.5844596996555,-1.994735550804963],[130.5845458969757,-1.994615560559579],[130.5846608591114,-1.995024616292953],[130.5845286533747,-1.995212640251134]]],[[[130.583037157439,-1.995011324313081],[130.5829070516192,-1.994665608730786],[130.5829947768875,-1.99453796885212],[130.5831955802119,-1.994696799917309],[130.583037157439,-1.995011324313081]]],[[[130.5702260945588,-1.99459648863696],[130.5702082690964,-1.994422671269172],[130.5704176438593,-1.994415774368433],[130.5704003121247,-1.99449408103696],[130.5702260945588,-1.99459648863696]]],[[[130.4060948838719,-1.99488918918467],[130.4231505606499,-1.995496083177686],[130.4240962175664,-1.998608408351357],[130.4228091429276,-2.005275035014778],[130.4236110576043,-2.007279834296829],[130.4245532125608,-1.999783200834029],[130.4338413746798,-2.001265326733373],[130.4348314931789,-1.997484879923197],[130.4372203497394,-2.009472719590269],[130.4446782422071,-2.000104682385098],[130.4461128326411,-2.006958437281961],[130.4491947283541,-2.006246533051018],[130.4527185347327,-1.999758990185255],[130.455207028082,-2.005041683426859],[130.4589609161135,-2.000033164698747],[130.467562436857,-1.998613190046663],[130.4784611120907,-2.007596696929939],[130.4614590196181,-2.005455686330817],[130.4540505179172,-2.018404272639065],[130.4408652507308,-2.014222462896312],[130.4339862950316,-2.022140657165552],[130.431803161087,-2.015575070233202],[130.4279578335872,-2.023932988916302],[130.4181441778117,-2.019546409838904],[130.4098451332463,-2.022043896408634],[130.4135835691265,-2.025933189065368],[130.4004748846083,-2.035264758761526],[130.384621411649,-2.02951023171172],[130.371461395627,-2.036619923770447],[130.375223927942,-2.024900361762219],[130.3956804530904,-2.020224385346994],[130.394859538437,-2.01286947064945],[130.4143328087121,-2.01697891914179],[130.4154694438598,-2.010253351810734],[130.4029613302012,-2.007450425796511],[130.4060948838719,-1.99488918918467]]],[[[130.5581125359648,-1.994101196013334],[130.5579033032949,-1.993847288621422],[130.5580603761855,-1.993722749605167],[130.5582424259473,-1.993863553759903],[130.5581125359648,-1.994101196013334]]],[[[130.568790974424,-1.993774423750574],[130.5686944645779,-1.993764214646701],[130.5687281271014,-1.993631552054412],[130.568805177417,-1.993635856209755],[130.568790974424,-1.993774423750574]]],[[[130.5688013885733,-1.993581000262948],[130.568711406906,-1.993553701342224],[130.5687391608836,-1.993484360015144],[130.5688068087873,-1.993496493668159],[130.5688013885733,-1.993581000262948]]],[[[130.5690342500306,-1.99369478608549],[130.5688843042673,-1.993532683286661],[130.5689352742436,-1.993431139935156],[130.5690706383994,-1.99352222866789],[130.5690342500306,-1.99369478608549]]],[[[130.5579002500965,-1.993731785093791],[130.5578276397339,-1.993522761066549],[130.5579588346326,-1.99342490403607],[130.558042564213,-1.99356283665553],[130.5579002500965,-1.993731785093791]]],[[[130.5656546310564,-1.993489343158641],[130.5655406419872,-1.993454221035476],[130.5655604720382,-1.993311734249017],[130.5656900931234,-1.993309755740638],[130.5656546310564,-1.993489343158641]]],[[[130.5680325851357,-1.994365807136303],[130.5675731448848,-1.994117469245696],[130.5680585530599,-1.993190010110782],[130.5681378678684,-1.994262048754505],[130.5680325851357,-1.994365807136303]]],[[[130.5642399192369,-1.99317091660445],[130.5641837466826,-1.993158637261308],[130.5641890131126,-1.993081445752034],[130.564252206674,-1.993088464061346],[130.5642399192369,-1.99317091660445]]],[[[130.5657425352898,-1.993144602441424],[130.5656705643452,-1.993146356119338],[130.5656530095788,-1.993056886166292],[130.56573726886,-1.993077938396118],[130.5657425352898,-1.993144602441424]]],[[[130.576916850932,-1.993614704155247],[130.5768688154435,-1.99316664212679],[130.5769890080363,-1.993050122365217],[130.5770638703015,-1.993175726178789],[130.576916850932,-1.993614704155247]]],[[[130.5642451856669,-1.992937591096913],[130.5641697037689,-1.992920048021743],[130.5641714592455,-1.992839349156641],[130.564234652807,-1.992841102834555],[130.5642451856669,-1.992937591096913]]],[[[130.5492260452459,-1.993304609819882],[130.5488714587509,-1.993099821599456],[130.5490172892167,-1.992614089668423],[130.5493704116153,-1.992898077584185],[130.5492260452459,-1.993304609819882]]],[[[130.5584053228474,-1.992651624672684],[130.5582329003282,-1.992645243083471],[130.5582424790072,-1.992508026324272],[130.5583765859108,-1.992536746173881],[130.5584053228474,-1.992651624672684]]],[[[130.5740932611951,-1.992197485025907],[130.5742720410219,-1.992859174711084],[130.5733612930893,-1.994188897899265],[130.5734170168818,-1.992756982948388],[130.5740932611951,-1.992197485025907]]],[[[130.5492222905763,-1.992445411926161],[130.5488564481666,-1.991715823426501],[130.5495584886334,-1.991295602609869],[130.5495885232917,-1.992106026671772],[130.5492222905763,-1.992445411926161]]],[[[130.5756426276052,-1.991333348055571],[130.5767629211719,-1.991580738959867],[130.5766827798865,-1.993066987351513],[130.5743508468142,-1.991956223001237],[130.5756426276052,-1.991333348055571]]],[[[130.5395223909457,-1.992026556280527],[130.5391954127383,-1.991639320797914],[130.5393335180276,-1.991179691689362],[130.5397647033784,-1.99159685930759],[130.5395223909457,-1.992026556280527]]],[[[130.4141733112494,-1.991299963422557],[130.4139075373031,-1.991320932914656],[130.4138306021007,-1.991041339086477],[130.4142852165895,-1.991027359125288],[130.4141733112494,-1.991299963422557]]],[[[130.5467863563054,-1.991022593617744],[130.546740329003,-1.990980703196835],[130.5467745536028,-1.99088806763015],[130.5468067313457,-1.990913586792578],[130.5467863563054,-1.991022593617744]]],[[[130.5479141601105,-1.990995119329211],[130.5484801412456,-1.992820420226129],[130.5439441856758,-1.994985284443265],[130.5454969560197,-1.992494538292247],[130.5479141601105,-1.990995119329211]]],[[[130.5464315126043,-1.990699280147615],[130.5466965607977,-1.990497893163193],[130.5468666828511,-1.990557789810124],[130.5465146909004,-1.991124704441541],[130.5464315126043,-1.990699280147615]]],[[[130.537965257091,-1.9923033783982],[130.5369601693764,-1.991205716270786],[130.5374516839482,-1.99048796015118],[130.5391129988659,-1.991166867357011],[130.537965257091,-1.9923033783982]]],[[[130.5702914177148,-1.990473908244253],[130.5700789735659,-1.990265509245839],[130.5704916994324,-1.990162203223081],[130.5705092919703,-1.990252735275513],[130.5702914177148,-1.990473908244253]]],[[[130.4126224016026,-1.990253400773748],[130.412389821633,-1.990090717912254],[130.4124597628079,-1.989825104045265],[130.4127185436259,-1.989971891389677],[130.4126224016026,-1.990253400773748]]],[[[130.5468141021892,-1.989783632708411],[130.5463639852099,-1.990201627702939],[130.5458421661831,-1.990421386937394],[130.5458131252756,-1.99007523338526],[130.5468141021892,-1.989783632708411]]],[[[130.556584555433,-1.989427180120254],[130.5569585178214,-1.989694017964519],[130.5569650648858,-1.989851752756147],[130.5562399226344,-1.989730756169442],[130.556584555433,-1.989427180120254]]],[[[130.5639433309201,-1.989315048150855],[130.5638367432712,-1.989251586591381],[130.5638843668701,-1.98909973336592],[130.5640000268799,-1.989183592448798],[130.5639433309201,-1.989315048150855]]],[[[130.5618262512805,-1.988837611566455],[130.5617189198923,-1.98880185721986],[130.5617565799023,-1.988720937121505],[130.5618695599323,-1.988739756334626],[130.5618262512805,-1.988837611566455]]],[[[130.5501991449746,-1.988728941987075],[130.5501065130053,-1.988754657201655],[130.550070488862,-1.98862093610728],[130.5501785603923,-1.988610648762437],[130.5501991449746,-1.988728941987075]]],[[[130.5651244843076,-1.989312221581743],[130.5647645837187,-1.988947690383538],[130.565252997428,-1.988542972080401],[130.5653295666062,-1.989097242243856],[130.5651244843076,-1.989312221581743]]],[[[130.56429257814,-1.988700833676463],[130.5641859895918,-1.988655505147355],[130.5643129882538,-1.988485519790897],[130.5643946314071,-1.988551246742601],[130.56429257814,-1.988700833676463]]],[[[130.563325735894,-1.988448640392429],[130.5634530628087,-1.988567499290619],[130.5631622733203,-1.988772208370706],[130.5631144006091,-1.988548352724242],[130.563325735894,-1.988448640392429]]],[[[130.5429565618959,-1.988540124826857],[130.5432239726083,-1.988732562657594],[130.5429799703494,-1.988967306395997],[130.542658940258,-1.988588204382127],[130.5429565618959,-1.988540124826857]]],[[[130.5644626660193,-1.988471921142201],[130.564333399267,-1.98844019036242],[130.5644672013003,-1.988317800725861],[130.5645307006314,-1.988390328350922],[130.5644626660193,-1.988471921142201]]],[[[130.5548493630078,-1.98900885597382],[130.5537561920946,-1.98965676984402],[130.5531864266123,-1.989378398194466],[130.5546089319567,-1.988298103774413],[130.5548493630078,-1.98900885597382]]],[[[130.5488716862793,-1.988266346914338],[130.5487310179223,-1.989596193309653],[130.5475900903104,-1.989681638796517],[130.5475251277824,-1.989189908387504],[130.5488716862793,-1.988266346914338]]],[[[130.5555022699138,-1.988285837921014],[130.5555253186386,-1.988736452225462],[130.5551171181605,-1.988835604279673],[130.554995921025,-1.988403161676525],[130.5555022699138,-1.988285837921014]]],[[[130.5642018644245,-1.988363130154339],[130.564083937224,-1.988367662737359],[130.5640884734044,-1.988270205005874],[130.5641973291434,-1.988297402303177],[130.5642018644245,-1.988363130154339]]],[[[130.5633695688506,-1.988311000951873],[130.5632856594057,-1.988301934886374],[130.5633083367104,-1.988209009737909],[130.5634013176168,-1.98824074141706],[130.5633695688506,-1.988311000951873]]],[[[130.5626556996009,-1.988833323598962],[130.5658791522012,-1.995188733573164],[130.567882143846,-1.994964509204669],[130.5691619960294,-1.993848008978352],[130.569888347869,-1.990969261122435],[130.570893378027,-1.990653999282602],[130.5673446658237,-1.998963877081186],[130.57274045241,-1.994542582374217],[130.5749932631287,-1.994320930966145],[130.5839919298838,-2.00116862083515],[130.6005598512562,-1.999598884780676],[130.5999536614324,-2.003229884951166],[130.548245556687,-1.99699037960224],[130.5626556996009,-1.988833323598962]]],[[[130.5608659246228,-1.988468768119114],[130.5607209350231,-1.988423604166004],[130.5607341163865,-1.988124388030046],[130.5609487773643,-1.988220362779527],[130.5608659246228,-1.988468768119114]]],[[[130.5525325817133,-1.98864384094051],[130.5523645595769,-1.988524087216861],[130.5523805252411,-1.988082758412515],[130.5525735773089,-1.988245346845277],[130.5525325817133,-1.98864384094051]]],[[[130.5496510702408,-1.988258343847418],[130.5495661571525,-1.98826863029298],[130.549514695247,-1.988106621023691],[130.5496536432012,-1.988086048132567],[130.5496510702408,-1.988258343847418]]],[[[130.5360885779256,-1.988508847305395],[130.5352948623682,-1.990608784967376],[130.5337727139397,-1.988623557631078],[130.5356940921088,-1.987916158104122],[130.5360885779256,-1.988508847305395]]],[[[130.5524073349307,-1.987983079355596],[130.5522751327912,-1.98788344076817],[130.5522968721031,-1.987647050371047],[130.5524762904484,-1.987706479370457],[130.5524073349307,-1.987983079355596]]],[[[130.537115533555,-1.988082590239307],[130.5368393373656,-1.987855699381027],[130.5371725856464,-1.987000104171413],[130.5372865639238,-1.987187742320431],[130.537115533555,-1.988082590239307]]],[[[130.5238737277903,-1.988332013611485],[130.5237241021856,-1.987064543293984],[130.5249381212973,-1.986727069098906],[130.5247761039341,-1.987577614615146],[130.5238737277903,-1.988332013611485]]],[[[130.5542263099962,-1.98676345566893],[130.5540632170439,-1.986695968743904],[130.5541475752505,-1.986577867074837],[130.5542994212814,-1.98662660673248],[130.5542263099962,-1.98676345566893]]],[[[130.5530064902574,-1.986749960442305],[130.5529269641083,-1.98667048195709],[130.552950459796,-1.986473594280882],[130.5530354079577,-1.986567522173369],[130.5530064902574,-1.986749960442305]]],[[[130.5532053042814,-1.98650791420876],[130.5530896298826,-1.986495269740887],[130.5532016890067,-1.986321863363186],[130.5532324152439,-1.98640314678771],[130.5532053042814,-1.98650791420876]]],[[[130.5534131546935,-1.98622612783346],[130.5533517040181,-1.986220709418143],[130.5533173634057,-1.986123168049739],[130.5533950810183,-1.986134005779741],[130.5534131546935,-1.98622612783346]]],[[[130.5543456851053,-1.986490169685487],[130.5540567769988,-1.986521090176099],[130.5537567973384,-1.986810329233249],[130.5535098453032,-1.987501429447372],[130.5532330798428,-1.987487680611968],[130.5531260218485,-1.987009692743039],[130.5542461031752,-1.986095796283907],[130.5543456851053,-1.986490169685487]]],[[[130.5532577185689,-1.986218902680184],[130.5531763856817,-1.98618097017558],[130.5531583120065,-1.986014788951332],[130.5532721778688,-1.986076203653811],[130.5532577185689,-1.986218902680184]]],[[[130.5531384297948,-1.985938923942124],[130.5530697485701,-1.985937117204164],[130.5530697485701,-1.985857638718949],[130.5531312010442,-1.985863058033635],[130.5531384297948,-1.985938923942124]]],[[[130.5430667711147,-1.986051358083676],[130.5431188121835,-1.985860732386849],[130.5432065896125,-1.985840818698728],[130.5432289782348,-1.985968020607645],[130.5430667711147,-1.986051358083676]]],[[[130.5394701763076,-1.986261255352575],[130.5384383265675,-1.987805938992862],[130.5377387529412,-1.987575702656466],[130.5376611693275,-1.98588328468581],[130.5394701763076,-1.986261255352575]]],[[[130.5436731695812,-1.985260818931581],[130.5435343277471,-1.985145315403949],[130.5436577650939,-1.984934275996045],[130.5437417635715,-1.984979522686794],[130.5436731695812,-1.985260818931581]]],[[[130.5519144722751,-1.988457406983704],[130.5507782049503,-1.987358981331846],[130.5520993782837,-1.98483354293362],[130.5526708848536,-1.986123781387297],[130.5519144722751,-1.988457406983704]]],[[[130.5549321231191,-1.984956168192545],[130.5548024013099,-1.98492505344843],[130.5548162382788,-1.984774667017211],[130.5549978482721,-1.984833437712988],[130.5549321231191,-1.984956168192545]]],[[[130.5496251256991,-1.985794474835048],[130.5499425737908,-1.98809725368532],[130.5470906338257,-1.98700507292571],[130.5493517920516,-1.984595106578871],[130.5496251256991,-1.985794474835048]]],[[[130.5454342705752,-1.98441043709188],[130.545350594954,-1.984322765783],[130.5454558641968,-1.984263418621859],[130.5455071489358,-1.98434029986492],[130.5454342705752,-1.98441043709188]]],[[[130.5227647512923,-1.984355450743427],[130.5229318579189,-1.985847533037147],[130.521487231051,-1.987580287400339],[130.5214519128756,-1.985209510810273],[130.5227647512923,-1.984355450743427]]],[[[130.5521517808801,-1.984694659730726],[130.5521284893384,-1.984228361249832],[130.5521887394189,-1.984168606695816],[130.5523129393908,-1.98436519579708],[130.5521517808801,-1.984694659730726]]],[[[130.514432835607,-1.98407995062915],[130.5143739947642,-1.984086869113691],[130.5143255365944,-1.984014226375377],[130.5144536036509,-1.984000389406384],[130.514432835607,-1.98407995062915]]],[[[130.5427423739615,-1.985628967203004],[130.5419995357501,-1.985419256093726],[130.5421814164392,-1.983832216183748],[130.5424981153958,-1.983930273763049],[130.5427423739615,-1.985628967203004]]],[[[130.5019295063418,-1.983779183162751],[130.5018305098702,-1.983742080732378],[130.5020214314439,-1.983572474889764],[130.5020585536594,-1.983657278260756],[130.5019295063418,-1.983779183162751]]],[[[130.522107604982,-1.983474312089831],[130.5221714559479,-1.984018948715496],[130.5216203271165,-1.984554498591232],[130.5216447446094,-1.983964064889657],[130.522107604982,-1.983474312089831]]],[[[130.4520488338867,-1.983724257068767],[130.4518159076782,-1.983724257068767],[130.4517683722126,-1.983491470255119],[130.4519917907886,-1.983481968917625],[130.4520488338867,-1.983724257068767]]],[[[130.5521642391883,-1.983783049348167],[130.5520278516042,-1.983555154846497],[130.5522348521568,-1.983361679198106],[130.5522715031275,-1.983550032308104],[130.5521642391883,-1.983783049348167]]],[[[130.5410915028706,-1.983775823295522],[130.5414317020116,-1.984900938127756],[130.5408547770264,-1.985207949587123],[130.5401019482464,-1.984212630308571],[130.5410915028706,-1.983775823295522]]],[[[130.5411404853452,-1.983365068742929],[130.5409490880301,-1.983387871053369],[130.5409135971849,-1.983302996635919],[130.541036547099,-1.983226991332534],[130.5411404853452,-1.983365068742929]]],[[[130.531395294957,-1.983598104668774],[130.5312915851386,-1.983553132271235],[130.5318797921187,-1.982982135617009],[130.5318328412127,-1.983421282666045],[130.531395294957,-1.983598104668774]]],[[[130.5121714498526,-1.983044653787738],[130.5121472212174,-1.983093082279888],[130.5120364607142,-1.98305503106482],[130.5121056860287,-1.982961632872973],[130.5121714498526,-1.983044653787738]]],[[[130.5130642392234,-1.982941604971058],[130.5134625525549,-1.983528227345735],[130.51427802631,-1.984144029123572],[130.5126777708626,-1.98435029672879],[130.5130642392234,-1.982941604971058]]],[[[130.5134097623508,-1.98309145900353],[130.5132619335915,-1.982945311976517],[130.513531433429,-1.982901281169161],[130.5135709163648,-1.982971038882278],[130.5134097623508,-1.98309145900353]]],[[[130.5259780082786,-1.982915432001578],[130.5258612735789,-1.982882289286161],[130.5258214785785,-1.982813350855375],[130.5259183148783,-1.982782860240809],[130.5259780082786,-1.982915432001578]]],[[[130.5433318552809,-1.983149854681956],[130.5431821280529,-1.983110592080076],[130.5431748390477,-1.982757722390962],[130.5433663460801,-1.982803950242021],[130.5433318552809,-1.983149854681956]]],[[[130.4988233388261,-1.983364219782827],[130.49870925263,-1.983064922707969],[130.499370003423,-1.982699115371814],[130.4994032783387,-1.982851138569133],[130.4988233388261,-1.983364219782827]]],[[[130.526462931719,-1.982757110851965],[130.5263387982969,-1.982713959581497],[130.5263526055884,-1.982586619177054],[130.5264845226428,-1.982631411710292],[130.526462931719,-1.982757110851965]]],[[[130.4989832607689,-1.982699115371814],[130.4988661222737,-1.982632605110604],[130.4989944690196,-1.982442574764923],[130.4991038013995,-1.982561342831682],[130.4989832607689,-1.982699115371814]]],[[[130.5246356577095,-1.982544914915854],[130.5245599509811,-1.982532809141782],[130.5246114317721,-1.982390565172379],[130.5246780544487,-1.982454121160762],[130.5246356577095,-1.982544914915854]]],[[[130.5260341988193,-1.982290333032369],[130.5260765128208,-1.982712142951007],[130.5256154753739,-1.982394559960968],[130.5256600808481,-1.982299023181325],[130.5260341988193,-1.982290333032369]]],[[[130.5401077515715,-1.983339120603913],[130.5399799057482,-1.983266717085266],[130.5403622633079,-1.982204892042086],[130.5406139565689,-1.982454364877009],[130.5401077515715,-1.983339120603913]]],[[[130.5254164796869,-1.982297339650499],[130.5253528067867,-1.982309271855323],[130.5252811748864,-1.982196585004361],[130.525407195086,-1.982213819611969],[130.5254164796869,-1.982297339650499]]],[[[130.4934699103081,-1.986047189726017],[130.4923575694463,-1.985484226715675],[130.4936695607018,-1.982127826437965],[130.49413303711,-1.984629093757631],[130.4934699103081,-1.986047189726017]]],[[[130.5052020088657,-1.982567433040552],[130.504852597969,-1.984144697319914],[130.5042202693499,-1.984628217817955],[130.5048421433503,-1.982035422896347],[130.5052020088657,-1.982567433040552]]],[[[130.5276568896539,-1.982518356137211],[130.5274134836454,-1.98539339069235],[130.5261721188483,-1.985465051370985],[130.5251127777326,-1.983995799266649],[130.5276568896539,-1.982518356137211]]],[[[130.5145158007637,-1.982087131216106],[130.5152753555733,-1.982492572574104],[130.5152134588341,-1.982883602296306],[130.5138325309467,-1.982139628241233],[130.5145158007637,-1.982087131216106]]],[[[130.4994365532544,-1.982228790626175],[130.4992464086949,-1.982157530145814],[130.4993224670583,-1.981900988639643],[130.4995031030857,-1.981953247344473],[130.4994365532544,-1.982228790626175]]],[[[130.5005061115678,-1.982029258943088],[130.5003349822737,-1.982010256268277],[130.5003730110058,-1.981796473028721],[130.5004966039352,-1.981853481952525],[130.5005061115678,-1.982029258943088]]],[[[130.526346307636,-1.982087384824885],[130.5261708013414,-1.981849374748792],[130.5264762650677,-1.981780277138048],[130.5264862232607,-1.981921192808736],[130.526346307636,-1.982087384824885]]],[[[130.5252712427736,-1.981944467263277],[130.5248423336069,-1.983057795580725],[130.5246170066696,-1.983146442654141],[130.5248460181294,-1.982328387844825],[130.5246159301811,-1.981969590723923],[130.5252712427736,-1.981944467263277]]],[[[130.508943321677,-1.981737443328305],[130.5083460324435,-1.982468995947409],[130.5078634931058,-1.982378784053632],[130.5083175464178,-1.981766861951042],[130.508943321677,-1.981737443328305]]],[[[130.498471572605,-1.982105271441073],[130.4981816041978,-1.981772719235567],[130.4983194576769,-1.981592190227291],[130.4986427027985,-1.981848730834182],[130.498471572605,-1.982105271441073]]],[[[130.526399452173,-1.981647235931108],[130.5262730956269,-1.981638954973766],[130.5262896674343,-1.98153130702419],[130.526399452173,-1.981541658220889],[130.526399452173,-1.981647235931108]]],[[[130.5300942457529,-1.981972546795488],[130.530813899442,-1.982967445191333],[130.5281311624233,-1.988816685241781],[130.5278920129061,-1.985305473868484],[130.5300942457529,-1.981972546795488]]],[[[130.5032865041688,-1.980994731021982],[130.5031967851036,-1.980965447297558],[130.5032031433105,-1.980858513409592],[130.5033453917765,-1.980896702220994],[130.5032865041688,-1.980994731021982]]],[[[130.5326622940297,-1.981105865643132],[130.5330044500954,-1.981030840600775],[130.5327173900955,-1.982016192693051],[130.5322549748872,-1.981591684808295],[130.5326622940297,-1.981105865643132]]],[[[130.8074124896947,-1.980842759985338],[130.8072163115836,-1.980800919926454],[130.8072247796001,-1.98062978703504],[130.8074858150184,-1.980636753183587],[130.8074124896947,-1.980842759985338]]],[[[130.5026846238964,-1.98211342379542],[130.5043268713881,-1.981444248153499],[130.5024796863885,-1.983773102846412],[130.4999366446605,-1.982547162321582],[130.5026846238964,-1.98211342379542]]],[[[130.494009090747,-1.981767458201558],[130.4936806376513,-1.981115397557501],[130.4945250641804,-1.980490851671471],[130.4943461251736,-1.981440247969049],[130.494009090747,-1.981767458201558]]],[[[130.5026947286789,-1.980469873186033],[130.502632810356,-1.980448656380387],[130.5027071123434,-1.980397383332535],[130.5027265727732,-1.980445120246069],[130.5026947286789,-1.980469873186033]]],[[[130.5028380266536,-1.980482248756735],[130.5027814152302,-1.98048048068962],[130.5027639998588,-1.980402999598743],[130.5028274119555,-1.980395614366051],[130.5028380266536,-1.980482248756735]]],[[[130.5029742487626,-1.98048048068962],[130.5029052527753,-1.980434511843201],[130.5029247141044,-1.980285995102518],[130.5029813246285,-1.980349644620352],[130.5029742487626,-1.98048048068962]]],[[[130.5185602120842,-1.980367363962612],[130.5184393467985,-1.980332851579794],[130.5184738798657,-1.980208608440462],[130.5185533052909,-1.9802189614359],[130.5185602120842,-1.980367363962612]]],[[[130.4993125978981,-1.981781784401784],[130.4985929612962,-1.981378980755347],[130.5000068403434,-1.980026723254616],[130.5001322642926,-1.980653470681107],[130.4993125978981,-1.981781784401784]]],[[[130.5283830328508,-1.980532141345195],[130.5280998300432,-1.982278370250492],[130.5265568901884,-1.981887004181784],[130.5265453599805,-1.98019232621485],[130.5283830328508,-1.980532141345195]]],[[[130.5032519477192,-1.979767537741653],[130.5031282135963,-1.979683086904929],[130.5032006431952,-1.979595619741994],[130.5032700546693,-1.979625781204744],[130.5032519477192,-1.979767537741653]]],[[[130.5115831952084,-1.979791750189078],[130.5114386678602,-1.979717923942983],[130.5115318079466,-1.979518916564674],[130.5116088888392,-1.979628050194362],[130.5115831952084,-1.979791750189078]]],[[[130.5182220544044,-1.979499769998297],[130.5188623564127,-1.983449471016188],[130.5157230542756,-1.987312126653221],[130.515062536407,-1.984101246575223],[130.5182220544044,-1.979499769998297]]],[[[130.4984827403862,-1.980098893848828],[130.4982622958683,-1.979954550861843],[130.4986195668396,-1.979430361222148],[130.4987753968671,-1.979855790912024],[130.4984827403862,-1.980098893848828]]],[[[130.511991081823,-1.979689035920254],[130.5117951681126,-1.979589533130424],[130.5121580913229,-1.979400154793234],[130.5121869973321,-1.979499657583064],[130.511991081823,-1.979689035920254]]],[[[130.8110647894086,-1.980052742440089],[130.8108313119155,-1.97978159144723],[130.8108693496408,-1.979301504560718],[130.8112056969855,-1.979620549848418],[130.8110647894086,-1.980052742440089]]],[[[130.810745596632,-1.979329443798752],[130.8106114888292,-1.979323108074896],[130.8105946876948,-1.979289414075128],[130.8107468197101,-1.979267204417903],[130.810745596632,-1.979329443798752]]],[[[130.4446213430007,-1.979935532898461],[130.4441459829508,-1.979994916931885],[130.4442054029571,-1.979294179582672],[130.4447877175792,-1.979448579688173],[130.4446213430007,-1.979935532898461]]],[[[130.4886152404011,-1.980789021895804],[130.4883293809962,-1.982117183860924],[130.4887040529498,-1.979213596730103],[130.4888356255637,-1.979617625253185],[130.4886152404011,-1.980789021895804]]],[[[130.8083247206094,-1.980232855961519],[130.8080003783149,-1.98104569470299],[130.8074744224068,-1.979085119582605],[130.8080812156756,-1.979139737209026],[130.8083247206094,-1.980232855961519]]],[[[130.5257981321781,-1.979071156708459],[130.5255616437549,-1.978855098184143],[130.5256276728788,-1.978723247679673],[130.5257622195508,-1.978823385390863],[130.5257981321781,-1.979071156708459]]],[[[130.5019029079929,-1.979605360299066],[130.5017496581203,-1.978927328133631],[130.5019957351153,-1.978596523310808],[130.50235489826,-1.979231586768273],[130.5019029079929,-1.979605360299066]]],[[[130.5194530868905,-1.978556053818783],[130.5197744452344,-1.979637966119155],[130.5184771102305,-1.979359551302176],[130.5189596747492,-1.978608427636777],[130.5194530868905,-1.978556053818783]]],[[[130.5044886351425,-1.978525093758046],[130.5051125802815,-1.978511493310789],[130.5050641517892,-1.979137622003593],[130.5042961001849,-1.978590995178278],[130.5044886351425,-1.978525093758046]]],[[[130.4707345651482,-1.979389108420529],[130.4699725587866,-1.98092137961792],[130.4681424384229,-1.981853177981721],[130.4678866577432,-1.980277990237036],[130.4707345651482,-1.979389108420529]]],[[[130.5117389856657,-1.978427484940395],[130.5117672432637,-1.978769883822975],[130.5113318400925,-1.978941803621284],[130.5114090450915,-1.978385135865304],[130.5117389856657,-1.978427484940395]]],[[[130.80870350876,-1.978856467851633],[130.8085579408963,-1.978786401671043],[130.8087712690788,-1.978282879351381],[130.8090975143389,-1.978595614096237],[130.80870350876,-1.978856467851633]]],[[[130.5164832422079,-1.978787500642534],[130.5163821188398,-1.978770853292191],[130.5165050723513,-1.978162944863973],[130.5167107041358,-1.978398405362006],[130.5164832422079,-1.978787500642534]]],[[[130.5021570851814,-1.978556123965872],[130.5019946271503,-1.978479936999447],[130.5020896702022,-1.978077427431282],[130.5022167587964,-1.978127127564802],[130.5021570851814,-1.978556123965872]]],[[[130.5117887442552,-1.978254258427262],[130.5116795458744,-1.978174012820391],[130.5117212986991,-1.978045621108462],[130.511808014928,-1.978119445555906],[130.5117887442552,-1.978254258427262]]],[[[130.5168947791708,-1.978242559146695],[130.5167475070918,-1.978032541368593],[130.5170890318334,-1.977956484803903],[130.517094398088,-1.978115845569819],[130.5168947791708,-1.978242559146695]]],[[[130.4510101735807,-1.978161123736813],[130.4507820011885,-1.978211007332023],[130.4508390442866,-1.977925960914353],[130.4510101735807,-1.978068483673548],[130.4510101735807,-1.978161123736813]]],[[[130.5258462917731,-1.980355475824494],[130.5248020026104,-1.979700745093263],[130.5258626288573,-1.979073431093939],[130.5265521453653,-1.977880796061873],[130.5258462917731,-1.980355475824494]]],[[[130.4885776289544,-1.978161178595508],[130.4883539198976,-1.978071695152542],[130.4884606118678,-1.977820453351134],[130.4886326953427,-1.977937470437821],[130.4885776289544,-1.978161178595508]]],[[[130.5249609802651,-1.978018496656267],[130.523666384596,-1.981050173326773],[130.5239178017651,-1.982571709316863],[130.5229054960919,-1.981221301721606],[130.5249609802651,-1.978018496656267]]],[[[130.480557973172,-1.977943580431843],[130.4804295104136,-1.978171311256974],[130.4801083508199,-1.977920223239662],[130.4805462936765,-1.977569868954257],[130.480557973172,-1.977943580431843]]],[[[130.5055023185772,-1.97792201558851],[130.505316372053,-1.97791393607927],[130.5051951020723,-1.977602863281438],[130.5055184883875,-1.97762306205467],[130.5055023185772,-1.97792201558851]]],[[[130.4494557475847,-1.977690798991175],[130.449234705917,-1.977626662940127],[130.4492917490151,-1.977441383712877],[130.4494842695835,-1.977491267308087],[130.4494557475847,-1.977690798991175]]],[[[130.8132721537869,-1.97751890707181],[130.8128405547478,-1.977558670596105],[130.812771417567,-1.977285593255454],[130.8131640696662,-1.977359997765651],[130.8132721537869,-1.97751890707181]]],[[[130.4995663775863,-1.977381906150002],[130.4994426452619,-1.977297455313279],[130.4995150739616,-1.977209988150344],[130.499584486335,-1.977240148713902],[130.4995663775863,-1.977381906150002]]],[[[130.4760527411412,-1.978468932894886],[130.4794295758144,-1.980754695672607],[130.4746792137747,-1.987160537828528],[130.4706053856301,-1.983569060163928],[130.4760527411412,-1.978468932894886]]],[[[130.509720193832,-1.977453538949606],[130.5094547067694,-1.977348293089223],[130.5094434499554,-1.977127846772644],[130.5097508049558,-1.9773377197599],[130.509720193832,-1.977453538949606]]],[[[130.4914511256689,-1.983196614032481],[130.491027589052,-1.981076814843144],[130.4936115346446,-1.977058020711],[130.4930119746229,-1.980197211332227],[130.4914511256689,-1.983196614032481]]],[[[130.4870467517063,-1.976978375851315],[130.487613063792,-1.977268669813251],[130.4868659133313,-1.977725526311927],[130.4867612169567,-1.977002170114053],[130.4870467517063,-1.976978375851315]]],[[[130.5130672753346,-1.977322123716954],[130.5129899822019,-1.977050874698064],[130.5131611411738,-1.97690090735099],[130.5132267251333,-1.977103299777452],[130.5130672753346,-1.977322123716954]]],[[[130.8097948900222,-1.978027843310295],[130.809663255355,-1.977738919015851],[130.8101105106916,-1.976818253359694],[130.810106515903,-1.977677061846864],[130.8097948900222,-1.978027843310295]]],[[[130.5045690417279,-1.977922934695611],[130.5044269641332,-1.977737016050421],[130.5052273949284,-1.976777920564546],[130.5050163807014,-1.9776495848604],[130.5045690417279,-1.977922934695611]]],[[[130.505560634216,-1.976681167901509],[130.5055747149013,-1.976798002425786],[130.5053078518759,-1.976812641590067],[130.5054421377446,-1.976645117677991],[130.505560634216,-1.976681167901509]]],[[[130.5158637046464,-1.976881132158484],[130.515727378216,-1.976742031319636],[130.5159443918203,-1.976602604926272],[130.516018066081,-1.97675052091977],[130.5158637046464,-1.976881132158484]]],[[[130.514632389773,-1.977500711088867],[130.5141684789921,-1.980391827320974],[130.5083732863981,-1.980476260171196],[130.5104705836505,-1.977551301551264],[130.514632389773,-1.977500711088867]]],[[[130.4998739079546,-1.97714415777657],[130.4996086798967,-1.976818343291844],[130.4999125868964,-1.976492527008469],[130.5000838807665,-1.976674762929933],[130.4998739079546,-1.97714415777657]]],[[[130.5108157209688,-1.977310695132386],[130.5103885232118,-1.976877874814045],[130.5106547899867,-1.976486605872177],[130.5109662998549,-1.976790813245335],[130.5108157209688,-1.977310695132386]]],[[[130.4665640715747,-1.976688740193103],[130.4661909761327,-1.976555571282537],[130.466324225083,-1.976271476347494],[130.4665196558575,-1.976324744091665],[130.4665640715747,-1.976688740193103]]],[[[130.4910902286313,-1.976572981258043],[130.4919363926505,-1.9771051766625],[130.4899461138221,-1.981283520418023],[130.4886350740495,-1.977345783081377],[130.4910902286313,-1.976572981258043]]],[[[130.5056903479313,-1.976610741092768],[130.5055469600243,-1.976277407376406],[130.5058606489498,-1.976158599739522],[130.5058760894101,-1.976305565149675],[130.5056903479313,-1.976610741092768]]],[[[130.5041899406133,-1.976310096833414],[130.5040894000059,-1.976247003995971],[130.504185265038,-1.976145355423744],[130.504255410359,-1.976228309788633],[130.5041899406133,-1.976310096833414]]],[[[130.5173402907219,-1.97630824243136],[130.5169164897043,-1.976403405992391],[130.5168144634168,-1.976237643852111],[130.5171911579456,-1.976133765860569],[130.5173402907219,-1.97630824243136]]],[[[130.5072976882378,-1.976736684850058],[130.5073546450009,-1.976314265191162],[130.5077271657761,-1.976121902004094],[130.5077178479004,-1.976233991705348],[130.5072976882378,-1.976736684850058]]],[[[130.5120380803932,-1.976062140255477],[130.5120380803932,-1.97617157785597],[130.5119875402928,-1.976202955202114],[130.5119163247787,-1.97610270057911],[130.5120380803932,-1.976062140255477]]],[[[130.4882311912165,-1.977049696586144],[130.4878930299394,-1.976838370294479],[130.4881091271345,-1.97603654285208],[130.4884218088195,-1.976279954256446],[130.4882311912165,-1.977049696586144]]],[[[130.5126658386576,-1.976001974711286],[130.512772034202,-1.976757504155449],[130.5125947346594,-1.97685501584626],[130.5121182081888,-1.976220357083738],[130.5126658386576,-1.976001974711286]]],[[[130.5289178767586,-1.975964693315893],[130.5288371742962,-1.975945553944117],[130.5288741058554,-1.97582935703913],[130.5289548083179,-1.975920947593648],[130.5289178767586,-1.975964693315893]]],[[[130.5290478207004,-1.976013905117549],[130.5289739575822,-1.975972895132896],[130.529030039305,-1.975754171018165],[130.5291244195564,-1.97579791494176],[130.5290478207004,-1.976013905117549]]],[[[130.8089181265703,-1.976281389574444],[130.8085438188423,-1.975900780296749],[130.8085670222504,-1.975746333426523],[130.8089746759406,-1.976093335938669],[130.8089181265703,-1.976281389574444]]],[[[130.8035827969086,-1.975884809236542],[130.8035166059067,-1.975863271372782],[130.8035689428525,-1.975723275708566],[130.8036243581777,-1.975792503721044],[130.8035827969086,-1.975884809236542]]],[[[130.4626510017424,-1.976677199193302],[130.4624911040812,-1.975762769436143],[130.4627753680888,-1.97570950079278],[130.4628908500327,-1.975816036281033],[130.4626510017424,-1.976677199193302]]],[[[130.5287851961799,-1.975817054313536],[130.5287578397026,-1.975933251218523],[130.528555399612,-1.97589224033459],[130.5287345859325,-1.975678984097742],[130.5287851961799,-1.975817054313536]]],[[[130.4923638988749,-1.976275697765198],[130.4921244139107,-1.975920355839714],[130.4923910179312,-1.975592444135968],[130.4925195670245,-1.975937428569432],[130.4923638988749,-1.976275697765198]]],[[[130.5029943746907,-1.976105630570382],[130.5030069247299,-1.975658397716787],[130.5031251514047,-1.975535081778526],[130.5031877694001,-1.975771370552229],[130.5029943746907,-1.976105630570382]]],[[[130.4883463745856,-1.975914785438951],[130.4880591239294,-1.975958118372459],[130.4880374439729,-1.975530205654399],[130.4882867567285,-1.97555728873782],[130.4883463745856,-1.975914785438951]]],[[[130.4943848256992,-1.976275109608563],[130.4939529280853,-1.977131480933084],[130.4934129724308,-1.97613332609208],[130.4941216193173,-1.975412228091747],[130.4943848256992,-1.976275109608563]]],[[[130.4937075903331,-1.975572964820385],[130.4935792426879,-1.975577715938817],[130.4935982570541,-1.975292670420339],[130.4937456190652,-1.97539718693063],[130.4937075903331,-1.975572964820385]]],[[[130.4583906461115,-1.975816961683366],[130.4581542898886,-1.984026183761303],[130.4624380350873,-1.976887570404953],[130.4668223074036,-1.981117922853828],[130.4556460591184,-1.987145702612095],[130.4583906461115,-1.975816961683366]]],[[[130.469343707846,-1.975617427302348],[130.4704456894171,-1.975461801421011],[130.4695348056867,-1.977148925982045],[130.4686471874178,-1.975142064554605],[130.469343707846,-1.975617427302348]]],[[[130.5284732591336,-1.975867239181708],[130.5277629538973,-1.975877939315376],[130.5285731063638,-1.975048170836383],[130.5286196669641,-1.975581234086635],[130.5284732591336,-1.975867239181708]]],[[[130.4644226886562,-1.975252773796379],[130.4643552502946,-1.975053785303851],[130.4646089508425,-1.97508267062865],[130.4645704139934,-1.975182165324599],[130.4644226886562,-1.975252773796379]]],[[[130.5036452257466,-1.975604988779159],[130.5033671742558,-1.975644903389531],[130.503416636069,-1.974856315766329],[130.503506270598,-1.974906352246267],[130.5036452257466,-1.975604988779159]]],[[[130.445518384366,-1.975954586734721],[130.4466575708902,-1.97518590560504],[130.4448886350026,-1.977326694970907],[130.4446625229571,-1.97491138035584],[130.445518384366,-1.975954586734721]]],[[[130.4905522487874,-1.975199792036689],[130.4902704183452,-1.975086043086341],[130.4903842338453,-1.974777295935473],[130.4905088906728,-1.974815212252226],[130.4905522487874,-1.975199792036689]]],[[[130.4879066933393,-1.975467336748141],[130.4876576926484,-1.975121255141746],[130.4879442867995,-1.97471056534029],[130.4881423067221,-1.975095171205135],[130.4879066933393,-1.975467336748141]]],[[[130.4660669299449,-1.974874053095091],[130.4659641653141,-1.974819492125748],[130.4660733529029,-1.974655807419515],[130.4661343692059,-1.97476172057687],[130.4660669299449,-1.974874053095091]]],[[[130.4974807562321,-1.974996933761444],[130.497186033109,-1.975196467243093],[130.496929338718,-1.97509194983361],[130.4975377993301,-1.974645377082387],[130.4974807562321,-1.974996933761444]]],[[[130.5100609541498,-1.974641199731566],[130.5101621458664,-1.974732662582282],[130.5100429182462,-1.97479316537226],[130.509993029255,-1.974678733836457],[130.5100609541498,-1.974641199731566]]],[[[130.4636776426092,-1.974626922094716],[130.4638831727702,-1.974655807419515],[130.4639056531234,-1.97477134871871],[130.4636391057603,-1.97477134871871],[130.4636776426092,-1.974626922094716]]],[[[130.4666096582092,-1.97530412598457],[130.466298151039,-1.974825910587244],[130.4668055539332,-1.974626922094716],[130.466856935799,-1.974729625571728],[130.4666096582092,-1.97530412598457]]],[[[130.5135510269584,-1.974680637701256],[130.5134443682631,-1.974678268886956],[130.5134099997717,-1.974594176879732],[130.5135474719383,-1.974569305229215],[130.5135510269584,-1.974680637701256]]],[[[130.5078121481122,-1.974979539973701],[130.5076553809911,-1.974627367259155],[130.507835370406,-1.974389028031156],[130.5079667667529,-1.974765125410174],[130.5078121481122,-1.974979539973701]]],[[[130.4939437702889,-1.97523289338333],[130.4938648970473,-1.974636434224022],[130.4942899499213,-1.974377174966582],[130.4943517396411,-1.974641617916253],[130.4939437702889,-1.97523289338333]]],[[[130.4503467266202,-1.979527832443464],[130.4499095445899,-1.982434490759102],[130.4477352806587,-1.97986129116561],[130.449267107591,-1.974307324623295],[130.4503467266202,-1.979527832443464]]],[[[130.8036926517946,-1.975372671411593],[130.8034825638692,-1.975206849916125],[130.8035404397395,-1.974259154236504],[130.8043257781122,-1.974801030842846],[130.8036926517946,-1.975372671411593]]],[[[130.4792650457454,-1.974505789710415],[130.4811765421638,-1.976880506230286],[130.4769998468655,-1.977743588295924],[130.4781151276111,-1.974432555218167],[130.4792650457454,-1.974505789710415]]],[[[130.4707015744181,-1.974903324228963],[130.4702545457108,-1.97480652570057],[130.4702731715697,-1.974192226689889],[130.4705935415588,-1.974315086671899],[130.4707015744181,-1.974903324228963]]],[[[130.4880157649156,-1.974501047585234],[130.4878856887735,-1.974268133067783],[130.4879453066306,-1.974089384717262],[130.4880645441434,-1.974246466601118],[130.4880157649156,-1.974501047585234]]],[[[130.4877664530594,-1.974235634267066],[130.4876580559745,-1.974197717050943],[130.487706834303,-1.974067718250508],[130.4878206507026,-1.974111051184016],[130.4877664530594,-1.974235634267066]]],[[[130.507902645091,-1.974172929037435],[130.5077794712456,-1.974115609847418],[130.5077330410471,-1.974005424910422],[130.5078799515986,-1.973987004996205],[130.507902645091,-1.974172929037435]]],[[[130.4563017800031,-1.974078725053088],[130.4565206902777,-1.974982919625992],[130.4552500579439,-1.974007341365683],[130.4562018419415,-1.973888368253521],[130.4563017800031,-1.974078725053088]]],[[[130.4714660089492,-1.97634332678305],[130.4705761657575,-1.975258937749727],[130.4718582302731,-1.973886781849446],[130.472388968776,-1.975321695140034],[130.4714660089492,-1.97634332678305]]],[[[130.4684732279572,-1.974953917389291],[130.4676111090655,-1.974444987446214],[130.467733719036,-1.973892309982064],[130.4683826329522,-1.974234702569413],[130.4684732279572,-1.974953917389291]]],[[[130.4899669070472,-1.974549798034689],[130.4896091972067,-1.974354798934799],[130.4901024034033,-1.973861886816566],[130.4901566010463,-1.974176050584189],[130.4899669070472,-1.974549798034689]]],[[[130.5103759569849,-1.974609144296549],[130.5102051262657,-1.973876853334014],[130.5105576074477,-1.973715825225122],[130.5106247760127,-1.97394507770319],[130.5103759569849,-1.974609144296549]]],[[[130.4824330317591,-1.974350328404897],[130.481724142955,-1.974233251063653],[130.4815221336396,-1.973756039309718],[130.482426027839,-1.973787926571527],[130.4824330317591,-1.974350328404897]]],[[[130.4728214869222,-1.974314716151218],[130.4723300002294,-1.974187623959603],[130.4719450598167,-1.973686124215204],[130.4723093778756,-1.973741082684802],[130.4728214869222,-1.974314716151218]]],[[[130.8006978743076,-1.973965823264104],[130.8005151041888,-1.974412377129456],[130.800046482759,-1.974122143422077],[130.8007321168937,-1.973619758744841],[130.8006978743076,-1.973965823264104]]],[[[130.4872298887484,-1.974018968700422],[130.4870401938499,-1.973715638166132],[130.4871323311922,-1.973563971999662],[130.4872136290059,-1.973596471699748],[130.4872298887484,-1.974018968700422]]],[[[130.8001030501157,-1.973708485857875],[130.7999910197698,-1.973669707091277],[130.7999624033424,-1.973567362443765],[130.8000560677334,-1.973569307677339],[130.8001030501157,-1.973708485857875]]],[[[130.3336063352642,-1.973485933329114],[130.3531086140714,-1.981097250137934],[130.3964705191991,-1.983914718189597],[130.4046518470052,-1.993802863911023],[130.4009106726894,-2.00997996780117],[130.3949828489793,-2.006461430550546],[130.3861543492439,-2.011729381205976],[130.3854310937701,-2.006126294592805],[130.3581427922562,-1.99155078703919],[130.3397422845789,-1.991222478734381],[130.338457792793,-1.983234211989229],[130.3254532650562,-1.986239924333047],[130.3336063352642,-1.973485933329114]]],[[[130.4518970409158,-1.97372134436449],[130.4538113369237,-1.975113154948074],[130.4538256388422,-1.978453948390937],[130.4504679408429,-1.976387749694799],[130.4518970409158,-1.97372134436449]]],[[[130.441286696424,-1.973579157052432],[130.441198754419,-1.973600534836775],[130.441103682589,-1.973505519663979],[130.4412629282416,-1.973410503591813],[130.441286696424,-1.973579157052432]]],[[[130.4675649279791,-1.973652388846661],[130.4674382701601,-1.973630050586353],[130.4674233692931,-1.973425284849009],[130.4675798288461,-1.973458791789787],[130.4675649279791,-1.973652388846661]]],[[[130.4416253900997,-1.973410503591813],[130.441582606652,-1.973410503591813],[130.4415778537351,-1.973334491993198],[130.4416182593752,-1.973348744448947],[130.4416253900997,-1.973410503591813]]],[[[130.4961101291792,-1.973684936210843],[130.4958231528163,-1.973631395072831],[130.4958909302223,-1.973284084992491],[130.4961050237279,-1.973415942691561],[130.4961101291792,-1.973684936210843]]],[[[130.4816795779502,-1.973570683640061],[130.4815445843152,-1.973588280674557],[130.481227643441,-1.97346509873533],[130.4813861129789,-1.973265662380344],[130.4816795779502,-1.973570683640061]]],[[[130.8096482816429,-1.97392706428248],[130.8089445441554,-1.974186750717946],[130.8089337172173,-1.973299484983196],[130.8097926390192,-1.973685410153506],[130.8096482816429,-1.97392706428248]]],[[[130.4806817990259,-1.97346509873533],[130.4803179027491,-1.973412306732561],[130.4803002949227,-1.973189406166112],[130.4806231056718,-1.973318454383113],[130.4806817990259,-1.97346509873533]]],[[[130.4735260661751,-1.973562465635206],[130.4732304868975,-1.973394154816324],[130.4732201761703,-1.973133099612825],[130.4736360487647,-1.973146840354348],[130.4735260661751,-1.973562465635206]]],[[[130.4876146969608,-1.973363557182386],[130.4872624082336,-1.973314807632212],[130.4873057663481,-1.973049393414763],[130.4875442386757,-1.973168558981778],[130.4876146969608,-1.973363557182386]]],[[[130.4869098263275,-1.97411744896108],[130.4846100503137,-1.97909379534236],[130.4871971606205,-1.987133453845827],[130.4794756696665,-1.988377974363933],[130.4869098263275,-1.97411744896108]]],[[[130.4415303182697,-1.973044693557727],[130.4414780280885,-1.973023315773295],[130.4415113030042,-1.9728974196801],[130.44154457792,-1.97291404814475],[130.4415303182697,-1.973044693557727]]],[[[130.4635690000094,-1.974891151905103],[130.4629266610366,-1.974547499367565],[130.4635322294289,-1.972795953670284],[130.4637157918504,-1.973129865650749],[130.4635690000094,-1.974891151905103]]],[[[130.5044532270349,-1.973269774980116],[130.5042910423978,-1.974520958575335],[130.5038406007631,-1.974597858704177],[130.5045451458419,-1.972784688762344],[130.5044532270349,-1.973269774980116]]],[[[130.4569657242888,-1.973365715555333],[130.4565659783373,-1.973356838347298],[130.4565837453436,-1.972833037214874],[130.4570367896161,-1.972912939280638],[130.4569657242888,-1.973365715555333]]],[[[130.4677213884314,-1.97316094981799],[130.4673488640588,-1.972985967828114],[130.4674196443012,-1.972710464116536],[130.4677660901331,-1.972837047291856],[130.4677213884314,-1.97316094981799]]],[[[130.4916209860197,-1.9742778385514],[130.4912810332932,-1.974016512651902],[130.4919240386636,-1.972682839641296],[130.4919869129657,-1.973735554552183],[130.4916209860197,-1.9742778385514]]],[[[130.5050213638448,-1.972870008344143],[130.5048508119155,-1.972816879994957],[130.5049017558115,-1.972661924108435],[130.5050368690563,-1.972721693051652],[130.5050213638448,-1.972870008344143]]],[[[130.485869508571,-1.97293022694838],[130.4855876781289,-1.972924811230994],[130.4856906549998,-1.972496896714373],[130.4859237080128,-1.972561897013827],[130.485869508571,-1.97293022694838]]],[[[130.4640476389874,-1.972557059560545],[130.4638001761373,-1.972433328135528],[130.4641904072615,-1.972300078285885],[130.4641618537865,-1.972504710923564],[130.4640476389874,-1.972557059560545]]],[[[130.5049553221305,-1.972503328665612],[130.5049698821545,-1.972298415439491],[130.505154634379,-1.972288512105072],[130.5051293976037,-1.972406746873803],[130.5049553221305,-1.972503328665612]]],[[[130.4992480958231,-1.972688408243409],[130.4989310344398,-1.972536262738325],[130.4991649166277,-1.972120319097462],[130.499406311752,-1.972411113082353],[130.4992480958231,-1.972688408243409]]],[[[130.4929961330652,-1.973989265891854],[130.4925184033017,-1.973387814595887],[130.4924491393164,-1.972117080638716],[130.4934102600755,-1.973274885827239],[130.4929961330652,-1.973989265891854]]],[[[130.4912707684313,-1.972807107961641],[130.4904526407767,-1.972247199048896],[130.4906258268205,-1.971966722086529],[130.490904656225,-1.972072366346625],[130.4912707684313,-1.972807107961641]]],[[[130.4796220559132,-1.973362174924345],[130.4786124509039,-1.972784856036272],[130.4785999961929,-1.97197063413739],[130.4799144911609,-1.972335273254158],[130.4796220559132,-1.973362174924345]]],[[[130.8012516246628,-1.97198489378774],[130.8011754736692,-1.971906859613862],[130.8012401160386,-1.971817278144863],[130.8013163012064,-1.971929491053073],[130.8012516246628,-1.97198489378774]]],[[[130.469875458086,-1.972524040951631],[130.4719872452152,-1.971827641032744],[130.4730770490667,-1.973084979588061],[130.4695023023894,-1.97317803333952],[130.4696011801504,-1.97475491001107],[130.4685028291422,-1.973007330323975],[130.469875458086,-1.972524040951631]]],[[[130.8039470331291,-1.972160777797585],[130.8037942374142,-1.971883736245397],[130.8042163513036,-1.971710757045722],[130.8042415224284,-1.971936330397275],[130.8039470331291,-1.972160777797585]]],[[[130.5055201809117,-1.972057705598543],[130.5051000509267,-1.972137821703049],[130.5055412502286,-1.971405898563352],[130.5056041703961,-1.971692794886495],[130.5055201809117,-1.972057705598543]]],[[[130.4796018499455,-1.971898927593399],[130.4791733922383,-1.971629101301955],[130.4792731702207,-1.971429663148408],[130.4794257707827,-1.971435529426094],[130.4796018499455,-1.971898927593399]]],[[[130.4651177054178,-1.972048440782872],[130.4646029631563,-1.971836487663728],[130.4646399702585,-1.971489961792264],[130.4650638755975,-1.971513513238035],[130.4651177054178,-1.972048440782872]]],[[[130.5054019146666,-1.971414005951535],[130.505332909686,-1.971385453375943],[130.5053757407979,-1.971316448395369],[130.5054042942728,-1.971340242658018],[130.5054019146666,-1.971414005951535]]],[[[130.4434439532759,-1.971806093276543],[130.443215279062,-1.971480412790763],[130.4434479147896,-1.971153457965682],[130.4435297980618,-1.971666819767817],[130.4434439532759,-1.971806093276543]]],[[[130.4934949303469,-1.971651678781841],[130.4930174550914,-1.971605650580235],[130.4933404582956,-1.971132948926416],[130.4935331371446,-1.971310892383718],[130.4934949303469,-1.971651678781841]]],[[[130.4528158575658,-1.971506584860963],[130.4525493578666,-1.971387611748801],[130.452639778403,-1.971059246786735],[130.4527444738785,-1.971111595423716],[130.4528158575658,-1.971506584860963]]],[[[130.481138458573,-1.973284547244061],[130.4804564603974,-1.971644896994354],[130.4811951113653,-1.970995215956409],[130.4813832369468,-1.971431661441938],[130.481138458573,-1.973284547244061]]],[[[130.4529846144486,-1.971149777939798],[130.4528621061014,-1.971149777939798],[130.4528774188578,-1.970992814766495],[130.452996098791,-1.971031098006717],[130.4529846144486,-1.971149777939798]]],[[[130.5060099615905,-1.971228665570449],[130.5058390697174,-1.97110973382715],[130.5058512195582,-1.970956846381247],[130.5060475415609,-1.971118610135727],[130.5060099615905,-1.971228665570449]]],[[[130.5055897308814,-1.971054760069071],[130.5055209714158,-1.970876860678475],[130.5056644231746,-1.97070408112843],[130.5057186082272,-1.970907844121664],[130.5055897308814,-1.971054760069071]]],[[[130.4730385167143,-1.971936995895598],[130.4731635071902,-1.970796479274009],[130.4735098172243,-1.970595544648626],[130.4735733606222,-1.971207929901977],[130.4730385167143,-1.971936995895598]]],[[[130.4548193762134,-1.974192939852218],[130.4531112533817,-1.973369052939391],[130.4550268848828,-1.970542257119392],[130.4552988461649,-1.973253170797109],[130.4548193762134,-1.974192939852218]]],[[[130.4418695470421,-1.971180085092763],[130.4416055618473,-1.970927475422604],[130.4418381184344,-1.97050807298911],[130.4420284392611,-1.970748391624946],[130.4418695470421,-1.971180085092763]]],[[[130.4569156671243,-1.970820614379834],[130.4567873203786,-1.970811112143059],[130.4570012313218,-1.970488058577027],[130.457077288786,-1.970635333353934],[130.4569156671243,-1.970820614379834]]],[[[130.8018230547903,-1.970629634350088],[130.8017207326258,-1.970574655196147],[130.8018046285808,-1.970477237034787],[130.8018558018038,-1.970513908689922],[130.8018230547903,-1.970629634350088]]],[[[130.4561451846527,-1.972804669000253],[130.455667203079,-1.970977701659551],[130.4560297503727,-1.970464036785804],[130.4568245981767,-1.971343908294701],[130.4561451846527,-1.972804669000253]]],[[[130.8021711976427,-1.970577667025688],[130.8020696102244,-1.970597972818114],[130.8020899268088,-1.970460909843011],[130.802252469376,-1.970491368082142],[130.8021711976427,-1.970577667025688]]],[[[130.4572673793862,-1.97053070173048],[130.4571675528404,-1.970544954186229],[130.457158046107,-1.970435685658314],[130.4572293497547,-1.970435685658314],[130.4572673793862,-1.97053070173048]]],[[[130.4542977469436,-1.970502783176878],[130.454209694322,-1.970433871725755],[130.4543513438395,-1.970403245313504],[130.4543551731527,-1.97045301379555],[130.4542977469436,-1.970502783176878]]],[[[130.4823372656524,-1.972048680002539],[130.4822658100192,-1.970856895729137],[130.4827816647421,-1.970372621599184],[130.4830168032829,-1.970903426651807],[130.4823372656524,-1.972048680002539]]],[[[130.4687154279746,-1.97217872466833],[130.46829426287,-1.972207279042662],[130.4688321276007,-1.970289229264457],[130.4691303131135,-1.970706906798261],[130.4687154279746,-1.97217872466833]]],[[[130.4831879847378,-1.970450072113097],[130.4829590829953,-1.970461802869819],[130.4829532131204,-1.970285828927823],[130.4831292922831,-1.970303425962319],[130.4831879847378,-1.970450072113097]]],[[[130.5042898319103,-1.97048453773119],[130.5042251607626,-1.970356366353235],[130.5044116630679,-1.970159332087443],[130.5044260288382,-1.970222262147628],[130.5042898319103,-1.97048453773119]]],[[[130.4433871907663,-1.970390047762452],[130.44323269893,-1.970330662829747],[130.4433277707601,-1.970128754238567],[130.4434169007694,-1.970232678095554],[130.4433871907663,-1.970390047762452]]],[[[130.8058039011293,-1.970020659325902],[130.8056935660053,-1.970040707912249],[130.8056775167041,-1.969904375186696],[130.8057778216891,-1.969942467770627],[130.8058039011293,-1.970020659325902]]],[[[130.5039415505622,-1.9698593461319],[130.5037927721188,-1.96976765305468],[130.5039126220699,-1.969642092408622],[130.5039919710527,-1.969779218336212],[130.5039415505622,-1.9698593461319]]],[[[130.4952837043795,-1.970265364854631],[130.4950243731763,-1.970210697765465],[130.4951261512509,-1.969565576290291],[130.4953856803049,-1.969846679180856],[130.4952837043795,-1.970265364854631]]],[[[130.4584296748897,-1.970843456260488],[130.4615229587177,-1.971603369000244],[130.4593221144241,-1.975926801280783],[130.4567443336841,-1.974074255422556],[130.4584296748897,-1.970843456260488]]],[[[130.8051260578214,-1.969714764824529],[130.8049553637991,-1.969589615168557],[130.8050798137824,-1.969414670050964],[130.8051816718967,-1.96957947441321],[130.8051260578214,-1.969714764824529]]],[[[130.8027236637662,-1.969826531669108],[130.802612970712,-1.969613263741079],[130.8029034472365,-1.96941417362522],[130.8030199876823,-1.969661051916008],[130.8027236637662,-1.969826531669108]]],[[[130.5131413587867,-1.969470071886262],[130.5130467797851,-1.969385675908145],[130.5131886487372,-1.969297904774495],[130.5132156715661,-1.969335038681022],[130.5131413587867,-1.969470071886262]]],[[[130.4857187821962,-1.969508236415932],[130.4853492588612,-1.969544150841854],[130.4852233187013,-1.969430516105389],[130.4857225107853,-1.969282871707081],[130.4857187821962,-1.969508236415932]]],[[[130.485084867173,-1.969695077765612],[130.4848189511338,-1.969615915841841],[130.4849377641666,-1.969293613209613],[130.4851810487664,-1.969350157183916],[130.485084867173,-1.969695077765612]]],[[[130.4633386512578,-1.969429986404661],[130.4632390360528,-1.969339032570241],[130.4633299889879,-1.969239418264548],[130.4633906239782,-1.969282728714886],[130.4633386512578,-1.969429986404661]]],[[[130.4495197478382,-1.969461949209508],[130.4493577016966,-1.96937091173808],[130.4493740891429,-1.969095980894744],[130.4494669468422,-1.969106904959597],[130.4495197478382,-1.969461949209508]]],[[[130.8019364763874,-1.969457076682682],[130.8017633443029,-1.969296492838859],[130.8018996824245,-1.969030341177261],[130.8020932264213,-1.969249363867023],[130.8019364763874,-1.969457076682682]]],[[[130.7964221348736,-1.969120337233734],[130.7963430889624,-1.969109364605417],[130.7964572668894,-1.969025976767361],[130.7964594630339,-1.969089614594013],[130.7964221348736,-1.969120337233734]]],[[[130.5138166830935,-1.969512208721438],[130.5145411742359,-1.969738244324473],[130.5143332230998,-1.970298163129661],[130.5130745211723,-1.969566713033347],[130.5138166830935,-1.969512208721438]]],[[[130.4684590591384,-1.969656099349473],[130.4682224636958,-1.96929104384658],[130.4684050989163,-1.968830576569827],[130.4686250910752,-1.969021401016827],[130.4684590591384,-1.969656099349473]]],[[[130.4925177180184,-1.969281859070529],[130.4923045849887,-1.969261956174309],[130.4924240653185,-1.968813088353263],[130.4925574006036,-1.968967018113313],[130.4925177180184,-1.969281859070529]]],[[[130.4536268203215,-1.971607479801277],[130.4531884026228,-1.970850408919203],[130.4547956736815,-1.968810714143101],[130.453678572708,-1.970708967145088],[130.4536268203215,-1.971607479801277]]],[[[130.4578520556279,-1.96898663232721],[130.4576524052344,-1.969015136339427],[130.4576619119678,-1.96881560285769],[130.457871069994,-1.968791849064536],[130.4578520556279,-1.96898663232721]]],[[[130.8019167020942,-1.968933520165786],[130.8018542711577,-1.968682744213249],[130.8020485121292,-1.968628351417204],[130.8021417367517,-1.968776020097243],[130.8019167020942,-1.968933520165786]]],[[[130.4740444821671,-1.969520101171687],[130.4735361520718,-1.969268372837066],[130.4739710642133,-1.968571170722891],[130.4741361275804,-1.968677207986749],[130.4740444821671,-1.969520101171687]]],[[[130.7953311268301,-1.969576138827714],[130.795140679199,-1.969450903736172],[130.7959283594063,-1.968571487284246],[130.7961065043118,-1.969155075346388],[130.7953311268301,-1.969576138827714]]],[[[130.5037935985957,-1.969679264086713],[130.5035886332088,-1.96926895559775],[130.5039495221527,-1.968551322685366],[130.5040215677413,-1.96913938127741],[130.5037935985957,-1.969679264086713]]],[[[130.7977941729628,-1.968776386121254],[130.7977160479574,-1.968616838296347],[130.7978336172278,-1.968549722791371],[130.7978706423163,-1.96871074010854],[130.7977941729628,-1.968776386121254]]],[[[130.4860925952972,-1.968974685733096],[130.4858210216229,-1.968923795796476],[130.4860303586142,-1.968505367328779],[130.4862170659649,-1.968629765151489],[130.4860925952972,-1.968974685733096]]],[[[130.480383295153,-1.969098696847274],[130.4796872621575,-1.968940214719142],[130.4796869410996,-1.968576026162586],[130.4805044446245,-1.968710567438661],[130.480383295153,-1.969098696847274]]],[[[130.5039398148706,-1.968529941303723],[130.5038720689408,-1.968506323308164],[130.5038893988767,-1.968453575372189],[130.5039602960309,-1.9684630218509],[130.5039398148706,-1.968529941303723]]],[[[130.4978265824309,-1.96906913163504],[130.4975237932885,-1.969027886927391],[130.4973744518695,-1.968439472203867],[130.4977848646798,-1.968584781962049],[130.4978265824309,-1.96906913163504]]],[[[130.4852904099245,-1.96887721271313],[130.4849797031509,-1.968735157601367],[130.4853528984176,-1.968410615657293],[130.4854592261624,-1.968616117939417],[130.4852904099245,-1.96887721271313]]],[[[130.4906157274339,-1.968885162720005],[130.4902759545718,-1.968758207225443],[130.4902889066078,-1.968342928183533],[130.4906153047526,-1.968409612013902],[130.4906157274339,-1.968885162720005]]],[[[130.7982023167835,-1.968656061328103],[130.7977953088065,-1.968449834192468],[130.7977596866602,-1.9682745626209],[130.7980474022659,-1.968262848051941],[130.7982023167835,-1.968656061328103]]],[[[130.4691729967365,-1.968718571404862],[130.4688741403294,-1.968772500150687],[130.4686292423458,-1.968291290910321],[130.4689197980104,-1.968216621100074],[130.4691729967365,-1.968718571404862]]],[[[130.7976234744439,-1.968305616211177],[130.7973625604338,-1.968196153429671],[130.7973468510763,-1.968084997224809],[130.7975367402284,-1.968049159241295],[130.7976234744439,-1.968305616211177]]],[[[130.4727141870102,-1.968917374637138],[130.4722840106986,-1.968901151766714],[130.4715697556397,-1.968438782423812],[130.4724544583067,-1.968000747836188],[130.4727141870102,-1.968917374637138]]],[[[130.4920074408908,-1.968323294184662],[130.4917410913783,-1.968377113213096],[130.4918006768598,-1.967975190902285],[130.49204048558,-1.968028553075188],[130.4920074408908,-1.968323294184662]]],[[[130.4492549091867,-1.968302077378928],[130.4491943011761,-1.968017029162519],[130.4493618646584,-1.967913699757398],[130.4494224726691,-1.968098980783298],[130.4492549091867,-1.968302077378928]]],[[[130.797277168007,-1.968001988900594],[130.7972133197389,-1.96793934482489],[130.7972543845823,-1.967903666920614],[130.7973153712074,-1.967940658734404],[130.797277168007,-1.968001988900594]]],[[[130.4486310000206,-1.967806807238295],[130.4487593467665,-1.967860253048206],[130.4486523912949,-1.968017029162519],[130.4485810867478,-1.967938640655722],[130.4486310000206,-1.967806807238295]]],[[[130.4666487859127,-1.968255588724402],[130.4662056116997,-1.968050359836207],[130.466244278051,-1.967699390414504],[130.4664792502173,-1.967767799144562],[130.4666487859127,-1.968255588724402]]],[[[130.4556705692414,-1.968686304629211],[130.4551868032285,-1.968518882340467],[130.4561035766189,-1.967696295847324],[130.4560706974048,-1.968560067692929],[130.4556705692414,-1.968686304629211]]],[[[130.7974144890875,-1.967849331681196],[130.797228776387,-1.967813901989926],[130.7971705138083,-1.967672861313455],[130.7973958407455,-1.967641260036126],[130.7974144890875,-1.967849331681196]]],[[[130.798333161846,-1.967728015835204],[130.7982404381458,-1.967717020723894],[130.7982451523919,-1.967627493214222],[130.7983583068905,-1.967627493214222],[130.798333161846,-1.967728015835204]]],[[[130.4877616407872,-1.967951232063639],[130.487495724748,-1.967872069240586],[130.4876145377808,-1.967549765709078],[130.4878578232801,-1.967606310582751],[130.4877616407872,-1.967951232063639]]],[[[130.4568981474316,-1.969449421653449],[130.4555060445684,-1.969899877677131],[130.4572510620869,-1.967447486712073],[130.457402515114,-1.967738107127895],[130.4568981474316,-1.969449421653449]]],[[[130.442921932801,-1.96989715363072],[130.4421922831474,-1.968694706995125],[130.4429599102717,-1.967337177668574],[130.4433214413315,-1.968220419836511],[130.442921932801,-1.96989715363072]]],[[[130.4488805627879,-1.967856689934225],[130.4486916080313,-1.96761083687054],[130.4490837789932,-1.967347168237124],[130.4491515177284,-1.967550263933473],[130.4488805627879,-1.967856689934225]]],[[[130.4941273399048,-1.967414539149617],[130.4940526107395,-1.967381750767119],[130.4940507878137,-1.967328924590175],[130.4941492123164,-1.967336211796658],[130.4941273399048,-1.967414539149617]]],[[[130.7990467568024,-1.967449191826701],[130.7989739998503,-1.967380679674571],[130.7991025210646,-1.967313074039081],[130.7991204814251,-1.967379397241389],[130.7990467568024,-1.967449191826701]]],[[[130.4531003320147,-1.969572092777819],[130.4530931940957,-1.972706874922261],[130.4514665579354,-1.972811931925092],[130.4521459210974,-1.967284827232943],[130.4531003320147,-1.969572092777819]]],[[[130.493505383167,-1.967299323405028],[130.4934306540015,-1.96726653502253],[130.4934288310757,-1.967213708845497],[130.4935272546792,-1.967220995152699],[130.493505383167,-1.967299323405028]]],[[[130.4942311117765,-1.967259028381443],[130.4941563844096,-1.967226239998945],[130.4941545605846,-1.967173413822001],[130.4942529841879,-1.967180701028484],[130.4942311117765,-1.967259028381443]]],[[[130.491579618105,-1.967496657144954],[130.4913132667939,-1.967550476173477],[130.491372854074,-1.967148552963296],[130.4916126618949,-1.967201915136199],[130.491579618105,-1.967496657144954]]],[[[130.466001294724,-1.967294206262585],[130.4658500683261,-1.96731687727201],[130.4657517706278,-1.967105283881734],[130.4659710496243,-1.967082613771501],[130.466001294724,-1.967294206262585]]],[[[130.442205535557,-1.967211209629552],[130.4420508710509,-1.967151723972885],[130.4421412906881,-1.966968505092373],[130.4422507462751,-1.96701609541641],[130.442205535557,-1.967211209629552]]],[[[130.4531172032964,-1.967092901116432],[130.4536496918798,-1.967416442115047],[130.4537563316894,-1.967955469669194],[130.4524890250485,-1.966983446428896],[130.4531172032964,-1.967092901116432]]],[[[130.4886007523229,-1.967407671027191],[130.4883218968381,-1.967133111603728],[130.4888145085827,-1.966777032234182],[130.4889004433008,-1.967008658922412],[130.4886007523229,-1.967407671027191]]],[[[130.4488342162262,-1.96685189809658],[130.4487272598552,-1.96686971276703],[130.4486987378565,-1.96676638336182],[130.448777173128,-1.966748567792179],[130.4488342162262,-1.96685189809658]]],[[[130.7968615427261,-1.967059334820378],[130.7967531357486,-1.967594971930334],[130.7958234040269,-1.967538338023791],[130.7958609156488,-1.967047721874751],[130.7968615427261,-1.967059334820378]]],[[[130.4836943552104,-1.968249339335484],[130.4822373114029,-1.968323109823602],[130.4829083891109,-1.966704127793209],[130.483709255178,-1.966993266126307],[130.4836943552104,-1.968249339335484]]],[[[130.4981866898639,-1.966714469097466],[130.4981342485968,-1.966710487798709],[130.4981329211975,-1.96667333590568],[130.4981846987649,-1.966674663305026],[130.4981866898639,-1.966714469097466]]],[[[130.466337791356,-1.966709533618063],[130.4662649786459,-1.966732377297278],[130.4662906776727,-1.966639578054055],[130.4663392185801,-1.966636722706541],[130.466337791356,-1.966709533618063]]],[[[130.4460890149961,-1.967144070742213],[130.4459048131567,-1.967013425329236],[130.4459464068013,-1.966633361040751],[130.4461484350024,-1.96671649976661],[130.4460890149961,-1.967144070742213]]],[[[130.4981070324137,-1.96667333590568],[130.4980652121399,-1.966648126110096],[130.4980798162306,-1.966612300717044],[130.498122300204,-1.966636847712325],[130.4981070324137,-1.96667333590568]]],[[[130.4971894784118,-1.967013849809332],[130.4970419590192,-1.966965998681827],[130.496950084279,-1.96663880463708],[130.4972981758701,-1.966645270762582],[130.4971894784118,-1.967013849809332]]],[[[130.4980059998771,-1.966628000182061],[130.4979663029026,-1.966601686018945],[130.497993519985,-1.966563207625851],[130.4980194087688,-1.966572495823973],[130.4980059998771,-1.966628000182061]]],[[[130.4741563173603,-1.967459034906474],[130.4738013063852,-1.967284277747153],[130.474068366362,-1.96642216155343],[130.4742694547716,-1.966677848703638],[130.4741563173603,-1.967459034906474]]],[[[130.446799972241,-1.96725771896851],[130.4494644889951,-1.970659766135244],[130.4507003949074,-1.970213071975627],[130.4474348315523,-1.975354102210039],[130.446799972241,-1.96725771896851]]],[[[130.4514523468484,-1.966520783007722],[130.4510192225591,-1.968989282629233],[130.4503684020801,-1.969774355701917],[130.4494210769213,-1.967412718022457],[130.4514523468484,-1.966520783007722]]],[[[130.4721866123224,-1.967919629886941],[130.4715516567836,-1.967156722404775],[130.4721919291143,-1.966366952173074],[130.4729295161843,-1.967245864105285],[130.4721866123224,-1.967919629886941]]],[[[130.4671942580087,-1.968771312146325],[130.4671494528851,-1.973873267737039],[130.4647866811605,-1.974705914945998],[130.4646367335984,-1.97222898238161],[130.4660074020201,-1.972524608423923],[130.4658435185636,-1.969254551156554],[130.4668197110609,-1.968716609983526],[130.4678951959066,-1.966086477908549],[130.4671942580087,-1.968771312146325]]],[[[130.4934639819772,-1.967139253073993],[130.4927793748683,-1.966570184566299],[130.4928090686837,-1.965985278997342],[130.4934892358397,-1.966448010767044],[130.4934639819772,-1.967139253073993]]],[[[130.4745972243825,-1.966070149817581],[130.4743374947796,-1.966159378752222],[130.4742806792102,-1.965761902689581],[130.4745972243825,-1.965859244408533],[130.4745972243825,-1.966070149817581]]],[[[130.482171567364,-1.966305523081394],[130.4818872502964,-1.966230747151235],[130.4819695517534,-1.965752180118921],[130.4822089773624,-1.966043806876153],[130.482171567364,-1.966305523081394]]],[[[130.4548049942552,-1.967127328063681],[130.4537206807648,-1.966736560044138],[130.4537759477019,-1.965721958401614],[130.4546307865816,-1.966556408751233],[130.4548049942552,-1.967127328063681]]],[[[130.4780631557901,-1.965989898814671],[130.4777920012,-1.965965794285898],[130.4779369916989,-1.965668646590737],[130.4781065282936,-1.965761006065561],[130.4780631557901,-1.965989898814671]]],[[[130.463241407565,-1.966493177418174],[130.4629238317694,-1.966311812040436],[130.4632338460653,-1.965646805655544],[130.4634531250618,-1.966311812040436],[130.463241407565,-1.966493177418174]]],[[[130.4958643651484,-1.96569429075886],[130.4957217569535,-1.965699041877292],[130.4956694667725,-1.965632530716713],[130.4958358431498,-1.965623029379218],[130.4958643651484,-1.96569429075886]]],[[[130.4663275588698,-1.967104524853871],[130.4665000704219,-1.966560222776062],[130.4662942030151,-1.965413982868983],[130.4667588368509,-1.966444223721878],[130.4663275588698,-1.967104524853871]]],[[[130.4893158671337,-1.965826079210123],[130.4890499510945,-1.96574691638707],[130.4891687641273,-1.965424612855562],[130.4894120487272,-1.965481156829865],[130.4893158671337,-1.965826079210123]]],[[[130.4472990627016,-1.966429115111515],[130.4468836523587,-1.965915915187269],[130.4471455520256,-1.96535888590377],[130.4475324916312,-1.965733014666851],[130.4472990627016,-1.966429115111515]]],[[[130.4759132580905,-1.969337329254264],[130.4739944106136,-1.972591108792601],[130.4770139581277,-1.965253742566089],[130.4773297253866,-1.96716338997838],[130.4759132580905,-1.969337329254264]]],[[[130.4827701291383,-1.965759657082414],[130.4823436526375,-1.96580452336004],[130.482545668248,-1.965146492116856],[130.4827776105983,-1.965243700736144],[130.4827701291383,-1.965759657082414]]],[[[130.4454543859113,-1.966893185072374],[130.4453904872811,-1.966224677626707],[130.4463918940708,-1.965118106815103],[130.4459620046429,-1.966300863693851],[130.4454543859113,-1.966893185072374]]],[[[130.4492725062213,-1.965899864986723],[130.4483286542441,-1.965949041714834],[130.4488311999001,-1.965010518220803],[130.4492571871695,-1.96521867799955],[130.4492725062213,-1.965899864986723]]],[[[130.4670901273076,-1.965563680419427],[130.4667876736123,-1.965148050641988],[130.4669086549105,-1.964883560028222],[130.4671279339071,-1.965125381431124],[130.4670901273076,-1.965563680419427]]],[[[130.4723327098867,-1.965210302613299],[130.4719836991884,-1.965258973922415],[130.4718294852427,-1.964869608845346],[130.4723895263556,-1.964893943600535],[130.4723327098867,-1.965210302613299]]],[[[130.4644961821532,-1.965249009434247],[130.4641202295649,-1.965117869394176],[130.4642343391434,-1.964800051680962],[130.4647301003139,-1.964898217178915],[130.4644961821532,-1.965249009434247]]],[[[130.471916722179,-1.964781341285773],[130.4718622349542,-1.96481657582426],[130.4718045443443,-1.964742901563612],[130.4718718514049,-1.964710870410238],[130.471916722179,-1.964781341285773]]],[[[130.4853515674209,-1.966589811370659],[130.4841555401462,-1.966603279617621],[130.4847394690513,-1.964612489075071],[130.4859921563131,-1.965925812226457],[130.4853515674209,-1.966589811370659]]],[[[130.4668859713106,-1.964755092773254],[130.4667498670128,-1.965019584286301],[130.4666893768134,-1.964649297427082],[130.4668859713106,-1.964755092773254]]],[[[130.4901566046436,-1.964740751284547],[130.4898230595865,-1.964871904814538],[130.4897373946651,-1.964744394438148],[130.4898704493617,-1.964584094780067],[130.4901566046436,-1.964740751284547]]],[[[130.4455720091409,-1.96506074086045],[130.4453773679712,-1.964642988682977],[130.4461546700021,-1.964522814076622],[130.4461223942332,-1.964805077991885],[130.4455720091409,-1.96506074086045]]],[[[130.4696188608218,-1.966881370678644],[130.4681817154139,-1.967346084554114],[130.4690017559263,-1.964500966846108],[130.4700445549123,-1.965588121294706],[130.4696188608218,-1.966881370678644]]],[[[130.4811545843167,-1.96803993669368],[130.4802933692436,-1.967587625368575],[130.481483190297,-1.964484129738755],[130.4819742102417,-1.966955049435873],[130.4811545843167,-1.96803993669368]]],[[[130.4699094677478,-1.968945508128586],[130.469585121856,-1.96851600271131],[130.4712858333746,-1.964253952757636],[130.4716309212302,-1.964766616685923],[130.4699094677478,-1.968945508128586]]],[[[130.4896038858108,-1.965284279046189],[130.4890223922697,-1.964598223129402],[130.4890400081899,-1.96420674014888],[130.4895912719197,-1.964567603012382],[130.4896038858108,-1.965284279046189]]],[[[130.4854739759433,-1.964172464287708],[130.4853992467779,-1.96413967500593],[130.4853974247515,-1.964086848828986],[130.4854958483547,-1.964094136035468],[130.4854739759433,-1.964172464287708]]],[[[130.4701278582142,-1.96429261641107],[130.4697327653549,-1.964204678902773],[130.4698161711794,-1.963767206391401],[130.4702792123159,-1.963975462397618],[130.4701278582142,-1.96429261641107]]],[[[130.4856033838892,-1.963970267913487],[130.4853864889954,-1.963922906916585],[130.4853263414376,-1.963636918908643],[130.4855122519889,-1.963655134676648],[130.4856033838892,-1.963970267913487]]],[[[130.4750812862724,-1.968586881879089],[130.4747436412062,-1.966654592235598],[130.4758940215919,-1.96358727902968],[130.4763943540162,-1.964179957439052],[130.4750812862724,-1.968586881879089]]],[[[130.4460830731754,-1.963753188658737],[130.4458453931504,-1.9637413122118],[130.445928581339,-1.963533465397019],[130.4461068413578,-1.96358691120693],[130.4460830731754,-1.963753188658737]]],[[[130.4653132144334,-1.964573728294885],[130.4652073552353,-1.963886050900479],[130.4656912804284,-1.963493092132465],[130.4658198232263,-1.963674458409484],[130.4653132144334,-1.964573728294885]]],[[[130.4818423579385,-1.963815475703592],[130.4815804870499,-1.963845386255494],[130.4816029332288,-1.96341916066565],[130.4818947317565,-1.963516370184307],[130.4818423579385,-1.963815475703592]]],[[[130.4786538017317,-1.964776118922698],[130.47844056528,-1.96454259736292],[130.4790747806767,-1.963396826002642],[130.4790135242548,-1.964210989445617],[130.4786538017317,-1.964776118922698]]],[[[130.4893986955934,-1.963865335017159],[130.4891271228186,-1.963814445080539],[130.4893364607092,-1.963396014814192],[130.4895231671605,-1.963520412636901],[130.4893986955934,-1.963865335017159]]],[[[130.4676141856462,-1.964231910374339],[130.4670474023159,-1.963984274854338],[130.4670787427899,-1.963244438579961],[130.4677460451439,-1.963482790398421],[130.4676141856462,-1.964231910374339]]],[[[130.4851951096666,-1.963312678237441],[130.4848615646095,-1.963443831767433],[130.4847759005874,-1.963316321391043],[130.4849089543848,-1.963156021732962],[130.4851951096666,-1.963312678237441]]],[[[130.471732085967,-1.963441937795166],[130.4714723572636,-1.963523054845043],[130.4714236580755,-1.963231032386206],[130.4716590376346,-1.963182361077001],[130.471732085967,-1.963441937795166]]],[[[130.4735248835665,-1.963188227354776],[130.4734575774054,-1.96322025940743],[130.4734315798037,-1.963119702612095],[130.473496037812,-1.963101741352238],[130.4735248835665,-1.963188227354776]]],[[[130.4739370032901,-1.96624841703075],[130.4724869238326,-1.965372537612511],[130.4750317327284,-1.963121665832171],[130.4737843181917,-1.965411126622099],[130.4739370032901,-1.96624841703075]]],[[[130.4734284852364,-1.963110031302831],[130.4733391160075,-1.963095821115227],[130.4733487306596,-1.963022146854579],[130.47341603772,-1.963015740983634],[130.4734284852364,-1.963110031302831]]],[[[130.4348405061845,-1.963230979326161],[130.434708446138,-1.963188149113718],[130.4347298607945,-1.963006120036395],[130.4348297979569,-1.963063226986231],[130.4348405061845,-1.963230979326161]]],[[[130.4468911841809,-1.96306432325988],[130.4467129241621,-1.963135584639433],[130.4466356777943,-1.962957429841497],[130.4467664023477,-1.962892105785999],[130.4468911841809,-1.96306432325988]]],[[[130.4737380309854,-1.962947132604034],[130.4736707248242,-1.962979164656689],[130.4736418790695,-1.962867053371811],[130.4737091861302,-1.962860646601497],[130.4737380309854,-1.962947132604034]]],[[[130.4740200790635,-1.963132919048929],[130.4737059809463,-1.96346605221647],[130.4734688036424,-1.963510896910295],[130.4739816177575,-1.962793379111163],[130.4740200790635,-1.963132919048929]]],[[[130.4339946065659,-1.962702739140079],[130.4339446393338,-1.962745569352434],[130.4338911008937,-1.962695600321654],[130.4339660539903,-1.962649200699998],[130.4339946065659,-1.962702739140079]]],[[[130.4650712509375,-1.963493092132465],[130.4644799475916,-1.963347957742004],[130.4649417764419,-1.96258307175137],[130.4652331900597,-1.963056329186211],[130.4650712509375,-1.963493092132465]]],[[[130.4403338656154,-1.962597477991126],[130.4404614047701,-1.962635548991345],[130.4404709231947,-1.962698366636298],[130.440303409175,-1.962694559806069],[130.4403338656154,-1.962597477991126]]],[[[130.4737348258017,-1.962623608692551],[130.4736803403755,-1.962658845029599],[130.4736226479669,-1.962585170768952],[130.4736899550274,-1.962553138716297],[130.4737348258017,-1.962623608692551]]],[[[130.4496880577577,-1.962755017629883],[130.4518699434432,-1.963766602946285],[130.4519816662209,-1.966007129825156],[130.4489067780255,-1.963096087314467],[130.4496880577577,-1.962755017629883]]],[[[130.473024721114,-1.964411006762548],[130.4726276641354,-1.963311564876749],[130.4734431639709,-1.962453840072589],[130.4735425210704,-1.962738925161192],[130.4733149602173,-1.963036822891054],[130.4732828220447,-1.964150981282733],[130.473024721114,-1.964411006762548]]],[[[130.4401435088159,-1.962646971280682],[130.4400254880859,-1.962635548991345],[130.4400007423404,-1.962466132006371],[130.4400806911711,-1.962460421311343],[130.4401435088159,-1.962646971280682]]],[[[130.4739145858895,-1.96252045915182],[130.473857203747,-1.962501981681067],[130.4738764348497,-1.962415494779249],[130.4739501513784,-1.962447526831815],[130.4739145858895,-1.96252045915182]]],[[[130.4198128410898,-1.962633190069576],[130.4195124342515,-1.962538012119522],[130.4197563285918,-1.962288167864548],[130.4198604296151,-1.962478524664116],[130.4198128410898,-1.962633190069576]]],[[[130.4735457262543,-1.962418603735541],[130.4734623941742,-1.962389775067999],[130.4735329064185,-1.962123909390881],[130.4735841866609,-1.962181566725876],[130.4735457262543,-1.962418603735541]]],[[[130.48893429738,-1.963369463230061],[130.4885437191174,-1.963019985783701],[130.4891450759846,-1.961867577426693],[130.489408982039,-1.962891225349741],[130.48893429738,-1.963369463230061]]],[[[130.4661132216479,-1.962719971049756],[130.4659700639673,-1.962223241309482],[130.4664692884269,-1.961869486687442],[130.4665081517298,-1.962371826398604],[130.4661132216479,-1.962719971049756]]],[[[130.4639719826209,-1.962525930627093],[130.46374104931,-1.962246457308117],[130.4640764074004,-1.96178713576767],[130.4641762411407,-1.962172161615941],[130.4639719826209,-1.962525930627093]]],[[[130.4950369951613,-1.962613524594373],[130.4947291050642,-1.962457964363542],[130.4949741469394,-1.961769010831096],[130.4951679319546,-1.962045822156957],[130.4950369951613,-1.962613524594373]]],[[[130.4699272392508,-1.962968650682642],[130.4694959136055,-1.962010183822896],[130.4702440011598,-1.961768363319274],[130.4704583707572,-1.962419023718878],[130.4699272392508,-1.962968650682642]]],[[[130.4490556329112,-1.962191803708693],[130.4480237391043,-1.963284364881515],[130.4472978441203,-1.962420399681688],[130.4485557231682,-1.961670582731204],[130.4490556329112,-1.962191803708693]]],[[[130.4752658343508,-1.962495370764719],[130.4750304547917,-1.961959993558862],[130.475517446673,-1.961521958071868],[130.4756473123737,-1.961749088149903],[130.4752658343508,-1.962495370764719]]],[[[130.491786214862,-1.96116447935715],[130.4917114856966,-1.961131690075371],[130.4917096627708,-1.961078863898427],[130.4918080863741,-1.961086150205629],[130.491786214862,-1.96116447935715]]],[[[130.4431468028827,-1.961497417371818],[130.4432618819304,-1.962160411074068],[130.441829814994,-1.961712206952784],[130.4425779547089,-1.960967092557178],[130.4431468028827,-1.961497417371818]]],[[[130.4809736173386,-1.961366836710068],[130.4807506601149,-1.961276382898694],[130.4808784070129,-1.960951821169557],[130.481096687762,-1.961104303021058],[130.4809736173386,-1.961366836710068]]],[[[130.4743922661903,-1.960993142319614],[130.4743377789654,-1.961028376858012],[130.4742800883555,-1.960954702597364],[130.4743473954159,-1.960922671444079],[130.4743922661903,-1.960993142319614]]],[[[130.4839468830423,-1.961134084970054],[130.4838389302225,-1.961039682235446],[130.4839522807732,-1.960918306134898],[130.4840143537794,-1.961001920602071],[130.4839468830423,-1.961134084970054]]],[[[130.4848793442064,-1.960937914053387],[130.484829850917,-1.960943623849134],[130.4848184304262,-1.960861771153757],[130.4848812480712,-1.960882710068981],[130.4848793442064,-1.960937914053387]]],[[[130.4918812866921,-1.960929907389255],[130.491806558426,-1.960897119006757],[130.4918047346009,-1.960844292829814],[130.4919031582041,-1.960851579137016],[130.4918812866921,-1.960929907389255]]],[[[130.4476306319482,-1.961264574800195],[130.4483985180772,-1.961184667338481],[130.4466409721034,-1.961372364842687],[130.44740809201,-1.960725005854227],[130.4476306319482,-1.961264574800195]]],[[[130.4917726980516,-1.960803763083144],[130.4917025734151,-1.960769441356616],[130.49170074959,-1.960716615179583],[130.4917991740926,-1.960723900587505],[130.4917726980516,-1.960803763083144]]],[[[130.473316604178,-1.961172461739727],[130.4724023641778,-1.962504721915328],[130.4721754742188,-1.962573395046066],[130.4724521326599,-1.960842258563369],[130.473316604178,-1.961172461739727]]],[[[130.4347941056635,-1.960786083311097],[130.4347013073196,-1.960753960426834],[130.4346727538446,-1.960589776596835],[130.434772691007,-1.960607622743529],[130.4347941056635,-1.960786083311097]]],[[[130.4852181691832,-1.96093403797544],[130.4850012742894,-1.960886676978538],[130.4849411258324,-1.960600688970507],[130.4851270363837,-1.96061890383932],[130.4852181691832,-1.96093403797544]]],[[[130.4623591186785,-1.962482550928948],[130.4613190958997,-1.968592704989261],[130.4624309232486,-1.970893470257431],[130.4582636366575,-1.967265381192343],[130.4623591186785,-1.962482550928948]]],[[[130.4617287182058,-1.960838598322637],[130.4615277871777,-1.960833578306945],[130.461668439347,-1.960567501289104],[130.4617689044114,-1.960698028890898],[130.4617287182058,-1.960838598322637]]],[[[130.4652512457485,-1.961496732987802],[130.4650382062483,-1.961175961901043],[130.4659181200254,-1.960401829980432],[130.4659432371907,-1.960693008875205],[130.4652512457485,-1.961496732987802]]],[[[130.4918965580797,-1.960400873101767],[130.4918218289144,-1.960368083819988],[130.4918200059886,-1.960315257643044],[130.4919184295919,-1.960322544849527],[130.4918965580797,-1.960400873101767]]],[[[130.4736030886118,-1.960358219156413],[130.4735486031855,-1.960393454594181],[130.4734909107769,-1.960319781232903],[130.4735582178375,-1.960287749180248],[130.4736030886118,-1.960358219156413]]],[[[130.4444112370889,-1.961224348125137],[130.4438373068462,-1.960601158416678],[130.4442021204315,-1.960130095327608],[130.4446065428577,-1.960470556171215],[130.4444112370889,-1.961224348125137]]],[[[130.4767974931099,-1.960638669139206],[130.4766270464012,-1.960370979636908],[130.4768461931972,-1.960030284969585],[130.4769922898623,-1.960078956278791],[130.4767974931099,-1.960638669139206]]],[[[130.4852937356175,-1.960561820271758],[130.485022161044,-1.960361445024608],[130.4851991341328,-1.959960787160567],[130.4854258352342,-1.960136107295421],[130.4852937356175,-1.960561820271758]]],[[[130.4779649552186,-1.964277786590499],[130.477285152288,-1.963386633086619],[130.4783720531278,-1.95988684490194],[130.4789056586693,-1.962067635213119],[130.4779649552186,-1.964277786590499]]],[[[130.4838881438228,-1.961729484727906],[130.4847247327602,-1.960810597930676],[130.4829407736978,-1.965129735948492],[130.4831040519106,-1.959920183669508],[130.4838881438228,-1.961729484727906]]],[[[130.4851478565884,-1.959968879260357],[130.4850641935577,-1.959963484227403],[130.4850587958269,-1.959852897293304],[130.4851694466127,-1.959874474727188],[130.4851478565884,-1.959968879260357]]],[[[130.4871476061771,-1.96439784608369],[130.4872471359466,-1.96641625210823],[130.4860344145567,-1.961804236376333],[130.4868059726176,-1.959495779206824],[130.4871476061771,-1.96439784608369]]],[[[130.4751126771085,-1.961048123272205],[130.4749288745679,-1.961705212925205],[130.4740463041936,-1.962682367697058],[130.4758288738035,-1.959348356941051],[130.4751126771085,-1.961048123272205]]],[[[130.4741631369193,-1.960256582275369],[130.4735985929007,-1.959866036388361],[130.47424611017,-1.959236721397486],[130.4745971263563,-1.959573781904458],[130.4741631369193,-1.960256582275369]]],[[[130.4623359899141,-1.95977080088168],[130.4620740767573,-1.959663037818851],[130.4624227816861,-1.959217123371529],[130.4625033186733,-1.959460091410017],[130.4623359899141,-1.95977080088168]]],[[[130.4576414380021,-1.959146092218392],[130.45760340927,-1.95922685583472],[130.4574988298073,-1.959150843336735],[130.4575463661718,-1.959051076146137],[130.4576414380021,-1.959146092218392]]],[[[130.4486544984065,-1.95916697987222],[130.4491327695617,-1.959642872320691],[130.4490923189554,-1.960399541205751],[130.4485070761407,-1.9601751792411],[130.4486544984065,-1.95916697987222]]],[[[130.4959086972286,-1.959672060716924],[130.4955513210367,-1.959597523107151],[130.4957963629118,-1.958908569574794],[130.4959826188028,-1.959088068859208],[130.4959086972286,-1.959672060716924]]],[[[130.48015098498,-1.961164270714447],[130.4797355863282,-1.959537971799888],[130.4802332783432,-1.958901767102786],[130.4807069413723,-1.960500750009578],[130.48015098498,-1.961164270714447]]],[[[130.4892793393701,-1.958995939610888],[130.4892046102046,-1.95896315122839],[130.4892027872788,-1.958910325051447],[130.4893012099829,-1.958917612257929],[130.4892793393701,-1.958995939610888]]],[[[130.4919602165908,-1.959581739105934],[130.4917056248148,-1.959511778145975],[130.4918323320965,-1.958879972932406],[130.4920788398666,-1.959094443253909],[130.4919602165908,-1.959581739105934]]],[[[130.4491247224281,-1.959089056314836],[130.4490429452758,-1.958943311284747],[130.4491354999035,-1.958812973439963],[130.4492032422359,-1.958996576330899],[130.4491247224281,-1.959089056314836]]],[[[130.4792013377715,-1.960535614027295],[130.4787504824489,-1.959767193700992],[130.4791564148368,-1.958800921625217],[130.479569379923,-1.959419871030191],[130.4792013377715,-1.960535614027295]]],[[[130.477525161557,-1.95974372139556],[130.4771005016869,-1.959503132063814],[130.4776749319525,-1.958786607116172],[130.4778669318135,-1.959144448257602],[130.477525161557,-1.95974372139556]]],[[[130.4893193403153,-1.958687539598161],[130.4892446111499,-1.958654751215752],[130.4892427882241,-1.958601925038719],[130.4893412118275,-1.958609211345921],[130.4893193403153,-1.958687539598161]]],[[[130.4571185433862,-1.959350376818383],[130.4567382551664,-1.959122338425148],[130.4575701343542,-1.958552240193681],[130.4576414380021,-1.95877077724951],[130.4571185433862,-1.959350376818383]]],[[[130.4502098938716,-1.958778783014361],[130.4500214454334,-1.958736905184002],[130.4500441281341,-1.958487383785704],[130.4503198234012,-1.958639191145719],[130.4502098938716,-1.958778783014361]]],[[[130.4490845856851,-1.958788645879286],[130.4489427572026,-1.95882138929562],[130.4488607471259,-1.958470662690884],[130.4490753703321,-1.958545694028471],[130.4490845856851,-1.958788645879286]]],[[[130.4879233685686,-1.958492497330846],[130.4890640308804,-1.959450980378355],[130.4877332950556,-1.963557056413004],[130.486893323768,-1.958501900642132],[130.4879233685686,-1.958492497330846]]],[[[130.4606185968708,-1.95886027598087],[130.4610025768076,-1.961269684748126],[130.458662541743,-1.964417634766027],[130.4602116923159,-1.958258150193418],[130.4606185968708,-1.95886027598087]]],[[[130.457921899676,-1.958699514970588],[130.4577174963654,-1.958105662945966],[130.4579504216747,-1.957953637050627],[130.4583259560781,-1.958371709386844],[130.457921899676,-1.958699514970588]]],[[[130.4790329891812,-1.958199208626501],[130.4788100319574,-1.958108753915846],[130.4789377788554,-1.957784192186709],[130.4791560596045,-1.95793667403821],[130.4790329891812,-1.958199208626501]]],[[[130.488294339812,-1.957767540339697],[130.4882196106465,-1.95773475105783],[130.4882177877208,-1.957681924880886],[130.4883162122235,-1.957689211188088],[130.488294339812,-1.957767540339697]]],[[[130.4475837673771,-1.958174159809614],[130.4473587938733,-1.957911281680216],[130.4474690786351,-1.957519037873181],[130.4478183636267,-1.957741114660719],[130.4475837673771,-1.958174159809614]]],[[[130.4802691073335,-1.958755356574374],[130.480061970084,-1.958131987900893],[130.4805596692934,-1.957495783203791],[130.4805726060411,-1.95841274994846],[130.4802691073335,-1.958755356574374]]],[[[130.3874451542705,-1.957565501346783],[130.3873880473205,-1.957566691149884],[130.3873904269267,-1.957475081709584],[130.3874487236798,-1.957495306563109],[130.3874451542705,-1.957565501346783]]],[[[130.4529698511778,-1.963105985252936],[130.4522153145852,-1.962227775691241],[130.4541356261583,-1.957408727930401],[130.4539204345805,-1.96119873992984],[130.4529698511778,-1.963105985252936]]],[[[130.4912247051561,-1.961348454567505],[130.4903699598059,-1.964567069714443],[130.4906022160195,-1.957400751843144],[130.4910600096118,-1.957860337784359],[130.4912247051561,-1.961348454567505]]],[[[130.4068893143904,-1.961563174001205],[130.4063539353858,-1.960485278073046],[130.4082670218057,-1.957322973976064],[130.4078315808628,-1.959992730180351],[130.4068893143904,-1.961563174001205]]],[[[130.447649285686,-1.957422459678673],[130.4475261280284,-1.957454825379815],[130.4475862081371,-1.957287776309771],[130.4476690725697,-1.957325714210326],[130.447649285686,-1.957422459678673]]],[[[130.4336753157632,-1.958295446877381],[130.4333571886834,-1.957791267153189],[130.4339385437289,-1.957257407103599],[130.4337139821147,-1.957953399629611],[130.4336753157632,-1.958295446877381]]],[[[130.4559672223095,-1.957388289038223],[130.4557675710167,-1.957359784126725],[130.4557604411915,-1.957231512024629],[130.4559529608605,-1.957210133340917],[130.4559672223095,-1.957388289038223]]],[[[130.4564797972049,-1.958511546770383],[130.4551001670391,-1.961486757707645],[130.4589870782911,-1.959771630956],[130.4566100756945,-1.966134100608199],[130.4539614517598,-1.963432083923491],[130.4564797972049,-1.958511546770383]]],[[[130.5005336739899,-1.957622853811605],[130.5003056706701,-1.957329878071404],[130.5006220836422,-1.956943892646537],[130.5007663313012,-1.957478690688921],[130.5005336739899,-1.957622853811605]]],[[[130.4646329969154,-1.957607884596138],[130.4644077437224,-1.95724206107222],[130.4645485271929,-1.956932518021206],[130.4647456244111,-1.95732648223135],[130.4646329969154,-1.957607884596138]]],[[[130.4477958778776,-1.957233491432378],[130.4476275715552,-1.957141268654608],[130.4479249899464,-1.956747017560792],[130.4480633227641,-1.956857685433791],[130.4477958778776,-1.957233491432378]]],[[[130.4387280397673,-1.956786326927398],[130.4385781335741,-1.956779189008342],[130.438717332439,-1.956543622390219],[130.4387601626514,-1.956707805320848],[130.4387280397673,-1.956786326927398]]],[[[130.4344646021598,-1.956615203928516],[130.4343059266772,-1.956565096402032],[130.4343114952793,-1.956478799257136],[130.4345063585817,-1.956517772277325],[130.4344646021598,-1.956615203928516]]],[[[130.4499009290847,-1.956596055563489],[130.4501157096723,-1.957489436688123],[130.4494089747444,-1.958541030144348],[130.4486670817205,-1.956845281084776],[130.4499009290847,-1.956596055563489]]],[[[130.4894706431558,-1.958194465602039],[130.4891803923613,-1.957007571841965],[130.4893804690334,-1.95633071509034],[130.4896285029532,-1.956490756643062],[130.4894706431558,-1.958194465602039]]],[[[130.4557033980934,-1.957053356327235],[130.455439572978,-1.956974967820527],[130.4555536591741,-1.956312227727055],[130.4558246141147,-1.956561645703372],[130.4557033980934,-1.957053356327235]]],[[[130.4340693015571,-1.956897645010239],[130.4336618187379,-1.957218872053248],[130.433944380329,-1.956281960144304],[130.4341020197925,-1.956624007391985],[130.4340693015571,-1.956897645010239]]],[[[130.4905723207561,-1.95640405210529],[130.4904085092454,-1.956371727773012],[130.4904424982228,-1.956215202569458],[130.4905838680511,-1.95622230541497],[130.4905723207561,-1.95640405210529]]],[[[130.4820163497748,-1.957573209436061],[130.4813723704386,-1.956519445915619],[130.4819826153054,-1.956008970937242],[130.4822395282317,-1.95627475027951],[130.4820163497748,-1.957573209436061]]],[[[130.4907484017174,-1.95624394130485],[130.4905629399278,-1.956175555957065],[130.4906284411497,-1.955989399890859],[130.4907657208614,-1.956079502966615],[130.4907484017174,-1.95624394130485]]],[[[130.4740463212807,-1.956580785075149],[130.4738145021376,-1.956320137264436],[130.4741569513822,-1.955965819666774],[130.4742684556249,-1.956366321048877],[130.4740463212807,-1.956580785075149]]],[[[130.4718862000881,-1.958030075827269],[130.4715861718644,-1.957220898225811],[130.4721437803113,-1.955915938769495],[130.4721916557204,-1.957421055837008],[130.4718862000881,-1.958030075827269]]],[[[130.4446171431667,-1.956193629632244],[130.4446284179671,-1.955790011199968],[130.444774983179,-1.955749422997391],[130.4447997873804,-1.955873440406888],[130.4446171431667,-1.956193629632244]]],[[[130.4337630922929,-1.955855233632045],[130.4336823628508,-1.955855233632045],[130.4336072011115,-1.95560747940158],[130.4338271186267,-1.95562974931345],[130.4337630922929,-1.955855233632045]]],[[[130.4485858225777,-1.956301432265287],[130.4483154917666,-1.955890767644755],[130.4487750552247,-1.95537203509131],[130.4488291206675,-1.955820523398424],[130.4485858225777,-1.956301432265287]]],[[[130.4544413183122,-1.957017725187862],[130.4541418422723,-1.956718422716966],[130.4542987101174,-1.955200535276427],[130.4545625352329,-1.956618656425826],[130.4544413183122,-1.957017725187862]]],[[[130.4511568673955,-1.955795024021059],[130.451599246608,-1.957613937033534],[130.4506011808,-1.960224784945799],[130.4508060733417,-1.955108593087099],[130.4511568673955,-1.955795024021059]]],[[[130.4517855339752,-1.961920131109165],[130.4509957439585,-1.961092434668091],[130.4530206502828,-1.955076620389631],[130.4531449033147,-1.958320398567517],[130.4517855339752,-1.961920131109165]]],[[[130.4783736377333,-1.955424676907283],[130.4781395909693,-1.955317934574976],[130.4783387629236,-1.955061089097912],[130.478493065003,-1.955186609274564],[130.4783736377333,-1.955424676907283]]],[[[130.433660092939,-1.955217750998342],[130.4335209039666,-1.955181562279209],[130.4335014183558,-1.955075778624218],[130.4336545252362,-1.955064644118012],[130.433660092939,-1.955217750998342]]],[[[130.4774106248006,-1.955337744841026],[130.4771765780367,-1.95523100430737],[130.477375749991,-1.954974157031655],[130.4775300529696,-1.955099677208308],[130.4774106248006,-1.955337744841026]]],[[[130.4347078651759,-1.956537612220968],[130.4340222382358,-1.955828291742259],[130.434042562914,-1.954928252037183],[130.4346646446577,-1.955567196069177],[130.4347078651759,-1.956537612220968]]],[[[130.4397452593363,-1.955023146700777],[130.439591783734,-1.955044562256683],[130.4397452593363,-1.954801856820223],[130.4398095051047,-1.954880379325965],[130.4397452593363,-1.955023146700777]]],[[[130.4396738747495,-1.954855395260216],[130.4396417527647,-1.954898226372029],[130.4395445081726,-1.954868035231597],[130.4396248688927,-1.954758863830433],[130.4396738747495,-1.954855395260216]]],[[[130.4098942686057,-1.956744332185137],[130.4090573676035,-1.956175528078122],[130.4100965234359,-1.954573073788238],[130.4104355957262,-1.955275015329574],[130.4098942686057,-1.956744332185137]]],[[[130.4303455003446,-1.95458800703088],[130.4302074391221,-1.95458800703088],[130.4301239946267,-1.954524285567308],[130.4303455003446,-1.954493943340799],[130.4303455003446,-1.95458800703088]]],[[[130.4361782953921,-1.955563119442408],[130.4359365108613,-1.955419857440413],[130.4359682407418,-1.95444415237567],[130.4362834648101,-1.954764611397655],[130.4361782953921,-1.955563119442408]]],[[[130.4749016188147,-1.954384780033516],[130.4745580031493,-1.955124465221816],[130.474213784039,-1.955171718300067],[130.4740966626309,-1.954678897013443],[130.4749016188147,-1.954384780033516]]],[[[130.4432920415945,-1.954510425215952],[130.4429891589226,-1.954523307104841],[130.4428924952925,-1.954388055364367],[130.4433242643035,-1.954304326683223],[130.4432920415945,-1.954510425215952]]],[[[130.4113552847186,-1.954514072866134],[130.4111649279191,-1.954428412441247],[130.4114123916686,-1.954257090692105],[130.4114266693054,-1.954399858966285],[130.4113552847186,-1.954514072866134]]],[[[130.4410236420275,-1.954613474931913],[130.440772312992,-1.954542628139746],[130.4406627602782,-1.954330088662617],[130.4409012002303,-1.95426568371431],[130.4410236420275,-1.954613474931913]]],[[[130.4690823567654,-1.954906037883289],[130.4687621000909,-1.954611880433868],[130.4691362000756,-1.954173320642186],[130.4692318996325,-1.954618313284476],[130.4690823567654,-1.954906037883289]]],[[[130.4110364372818,-1.95438082301658],[130.4108889097954,-1.954366546279099],[130.4111792046565,-1.954138117579943],[130.4112077581316,-1.954214261379031],[130.4110364372818,-1.95438082301658]]],[[[130.4377659909078,-1.954428851310366],[130.4375249222374,-1.954343625258018],[130.4375419670881,-1.95410012032429],[130.4377440762282,-1.954217001613292],[130.4377659909078,-1.954428851310366]]],[[[130.4496509274484,-1.954545303622782],[130.4494292562553,-1.955863751111123],[130.4489372533516,-1.956020450783116],[130.4489967264178,-1.954469655350335],[130.4496509274484,-1.954545303622782]]],[[[130.4661534600142,-1.955009596615545],[130.4659845196699,-1.95453121124636],[130.4664725700531,-1.953921504174064],[130.4664444131791,-1.954549971104294],[130.4661534600142,-1.955009596615545]]],[[[130.4786625368466,-1.954931450026345],[130.4780797024164,-1.95453666743324],[130.4783111690254,-1.953860182101666],[130.4786428542844,-1.95408848939225],[130.4786625368466,-1.954931450026345]]],[[[130.4694947238025,-1.954399888643879],[130.4692694706097,-1.954034065119961],[130.46941025408,-1.953724521169667],[130.4696073512982,-1.954118486279091],[130.4694947238025,-1.954399888643879]]],[[[130.3954022190372,-1.953819766568968],[130.3953593879255,-1.953786454781062],[130.3953784238752,-1.953700794356086],[130.395428392906,-1.953736485750104],[130.3954022190372,-1.953819766568968]]],[[[130.4512574826467,-1.954543082297347],[130.4510591659479,-1.954049502882141],[130.4514743721446,-1.953682983283025],[130.4515343542271,-1.954268062421052],[130.4512574826467,-1.954543082297347]]],[[[130.4725731921991,-1.953977783747687],[130.4722728537093,-1.953930884102986],[130.4723573243311,-1.953640100010537],[130.4727515178683,-1.953658859868382],[130.4725731921991,-1.953977783747687]]],[[[130.4440138059925,-1.953924333441195],[130.4436658133267,-1.953756878776927],[130.4443295777479,-1.953473493406912],[130.444245802302,-1.953789080801441],[130.4440138059925,-1.953924333441195]]],[[[130.4338719696158,-1.953947392957803],[130.4337389338048,-1.953685085897996],[130.4339140399011,-1.953397290252726],[130.4340691549676,-1.95374526403265],[130.4338719696158,-1.953947392957803]]],[[[130.4419774009364,-1.953673150995064],[130.4417905164192,-1.953653829060878],[130.4417647391515,-1.953396205670257],[130.4419645127522,-1.953338240767158],[130.4419774009364,-1.953673150995064]]],[[[130.4386786013363,-1.954274799242553],[130.4385502635838,-1.953905456671448],[130.4389901921437,-1.953336939448105],[130.4391373751898,-1.95371228769188],[130.4386786013363,-1.954274799242553]]],[[[130.4377586857148,-1.953520580110604],[130.4376052793602,-1.95340613328632],[130.4376661553688,-1.953284381269141],[130.4378195617235,-1.953359866764417],[130.4377586857148,-1.953520580110604]]],[[[130.4000703371764,-1.953547878132047],[130.3999458907903,-1.953341884820039],[130.4000120026519,-1.953248605338834],[130.4001131152281,-1.953306904789789],[130.4000703371764,-1.953547878132047]]],[[[130.4796911472288,-1.954019901697082],[130.4794206563383,-1.953434023960979],[130.4798446767904,-1.953170756425207],[130.4799992846393,-1.953554178782271],[130.4796911472288,-1.954019901697082]]],[[[130.4112410708189,-1.953819270143134],[130.4108840651476,-1.953763640779352],[130.4110322482397,-1.95310990200033],[130.4113446223566,-1.953273359178167],[130.4112410708189,-1.953819270143134]]],[[[130.40762294894,-1.953312322305825],[130.4074587660093,-1.95326711338655],[130.4076300877584,-1.953095790738127],[130.4076657800517,-1.953167175324813],[130.40762294894,-1.953312322305825]]],[[[130.4910374573128,-1.953282320922314],[130.490864762299,-1.953278568950692],[130.4907896779013,-1.953143495276047],[130.4910449648534,-1.95308346283152],[130.4910374573128,-1.953282320922314]]],[[[130.4325871432821,-1.953462402967501],[130.4324113519025,-1.9532699273652],[130.4325761841436,-1.95299276620309],[130.4326287917854,-1.953314979802448],[130.4325871432821,-1.953462402967501]]],[[[130.4344818475592,-1.953196126300119],[130.4343432629313,-1.953158329593199],[130.4343936573415,-1.952936592749468],[130.4345498812721,-1.953029822768018],[130.4344818475592,-1.953196126300119]]],[[[130.4307946172778,-1.954359069315517],[130.4307867688943,-1.953528648828032],[130.4321941215615,-1.952975319355479],[130.4317904140965,-1.953742547180751],[130.4307946172778,-1.954359069315517]]],[[[130.4341068257695,-1.953097225156755],[130.4339207659307,-1.953060104740059],[130.4339553115884,-1.952854062864676],[130.4342621746597,-1.952885218977565],[130.4341068257695,-1.953097225156755]]],[[[130.4818934556185,-1.953144318155678],[130.4816594088548,-1.95303757582346],[130.4818585808089,-1.952780730346396],[130.4820128828883,-1.952906249623679],[130.4818934556185,-1.953144318155678]]],[[[130.4501213025561,-1.95307555779072],[130.4498455650209,-1.953016119798059],[130.4500726429381,-1.952616262330567],[130.4502024016195,-1.952751348595852],[130.4501213025561,-1.95307555779072]]],[[[130.4070390452158,-1.954062016948457],[130.4068058582039,-1.953819312411278],[130.4066773666672,-1.952615304552621],[130.4073674110772,-1.953571847762506],[130.4070390452158,-1.954062016948457]]],[[[130.4912063967579,-1.952734522280311],[130.4910787541812,-1.952787050781682],[130.4909961604445,-1.952606951649452],[130.4912026429876,-1.952543168132673],[130.4912063967579,-1.952734522280311]]],[[[130.3959476380732,-1.952558628377934],[130.3959062350848,-1.952544350741173],[130.3958562669533,-1.952400156142245],[130.3959690527297,-1.952455834968772],[130.3959476380732,-1.952558628377934]]],[[[130.390696049683,-1.952526038745608],[130.3905844528103,-1.952503732860913],[130.3905621343351,-1.952355022766008],[130.3906848899958,-1.952332716881314],[130.390696049683,-1.952526038745608]]],[[[130.3959761924474,-1.952380167810455],[130.3959333613357,-1.952371601767913],[130.3959376439072,-1.952273092729031],[130.3960404373164,-1.952287368567143],[130.3959761924474,-1.952380167810455]]],[[[130.3882437918176,-1.95304756909003],[130.387253309093,-1.953236138037331],[130.3868735811509,-1.957141750691241],[130.3863877592877,-1.953414084192564],[130.3872883017139,-1.952169349635716],[130.3882437918176,-1.95304756909003]]],[[[130.4464626482327,-1.952604015362949],[130.4462693182746,-1.952281987024021],[130.4463595391614,-1.952146734384266],[130.4465399800362,-1.952423678809703],[130.4464626482327,-1.952604015362949]]],[[[130.4624566690401,-1.953823613868602],[130.4621352981057,-1.953739332104456],[130.4625699800206,-1.952114990114653],[130.4633822360015,-1.953214884359403],[130.4624566690401,-1.953823613868602]]],[[[130.4097809657191,-1.954335247173836],[130.4096045133377,-1.953133966059609],[130.4102622001404,-1.952111954902749],[130.4105654290514,-1.952958507429139],[130.4097809657191,-1.954335247173836]]],[[[130.3893717673932,-1.952202595773114],[130.3893308482401,-1.952236055949166],[130.3892006515889,-1.952157983104355],[130.3893234081489,-1.952061322172296],[130.3893717673932,-1.952202595773114]]],[[[130.4634598007293,-1.952355022766008],[130.4631594622394,-1.952308123121307],[130.4632439328612,-1.952017339028947],[130.4636381272979,-1.952036098886792],[130.4634598007293,-1.952355022766008]]],[[[130.4006847872731,-1.952148678718471],[130.400572007792,-1.952086492397667],[130.4005564522185,-1.951969891697106],[130.400735342662,-1.952024305177494],[130.4006847872731,-1.952148678718471]]],[[[130.4432533761424,-1.953673150995064],[130.442808718048,-1.953679591939553],[130.4421449536268,-1.95192131391744],[130.4433113752199,-1.953357562701255],[130.4432533761424,-1.953673150995064]]],[[[130.4417582937104,-1.952159616273244],[130.4415327428419,-1.952120972404872],[130.441448967396,-1.951914873872321],[130.4417969600617,-1.951901991983254],[130.4417582937104,-1.952159616273244]]],[[[130.3895131228325,-1.951979532429407],[130.3893606068066,-1.951990684922114],[130.3894312854256,-1.951823386739873],[130.3895280030151,-1.951868000307913],[130.3895131228325,-1.951979532429407]]],[[[130.4785882249667,-1.952901574947743],[130.4783073630943,-1.952741117908177],[130.4788809039307,-1.951759016865109],[130.4789287694472,-1.952167247920114],[130.4785882249667,-1.952901574947743]]],[[[130.4397670004467,-1.952281987024021],[130.4395543368632,-1.951844027080154],[130.4397863331728,-1.951637929446884],[130.4399474413214,-1.951728097273778],[130.4397670004467,-1.952281987024021]]],[[[130.4800606246981,-1.951970746053069],[130.4798265779343,-1.951864003720763],[130.4800257498884,-1.951607157344329],[130.4801800528673,-1.951732676621701],[130.4800606246981,-1.951970746053069]]],[[[130.4463273173519,-1.9520758875921],[130.4460179901382,-1.951966397830931],[130.4460373228642,-1.951599284679231],[130.4462306519231,-1.951644368592634],[130.4463273173519,-1.9520758875921]]],[[[130.3998214462028,-1.951857178765762],[130.3997086667216,-1.951760012414619],[130.3997319996323,-1.951542359392347],[130.3998875571651,-1.951682278614244],[130.3998214462028,-1.951857178765762]]],[[[130.4317699077551,-1.952214865223814],[130.4311156365774,-1.952088127365117],[130.4316969457575,-1.951494463298767],[130.4319900671879,-1.951871878184599],[130.4317699077551,-1.952214865223814]]],[[[130.4698065169573,-1.951800132969675],[130.4695046010565,-1.951640223617426],[130.4698396281964,-1.951315360615327],[130.4700284192762,-1.951521740635778],[130.4698065169573,-1.951800132969675]]],[[[130.3990281047633,-1.951390778661446],[130.3988569925563,-1.951398552401232],[130.3987869920261,-1.951270291990317],[130.3989503268962,-1.951262519149902],[130.3990281047633,-1.951390778661446]]],[[[130.4749186636654,-1.953241415259102],[130.4745069396436,-1.952428075595128],[130.4749345007267,-1.951157323651456],[130.4750962267095,-1.952901881616478],[130.4749186636654,-1.953241415259102]]],[[[130.3879687089887,-1.951588008979391],[130.3876256751849,-1.951459835802696],[130.3877123608369,-1.95117989663485],[130.3880496479729,-1.951160479372563],[130.3879687089887,-1.951588008979391]]],[[[130.4636282806207,-1.951893069809232],[130.4631748901092,-1.951486199428556],[130.4633673531209,-1.950991430210339],[130.4638685587871,-1.951087907680707],[130.4636282806207,-1.951893069809232]]],[[[130.4115520941539,-1.951134620266506],[130.4109553409163,-1.951911871035941],[130.4099880382174,-1.951451822843334],[130.4101883631025,-1.950956008612861],[130.4115520941539,-1.951134620266506]]],[[[130.4214703024126,-1.95138036900884],[130.4213196263997,-1.951134506951815],[130.4215096315642,-1.95089075290589],[130.4216598174467,-1.95116263504749],[130.4214703024126,-1.95138036900884]]],[[[130.4295070992732,-1.95093318291997],[130.4291518562731,-1.951592741211952],[130.4286244830336,-1.95130475940706],[130.4289253773044,-1.9509228272266],[130.4295070992732,-1.95093318291997]]],[[[130.4583577147369,-1.951292290306908],[130.4580499055787,-1.95113983273705],[130.4581407739776,-1.950795746726255],[130.4584029389445,-1.950875819663247],[130.4583577147369,-1.951292290306908]]],[[[130.4058146461291,-1.951750103684249],[130.4055665123846,-1.951150626400258],[130.4059273671544,-1.950664300916641],[130.4063551800476,-1.951225112748725],[130.4058146461291,-1.951750103684249]]],[[[130.4445486849739,-1.95327383491948],[130.4436722569692,-1.951740978263475],[130.4439364741889,-1.950600994939913],[130.4443295777479,-1.950916583233633],[130.4445486849739,-1.95327383491948]]],[[[130.4028430126949,-1.951761945957012],[130.4024669809664,-1.952256099139651],[130.4011980987134,-1.951141089989308],[130.4030144027925,-1.950548873831417],[130.4028430126949,-1.951761945957012]]],[[[130.4110786595526,-1.950670704989024],[130.4109358921777,-1.950635012695637],[130.4109501689152,-1.950554110583694],[130.4111238702704,-1.950554110583694],[130.4110786595526,-1.950670704989024]]],[[[130.4386199106804,-1.951038953984499],[130.4384265807222,-1.950948786157516],[130.4386843542995,-1.950504386168442],[130.4388325733646,-1.950742686725595],[130.4386199106804,-1.951038953984499]]],[[[130.4117169111066,-1.950675621582645],[130.4115979379945,-1.950618514632721],[130.4117864709689,-1.950349793608],[130.4118316798882,-1.950471147225644],[130.4117169111066,-1.950675621582645]]],[[[130.3941411878655,-1.950500523580237],[130.3940411913479,-1.950363571221805],[130.3941522989896,-1.950234020283739],[130.3942115562184,-1.950311751386183],[130.3941411878655,-1.950500523580237]]],[[[130.4245808397341,-1.951033664172177],[130.4239852897893,-1.950475643835839],[130.4244918077508,-1.950142397353696],[130.4249246622435,-1.950751593611136],[130.4245808397341,-1.951033664172177]]],[[[130.413685464113,-1.950489241585165],[130.4134474063728,-1.950452044726061],[130.413611071294,-1.950072641439229],[130.4137152208808,-1.950191670309279],[130.413685464113,-1.950489241585165]]],[[[130.4762855756189,-1.955293816556283],[130.4754760625704,-1.953849042199421],[130.4775369022063,-1.950031911143737],[130.476944453124,-1.951562840552581],[130.4762855756189,-1.955293816556283]]],[[[130.3942819236719,-1.950241422603563],[130.3941708160305,-1.950193305276729],[130.3942152587273,-1.950019336822864],[130.3943152561442,-1.950104470245043],[130.3942819236719,-1.950241422603563]]],[[[130.3943745133732,-1.950008232893621],[130.3942856270801,-1.949974920206346],[130.3943189595524,-1.949860174807119],[130.3944041424373,-1.949904593222376],[130.3943745133732,-1.950008232893621]]],[[[130.4291361577076,-1.950217463764917],[130.4290941602674,-1.949907676098375],[130.4293835342228,-1.949882466302702],[130.4294414523612,-1.950139586072977],[130.4291361577076,-1.950217463764917]]],[[[130.4287505841722,-1.950130733146763],[130.4283149480765,-1.950019095804548],[130.4284266492705,-1.949684184677361],[130.4288120195592,-1.949723258421601],[130.4287505841722,-1.950130733146763]]],[[[130.4078322616496,-1.952590348365815],[130.4075370996575,-1.951063991110205],[130.4084816989713,-1.94961147808719],[130.4085135043948,-1.950639959866221],[130.4078322616496,-1.952590348365815]]],[[[130.4221634377925,-1.950320031444244],[130.4218423411512,-1.95007746180538],[130.42213457585,-1.949208589005094],[130.4223076809547,-1.949986450414334],[130.4221634377925,-1.950320031444244]]],[[[130.4067982643285,-1.949239133579075],[130.4066535921897,-1.94922200239345],[130.4066554960544,-1.949027837864373],[130.4067963595644,-1.949033547660031],[130.4067982643285,-1.949239133579075]]],[[[130.3974795981051,-1.950162660878066],[130.3991695006719,-1.949531986112232],[130.3971729913406,-1.951986983312606],[130.3949304832553,-1.950682878212165],[130.3974795981051,-1.950162660878066]]],[[[130.3996204863964,-1.948723419150403],[130.3995258642274,-1.948669613611711],[130.3996891343461,-1.948580558246141],[130.3997058320585,-1.948626940780665],[130.3996204863964,-1.948723419150403]]],[[[130.4068858277189,-1.948923140590411],[130.4066269416801,-1.948839384030324],[130.4066573990198,-1.948479610245782],[130.4070266921282,-1.948578595925435],[130.4068858277189,-1.948923140590411]]],[[[130.4159040331447,-1.948878001818313],[130.416408353163,-1.949009036637664],[130.415957150702,-1.952385270563786],[130.4151455503269,-1.948269166189023],[130.4159040331447,-1.948878001818313]]],[[[130.3957337280292,-1.948412912925582],[130.3955115127462,-1.948224139832158],[130.3959374253719,-1.948072381035518],[130.3959633501286,-1.948224139832158],[130.3957337280292,-1.948412912925582]]],[[[130.3675047527422,-1.947592933566947],[130.3688037955587,-1.94815708727967],[130.3679687480593,-1.949996190072037],[130.3662562572206,-1.94820480081084],[130.3675047527422,-1.947592933566947]]],[[[130.3642072032,-1.947233502424142],[130.3639466516167,-1.947204948049899],[130.3639573589451,-1.946865874860196],[130.3640929893,-1.946887290416102],[130.3642072032,-1.947233502424142]]],[[[130.3814151289051,-1.947122373198942],[130.3809945609503,-1.949003889817627],[130.3791779277193,-1.947395932576137],[130.3813860286424,-1.945319651580649],[130.3814151289051,-1.947122373198942]]],[[[130.3838078984158,-1.945521516105034],[130.3834939729685,-1.94534083780942],[130.3836091446464,-1.945007569743476],[130.383832883381,-1.945046812560294],[130.3838078984158,-1.945521516105034]]],[[[130.3784983091497,-1.943468316209776],[130.3780485509999,-1.943306125277358],[130.3787904206415,-1.94297247589901],[130.3787626010132,-1.943171737785379],[130.3784983091497,-1.943468316209776]]],[[[130.3836217621347,-1.941795779551539],[130.3832341867084,-1.941494092078669],[130.3836515755598,-1.941099289700412],[130.383796915895,-1.941251997281837],[130.3836217621347,-1.941795779551539]]],[[[130.3805608709875,-1.939099157899784],[130.3809312136047,-1.939848812072922],[130.3793209783805,-1.940412019698881],[130.3795982141864,-1.939090857157291],[130.3805608709875,-1.939099157899784]]],[[[130.3775662194056,-1.937096563755317],[130.3785772570348,-1.941173812921074],[130.3711658028596,-1.943772457033235],[130.3733847693917,-1.935988379559975],[130.3775662194056,-1.937096563755317]]],[[[130.371998521115,-1.935389325856621],[130.3718124918531,-1.935067805634707],[130.3723139969934,-1.935051696078885],[130.3723253662228,-1.935215867318421],[130.371998521115,-1.935389325856621]]],[[[130.3491918426295,-1.924746842292871],[130.3488414892434,-1.92440015724136],[130.349724431937,-1.924310093735818],[130.3496514357651,-1.92449940372448],[130.3491918426295,-1.924746842292871]]],[[[130.4713026174219,-1.906861486968017],[130.471134865082,-1.906786533871399],[130.4711958436134,-1.906528730616389],[130.4713684927618,-1.906581382324893],[130.4713026174219,-1.906861486968017]]],[[[130.4693205260215,-1.90650893024287],[130.4691034009013,-1.906502982126915],[130.4690766316812,-1.906431598439509],[130.4692106594444,-1.90634290999723],[130.4693205260215,-1.90650893024287]]],[[[130.4765516679252,-1.905151075361802],[130.4762856646517,-1.905765395956196],[130.4759417621027,-1.905645203363429],[130.4758680590637,-1.905276034361483],[130.4765516679252,-1.905151075361802]]],[[[130.4497599072939,-1.902045568847901],[130.4496020133223,-1.902022995864508],[130.4495652337485,-1.90187552683401],[130.4497598047713,-1.901923586604218],[130.4497599072939,-1.902045568847901]]],[[[130.4494008898392,-1.901168428580105],[130.449245275649,-1.901134405428431],[130.4492197133192,-1.901012040972885],[130.4494064260658,-1.901014712858709],[130.4494008898392,-1.901168428580105]]],[[[130.4501880151648,-1.90027166690381],[130.4500873567462,-1.9002717514401],[130.4498535114304,-1.900058547364017],[130.4501159398987,-1.900061957593183],[130.4501880151648,-1.90027166690381]]],[[[130.4653798640895,-1.899421624108635],[130.4649497408379,-1.907130687331263],[130.4531758831605,-1.90446116585006],[130.4532829591413,-1.899771249043861],[130.4653798640895,-1.899421624108635]]],[[[130.4401126198017,-1.886773110990239],[130.43989353326,-1.886607612351357],[130.4402858517107,-1.88652613467333],[130.4403291603626,-1.88666108064435],[130.4401126198017,-1.886773110990239]]],[[[130.4408461806068,-1.886862472125353],[130.4404888880518,-1.886658322423587],[130.440956491449,-1.886218062913228],[130.441012314167,-1.886719842346787],[130.4408461806068,-1.886862472125353]]],[[[130.4413532660405,-1.886335174428735],[130.441080680629,-1.886291889159322],[130.4409303769354,-1.886085651231786],[130.441309958288,-1.886093290073257],[130.4413532660405,-1.886335174428735]]],[[[130.4248695382986,-1.885069305803791],[130.4243733652387,-1.885027981056433],[130.4243871482484,-1.884835128638221],[130.424966015769,-1.884711152597587],[130.4248695382986,-1.885069305803791]]],[[[130.4225085364399,-1.881792457755685],[130.422426969729,-1.881724653370023],[130.4224943676211,-1.881651067242876],[130.4225281560497,-1.881713252664399],[130.4225085364399,-1.881792457755685]]],[[[130.4239241862523,-1.875659823342149],[130.4238315282025,-1.875648716714887],[130.4238128735654,-1.875503296340034],[130.4239852394273,-1.875546045613488],[130.4239241862523,-1.875659823342149]]],[[[130.4219806748683,-1.874930599967131],[130.4220733949712,-1.875305535422081],[130.4215396985983,-1.875335980171291],[130.4215900993036,-1.874972929257249],[130.4219806748683,-1.874930599967131]]],[[[130.4218269816299,-1.873644757399598],[130.4215521856848,-1.873615313595758],[130.4216748631045,-1.873379774856668],[130.4218760531374,-1.873414123562858],[130.4218269816299,-1.873644757399598]]],[[[130.4248629615565,-1.872895793905707],[130.4246651700617,-1.872864537068677],[130.4246171399691,-1.872680244397687],[130.4248294501191,-1.872644463071518],[130.4248629615565,-1.872895793905707]]],[[[130.4234094961514,-1.872537146971689],[130.4242088990215,-1.873100273658659],[130.4228544139001,-1.87468451937505],[130.4221244054172,-1.872744434408061],[130.4234094961514,-1.872537146971689]]],[[[130.4301101720469,-1.872241600969085],[130.4299373205509,-1.87217948299663],[130.430077762279,-1.872001231071943],[130.4301965968955,-1.872084955256417],[130.4301101720469,-1.872241600969085]]],[[[130.4225381664033,-1.872109117341816],[130.4221998180673,-1.872062754592354],[130.421953904749,-1.871680584091598],[130.4228296079001,-1.871456047658418],[130.4225381664033,-1.872109117341816]]],[[[130.4238907080897,-1.871707425257421],[130.4232856927807,-1.87141517257208],[130.4236513679163,-1.870842513071461],[130.4242760927675,-1.871240027805035],[130.4238907080897,-1.871707425257421]]],[[[130.4303584388909,-1.871702056304761],[130.4294806520105,-1.871702773963849],[130.4297671031693,-1.87080296988105],[130.4304066920153,-1.871069598183331],[130.4303584388909,-1.871702056304761]]],[[[130.4309378693872,-1.871126243781054],[130.4307241697846,-1.871020754204336],[130.4305782287023,-1.870684747702869],[130.430971747748,-1.870924380156039],[130.4309378693872,-1.871126243781054]]],[[[130.4264823042151,-1.871330945666541],[130.4261411266118,-1.871071127030868],[130.4264982851678,-1.870559782408046],[130.4269128087792,-1.871084532325254],[130.4264823042151,-1.871330945666541]]],[[[130.4177430280185,-1.870974553332941],[130.4174717700062,-1.870738985815448],[130.4176787831494,-1.870531972672376],[130.4178643807367,-1.870646186572225],[130.4177430280185,-1.870974553332941]]],[[[130.4195609373874,-1.870950758170922],[130.4194538614066,-1.871172048051475],[130.4186400846722,-1.870772297603443],[130.4188756521896,-1.870515317228064],[130.4195609373874,-1.870950758170922]]],[[[130.422036451721,-1.871178292943812],[130.421429689029,-1.870735713182528],[130.421401135554,-1.870564392332755],[130.421943653377,-1.870443039614569],[130.422036451721,-1.871178292943812]]],[[[130.4320420848744,-1.87071429762671],[130.4318160357815,-1.870660760085999],[130.4319944963491,-1.870184867637439],[130.4321134685618,-1.870339533042989],[130.4320420848744,-1.87071429762671]]],[[[130.4283058091659,-1.870156683783877],[130.4291053082634,-1.870624247610822],[130.4286103259059,-1.871499429155302],[130.4280997987668,-1.871099604962792],[130.4283058091659,-1.870156683783877]]],[[[130.4200150986181,-1.870346671861414],[130.4194583049568,-1.869996891343442],[130.4198937467991,-1.869590002976265],[130.4201578668921,-1.869775600563431],[130.4200150986181,-1.870346671861414]]],[[[130.4180544236727,-1.870401399205138],[130.4171407106754,-1.870115863556235],[130.4171050192813,-1.869587624269434],[130.4179259330355,-1.869758945119207],[130.4180544236727,-1.870401399205138]]],[[[130.4274442226727,-1.870044869275292],[130.4269549788892,-1.869635559033769],[130.427899631263,-1.868926999381484],[130.4281236182105,-1.869346730067514],[130.4274442226727,-1.870044869275292]]],[[[130.4376112130871,-1.86900782774895],[130.4374113387624,-1.868936444061633],[130.4374969991873,-1.868679461887604],[130.4377397037244,-1.868831747686952],[130.4376112130871,-1.86900782774895]]],[[[130.4183688266601,-1.869078120558745],[130.4179690771113,-1.868928215264878],[130.4180119082231,-1.868535603635182],[130.4184973181967,-1.868678371909274],[130.4183688266601,-1.869078120558745]]],[[[130.42431477081,-1.869759856132427],[130.4237286475591,-1.869576699305211],[130.4241235470641,-1.868277988338443],[130.4244840996615,-1.86913559083475],[130.42431477081,-1.869759856132427]]],[[[130.417578845987,-1.868790206203011],[130.4172219257514,-1.868426148947558],[130.4175717071686,-1.868097783086212],[130.4178286893426,-1.868426148947558],[130.417578845987,-1.868790206203011]]],[[[130.4260209493073,-1.868632400364925],[130.4257232413346,-1.868513813961295],[130.4258265788336,-1.867767489977615],[130.4262050342349,-1.868451624942471],[130.4260209493073,-1.868632400364925]]],[[[130.4319390540442,-1.868049380674355],[130.4316344833448,-1.868068416624061],[130.4315916531324,-1.867797157712639],[130.4319485715694,-1.86772101571229],[130.4319390540442,-1.868049380674355]]],[[[130.4297989265793,-1.868215589777636],[130.4294979252891,-1.868123683561132],[130.4295978228813,-1.867614562062306],[130.4300471538531,-1.867754618880538],[130.4297989265793,-1.868215589777636]]],[[[130.4315107510204,-1.86775908671242],[130.431153831684,-1.86775908671242],[130.4311157606839,-1.867578248337479],[130.4313632253327,-1.86754017733726],[130.4315107510204,-1.86775908671242]]],[[[130.4268425573382,-1.868189686604696],[130.4264409452935,-1.868085444387704],[130.4263743136237,-1.86748184641006],[130.4268137790327,-1.867647853165868],[130.4268425573382,-1.868189686604696]]],[[[130.4239325526453,-1.867663614684004],[130.4237796400184,-1.867698884296034],[130.4237717979301,-1.867451999710015],[130.4239443157776,-1.8674637574464],[130.4239325526453,-1.867663614684004]]],[[[130.4155549549972,-1.86772619220992],[130.4154098565797,-1.86770266594525],[130.4151662122509,-1.867476859669262],[130.4155922220035,-1.86741069384844],[130.4155549549972,-1.86772619220992]]],[[[130.4138992761308,-1.868306030998459],[130.4127820366617,-1.867786248936179],[130.4128193153592,-1.867491747945829],[130.4140942401572,-1.867420919140075],[130.4138992761308,-1.868306030998459]]],[[[130.4277071385736,-1.867909629625666],[130.4274626246005,-1.86768830107418],[130.4279793336794,-1.867199532132682],[130.4280900573103,-1.867591469270804],[130.4277071385736,-1.867909629625666]]],[[[130.4310348585719,-1.867245123263819],[130.4308016715599,-1.868306362848296],[130.4298546458753,-1.867083319939214],[130.4301422823405,-1.866823889810634],[130.4310348585719,-1.867245123263819]]],[[[130.4292572658102,-1.86702431272179],[130.4288420542175,-1.866872149230206],[130.429354148875,-1.866517099584433],[130.429455646361,-1.866743040758648],[130.4292572658102,-1.86702431272179]]],[[[130.4144707530229,-1.867070501002813],[130.4144111081862,-1.867286716908437],[130.413680448594,-1.867040677685042],[130.41435519014,-1.866474045440805],[130.4144707530229,-1.867070501002813]]],[[[130.4309724582124,-1.866893104333281],[130.4305990596989,-1.866603207871689],[130.4312158327446,-1.866466590061025],[130.431312517059,-1.866856450664647],[130.4309724582124,-1.866893104333281]]],[[[130.4246657546209,-1.866582029736799],[130.4244344238096,-1.866558516961961],[130.4243560074239,-1.866390009191557],[130.4246422301549,-1.866374334008272],[130.4246657546209,-1.866582029736799]]],[[[130.431573196346,-1.866338088631794],[130.4309825108343,-1.86624337023529],[130.4309325588905,-1.866001579409351],[130.4315994664423,-1.865892086950252],[130.431573196346,-1.866338088631794]]],[[[130.4244148203877,-1.866237176604349],[130.4241275994093,-1.866220394355691],[130.4240802240232,-1.865982147757864],[130.424571538046,-1.865945064213273],[130.4244148203877,-1.866237176604349]]],[[[130.4257710259121,-1.866221187557729],[130.4254306460076,-1.866135706997232],[130.4254811977991,-1.865821897562439],[130.4258532500276,-1.865891857623028],[130.4257710259121,-1.866221187557729]]],[[[130.4304929783683,-1.865943113583837],[130.4301201482264,-1.866577638347236],[130.4298534335892,-1.866524190738764],[130.4298238980546,-1.8659729342035],[130.4304929783683,-1.865943113583837]]],[[[130.4282821830764,-1.867127919118142],[130.4279267889901,-1.866988134794559],[130.4279262449004,-1.865606571086323],[130.4285769403735,-1.866260231624286],[130.4282821830764,-1.867127919118142]]],[[[130.4266797899404,-1.865934105974157],[130.4263305993777,-1.865756864887372],[130.4263794289675,-1.865537347570426],[130.4267594392968,-1.86559946194558],[130.4266797899404,-1.865934105974157]]],[[[130.4288532318913,-1.865901080170643],[130.42820801239,-1.865429380361563],[130.429188395728,-1.865144476036631],[130.4293948018287,-1.865593500339704],[130.4288532318913,-1.865901080170643]]],[[[130.430544792808,-1.865416579411574],[130.4303469770314,-1.864771518190958],[130.4306787324377,-1.864685505231803],[130.4310108790489,-1.865059747309397],[130.430544792808,-1.865416579411574]]],[[[130.4275359903937,-1.865006910340552],[130.4272439661362,-1.864816284643814],[130.4276004304157,-1.864370973641519],[130.4276950750678,-1.864831102773115],[130.4275359903937,-1.865006910340552]]],[[[130.429877474266,-1.864941266126488],[130.4296130502022,-1.864767150183846],[130.4299863542869,-1.864291439398327],[130.4301885596543,-1.864655217863989],[130.429877474266,-1.864941266126488]]],[[[130.4210921240024,-1.864537418367076],[130.4207875820813,-1.864385221600598],[130.4210018482568,-1.864048424595024],[130.4211518416843,-1.864272737996389],[130.4210921240024,-1.864537418367076]]],[[[130.4317193631581,-1.864631955100629],[130.4311890167597,-1.864524246896407],[130.4315247705517,-1.863254953653184],[130.4323278282667,-1.863838333971904],[130.4317193631581,-1.864631955100629]]],[[[130.4250964282576,-1.863436578035563],[130.4248032897401,-1.863307816702322],[130.4248580629493,-1.863091233873318],[130.4251420427711,-1.863210787048144],[130.4250964282576,-1.863436578035563]]],[[[129.7238360657818,-1.865565838992181],[129.7208633333763,-1.866520632121452],[129.7193843344196,-1.864257034034791],[129.7243883151687,-1.861762492744814],[129.7238360657818,-1.865565838992181]]],[[[130.4218620506931,-1.861783643000672],[130.4217179649122,-1.8617528196369],[130.4217099672412,-1.861586335341039],[130.4219378329646,-1.861624852404978],[130.4218620506931,-1.861783643000672]]],[[[130.4240355546972,-1.861372891145921],[130.4238820799941,-1.86129436864009],[130.4239070649592,-1.861126617199618],[130.4240177085504,-1.861144463346223],[130.4240355546972,-1.861372891145921]]],[[[130.4320706554365,-1.860378178010505],[130.4318386582275,-1.860346055126241],[130.4318707811116,-1.86009978117985],[130.432120623568,-1.86009978117985],[130.4320706554365,-1.860378178010505]]],[[[130.4162969181683,-1.861569563884283],[130.41609690265,-1.860365629769925],[130.4170500347313,-1.859756631363377],[130.4167709768991,-1.861281170189757],[130.4162969181683,-1.861569563884283]]],[[[130.4220839017508,-1.86013577024953],[130.4217460183642,-1.85989306481307],[130.4222457050753,-1.859659877801059],[130.4223170887628,-1.859935895025513],[130.4220839017508,-1.86013577024953]]],[[[130.4167522431216,-1.858286691277725],[130.4166927565656,-1.858262896115706],[130.4166987055809,-1.858185564312256],[130.4167700892683,-1.858209357675625],[130.4167522431216,-1.858286691277725]]],[[[130.4157672489594,-1.857827386824409],[130.4156197025873,-1.857792459854027],[130.4156061129319,-1.857666336232436],[130.415716772711,-1.857639170411376],[130.4157672489594,-1.857827386824409]]],[[[130.4354694722384,-1.857950684776258],[130.4351761286755,-1.85740275483324],[130.4355156461303,-1.857095973600289],[130.4358498818666,-1.857496513653148],[130.4354694722384,-1.857950684776258]]],[[[130.4361082103257,-1.856291484164599],[130.4359500159806,-1.856256248726831],[130.4360026011392,-1.856085271418076],[130.4361432443153,-1.856149992028458],[130.4361082103257,-1.856291484164599]]],[[[130.4429408689261,-1.855478166084426],[130.4417647580373,-1.8569807542584],[130.441008756449,-1.85510435837937],[130.4427080749177,-1.854669162951408],[130.4429408689261,-1.855478166084426]]],[[[130.4456310937,-1.854545437821622],[130.4454851679062,-1.85437267535862],[130.4457089803852,-1.854283432034689],[130.4457768063546,-1.854456260148288],[130.4456310937,-1.854545437821622]]],[[[130.4424886996939,-1.853408718137731],[130.4423647533308,-1.853300048558351],[130.4425321900086,-1.853167473200282],[130.4425930768091,-1.85325223520241],[130.4424886996939,-1.853408718137731]]],[[[130.4470218709626,-1.853097666923789],[130.446946915168,-1.853013682835128],[130.4469554353451,-1.852862970849392],[130.4470505566379,-1.852952735780081],[130.4470218709626,-1.853097666923789]]],[[[130.4592612312209,-1.853318729275857],[130.4590452950044,-1.852978763958715],[130.4592083286016,-1.852761635241221],[130.4594067936887,-1.853119217377921],[130.4592612312209,-1.853318729275857]]],[[[130.4427999910268,-1.852749580728544],[130.4425133429165,-1.852600635910553],[130.4426294310035,-1.852435205620198],[130.4428559513411,-1.852560020728314],[130.4427999910268,-1.852749580728544]]],[[[130.4422709639339,-1.851677624822459],[130.4420818985608,-1.851568755593538],[130.4422907822939,-1.851256745702193],[130.4425026670644,-1.851538003276135],[130.4422709639339,-1.851677624822459]]],[[[130.4560166841227,-1.851602822812007],[130.455870244816,-1.851564833650146],[130.455789138558,-1.851148378294967],[130.4561249975707,-1.851328436058422],[130.4560166841227,-1.851602822812007]]],[[[130.442995054878,-1.850435200624004],[130.4428410378837,-1.850357283361939],[130.4428942777487,-1.850142531552537],[130.4430844223083,-1.850220450613252],[130.442995054878,-1.850435200624004]]],[[[130.4433325020933,-1.849995406063057],[130.4431966541024,-1.849965967655256],[130.4432178106536,-1.849833282579885],[130.4434070334078,-1.849854994012714],[130.4433325020933,-1.849995406063057]]],[[[130.4461171493869,-1.850160387591762],[130.4457052023333,-1.849999085189571],[130.4457670675962,-1.849656442590655],[130.4461344892154,-1.849805031277166],[130.4461171493869,-1.850160387591762]]],[[[130.4430446713746,-1.849253114639529],[130.442942125279,-1.849229059573412],[130.4429202213912,-1.849121524938349],[130.4431143859203,-1.849145505360708],[130.4430446713746,-1.849253114639529]]],[[[130.4491732156714,-1.849857072345953],[130.4487910703518,-1.849392210082426],[130.4491922048565,-1.848844139845143],[130.4493671508733,-1.849068901108877],[130.4491732156714,-1.849857072345953]]],[[[130.4451325158529,-1.849243287747429],[130.4449172451348,-1.849036769231452],[130.4451418346279,-1.848832320055463],[130.4453377960025,-1.849072894998097],[130.4451325158529,-1.849243287747429]]],[[[130.4444115446571,-1.848453486938764],[130.4442009809905,-1.848384890250435],[130.4443156103772,-1.848161968999642],[130.4445781332743,-1.848241532920339],[130.4444115446571,-1.848453486938764]]],[[[130.446544023388,-1.848558125756819],[130.4464364806591,-1.848321442180703],[130.4466326138041,-1.848125103091006],[130.446721142167,-1.848258804400229],[130.446544023388,-1.848558125756819]]],[[[130.4456337862703,-1.84787225420118],[130.4455504487943,-1.847874692263199],[130.4455233477243,-1.847755425972045],[130.4456302105659,-1.847771900652598],[130.4456337862703,-1.84787225420118]]],[[[130.4467578300099,-1.847777662609021],[130.4466394378599,-1.847638675084776],[130.4467284671451,-1.847436353704682],[130.4468146869483,-1.847549979447896],[130.4467578300099,-1.847777662609021]]],[[[130.4467222816082,-1.847228639090373],[130.4464518518715,-1.847127280999208],[130.4464109309198,-1.846905002763569],[130.4466635702676,-1.846992136278017],[130.4467222816082,-1.847228639090373]]],[[[130.4496450557748,-1.846131292624944],[130.4492690618179,-1.845814446179686],[130.4494346386977,-1.84541220011292],[130.4497895336602,-1.845859256699248],[130.4496450557748,-1.846131292624944]]],[[[129.7785389426182,-1.844886400686788],[129.7786893938006,-1.845058602872188],[129.7786055014429,-1.845143017735998],[129.7784725546647,-1.845012993754638],[129.7785389426182,-1.844886400686788]]],[[[130.4453359649828,-1.847644473913304],[130.4416642471074,-1.849120987143829],[130.4414111554006,-1.84647811077612],[130.443898859145,-1.844745175649257],[130.4453359649828,-1.847644473913304]]],[[[130.4405984155845,-1.844271536901923],[130.4404624299972,-1.844149947661913],[130.4406067990645,-1.844008721725102],[130.4407268495645,-1.844122236851733],[130.4405984155845,-1.844271536901923]]],[[[130.4475961303572,-1.843795110256144],[130.4474863896853,-1.84376589937674],[130.4474907819742,-1.843653256592484],[130.4475803247722,-1.843635160434223],[130.4475961303572,-1.843795110256144]]],[[[130.4412224290719,-1.843741922551681],[130.4409229341461,-1.843652559617917],[130.4411347433738,-1.843376117913456],[130.4413578633747,-1.843508534990848],[130.4412224290719,-1.843741922551681]]],[[[130.4483147327389,-1.843661554636958],[130.4479921522161,-1.843503164239538],[130.4480096323388,-1.84321995513679],[130.4483825793927,-1.843318612563818],[130.4483147327389,-1.843661554636958]]],[[[129.7630870538246,-1.843000776864281],[129.7638976487575,-1.844695927874776],[129.7607887976649,-1.845760181087444],[129.760218365785,-1.844391856299035],[129.7630870538246,-1.843000776864281]]],[[[130.4636348375777,-1.839390581609981],[130.4634404689026,-1.839251137230205],[130.4637971454219,-1.839127198961046],[130.4638369377246,-1.839302666584766],[130.4636348375777,-1.839390581609981]]],[[[130.4674272669548,-1.838037467055445],[130.4684604899598,-1.838669134672768],[130.4657933202056,-1.838590011419841],[130.4669422355958,-1.837920397808082],[130.4674272669548,-1.838037467055445]]],[[[130.4640402807345,-1.836481675888615],[130.4656466129009,-1.838105549331617],[130.4656675671046,-1.838872135040928],[130.4629181183765,-1.838246507270449],[130.4640402807345,-1.836481675888615]]],[[[130.4493568941055,-1.83577928918284],[130.4492007250335,-1.835685095990394],[130.4493745801728,-1.835557690834724],[130.4494048225746,-1.835714520908363],[130.4493568941055,-1.83577928918284]]],[[[130.4632923073941,-1.835973549040018],[130.4627128283344,-1.8354220676742],[130.4639213786687,-1.835053102818376],[130.4640130501622,-1.835359663717442],[130.4632923073941,-1.835973549040018]]],[[[130.4521856486489,-1.835205471355364],[130.4520071044444,-1.835106057598404],[130.4521748378984,-1.834662697225633],[130.4522897262899,-1.834993252936171],[130.4521856486489,-1.835205471355364]]],[[[130.4570694520937,-1.834789363138592],[130.4566165562091,-1.834715589952454],[130.4565080530043,-1.834363428929089],[130.457027727148,-1.834279672368913],[130.4570694520937,-1.834789363138592]]],[[[130.4609865679759,-1.834374903379013],[130.4606724788518,-1.834441527854194],[130.4604868812646,-1.834284482842532],[130.460943736864,-1.834232135104921],[130.4609865679759,-1.834374903379013]]],[[[130.463144889625,-1.83447320737258],[130.4629369906497,-1.834393274729765],[130.4629766192757,-1.834179648871695],[130.4631845740089,-1.834321871257297],[130.463144889625,-1.83447320737258]]],[[[130.4619191091796,-1.835368993284339],[130.4615042420272,-1.835298291283108],[130.4621475909387,-1.834161044596508],[130.4624038437625,-1.834533813584541],[130.4619191091796,-1.835368993284339]]],[[[130.4439547214334,-1.834416613036252],[130.4437789129665,-1.83428963865582],[130.4439048971933,-1.834135305100196],[130.4440558286136,-1.834257036433032],[130.4439547214334,-1.834416613036252]]],[[[130.4537812779837,-1.834575389242746],[130.4535310901878,-1.83412425692884],[130.4537227357157,-1.833872704861397],[130.4539488477611,-1.834228331871993],[130.4537812779837,-1.834575389242746]]],[[[129.8149579475513,-1.834197182953615],[129.8147771091764,-1.833916405617567],[129.815029332138,-1.83362611165572],[129.81511023425,-1.834106763316415],[129.8149579475513,-1.834197182953615]]],[[[130.4618298406747,-1.834125774085196],[130.4615472970702,-1.833975029723758],[130.4616264176251,-1.833593116429169],[130.4618825940066,-1.833894839874953],[130.4618298406747,-1.834125774085196]]],[[[130.4582477492342,-1.833489206062014],[130.4597611445611,-1.833689618181269],[130.4603607693341,-1.834139335861609],[130.4578744010828,-1.835240762551107],[130.4582477492342,-1.833489206062014]]],[[[130.4589946254017,-1.832893149799],[130.4586182986956,-1.832862535977211],[130.4586376718912,-1.832565478214201],[130.4590111837192,-1.832562204681912],[130.4589946254017,-1.832893149799]]],[[[130.4609915331328,-1.832982004615749],[130.4602940926983,-1.832862535977211],[130.4604264774001,-1.832320082905506],[130.4611460726333,-1.832663312761598],[130.4609915331328,-1.832982004615749]]],[[[130.455161999027,-1.831845415333591],[130.4549590553161,-1.831714062154235],[130.4552110210718,-1.831146948772647],[130.455481824027,-1.831613863289119],[130.455161999027,-1.831845415333591]]],[[[130.4499027996745,-1.829698369384205],[130.4497885857747,-1.8295877239942],[130.4499884609988,-1.829387849669464],[130.4499777527711,-1.829634123615856],[130.4499027996745,-1.829698369384205]]],[[[130.4496427786914,-1.829535071386415],[130.4493277515745,-1.829352544084609],[130.449551523584,-1.82901114794605],[130.4497638022577,-1.829437494944377],[130.4496427786914,-1.829535071386415]]],[[[130.4482539907292,-1.828653840102648],[130.4480431248903,-1.828654010973787],[130.4477844447963,-1.828414651015267],[130.448301415578,-1.828407389889078],[130.4482539907292,-1.828653840102648]]],[[[130.4472802623743,-1.828483486923352],[130.446998473301,-1.828437747404069],[130.4469754974214,-1.828276848797453],[130.4472877321432,-1.828307253077257],[130.4472802623743,-1.828483486923352]]],[[[130.4450460082668,-1.828581972579871],[130.4559987453459,-1.83247777992557],[130.4556642569,-1.834044317990882],[130.4526329507502,-1.833364562724318],[130.4447658964291,-1.834843636324715],[130.4450460082668,-1.828581972579871]]],[[[129.8283722450831,-1.826744876175004],[129.8281580706385,-1.826656677863328],[129.8281901584492,-1.826567592820075],[129.8283862430308,-1.826638861394317],[129.8283722450831,-1.826744876175004]]],[[[129.8174631233245,-1.824840122873253],[129.8172351937493,-1.825416450708575],[129.8167408022463,-1.825441254909935],[129.816781270839,-1.824824046592413],[129.8174631233245,-1.824840122873253]]],[[[129.8454576327636,-1.824386225144073],[129.8450868512772,-1.824061041983407],[129.8461465961885,-1.82279816000708],[129.8462105829522,-1.823706707298614],[129.8454576327636,-1.824386225144073]]],[[[129.654891310086,-1.803680570701685],[129.6588026208443,-1.813899449300107],[129.6456548940583,-1.811077416289633],[129.6587320483454,-1.816629140822171],[129.6574876195581,-1.838937555323897],[129.6409488353205,-1.821518191811025],[129.64464079064,-1.806095727935444],[129.654891310086,-1.803680570701685]]],[[[129.6364876269026,-1.796152522121089],[129.6435832283833,-1.799737322319553],[129.6379350587561,-1.812231311225945],[129.6296563262785,-1.799412954843918],[129.6364876269026,-1.796152522121089]]],[[[129.6591243533063,-1.800170602191445],[129.6557028484078,-1.800892604909768],[129.6544655818213,-1.793048714426584],[129.6574370479815,-1.795181070849663],[129.6591243533063,-1.800170602191445]]],[[[129.6567937539287,-1.787857581162358],[129.6569363621235,-1.787988240964536],[129.6566867975578,-1.78872469039211],[129.6560747729325,-1.788166413748973],[129.6567937539287,-1.787857581162358]]],[[[129.7117084058182,-1.783818433573783],[129.711080831915,-1.783489391422213],[129.7111351077991,-1.782748466068787],[129.7120083477072,-1.783461588881144],[129.7117084058182,-1.783818433573783]]],[[[129.6943822183647,-1.778583565379124],[129.6941308101888,-1.778570340848498],[129.6940182870144,-1.778430642859854],[129.6944218550846,-1.778430489975127],[129.6943822183647,-1.778583565379124]]],[[[129.7230216442336,-1.782400746796922],[129.7189527920379,-1.781831046065887],[129.7184607954294,-1.779415010194521],[129.7222470329743,-1.778723695941745],[129.7230216442336,-1.782400746796922]]],[[[129.6519177548006,-1.794115482143768],[129.6531433167107,-1.801333126122787],[129.6432305610416,-1.804069353018159],[129.6442169320657,-1.798949886727799],[129.6376388373625,-1.7930870201498],[129.6407943443835,-1.778745078222757],[129.6519177548006,-1.794115482143768]]],[[[129.6560058461929,-1.773397001570379],[129.6640013920506,-1.779744752018678],[129.6634385666366,-1.786558910665084],[129.655074142258,-1.782548017077248],[129.6560058461929,-1.773397001570379]]],[[[129.625401386365,-1.773800622700586],[129.6340529849574,-1.790391152129958],[129.6255969934066,-1.79477966474966],[129.6137368826511,-1.778198678026468],[129.625401386365,-1.773800622700586]]],[[[130.4789519386811,-1.773819048909944],[130.4779022167141,-1.770276470082946],[130.4789672658267,-1.769145548328391],[130.480417026025,-1.773070878618091],[130.4789519386811,-1.773819048909944]]],[[[129.7104566934217,-1.762762413154809],[129.7154169473343,-1.768810128184819],[129.7130901835652,-1.773460035052546],[129.7075783907302,-1.769105446659028],[129.7104566934217,-1.762762413154809]]],[[[129.6928675010344,-1.755566085806118],[129.7023748962845,-1.774021014158469],[129.7010935377366,-1.787363921707621],[129.6921382461832,-1.772304885561995],[129.6928675010344,-1.755566085806118]]],[[[130.3993818054261,-1.751867168834734],[130.4005586276786,-1.752664012234353],[130.3983269069613,-1.752876370048353],[130.3984242522775,-1.751935896824167],[130.3993818054261,-1.751867168834734]]],[[[129.8328939598885,-1.746053142638429],[129.8311570920263,-1.742667787788113],[129.835811875018,-1.741523905903433],[129.8359661627084,-1.742916889202986],[129.8328939598885,-1.746053142638429]]],[[[130.0780850721684,-1.721496404135683],[130.0763736092547,-1.720859163419577],[130.0763290289616,-1.719490519371883],[130.0785990347178,-1.719504795210083],[130.0780850721684,-1.721496404135683]]],[[[130.0987980839644,-1.719198450148321],[130.0982419593989,-1.720934568875146],[130.0969705338631,-1.71965242791712],[130.0976062250473,-1.718438110230538],[130.0987980839644,-1.719198450148321]]],[[[130.0863555848424,-1.720743621221102],[130.0851317568251,-1.717914693108538],[130.0869003527691,-1.71667660544095],[130.0877162114341,-1.718316837551972],[130.0863555848424,-1.720743621221102]]],[[[129.94960957762,-1.71712441655856],[129.9495619881952,-1.717249338685958],[129.9484376926455,-1.71707087901776],[129.9487291773097,-1.716556321117293],[129.94960957762,-1.71712441655856]]],[[[129.952259701624,-1.718171380304925],[129.9506892578031,-1.717607446926086],[129.9526932845675,-1.716296804653775],[129.953154379571,-1.71734094812617],[129.952259701624,-1.718171380304925]]],[[[129.9297819375864,-1.719273619981523],[129.9277916263825,-1.718390528000471],[129.9294647826737,-1.714695622005349],[129.931846850252,-1.716745816366297],[129.9297819375864,-1.719273619981523]]],[[[129.9466429848859,-1.716712769878351],[129.9460671552751,-1.715613459293655],[129.9475721644239,-1.714730679377288],[129.9477936881283,-1.715238801729216],[129.9466429848859,-1.716712769878351]]],[[[129.9546589921188,-1.713540353804246],[129.9554775271662,-1.713882996403163],[129.953337795403,-1.713142752735822],[129.9537206349994,-1.712788437836091],[129.9546589921188,-1.713540353804246]]],[[[129.9465430468242,-1.713749151202284],[129.9446870682536,-1.720289100261743],[129.9367575137484,-1.719135061433954],[129.9388704753921,-1.714623603396584],[129.9465430468242,-1.713749151202284]]],[[[130.0053027681083,-1.712029648349558],[130.0059083409972,-1.713500155008132],[130.002571101675,-1.713767412835823],[130.0032186027564,-1.712560509160157],[130.0053027681083,-1.712029648349558]]],[[[129.8337217903285,-1.711476614753929],[129.8347465453169,-1.712103759680675],[129.8353319428149,-1.713998117718932],[129.8323970889545,-1.713489845180119],[129.8337217903285,-1.711476614753929]]],[[[130.1429657996321,-1.711435864673374],[130.1421664875934,-1.715337925005203],[130.1355516690743,-1.715579058426789],[130.1365854001962,-1.712451050875233],[130.1429657996321,-1.711435864673374]]],[[[130.1506764942249,-1.710751816942738],[130.1534540746459,-1.711415436573096],[130.1556271568678,-1.715028094171148],[130.147541953998,-1.715314952722816],[130.1506764942249,-1.710751816942738]]],[[[129.7920971127916,-1.708351234122121],[129.7948578318235,-1.709645095944337],[129.7927293820554,-1.713618225200866],[129.789927053191,-1.711854488293943],[129.7920971127916,-1.708351234122121]]],[[[129.9422112382581,-1.707997457016999],[129.9414100529317,-1.707524874972924],[129.9416159769958,-1.706969471663713],[129.9422822262438,-1.707095583594212],[129.9422112382581,-1.707997457016999]]],[[[129.779447943168,-1.704726636225276],[129.7843024467006,-1.715030539427767],[129.7826275825969,-1.725235581057197],[129.7783157668592,-1.72043173633554],[129.779447943168,-1.704726636225276]]],[[[130.2393353604387,-1.701860003136593],[130.237696738114,-1.709868600855183],[130.2290759511942,-1.706580185726894],[130.2322382552914,-1.703574925742204],[130.2393353604387,-1.701860003136593]]],[[[130.2688646277005,-1.701160478972932],[130.2644121795785,-1.712264710447966],[130.2522131602093,-1.707253089058794],[130.2530930200269,-1.704215012812574],[130.2688646277005,-1.701160478972932]]],[[[129.9550777146649,-1.7006450307435],[129.9554044302703,-1.701735656575279],[129.9547786316286,-1.702480429228428],[129.9538125699942,-1.700868344098774],[129.9550777146649,-1.7006450307435]]],[[[129.7726554123174,-1.702266985932591],[129.778118647158,-1.714305453833534],[129.7745283161289,-1.717808880675234],[129.7654145280581,-1.699924000192413],[129.7726554123174,-1.702266985932591]]],[[[130.0579542895589,-1.698886443354633],[130.0566646221746,-1.698439104381125],[130.0569120859241,-1.697620570233108],[130.058101816146,-1.697872793194824],[130.0579542895589,-1.698886443354633]]],[[[130.0048124802119,-1.701927288613428],[130.0028970141859,-1.700856532402975],[130.0068677395547,-1.696460478068554],[130.0074179897485,-1.700695917982189],[130.0048124802119,-1.701927288613428]]],[[[130.0651807127198,-1.695019819009394],[130.0648904178586,-1.694750939704084],[130.065418658944,-1.69456534211683],[130.0654091414189,-1.694760458128622],[130.0651807127198,-1.695019819009394]]],[[[129.786808966061,-1.693694309145036],[129.7901103341248,-1.696424980028757],[129.7899825035897,-1.70177001607337],[129.7831952967256,-1.695388821636781],[129.786808966061,-1.693694309145036]]],[[[130.0539424786625,-1.688848567707149],[130.0545760501446,-1.691532124008324],[130.049831959977,-1.688872362869168],[130.0508491786468,-1.688311998899541],[130.0539424786625,-1.688848567707149]]],[[[129.991524424113,-1.674336364331699],[129.991647281397,-1.679048774081584],[129.9878840548054,-1.681076103179604],[129.9862460404226,-1.679366919147965],[129.991524424113,-1.674336364331699]]],[[[129.8726333121776,-1.673326185554982],[129.8765108381047,-1.675660285993333],[129.8746047430145,-1.678465204905224],[129.8685025947191,-1.676824149015202],[129.8726333121776,-1.673326185554982]]],[[[130.3521560998242,-1.672370770094902],[130.3698973306973,-1.675995625197915],[130.3808754232622,-1.691270306179662],[130.3663410417059,-1.709629879415322],[130.3681327160521,-1.718503858766043],[130.3497430353129,-1.724030986840555],[130.3521604210666,-1.737400329961217],[130.3731021205665,-1.758821109106881],[130.3872198129441,-1.75687692503004],[130.4225399452623,-1.778778319863575],[130.4209744719943,-1.799278493607551],[130.4441862842697,-1.830788830639987],[130.4347473508096,-1.837452966181344],[130.4309763136061,-1.864394712146192],[130.4165795463091,-1.855478059065144],[130.4092123180941,-1.858305955655284],[130.4106948972518,-1.86787404165363],[130.4170660741401,-1.877020693650058],[130.4084956870264,-1.897279555906708],[130.3926189611961,-1.890162556856437],[130.3790600922496,-1.905540712034151],[130.3392545012942,-1.922808818572078],[130.360045755907,-1.933222212435107],[130.3568381700455,-1.938202685805271],[130.3717121580898,-1.936374933356413],[130.3704827093096,-1.944128412296278],[130.3583159567161,-1.947890000323207],[130.3532034089103,-1.958281919275143],[130.3628488402019,-1.947315338931668],[130.3684190440037,-1.953781474335495],[130.3712204645529,-1.945114160090425],[130.3771558677492,-1.943439473153122],[130.3729815718422,-1.947573891321921],[130.3799572046613,-1.943812074867315],[130.3742293703893,-1.949126783973812],[130.3746206923911,-1.955100579228278],[130.3856817240325,-1.944896510665364],[130.3847628857986,-1.961452739951921],[130.3890162114291,-1.958327362917414],[130.3931682428203,-1.94883443775902],[130.4003270009904,-1.958847175556658],[130.4089642832751,-1.952728112812066],[130.4054085941313,-1.959350762627546],[130.4055464476105,-1.963707254885863],[130.4131819094176,-1.961285927403614],[130.4189542592318,-1.948850784735859],[130.4244921962579,-1.953019646039758],[130.4192240252685,-1.96229799835386],[130.4171348201159,-1.971234241367073],[130.4257768553177,-1.952171622222545],[130.4304615227811,-1.955488890300019],[130.4335489817003,-1.953536299360684],[130.4277045530227,-1.972425243230338],[130.4338508364471,-1.961270635331472],[130.432239367353,-1.966349242723345],[130.4358901283269,-1.968610620383762],[130.4376713300679,-1.954630444239561],[130.4382826271416,-1.957475995420824],[130.4449948458355,-1.954258425286051],[130.4376719326137,-1.96094639196234],[130.4420927758609,-1.978434747865235],[130.420573654051,-1.98864401810688],[130.4250960037777,-1.973947109271615],[130.4127512141972,-1.989397108589655],[130.4071439880047,-1.970048329666588],[130.387733084814,-1.980894473700959],[130.353126460218,-1.981046686655199],[130.3385607849523,-1.969506831674897],[130.3485248451456,-1.959492654961961],[130.3435395828854,-1.956539042143016],[130.3352473389935,-1.969521889923234],[130.3241172789893,-1.969876585236177],[130.302943301692,-2.010668421310482],[130.2735604566497,-2.015445225216952],[130.2727672087398,-2.024406127640679],[130.2830405277983,-2.031023448972904],[130.2742839720277,-2.033821241656922],[130.2662644682307,-2.053624135045753],[130.1869626459095,-2.064430558723254],[130.1826395463781,-2.061608185769062],[130.1895132878081,-2.059051979765039],[130.1713410703342,-2.052940437151365],[130.1248694228856,-2.059965477824546],[130.1178329473328,-2.04660508475685],[130.1065205479849,-2.050274381657305],[130.0908812215912,-2.042388446969204],[130.1184758393885,-2.038587983048926],[130.0849629972446,-2.028231671854178],[130.0962765522212,-2.027661597904354],[130.0952069930083,-2.02433616218414],[130.1006498591038,-2.022245885039522],[130.1028602802778,-2.016711387020889],[130.0731686925811,-2.02746338732547],[130.0640614416822,-2.025666336831902],[130.0641945422445,-2.015556977672331],[130.0559640736831,-2.025985104229092],[130.0570621539953,-2.014441049414886],[130.0462096976194,-2.027282023746382],[130.0434003225668,-2.011718921191255],[130.0321057828556,-2.024146612076441],[130.0320059572092,-2.018374587816909],[130.0160096701103,-2.022707255235614],[130.0107494338394,-2.020662440619139],[130.0268007711387,-2.008212925885802],[129.9907019743167,-2.017262936735145],[129.9970361387069,-2.007844748835977],[129.9865782311006,-2.009982551553493],[129.9878908168079,-2.000920979919199],[129.9719757825563,-2.01337725755433],[129.9513279437296,-2.008340095419017],[129.9466142245669,-1.998662686034061],[129.9215591591279,-1.99927723865361],[129.9071628981493,-1.985260236170896],[129.860442194252,-1.975428548089011],[129.8123643378439,-1.935412336809852],[129.8009593757746,-1.931952711448462],[129.7934260175967,-1.938538415315596],[129.78511673425,-1.931830168027806],[129.7895756062293,-1.926235982004945],[129.7305374548397,-1.900591573742075],[129.7426876428206,-1.897759988132888],[129.7321389882238,-1.888624904116012],[129.7280357729327,-1.893421764702621],[129.7192187917139,-1.880199187342571],[129.7534364658203,-1.845938542729522],[129.7784922516162,-1.848292049638347],[129.8090776709978,-1.832484207380228],[129.8148211040108,-1.842970475107267],[129.8192986818888,-1.8438725706625],[129.8138407728335,-1.83870822010819],[129.819823646744,-1.839837032952721],[129.8206191519523,-1.827919495987887],[129.8662827774283,-1.825517828584891],[129.8705075405905,-1.812080127995477],[129.8893110578591,-1.804862713343505],[129.8995361579674,-1.78474119914698],[129.9527168009397,-1.776851680660554],[129.9693041809433,-1.761773572592221],[129.9780366789496,-1.770252318789447],[130.0096547088977,-1.742315392041663],[130.0244865349257,-1.744165328966643],[130.0574203125974,-1.725076975721754],[130.0980034421052,-1.730521294222312],[130.1247726567329,-1.712268867114444],[130.1324143697275,-1.723121746171577],[130.195225125839,-1.717214584385454],[130.2139167737402,-1.727399985720693],[130.2450740998899,-1.723200194933019],[130.2566603293107,-1.729585350883214],[130.26776211463,-1.718541757995665],[130.2711073444285,-1.699157331745463],[130.3336690998491,-1.684462633443731],[130.3391323679644,-1.673742423274208],[130.3521560998242,-1.672370770094902]]],[[[129.8623833152378,-1.665191748400455],[129.869458967957,-1.666321837382847],[129.8706795871933,-1.671084510241874],[129.8582608409652,-1.673926007279361],[129.8623833152378,-1.665191748400455]]],[[[129.993845722702,-1.665025536599154],[129.9935295777279,-1.664459714644087],[129.993740550586,-1.663887679272927],[129.9941617147914,-1.664248167119167],[129.993845722702,-1.665025536599154]]],[[[129.998221306668,-1.657447422760308],[129.9982351418383,-1.658452536555258],[129.9971243181328,-1.658717258294809],[129.9968635543097,-1.65775466804339],[129.998221306668,-1.657447422760308]]],[[[129.9720250681024,-1.650996546153641],[129.9718649447115,-1.652194005149157],[129.9709931644031,-1.652122868775299],[129.9708626943579,-1.651020257678651],[129.9720250681024,-1.650996546153641]]],[[[130.2109098518083,-1.651046362299693],[130.210398863317,-1.650627576801147],[130.2103274787303,-1.649961327553198],[130.2109431653948,-1.650356318789006],[130.2109098518083,-1.651046362299693]]],[[[130.1922736156349,-1.647895163031324],[130.1904837552212,-1.647343914589941],[130.1905473166055,-1.646248576310752],[130.192848256342,-1.646461537569868],[130.1922736156349,-1.647895163031324]]],[[[130.3185386593317,-1.647791883988228],[130.3168194982213,-1.645555190919248],[130.3207277629759,-1.645192322567615],[130.3205909437171,-1.646423694098134],[130.3185386593317,-1.647791883988228]]],[[[130.2051199292414,-1.64388973732146],[130.2117380392791,-1.646320172238161],[130.2125474174294,-1.648336156388444],[130.1998613207434,-1.647819813333642],[130.2051199292414,-1.64388973732146]]],[[[130.3142699058316,-1.641758761357684],[130.3154358408914,-1.642534465293258],[130.3152835559914,-1.644252435701235],[130.3126994611113,-1.643312548835032],[130.3142699058316,-1.641758761357684]]],[[[130.1899714878938,-1.638926974300395],[130.1893218949896,-1.637888340074747],[130.1902427459061,-1.637531419839069],[130.1904176361651,-1.638038246267984],[130.1899714878938,-1.638926974300395]]],[[[130.1747151359948,-1.638574419373898],[130.1733968755655,-1.638154838874664],[130.1735302863936,-1.636519757180979],[130.1754209302318,-1.637590929777557],[130.1747151359948,-1.638574419373898]]],[[[130.217830518064,-1.634435720432117],[130.2192615615719,-1.635381181296472],[130.2187809108105,-1.636513803669073],[130.217810090863,-1.636095019069808],[130.217830518064,-1.634435720432117]]],[[[130.3414742826121,-1.634984434583922],[130.3398384041191,-1.634532338196751],[130.3398978897759,-1.633663835017865],[130.3416170508863,-1.634076670601806],[130.3414742826121,-1.634984434583922]]],[[[130.2412391757475,-1.633369970747436],[130.2397581542155,-1.63207882487775],[130.2415544537751,-1.630883434322941],[130.2427679800583,-1.632477673305901],[130.2412391757475,-1.633369970747436]]],[[[129.9186344442243,-1.636277167757052],[129.9234217926817,-1.64475518370473],[129.9123695681011,-1.650677062896102],[129.9099110068876,-1.628435600222724],[129.9186344442243,-1.636277167757052]]],[[[130.3085612064346,-1.615331315187943],[130.3146682110691,-1.61939330465726],[130.3064021896095,-1.6230715651006],[130.3033874408777,-1.617863023659607],[130.3085612064346,-1.615331315187943]]],[[[130.3296654350118,-1.614012982812854],[130.3247089339702,-1.6138920941448],[130.3220177631093,-1.609238463184484],[130.3256903281461,-1.608999030380945],[130.3296654350118,-1.614012982812854]]],[[[129.9974296802357,-1.591556358239268],[129.9992219211548,-1.595022997413389],[129.9975645029994,-1.597165688845406],[129.9956579141815,-1.594709125925389],[129.9974296802357,-1.591556358239268]]],[[[130.3467260859402,-1.594919659914387],[130.34098774309,-1.592178482251041],[130.340978946821,-1.58912159308702],[130.346109805723,-1.59051527695844],[130.3467260859402,-1.594919659914387]]],[[[130.5235129980265,-1.52531373793863],[130.5259380990641,-1.526156793001546],[130.5259637099573,-1.527799097150575],[130.5231552018512,-1.527473311444075],[130.5235129980265,-1.52531373793863]]],[[[130.5201299400447,-1.520805074094847],[130.5157142490135,-1.51824872779647],[130.5146373549301,-1.514453400803786],[130.5179250802782,-1.516252238250162],[130.5201299400447,-1.520805074094847]]],[[[130.1348799411564,-1.493751081047526],[130.1348323517317,-1.493865294947375],[130.1342279686459,-1.49380818799745],[130.1344944692443,-1.49346078708559],[130.1348799411564,-1.493751081047526]]],[[[130.1233936147236,-1.492873361616345],[130.1225953261134,-1.490447947614618],[130.1239080314306,-1.48969129671597],[130.1247150011964,-1.492114660263313],[130.1233936147236,-1.492873361616345]]],[[[130.1357871106867,-1.489509692118565],[130.1359703286678,-1.492315075979958],[130.1333344283413,-1.493142964875885],[130.1326509813577,-1.489656028003219],[130.1357871106867,-1.489509692118565]]],[[[130.2419330566653,-1.482506063404079],[130.241723577581,-1.482384561398378],[130.2417522362767,-1.482167361634337],[130.2420112347308,-1.482237677826495],[130.2419330566653,-1.482506063404079]]],[[[130.0748320894295,-1.483346463668303],[130.0737587818424,-1.480947808994129],[130.0762677959221,-1.478733639445887],[130.0771307529819,-1.480592089353364],[130.0748320894295,-1.483346463668303]]],[[[130.2527235029874,-1.477922325954564],[130.2529125036092,-1.47973687905372],[130.2478117980761,-1.48149178012156],[130.2488221360328,-1.478308157595334],[130.2527235029874,-1.477922325954564]]],[[[130.2692994831847,-1.465113154348588],[130.2609558691181,-1.474046791126485],[130.2541043166609,-1.475038814389753],[130.2634429316461,-1.465034284704439],[130.2692994831847,-1.465113154348588]]],[[[130.2647785166154,-1.460126999960989],[130.2356533327351,-1.485493874742508],[130.207634826686,-1.483907154991185],[130.2284599110962,-1.468267309688523],[130.2647785166154,-1.460126999960989]]],[[[130.1037976013782,-1.449982061822633],[130.1047585701519,-1.453771212271596],[130.0987459502655,-1.45714273015283],[130.0988852201769,-1.452444503610886],[130.1037976013782,-1.449982061822633]]],[[[130.3235609403852,-1.446250116349715],[130.3251230969534,-1.446445833108692],[130.3264441605696,-1.447674816939218],[130.3255202753405,-1.448424443233412],[130.3210150217259,-1.445253075768774],[130.3235609403852,-1.446250116349715]]],[[[130.4712543346198,-1.440709654027275],[130.4743871859199,-1.441649030977901],[130.4748875183443,-1.44408172409223],[130.4690822191692,-1.441061786272327],[130.4712543346198,-1.440709654027275]]],[[[130.1205185100213,-1.435860049101992],[130.1223346306388,-1.443737131763159],[130.1177485378648,-1.445237788193301],[130.1149137803468,-1.439066880432163],[130.1205185100213,-1.435860049101992]]],[[[130.151462707638,-1.435607900783944],[130.1533852216508,-1.443556306878049],[130.1449495961471,-1.444600659892517],[130.1446539907892,-1.440903269070562],[130.151462707638,-1.435607900783944]]],[[[130.317899584898,-1.429958065612238],[130.3252802705681,-1.431684266615532],[130.3270977806382,-1.437796849744791],[130.3129441387611,-1.43315481194495],[130.317899584898,-1.429958065612238]]],[[[130.2893183766419,-1.435011464107719],[130.2825717525844,-1.435437029595191],[130.2873786972691,-1.428172429314126],[130.2893666270683,-1.42997488113579],[130.2893183766419,-1.435011464107719]]],[[[130.4675071348464,-1.424805290231903],[130.4664435894002,-1.423743268237201],[130.4674411929567,-1.422932997060114],[130.4677015673736,-1.423653249697646],[130.4675071348464,-1.424805290231903]]],[[[130.4610501887152,-1.429407552816267],[130.4563711770883,-1.427329571202643],[130.4569468079488,-1.422921142196889],[130.4617837720035,-1.426554771985058],[130.4610501887152,-1.429407552816267]]],[[[130.4894102123116,-1.424376339696279],[130.4864117718859,-1.423128327110559],[130.4884177510784,-1.41994032398676],[130.4906559208341,-1.422793720853457],[130.4894102123116,-1.424376339696279]]],[[[130.4219974454259,-1.41978838262771],[130.4188644070668,-1.417841174130865],[130.4246525139025,-1.41502940418359],[130.4249516940655,-1.416625888773718],[130.4219974454259,-1.41978838262771]]],[[[130.418781871786,-1.413241776786547],[130.4184867592566,-1.412798517137828],[130.4187672119374,-1.412259448214906],[130.4190143420383,-1.412652612927692],[130.418781871786,-1.413241776786547]]],[[[130.4724562641453,-1.414413022343089],[130.4708246934049,-1.413080179406714],[130.4713385750152,-1.410657055978318],[130.4726884942786,-1.413544860007201],[130.4724562641453,-1.414413022343089]]],[[[130.1797367758317,-1.408822975000204],[130.1795871664146,-1.408743840955465],[130.1796397084058,-1.408639087923527],[130.1797784953813,-1.408714463701502],[130.1797367758317,-1.408822975000204]]],[[[130.1782885966414,-1.408511268180471],[130.1797343116893,-1.409328872429485],[130.1754319433296,-1.414629417213822],[130.1753851650933,-1.411702168919929],[130.1782885966414,-1.408511268180471]]],[[[130.411057993132,-1.387442353281967],[130.4082334348252,-1.38685499076521],[130.4086795839956,-1.384477909927531],[130.4122524555865,-1.385587929639234],[130.411057993132,-1.387442353281967]]],[[[130.2365429726801,-1.358702573864681],[130.2270614230463,-1.369987894625593],[130.2205001933294,-1.370187920036406],[130.2248650070145,-1.362252310395798],[130.2365429726801,-1.358702573864681]]],[[[129.7232790311024,-1.280757833906845],[129.7229263313851,-1.280821426767334],[129.7228659976677,-1.280780196448886],[129.7231983808007,-1.280512688609628],[129.7232790311024,-1.280757833906845]]],[[[129.7221042368211,-1.280717721445582],[129.7219655919385,-1.281199880370101],[129.7215900170657,-1.280606508583462],[129.7218777803354,-1.280502794268459],[129.7221042368211,-1.280717721445582]]],[[[129.7225898356525,-1.28084774902433],[129.7224516341357,-1.280627906152956],[129.7226469767767,-1.280270476001613],[129.7227509177208,-1.280555728364144],[129.7225898356525,-1.28084774902433]]],[[[129.7197962940639,-1.280623563326769],[129.7194149932075,-1.280136530076772],[129.7195689211689,-1.279875920936904],[129.7199741853605,-1.280060158749288],[129.7197962940639,-1.280623563326769]]],[[[129.720201423357,-1.279837917385931],[129.7201009376082,-1.279652846801385],[129.7203390430125,-1.279621984766679],[129.7203168000804,-1.279760899445906],[129.720201423357,-1.279837917385931]]],[[[129.723291227708,-1.280117018385665],[129.723097214265,-1.279920106427726],[129.7234736929566,-1.279446400231146],[129.7234451439784,-1.279998794408835],[129.723291227708,-1.280117018385665]]],[[[129.7208858470043,-1.279603289660061],[129.7206324612192,-1.279512730627966],[129.7207322697785,-1.279291069327273],[129.7210143187559,-1.279427759983134],[129.7208858470043,-1.279603289660061]]],[[[129.7223265591234,-1.279618948655495],[129.7221137732321,-1.279427547743042],[129.7222513308343,-1.279267204917536],[129.7224044808821,-1.279519512415542],[129.7223265591234,-1.279618948655495]]],[[[129.7178095270881,-1.279142509419254],[129.7176711717871,-1.278924133342032],[129.7180085938216,-1.278744578299642],[129.7180294949653,-1.278841304882297],[129.7178095270881,-1.279142509419254]]],[[[129.7228998904178,-1.278925244004794],[129.7228044858384,-1.279071078967123],[129.7224638298419,-1.278843723159254],[129.7227689401345,-1.278749375283342],[129.7228998904178,-1.278925244004794]]],[[[129.7166475220655,-1.279321871107422],[129.7164174952712,-1.278966153265307],[129.7168504154145,-1.278708665672371],[129.7168709163598,-1.279028031118726],[129.7166475220655,-1.279321871107422]]],[[[129.7219278096207,-1.278623613189181],[129.7221243546553,-1.27890502814452],[129.7216501367446,-1.279131018781479],[129.7215896276593,-1.279009919672072],[129.7219278096207,-1.278623613189181]]],[[[129.7243004334183,-1.278341107356232],[129.7240921711169,-1.278509682575793],[129.7238851327927,-1.278396376091864],[129.724129873395,-1.278038701324904],[129.7243004334183,-1.278341107356232]]],[[[129.7193589087867,-1.278184930190276],[129.7190960774221,-1.277972125413187],[129.7192436633644,-1.277716256599851],[129.7193873471484,-1.27778295302077],[129.7193589087867,-1.278184930190276]]],[[[129.7201992721787,-1.277604312588901],[129.7199174507298,-1.277555574729908],[129.719819145837,-1.277295451224061],[129.7202568971381,-1.277293472715504],[129.7201992721787,-1.277604312588901]]],[[[129.7266648131307,-1.27693849501547],[129.7262324100978,-1.276848939626765],[129.7264380310903,-1.276109904648306],[129.7266031259336,-1.276172423718316],[129.7266648131307,-1.27693849501547]]],[[[129.7194523681323,-1.275990138334196],[129.7193405536237,-1.275908808144946],[129.7195674246969,-1.27577189625592],[129.7196147722041,-1.275849382742747],[129.7194523681323,-1.275990138334196]]],[[[129.7246836840049,-1.275181094731684],[129.7244767113312,-1.275113695040966],[129.7244748353454,-1.274810905898585],[129.7248488462973,-1.274845558575668],[129.7246836840049,-1.275181094731684]]],[[[129.7255937808284,-1.274924244758038],[129.7263275196993,-1.275332391276754],[129.7262539182838,-1.276135732278208],[129.7255275169813,-1.275810593184337],[129.7255937808284,-1.274924244758038]]],[[[129.716711173382,-1.274894514070526],[129.718043479423,-1.276856464254353],[129.7149772759805,-1.278275961366473],[129.7147464991517,-1.274846248355635],[129.716711173382,-1.274894514070526]]],[[[129.72533269235,-1.27448744044292],[129.7250949808488,-1.274826962394362],[129.7243937794494,-1.274595226888112],[129.7248827813154,-1.274179833632408],[129.72533269235,-1.27448744044292]]],[[[129.7242585313062,-1.274160664582949],[129.7237723668013,-1.274202976785846],[129.7236734971342,-1.274121901104833],[129.7239967989132,-1.27376657087053],[129.7242585313062,-1.274160664582949]]],[[[129.6574541899589,-1.273681978840171],[129.6574530181423,-1.27390196830113],[129.6573339182258,-1.273936603891082],[129.6571525096806,-1.273604606567316],[129.6574541899589,-1.273681978840171]]],[[[129.7191015399042,-1.272974065800428],[129.7192279917785,-1.273084515138192],[129.7189567283704,-1.273185160067028],[129.718924624372,-1.272999345743189],[129.7191015399042,-1.272974065800428]]],[[[129.6618947427482,-1.272939689215294],[129.6617496668138,-1.272838277164714],[129.6618463349405,-1.272715435169205],[129.6619481696723,-1.272794195995244],[129.6618947427482,-1.272939689215294]]],[[[129.6624848688816,-1.272427322962491],[129.6624386913926,-1.272610763076257],[129.6622604331725,-1.272596415292318],[129.6623076206002,-1.272440088839025],[129.6624848688816,-1.272427322962491]]],[[[129.6574442227727,-1.272362371226412],[129.6579976646605,-1.273188115239313],[129.6579875643747,-1.273306505590702],[129.6571431396443,-1.272422491804528],[129.6574442227727,-1.272362371226412]]],[[[129.6637660349747,-1.272231687142591],[129.6635223151028,-1.272318570645472],[129.6635071732176,-1.271930505088717],[129.6637002882378,-1.272023455418106],[129.6637660349747,-1.272231687142591]]],[[[129.7203853383128,-1.27289821068384],[129.7204925123196,-1.274153833332717],[129.7191996451475,-1.272411015555866],[129.7197875742372,-1.272925463739119],[129.7204431728143,-1.271878594421574],[129.7203853383128,-1.27289821068384]]],[[[129.657121574801,-1.272348864308606],[129.6569366256248,-1.272176529922911],[129.6569531641572,-1.271817370375297],[129.6571740916111,-1.272236048854561],[129.657121574801,-1.272348864308606]]],[[[129.6568530201508,-1.271777152693401],[129.6566950326498,-1.27170589670971],[129.6570358802018,-1.271584640218906],[129.6570226008124,-1.271678700311687],[129.6568530201508,-1.271777152693401]]],[[[129.7203897297024,-1.271849051692334],[129.7201221840915,-1.271607512676523],[129.720360725667,-1.271314543231552],[129.7204889546016,-1.27173697098433],[129.7203897297024,-1.271849051692334]]],[[[129.6564423654229,-1.271631720627367],[129.6563233608345,-1.271423190327939],[129.6564039050163,-1.271280782681908],[129.6565343912492,-1.27135850569047],[129.6564423654229,-1.271631720627367]]],[[[129.6571725780522,-1.271371017058767],[129.657090678592,-1.271227469072381],[129.6572107902459,-1.271141956136359],[129.657238855389,-1.271249676931044],[129.6571725780522,-1.271371017058767]]],[[[129.6572462460175,-1.271119633164533],[129.6571799650834,-1.271025928303951],[129.6572848251346,-1.270926000134745],[129.6573078801546,-1.271048296241853],[129.6572462460175,-1.271119633164533]]],[[[129.6628909001949,-1.270947609944153],[129.6627120807979,-1.271136490056859],[129.662463171838,-1.270941359655955],[129.6627999922259,-1.270881100582313],[129.6628909001949,-1.270947609944153]]],[[[129.6571932291843,-1.270870923853964],[129.6571236270538,-1.270795500411984],[129.6572423060876,-1.270712046923419],[129.6572768526447,-1.27076147366301],[129.6571932291843,-1.270870923853964]]],[[[129.7203219747794,-1.270566399919362],[129.7210694930627,-1.270854200960583],[129.7210119724247,-1.271355262735144],[129.7202003909354,-1.271230408956184],[129.7203219747794,-1.270566399919362]]],[[[129.6569991294063,-1.270659933908805],[129.6566910603441,-1.270912932985427],[129.6565354092818,-1.270767110613649],[129.6569461899149,-1.270518900426845],[129.6569991294063,-1.270659933908805]]],[[[129.6562369485764,-1.270648580867276],[129.6561850307147,-1.271212220167753],[129.6557353858794,-1.271345167845153],[129.6558551117242,-1.270422874416058],[129.6562369485764,-1.270648580867276]]],[[[129.6565247046515,-1.270459597332499],[129.6564550107902,-1.270324439121476],[129.6566543059516,-1.270273923302836],[129.6566904946707,-1.270340420074303],[129.6565247046515,-1.270459597332499]]],[[[129.6563771591786,-1.270501269218085],[129.6562850901848,-1.270399099938471],[129.6562777058515,-1.270233646265664],[129.6564360521821,-1.270416182560721],[129.6563771591786,-1.270501269218085]]],[[[129.7192226156312,-1.270321338259153],[129.7127386619597,-1.273685219996848],[129.7139900568957,-1.279246834373884],[129.7231148301853,-1.282283665958309],[129.7271405760767,-1.277412686845983],[129.7255126682751,-1.271331142917889],[129.7302854558092,-1.279082754865238],[129.7222698181976,-1.282801911079259],[129.7145161270178,-1.28030098190475],[129.7119201287111,-1.276076038878029],[129.7121516582725,-1.271298393206235],[129.7192226156312,-1.270321338259153]]],[[[129.6645868902729,-1.270430015033133],[129.6642824193982,-1.270440856360347],[129.6642362239227,-1.270262436262362],[129.6645395607522,-1.270221007193653],[129.6645868902729,-1.270430015033133]]],[[[129.6629443028373,-1.270191059769557],[129.6630005671226,-1.270535243806384],[129.6624483177358,-1.27058482163214],[129.6624580331118,-1.270156890927757],[129.6629443028373,-1.270191059769557]]],[[[129.6581492022239,-1.270292789280772],[129.6579112811808,-1.27026041278773],[129.6580032917187,-1.269922830674],[129.6581836714393,-1.270029637757533],[129.6581492022239,-1.270292789280772]]],[[[129.6626660328112,-1.2684474658778],[129.6631522009134,-1.268296716120501],[129.663309539104,-1.268439935854262],[129.662729255151,-1.268588367159376],[129.6624538116941,-1.268268778681117],[129.6626660328112,-1.2684474658778]]],[[[129.6568520012189,-1.268411007362038],[129.656612357974,-1.269253124432071],[129.655950884126,-1.269128055715177],[129.6564246397853,-1.268237267335939],[129.6568520012189,-1.268411007362038]]],[[[129.6641548047005,-1.267986915863409],[129.6643274349632,-1.268105028324287],[129.6642896130752,-1.268458168709488],[129.6637710945604,-1.268249772409005],[129.6641548047005,-1.267986915863409]]],[[[129.6638516666212,-1.267851952805346],[129.6636700827083,-1.268134478423447],[129.6634427421889,-1.267747084660156],[129.6635990650449,-1.267718309952029],[129.6638516666212,-1.267851952805346]]],[[[129.6623401994407,-1.267623238121887],[129.6621954598527,-1.267432535083371],[129.6622605087155,-1.267310372075928],[129.6623270315673,-1.267349696731015],[129.6623401994407,-1.267623238121887]]],[[[129.6652813431596,-1.267098377588008],[129.6655331029703,-1.267237350723141],[129.6654531181669,-1.267574668436191],[129.6651033583334,-1.267346889946966],[129.6652813431596,-1.267098377588008]]],[[[129.6619233043172,-1.267263546175704],[129.6617654229361,-1.267199679921285],[129.6617645227146,-1.26708149821251],[129.6619523973853,-1.267087577629569],[129.6619233043172,-1.267263546175704]]],[[[129.6562662224082,-1.267277262635494],[129.6560047858922,-1.267011200006854],[129.6560712691739,-1.26679188863468],[129.6564801063719,-1.266948048713415],[129.6562662224082,-1.267277262635494]]],[[[129.6648770898059,-1.267333714878996],[129.6643599571464,-1.267335857064092],[129.6642653997285,-1.266912794389865],[129.6649251747571,-1.266797479719875],[129.6648770898059,-1.267333714878996]]],[[[129.665669720781,-1.26669030121638],[129.6655400844074,-1.266934423085145],[129.6652181972622,-1.266661837673569],[129.6654606733714,-1.266510893662767],[129.665669720781,-1.26669030121638]]],[[[129.6614470404486,-1.266464861863861],[129.6616924618376,-1.266580168439971],[129.6617702460001,-1.266883184211467],[129.6614296052921,-1.266876479765669],[129.6614470404486,-1.266464861863861]]],[[[129.6661242417404,-1.266644709185963],[129.6659095609775,-1.266460921933968],[129.6659079997545,-1.266358445985441],[129.6662219359936,-1.266541433740167],[129.6661242417404,-1.266644709185963]]],[[[129.6618689079238,-1.266067726644218],[129.6632264804178,-1.26758065072641],[129.6629523014077,-1.268311417337989],[129.6627877686407,-1.267342442799515],[129.6613611129251,-1.266179653568125],[129.6618689079238,-1.266067726644218]]],[[[129.7560489900688,-1.265582815794255],[129.7666504240778,-1.266930798817237],[129.7689373289946,-1.271631611809346],[129.749886929838,-1.275373967834328],[129.7560489900688,-1.265582815794255]]],[[[129.656876693005,-1.265266373144572],[129.6572327301064,-1.26576632875304],[129.6563568380977,-1.266153774676917],[129.6560911127148,-1.265411532716046],[129.656876693005,-1.265266373144572]]],[[[129.6574496456847,-1.265096091011733],[129.6573784355664,-1.264932095140006],[129.6575254099697,-1.2648550727034],[129.6575839702241,-1.26497020211305],[129.6574496456847,-1.265096091011733]]],[[[129.6571144611634,-1.26525081757112],[129.6573661868001,-1.265151676308809],[129.6569611753181,-1.265350939094459],[129.6570225558463,-1.26478055757662],[129.6571144611634,-1.26525081757112]]],[[[129.7370644257827,-1.267765929054379],[129.7356239816614,-1.266007616858003],[129.737290073778,-1.264670389726666],[129.7382936173566,-1.265986847015268],[129.7370644257827,-1.267765929054379]]],[[[129.6579225182097,-1.263807277983434],[129.6575078363177,-1.263998433380989],[129.6570500571145,-1.263719546419908],[129.6578830388712,-1.26347565657621],[129.6579225182097,-1.263807277983434]]],[[[129.6586000503521,-1.263501428448135],[129.6583664667391,-1.263210227969561],[129.6588076723363,-1.263096208323303],[129.6588299377515,-1.263339878732397],[129.6586000503521,-1.263501428448135]]],[[[129.6615534401392,-1.263525610318597],[129.661739793157,-1.264831029328464],[129.6608779575517,-1.265436327924155],[129.660218785069,-1.264476007561635],[129.6601705058642,-1.263800256076911],[129.6615534401392,-1.263525610318597]]],[[[129.6591564042448,-1.262699602804387],[129.6590397405917,-1.263062984668986],[129.6584494552782,-1.262807203089869],[129.6585811897702,-1.262557724859084],[129.6591564042448,-1.262699602804387]]],[[[129.6924214462928,-1.2616921471748],[129.6922641854438,-1.262906451371551],[129.6912134067734,-1.2633274447057],[129.69182123786,-1.261456978057021],[129.6924214462928,-1.2616921471748]]],[[[129.6857341837856,-1.26019668163149],[129.6874533062252,-1.264384821702061],[129.6840623710817,-1.267802860613434],[129.6806882055963,-1.263546860399225],[129.6857341837856,-1.26019668163149]]],[[[129.6649461937119,-1.26113247568316],[129.6666842657663,-1.262312362825282],[129.6669664073738,-1.268816701429534],[129.6640094256945,-1.275310811144939],[129.6605440122964,-1.275031931378459],[129.6593726210496,-1.273970859067822],[129.6666924522949,-1.268007897946058],[129.6621825887555,-1.261405247254269],[129.6576827832339,-1.264880780723379],[129.6563259239023,-1.263748609810447],[129.6532841964086,-1.265664144184855],[129.6524116750588,-1.268919275404182],[129.6597974886633,-1.271270103232583],[129.6591881548096,-1.274204673806592],[129.6546510310203,-1.274074010407203],[129.6524087045981,-1.272620611551892],[129.6517810668428,-1.26992565634392],[129.6530148827307,-1.265372379831467],[129.6609935087435,-1.25971188859271],[129.6649461937119,-1.26113247568316]]],[[[129.7296815907328,-1.258844861201316],[129.7300226496257,-1.261535365664537],[129.7277473882315,-1.261881431083081],[129.7274640703107,-1.259739435726351],[129.7296815907328,-1.258844861201316]]],[[[129.6831007727825,-1.255684841382257],[129.6831540477211,-1.256426359388898],[129.6824166387169,-1.256334763438518],[129.6829292666724,-1.255259406296519],[129.6831007727825,-1.255684841382257]]],[[[129.6826164905586,-1.254716599791175],[129.6825128032235,-1.254678939781131],[129.6825572234372,-1.254561341732499],[129.6826521891472,-1.254590567001015],[129.6826164905586,-1.254716599791175]]],[[[129.7441883550086,-1.258334556194798],[129.741902826954,-1.256152605758112],[129.7428217883949,-1.25419323213192],[129.7458710701938,-1.256470474732543],[129.7441883550086,-1.258334556194798]]],[[[129.6824162178343,-1.25321564118879],[129.6823646399163,-1.253204527367016],[129.68239324825,-1.253022429041797],[129.6825107392792,-1.253114683295989],[129.6824162178343,-1.25321564118879]]],[[[129.6688810100507,-1.252638977007139],[129.6717041051604,-1.255511874773132],[129.6708132718151,-1.257991838952124],[129.6669043613473,-1.255421141272597],[129.6688810100507,-1.252638977007139]]],[[[129.760884900118,-1.252957970134164],[129.7593648902776,-1.25271513609462],[129.7586641646195,-1.250852147308715],[129.7605072882808,-1.251759071324068],[129.760884900118,-1.252957970134164]]],[[[129.6894883775867,-1.252292461028206],[129.6852065020784,-1.256952745173015],[129.6828889833399,-1.249087705333254],[129.6844790341802,-1.248036559739399],[129.6894883775867,-1.252292461028206]]],[[[129.7873029034064,-1.246930800116244],[129.7867986481392,-1.247014842660812],[129.7868346659872,-1.246318490405931],[129.7873749400016,-1.246294476708679],[129.7873029034064,-1.246930800116244]]],[[[129.67709086705,-1.246073408061291],[129.6811287232121,-1.248211325891971],[129.6806464096042,-1.250478432233828],[129.6780167199957,-1.250118517255741],[129.67709086705,-1.246073408061291]]],[[[129.7747338642765,-1.248795110905546],[129.7712553396623,-1.247722209812066],[129.7701645861268,-1.243976993943077],[129.7762406846599,-1.244080040961107],[129.7747338642765,-1.248795110905546]]],[[[129.7915678410831,-1.243144584155134],[129.7940207689434,-1.244082846845876],[129.7956653375853,-1.248390307166927],[129.7907441933899,-1.247943479008276],[129.7915678410831,-1.243144584155134]]],[[[129.7863473035852,-1.24604805167621],[129.7850851329725,-1.244862128284543],[129.7855136059682,-1.243132345281486],[129.7875875981892,-1.244226977592946],[129.7863473035852,-1.24604805167621]]],[[[129.7074548193844,-1.230212157764823],[129.7068894389964,-1.23569452658108],[129.7009851514437,-1.234786105194521],[129.7017917587827,-1.231673547096504],[129.7074548193844,-1.230212157764823]]],[[[129.8063967578042,-1.229549388893128],[129.8061962152833,-1.229445154770017],[129.8064187282417,-1.229113357095704],[129.806619173636,-1.229403603393544],[129.8063967578042,-1.229549388893128]]],[[[129.6508027654353,-1.236548616325519],[129.6481695432898,-1.236610851209788],[129.6476767696672,-1.227458359015968],[129.6539369009673,-1.233181702973221],[129.6508027654353,-1.236548616325519]]],[[[129.8378704771409,-1.227545685884637],[129.8380838475915,-1.228008699142061],[129.8371920411798,-1.228361025640792],[129.837121859886,-1.227623783910461],[129.8378704771409,-1.227545685884637]]],[[[129.7366918492496,-1.229471111002914],[129.7277648575622,-1.228107511252555],[129.7294838226204,-1.220715495923377],[129.7390607048878,-1.227018104002278],[129.7366918492496,-1.229471111002914]]],[[[129.8267417724149,-1.219776887893056],[129.8121934081993,-1.230472555563969],[129.7887417952977,-1.229393769306933],[129.792778280893,-1.224955719330881],[129.8267417724149,-1.219776887893056]]],[[[129.796832003794,-1.219106591695754],[129.7985717485874,-1.219870456056674],[129.7985059011266,-1.220870127154575],[129.795159582249,-1.220557988660145],[129.796832003794,-1.219106591695754]]],[[[129.8329513860976,-1.218940147869477],[129.8321899580002,-1.218416666895619],[129.8337128132957,-1.2177884886478],[129.8336937782453,-1.218264381096271],[129.8329513860976,-1.218940147869477]]],[[[129.7863309062464,-1.219448161403472],[129.7803243352,-1.229904702040299],[129.7663442112163,-1.229681705246469],[129.7749448614163,-1.21894573086079],[129.7863309062464,-1.219448161403472]]],[[[131.062989113257,-1.22839926031755],[131.0556180287491,-1.231861497310208],[131.0525185611827,-1.221923218881374],[131.0653093173712,-1.208824697601665],[131.062989113257,-1.22839926031755]]],[[[129.7126629381441,-1.212340561167904],[129.7041260157031,-1.208388609146896],[129.7148575429413,-1.202512983887052],[129.7149693268729,-1.211599351628736],[129.7126629381441,-1.212340561167904]]],[[[131.0905449513884,-1.203672149749904],[131.0901496211081,-1.203235537889727],[131.0904740641269,-1.202399177380078],[131.0908972356189,-1.203039277940279],[131.0905449513884,-1.203672149749904]]],[[[129.6547418409632,-1.215389285387205],[129.6474750724167,-1.214378942933861],[129.6491818093931,-1.200996722420802],[129.6553937990847,-1.206628909296706],[129.6547418409632,-1.215389285387205]]],[[[129.6880317016018,-1.19870039710557],[129.6872902375545,-1.198187537125042],[129.6884490841579,-1.197689490777323],[129.6884501399621,-1.198231736105695],[129.6880317016018,-1.19870039710557]]],[[[131.0774870641767,-1.211033211313575],[131.0748125496595,-1.202429079838099],[131.0788005258237,-1.197517872251977],[131.079552436396,-1.205312987104604],[131.0774870641767,-1.211033211313575]]],[[[131.0841443702666,-1.209709100794301],[131.0813798623907,-1.209424694693853],[131.0847699485744,-1.197321409955057],[131.0868716579007,-1.207473537273865],[131.0841443702666,-1.209709100794301]]],[[[131.0811858957126,-1.198615621613611],[131.0806469877683,-1.196299587655838],[131.0821032176895,-1.195804661056224],[131.0822079149634,-1.196080678280589],[131.0811858957126,-1.198615621613611]]],[[[131.0774680282271,-1.197689194001031],[131.0772514867667,-1.197022318824883],[131.078788680853,-1.19441467070043],[131.0789898259198,-1.195894690387592],[131.0774680282271,-1.197689194001031]]],[[[129.6784767555979,-1.193918800711982],[129.6782863889058,-1.193733876716932],[129.6784946952741,-1.193630835094853],[129.6784636290932,-1.19379974666092],[129.6784767555979,-1.193918800711982]]],[[[129.6802627390342,-1.193619523422187],[129.6805911273787,-1.19364181581714],[129.6806815047476,-1.193849679718875],[129.679884027326,-1.193776524367054],[129.6802627390342,-1.193619523422187]]],[[[129.6897255387027,-1.193604615360647],[129.689407372952,-1.193116957981191],[129.6894133390545,-1.192826761146096],[129.6896231967532,-1.192972564632091],[129.6897255387027,-1.193604615360647]]],[[[131.0528244080201,-1.192608947145215],[131.0587064904122,-1.203802587419458],[131.0467923070195,-1.21352075228083],[131.0374403218135,-1.197465309576343],[131.0528244080201,-1.192608947145215]]],[[[129.3730229453526,-1.195463805410293],[129.372466091437,-1.193074357095794],[129.3746921671099,-1.192642579091688],[129.3736092943335,-1.19348296586608],[129.3730229453526,-1.195463805410293]]],[[[129.6806390999147,-1.192696640937177],[129.6819855379023,-1.193886183200712],[129.6886651210986,-1.197254343013457],[129.6809666276079,-1.194151173837524],[129.6801391452054,-1.192732478920691],[129.6787129526407,-1.193225874874207],[129.6793965570056,-1.192381540975321],[129.6806390999147,-1.192696640937177]]],[[[129.6752317390536,-1.192094150924275],[129.6752138389475,-1.192146481574843],[129.6751518279945,-1.192135884863157],[129.6751590873221,-1.19208829813642],[129.6752317390536,-1.192094150924275]]],[[[129.6895373393768,-1.193710992568223],[129.6887673839076,-1.193296403306279],[129.6888063218544,-1.192055081676616],[129.6892395846392,-1.192188675966557],[129.6891809263588,-1.193036490241786],[129.6895373393768,-1.193710992568223]]],[[[129.6743670436042,-1.192169389106004],[129.6742187705798,-1.192109454687509],[129.6742734475616,-1.19189955022401],[129.6744993419711,-1.192034071715023],[129.6743670436042,-1.192169389106004]]],[[[129.6748832697472,-1.191163951555099],[129.6754669972042,-1.191669364249728],[129.6753892454173,-1.192048004012117],[129.6746390057856,-1.191725596159257],[129.6748832697472,-1.191163951555099]]],[[[129.6743549711051,-1.191151822398664],[129.6742690273937,-1.191005395682401],[129.674461606418,-1.190897269293492],[129.6744831200001,-1.191068805980569],[129.6743549711051,-1.191151822398664]]],[[[129.688734475016,-1.190882398104145],[129.6883782391644,-1.191515571186555],[129.6878466040376,-1.190429360126791],[129.6882545221286,-1.190247581960316],[129.688734475016,-1.190882398104145]]],[[[131.0817599149881,-1.195265904198076],[131.0812219639225,-1.192061838283179],[131.0835598244263,-1.189933195160789],[131.0831683954053,-1.19415885944372],[131.0817599149881,-1.195265904198076]]],[[[129.6731427137653,-1.189895589110071],[129.6730533778112,-1.189877074767123],[129.6730512895854,-1.18979226330225],[129.6731532790007,-1.189800579333225],[129.6731427137653,-1.189895589110071]]],[[[129.6743876560655,-1.190036012851683],[129.6742823346621,-1.190853855420995],[129.6735906876602,-1.191303644147792],[129.6734694977193,-1.189547674685423],[129.6743876560655,-1.190036012851683]]],[[[131.0572423140816,-1.195541669612313],[131.0522358763847,-1.19220832885121],[131.0525573075737,-1.190348978722325],[131.055093376858,-1.190008602415007],[131.0572423140816,-1.195541669612313]]],[[[129.6740998856014,-1.189593955596527],[129.6742671613005,-1.18947403819625],[129.6744056137281,-1.189516640880209],[129.6742970017053,-1.189774352404418],[129.6740998856014,-1.189593955596527]]],[[[129.4514500357905,-1.18954590841687],[129.4518200411621,-1.189863450038134],[129.4512978012526,-1.190161969199524],[129.4505832458203,-1.189912933435069],[129.4514500357905,-1.18954590841687]]],[[[129.4522905610606,-1.189393353720261],[129.4522189786231,-1.18968358472962],[129.4515515611557,-1.189328672680093],[129.4518716199794,-1.189220020187756],[129.4522905610606,-1.189393353720261]]],[[[129.673290697208,-1.189054929841118],[129.6732122295608,-1.188900667331863],[129.6733303977798,-1.188836480019509],[129.6733827167391,-1.188982814105513],[129.673290697208,-1.189054929841118]]],[[[129.3823743891668,-1.188256346253327],[129.3947522926842,-1.192640943224868],[129.3961163501895,-1.196871392800494],[129.3806571562029,-1.196206284792181],[129.3906934301578,-1.196440911618682],[129.3823743891668,-1.188256346253327]]],[[[129.3985578458679,-1.187812177390038],[129.3988064193808,-1.188671872608785],[129.3979631628697,-1.188828970680403],[129.397794411383,-1.188181009146197],[129.3985578458679,-1.187812177390038]]],[[[129.6726712648671,-1.187895075097581],[129.6725584350237,-1.18784335598601],[129.6725709400969,-1.18770714736687],[129.6727587221373,-1.187794897816177],[129.6726712648671,-1.187895075097581]]],[[[129.3815198992241,-1.185948014089513],[129.3814207273847,-1.185866369137559],[129.3815337406896,-1.185752595006198],[129.3815947677844,-1.185849598579994],[129.3815198992241,-1.185948014089513]]],[[[129.3816841478052,-1.185310787762608],[129.3813943457725,-1.185607445327344],[129.3811460798277,-1.185370184386406],[129.3814899616924,-1.185052584309323],[129.3816841478052,-1.185310787762608]]],[[[129.6784148867376,-1.18462755661646],[129.6782583165681,-1.184563484417181],[129.6784370757105,-1.184354884870034],[129.6785477022147,-1.184517458913506],[129.6784148867376,-1.18462755661646]]],[[[131.0791955170595,-1.186459327236092],[131.0787101070858,-1.184203598217406],[131.0805232563432,-1.183918062568504],[131.0802377206944,-1.185502784026207],[131.0791955170595,-1.186459327236092]]],[[[129.4142492987662,-1.185960848314396],[129.4132881905976,-1.184787636839937],[129.4142608910273,-1.183521358124187],[129.4150564097256,-1.184481572366616],[129.4142492987662,-1.185960848314396]]],[[[129.6788629748464,-1.184019480914314],[129.6785353940933,-1.183949671939802],[129.6785292283413,-1.183425494890658],[129.6789474463675,-1.183770285969901],[129.6788629748464,-1.184019480914314]]],[[[129.6776787790525,-1.183330144270725],[129.6778836868828,-1.183521098220089],[129.677662854757,-1.184357884109025],[129.6773510876826,-1.183694869722343],[129.6776787790525,-1.183330144270725]]],[[[129.4019827520025,-1.184466765928407],[129.4009535831414,-1.184388424186336],[129.4010595232785,-1.183340678029834],[129.4019354395689,-1.183366099166141],[129.4019827520025,-1.184466765928407]]],[[[129.6768011297684,-1.184136619409395],[129.676224863087,-1.183866749051157],[129.6762712618093,-1.183122687761776],[129.6770468299474,-1.18357917194121],[129.6768011297684,-1.184136619409395]]],[[[129.6829754117858,-1.183109984837907],[129.6828034829944,-1.183006212966278],[129.6828071441345,-1.182913520742337],[129.6830920052919,-1.182884406989684],[129.6829754117858,-1.183109984837907]]],[[[129.4627111090305,-1.183124675263494],[129.4625651598543,-1.183041594094261],[129.4625267291254,-1.182842530058695],[129.4627206679246,-1.18288018827],[129.4627111090305,-1.183124675263494]]],[[[129.6837158344183,-1.183778742295052],[129.6825551217215,-1.184190774784424],[129.6840808143781,-1.182465929958612],[129.6842319490453,-1.183216452876914],[129.6837158344183,-1.183778742295052]]],[[[129.6777493038874,-1.182919279101371],[129.6772940931479,-1.182829991710735],[129.6772393226367,-1.1825817752287],[129.6779569753342,-1.182524920988273],[129.6777493038874,-1.182919279101371]]],[[[129.4639677982753,-1.182802672105579],[129.463650932045,-1.182534084180611],[129.4636672277605,-1.182422947760722],[129.463858296823,-1.182502159147328],[129.4639677982753,-1.182802672105579]]],[[[129.4619256339609,-1.182362363132475],[129.4619227687209,-1.182426144850604],[129.461501407564,-1.183104585308373],[129.4615272918511,-1.182870724704157],[129.4619256339609,-1.182362363132475]]],[[[129.6787240053088,-1.18330774575586],[129.678014204592,-1.183055700859883],[129.6781956230297,-1.182330116141886],[129.6786612362272,-1.182800923823526],[129.6787240053088,-1.18330774575586]]],[[[129.6871486348017,-1.182743208931905],[129.6869950827569,-1.182675527753377],[129.6870665482826,-1.182165006010186],[129.6872321854171,-1.182254389628293],[129.6871486348017,-1.182743208931905]]],[[[129.3801875868877,-1.182341536632572],[129.3797382640097,-1.182340205635926],[129.3799600440209,-1.181542449424436],[129.3800488143014,-1.181675737045554],[129.3801875868877,-1.182341536632572]]],[[[129.6839602170904,-1.181660361336581],[129.6863258270753,-1.182836602627082],[129.686754322554,-1.183943233693244],[129.6848514389428,-1.182964464638284],[129.6838255598018,-1.181768533590935],[129.6838603320886,-1.181169505967874],[129.6839602170904,-1.181660361336581]]],[[[129.4455868112824,-1.17943575875328],[129.4454690243761,-1.179359330768451],[129.4455202119883,-1.179243792167187],[129.4456358594075,-1.179315064338729],[129.4455868112824,-1.17943575875328]]],[[[129.4464636556733,-1.179289164763089],[129.4459990344279,-1.179600185400245],[129.4455619819,-1.178968051034682],[129.4456848805529,-1.178975766318471],[129.4464636556733,-1.179289164763089]]],[[[131.0750124248835,-1.179977675829027],[131.0750409783585,-1.178735596970151],[131.0762830572173,-1.178207356783981],[131.0763116097931,-1.178535721746135],[131.0750124248835,-1.179977675829027]]],[[[129.4636544169178,-1.179098077714061],[129.4633046966545,-1.178547329295812],[129.463314740283,-1.178017925386923],[129.4637131228624,-1.178681897551462],[129.4636544169178,-1.179098077714061]]],[[[131.0814940762906,-1.182333342010081],[131.0775487918434,-1.182602057638762],[131.0800747437545,-1.177839436940411],[131.0814369693408,-1.180334595165425],[131.0814940762906,-1.182333342010081]]],[[[129.3503744998833,-1.177927619963695],[129.3501462402569,-1.177371776885908],[129.3506389464303,-1.177038863152971],[129.3508225376301,-1.177486525882435],[129.3503744998833,-1.177927619963695]]],[[[129.3866346575635,-1.175694483713377],[129.3864305798075,-1.175264478272966],[129.3867681862029,-1.175080023724087],[129.3869938512853,-1.175418218276095],[129.3866346575635,-1.175694483713377]]],[[[129.4612599485878,-1.174997761837185],[129.4607313001095,-1.175541148405193],[129.4614549719695,-1.176380714997974],[129.4605386878103,-1.175479435127771],[129.4612599485878,-1.174997761837185]]],[[[129.3802041793794,-1.173709475811593],[129.3803161926383,-1.17378386413394],[129.3801564163856,-1.17392217896535],[129.3800854418897,-1.173645602362663],[129.3802041793794,-1.173709475811593]]],[[[129.3801556096937,-1.173481741389162],[129.3800659886546,-1.17336149933365],[129.3802227782588,-1.173190859270681],[129.3802519243868,-1.173368231658481],[129.3801556096937,-1.173481741389162]]],[[[129.4534976751777,-1.173710423697097],[129.4539334263866,-1.173411991769926],[129.4541643561002,-1.173586778606841],[129.4533094398788,-1.173817236176403],[129.4531086626347,-1.173566015958796],[129.4532729184106,-1.173075008604732],[129.4534976751777,-1.173710423697097]]],[[[129.3803952268582,-1.172837583087885],[129.3802973914116,-1.172792497375744],[129.3803571207846,-1.172675990204722],[129.3804624179064,-1.172726330655552],[129.3803952268582,-1.172837583087885]]],[[[129.3805744023869,-1.172573746281349],[129.3805146397389,-1.172385847328952],[129.3806684507885,-1.172264070130671],[129.3806856332354,-1.17230540387119],[129.3805744023869,-1.172573746281349]]],[[[129.4547353968212,-1.172211606380438],[129.4550570168678,-1.172153580323412],[129.455165839332,-1.172214755806314],[129.4549178422847,-1.172380692414945],[129.4547353968212,-1.172211606380438]]],[[[129.3817876094107,-1.171810214669636],[129.3813984286946,-1.171616462030014],[129.3813994359352,-1.1715511784441],[129.3817612511808,-1.171716373112089],[129.3817876094107,-1.171810214669636]]],[[[129.3806688159132,-1.171971533259589],[129.3807214838095,-1.171811382888935],[129.3812758007377,-1.171553230696956],[129.381012340747,-1.171815424442249],[129.3806688159132,-1.171971533259589]]],[[[129.3802343453389,-1.171452019195288],[129.3801532849462,-1.171570138850766],[129.3798764511375,-1.17150628698546],[129.3800647134158,-1.171366140235166],[129.3802343453389,-1.171452019195288]]],[[[129.3788288650601,-1.173609178021076],[129.3786823439151,-1.176407441050545],[129.3819315144279,-1.17181080102762],[129.3857129765727,-1.17419051867749],[129.378125757098,-1.179572691326561],[129.3816123989931,-1.187523738729526],[129.3764666518146,-1.18337798280759],[129.3788288650601,-1.173609178021076]]],[[[129.46503699686,-1.168776557691922],[129.4751817857109,-1.186551922333281],[129.4583657099097,-1.196766804344554],[129.4467335098436,-1.193831148288796],[129.4440243651324,-1.18956126074348],[129.441854747099,-1.18175866892736],[129.4430759760756,-1.178542878550973],[129.448931954746,-1.190487253983521],[129.4525561596392,-1.190507745935657],[129.4619168988459,-1.188390846160628],[129.4659090856359,-1.181298175570314],[129.4576678818673,-1.169929177389564],[129.4541176273266,-1.169242574685006],[129.4469854881898,-1.178857837319283],[129.4431850539471,-1.17206777690633],[129.4528651226274,-1.168569827835222],[129.46503699686,-1.168776557691922]]],[[[129.4208659617948,-1.166397632344809],[129.420609064157,-1.166261947131078],[129.4205594512577,-1.165496612378705],[129.4209845041316,-1.165879644430026],[129.4208659617948,-1.166397632344809]]],[[[129.4218418341334,-1.164928057383888],[129.423707215116,-1.166991266733566],[129.421602993983,-1.170352828220425],[129.4195331152612,-1.166759115740559],[129.4212081205584,-1.167239315941584],[129.4218418341334,-1.164928057383888]]],[[[129.4201883217336,-1.164885811730779],[129.42005551525,-1.164920726110521],[129.4201770874027,-1.164648519313685],[129.4202074907831,-1.164681798725978],[129.4201883217336,-1.164885811730779]]],[[[129.4204960823284,-1.164941594878657],[129.4205131028974,-1.164620550397968],[129.4207525680766,-1.164417579707491],[129.4207862243048,-1.164805728001886],[129.4204960823284,-1.164941594878657]]],[[[129.3927967519686,-1.162977935982903],[129.3963213614418,-1.16708725677144],[129.3964524870927,-1.171021017305998],[129.3911659969133,-1.163997315723522],[129.3806465675851,-1.170159379551697],[129.3927967519686,-1.162977935982903]]],[[[129.4206925428266,-1.161743938432005],[129.4206125238489,-1.161651615829376],[129.4207810666929,-1.161608635430136],[129.4207842799705,-1.161697757345584],[129.4206925428266,-1.161743938432005]]],[[[129.420672228041,-1.161367069434663],[129.4205868670903,-1.161257558089781],[129.4208034049533,-1.161193101880079],[129.4207650227877,-1.161302631211372],[129.420672228041,-1.161367069434663]]],[[[129.3602015897317,-1.161264258938369],[129.3730089096335,-1.16903679181444],[129.3727846609834,-1.18691421871622],[129.3522368924186,-1.186612598692419],[129.3459157403193,-1.182480623082219],[129.3530597289234,-1.184244128863357],[129.3523835025966,-1.162518564979711],[129.3602015897317,-1.161264258938369]]],[[[131.0667199417719,-1.170501637240731],[131.0658385962743,-1.168007383733707],[131.0671565401422,-1.160814715726469],[131.0682636523458,-1.163136777839993],[131.0667199417719,-1.170501637240731]]],[[[129.4213721622955,-1.160537595033942],[129.4210888102005,-1.160395897852398],[129.421029889318,-1.16013220403797],[129.4214335599109,-1.160224911550392],[129.4213721622955,-1.160537595033942]]],[[[129.4214728027277,-1.160107230764032],[129.4212901477221,-1.159962948930884],[129.4213396149313,-1.159746483013782],[129.4215641045999,-1.160031629256222],[129.4214728027277,-1.160107230764032]]],[[[129.4205375203903,-1.159911340435896],[129.4204530281847,-1.15989675073436],[129.4204162998724,-1.159640780297691],[129.4205665019425,-1.159691439108615],[129.4205375203903,-1.159911340435896]]],[[[129.4204435880012,-1.159519663201783],[129.420268615904,-1.159362496781727],[129.4202634843724,-1.159304949164033],[129.4204350210595,-1.159329829807712],[129.4204435880012,-1.159519663201783]]],[[[129.7883354051548,-1.161893485795742],[129.7867249990595,-1.162111360051179],[129.7860222858999,-1.16045797895257],[129.7896138579933,-1.159506828077619],[129.7883354051548,-1.161893485795742]]],[[[129.4202941917237,-1.159204440932163],[129.4202387224392,-1.15918469092067],[129.4202463891596,-1.159125422899868],[129.4203163726026,-1.159130568820713],[129.4202941917237,-1.159204440932163]]],[[[129.4211945291042,-1.15970956494438],[129.4207362058113,-1.159357450685741],[129.4207216646732,-1.159122095408341],[129.421144148184,-1.159460471623477],[129.4211945291042,-1.15970956494438]]],[[[129.4252441232178,-1.158937542833341],[129.4249001280385,-1.159157437865391],[129.4248729990896,-1.159625318253779],[129.4247537103155,-1.159110749561412],[129.4252441232178,-1.158937542833341]]],[[[129.404707331778,-1.158831834721388],[129.4079571749837,-1.16083299714507],[129.4080615152268,-1.165423787977351],[129.4064999935799,-1.166870312414916],[129.404707331778,-1.158831834721388]]],[[[129.7938204350651,-1.158843239024224],[129.7937820349131,-1.158505031881665],[129.7938748602367,-1.158406518346114],[129.7939906803257,-1.158647471903221],[129.7938204350651,-1.158843239024224]]],[[[129.4250190148157,-1.158484085771841],[129.4249241408366,-1.158226304999912],[129.4249569813796,-1.158084995426092],[129.4250286681386,-1.158118050907289],[129.4250190148157,-1.158484085771841]]],[[[129.4260583037478,-1.15743243835629],[129.4252332063475,-1.157691869384239],[129.4250316430959,-1.158059425901728],[129.4251137116286,-1.157555086997577],[129.4260583037478,-1.15743243835629]]],[[[129.4263391494322,-1.157464884097051],[129.4262032375894,-1.157419053746336],[129.4267124643088,-1.157130367772188],[129.4266758951765,-1.15727542392168],[129.4263391494322,-1.157464884097051]]],[[[129.4272942663174,-1.156932068160346],[129.427227400824,-1.15704133039303],[129.426950466291,-1.157007708339],[129.4269921067005,-1.156934474746121],[129.4272942663174,-1.156932068160346]]],[[[129.7805559223181,-1.156890232598132],[129.7796287122954,-1.160834752621634],[129.7715614562962,-1.160823762906274],[129.775576309599,-1.157572135445653],[129.7805559223181,-1.156890232598132]]],[[[129.4275084065877,-1.156889514939133],[129.4275553143263,-1.156692264836126],[129.4277770817469,-1.156629046992899],[129.4275887736031,-1.156784983140449],[129.4275084065877,-1.156889514939133]]],[[[129.7941376457359,-1.160417558023832],[129.796486129931,-1.156154150093938],[129.8020748849481,-1.156173943272767],[129.8000968818657,-1.157992142223543],[129.7941376457359,-1.160417558023832]]],[[[129.4201551187638,-1.158255772186026],[129.4195940569202,-1.158606961941702],[129.4206132433065,-1.162320199717362],[129.4197807040164,-1.165581815947972],[129.4192649284338,-1.154729814629166],[129.4201551187638,-1.158255772186026]]],[[[129.3354562849796,-1.154677708809151],[129.3419518983615,-1.154977710053265],[129.3525016141582,-1.160362950289853],[129.3527795379454,-1.161977452797183],[129.3243194036177,-1.173815780174062],[129.3093307574086,-1.166988760322932],[129.3159640650896,-1.172548622820615],[129.307299891277,-1.17374115712863],[129.3109499282966,-1.179186749968489],[129.3003657711635,-1.177191195717045],[129.3134092242564,-1.158144689725551],[129.3354562849796,-1.154677708809151]]],[[[131.0586752308773,-1.193121226163621],[131.0503685762488,-1.172724807204053],[131.0580456388952,-1.154225497308817],[131.0629542438434,-1.17529704272428],[131.0586752308773,-1.193121226163621]]],[[[129.746414018792,-1.158280726574182],[129.7162859658247,-1.198554753698902],[129.6993616260382,-1.206692137032464],[129.6961551382491,-1.207014805688702],[129.6818354320597,-1.20455836777438],[129.6737874620218,-1.198629650138175],[129.6699832821029,-1.189293541563677],[129.6713364766971,-1.183161789384959],[129.6719882360682,-1.191158134740069],[129.6772066079986,-1.194047010760871],[129.6871282471709,-1.197135593832568],[129.6819592723026,-1.195992339674648],[129.6819123843492,-1.198390461950252],[129.6886530099286,-1.204982244335076],[129.7080679960412,-1.202224315000036],[129.6926540208665,-1.197974742240485],[129.6850294534465,-1.177534340137656],[129.6802211750672,-1.184008843733134],[129.6812476252778,-1.178104351134815],[129.6729840733563,-1.17893104663043],[129.7061354626816,-1.162795283675313],[129.746414018792,-1.158280726574182]]],[[[129.4245173163212,-1.153962647957732],[129.4277710832689,-1.154436628447611],[129.428833184404,-1.156162367199423],[129.4247947679642,-1.165478891237795],[129.4245173163212,-1.153962647957732]]],[[[129.4444274133945,-1.152574101913187],[129.4437223422123,-1.161113905782043],[129.4416996527168,-1.161665684823435],[129.4398544920912,-1.152654484217022],[129.4444274133945,-1.152574101913187]]],[[[130.5896203971637,-1.152107125343507],[130.5889457662341,-1.151772981337976],[130.5898320562045,-1.150592360349092],[130.5901559920055,-1.151623623731249],[130.5896203971637,-1.152107125343507]]],[[[131.0550242028048,-1.151441182764293],[131.0546890569545,-1.149594486096619],[131.0556524053343,-1.148225568655084],[131.0558342140778,-1.150335591314436],[131.0550242028048,-1.151441182764293]]],[[[130.5895068145879,-1.148030470629704],[130.5894068774255,-1.147844873042361],[130.589742381206,-1.147809180749062],[130.589713827731,-1.147909118810711],[130.5895068145879,-1.148030470629704]]],[[[129.7797409126131,-1.151703270389584],[129.769943128073,-1.159026676439881],[129.7612250623867,-1.1565183719253],[129.7698523846799,-1.147609060909341],[129.7797409126131,-1.151703270389584]]],[[[129.8810574200639,-1.146648078645887],[129.8944936322754,-1.160436540913581],[129.9779161167355,-1.171481321805492],[129.9708908098631,-1.18314290362205],[129.965597182664,-1.177905357246425],[129.9628871835968,-1.188548800386771],[129.9417616231005,-1.197817824932626],[129.9333256612503,-1.215536608727488],[129.9227953537227,-1.21163336129049],[129.9281292768447,-1.185827566089229],[129.8669174667678,-1.237901284816425],[129.8401431170113,-1.242161715990322],[129.8336611085734,-1.25055940629151],[129.824254388829,-1.249405886372548],[129.8187636212442,-1.247317674071338],[129.8180797929482,-1.24630294292645],[129.8389938499862,-1.223569357739576],[129.8534834084326,-1.222421111445085],[129.8487745024414,-1.217171586099733],[129.8544322660363,-1.213749071262596],[129.8627202417458,-1.212212460836318],[129.8658325947984,-1.225677793095572],[129.8875547790299,-1.196516837781816],[129.8183422106246,-1.216411181430813],[129.7958452388667,-1.204601000136021],[129.7451461518735,-1.220260455155822],[129.7317171234465,-1.20715963161169],[129.7337130446213,-1.1914532913363],[129.7574147976549,-1.172287025325927],[129.8263410093303,-1.164018900351918],[129.8354711003111,-1.155215508788634],[129.853327072986,-1.156348939651844],[129.8653626738484,-1.144523222568663],[129.8810574200639,-1.146648078645887]]],[[[129.8491688353735,-1.152027350082088],[129.8464120149027,-1.154546515709034],[129.8378171041761,-1.151982506287633],[129.8514004769505,-1.143780089379545],[129.8491688353735,-1.152027350082088]]],[[[130.5978949936591,-1.145027764719567],[130.5970560907661,-1.150043788290114],[130.5945741210989,-1.15072419736382],[130.5951422534123,-1.141453477595869],[130.5978949936591,-1.145027764719567]]],[[[130.5739554463867,-1.144182509015559],[130.56908821385,-1.146820813229946],[130.56460188377,-1.143423705139826],[130.5777501708338,-1.13785664896511],[130.5739554463867,-1.144182509015559]]],[[[130.588677250255,-1.135894804002005],[130.5949290538328,-1.140074232339908],[130.5801907528011,-1.146652047354094],[130.5822950944431,-1.137361429186592],[130.588677250255,-1.135894804002005]]],[[[131.0774317567702,-1.132249602636984],[131.0735675120311,-1.147411529318523],[131.0721305365951,-1.148849106401054],[131.0697984461414,-1.136142400851073],[131.0774317567702,-1.132249602636984]]],[[[131.0984883257756,-1.129981246237469],[131.098211584597,-1.125874883319147],[131.1016614729987,-1.122970783574731],[131.102898015631,-1.125001527398497],[131.0984883257756,-1.129981246237469]]],[[[131.0697521427473,-1.121486980439704],[131.0673185503109,-1.12469522190686],[131.0661215023056,-1.12429085164141],[131.0678588638955,-1.120927227109794],[131.0697521427473,-1.121486980439704]]],[[[131.0903676941139,-1.119360287946927],[131.0900097243693,-1.11966818793652],[131.0885328316249,-1.119018801876129],[131.0898864327128,-1.11827948810779],[131.0903676941139,-1.119360287946927]]],[[[131.108546737442,-1.116273372218293],[131.1078091036074,-1.114046195775201],[131.1092758376099,-1.113507715009002],[131.1099220652513,-1.11521689094676],[131.108546737442,-1.116273372218293]]],[[[131.0898383027956,-1.108289175804769],[131.0910081921743,-1.109009733312474],[131.0871010120023,-1.114483730339868],[131.0865005328734,-1.110672677801785],[131.0898383027956,-1.108289175804769]]],[[[131.0986901156564,-1.106875267079912],[131.0991245520565,-1.108270512174306],[131.0970789451373,-1.108690638562029],[131.0967315307356,-1.107766328852991],[131.0986901156564,-1.106875267079912]]],[[[131.0839597952084,-1.109079902915136],[131.0824036272256,-1.107773579187279],[131.0843238515646,-1.105674894280886],[131.0851019360056,-1.10661716075329],[131.0839597952084,-1.109079902915136]]],[[[131.08311032708,-1.106295933710369],[131.0816326816031,-1.105317974944489],[131.0831317417365,-1.104097311641608],[131.083859858046,-1.104832564970851],[131.08311032708,-1.106295933710369]]],[[[131.0848877849434,-1.103412027343145],[131.084273235022,-1.102937740184531],[131.0849277876873,-1.102312360626881],[131.0855016855544,-1.102833818126195],[131.0848877849434,-1.103412027343145]]],[[[131.1003882910868,-1.097842096935134],[131.1009755942483,-1.095659316424216],[131.1027050516968,-1.095598963821123],[131.1017313269392,-1.097461026305238],[131.1003882910868,-1.097842096935134]]],[[[131.0752023868807,-1.099526367048112],[131.0743600575707,-1.096892304036581],[131.0770583672499,-1.095707332127629],[131.0763433783443,-1.098593031742981],[131.0752023868807,-1.099526367048112]]],[[[131.1689008020305,-1.095884206291034],[131.1673952838653,-1.094203661169926],[131.1702031606474,-1.09215321140155],[131.1701117823329,-1.094675200000397],[131.1689008020305,-1.095884206291034]]],[[[131.1273451015952,-1.08965081093613],[131.1265497933383,-1.089228797770739],[131.1284890976938,-1.088298711716076],[131.1284426935755,-1.089054304112816],[131.1273451015952,-1.08965081093613]]],[[[131.1795665276731,-1.088124695598205],[131.1780362637626,-1.093474095153349],[131.1701411910632,-1.095953315592959],[131.1740238817967,-1.089946002605904],[131.1795665276731,-1.088124695598205]]],[[[131.1155865242987,-1.090913504954274],[131.1138613593144,-1.090028163768666],[131.1174621962234,-1.08755343184537],[131.1178286420783,-1.089554267815165],[131.1155865242987,-1.090913504954274]]],[[[131.1244307010161,-1.088977945375882],[131.1237571690582,-1.087829341151084],[131.1252586978308,-1.08729308800555],[131.1254156088434,-1.087954092407431],[131.1244307010161,-1.088977945375882]]],[[[131.1579242419103,-1.088087864763112],[131.1560675106071,-1.088310446070187],[131.1558230613853,-1.08813854425838],[131.1566162436447,-1.086896547237773],[131.1579242419103,-1.088087864763112]]],[[[131.1642972021542,-1.086394458437459],[131.162167165982,-1.087778667951136],[131.1610854542304,-1.087633601009832],[131.1623674270151,-1.085374917718232],[131.1642972021542,-1.086394458437459]]],[[[131.1772051211195,-1.086354463787378],[131.1750013441369,-1.08709726692531],[131.1745457062194,-1.086624726250099],[131.176218668257,-1.084717254297798],[131.1772051211195,-1.086354463787378]]],[[[131.1030345417109,-1.084178933610838],[131.106198853994,-1.087132752374556],[131.0974486348467,-1.088188757904776],[131.097428267001,-1.084400567032498],[131.1030345417109,-1.084178933610838]]],[[[131.0801252739622,-1.082346795168368],[131.0840865546509,-1.083082035907148],[131.0836977408582,-1.086550808273115],[131.0766048598265,-1.082767414384625],[131.0801252739622,-1.082346795168368]]],[[[131.0922752991658,-1.07961252429847],[131.0960504309827,-1.085900780096852],[131.0868561940582,-1.085957887046776],[131.0865795940732,-1.079241151058222],[131.0922752991658,-1.07961252429847]]],[[[131.1612940241001,-1.079081575354371],[131.16009118536,-1.078455786605195],[131.1608690027024,-1.07744563031156],[131.1618553746259,-1.077775656321458],[131.1612940241001,-1.079081575354371]]],[[[131.1236119726145,-1.078663513810055],[131.1228323404403,-1.077612772911055],[131.1241427821637,-1.077038421785728],[131.1243905067166,-1.078127765184147],[131.1236119726145,-1.078663513810055]]],[[[131.1340437306337,-1.076624037569188],[131.1330969369741,-1.076653398635388],[131.13341570617,-1.075734977687029],[131.1343113311031,-1.075940941321354],[131.1340437306337,-1.076624037569188]]],[[[131.1600221462051,-1.075026786756775],[131.1585090773322,-1.076880761637769],[131.1563632967288,-1.077432883320808],[131.1561806273342,-1.073719084368177],[131.1600221462051,-1.075026786756775]]],[[[131.136866360794,-1.072503691991747],[131.1371572599997,-1.072874370056079],[131.1355909881337,-1.073396136022867],[131.1358739526208,-1.072547184105213],[131.136866360794,-1.072503691991747]]],[[[131.1159617610265,-1.074788696640974],[131.1147767891176,-1.073375297831694],[131.1156048416901,-1.071919067011232],[131.1163472329386,-1.073846431067851],[131.1159617610265,-1.074788696640974]]],[[[131.1350499478968,-1.066692944723593],[131.1341641012923,-1.066016990891308],[131.1353846998441,-1.064561510105547],[131.1360132036465,-1.065857833372233],[131.1350499478968,-1.066692944723593]]],[[[131.1759383315888,-1.067296050772073],[131.1748859952924,-1.076144110762092],[131.161469763319,-1.082393377352433],[131.1735898977556,-1.060640736680599],[131.1759383315888,-1.067296050772073]]],[[[131.1267269058222,-1.051562721842084],[131.1370643969044,-1.061777677597744],[131.1214959173028,-1.076282369835438],[131.1212925212329,-1.070224425916491],[131.1106064493282,-1.055903259227955],[131.1267269058222,-1.051562721842084]]],[[[131.1388159336086,-1.050095470729298],[131.140887626263,-1.055274911907558],[131.1405585724202,-1.059826601116656],[131.1321940410222,-1.05604959691126],[131.1388159336086,-1.050095470729298]]],[[[131.0779609223588,-1.0460032289658],[131.076040768167,-1.043829984865832],[131.0779146558367,-1.042835315797122],[131.0784632458822,-1.043255542908897],[131.0779609223588,-1.0460032289658]]],[[[131.0791923415534,-1.041707731426625],[131.0786959742398,-1.039964324593859],[131.0807240623656,-1.038585263698868],[131.0807702587404,-1.040699419642424],[131.0791923415534,-1.041707731426625]]],[[[131.1601957117627,-1.037332389378223],[131.1700595407154,-1.053170260898709],[131.1637402897826,-1.061177454775633],[131.1703572163126,-1.061673213248129],[131.1602216590024,-1.073916651931908],[131.1534757238257,-1.062629480366153],[131.1601957117627,-1.037332389378223]]],[[[131.0865031777795,-1.035751111424579],[131.0849334066514,-1.036403830372448],[131.0842042678128,-1.035856847415475],[131.0850890981834,-1.034620737357075],[131.0865031777795,-1.035751111424579]]],[[[131.1354407572852,-1.030314377806254],[131.1336142162231,-1.029226734126423],[131.1338959909073,-1.028096423011407],[131.1354963992396,-1.028896682036232],[131.1354407572852,-1.030314377806254]]],[[[131.09155703403,-1.025660592162561],[131.0899716048058,-1.027187325334713],[131.0889447400078,-1.026636405145956],[131.0892940456837,-1.025650344387843],[131.09155703403,-1.025660592162561]]],[[[131.0673522128344,-1.009471503906736],[131.0659444698615,-1.008946080397235],[131.0668395839797,-1.006505451665232],[131.0687170293675,-1.007652314802401],[131.0673522128344,-1.009471503906736]]],[[[131.1521753662003,-0.995190927219516],[131.1499976407786,-0.998937333790886],[131.1479622960233,-0.998175265376203],[131.1481506581264,-0.995684403212563],[131.1521753662003,-0.995190927219516]]],[[[131.1424030000984,-0.99592699983109],[131.1483507905566,-1.004595029037317],[131.1406061195768,-1.007141748093135],[131.1507209268295,-1.018952265734432],[131.1308857396852,-1.029117322606313],[131.1323657647683,-1.048605108838688],[131.1108935093281,-1.049761527272588],[131.1086436618756,-1.056607676602964],[131.1157876702648,-1.071222248008288],[131.1005142995952,-1.065294648229356],[131.1135204344206,-1.078771915391544],[131.1074576206727,-1.083417083731389],[131.097269157146,-1.078411631691337],[131.0856902877766,-1.077790638127388],[131.0857711602109,-1.083178677054233],[131.0783349611896,-1.080688353584572],[131.080003345678,-1.05180786264272],[131.0922432940928,-1.027480254310278],[131.0968870091282,-1.003862062684016],[131.1424030000984,-0.99592699983109]]],[[[131.0927827371337,-0.955176513685066],[131.0925377231375,-0.954955768793633],[131.0932893234437,-0.955074251775281],[131.0932640417022,-0.955159226916782],[131.0927827371337,-0.955176513685066]]],[[[131.1493943054029,-0.954368281271092],[131.1494787868166,-0.95602574888918],[131.147709918378,-0.956218767681952],[131.1475814268414,-0.954591216011716],[131.1493943054029,-0.954368281271092]]],[[[131.0926976010136,-0.954029604682452],[131.0925287038367,-0.954004220418339],[131.092469559023,-0.953944784224328],[131.092841059967,-0.953876588633554],[131.0926976010136,-0.954029604682452]]],[[[131.0668955406967,-0.939520859200263],[131.0662482410636,-0.938912625217439],[131.0667540251781,-0.937872475634174],[131.0679507907965,-0.938603744067537],[131.0668955406967,-0.939520859200263]]],[[[130.6472031451091,-0.937877463274253],[130.6604677711707,-0.943537914942796],[130.6616962244013,-0.949791483889831],[130.6371450401116,-0.945083332429844],[130.6472031451091,-0.937877463274253]]],[[[131.1088666442803,-0.940405848750883],[131.101651370914,-0.943915434149892],[131.0959730632063,-0.950759070774401],[131.1015701657307,-0.942283947046432],[131.1148087995865,-0.935333991670342],[131.1088666442803,-0.940405848750883]]],[[[130.7876638622975,-0.92531385874757],[130.7864979272376,-0.925052118260597],[130.7862956724074,-0.924742788348956],[130.7870214082115,-0.92435017671926],[130.7876638622975,-0.92531385874757]]],[[[130.3686745539875,-0.918554440035349],[130.3666887978498,-0.920488335867978],[130.36442959475,-0.920676919204391],[130.3659524500456,-0.918935153634395],[130.3686745539875,-0.918554440035349]]],[[[131.1330926409128,-0.91925123925323],[131.1293105096723,-0.919948477340318],[131.1151634346449,-0.932159156419823],[131.1174213903849,-0.922386835284142],[131.131677445258,-0.914436977684277],[131.1330926409128,-0.91925123925323]]],[[[130.7991648944444,-0.914334996362934],[130.7973783876026,-0.915115615093478],[130.7967921015743,-0.914646776927144],[130.7976628998231,-0.913106013431689],[130.7991648944444,-0.914334996362934]]],[[[130.489805127105,-0.908586641360356],[130.4895945787269,-0.90841474404513],[130.4896439506079,-0.907228352106662],[130.4903158314105,-0.908077691632128],[130.489805127105,-0.908586641360356]]],[[[130.4104395527432,-0.895008522425281],[130.410284888237,-0.895341646599659],[130.4097673562785,-0.895038264804063],[130.4101361718469,-0.895145340784767],[130.4104395527432,-0.895008522425281]]],[[[130.9017678622971,-0.890260735144713],[130.9037859022976,-0.898345372341039],[130.9212089215545,-0.888788509881769],[130.9273491030787,-0.892789330163415],[130.9232693448044,-0.927681422959273],[130.9397309105532,-0.941099764742306],[130.957054292122,-0.931568713725087],[130.967333563793,-0.935387748645569],[130.984613404685,-0.918210017678136],[130.9969447449041,-0.925171062594446],[131.0312335122169,-0.911529661064916],[131.0514065683585,-0.933207368425284],[131.0580050237129,-0.960723133665622],[131.080392976055,-0.96889420290516],[131.0651049392415,-0.984646235035649],[131.0649150896598,-1.009167542947667],[131.0750616753562,-1.011898795692881],[131.0847555989919,-1.005966800027716],[131.0878322417647,-1.012419897959907],[131.0780348106581,-1.01569463170186],[131.0849233513317,-1.018157373863707],[131.0742324320811,-1.042425495640112],[131.0756469226674,-1.07069022077704],[131.0681952436157,-1.104599920250029],[131.057237869632,-1.117169648260566],[131.047940204377,-1.184493025232916],[131.0345464311729,-1.195330667076602],[131.0048046010515,-1.164042504857646],[130.9549616902298,-1.143171786149003],[130.9495521323252,-1.127985613744967],[130.9192856691983,-1.129386769184018],[130.914956984877,-1.136401375023402],[130.8816004314149,-1.126959099682681],[130.8639372652926,-1.132740780862276],[130.8404134467232,-1.109325586906243],[130.8127504435782,-1.11859780404531],[130.7981395800776,-1.115360922768341],[130.7905146403384,-1.085466566728568],[130.7328422812464,-1.069987926701435],[130.7321010132511,-1.037116281391162],[130.7083802197714,-1.041676494374657],[130.7044618484356,-1.05197341973742],[130.6911120259992,-1.047984514573644],[130.6762136762203,-1.012725838326725],[130.6532810377898,-1.001607753694847],[130.6348004625714,-0.980289359666189],[130.6410795138085,-0.971262527943287],[130.634996653273,-0.958202868167815],[130.6470389846614,-0.954007778136459],[130.6842801650976,-0.954220199802316],[130.744191309981,-0.928493150138701],[130.792114142154,-0.927444537035685],[130.7987874184046,-0.914977187846924],[130.8280053097973,-0.90794357933264],[130.8323932531461,-0.896207033627652],[130.8399712977372,-0.901979158611235],[130.8483264573002,-0.895928191632647],[130.858941079867,-0.904725513671492],[130.8645573487426,-0.894781534440162],[130.8855886512953,-0.897378038165877],[130.9017678622971,-0.890260735144713]]],[[[131.0324099252779,-0.884893423792457],[131.0343371130674,-0.889169888079858],[131.029655972745,-0.896085751955836],[131.0272136299052,-0.892247208042177],[131.0324099252779,-0.884893423792457]]],[[[129.7419901232456,-0.877544122663101],[129.7411074773283,-0.875934496279898],[129.743270801906,-0.875304951062608],[129.7428467427831,-0.87692046530721],[129.7419901232456,-0.877544122663101]]],[[[130.8694549307005,-0.849939439653349],[130.8690409053135,-0.850096484664922],[130.8687696464021,-0.849910887077757],[130.8691122881017,-0.849482584053954],[130.8694549307005,-0.849939439653349]]],[[[129.7712675110869,-0.845458013576453],[129.7670320711732,-0.845419942576234],[129.7655853578781,-0.842440858258955],[129.7730568660816,-0.841374858562796],[129.7712675110869,-0.845458013576453]]],[[[129.902682115987,-0.842913195687414],[129.8942714358782,-0.838399194367303],[129.8956278428508,-0.830514166195753],[129.9039791542147,-0.834195088632386],[129.902682115987,-0.842913195687414]]],[[[130.8807997928762,-0.822183757774189],[130.8812668503849,-0.823385206162255],[130.8801704877778,-0.824623404446514],[130.8798993268926,-0.822463586325364],[130.8807997928762,-0.822183757774189]]],[[[130.8790225697358,-0.821356671073461],[130.8789571341645,-0.821267441239362],[130.8791415428479,-0.821160366157939],[130.8791593889947,-0.821315030664119],[130.8790225697358,-0.821356671073461]]],[[[130.9102647640078,-0.814412432687542],[130.9099631619704,-0.814256833785779],[130.9099678618275,-0.81405140075155],[130.910259590208,-0.814138046833326],[130.9102647640078,-0.814412432687542]]],[[[130.7939145183405,-0.814968397173724],[130.7935722822351,-0.814273518008404],[130.7942349350942,-0.813677769313495],[130.7943565737969,-0.814607403908488],[130.7939145183405,-0.814968397173724]]],[[[130.7733720090111,-0.813361278100436],[130.7724045237498,-0.81313550599871],[130.7723068591743,-0.81299366492569],[130.7733270698884,-0.812815376128631],[130.7733720090111,-0.813361278100436]]],[[[130.9090180653315,-0.813424728868098],[130.9012862528583,-0.821462075214521],[130.8918445980499,-0.819910574713203],[130.8987510568158,-0.814006397777048],[130.9090180653315,-0.813424728868098]]],[[[130.8620795843055,-0.812693871424999],[130.8616907228487,-0.812560219578431],[130.8617109935676,-0.812138129970633],[130.8624170549031,-0.812323107925097],[130.8620795843055,-0.812693871424999]]],[[[130.8144399396516,-0.801650272242219],[130.8154643618908,-0.801913879721708],[130.8147071507146,-0.802914434853255],[130.8134713527209,-0.802008000968415],[130.8144399396516,-0.801650272242219]]],[[[130.5062814120575,-0.797223512355208],[130.5060341020923,-0.79706449782824],[130.5065945487994,-0.796458144327852],[130.5067962253655,-0.796979582042015],[130.5062814120575,-0.797223512355208]]],[[[130.5068406797536,-0.796140292440464],[130.5064907481496,-0.796123038946986],[130.5064910746034,-0.795891698243237],[130.5068476935663,-0.795761747106896],[130.5068406797536,-0.796140292440464]]],[[[130.5061733549165,-0.794891682704948],[130.506560855699,-0.795611924550668],[130.5050234430774,-0.795719318891466],[130.5051545633325,-0.794952779047511],[130.5061733549165,-0.794891682704948]]],[[[130.523837717137,-0.795831440968156],[130.532269344255,-0.802956763244003],[130.5527628872975,-0.796371312086366],[130.5392056991838,-0.827892627142981],[130.5194762201515,-0.827927955210919],[130.5230503480952,-0.823962221079524],[130.5112348715921,-0.817555059618227],[130.5107996302987,-0.801916023705454],[130.523837717137,-0.795831440968156]]],[[[130.7006991479474,-0.790836735826675],[130.7013543112526,-0.791394563708073],[130.7006995949105,-0.791933688388971],[130.7000395617764,-0.791159357718099],[130.7006991479474,-0.790836735826675]]],[[[130.507213348917,-0.790175856430578],[130.5077679311452,-0.794194680240226],[130.502933579621,-0.785675973567271],[130.5053821637559,-0.78933460360904],[130.507213348917,-0.790175856430578]]],[[[130.8107904152455,-0.788114530261355],[130.8098505283793,-0.787971761987174],[130.8091352885627,-0.785311917211187],[130.811405082079,-0.786886345028728],[130.8107904152455,-0.788114530261355]]],[[[130.7570880090045,-0.788530963133363],[130.7552497857491,-0.787229250229673],[130.7559230533063,-0.784758474424033],[130.7583998698582,-0.787280978334406],[130.7570880090045,-0.788530963133363]]],[[[130.7076945559591,-0.785484811874573],[130.7132662643266,-0.792311652760505],[130.7034498206527,-0.794477196865076],[130.7016025331304,-0.791891819551774],[130.7061262066592,-0.782253875116171],[130.7106458521245,-0.778535612828238],[130.7076945559591,-0.785484811874573]]],[[[130.6744332478961,-0.777931995964812],[130.673713652663,-0.777885033367534],[130.6738915043896,-0.777308895289222],[130.6744430756875,-0.777375985613185],[130.6744332478961,-0.777931995964812]]],[[[130.8608705213576,-0.768692488967096],[130.860319951005,-0.767889084113873],[130.861189426351,-0.767346986274367],[130.861307902138,-0.767692203632267],[130.8608705213576,-0.768692488967096]]],[[[129.7885989406887,-0.766986466951794],[129.7982539452634,-0.773374635630899],[129.7988216036341,-0.775281800914376],[129.7805608002407,-0.767448415411989],[129.7885989406887,-0.766986466951794]]],[[[130.7471506973469,-0.778183119055667],[130.749825440292,-0.783237419571206],[130.7331808948825,-0.79907401225581],[130.7166848662136,-0.774903547860431],[130.7273884254355,-0.77206110023951],[130.7366349030785,-0.784980314689745],[130.7490902580091,-0.766392044757039],[130.7471506973469,-0.778183119055667]]],[[[130.871431018227,-0.765787334317983],[130.8711276373307,-0.765668361205909],[130.8710146123346,-0.765317389985468],[130.8716002112808,-0.765591766846521],[130.871431018227,-0.765787334317983]]],[[[130.7536496076433,-0.760434344669283],[130.7536397798521,-0.758452143551549],[130.7546512563505,-0.757855170879365],[130.7544930539113,-0.759889790781168],[130.7536496076433,-0.760434344669283]]],[[[130.1111653682872,-0.760588188094305],[130.1081957996964,-0.758280111338008],[130.1137066320555,-0.753097644840375],[130.113720908793,-0.758727449412236],[130.1111653682872,-0.760588188094305]]],[[[130.7822569996609,-0.756969999665705],[130.7930786380688,-0.756063385017194],[130.7745680003131,-0.778083000230259],[130.7816630001475,-0.777399000163628],[130.7801820001993,-0.786399999760137],[130.7883459998681,-0.776109000030248],[130.7927879996665,-0.781573000193772],[130.7711029997038,-0.800795999935458],[130.7608709999968,-0.770716000442986],[130.7675579999018,-0.779238999580103],[130.7679556414398,-0.761247481985697],[130.7737773082762,-0.763298644017121],[130.7770190000269,-0.752187000329732],[130.7822569996609,-0.756969999665705]]],[[[130.8056854936906,-0.75285379726491],[130.8167498609174,-0.759393749022211],[130.8124844627878,-0.770306063374074],[130.8183025251415,-0.780506568823094],[130.8290062642278,-0.769701706368567],[130.8300359933664,-0.789042961563416],[130.8392947800301,-0.785226659682595],[130.8352697149256,-0.77024259731793],[130.8448335354394,-0.766966126085736],[130.8448046348261,-0.790000622630574],[130.8607530698984,-0.8012851699746],[130.8703676832221,-0.794859042710597],[130.8491584695878,-0.781382915888765],[130.8541481996797,-0.764293626949256],[130.8612276232562,-0.772437874808032],[130.870181801449,-0.764722525324293],[130.8711196252706,-0.77953203197765],[130.8892639232915,-0.765152165639885],[130.8883852460823,-0.782059186282405],[130.896882251215,-0.763041444207227],[130.9061081721545,-0.767805314963235],[130.901910010039,-0.769731289567302],[130.8986858397798,-0.778011815293025],[130.9136169581562,-0.776691213928318],[130.916115391712,-0.783782007633496],[130.9210527740664,-0.774287958322597],[130.9278534707611,-0.782666492164788],[130.9175019133828,-0.79924839529715],[130.8824220862103,-0.793530101932641],[130.8794553459875,-0.80352457629809],[130.8759177637938,-0.797940513044162],[130.8718790703628,-0.806138168941287],[130.8634207360782,-0.805020372791956],[130.8571465879447,-0.815068989941883],[130.8703365495922,-0.815900201832756],[130.8663178588821,-0.823136876365707],[130.8739856666053,-0.83327159640694],[130.8896086918877,-0.826966249892427],[130.8991146392293,-0.834580526370113],[130.8740743811278,-0.848426609100697],[130.8740304267628,-0.834674316666353],[130.8655193103679,-0.83469127608147],[130.8578237882373,-0.855545419385509],[130.8456120623469,-0.842303463434105],[130.8504451889943,-0.860032931174784],[130.816561221823,-0.861197176408515],[130.8213794952676,-0.868202956301348],[130.8011559781659,-0.860322330311261],[130.799333305088,-0.870159542029183],[130.7770736949951,-0.876320124673915],[130.7635895687037,-0.87134500676658],[130.7463423372292,-0.882098758950514],[130.7355038922908,-0.875721803018761],[130.6764575669632,-0.899052418434357],[130.6105583941546,-0.911937199642024],[130.5691676698521,-0.909295997811979],[130.5611012969873,-0.915066191051819],[130.5476573434117,-0.904870200199495],[130.5352722480159,-0.91874245769821],[130.5245527761897,-0.909474456580897],[130.5075019998175,-0.919752999801096],[130.5252319999569,-0.902474999821282],[130.5197770002085,-0.895170526298708],[130.4889991097212,-0.906639356421104],[130.4712959201707,-0.895432095015083],[130.4725237222921,-0.917511113147354],[130.461162533824,-0.913086476559569],[130.4626605822201,-0.898567417652155],[130.4543511738676,-0.897776085298021],[130.4301381526538,-0.911178747401189],[130.4237629288161,-0.90773394106847],[130.4161264651643,-0.920647213697892],[130.4067394909349,-0.915079276187639],[130.3881202087807,-0.923431183802029],[130.4071972521515,-0.909529906080289],[130.4101315358417,-0.895743862988832],[130.4161556130911,-0.903801792118911],[130.4239989118204,-0.900333756297725],[130.4244813900042,-0.889525497103952],[130.45071962601,-0.893965659587506],[130.4571305268524,-0.881726371274974],[130.4384232046672,-0.873144845158416],[130.4331645961692,-0.861747226053547],[130.4520004809375,-0.86351232273543],[130.4574588927138,-0.85253871239164],[130.4486072983882,-0.830695259978212],[130.4528570150393,-0.809839283855831],[130.4637263930587,-0.800254815807103],[130.4622987157133,-0.815264455789924],[130.480253453734,-0.817290342375346],[130.4727159973455,-0.797442293127284],[130.4839851240143,-0.789399713625796],[130.5055710249828,-0.797264165308922],[130.4827339053456,-0.817118675286535],[130.4855650862598,-0.829805342142789],[130.5009175927728,-0.826794861593585],[130.5339344120436,-0.839967424956603],[130.5373846313957,-0.833507188206076],[130.5391810002031,-0.840200000429617],[130.5509475589827,-0.836552897897905],[130.5559989996542,-0.821078999995775],[130.56719999998,-0.821609000155179],[130.5603709998219,-0.812119999638197],[130.5670006868324,-0.793650936641368],[130.5776415192407,-0.799132353075629],[130.5750024146298,-0.810640136433063],[130.5888851834045,-0.808507583957832],[130.587615677022,-0.822062977024698],[130.5787598756677,-0.826492531105385],[130.5856496178356,-0.833294226047679],[130.6086559997747,-0.814720999974108],[130.6143620003062,-0.817399000263633],[130.6369247376865,-0.790758847342923],[130.6357064539898,-0.805121274027501],[130.6496405776506,-0.802180259811072],[130.642683033795,-0.81793229194165],[130.6644395199679,-0.826681704397084],[130.6647916809914,-0.818848519443607],[130.6892411978231,-0.820787465868802],[130.673062175679,-0.810726760031935],[130.6700698011805,-0.798377063750413],[130.7136807034018,-0.810187979791424],[130.7044624338942,-0.827875208174225],[130.7178380138133,-0.830126326368832],[130.723812828899,-0.827005667177685],[130.7211941811665,-0.813651216830083],[130.7371450390124,-0.820593874207878],[130.7561303821115,-0.809234314412047],[130.7699949477087,-0.819108675325067],[130.7740621568431,-0.806377897621838],[130.7983704558319,-0.79402969871161],[130.7931644181035,-0.812228570292264],[130.785752156337,-0.814172365861923],[130.7958341077579,-0.820903730222946],[130.7960597998199,-0.809628231857376],[130.8098963578307,-0.802227378890377],[130.8147972618842,-0.826303998130998],[130.8221300874336,-0.816944806657441],[130.8095727457857,-0.797479023238237],[130.8153349890186,-0.77727190077759],[130.7946642129831,-0.770894568929206],[130.8032980175896,-0.767377112663572],[130.7989282072711,-0.759159067337103],[130.8056854936906,-0.75285379726491]]],[[[130.1306928730777,-0.748037953788463],[130.1254491321718,-0.747599760020881],[130.132845165672,-0.73513375801644],[130.1522298410345,-0.727849434703634],[130.1567603350215,-0.737563980693137],[130.1306928730777,-0.748037953788463]]],[[[130.2345245405752,-0.722505369926798],[130.2357428674394,-0.73306546390002],[130.2173860281428,-0.739699911921379],[130.2165635756486,-0.726784434154196],[130.2345245405752,-0.722505369926798]]],[[[130.781468061302,-0.697470952022774],[130.7814506549239,-0.697271348393949],[130.7818800542212,-0.696908792107001],[130.7817030118846,-0.697356526782203],[130.781468061302,-0.697470952022774]]],[[[130.7080709222354,-0.70219526879656],[130.7092832452256,-0.696087112130497],[130.7125107213927,-0.697210720598187],[130.712325407092,-0.699405962115376],[130.7080709222354,-0.70219526879656]]],[[[130.2603257654218,-0.700961987106011],[130.255018905598,-0.69951358938061],[130.2619607670759,-0.691045410217475],[130.2695760840691,-0.693856613591739],[130.2603257654218,-0.700961987106011]]],[[[130.3129772014368,-0.689189890301092],[130.3127614639704,-0.68655027397593],[130.3147665564316,-0.68559848997827],[130.3155152932962,-0.687095963707732],[130.3129772014368,-0.689189890301092]]],[[[130.2441498243549,-0.696344484610181],[130.2309555045929,-0.699234367871762],[130.2281150318832,-0.696690636363753],[130.2406518537001,-0.685327369562374],[130.2510269436387,-0.690724533010714],[130.2441498243549,-0.696344484610181]]],[[[130.2804468281587,-0.681509214178869],[130.284378328697,-0.687024035031117],[130.2808928118539,-0.691164550603476],[130.2765629269376,-0.686308763738433],[130.2804468281587,-0.681509214178869]]],[[[130.272847955269,-0.679961245315111],[130.2762238546472,-0.681238818616483],[130.27452478619,-0.684663067346561],[130.2691898387401,-0.682945919818303],[130.272847955269,-0.679961245315111]]],[[[130.2983635626284,-0.670113185974655],[130.29417411944,-0.677711210803691],[130.290281321226,-0.676692802330939],[130.2942330421213,-0.670393269933436],[130.2983635626284,-0.670113185974655]]],[[[130.2541543270607,-0.668428903271215],[130.2580681028607,-0.673187719837356],[130.2554209610085,-0.680252885562174],[130.2468217758043,-0.674642193382427],[130.2541543270607,-0.668428903271215]]],[[[130.2989677874335,-0.659980787982908],[130.2987988587804,-0.659943630693929],[130.2987300831269,-0.659369746316754],[130.2989623717161,-0.65947065384753],[130.2989677874335,-0.659980787982908]]],[[[130.3007729039464,-0.660242708334271],[130.3002494220732,-0.659909583260612],[130.3002494220732,-0.659259197154219],[130.3009473967051,-0.659576459086322],[130.3007729039464,-0.660242708334271]]],[[[130.3015977828115,-0.659885788997963],[130.3012646586372,-0.659846130694389],[130.3013804589412,-0.658854689292435],[130.301811934773,-0.659513007419291],[130.3015977828115,-0.659885788997963]]],[[[130.3023582594262,-0.659651967064592],[130.3020917588277,-0.658922266149611],[130.3022123192432,-0.658674802400208],[130.3024344023258,-0.65922049123264],[130.3023582594262,-0.659651967064592]]],[[[130.6001769469087,-0.653907764231823],[130.5945170033571,-0.656560069991199],[130.587841821443,-0.656065141593023],[130.5960144770866,-0.654186954264516],[130.6001769469087,-0.653907764231823]]],[[[130.2773667958409,-0.650768177908992],[130.2777855813396,-0.655082934429865],[130.2724302075881,-0.653674293034159],[130.2763896311766,-0.650006749811618],[130.2773667958409,-0.650768177908992]]],[[[130.5755463533816,-0.650415507869331],[130.5736110582038,-0.647147715094912],[130.5782272117165,-0.646021437439328],[130.5788458724391,-0.648416761024675],[130.5755463533816,-0.650415507869331]]],[[[130.3068969129622,-0.643152723319476],[130.3168200593983,-0.651095690313833],[130.2945410518281,-0.65964286142888],[130.2830319518631,-0.667472262934579],[130.2687686799307,-0.665674283441378],[130.2881746602325,-0.646959762183277],[130.3068969129622,-0.643152723319476]]],[[[130.2854073725523,-0.604270165036061],[130.2852122574397,-0.603837102800034],[130.2854240288959,-0.603746684062203],[130.2855905914327,-0.60393466125557],[130.2854073725523,-0.604270165036061]]],[[[130.2812088138357,-0.603789454919371],[130.2811474243142,-0.603762328668525],[130.2812959023841,-0.603599573861205],[130.2812887635657,-0.603705221718512],[130.2812088138357,-0.603789454919371]]],[[[130.2780302688818,-0.602864593026522],[130.2787208483885,-0.603219166930982],[130.2781011147747,-0.604285524557271],[130.2773579905788,-0.603005511395141],[130.2780302688818,-0.602864593026522]]],[[[130.2860567280356,-0.602846057999143],[130.2859482239315,-0.602815600659381],[130.2859539346265,-0.60274326458998],[130.2860567280356,-0.602739457759663],[130.2860567280356,-0.602846057999143]]],[[[130.30098487775,-0.591762191671721],[130.3008896997999,-0.591695567196629],[130.3009301504062,-0.591531384265911],[130.3010300875685,-0.59159325042806],[130.30098487775,-0.591762191671721]]],[[[130.3162086696945,-0.590126021798445],[130.3160801790571,-0.590187887960594],[130.3160992141075,-0.589959459261616],[130.3161896337447,-0.590030842948932],[130.3162086696945,-0.590126021798445]]],[[[130.314657260924,-0.590283065910738],[130.314600153974,-0.590068914848432],[130.3148095458239,-0.589883317261267],[130.3149142430978,-0.59013078101067],[130.314657260924,-0.590283065910738]]],[[[130.3157327772459,-0.589769103361418],[130.315523385396,-0.589745308199399],[130.3155329029212,-0.589673923612624],[130.3157422947711,-0.589688201249386],[130.3157327772459,-0.589769103361418]]],[[[130.2987961698075,-0.589357218360911],[130.2988152057573,-0.590527912633013],[130.2974256012105,-0.590137680609429],[130.2975588510602,-0.589300111410987],[130.2987961698075,-0.589357218360911]]],[[[130.2985582235832,-0.588786147063017],[130.2985058758455,-0.589024093287163],[130.2982964839956,-0.588895601750552],[130.2983393142081,-0.58881470143726],[130.2985582235832,-0.588786147063017]]],[[[130.2963611888178,-0.590924489373704],[130.2936089449969,-0.591233819285256],[130.295234910263,-0.58800568391513],[130.2959884063399,-0.588941604771234],[130.2963611888178,-0.590924489373704]]],[[[130.3038280700095,-0.587615558011548],[130.3055032102051,-0.590880178877098],[130.302428946139,-0.592555319072721],[130.2994498609225,-0.588691074333594],[130.3038280700095,-0.587615558011548]]],[[[130.3026740311817,-0.585931692593514],[130.3025812319384,-0.585727059056465],[130.3027596916065,-0.585574774156397],[130.3027906246876,-0.585857930199277],[130.3026740311817,-0.585931692593514]]],[[[130.2716687534102,-0.570189578186467],[130.2714434048893,-0.570122921335761],[130.2717643117736,-0.569919426340418],[130.2718472553467,-0.570139510230108],[130.2716687534102,-0.570189578186467]]],[[[130.2698882180668,-0.570120702708168],[130.2697811420861,-0.570116736697981],[130.269844593753,-0.569914482767134],[130.2699873620272,-0.570013627626833],[130.2698882180668,-0.570120702708168]]],[[[130.2704870487383,-0.569307720974502],[130.2705068778902,-0.569430660096851],[130.270415665051,-0.569113398164747],[130.2704830827281,-0.569168918710597],[130.2704870487383,-0.569307720974502]]],[[[130.2743445521594,-0.568886502809798],[130.2742588908352,-0.568886502809798],[130.2742303373602,-0.56873421790973],[130.2743731047351,-0.568710422747712],[130.2743445521594,-0.568886502809798]]],[[[130.2749394168207,-0.568772288909949],[130.2745396672719,-0.568767529697725],[130.2745349080597,-0.568491513372551],[130.2748537563959,-0.568424887998178],[130.2749394168207,-0.568772288909949]]],[[[130.2727193800954,-0.568403075841209],[130.2726579096348,-0.568383246689466],[130.272689635918,-0.568337641169128],[130.2727253282114,-0.568369366552959],[130.2727193800954,-0.568403075841209]]],[[[130.6468764160138,-0.568307530967685],[130.6595405026922,-0.573089359386339],[130.6042598159378,-0.587842733954938],[130.5787574052301,-0.609087890793505],[130.5562428679141,-0.608034623698897],[130.5653585085884,-0.595807820674368],[130.5820928665926,-0.595279262128193],[130.6034917337565,-0.578941612165609],[130.6468764160138,-0.568307530967685]]],[[[130.2726031831905,-0.567082078774897],[130.2724643809266,-0.567086043885714],[130.2724802440681,-0.566792578014999],[130.2725635248868,-0.566887755965142],[130.2726031831905,-0.567082078774897]]],[[[130.2725167286642,-0.566154882241923],[130.2723898244309,-0.566170745383568],[130.2723771340975,-0.566094601584568],[130.2724596217142,-0.566069220917756],[130.2725167286642,-0.566154882241923]]],[[[130.6589212250346,-0.567258245171834],[130.6586257536756,-0.567896166674656],[130.6575889216914,-0.568323744844948],[130.6597807889523,-0.566176739364968],[130.6589212250346,-0.567258245171834]]],[[[130.2721582229237,-0.565761478309559],[130.2720535274484,-0.565796377400821],[130.272040837115,-0.565701197652116],[130.2721106343984,-0.565694852935009],[130.2721582229237,-0.565761478309559]]],[[[130.2730687640124,-0.565828102784652],[130.2730782824368,-0.565993078917407],[130.2726721872718,-0.566145363817474],[130.2726785319887,-0.565663126651897],[130.2730687640124,-0.565828102784652]]],[[[130.2841442963223,-0.565769950822562],[130.2839935960277,-0.565690636013974],[130.2840610137049,-0.565551833750069],[130.2841522274434,-0.565658909730862],[130.2841442963223,-0.565769950822562]]],[[[130.2732781558623,-0.565529876802342],[130.2731671147706,-0.565555258368436],[130.2732115322864,-0.565425181326942],[130.2732781558623,-0.565469597044268],[130.2732781558623,-0.565529876802342]]],[[[130.2727673652217,-0.565434698852199],[130.2726023899884,-0.565571120610711],[130.2724691401388,-0.565431526044049],[130.2727451573631,-0.56539345504383],[130.2727673652217,-0.565434698852199]]],[[[130.2750060421952,-0.565717060793672],[130.274593602313,-0.567804641770733],[130.2741621255817,-0.56825515265311],[130.2747522328293,-0.565082537828834],[130.2750060421952,-0.565717060793672]]],[[[130.2733685763988,-0.565158680728464],[130.273261500418,-0.565166612748927],[130.2733090889434,-0.56505160474776],[130.2733566792674,-0.56510712619289],[130.2733685763988,-0.565158680728464]]],[[[130.2721986744293,-0.565011154141429],[130.2721439470855,-0.565023052172078],[130.2721177732166,-0.56489694024158],[130.2721796393789,-0.564925493716453],[130.2721986744293,-0.565011154141429]]],[[[130.2725817676345,-0.564606646279644],[130.2725317986037,-0.564647096885976],[130.2725151431594,-0.564523364561589],[130.2725722501093,-0.564551918036551],[130.2725817676345,-0.564606646279644]]],[[[130.2736501451382,-0.564706583442012],[130.2735628992085,-0.565182475890483],[130.2731663215685,-0.564512260632258],[130.2733646103885,-0.564425013803296],[130.2736501451382,-0.564706583442012]]],[[[130.272462793623,-0.564375837974554],[130.272274817329,-0.564271141599873],[130.2724508973911,-0.563997503981531],[130.2725008664219,-0.564066508062824],[130.272462793623,-0.564375837974554]]],[[[130.5183112059974,-0.56398232162678],[130.5182848360764,-0.565659764986107],[130.5142911860894,-0.565273577213768],[130.5154517530961,-0.564025668050119],[130.5183112059974,-0.56398232162678]]],[[[130.2719083795681,-0.563987985557082],[130.2718250987493,-0.563985606850251],[130.2718179608303,-0.563857116212921],[130.2718774473864,-0.563885668788513],[130.2719083795681,-0.563987985557082]]],[[[130.2741638450855,-0.563891617803838],[130.2740805642667,-0.563927310097226],[130.2740924613981,-0.563776610701952],[130.2741638450855,-0.563828166136895],[130.2741638450855,-0.563891617803838]]],[[[130.2723842720166,-0.563880909576289],[130.2721487062978,-0.563904704738219],[130.2721130140045,-0.563709588726516],[130.2722986115918,-0.563671517726297],[130.2723842720166,-0.563880909576289]]],[[[130.2739695222757,-0.563729022176565],[130.2738267540015,-0.563621946195861],[130.2739933174377,-0.563189677161782],[130.2741043576301,-0.563685397862804],[130.2739695222757,-0.563729022176565]]],[[[130.2737672683449,-0.563177780030413],[130.2736403632123,-0.563225368555889],[130.273783130587,-0.562840688946567],[130.2738426171432,-0.563118292575096],[130.2737672683449,-0.563177780030413]]],[[[130.2854784459736,-0.5630380002035],[130.285288089174,-0.562942821354076],[130.2854149943066,-0.562650940988066],[130.2856243861565,-0.562809570605152],[130.2854784459736,-0.5630380002035]]],[[[130.2848429706267,-0.565153498834794],[130.2843543887441,-0.566181425732173],[130.2849508398094,-0.561980884010518],[130.2852363763577,-0.563916179188231],[130.2848429706267,-0.565153498834794]]],[[[130.6865328741929,-0.556928894752653],[130.6730857082389,-0.566503025993795],[130.6608529184275,-0.564304691708076],[130.6801409148714,-0.55563704021713],[130.6865328741929,-0.556928894752653]]],[[[130.6957213077922,-0.552800733167283],[130.6952873938982,-0.55242377873437],[130.6969177829294,-0.551478979771039],[130.6964017609325,-0.552649912363526],[130.6957213077922,-0.552800733167283]]],[[[130.2528485141477,-0.545667458186541],[130.252720022611,-0.545724565136554],[130.2527295410356,-0.544896512564],[130.2528485141477,-0.545086870262848],[130.2528485141477,-0.545667458186541]]],[[[130.2519792177668,-0.54537676762372],[130.2734301781603,-0.562717750723587],[130.2737315760514,-0.563851960399633],[130.2744163324478,-0.564941674318822],[130.2714229695945,-0.562885819624872],[130.269784152117,-0.566178681001331],[130.2726306898545,-0.568459442649141],[130.2689306298447,-0.569026441816758],[130.2783395987935,-0.576090267551768],[130.2748211271934,-0.581644813257467],[130.2821749519125,-0.586351550083888],[130.2790390788905,-0.593913523790038],[130.2885572857901,-0.591243022947088],[130.2812093570263,-0.607583789060564],[130.2774657563397,-0.600181975617689],[130.2788570749941,-0.587212767854941],[130.2638269412604,-0.580985726210217],[130.2707003085725,-0.573986577018884],[130.2519792177668,-0.54537676762372]]],[[[130.250735586678,-0.544906985169183],[130.2504875707449,-0.544781179907508],[130.2506187683416,-0.544493625280554],[130.2507463704487,-0.544551136026053],[130.250735586678,-0.544906985169183]]],[[[130.5831954390184,-0.519979447193711],[130.5829455956628,-0.519975481183435],[130.5829099042687,-0.519582869553739],[130.5830923290478,-0.519594767584389],[130.5831954390184,-0.519979447193711]]],[[[130.5879652668837,-0.51976116464594],[130.5883079103818,-0.519615223563699],[130.5873656430101,-0.520367134135904],[130.5873339167269,-0.519323344097058],[130.5879652668837,-0.51976116464594]]],[[[130.5831478495936,-0.519400444774634],[130.5828107603083,-0.518849202628571],[130.5829019722482,-0.518559701868673],[130.5834214881112,-0.518920587215257],[130.5831478495936,-0.519400444774634]]],[[[130.5694040719404,-0.519758204977075],[130.5684205616597,-0.519770896209851],[130.5684078713263,-0.518470123996975],[130.5696325006395,-0.519161753911737],[130.5694040719404,-0.519758204977075]]],[[[130.5790453951289,-0.519689682033134],[130.5786837165803,-0.519289931585012],[130.5784933597808,-0.518057371150674],[130.5791358138667,-0.518718862085768],[130.5790453951289,-0.519689682033134]]],[[[130.5884796916845,-0.517701233325221],[130.588329483319,-0.517654740174025],[130.5883366356274,-0.51747949738086],[130.5885637378263,-0.517547448356018],[130.5884796916845,-0.517701233325221]]],[[[130.568567083704,-0.517850511791698],[130.5681387806802,-0.517755332942185],[130.5683481734295,-0.517377792151377],[130.5686749528868,-0.51744441662647],[130.568567083704,-0.517850511791698]]],[[[130.5700952261138,-0.517423266370612],[130.5698549011828,-0.518449606863827],[130.5690744380349,-0.518214834347111],[130.5689919504182,-0.517396299299724],[130.5700952261138,-0.517423266370612]]],[[[130.5748780428875,-0.517610775916546],[130.5746519937945,-0.517575083623159],[130.5747114803506,-0.517257821691055],[130.5749137351808,-0.51735300143976],[130.5748780428875,-0.517610775916546]]],[[[130.5845112811708,-0.517665024821026],[130.5839679710451,-0.517454838869716],[130.5839441758831,-0.517193098382743],[130.5843129932501,-0.517220858655667],[130.5845112811708,-0.517665024821026]]],[[[130.588379553074,-0.517232725210073],[130.5882364970167,-0.517227359854713],[130.5882525912841,-0.517105763420192],[130.5884403517409,-0.517075362737687],[130.588379553074,-0.517232725210073]]],[[[130.587923561723,-0.517121855888883],[130.5876946716718,-0.51703423494194],[130.5876964604233,-0.516903695648965],[130.587859185553,-0.516905484400512],[130.587923561723,-0.517121855888883]]],[[[130.570605859373,-0.516925377404201],[130.5703869481991,-0.516849235403852],[130.5707343500103,-0.516639841755209],[130.5707343500103,-0.516787369241614],[130.570605859373,-0.516925377404201]]],[[[130.5918766846613,-0.518401803400506],[130.5914164107388,-0.517038224334579],[130.5915063924061,-0.516575693113699],[130.5921325094079,-0.51752439063806],[130.5918766846613,-0.518401803400506]]],[[[130.5837538190835,-0.51691945986512],[130.5834127628888,-0.516875837350009],[130.5833493112218,-0.516582369680554],[130.5837696831243,-0.516566507438279],[130.5837538190835,-0.51691945986512]]],[[[130.5719930852127,-0.516930135717145],[130.5718074867262,-0.51674453812989],[130.5722691024372,-0.516430449905306],[130.5723452453369,-0.51665411939206],[130.5719930852127,-0.516930135717145]]],[[[130.5873352072542,-0.516747157854949],[130.5873757217124,-0.516017909299007],[130.5878271391113,-0.516155460605974],[130.5875608759337,-0.516676415384223],[130.5873352072542,-0.516747157854949]]],[[[130.5832580983826,-0.516447534326206],[130.5830122210373,-0.516419773154],[130.5826116782864,-0.515765421936612],[130.5831510233012,-0.516011299282029],[130.5832580983826,-0.516447534326206]]],[[[130.5872814466815,-0.515654398831414],[130.5872166136558,-0.515696803664481],[130.5869734072971,-0.515654476173102],[130.5871711439333,-0.51539356665973],[130.5872814466815,-0.515654398831414]]],[[[130.5861681381491,-0.515243781874977],[130.5868976816826,-0.515707752910435],[130.5865605762097,-0.516535610330118],[130.5857917619803,-0.516343829903823],[130.5861681381491,-0.515243781874977]]],[[[130.5684476879105,-0.515397763795702],[130.5682731942526,-0.515340655946497],[130.5685270027191,-0.51518519823828],[130.5685396930524,-0.515267685854928],[130.5684476879105,-0.515397763795702]]],[[[130.5880727016939,-0.515993677965801],[130.5877459528135,-0.515791947440361],[130.5880257741701,-0.514951779201203],[130.5884412132914,-0.515205110127662],[130.5880727016939,-0.515993677965801]]],[[[130.5694914779494,-0.515305757754428],[130.5692091151086,-0.515166163187855],[130.5692344957754,-0.514918699438363],[130.5694756148079,-0.514896489781139],[130.5694914779494,-0.515305757754428]]],[[[130.5701704166315,-0.514553848081592],[130.5698341196489,-0.514550675273354],[130.569922952882,-0.514138235391195],[130.5701609000056,-0.514249277382175],[130.5701704166315,-0.514553848081592]]],[[[130.5947174910194,-0.514505793707334],[130.5944135939122,-0.514435003572514],[130.5943650044414,-0.513828286745957],[130.594783488667,-0.514271056264162],[130.5947174910194,-0.514505793707334]]],[[[130.5853730376357,-0.517028458596405],[130.5840855547046,-0.515177937112091],[130.5840550200232,-0.513709006065691],[130.5848783133836,-0.514411739909784],[130.5853730376357,-0.517028458596405]]],[[[130.5876348011052,-0.514642172298332],[130.587021707186,-0.51352653721988],[130.5871190920725,-0.51309699403104],[130.5879039322208,-0.51409120984143],[130.5876348011052,-0.514642172298332]]],[[[130.5608217679103,-0.513001246810044],[130.5606869316566,-0.513056768255174],[130.5605283011402,-0.512945726264194],[130.5606790014348,-0.512755370363996],[130.5608217679103,-0.513001246810044]]],[[[130.5937778919363,-0.512820283429319],[130.5936585653906,-0.512829547345708],[130.5936463031344,-0.512724940003897],[130.5937533818132,-0.512700295881954],[130.5937778919363,-0.512820283429319]]],[[[130.5841010221446,-0.513218836879828],[130.5837060318079,-0.513185524192552],[130.5836346481206,-0.512619212106882],[130.58393921882,-0.512695355006601],[130.5841010221446,-0.513218836879828]]],[[[130.5486519243469,-0.514605808211479],[130.5467808470585,-0.513960582414866],[130.5488906358942,-0.511930109287009],[130.55012795644,-0.513532279391152],[130.5486519243469,-0.514605808211479]]],[[[130.5937648265856,-0.512034874909498],[130.5935343789086,-0.511598905165281],[130.5939408409971,-0.511484354019645],[130.5939923793449,-0.511699628335085],[130.5937648265856,-0.512034874909498]]],[[[130.5630341523043,-0.511714370921437],[130.5628342770802,-0.511819067296029],[130.5626058492805,-0.511428836171815],[130.5630627057793,-0.511409800222021],[130.5630341523043,-0.511714370921437]]],[[[130.5936128186767,-0.511177598867077],[130.5934183708611,-0.511040072741123],[130.5937063427736,-0.510868640375397],[130.5937207768924,-0.510965178100411],[130.5936128186767,-0.511177598867077]]],[[[130.4557654746969,-0.511225628060233],[130.4602229985926,-0.514049254669294],[130.4584463339312,-0.519855140202521],[130.4480242948854,-0.51281193502273],[130.4557654746969,-0.511225628060233]]],[[[130.5938828949796,-0.509672229989347],[130.5938035801712,-0.509684127120716],[130.5937956481507,-0.509640502806954],[130.5938709978483,-0.50961274343331],[130.5938828949796,-0.509672229989347]]],[[[130.6643952490416,-0.514025740995086],[130.6619927947317,-0.514038010445786],[130.6673348845972,-0.509542420046641],[130.6655734535521,-0.513167425336361],[130.6643952490416,-0.514025740995086]]],[[[130.560314150078,-0.512136709641345],[130.558387538754,-0.513494211988233],[130.5545138969989,-0.511321908579168],[130.5598538896454,-0.50938257094886],[130.560314150078,-0.512136709641345]]],[[[130.5936726829481,-0.50802223214024],[130.5936687169378,-0.507901276023029],[130.5938868340103,-0.507905242033216],[130.5938868340103,-0.507944900336879],[130.5936726829481,-0.50802223214024]]],[[[130.5933256777379,-0.506558864300091],[130.5931690302266,-0.506539035148348],[130.5931571330952,-0.506368506601243],[130.5933296437481,-0.506443856298835],[130.5933256777379,-0.506558864300091]]],[[[130.5479683739413,-0.506606356598008],[130.5477621540002,-0.506566699193714],[130.5477859491623,-0.506146328190463],[130.5480556207704,-0.506297026686367],[130.5479683739413,-0.506606356598008]]],[[[130.6660253610816,-0.507352119404716],[130.6656545607096,-0.506950160221622],[130.6663805798,-0.50590631262615],[130.6665613057597,-0.506336316267911],[130.6660253610816,-0.507352119404716]]],[[[130.6644310132806,-0.505649501323349],[130.6643120401686,-0.505349688936965],[130.6648117268797,-0.505254510986822],[130.6647831734047,-0.505387760836465],[130.6644310132806,-0.505649501323349]]],[[[130.5452018542823,-0.505037499181141],[130.545011788863,-0.505069942223971],[130.5449734255832,-0.504828106431956],[130.5452304077572,-0.50481858800733],[130.5452018542823,-0.505037499181141]]],[[[130.6658348945648,-0.504854761437981],[130.6656588154021,-0.504569225789078],[130.6660347697889,-0.504478807051248],[130.6660633232638,-0.504759582588646],[130.6658348945648,-0.504854761437981]]],[[[130.5476828391918,-0.505146953868765],[130.5470800416107,-0.50507557018136],[130.5466755337489,-0.50426655265923],[130.5478097443243,-0.504583814591333],[130.5476828391918,-0.505146953868765]]],[[[130.66548273534,-0.504640610375853],[130.6651734054284,-0.504573985001302],[130.6652067181157,-0.504245619139956],[130.6654256283902,-0.504302726089881],[130.66548273534,-0.504640610375853]]],[[[130.5944207093484,-0.503441823081621],[130.594366053051,-0.503331963699141],[130.594574211031,-0.503254705640169],[130.5945521020979,-0.503400216846542],[130.5944207093484,-0.503441823081621]]],[[[130.5951999476196,-0.503218401807784],[130.5949397926374,-0.503260279638143],[130.5947913145676,-0.503173985191177],[130.5951999476196,-0.502901139875592],[130.5951999476196,-0.503218401807784]]],[[[130.6551989328846,-0.497895607796009],[130.6547427104078,-0.497622917163801],[130.6549695985682,-0.497321882598792],[130.6553756460693,-0.497472788838119],[130.6551989328846,-0.497895607796009]]],[[[130.7246046199074,-0.498293383332873],[130.7222680679171,-0.496791164780388],[130.7222734710439,-0.496391490774586],[130.724151609809,-0.496189832194974],[130.7246046199074,-0.498293383332873]]],[[[130.3848544134005,-0.492150991275222],[130.3865041729294,-0.492404799741644],[130.3873798149266,-0.493686536004725],[130.3839026294029,-0.493267751405549],[130.3848544134005,-0.492150991275222]]],[[[130.3310051047019,-0.491366501862503],[130.3314275594344,-0.491378571663661],[130.3314718159716,-0.491446969601908],[130.3307194449465,-0.491463062969968],[130.3310051047019,-0.491366501862503]]],[[[130.6046476242885,-0.490795975553818],[130.6043644682456,-0.490638932340806],[130.6044263344079,-0.490355776298015],[130.6046975933193,-0.49054137388527],[130.6046476242885,-0.490795975553818]]],[[[130.6037832184208,-0.490373017200943],[130.6036636139846,-0.490348981020608],[130.6037318833199,-0.490022358944644],[130.6038070729381,-0.490087663214991],[130.6037832184208,-0.490373017200943]]],[[[130.6027292759354,-0.49005103292872],[130.6023265334427,-0.490518913317109],[130.6014895766826,-0.490215215859438],[130.6025341599236,-0.489244395912072],[130.6027292759354,-0.49005103292872]]],[[[130.599122727432,-0.489161195133006],[130.5989267058029,-0.488893519120539],[130.599180382069,-0.488698385122335],[130.5992278842596,-0.488951562264697],[130.599122727432,-0.489161195133006]]],[[[130.6010107056797,-0.489147981394192],[130.6006640628963,-0.488939695710291],[130.6010105339091,-0.488420818366],[130.6011162941817,-0.488824767748744],[130.6010107056797,-0.489147981394192]]],[[[130.5921768693671,-0.488747259678204],[130.5914725491188,-0.489028036114883],[130.591391647007,-0.488994724327066],[130.591539173594,-0.48844744819119],[130.5921768693671,-0.488747259678204]]],[[[130.5934665367512,-0.488128599855012],[130.5940233313117,-0.488247572967085],[130.5941423044238,-0.488799608315185],[130.5929573316156,-0.488180947592623],[130.5934665367512,-0.488128599855012]]],[[[130.6020920639976,-0.486963211582905],[130.6018505996255,-0.486869575970131],[130.601812608665,-0.486640551919917],[130.6021851159504,-0.486623116763399],[130.6020920639976,-0.486963211582905]]],[[[130.6015906119173,-0.486466304676172],[130.6014748251032,-0.48643874944865],[130.6014991733482,-0.486294668164325],[130.6016362947793,-0.486362074150362],[130.6015906119173,-0.486466304676172]]],[[[130.3368530362387,-0.488583610045515],[130.3360535371411,-0.487422433298581],[130.3369196607139,-0.486223184652237],[130.3380237314101,-0.487289184348397],[130.3368530362387,-0.488583610045515]]],[[[130.6002859798142,-0.486405892717714],[130.6000814290148,-0.486386986270373],[130.600054459246,-0.486151420551531],[130.600361285445,-0.486197381304068],[130.6002859798142,-0.486405892717714]]],[[[130.5992254102246,-0.486176345262093],[130.5989437281706,-0.486127358290902],[130.5989870098427,-0.485931162193312],[130.599284948042,-0.485963784201251],[130.5992254102246,-0.486176345262093]]],[[[130.602815496638,-0.486142421035909],[130.602580391372,-0.486037425187005],[130.6028624880134,-0.485564812565967],[130.6029601399986,-0.485721934019947],[130.602815496638,-0.486142421035909]]],[[[130.6123664091825,-0.485846193347042],[130.612210950575,-0.486480716311968],[130.6109133511703,-0.486280841087863],[130.6118492729258,-0.48555748488999],[130.6123664091825,-0.485846193347042]]],[[[130.6088860499512,-0.485456755424865],[130.6087908720012,-0.485374266908847],[130.6089383985883,-0.485302883221442],[130.6089574336387,-0.485413924313052],[130.6088860499512,-0.485456755424865]]],[[[130.6024092566819,-0.485008248232058],[130.6021852049832,-0.48495601111094],[130.6022013028479,-0.484802734258752],[130.6024647781271,-0.484826112135275],[130.6024092566819,-0.485008248232058]]],[[[130.6084142728004,-0.484610525755061],[130.6075420617168,-0.485207150389646],[130.6072143352734,-0.485207228630616],[130.607344317886,-0.484601087370232],[130.6084142728004,-0.484610525755061]]],[[[130.6033889403473,-0.484361715720619],[130.6030539123083,-0.484331259280138],[130.6029819215784,-0.484024769427529],[130.6034193967878,-0.484147247197678],[130.6033889403473,-0.484361715720619]]],[[[130.6046943809409,-0.484653396437087],[130.6048642116141,-0.484031716690295],[130.6050479619939,-0.48399932311021],[130.6048597437822,-0.484590963702017],[130.6046943809409,-0.484653396437087]]],[[[130.6060150632446,-0.484338025779232],[130.6059531979818,-0.484124807313949],[130.6061268399817,-0.483973726606182],[130.6061739653564,-0.48411290838393],[130.6060150632446,-0.484338025779232]]],[[[130.6082104279689,-0.483546953329197],[130.6082225292464,-0.48408421011821],[130.6074202269619,-0.483766378915254],[130.607753031877,-0.483508517204248],[130.6082104279689,-0.483546953329197]]],[[[130.6703796661888,-0.48335077881532],[130.6708682480712,-0.48444850389531],[130.6691042746426,-0.485812727775128],[130.6689202625602,-0.485171860093184],[130.6703796661888,-0.48335077881532]]],[[[130.3548140011653,-0.482518363631515],[130.3615272531803,-0.48569097935516],[130.3403489960094,-0.484954385136652],[130.3446953448143,-0.482684511580869],[130.3548140011653,-0.482518363631515]]],[[[130.6052415392656,-0.481794348230549],[130.6048808607632,-0.481530231734764],[130.60503149181,-0.481244402906869],[130.6053507907064,-0.481424723272353],[130.6052415392656,-0.481794348230549]]],[[[130.6010773580338,-0.480674436875697],[130.6008195143093,-0.480601188893706],[130.6008755159924,-0.480403822778166],[130.6012398457424,-0.480454481589002],[130.6010773580338,-0.480674436875697]]],[[[130.6929635268454,-0.478557486738554],[130.6927255806211,-0.478167255614339],[130.6931824371198,-0.478081595189364],[130.6932205090193,-0.478300504564613],[130.6929635268454,-0.478557486738554]]],[[[130.6020847695966,-0.47809792058249],[130.6016771356914,-0.478804170775751],[130.6010391422427,-0.477907452267059],[130.6013580112633,-0.4777834150725],[130.6020847695966,-0.47809792058249]]],[[[130.5717037598207,-0.47838498328028],[130.5740768764467,-0.48077079023974],[130.569064145294,-0.481132467889081],[130.570434713891,-0.47735705638299],[130.5717037598207,-0.47838498328028]]],[[[130.6987394433706,-0.479944610955021],[130.6951371639489,-0.479629433651388],[130.6986920401056,-0.475079894721356],[130.6984552261279,-0.478661112020598],[130.6987394433706,-0.479944610955021]]],[[[130.5897941668673,-0.471493060256448],[130.589541944805,-0.471545407994148],[130.5892944810555,-0.47135505119458],[130.5898322387669,-0.471088550596102],[130.5897941668673,-0.471493060256448]]],[[[130.6952634593413,-0.471019965598865],[130.6957986000254,-0.472876310193529],[130.6886612556125,-0.474410069768874],[130.6918389426132,-0.471330401676687],[130.6952634593413,-0.471019965598865]]],[[[130.5983358170444,-0.470092694422222],[130.5979000991103,-0.469979431105807],[130.5985684365842,-0.468989210983198],[130.5988089108027,-0.469359488849344],[130.5983358170444,-0.470092694422222]]],[[[130.5964359479607,-0.468952139129877],[130.5961421547367,-0.468774126424767],[130.5961345572641,-0.468501321578676],[130.5965187377497,-0.468664166318147],[130.5964359479607,-0.468952139129877]]],[[[130.595324020787,-0.468598800893874],[130.5957066319555,-0.469203389025166],[130.5934061886447,-0.469167004253793],[130.5947666848347,-0.468450510782395],[130.595324020787,-0.468598800893874]]],[[[130.589854967333,-0.468916763397845],[130.5896146495964,-0.46959425507074],[130.5877790469655,-0.468521772162036],[130.5881270090542,-0.468408752561869],[130.589854967333,-0.468916763397845]]],[[[130.5921078221184,-0.469704064990564],[130.5914264777498,-0.469064423084633],[130.5922369971398,-0.468094291118584],[130.5925083387889,-0.469140565984263],[130.5921078221184,-0.469704064990564]]],[[[130.5656535842455,-0.468355714144833],[130.5651776917971,-0.468120939829467],[130.5653680476973,-0.467657738613683],[130.5658693217119,-0.467987690879193],[130.5656535842455,-0.468355714144833]]],[[[130.7842788222099,-0.470842333306967],[130.7809008337066,-0.467143313812793],[130.7833661560234,-0.465687303326304],[130.7867242919926,-0.468666926337471],[130.7842788222099,-0.470842333306967]]],[[[130.4735462190827,-0.462345234644859],[130.4728466571475,-0.462402341594695],[130.472537327236,-0.462002592945312],[130.4732797193836,-0.461969280258037],[130.4735462190827,-0.462345234644859]]],[[[130.4734867316274,-0.460519395053963],[130.4730774645534,-0.460462288104038],[130.4730489119778,-0.460200547617154],[130.4736913660638,-0.460086333717305],[130.4734867316274,-0.460519395053963]]],[[[130.4749568425843,-0.459934047917956],[130.4744531898628,-0.459815074805794],[130.4746534607886,-0.459297541947892],[130.4752899667586,-0.459596957733391],[130.4749568425843,-0.459934047917956]]],[[[130.4705623746539,-0.459729414380908],[130.470276839005,-0.459715137643427],[130.4702578039545,-0.459244004407269],[130.4707765257161,-0.459324905619843],[130.4705623746539,-0.459729414380908]]],[[[130.4766422944065,-0.455190196070612],[130.4761537116245,-0.454961768270914],[130.4765153901732,-0.453990948323549],[130.476978591389,-0.454403388205796],[130.4766422944065,-0.455190196070612]]],[[[130.4853213780792,-0.45462023633476],[130.4846027810935,-0.455562501907883],[130.483803281996,-0.454848664134458],[130.4854974581413,-0.453892120924573],[130.4853213780792,-0.45462023633476]]],[[[130.483282972931,-0.454248247058933],[130.4795424614155,-0.458312366122795],[130.4764110903996,-0.456627708402005],[130.4795139070412,-0.453962711409941],[130.483282972931,-0.454248247058933]]],[[[130.4698747898896,-0.454224484272439],[130.4691895046919,-0.453983365240054],[130.4695384929072,-0.452720664027398],[130.4701983974381,-0.45341229394216],[130.4698747898896,-0.454224484272439]]],[[[130.4611189679661,-0.454633949197339],[130.4598721307942,-0.454177092698574],[130.4615948604145,-0.452616166402889],[130.4617185918396,-0.454215163698793],[130.4611189679661,-0.454633949197339]]],[[[130.4789552571795,-0.452548582351112],[130.4787742911007,-0.452560384154379],[130.4787349511571,-0.452418758019205],[130.4789827962192,-0.452383351710209],[130.4789552571795,-0.452548582351112]]],[[[130.4684724941104,-0.451451618997003],[130.4689674216092,-0.451546796947058],[130.4683075179777,-0.452650866744067],[130.4681615777946,-0.451711773079813],[130.4684724941104,-0.451451618997003]]],[[[130.4733847646952,-0.451834097965234],[130.4729044412871,-0.451741203393821],[130.472991422816,-0.451241713634134],[130.4736406649847,-0.451382391883806],[130.4733847646952,-0.451834097965234]]],[[[130.4800961290332,-0.451447050440981],[130.4799151638538,-0.451372303289135],[130.4799190983877,-0.451140194564273],[130.4802298869997,-0.451183469041874],[130.4800961290332,-0.451447050440981]]],[[[130.6977474371945,-0.450339806037173],[130.697592771789,-0.45034377204736],[130.6975332861323,-0.450169278389437],[130.6977315740529,-0.450181174621525],[130.6977474371945,-0.450339806037173]]],[[[130.4574585635619,-0.450756220922768],[130.4570492973872,-0.450413579223222],[130.457477600411,-0.449871062299659],[130.4579915629602,-0.450185149624962],[130.4574585635619,-0.450756220922768]]],[[[130.4745258433931,-0.451191464014824],[130.4741260938442,-0.450721917182742],[130.4753634125915,-0.44973840690197],[130.4752491986916,-0.450575976999692],[130.4745258433931,-0.451191464014824]]],[[[130.8022441686336,-0.453391508811032],[130.800220317214,-0.451935408392304],[130.8008110719736,-0.44951504138602],[130.8031706313197,-0.451391177360863],[130.8022441686336,-0.453391508811032]]],[[[130.4539559973715,-0.4500138287751],[130.4565448505645,-0.450803810347525],[130.4513385898041,-0.451736559294671],[130.4523379641258,-0.449138187677159],[130.4539559973715,-0.4500138287751]]],[[[130.4735930944458,-0.450138155551352],[130.4730854757142,-0.44930058635291],[130.4747606159098,-0.448761241338127],[130.4749065569921,-0.449586121102621],[130.4735930944458,-0.450138155551352]]],[[[130.4551742810683,-0.44865277770352],[130.4548316393688,-0.448633741753726],[130.4547650139942,-0.448310135104604],[130.4551837985935,-0.448424349004453],[130.4551742810683,-0.44865277770352]]],[[[130.477412921669,-0.449611501769345],[130.4771718044353,-0.449452871252978],[130.4776921117017,-0.448183825323214],[130.477983992967,-0.448691444054885],[130.477412921669,-0.449611501769345]]],[[[130.5495874090318,-0.448029076280834],[130.5491495875834,-0.448022729765077],[130.5489909579664,-0.447902171148298],[130.5496698966484,-0.447806993198155],[130.5495874090318,-0.448029076280834]]],[[[130.4719091498874,-0.448035474057898],[130.4706242408162,-0.44736922480986],[130.4708780501819,-0.446607796712398],[130.4717663816133,-0.446845743836002],[130.4719091498874,-0.448035474057898]]],[[[130.4596769068638,-0.441344286009906],[130.4595449430447,-0.441315090419073],[130.4595369867426,-0.441102549143293],[130.4596055969209,-0.441097217962197],[130.4596769068638,-0.441344286009906]]],[[[130.4603102436228,-0.441136928426447],[130.4603287291876,-0.441208663748752],[130.4599038597754,-0.441333613755182],[130.4600146670434,-0.441131677285059],[130.4603102436228,-0.441136928426447]]],[[[130.6915465622242,-0.439717495166272],[130.6913403422831,-0.439630249236592],[130.6913562054246,-0.439427994406374],[130.6916060478808,-0.439535070387167],[130.6915465622242,-0.439717495166272]]],[[[130.6911014958374,-0.439350911715122],[130.6906509840558,-0.439338221381805],[130.6905780139642,-0.439030476974869],[130.6909333468965,-0.438830602650134],[130.6911014958374,-0.439350911715122]]],[[[130.4749805711965,-0.439083479418992],[130.474790214397,-0.438916916882162],[130.4748933243675,-0.438829670053201],[130.4750678180254,-0.4389407111449],[130.4749805711965,-0.439083479418992]]],[[[130.6869247672643,-0.439033728024077],[130.686746343569,-0.438908472248192],[130.6867597713465,-0.438735759247846],[130.6869819335694,-0.438786505292901],[130.6869247672643,-0.439033728024077]]],[[[130.6841629618513,-0.438911783551957],[130.6837981113938,-0.438880057268756],[130.6837346588275,-0.438546933094377],[130.6840995101843,-0.438634179923428],[130.6841629618513,-0.438911783551957]]],[[[130.6889459575899,-0.438770116048007],[130.6883877933621,-0.438962793997691],[130.6883175158408,-0.438510316298027],[130.6885503476205,-0.438430031121031],[130.6889459575899,-0.438770116048007]]],[[[130.6856302957017,-0.43897523611818],[130.6852178558195,-0.438895920410312],[130.6855668440347,-0.438118630070663],[130.6859554887548,-0.438650043064984],[130.6856302957017,-0.43897523611818]]],[[[130.4537674203303,-0.438300770664027],[130.4534955930473,-0.438282229341416],[130.4534005679819,-0.438183944233542],[130.4537145815628,-0.43801119795839],[130.4537674203303,-0.438300770664027]]],[[[130.4594612107664,-0.438596197056798],[130.4552670461374,-0.441552381037516],[130.4543908438623,-0.441409092055858],[130.4587842469955,-0.438002229019643],[130.4594612107664,-0.438596197056798]]],[[[130.6866282329068,-0.438531789410471],[130.6860680416069,-0.438305732223723],[130.6860526488108,-0.437600343580938],[130.6865823441,-0.437791908169929],[130.6866282329068,-0.438531789410471]]],[[[130.4478334686397,-0.438155861104031],[130.4473979728381,-0.437874321142909],[130.4482107522245,-0.437568634384958],[130.4482213534328,-0.437802430237946],[130.4478334686397,-0.438155861104031]]],[[[130.6836053318207,-0.438048961390416],[130.682983328318,-0.43774703469788],[130.6837838265623,-0.437085176839405],[130.6838768587301,-0.437545446265267],[130.6836053318207,-0.438048961390416]]],[[[130.6872077740196,-0.437713305624568],[130.6880716690723,-0.43723652464587],[130.6869610144393,-0.438139602260781],[130.6866237947523,-0.436881096385447],[130.6872077740196,-0.437713305624568]]],[[[130.4470890710039,-0.437454056259659],[130.4464799287058,-0.437301769560941],[130.4467591187385,-0.436629175595973],[130.4475205468358,-0.436882984961764],[130.4470890710039,-0.437454056259659]]],[[[130.6875762208659,-0.43649301104354],[130.6870772742968,-0.435485495159396],[130.6872039231226,-0.435148220613859],[130.687625143086,-0.435888424710987],[130.6875762208659,-0.43649301104354]]],[[[130.4478251184345,-0.436540343262218],[130.4475839994022,-0.435702773164406],[130.4484088791666,-0.43499210729985],[130.448591751808,-0.435893888991748],[130.4478251184345,-0.436540343262218]]],[[[130.6854684240286,-0.434664711806912],[130.6852912063243,-0.43450467475086],[130.6855153407604,-0.434253590330849],[130.6855479339901,-0.434468236020249],[130.6854684240286,-0.434664711806912]]],[[[130.4656108207828,-0.436020152907693],[130.461835602631,-0.441038333052537],[130.4590487196227,-0.440919325766201],[130.4570167761034,-0.441631744409479],[130.4656108207828,-0.436020152907693]]],[[[130.485541881053,-0.433550522838269],[130.4854020085959,-0.433547891422029],[130.4853149011618,-0.43341241664965],[130.4854864252584,-0.433377843112906],[130.485541881053,-0.433550522838269]]],[[[130.4481043075679,-0.434299208441649],[130.447469784603,-0.434216719925631],[130.4480091296177,-0.433322042877895],[130.448224867084,-0.433512398778094],[130.4481043075679,-0.434299208441649]]],[[[130.4480565202922,-0.43280675742581],[130.4478740946139,-0.432790894284343],[130.4479177189277,-0.432521221776907],[130.4481199728585,-0.432620365737238],[130.4480565202922,-0.43280675742581]]],[[[130.6837475290253,-0.433227561003127],[130.6835608486543,-0.433215865319861],[130.683134822714,-0.432429493626143],[130.6837123961103,-0.432617177640607],[130.6837475290253,-0.433227561003127]]],[[[130.4512077195607,-0.432737753344606],[130.450565266374,-0.432999492932209],[130.4507127920617,-0.432066744884343],[130.451241032248,-0.432261859996766],[130.4512077195607,-0.432737753344606]]],[[[130.6826741216134,-0.432378745782438],[130.6824427890035,-0.432254124927825],[130.6824963769063,-0.431780366570569],[130.6827855521116,-0.431946528909124],[130.6826741216134,-0.432378745782438]]],[[[130.4537174818763,-0.430543386867813],[130.4560243688296,-0.432341201785016],[130.4485667416618,-0.441036809601039],[130.4519795869884,-0.438734227702378],[130.4542933105879,-0.443908025634768],[130.4373417860946,-0.445155915013443],[130.4408533221232,-0.436353238411227],[130.4481582677899,-0.439613099165184],[130.4537174818763,-0.430543386867813]]],[[[130.5701317313943,-0.425547435265885],[130.5698302903358,-0.424721781185225],[130.5705626901162,-0.424695502995023],[130.5706302876578,-0.425029950971448],[130.5701317313943,-0.425547435265885]]],[[[130.5669934167129,-0.42407664442157],[130.5668041049256,-0.424208560576547],[130.566578322032,-0.424040101369519],[130.5668938428766,-0.423851986579818],[130.5669934167129,-0.42407664442157]]],[[[130.5678134851043,-0.42327079341227],[130.5674370927477,-0.423374149797143],[130.567346799915,-0.423020497697715],[130.5676640996186,-0.422929668869079],[130.5678134851043,-0.42327079341227]]],[[[130.5684962971664,-0.423243892891348],[130.5681725268408,-0.423107214826038],[130.5684665619823,-0.422846084978781],[130.5685678993892,-0.422900761960568],[130.5684962971664,-0.423243892891348]]],[[[130.5663058319486,-0.423552817208675],[130.566082495211,-0.422902787233761],[130.5662586202392,-0.422461489905837],[130.5665484591441,-0.422689942886548],[130.5663058319486,-0.423552817208675]]],[[[130.5699489297994,-0.421471872328974],[130.5698350306621,-0.422077320212091],[130.5696798751262,-0.422252604374121],[130.5693915290958,-0.42153890059973],[130.5699489297994,-0.421471872328974]]],[[[130.5724715218433,-0.421611565821037],[130.5723442506867,-0.421563577996656],[130.5724316890712,-0.421299487581253],[130.5725298096031,-0.421443510409672],[130.5724715218433,-0.421611565821037]]],[[[130.5780969197371,-0.421274159974486],[130.5779110964201,-0.421145956220828],[130.5778894686241,-0.421039451309538],[130.5780795871033,-0.421035061718625],[130.5780969197371,-0.421274159974486]]],[[[130.566567855722,-0.422159867184105],[130.5660366513704,-0.421642871221442],[130.5663877188182,-0.420910243912578],[130.5665762293096,-0.421173067183281],[130.566567855722,-0.422159867184105]]],[[[130.5676654971651,-0.421558775617006],[130.5675433197684,-0.42128901317742],[130.567779513214,-0.420824189584648],[130.5678804845968,-0.421208815234555],[130.5676654971651,-0.421558775617006]]],[[[130.5775225533232,-0.420946383168966],[130.5772391499669,-0.420865291300101],[130.5772129491184,-0.420659131613624],[130.5775006881063,-0.420595467706589],[130.5775225533232,-0.420946383168966]]],[[[130.5786495171616,-0.421187055238351],[130.5783950279083,-0.421129722558591],[130.5778508931043,-0.420631038591493],[130.5786581290695,-0.420414581667552],[130.5786495171616,-0.421187055238351]]],[[[130.5764756741131,-0.420644532019468],[130.576299808989,-0.42054195624617],[130.5764720912141,-0.420336706673632],[130.5765951967109,-0.420449901641609],[130.5764756741131,-0.420644532019468]]],[[[130.579993080916,-0.420259461205122],[130.579877693401,-0.420200499853143],[130.5802237804032,-0.419998716267658],[130.5801878758698,-0.420149049638921],[130.579993080916,-0.420259461205122]]],[[[130.5716804763729,-0.421135774995987],[130.5712194281342,-0.420768461295376],[130.5713297030035,-0.419384117782753],[130.5722671077409,-0.420798363753397],[130.5716804763729,-0.421135774995987]]],[[[130.5702404441413,-0.419614143677707],[130.5700855763884,-0.419568205408341],[130.5700956658824,-0.419259155185861],[130.5703977859291,-0.419361254318387],[130.5702404441413,-0.419614143677707]]],[[[130.5672073087703,-0.419595248921548],[130.5662677726396,-0.42042963901652],[130.564768217879,-0.419609640772281],[130.5664955322431,-0.419157431969877],[130.5672073087703,-0.419595248921548]]],[[[130.5814047377385,-0.419951158319234],[130.5810471484073,-0.419863388084776],[130.5810636491681,-0.419181551787132],[130.5815043772253,-0.419248385804297],[130.5814047377385,-0.419951158319234]]],[[[130.5725912638758,-0.419638168166861],[130.5721819527351,-0.419541364242518],[130.5722434177996,-0.419223765963997],[130.572559060952,-0.419156415735936],[130.5725912638758,-0.419638168166861]]],[[[130.6878797672375,-0.41855489789018],[130.6872180658611,-0.419228229299298],[130.6865598340692,-0.4191112967489],[130.6868433570354,-0.418522195842622],[130.6878797672375,-0.41855489789018]]],[[[130.5832825401571,-0.418750198263032],[130.5831135881216,-0.418708774590273],[130.583092924399,-0.418385408060098],[130.5833401696132,-0.418439258564865],[130.5832825401571,-0.418750198263032]]],[[[130.574385225198,-0.418084953557665],[130.5742681370649,-0.418552011965703],[130.5738399608456,-0.418502221899944],[130.5740066438916,-0.418107702808149],[130.574385225198,-0.418084953557665]]],[[[130.6098755272338,-0.418566782430998],[130.6095390863599,-0.418420181246384],[130.6098249367715,-0.417974493428089],[130.6100660773876,-0.418183154129251],[130.6098755272338,-0.418566782430998]]],[[[130.5787642832452,-0.418371934417186],[130.5784849124489,-0.418371991074443],[130.5783112227848,-0.417690635014781],[130.5785779257307,-0.417822603330434],[130.5787642832452,-0.418371934417186]]],[[[130.570095804378,-0.418331242792627],[130.5697215533071,-0.417814144307263],[130.5698906699185,-0.417503145253908],[130.5703755232119,-0.417954762302378],[130.570095804378,-0.418331242792627]]],[[[130.308618568792,-0.420388379919759],[130.3096854327366,-0.417661951138085],[130.3102781354277,-0.417503897087171],[130.3108840086901,-0.419137119882132],[130.308618568792,-0.420388379919759]]],[[[130.6064330267628,-0.417820925195469],[130.6059029177855,-0.417614990339457],[130.6060233010346,-0.417196810983958],[130.606511231808,-0.417311854958127],[130.6064330267628,-0.417820925195469]]],[[[130.5743668619412,-0.417267762996756],[130.5746562727688,-0.417610178067187],[130.5736634266259,-0.417564714639765],[130.5740252751464,-0.417177141012173],[130.5743668619412,-0.417267762996756]]],[[[130.6178418945879,-0.41726753007241],[130.6176852470766,-0.417285376219104],[130.6176812810664,-0.417152522970524],[130.6177685278953,-0.417140625839155],[130.6178418945879,-0.41726753007241]]],[[[130.5784829123565,-0.417579649681057],[130.5783146069337,-0.41736149213907],[130.5784566431596,-0.417079322652539],[130.5786249467839,-0.417331340568852],[130.5784829123565,-0.417579649681057]]],[[[130.6179350904322,-0.417213991632329],[130.6178597407345,-0.417164254626615],[130.6179212102957,-0.417053379010193],[130.6179945769882,-0.417124762697599],[130.6179350904322,-0.417213991632329]]],[[[130.5678644721677,-0.417575207030188],[130.567355186093,-0.418863178292986],[130.5661431445906,-0.41722545439116],[130.5665656451885,-0.417006561203761],[130.5678644721677,-0.417575207030188]]],[[[130.6073786809814,-0.417401236777584],[130.6069636438572,-0.417342429209702],[130.6068677698318,-0.41688742261641],[130.6072242880705,-0.416983711229227],[130.6073786809814,-0.417401236777584]]],[[[130.6082137437693,-0.417446618366649],[130.6079237546776,-0.417159927988189],[130.6082676824077,-0.416833551427212],[130.60847412628,-0.417125205164018],[130.6082137437693,-0.417446618366649]]],[[[130.6829818489332,-0.41708943013308],[130.6827713032532,-0.417089475099155],[130.6826434133629,-0.41684488828089],[130.6829717810229,-0.416887683419789],[130.6829818489332,-0.41708943013308]]],[[[130.5702406617772,-0.417320695293791],[130.5699886978202,-0.417135934075999],[130.5704032556058,-0.416734527975995],[130.5705765531654,-0.417204458818679],[130.5702406617772,-0.417320695293791]]],[[[130.5655169286634,-0.417023465760272],[130.5652093452352,-0.416960229031263],[130.565293123379,-0.416443289725946],[130.5657230595717,-0.416580346405818],[130.5655169286634,-0.417023465760272]]],[[[130.6149538243596,-0.417879845178673],[130.6145826282857,-0.417394435204946],[130.6152679125842,-0.416138078709308],[130.6155153772329,-0.41741347025537],[130.6149538243596,-0.417879845178673]]],[[[130.6920493992605,-0.416478936153888],[130.6919048889995,-0.416267976785692],[130.6922637086033,-0.416150680009844],[130.6922171551976,-0.416385129669974],[130.6920493992605,-0.416478936153888]]],[[[130.5680421161508,-0.417226817763419],[130.5678228812211,-0.417096395382346],[130.5682703613882,-0.416083659832969],[130.5684217712478,-0.416723521173504],[130.5680421161508,-0.417226817763419]]],[[[130.6041825596775,-0.416586601190685],[130.6039329420516,-0.416297740748098],[130.6042678927491,-0.415960611892688],[130.6043533948933,-0.416125678856963],[130.6041825596775,-0.416586601190685]]],[[[130.6046713277196,-0.416129060307904],[130.604500395377,-0.41614973302371],[130.6044798485662,-0.415964005934091],[130.6046610340796,-0.4159570856509],[130.6046713277196,-0.416129060307904]]],[[[130.6113227909142,-0.41626631303984],[130.6112928273022,-0.415890462974458],[130.6117769566413,-0.415737017948972],[130.6118308251325,-0.416067752624619],[130.6113227909142,-0.41626631303984]]],[[[130.5673309268808,-0.416212379797434],[130.5662032237998,-0.416303378598018],[130.5659550369954,-0.41586093823163],[130.567206774573,-0.415718860636874],[130.5673309268808,-0.416212379797434]]],[[[130.6080960171176,-0.415942408715145],[130.6077196130697,-0.415952453243021],[130.6081008752552,-0.415488965143565],[130.6082891204466,-0.415653359414916],[130.6080960171176,-0.415942408715145]]],[[[130.5709713807247,-0.416477740055557],[130.5706294342012,-0.416226116941656],[130.5707126691544,-0.415416492377199],[130.5710212292464,-0.415517105829702],[130.5709713807247,-0.416477740055557]]],[[[129.8677608051171,-0.415171606983991],[129.867735423551,-0.415133535983861],[129.8678623286836,-0.41511608643823],[129.8678321888046,-0.415147812721342],[129.8677608051171,-0.415171606983991]]],[[[130.6024947318465,-0.415100416650896],[130.6027385470464,-0.415123727078351],[130.602746336974,-0.415353455297732],[130.6024173892511,-0.415392456196864],[130.6024947318465,-0.415100416650896]]],[[[130.6103075372631,-0.415972587265026],[130.6095860993191,-0.416778593856984],[130.6091053757126,-0.414724928112856],[130.6099151486652,-0.415125788324458],[130.6103075372631,-0.415972587265026]]],[[[130.6020129137651,-0.415370181788413],[130.6014915129231,-0.415136679114417],[130.6012416992451,-0.414722391125435],[130.6020171064044,-0.414418092021299],[130.6020129137651,-0.415370181788413]]],[[[130.5668136890006,-0.414720882063049],[130.566231356392,-0.41463537002622],[130.5659625229522,-0.414279401273257],[130.5663342999881,-0.414229757797083],[130.5668136890006,-0.414720882063049]]],[[[130.6011894090641,-0.414247640815882],[130.601114968581,-0.414053051806798],[130.6012389644068,-0.414033067971678],[130.6012588079477,-0.414077965725459],[130.6011894090641,-0.414247640815882]]],[[[130.6120016189796,-0.41412922708213],[130.6115637984307,-0.413907143100081],[130.611722428947,-0.413507393551329],[130.6120777618793,-0.413767547634139],[130.6120016189796,-0.41412922708213]]],[[[130.6010703271339,-0.414033102145853],[130.6008173181648,-0.413723775831512],[130.6009809219321,-0.413399396664785],[130.6011396648637,-0.41351413037283],[130.6010703271339,-0.414033102145853]]],[[[130.5693403918457,-0.414331028653939],[130.5681111463124,-0.414817827180938],[130.567920963082,-0.41298534519745],[130.5688053527849,-0.413261920900856],[130.5693403918457,-0.414331028653939]]],[[[130.5987859232319,-0.412992078421651],[130.5998718905754,-0.413097587783431],[130.5999520219683,-0.413404698168199],[130.598595249871,-0.413627132885866],[130.598157739588,-0.412603287111926],[130.5987859232319,-0.412992078421651]]],[[[130.6100664110361,-0.412592682306448],[130.609742804387,-0.412484814022898],[130.6098189472866,-0.412189759949369],[130.6099807497119,-0.412215140616182],[130.6100664110361,-0.412592682306448]]],[[[130.5682637558677,-0.412421399228149],[130.5682799526578,-0.412098339366798],[130.5686742091475,-0.412061451874449],[130.5686823606025,-0.412175955355989],[130.5682637558677,-0.412421399228149]]],[[[130.5982278957009,-0.412402329104181],[130.5980814635887,-0.412392202737946],[130.598025828829,-0.411940071277231],[130.5982732862832,-0.412112748304663],[130.5982278957009,-0.412402329104181]]],[[[130.6100473750863,-0.412056510999184],[130.6097745297708,-0.411799528825155],[130.610326565119,-0.411628207975381],[130.6103360826442,-0.411682142117156],[130.6100473750863,-0.412056510999184]]],[[[130.2872258592861,-0.41164964691365],[130.2868259181816,-0.411464674355225],[130.2869558989956,-0.410789771830514],[130.2874808215826,-0.410904756449318],[130.2872258592861,-0.41164964691365]]],[[[130.6979279787932,-0.410473222161459],[130.6982928787135,-0.411838900245057],[130.6961053272991,-0.412516605057236],[130.6959254152258,-0.410558304322242],[130.6979279787932,-0.410473222161459]]],[[[130.6474616390435,-0.409888029708741],[130.6472646245628,-0.409790644822364],[130.6475016480827,-0.409572239966829],[130.6475851420408,-0.409679723340497],[130.6474616390435,-0.409888029708741]]],[[[130.6463141796557,-0.409701391605902],[130.6462121200933,-0.409693807623038],[130.6461516083101,-0.409556919116463],[130.6463292666824,-0.409541671111205],[130.6463141796557,-0.409701391605902]]],[[[130.6913793269943,-0.409384200720256],[130.6901672594115,-0.418271354239577],[130.6813948342043,-0.416116414041293],[130.6846895742645,-0.410477832985537],[130.6913793269943,-0.409384200720256]]],[[[130.7014600949075,-0.410737823391807],[130.700583754137,-0.41138975183557],[130.6993704832613,-0.410455170069993],[130.7015564572647,-0.408958977874432],[130.7014600949075,-0.410737823391807]]],[[[130.6475538780091,-0.409095497659065],[130.6473983438585,-0.409015188200337],[130.647528607959,-0.408871386605172],[130.6475916819106,-0.408977083025855],[130.6475538780091,-0.409095497659065]]],[[[130.5678131388653,-0.410107547025598],[130.5669536253097,-0.410018625658973],[130.5683546053808,-0.408713396406116],[130.5684275817675,-0.408964937681658],[130.5678131388653,-0.410107547025598]]],[[[129.8774836473525,-0.40849170722648],[129.8773763069711,-0.408436896245659],[129.8773682598374,-0.40812086728417],[129.8775147719892,-0.408200434802167],[129.8774836473525,-0.40849170722648]]],[[[130.6415530518319,-0.407420990586241],[130.6418488172692,-0.407509855295521],[130.6418692723491,-0.407821077380779],[130.6413049486645,-0.407626249152029],[130.6415530518319,-0.407420990586241]]],[[[130.5703935150488,-0.407627109803224],[130.5698633736958,-0.408261525748779],[130.5681847513252,-0.407589731280991],[130.5700886098016,-0.407102073002166],[130.5703935150488,-0.407627109803224]]],[[[130.6102638778757,-0.40786806156177],[130.6101186607476,-0.407188574293185],[130.6104588320095,-0.407037511571831],[130.6105339352929,-0.407364662449153],[130.6102638778757,-0.40786806156177]]],[[[130.6029062220446,-0.407433196184995],[130.6030982416906,-0.407975276038089],[130.6007361804305,-0.407738106828129],[130.6018579839589,-0.406950705410638],[130.6029062220446,-0.407433196184995]]],[[[130.6094233454111,-0.407636693878269],[130.6090881096286,-0.407450524322231],[130.6092180175976,-0.406584752384356],[130.6095433806225,-0.407455460700914],[130.6094233454111,-0.407636693878269]]],[[[130.5707224241006,-0.40716626481119],[130.5702185591392,-0.40686757208073],[130.5706586333893,-0.406381946269699],[130.5708231355793,-0.40691546727494],[130.5707224241006,-0.40716626481119]]],[[[130.6375392750176,-0.406712967829106],[130.637284726409,-0.406629510743331],[130.637489365342,-0.406184108909427],[130.6376609496931,-0.406429020382928],[130.6375392750176,-0.406712967829106]]],[[[130.6348468639917,-0.404578284859872],[130.634588075979,-0.404458183997905],[130.6347870779614,-0.404207817236893],[130.6348617333823,-0.404272888582893],[130.6348468639917,-0.404578284859872]]],[[[130.6240355686866,-0.404097413764573],[130.6238690061498,-0.404041893218723],[130.623932458716,-0.403914988086187],[130.6240395337975,-0.403899124944543],[130.6240355686866,-0.404097413764573]]],[[[130.5719076298332,-0.404206648118224],[130.5717787093201,-0.404121118095071],[130.5718529411604,-0.403893415148973],[130.5719676802643,-0.404039017186866],[130.5719076298332,-0.404206648118224]]],[[[130.6329864949308,-0.404659024194556],[130.632639978952,-0.404330748265361],[130.6328959143151,-0.403613366263825],[130.6332073261573,-0.404184135389476],[130.6329864949308,-0.404659024194556]]],[[[130.6246020021807,-0.404889929626487],[130.6242271737451,-0.404266925178456],[130.624893171183,-0.403538995028521],[130.6252732282769,-0.404261477984827],[130.6246020021807,-0.404889929626487]]],[[[130.6272173835755,-0.403837919784136],[130.6270309927861,-0.403605922575226],[130.6270884963371,-0.403455224079233],[130.6272312637119,-0.403542470008913],[130.6272173835755,-0.403837919784136]]],[[[130.5702715642813,-0.406367127241117],[130.5702328457693,-0.404788343107468],[130.5713280590428,-0.403475455227989],[130.5709817427133,-0.40567353860286],[130.5702715642813,-0.406367127241117]]],[[[130.6251664940386,-0.403068353721528],[130.6246974661152,-0.402615524386876],[130.6247649593355,-0.402441889581498],[130.625218936205,-0.402649386559942],[130.6251664940386,-0.403068353721528]]],[[[130.5718182462151,-0.402889843691304],[130.5717010663512,-0.402522042558198],[130.5719666793188,-0.402407044449474],[130.5720352634168,-0.402565081413345],[130.5718182462151,-0.402889843691304]]],[[[130.6239897922951,-0.40237202484901],[130.623833485627,-0.402117187558096],[130.6242453958084,-0.401924176859206],[130.6242288572759,-0.40209805358227],[130.6239897922951,-0.40237202484901]]],[[[130.6236796044302,-0.402129128756259],[130.623518608697,-0.402107727589465],[130.6234948962725,-0.401940995080777],[130.6236985045824,-0.40195048562637],[130.6236796044302,-0.402129128756259]]],[[[130.6229095248547,-0.401754713109506],[130.6224463227396,-0.401754713109506],[130.6221861686569,-0.401316892560446],[130.6226684067217,-0.401126535760968],[130.6229095248547,-0.401754713109506]]],[[[130.2297052733798,-0.403174437750023],[130.2274685803108,-0.403897793947985],[130.2239374588468,-0.403079258900599],[130.2281728996596,-0.400852084256245],[130.2297052733798,-0.403174437750023]]],[[[130.5717013361478,-0.400724591866355],[130.5712084716937,-0.400592466169305],[130.5715739112071,-0.400150275814573],[130.5718326821326,-0.4003361602855],[130.5717013361478,-0.400724591866355]]],[[[130.5744180747345,-0.400373218649078],[130.5742535275783,-0.40030109032301],[130.5746246508071,-0.399613403935442],[130.5749073778733,-0.399927442697281],[130.5744180747345,-0.400373218649078]]],[[[130.6051114235535,-0.39976376698421],[130.6048766510366,-0.399722523175841],[130.6047592643287,-0.399605137367123],[130.6051717042109,-0.399560719851324],[130.6051114235535,-0.39976376698421]]],[[[130.6045752531456,-0.399497268184382],[130.6044071042046,-0.399484576951606],[130.60439758578,-0.399294220152127],[130.6045149733874,-0.399329119243388],[130.6045752531456,-0.399497268184382]]],[[[130.5757851179889,-0.399140981071325],[130.5756281790973,-0.399014713558168],[130.5760099089302,-0.398551577093523],[130.5761407126239,-0.398806759724193],[130.5757851179889,-0.399140981071325]]],[[[130.576740159331,-0.398485814168994],[130.57654593095,-0.398465982319143],[130.5765886721295,-0.398214264776511],[130.5768717787097,-0.398214209917816],[130.576740159331,-0.398485814168994]]],[[[130.6207569363836,-0.398375866652925],[130.6202850090461,-0.398296551844338],[130.6202413856315,-0.397951529639309],[130.6206617566348,-0.397991187942884],[130.6207569363836,-0.398375866652925]]],[[[130.5744830462556,-0.398353548177679],[130.5740887241154,-0.39826503870051],[130.5740809782547,-0.397829812695674],[130.5744944478605,-0.397937582053734],[130.5744830462556,-0.398353548177679]]],[[[129.8900167073053,-0.397806049009899],[129.9127166533509,-0.400166100285285],[129.92423701013,-0.414136061030293],[129.9148682741515,-0.430368043350507],[129.9190937109061,-0.442598574964206],[129.9026421797928,-0.439646654669337],[129.9068135771849,-0.466524849142472],[129.8979298356934,-0.472511428259706],[129.9006699647472,-0.47973186013717],[129.874414835876,-0.497997187120427],[129.8644655155712,-0.492299170770119],[129.8456216484204,-0.43926902484557],[129.8600977781899,-0.411048685748197],[129.8675710193872,-0.415478082447487],[129.8900167073053,-0.397806049009899]]],[[[130.5750504932858,-0.397467942591481],[130.5747713032531,-0.397398146207431],[130.5748474461528,-0.39710626494214],[130.5751076002356,-0.397245860408082],[130.5750504932858,-0.397467942591481]]],[[[130.2536138327123,-0.396550652990227],[130.2533362290837,-0.396542720969764],[130.2533124339218,-0.396233391058123],[130.2536217638334,-0.396265117341235],[130.2536138327123,-0.396550652990227]]],[[[130.6144819401894,-0.396551716888174],[130.6201549032263,-0.3960684356098],[130.6228490751248,-0.398660189116454],[130.6195111334321,-0.407340035414252],[130.6251016286373,-0.406742754274683],[130.6220008228798,-0.410817776718966],[130.6283684726271,-0.403430087128756],[130.6274119357123,-0.40768886444951],[130.6498235537141,-0.410381732330992],[130.6663414808747,-0.421807071239291],[130.6664195060554,-0.434728426975253],[130.680165968185,-0.430776190768503],[130.6816321688895,-0.43875841676744],[130.6959747754156,-0.441522412928988],[130.6904616830603,-0.462430369865599],[130.6506555651022,-0.498654675173141],[130.6518655921234,-0.499912315001241],[130.6486038032229,-0.502663976061582],[130.6485727478342,-0.50427744974442],[130.6493928962652,-0.506572210239289],[130.6520652380204,-0.508820466791063],[130.6489889576743,-0.502964140982234],[130.6650033013614,-0.49223629197124],[130.6601381570503,-0.490223248603952],[130.675662229928,-0.489420342874494],[130.6553749877655,-0.513809837154236],[130.5778476654375,-0.535482627920894],[130.5698427864155,-0.518724258018002],[130.5954997986769,-0.524448474317543],[130.5925428071049,-0.518776479850638],[130.5969089122165,-0.521380321144862],[130.5940652019476,-0.504493927352792],[130.601627045252,-0.500986971571463],[130.5926040716207,-0.489787250980791],[130.6050005344472,-0.491843260358118],[130.6039509725593,-0.484234708964573],[130.6074450860219,-0.486828085747495],[130.6066062541754,-0.4855879224446],[130.6067509389048,-0.484468255705364],[130.607362852014,-0.485543119119638],[130.6086678474433,-0.485527630995344],[130.6094427204052,-0.487128771375625],[130.6098986470051,-0.484072455979037],[130.6102220369175,-0.486249055449475],[130.6135092001895,-0.488309278150625],[130.6152345756152,-0.481601672978796],[130.6007263562365,-0.476719819264185],[130.6020731620468,-0.467601307953982],[130.5748558566126,-0.462599865091631],[130.563933995058,-0.467192463561242],[130.5667303982893,-0.490701960427112],[130.5497532727953,-0.498075515372667],[130.552216296445,-0.504470426269135],[130.5496983529966,-0.501785892404952],[130.5448111213362,-0.504628986638325],[130.5457100755595,-0.511769908554419],[130.5313845138843,-0.502089242724304],[130.5271310236778,-0.509872195145602],[130.5120138301742,-0.506214829550691],[130.4681595965882,-0.519787092100524],[130.4564030157866,-0.509344270621595],[130.4982652897114,-0.497751990561904],[130.5135264556814,-0.486091594051777],[130.4688064744393,-0.483991462136204],[130.4618071013167,-0.456049009953821],[130.474610571221,-0.46356754100916],[130.4925495045562,-0.453245860008414],[130.4759204859418,-0.451376273795992],[130.4797200667277,-0.448107693215396],[130.4703508720951,-0.445351864696766],[130.4765355637653,-0.438982366842724],[130.492492090038,-0.430015343633164],[130.5097806741388,-0.437834113353544],[130.5082205167634,-0.448402857006228],[130.5240243768236,-0.467934281941476],[130.5623219252168,-0.447530027189005],[130.552874634357,-0.432094009630804],[130.558994477713,-0.43085904620799],[130.5656375862058,-0.425167826034281],[130.595487439294,-0.412734671767614],[130.602229797867,-0.421289524891646],[130.6199207188662,-0.419608404204455],[130.6110122999777,-0.419017721390682],[130.6163509418426,-0.413935265799806],[130.6054678851349,-0.40094099483097],[130.6144819401894,-0.396551716888174]]],[[[130.6147691368863,-0.396002858844804],[130.6144864143166,-0.395640976150061],[130.6149232078398,-0.39543407092564],[130.614969511234,-0.395723613054225],[130.6147691368863,-0.396002858844804]]],[[[131.2652920859611,-0.395656734070984],[131.2650670566994,-0.395254055430241],[131.2659887628712,-0.394527974286499],[131.2659213532879,-0.395100778578053],[131.2652920859611,-0.395656734070984]]],[[[131.263533529149,-0.394847033064119],[131.2569713848217,-0.398733966799083],[131.2503986770573,-0.396310361334054],[131.2535769153425,-0.394714163627688],[131.263533529149,-0.394847033064119]]],[[[130.5799080086477,-0.394063696582306],[130.5798438492143,-0.394059220656453],[130.5798602618416,-0.393974170871195],[130.5799259141498,-0.393966710994833],[130.5799080086477,-0.394063696582306]]],[[[130.5798886111706,-0.393583243671694],[130.5798453411896,-0.393586227622292],[130.5798244517371,-0.393501178736313],[130.5799229301992,-0.393502670711657],[130.5798886111706,-0.393583243671694]]],[[[130.2563581436136,-0.39340183332788],[130.2581427402953,-0.396629967798726],[130.2526223913104,-0.393528736661855],[130.2532013928301,-0.392695925776268],[130.2563581436136,-0.39340183332788]]],[[[130.5798799713837,-0.393358720728346],[130.5794133095767,-0.393198037059753],[130.5796177083906,-0.392361949044664],[130.5801482706263,-0.392439019145366],[130.5798799713837,-0.393358720728346]]],[[[130.2797558178768,-0.394097396877305],[130.2781948915811,-0.394401967576721],[130.2768116317515,-0.391736970584658],[130.2795527707439,-0.391889257283376],[130.2797558178768,-0.394097396877305]]],[[[130.2698265920237,-0.383992618864218],[130.2685575460939,-0.38849773218457],[130.2614635786813,-0.38614999712461],[130.2644204560392,-0.383776881397926],[130.2698265920237,-0.383992618864218]]],[[[130.589324300776,-0.382384007815675],[130.5889953584491,-0.382163464372345],[130.5893065085886,-0.381821820920239],[130.5896000697875,-0.381964098164536],[130.589324300776,-0.382384007815675]]],[[[130.703272177569,-0.379423551155947],[130.7030754481734,-0.379402383812957],[130.7030034097797,-0.379245125661923],[130.7032598451658,-0.379239766601883],[130.703272177569,-0.379423551155947]]],[[[130.5915223805534,-0.378894664357235],[130.5913426339555,-0.378909367373373],[130.5914106101117,-0.37870406923737],[130.5915854958741,-0.378733365552344],[130.5915223805534,-0.378894664357235]]],[[[130.5894008519678,-0.372593763191523],[130.5888995788526,-0.372397060775745],[130.5895975552831,-0.371781573760613],[130.5897371498496,-0.372105181309015],[130.5894008519678,-0.372593763191523]]],[[[130.588759984286,-0.372384371341619],[130.5880302833709,-0.371946549893279],[130.5883158181206,-0.371534110011121],[130.5886648063358,-0.371654668627988],[130.588759984286,-0.372384371341619]]],[[[130.5882269848875,-0.371477003061196],[130.5878018546719,-0.371381825111053],[130.587827236238,-0.371051872845632],[130.5882206401705,-0.371032836895838],[130.5882269848875,-0.371477003061196]]],[[[130.5881952586044,-0.370753646863234],[130.587973176421,-0.370417349880794],[130.5882904365544,-0.370087397615196],[130.5883856163031,-0.370455420880925],[130.5881952586044,-0.370753646863234]]],[[[130.5885315555869,-0.369909731149123],[130.5881889138873,-0.369865315431886],[130.5882016042207,-0.369586125399371],[130.5885886634361,-0.3695924701163],[130.5885315555869,-0.369909731149123]]],[[[130.2781790680096,-0.37479871199089],[130.2727221706917,-0.371435741266415],[130.2794481139393,-0.367983936409447],[130.2822273248312,-0.370890050635333],[130.2781790680096,-0.37479871199089]]],[[[130.5881467950386,-0.367909025580973],[130.5885085536268,-0.36808856173767],[130.5879167007952,-0.36841478811194],[130.5879307248232,-0.36801305106138],[130.5881467950386,-0.367909025580973]]],[[[130.562233595604,-0.36808330070375],[130.5618432133936,-0.368174714091721],[130.5616797337328,-0.367836780343092],[130.5621972099335,-0.36770880771522],[130.562233595604,-0.36808330070375]]],[[[130.5634411099194,-0.368220102875386],[130.5627873423621,-0.367717837807893],[130.5638131513559,-0.36711479920857],[130.5639221473892,-0.367416204294349],[130.5634411099194,-0.368220102875386]]],[[[130.4220892886898,-0.368484904654556],[130.4213754500171,-0.36780913788135],[130.4222320560646,-0.367104817633182],[130.4228316799381,-0.367875763255812],[130.4220892886898,-0.368484904654556]]],[[[130.4306873947076,-0.367518013845183],[130.4265761916379,-0.370627148224292],[130.4249952257492,-0.369668299152595],[130.426000325155,-0.367170727147295],[130.4306873947076,-0.367518013845183]]],[[[131.209985535604,-0.366632112382062],[131.2104366337437,-0.367280183633481],[131.2102282410405,-0.367460164954617],[131.2097000008545,-0.367160352568233],[131.209985535604,-0.366632112382062]]],[[[130.5885553966143,-0.36703747370044],[130.5879596452215,-0.366650785005687],[130.5888466573474,-0.365605009263772],[130.5889017543126,-0.366633615149128],[130.5885553966143,-0.36703747370044]]],[[[130.5663530832283,-0.36578508681229],[130.5659688433875,-0.365707168650856],[130.5659620598013,-0.365496926042288],[130.5663294319578,-0.365490078604205],[130.5663530832283,-0.36578508681229]]],[[[130.5639545526606,-0.365978468931141],[130.5637432560465,-0.365750409853474],[130.563861685968,-0.365278639897307],[130.5642121373803,-0.365657011661716],[130.5639545526606,-0.365978468931141]]],[[[130.2965293656378,-0.365114623341148],[130.3065416267947,-0.369960722709164],[130.2924755851802,-0.369693890260761],[130.2920207251763,-0.376502956046545],[130.28694269425,-0.367343881714691],[130.2965293656378,-0.365114623341148]]],[[[130.5629010517422,-0.3657770019071],[130.5623866467264,-0.365328323842975],[130.5633241962547,-0.364897705065006],[130.5632833049806,-0.365323580818513],[130.5629010517422,-0.3657770019071]]],[[[130.5689801719974,-0.36477442240164],[130.5685724841329,-0.36453442302509],[130.5686917270417,-0.364144285430326],[130.5692336297283,-0.364339248557391],[130.5689801719974,-0.36477442240164]]],[[[130.565398722673,-0.364581655418997],[130.5659594832437,-0.364462122928513],[130.5659882372674,-0.365022198215817],[130.5648542461266,-0.364206988861396],[130.565398722673,-0.364581655418997]]],[[[130.5661336027835,-0.364367981896832],[130.5660234223432,-0.364273672691764],[130.5661593206961,-0.363988287229658],[130.5662460881866,-0.36417222466836],[130.5661336027835,-0.364367981896832]]],[[[131.1888682920381,-0.368599693221208],[131.1862410872565,-0.367575301558867],[131.1886761473864,-0.363967213416119],[131.1907882951438,-0.366612822823489],[131.1888682920381,-0.368599693221208]]],[[[130.5646521477784,-0.364393020821188],[130.5638489021052,-0.364654449243387],[130.5636045590033,-0.364139179079784],[130.5640245621838,-0.363952656090108],[130.5646521477784,-0.364393020821188]]],[[[130.5632922640268,-0.364559964670599],[130.5625066819378,-0.364056772402035],[130.5627029994439,-0.363741557327016],[130.5633108853891,-0.364075443227099],[130.5632922640268,-0.364559964670599]]],[[[130.5736466236928,-0.363927465180305],[130.5731651923198,-0.363787342711655],[130.5733222238416,-0.363427875595937],[130.5736642845791,-0.363455860699416],[130.5736466236928,-0.363927465180305]]],[[[130.575459182995,-0.36351677178155],[130.575424307286,-0.363455398447845],[130.5755898832666,-0.363356726631617],[130.5755986093884,-0.363426870153896],[130.575459182995,-0.36351677178155]]],[[[130.5752427269704,-0.363472169904691],[130.5750981690453,-0.363346974383274],[130.5752547140339,-0.363128825834627],[130.5753832010739,-0.363209593048255],[130.5752427269704,-0.363472169904691]]],[[[130.5711944602562,-0.364936333644808],[130.5704026080939,-0.364474583934873],[130.5704090328506,-0.363135771298742],[130.571314013431,-0.36374477330259],[130.5711944602562,-0.364936333644808]]],[[[130.568291168103,-0.365227731974185],[130.5675025903723,-0.364642350663916],[130.5677963620126,-0.362671669861639],[130.5685161308148,-0.363395580041884],[130.568291168103,-0.365227731974185]]],[[[130.5725472051894,-0.36362290707144],[130.5726093582354,-0.36276626864831],[130.5734383281164,-0.362291130731032],[130.5733413928911,-0.362792250961588],[130.5725472051894,-0.36362290707144]]],[[[130.5758468672392,-0.363056353967542],[130.5755270251522,-0.362784161559729],[130.5759942751158,-0.361952497309817],[130.5761370955506,-0.362789010704192],[130.5758468672392,-0.363056353967542]]],[[[130.5662854047477,-0.361904341312227],[130.5660441319312,-0.361892091646679],[130.5660013286985,-0.361652426817985],[130.5662456547133,-0.36165238544921],[130.5662854047477,-0.361904341312227]]],[[[130.5667436030349,-0.362851021657276],[130.5664644921427,-0.362688840617478],[130.566662745889,-0.361459568104541],[130.5670845881832,-0.36210219126305],[130.5667436030349,-0.362851021657276]]],[[[130.5745868576973,-0.361753759728137],[130.574395638448,-0.361766906917163],[130.5746519767074,-0.361373344704033],[130.5748475882457,-0.361605051431882],[130.5745868576973,-0.361753759728137]]],[[[130.5758325896024,-0.361428687184143],[130.5754971712575,-0.36172943576476],[130.5750092000146,-0.361600654646457],[130.5756800753751,-0.361259954583184],[130.5758325896024,-0.361428687184143]]],[[[130.3215045847689,-0.365171359770391],[130.3182605871565,-0.363981630447865],[130.316745662982,-0.362085991775077],[130.3232891805513,-0.361514922275743],[130.3215045847689,-0.365171359770391]]],[[[130.5671485713495,-0.360963091073765],[130.5667675276993,-0.360821321946394],[130.5667484395889,-0.360568321970403],[130.5670227633899,-0.360526112290207],[130.5671485713495,-0.360963091073765]]],[[[130.5627012889335,-0.360729823122766],[130.5626456208987,-0.360591741215879],[130.5628385002966,-0.360498411372559],[130.5628385263769,-0.360651424723438],[130.5627012889335,-0.360729823122766]]],[[[130.5650734190032,-0.358914553263981],[130.5652133454196,-0.359434319138499],[130.5643121186095,-0.359297685139984],[130.5644091788406,-0.358988927197215],[130.5650734190032,-0.358914553263981]]],[[[130.5638394340428,-0.358092447908101],[130.563589464782,-0.358030394686962],[130.5636573060399,-0.357750961837391],[130.5638887645549,-0.357844065950788],[130.5638394340428,-0.358092447908101]]],[[[130.5662428740096,-0.357832256953008],[130.5661085728524,-0.357796729235618],[130.5661579968941,-0.357508698867351],[130.5664425351949,-0.357681107896804],[130.5662428740096,-0.357832256953008]]],[[[130.5874734888105,-0.356695301646839],[130.5873687933353,-0.356671508283471],[130.5873997264163,-0.356543016746771],[130.5874568333662,-0.356612020828065],[130.5874734888105,-0.356695301646839]]],[[[130.5877577753012,-0.355522607282468],[130.5864722915631,-0.356963084678588],[130.585385306187,-0.356452071905514],[130.586772490658,-0.355540557750514],[130.5877577753012,-0.355522607282468]]],[[[130.5658805182713,-0.355106695117849],[130.5661939158166,-0.355470106660041],[130.5658401306177,-0.356082124090731],[130.565493433875,-0.355047415405865],[130.5658805182713,-0.355106695117849]]],[[[130.5882199683768,-0.355153475152717],[130.5881233829877,-0.354869063656318],[130.5884233086888,-0.354737207755898],[130.5884336841673,-0.354941849386828],[130.5882199683768,-0.355153475152717]]],[[[130.5681363893829,-0.354914091811834],[130.5679720697553,-0.35485426801001],[130.5680301111009,-0.354684674757857],[130.5681816819391,-0.354744502156981],[130.5681363893829,-0.354914091811834]]],[[[130.5771394897956,-0.354862324136887],[130.5768920260463,-0.354771905399057],[130.5769348562586,-0.354200834101162],[130.5771680432706,-0.354400709325178],[130.5771394897956,-0.354862324136887]]],[[[130.5667285357933,-0.354748446583455],[130.5664114807054,-0.355395086114266],[130.5667492372876,-0.353807949976817],[130.5670206104129,-0.354492282792565],[130.5667285357933,-0.354748446583455]]],[[[131.0179362146846,-0.353813509585768],[131.0178434163406,-0.353781386701593],[131.0178596203252,-0.353693319690843],[131.0179310076099,-0.353689673839311],[131.0179362146846,-0.353813509585768]]],[[[130.5785386127668,-0.354086620201313],[130.5777581496189,-0.353225254941483],[130.5778580867813,-0.352953996030061],[130.5787337287786,-0.353425130165588],[130.5785386127668,-0.354086620201313]]],[[[130.5832179553444,-0.353270200359448],[130.5811280028551,-0.354263580699657],[130.5804630270471,-0.353885878930063],[130.5825963448455,-0.352850897750637],[130.5832179553444,-0.353270200359448]]],[[[130.5772353026672,-0.35283185100903],[130.5773177911832,-0.353006343767762],[130.5771877141417,-0.353063451616967],[130.5770925352923,-0.352933373676192],[130.5772353026672,-0.35283185100903]]],[[[130.5681100797165,-0.353076908172747],[130.5678374187619,-0.353012191159577],[130.5678638957023,-0.352810262783334],[130.5682009409207,-0.352924502763566],[130.5681100797165,-0.353076908172747]]],[[[130.5673953785939,-0.353011018443697],[130.5672523594089,-0.353909156082624],[130.5660647911573,-0.35305784704194],[130.5668310692985,-0.352634073004035],[130.5673953785939,-0.353011018443697]]],[[[130.5769370766848,-0.352787434392512],[130.5767340295519,-0.352536797834871],[130.5769592854427,-0.352425755843891],[130.5769973573422,-0.352704945876495],[130.5769370766848,-0.352787434392512]]],[[[130.1968169573367,-0.355255058973716],[130.1954948208294,-0.353113317225764],[130.198545905769,-0.352383449036855],[130.198336516617,-0.354483313853818],[130.1968169573367,-0.355255058973716]]],[[[130.5707462579335,-0.352262511805426],[130.5703409658629,-0.351882683139218],[130.5703777733156,-0.351672641079473],[130.5707492922461,-0.352033953603994],[130.5707462579335,-0.352262511805426]]],[[[130.567931141609,-0.35196775990414],[130.5675975911559,-0.352763933308855],[130.5670111063776,-0.351718529886183],[130.5675830832926,-0.351478642924954],[130.567931141609,-0.35196775990414]]],[[[130.5853963282779,-0.352957226394837],[130.5844210395993,-0.354449397721426],[130.5837138819901,-0.35233951265832],[130.5860800873262,-0.351426731358531],[130.5853963282779,-0.352957226394837]]],[[[130.9612126061769,-0.351756102662007],[130.960834249701,-0.351738745746458],[130.9608794811033,-0.351375389062961],[130.9612601947023,-0.351684718974601],[130.9612126061769,-0.351756102662007]]],[[[130.5755081636708,-0.351893813148932],[130.5747603243295,-0.350925315251052],[130.5748780365921,-0.350507956077253],[130.5755745857985,-0.350966389087562],[130.5755081636708,-0.351893813148932]]],[[[131.0381104246565,-0.351970281603167],[131.0374918493694,-0.350952267033458],[131.0378380110155,-0.350412681899639],[131.0384317029608,-0.350741789701805],[131.0381104246565,-0.351970281603167]]],[[[130.5787957280405,-0.35008946915365],[130.5785315926589,-0.349751869952788],[130.5786030437955,-0.349353331790761],[130.5789497108605,-0.349751798906331],[130.5787957280405,-0.35008946915365]]],[[[130.338464453172,-0.349356224010469],[130.338229679756,-0.349000891078235],[130.3389530359538,-0.348943784128222],[130.3387944054375,-0.349184903160696],[130.338464453172,-0.349356224010469]]],[[[130.5768788689647,-0.347875144022661],[130.5768332418607,-0.347980765799674],[130.576237616373,-0.347911988347585],[130.5766620433187,-0.347705273779278],[130.5768788689647,-0.347875144022661]]],[[[130.5809463550903,-0.348322388567349],[130.5810530938253,-0.347554657121732],[130.5816060590724,-0.347373009356813],[130.581594488395,-0.347800539863011],[130.5809463550903,-0.348322388567349]]],[[[131.0174577681615,-0.348351556279239],[131.0170298482489,-0.347438276755055],[131.017400022693,-0.346978907550513],[131.0181517551994,-0.347641843696048],[131.0174577681615,-0.348351556279239]]],[[[130.5823207826781,-0.347478837078599],[130.5823110439196,-0.34687710699284],[130.5831815301037,-0.345620790067327],[130.5832381541176,-0.346226039200273],[130.5823207826781,-0.347478837078599]]],[[[130.5782781313308,-0.345850295254893],[130.5780025718612,-0.345796900706377],[130.5780921038676,-0.345155595054594],[130.578351095127,-0.345416078289398],[130.5782781313308,-0.345850295254893]]],[[[130.5765419937182,-0.345683348707551],[130.5764480406447,-0.345660446572341],[130.5763910029425,-0.345050349194212],[130.5766643725628,-0.345391166169387],[130.5765419937182,-0.345683348707551]]],[[[130.5821128369379,-0.345372711181627],[130.5820438220648,-0.34502306915927],[130.5825375192912,-0.344931418350283],[130.5825348024393,-0.345178386573222],[130.5821128369379,-0.345372711181627]]],[[[130.5795638246109,-0.346100965087428],[130.5794703041113,-0.344942210214752],[130.5798340331143,-0.344652113204427],[130.5799645121526,-0.345107856342411],[130.5795638246109,-0.346100965087428]]],[[[130.6849543508627,-0.3450226212969],[130.6846141121516,-0.344875990434515],[130.6846432088171,-0.34452391664537],[130.6850660799357,-0.34470965632554],[130.6849543508627,-0.3450226212969]]],[[[130.3433210916951,-0.348210274584451],[130.3409987382013,-0.346925367311782],[130.3467094439857,-0.344726745243021],[130.3467094439857,-0.346554171237992],[130.3433210916951,-0.348210274584451]]],[[[130.6843625519903,-0.344464171983885],[130.6840834797688,-0.344429666795667],[130.684023332211,-0.34418778513812],[130.6843539220959,-0.344226604374212],[130.6843625519903,-0.344464171983885]]],[[[131.0159814743656,-0.344568141706317],[131.015734820006,-0.344224249049832],[131.0160964032265,-0.343906692140086],[131.0162214089909,-0.344267138617552],[131.0159814743656,-0.344568141706317]]],[[[130.5760707291808,-0.344990128791414],[130.5752537148872,-0.345796978048066],[130.5746714182515,-0.345278110596306],[130.5760646353746,-0.343603153862462],[130.5760707291808,-0.344990128791414]]],[[[130.5780281962443,-0.344672293091788],[130.5777961918409,-0.344305640392919],[130.5779493230029,-0.343588888816074],[130.5782766330602,-0.344280553804468],[130.5780281962443,-0.344672293091788]]],[[[131.0151807989548,-0.343916142216097],[131.0149545646016,-0.343594657967097],[131.0154425394417,-0.343416454605608],[131.0153903472867,-0.343796383096587],[131.0151807989548,-0.343916142216097]]],[[[130.5855434258884,-0.345125069366395],[130.5846327058348,-0.344334584173714],[130.5848320792371,-0.343098385981724],[130.585081574555,-0.343205015898709],[130.5855434258884,-0.345125069366395]]],[[[130.5836104293779,-0.34377587585597],[130.5830123550362,-0.343824505796222],[130.5829350529104,-0.343067504161956],[130.5831087030043,-0.343120860938908],[130.5836104293779,-0.34377587585597]]],[[[130.9946414156688,-0.343642141271763],[130.9942142385964,-0.343639734685988],[130.9939658530418,-0.343177749353599],[130.9950994619707,-0.343190043985311],[130.9946414156688,-0.343642141271763]]],[[[130.5860988687679,-0.343949398246115],[130.5854567519276,-0.343575795586462],[130.5865211589243,-0.342564392832381],[130.5865941020362,-0.342711108231056],[130.5860988687679,-0.343949398246115]]],[[[130.6814214325532,-0.342350395554261],[130.6819404915605,-0.342519253160914],[130.6819101394414,-0.343548278130504],[130.6810398825846,-0.342834257794758],[130.6814214325532,-0.342350395554261]]],[[[130.9923154918665,-0.341756417624575],[130.9922560062098,-0.341649343442343],[130.9923888477672,-0.341582037281166],[130.992434465878,-0.341637445411694],[130.9923154918665,-0.341756417624575]]],[[[130.5809518922162,-0.341051427381414],[130.5812968361801,-0.341312809938168],[130.5801725226439,-0.342315984794864],[130.5803613236162,-0.341189370792774],[130.5809518922162,-0.341051427381414]]],[[[130.584831322008,-0.341945860712814],[130.5848932942901,-0.342903573041456],[130.5838853728118,-0.340677348980448],[130.5842192128465,-0.340932276203512],[130.584831322008,-0.341945860712814]]],[[[131.0398344322134,-0.349712556089601],[131.0337358596223,-0.347759397678063],[131.0412134436456,-0.340475686803446],[131.0424212637304,-0.341572446910801],[131.0398344322134,-0.349712556089601]]],[[[130.5779563548021,-0.342532067600823],[130.577199909848,-0.341429764971648],[130.5770408332679,-0.340453796405507],[130.5776131348383,-0.341065446013447],[130.5779563548021,-0.342532067600823]]],[[[130.3926089823187,-0.340014941636182],[130.3937220291484,-0.344507949182463],[130.3881349243872,-0.353004992985964],[130.3882100807307,-0.343575775801311],[130.3926089823187,-0.340014941636182]]],[[[131.0100838103197,-0.340154236728621],[131.0097794221826,-0.339906749596766],[131.0101363406198,-0.339597419685125],[131.0103385963493,-0.339823468777992],[131.0100838103197,-0.340154236728621]]],[[[130.6731291877619,-0.339851239842817],[130.672868162236,-0.339818829175512],[130.672871055355,-0.339612286377891],[130.6731907481545,-0.339691892566732],[130.6731291877619,-0.339851239842817]]],[[[130.5884141338053,-0.340986095232035],[130.5880113427494,-0.340758573948976],[130.588375274999,-0.339520704816623],[130.5888388161585,-0.340158959068651],[130.5884141338053,-0.340986095232035]]],[[[130.6726359060222,-0.339584889431046],[130.6723294899141,-0.339432651295793],[130.6728056206829,-0.338767695272837],[130.673197032617,-0.339202209014713],[130.6726359060222,-0.339584889431046]]],[[[130.5915502343558,-0.339228644586223],[130.5912819099323,-0.339014414383668],[130.591447796179,-0.338622022188487],[130.5917023187071,-0.338978169906559],[130.5915502343558,-0.339228644586223]]],[[[130.5893970559294,-0.338906272706277],[130.5889979502953,-0.339241908687063],[130.5875051710269,-0.33889557886784],[130.5885876876717,-0.338152740656453],[130.5893970559294,-0.338906272706277]]],[[[130.5910540846784,-0.337704023921484],[130.591442295026,-0.337762318875859],[130.5913397237494,-0.338103521660196],[130.5906302108157,-0.337811831950388],[130.5910540846784,-0.337704023921484]]],[[[130.5829438204011,-0.339000687131977],[130.5835325453908,-0.340295784622738],[130.5815518893084,-0.342972409848821],[130.5828964791892,-0.339398469863442],[130.580072648434,-0.340686770278145],[130.5791201395829,-0.339469271689532],[130.5829438204011,-0.339000687131977]]],[[[130.5866555041482,-0.338362378021253],[130.5861936761973,-0.339916199672777],[130.5859857205647,-0.337833559571068],[130.5875215395874,-0.336466217741707],[130.5866555041482,-0.338362378021253]]],[[[130.5893051488137,-0.336966953961751],[130.5895054826919,-0.335544059210926],[130.5904054261696,-0.33538869323351],[130.5898810620614,-0.33654776017096],[130.5893051488137,-0.336966953961751]]],[[[130.5863221110765,-0.335630213363627],[130.5859224928289,-0.335583882989779],[130.5860453627034,-0.335046515584184],[130.5864257993112,-0.335305459179549],[130.5863221110765,-0.335630213363627]]],[[[130.5844360537809,-0.33732414759127],[130.5837378597145,-0.33732197482921],[130.584697389573,-0.334921947789615],[130.5848679442004,-0.335332238292077],[130.5844360537809,-0.33732414759127]]],[[[130.5876016314103,-0.334820619376044],[130.5873085558452,-0.334602275674436],[130.5876286758228,-0.334291007723733],[130.5877318028805,-0.334389271247806],[130.5876016314103,-0.334820619376044]]],[[[130.5915620388571,-0.335012207347487],[130.5912359159048,-0.334408958306723],[130.5916725286643,-0.334250737881161],[130.5919054449804,-0.334490848773575],[130.5915620388571,-0.335012207347487]]],[[[130.5854339271341,-0.334421688210254],[130.5852479329457,-0.334190965340733],[130.5857374132511,-0.332843808794683],[130.5859173109352,-0.333716887724192],[130.5854339271341,-0.334421688210254]]],[[[130.5843815557643,-0.333700649565285],[130.5837437583679,-0.3332492492534],[130.5840664917752,-0.332821450749313],[130.5847278972747,-0.333209486628474],[130.5843815557643,-0.333700649565285]]],[[[131.0661205948896,-0.331409099650129],[131.0656753072696,-0.331020016060871],[131.0666059509039,-0.330647242576168],[131.0666225092215,-0.33098292801961],[131.0661205948896,-0.331409099650129]]],[[[130.5905434837949,-0.331165511978762],[130.5907328846151,-0.33399211174652],[130.5864612496869,-0.333934809643724],[130.5899720824457,-0.329561794141478],[130.5905434837949,-0.331165511978762]]],[[[131.0628238727236,-0.327906028940086],[131.0624745787389,-0.327664017780174],[131.0628322777875,-0.327021271414443],[131.0630842750193,-0.327404521101718],[131.0628238727236,-0.327906028940086]]],[[[131.0680567129471,-0.327278212219609],[131.0678586012934,-0.326617364299844],[131.0685343608721,-0.32632499829999],[131.0686878166895,-0.326969372438571],[131.0680567129471,-0.327278212219609]]],[[[131.0782379423273,-0.326583299779395],[131.0779986462206,-0.326116362779841],[131.0783793598196,-0.325983113829567],[131.0786703075887,-0.326443537039525],[131.0782379423273,-0.326583299779395]]],[[[130.6641016689569,-0.326371737865363],[130.6639411318777,-0.32511388219987],[130.6648866476007,-0.3248657988175],[130.6649223398941,-0.325682746561442],[130.6641016689569,-0.326371737865363]]],[[[130.6628244490891,-0.324659578876465],[130.6640578027254,-0.324782517099445],[130.6624233352687,-0.326490126418191],[130.6618729825522,-0.324553375238049],[130.6628244490891,-0.324659578876465]]],[[[130.2081841119072,-0.326074678303703],[130.2069912088773,-0.326023916070797],[130.2053287590151,-0.324323395208451],[130.2084759931726,-0.325300559872924],[130.2081841119072,-0.326074678303703]]],[[[131.0702491638679,-0.32389566055622],[131.0709013342292,-0.323886133138521],[131.0718817877143,-0.324904992171573],[131.0698546195951,-0.324999394906092],[131.0702491638679,-0.32389566055622]]],[[[130.6606294701739,-0.324416984955869],[130.6602708016562,-0.324195740940672],[130.6608684146457,-0.323502866364114],[130.6610119419477,-0.323974315262346],[130.6606294701739,-0.324416984955869]]],[[[131.0678661996655,-0.325434153263496],[131.0663830539348,-0.324967218961961],[131.0669942457879,-0.323503609204215],[131.0683307822399,-0.32443916223748],[131.0678661996655,-0.325434153263496]]],[[[131.1043043889366,-0.324050277398305],[131.1038249648503,-0.323474151011263],[131.1047477043431,-0.322942265872841],[131.1048982265721,-0.323229581280129],[131.1043043889366,-0.324050277398305]]],[[[130.5839301419626,-0.324864947159556],[130.5838844986708,-0.32320177604104],[130.5843058292506,-0.322895160283368],[130.5843643616261,-0.324095248896564],[130.5839301419626,-0.324864947159556]]],[[[130.5823214131028,-0.322826608561114],[130.5820704312054,-0.322752885737001],[130.5824285223584,-0.32252869734142],[130.5824764868005,-0.322664870887015],[130.5823214131028,-0.322826608561114]]],[[[131.1023583009949,-0.323093477881622],[131.1021217909878,-0.322615454039957],[131.1026438366438,-0.322391537239566],[131.1025724529565,-0.322879326819406],[131.1023583009949,-0.323093477881622]]],[[[130.5816672984072,-0.32222491984413],[130.5815360099789,-0.32370593238287],[130.5811617094454,-0.32389938464881],[130.5806151842435,-0.322510083173791],[130.5816672984072,-0.32222491984413]]],[[[130.6879479205601,-0.322392058846413],[130.6877387706278,-0.322397230847463],[130.6876316083121,-0.32214577141019],[130.6880192808652,-0.322063583267676],[130.6879479205601,-0.322392058846413]]],[[[131.0780106917401,-0.321686768229748],[131.0798355897408,-0.323665518648733],[131.0779989151179,-0.328217135912004],[131.0690202555804,-0.330017176651312],[131.0780106917401,-0.321686768229748]]],[[[131.0823166097239,-0.32152775819945],[131.0822710122975,-0.321973311119431],[131.0819786525929,-0.321921371673886],[131.0818486142223,-0.321552557004859],[131.0823166097239,-0.32152775819945]]],[[[131.0755430428772,-0.321700083591983],[131.0751242573786,-0.321776227390982],[131.0747848703255,-0.321531181918447],[131.0749545373221,-0.321396268323129],[131.0755430428772,-0.321700083591983]]],[[[130.690792864699,-0.321064626231474],[130.6928216776784,-0.322574217426189],[130.6918777546547,-0.324873490718927],[130.6895690843459,-0.321570352789438],[130.690792864699,-0.321064626231474]]],[[[130.6536009590171,-0.321077682588891],[130.6533937642109,-0.320966824958971],[130.6534995460672,-0.320724431587196],[130.6536969499543,-0.32089365791588],[130.6536009590171,-0.321077682588891]]],[[[130.2155191983524,-0.319804798352743],[130.2157254182934,-0.324436815906262],[130.2151702101371,-0.325134791437412],[130.2132031886763,-0.321454557881465],[130.2155191983524,-0.319804798352743]]],[[[131.0946697899789,-0.321028558021544],[131.0938993173996,-0.320761606862588],[131.0941491607552,-0.319548080579393],[131.0954221726952,-0.32023812498945],[131.0946697899789,-0.321028558021544]]],[[[130.6472484151823,-0.319637331997205],[130.6470562786244,-0.319557065705991],[130.6471330861231,-0.319334021248066],[130.647366607683,-0.31942319802212],[130.6472484151823,-0.319637331997205]]],[[[130.6477331506644,-0.319332567943567],[130.6475947719811,-0.319546451907174],[130.647411857971,-0.319435409016913],[130.6475403647961,-0.319340892068423],[130.6477331506644,-0.319332567943567]]],[[[130.6488586009438,-0.319148638598746],[130.6487709431246,-0.319143888379683],[130.6487780405741,-0.319093831215314],[130.6488775415653,-0.319065210291194],[130.6488586009438,-0.319148638598746]]],[[[131.0980752716565,-0.32185615913434],[131.0972543570031,-0.321178011855652],[131.0979089969028,-0.318962921401658],[131.0988129036927,-0.321320780129833],[131.0980752716565,-0.32185615913434]]],[[[130.6585285369625,-0.319472974598048],[130.6584271653815,-0.319713078295861],[130.6562855351495,-0.319905482851704],[130.6573233662804,-0.318698911925155],[130.6585285369625,-0.319472974598048]]],[[[130.5905693186193,-0.319138112034148],[130.5903552871669,-0.319003926889641],[130.5905414540249,-0.31868232662802],[130.5907054786749,-0.319012265403698],[130.5905693186193,-0.319138112034148]]],[[[130.6485813417557,-0.318788750600321],[130.6489817747891,-0.318962692973892],[130.648195223231,-0.319148747416678],[130.6481667264133,-0.31873876178439],[130.6485813417557,-0.318788750600321]]],[[[130.6492396535872,-0.31862380864183],[130.649169376066,-0.318601256342868],[130.6491768350431,-0.31850949042054],[130.6492336578071,-0.318538068177235],[130.6492396535872,-0.31862380864183]]],[[[130.6542885266942,-0.318916312237929],[130.6538960508622,-0.318840762890796],[130.6543301689022,-0.318219005802403],[130.6545055771708,-0.318580229294055],[130.6542885266942,-0.318916312237929]]],[[[130.6496486976294,-0.31821052519552],[130.6497823269929,-0.318409064027028],[130.6493178037737,-0.318656588031077],[130.6495484780798,-0.318066966417321],[130.6496486976294,-0.31821052519552]]],[[[130.6560796119846,-0.317835564559646],[130.6559289125893,-0.317879188873407],[130.6560994411364,-0.317653139780541],[130.656123235399,-0.317772112892703],[130.6560796119846,-0.317835564559646]]],[[[130.6960039071547,-0.317576977995129],[130.6961754015735,-0.317702615982876],[130.6962071827154,-0.317864485857269],[130.6957160026915,-0.317626012630326],[130.6960039071547,-0.317576977995129]]],[[[130.2077189618606,-0.329864344064193],[130.2254684278257,-0.326143854155506],[130.2296067148781,-0.34610388158878],[130.213079099321,-0.346376338397272],[130.2051637478088,-0.338790963432148],[130.2094480370973,-0.33248175073213],[130.1963296327065,-0.335472316694021],[130.1806089698282,-0.320520994148479],[130.2077189618606,-0.329864344064193]]],[[[130.6425014318957,-0.317556688390466],[130.6424562904256,-0.317546213986544],[130.6424823213022,-0.317474584784241],[130.6425118397497,-0.317478070556446],[130.6425014318957,-0.317556688390466]]],[[[130.6423238760461,-0.317532416587676],[130.6422507656604,-0.31744786232897],[130.6423823166905,-0.317344880062167],[130.6424079149933,-0.317433123339919],[130.6423238760461,-0.317532416587676]]],[[[130.2455648302528,-0.319878682155464],[130.25141973873,-0.318107863087372],[130.2532120866686,-0.320509579053832],[130.2504941348965,-0.324487460327985],[130.2455648302528,-0.319878682155464]]],[[[130.6504698910727,-0.317471971354324],[130.6501391527997,-0.317605759897857],[130.6499691098865,-0.317428507119891],[130.6502441909168,-0.317195211289947],[130.6504698910727,-0.317471971354324]]],[[[130.6448387995711,-0.317535853796594],[130.6440521409936,-0.317567215854256],[130.6438994271169,-0.317286067997616],[130.644207339697,-0.317153240829329],[130.6448387995711,-0.317535853796594]]],[[[130.6570155328407,-0.318069545672886],[130.6562937630468,-0.317736420599227],[130.6565158461295,-0.317256563039939],[130.6571503690943,-0.317327946727255],[130.6570155328407,-0.318069545672886]]],[[[130.6504642226459,-0.317302306156433],[130.6503969794371,-0.317269849623772],[130.6504467101477,-0.317106154125637],[130.6504843638624,-0.317138615154969],[130.6504642226459,-0.317302306156433]]],[[[130.6468284839474,-0.317259623432856],[130.6466222640064,-0.317235828270837],[130.6466857156733,-0.316982018904957],[130.6469395250391,-0.31708909488575],[130.6468284839474,-0.317259623432856]]],[[[130.6201728698822,-0.31715824465717],[130.6200083326185,-0.317220907618745],[130.6195235701567,-0.317055430563665],[130.62010610871,-0.316831626178596],[130.6201728698822,-0.31715824465717]]],[[[130.6570249982052,-0.316761949404379],[130.6567233583964,-0.316107672830837],[130.6575300916405,-0.31589987368015],[130.6574447333878,-0.31647635979615],[130.6570249982052,-0.316761949404379]]],[[[130.6427742412383,-0.316033306092114],[130.6427199077975,-0.31601873617573],[130.6427705926887,-0.315862030208505],[130.6427959571678,-0.315887537679663],[130.6427742412383,-0.316033306092114]]],[[[130.6407646548649,-0.316820810032306],[130.6400028130793,-0.316380771755201],[130.6412325928099,-0.315875780842559],[130.6412295566987,-0.316048152100537],[130.6407646548649,-0.316820810032306]]],[[[130.6413168269101,-0.315715947932629],[130.6412730919796,-0.315686300882037],[130.6413139652674,-0.315626028318475],[130.6413405878978,-0.31566332859965],[130.6413168269101,-0.315715947932629]]],[[[130.6552468010991,-0.318129825431049],[130.6546281412758,-0.315978792787044],[130.6551563805627,-0.315588560763461],[130.6560986479344,-0.315935961675232],[130.6552468010991,-0.318129825431049]]],[[[130.6491242471864,-0.315845613983859],[130.6487250201436,-0.315914716990553],[130.6485908916563,-0.315851975788009],[130.6491491521117,-0.315528662317879],[130.6491242471864,-0.315845613983859]]],[[[130.6446170771164,-0.315627976250068],[130.6445357469272,-0.315533728198927],[130.6446064453313,-0.315480359730794],[130.6446453410098,-0.315531928655568],[130.6446170771164,-0.315627976250068]]],[[[130.6444721091007,-0.315526620856835],[130.6444279011269,-0.315453710120542],[130.6444897717856,-0.315423466819523],[130.6444933106178,-0.31547859616026],[130.6444721091007,-0.315526620856835]]],[[[130.6192102301681,-0.315586179358698],[130.619032005223,-0.31560054962563],[130.618771697356,-0.315023180375443],[130.6193171271838,-0.315270555991345],[130.6192102301681,-0.315586179358698]]],[[[130.6100056717245,-0.315088492739671],[130.6099466609097,-0.314901942770421],[130.6101769925742,-0.314850547414805],[130.6100684902686,-0.315054228569769],[130.6100056717245,-0.315088492739671]]],[[[130.6219010628838,-0.315147112349281],[130.6214735557601,-0.314724541604308],[130.6217166901732,-0.314272203299451],[130.621982060324,-0.3146503133612],[130.6219010628838,-0.315147112349281]]],[[[130.6396872211884,-0.314352429121259],[130.6396074504236,-0.314291378644141],[130.6396646643929,-0.314237298812239],[130.6397114812999,-0.314268689648214],[130.6396872211884,-0.314352429121259]]],[[[130.6193865719328,-0.314546838265953],[130.619215251083,-0.314321582375124],[130.6196054831067,-0.314039218635001],[130.6196721075817,-0.314280337667386],[130.6193865719328,-0.314546838265953]]],[[[130.6111829103631,-0.314214754607159],[130.610842171629,-0.31428328384642],[130.6107127286097,-0.314209043912131],[130.6112209822625,-0.313959677197298],[130.6111829103631,-0.314214754607159]]],[[[130.6103129790608,-0.314382268626703],[130.609949398446,-0.314123384386614],[130.6099436868517,-0.314052952181923],[130.6105471175555,-0.314005362757255],[130.6103129790608,-0.314382268626703]]],[[[130.6136686895585,-0.314998690936788],[130.6132383747513,-0.314313787950907],[130.6139775617152,-0.31365391669487],[130.6141029074234,-0.313893428638748],[130.6136686895585,-0.314998690936788]]],[[[130.6161648811044,-0.314548225020486],[130.6153911277984,-0.314744865383235],[130.6161647426088,-0.313645005312749],[130.6159582465759,-0.314249706758554],[130.6161648811044,-0.314548225020486]]],[[[130.6062243103038,-0.313989121001137],[130.6060469792847,-0.313871570616511],[130.6061678256847,-0.313599915103937],[130.6063209838265,-0.313782329990511],[130.6062243103038,-0.313989121001137]]],[[[131.0924738856613,-0.31503715224275],[131.0912685171285,-0.31466067355124],[131.0921118617731,-0.313563358562055],[131.0929392992093,-0.314217913026196],[131.0924738856613,-0.31503715224275]]],[[[130.6217878193525,-0.313844949784572],[130.621113638084,-0.313773566097167],[130.621026391255,-0.313472167306619],[130.62204955894,-0.313527687852469],[130.6217878193525,-0.313844949784572]]],[[[130.3897829095537,-0.313590883212703],[130.3894815116625,-0.319602986888315],[130.3825501452731,-0.31472300826019],[130.3814721980836,-0.325608350145215],[130.3812463045734,-0.31389689822319],[130.3897829095537,-0.313590883212703]]],[[[130.6331846542485,-0.31432744595479],[130.6329863663278,-0.313708786131508],[130.6337636566675,-0.31329634624935],[130.6338033140718,-0.313645333565285],[130.6331846542485,-0.31432744595479]]],[[[130.6240964249101,-0.31230676014882],[130.6236839850279,-0.312933351992564],[130.6226528853226,-0.313028529942619],[130.62281944696,-0.312473321786369],[130.6240964249101,-0.31230676014882]]],[[[130.6108798010621,-0.312657941810526],[130.6106830986461,-0.312696013710026],[130.6106386820296,-0.312194739695462],[130.6108290388291,-0.312264537878074],[130.6108798010621,-0.312657941810526]]],[[[130.6185335092142,-0.3126348094489],[130.6178196714408,-0.312682397974198],[130.6177054566416,-0.312553907336868],[130.6186429639017,-0.31215891610106],[130.6185335092142,-0.3126348094489]]],[[[130.3951598580411,-0.312397027800573],[130.3968254798121,-0.314015061046183],[130.3954713463256,-0.315401429832088],[130.3938350100777,-0.314737440580329],[130.3951598580411,-0.312397027800573]]],[[[130.6337271720714,-0.312630097001312],[130.632331221009,-0.312941013317028],[130.6321154826435,-0.312731620567755],[130.6331814823396,-0.311862324186832],[130.6337271720714,-0.312630097001312]]],[[[130.6487372230445,-0.312654259086711],[130.6531723879954,-0.314250098862948],[130.6533155843468,-0.314908978166775],[130.6464316221218,-0.315594364987939],[130.6487372230445,-0.312654259086711]]],[[[130.6200746072574,-0.312377615034867],[130.6197652773458,-0.312028627718933],[130.6198287290128,-0.31152100898735],[130.6201618540864,-0.311655845241068],[130.6200746072574,-0.312377615034867]]],[[[130.6319092627024,-0.311749696691058],[130.6310907285543,-0.312295386422859],[130.6305133134388,-0.311908327207513],[130.631452407103,-0.311495887325266],[130.6319092627024,-0.311749696691058]]],[[[130.6442183384056,-0.311370496651067],[130.6456422107195,-0.314075417246665],[130.639868991261,-0.314348381272714],[130.6405724049925,-0.312240428852631],[130.6442183384056,-0.311370496651067]]],[[[130.6161837650687,-0.312485768403439],[130.6161278344321,-0.311479973821685],[130.6173849076875,-0.311061057022124],[130.6172948792554,-0.311540223002885],[130.6161837650687,-0.312485768403439]]],[[[130.618876945015,-0.311909654606859],[130.6184883002949,-0.311893792364584],[130.6183931214455,-0.311116501125566],[130.6189007392778,-0.311227542217265],[130.618876945015,-0.311909654606859]]],[[[130.3606847601936,-0.311131133095246],[130.3652774198171,-0.315384206915573],[130.3526862672575,-0.317126139759496],[130.3513396557006,-0.31218181733699],[130.3606847601936,-0.311131133095246]]],[[[130.6294362098133,-0.310988268593684],[130.6292458530138,-0.310907367381022],[130.6295504237131,-0.310602795782325],[130.629536147875,-0.31087881390606],[130.6294362098133,-0.310988268593684]]],[[[130.6352405089423,-0.311064412392684],[130.6340666409628,-0.311679899407816],[130.6334701898974,-0.31148319699186],[130.6346186763109,-0.310436234144865],[130.6352405089423,-0.311064412392684]]],[[[130.632854701983,-0.310315674628628],[130.6327151074163,-0.311204006959345],[130.6313762642032,-0.310950197593554],[130.6316300726697,-0.310398163144646],[130.632854701983,-0.310315674628628]]],[[[130.5237629537974,-0.311082686616684],[130.52329950257,-0.310319024603237],[130.5250983759893,-0.310576006777266],[130.5249082413224,-0.310976251852482],[130.5237629537974,-0.311082686616684]]],[[[130.6095200270277,-0.310211403633323],[130.61130235472,-0.311367857140857],[130.6069738412698,-0.31275467288985],[130.6087736499841,-0.310217822094819],[130.6095200270277,-0.310211403633323]]],[[[130.6250551894455,-0.310479016693213],[130.6242144456401,-0.31133562274073],[130.6235878546958,-0.311240443891306],[130.6237306220707,-0.310241071368258],[130.6250551894455,-0.310479016693213]]],[[[130.6288794161522,-0.310050762232875],[130.6287461663026,-0.309946064958824],[130.6290031475773,-0.309888958008989],[130.6289507998396,-0.310007931121062],[130.6288794161522,-0.310050762232875]]],[[[130.6305497980348,-0.310164976132723],[130.6303166110229,-0.31016021692041],[130.6303594412354,-0.309827091846751],[130.630692566309,-0.309822332634527],[130.6305497980348,-0.310164976132723]]],[[[130.1502678701661,-0.330328842102359],[130.1349534130697,-0.316175551860168],[130.13457827167,-0.312876811615562],[130.1498791310172,-0.310792002349006],[130.1502678701661,-0.330328842102359]]],[[[130.6150792402149,-0.31123103608344],[130.6146920389066,-0.311093332791026],[130.6153150487505,-0.309440049718448],[130.6155606580979,-0.309953069778304],[130.6150792402149,-0.31123103608344]]],[[[130.6224377818781,-0.310201413064684],[130.6218984368635,-0.310066576811055],[130.6232388673799,-0.309376533300368],[130.6232785247841,-0.309717588595751],[130.6224377818781,-0.310201413064684]]],[[[130.6265732846294,-0.310866075908647],[130.6254708012366,-0.309850839344763],[130.6263987909715,-0.309208385258744],[130.6262242973136,-0.309850839344763],[130.6265732846294,-0.310866075908647]]],[[[130.6343141047122,-0.309027592749159],[130.6340476059123,-0.309566937763941],[130.6322772868674,-0.309624044713866],[130.6324739892832,-0.309040283981846],[130.6343141047122,-0.309027592749159]]],[[[130.6284225596535,-0.309160842598802],[130.6281941318538,-0.308846754374128],[130.6285796037658,-0.308775369787442],[130.6286890593528,-0.308975245011458],[130.6284225596535,-0.309160842598802]]],[[[130.6317315971355,-0.309871509362639],[130.6314206808198,-0.308837235949591],[130.6318838820356,-0.3086532247665],[130.6321376923007,-0.309236986397801],[130.6317315971355,-0.309871509362639]]],[[[130.522030458439,-0.310810780193352],[130.5213832442415,-0.310658495293284],[130.5202157218781,-0.308704164165777],[130.5217131956075,-0.309084877764823],[130.522030458439,-0.310810780193352]]],[[[130.630995549705,-0.309167188215101],[130.6298534089076,-0.309649426279959],[130.6294219330758,-0.309446378247705],[130.6302848847397,-0.308551701200058],[130.630995549705,-0.309167188215101]]],[[[130.5296107342481,-0.310120116150417],[130.529003663988,-0.309371012362261],[130.530549720893,-0.308711005308629],[130.5308114622792,-0.309520021931389],[130.5296107342481,-0.310120116150417]]],[[[130.6292061956095,-0.309008557698734],[130.6292125412259,-0.3085834265838],[130.6298216826247,-0.308615152867],[130.629624981108,-0.308875307849091],[130.6292061956095,-0.309008557698734]]],[[[130.635256372084,-0.308901085116966],[130.6349470421723,-0.30885349569221],[130.6350279442843,-0.308463263668626],[130.6354134161962,-0.308615550367344],[130.635256372084,-0.308901085116966]]],[[[130.6364746557809,-0.309253245241051],[130.63568943432,-0.309124754603721],[130.6355371476213,-0.30855844341742],[130.6365174859933,-0.308477541305388],[130.6364746557809,-0.309253245241051]]],[[[130.6877160942225,-0.308778090236641],[130.6874742674235,-0.308741268394799],[130.687433894159,-0.308324727604051],[130.6877563352867,-0.308424207910798],[130.6877160942225,-0.308778090236641]]],[[[130.6144033016712,-0.308794074786681],[130.6138543635881,-0.308994323229397],[130.6137658451177,-0.308353057147828],[130.614082691563,-0.308278867575565],[130.6144033016712,-0.308794074786681]]],[[[130.639399249276,-0.308483125195982],[130.6392547237266,-0.308283728411299],[130.6394751448621,-0.30816814394459],[130.6395474089858,-0.30830791028176],[130.639399249276,-0.308483125195982]]],[[[130.6434761207264,-0.308117023781554],[130.6433823421214,-0.308095270979949],[130.6433895402951,-0.30799003860931],[130.6434923364023,-0.308006355908555],[130.6434761207264,-0.308117023781554]]],[[[130.61648207199,-0.308053421028445],[130.6171863931376,-0.30856262526491],[130.6163393046153,-0.309700007749106],[130.6153304127684,-0.308315160616138],[130.61648207199,-0.308053421028445]]],[[[130.6364365838813,-0.308149176343322],[130.6361653258691,-0.308077791756636],[130.6361986376571,-0.307849363057569],[130.6365745929431,-0.307911229219807],[130.6364365838813,-0.308149176343322]]],[[[130.6129061418051,-0.308164454925544],[130.6131864757753,-0.308828148300291],[130.6126668960605,-0.308916331323575],[130.6122405517602,-0.307864993274778],[130.6129061418051,-0.308164454925544]]],[[[130.633750173132,-0.30779939492607],[130.6335280900494,-0.307748632693164],[130.6336296136159,-0.30757731184339],[130.6338136247991,-0.307609038126502],[130.633750173132,-0.30779939492607]]],[[[130.623351071295,-0.308358938713996],[130.622809645249,-0.308137904240782],[130.6233562882621,-0.30745290772545],[130.6234420898807,-0.307647044375495],[130.623351071295,-0.308358938713996]]],[[[130.6273110335774,-0.308136114589955],[130.6268287973112,-0.307964793740181],[130.6269239752613,-0.307146258692883],[130.6277805813088,-0.307412759291362],[130.6273110335774,-0.308136114589955]]],[[[130.6132889643143,-0.307558983660064],[130.6129487633748,-0.307417031970372],[130.6131803109226,-0.307016487420933],[130.6134264202931,-0.307158454399106],[130.6132889643143,-0.307558983660064]]],[[[130.6920226453288,-0.307665919346681],[130.6913606372837,-0.30759466426227],[130.6914846160223,-0.306661000704603],[130.692217630939,-0.30722582980818],[130.6920226453288,-0.307665919346681]]],[[[130.6319608181373,-0.30783112120927],[130.6316308658718,-0.307418681327023],[130.6330712326513,-0.306701669846079],[130.6326714840019,-0.307501168943761],[130.6319608181373,-0.30783112120927]]],[[[130.6347844447464,-0.307247359577969],[130.6342831716312,-0.306904716979053],[130.634905005162,-0.306517657763619],[130.6350319093951,-0.306784158362186],[130.6347844447464,-0.307247359577969]]],[[[130.6259004262637,-0.308115682892376],[130.6251826215807,-0.306719732729446],[130.626221654206,-0.306188319735126],[130.6268680743023,-0.306818876689777],[130.6259004262637,-0.308115682892376]]],[[[130.6304062365587,-0.307723252026351],[130.6292006440945,-0.307881883442088],[130.6299811072423,-0.306143289780961],[130.6304823803576,-0.306422479813564],[130.6304062365587,-0.307723252026351]]],[[[130.634391040814,-0.306194052013867],[130.6340737797811,-0.306079838114018],[130.6340610894478,-0.305845063798563],[130.6344481477639,-0.30588948131445],[130.634391040814,-0.306194052013867]]],[[[130.666314315953,-0.305972218043385],[130.6793329135832,-0.317775559994063],[130.6677591352759,-0.330100363940547],[130.6639597847163,-0.319534136591029],[130.6576916035847,-0.3165541493545],[130.6702775661569,-0.312378331794585],[130.666314315953,-0.305972218043385]]],[[[130.6130686241178,-0.306386429590047],[130.6122543428637,-0.30644425240032],[130.6111706876771,-0.307465605253368],[130.6121681842144,-0.305486537373747],[130.6130686241178,-0.306386429590047]]],[[[130.6439147551619,-0.305086613356467],[130.6436685126917,-0.305001016783438],[130.6437019270024,-0.304799160352934],[130.6439451081802,-0.304844999696899],[130.6439147551619,-0.305086613356467]]],[[[130.8963595499533,-0.304456639162501],[130.8963688075745,-0.304753225680779],[130.8958355635605,-0.304570530205764],[130.8960909908067,-0.304304016117365],[130.8963595499533,-0.304456639162501]]],[[[130.6248796381847,-0.30436485975043],[130.6247019708194,-0.307353463391527],[130.6240991741377,-0.307753212041087],[130.6229379973907,-0.305405476981127],[130.6248796381847,-0.30436485975043]]],[[[130.9045089437329,-0.304878118130583],[130.9022320006065,-0.307117947135518],[130.8996909787558,-0.305954150663437],[130.8997612355925,-0.304604590229543],[130.9045089437329,-0.304878118130583]]],[[[130.9003956002767,-0.304186281371768],[130.9001755001993,-0.304204126619092],[130.9000565270872,-0.304049462112912],[130.9003123185586,-0.303948335147444],[130.9003956002767,-0.304186281371768]]],[[[130.6153335855765,-0.303999611792596],[130.6151527472016,-0.304032925379152],[130.6151289520396,-0.303937745630448],[130.6153288272636,-0.303880638680523],[130.6153335855765,-0.303999611792596]]],[[[130.6365561568412,-0.304576870426201],[130.6355567834189,-0.30443410215211],[130.6357281051681,-0.303863030854126],[130.6362706220916,-0.303748816954277],[130.6365561568412,-0.304576870426201]]],[[[130.9222703428021,-0.303520946734251],[130.9224743809879,-0.304064452912181],[130.9214512124035,-0.304231015449011],[130.9213679306855,-0.303790815293839],[130.9222703428021,-0.303520946734251]]],[[[130.6150004614022,-0.304803870102502],[130.614296141154,-0.304113825692445],[130.6145102922163,-0.303366676131114],[130.614910041765,-0.303480890030963],[130.6150004614022,-0.304803870102502]]],[[[130.8091808113454,-0.302520042665735],[130.8093995390574,-0.30288612069789],[130.8088379583052,-0.303136473969071],[130.8087112941909,-0.302735620052788],[130.8091808113454,-0.302520042665735]]],[[[130.2761501039443,-0.302628921787276],[130.2774699121068,-0.304989347180554],[130.270134826561,-0.307083272874722],[130.2718099667567,-0.30265430335337],[130.2761501039443,-0.302628921787276]]],[[[130.3837926971753,-0.300800422901107],[130.383097893553,-0.302075814447258],[130.3818891282807,-0.302047260972207],[130.3818891282807,-0.300971743750969],[130.3837926971753,-0.300800422901107]]],[[[130.4967136642044,-0.299215723926485],[130.5099962821027,-0.306864384183905],[130.5202755537739,-0.303642592631517],[130.5133830479893,-0.315420925335344],[130.5249520428027,-0.321791678642994],[130.4967340608283,-0.3317445197937],[130.4859040344437,-0.31954105867287],[130.4935616168752,-0.309891388876407],[130.4882983768687,-0.302598915007904],[130.4967136642044,-0.299215723926485]]],[[[130.8907204850624,-0.299204092994446],[130.8902440880943,-0.298971932108907],[130.8898542661615,-0.298517196211614],[130.8906000973166,-0.298657386129422],[130.8907204850624,-0.299204092994446]]],[[[130.8088118258052,-0.297827185975821],[130.8069531861408,-0.302583906222223],[130.795279978788,-0.300776765335423],[130.7957086604264,-0.298370809964846],[130.8088118258052,-0.297827185975821]]],[[[130.8941593990371,-0.297102246971084],[130.8938849376398,-0.296998805150642],[130.893816272603,-0.296692669630952],[130.8943823238852,-0.296752938597214],[130.8941593990371,-0.297102246971084]]],[[[130.3464783218171,-0.29640877344608],[130.3499518012348,-0.299275145731295],[130.33816519207,-0.298383875315514],[130.3385953036304,-0.297727566274089],[130.3464783218171,-0.29640877344608]]],[[[130.7933766032477,-0.296351192553493],[130.7929318741068,-0.296243437584545],[130.7929642649889,-0.295799094252727],[130.7934805711714,-0.295937131193627],[130.7933766032477,-0.296351192553493]]],[[[130.89526230691,-0.296415273745845],[130.8945059806665,-0.295605989125105],[130.8963948474443,-0.295259822083052],[130.8964666250348,-0.29581338987599],[130.89526230691,-0.296415273745845]]],[[[130.898608054718,-0.294968550558108],[130.8981223623572,-0.294669731023214],[130.8987368223466,-0.294238650892956],[130.8989693429609,-0.294595438928338],[130.898608054718,-0.294968550558108]]],[[[130.3756437908283,-0.294834155871529],[130.3770648257812,-0.30428979513786],[130.3751568286248,-0.304999424084043],[130.3692024011699,-0.300650877336109],[130.3756437908283,-0.294834155871529]]],[[[130.8971944328768,-0.294243644828265],[130.8968537948668,-0.294250656842257],[130.896681152913,-0.294086169940735],[130.8970976990996,-0.293828908077634],[130.8971944328768,-0.294243644828265]]],[[[130.8705449800668,-0.294113533612597],[130.8835826010562,-0.296565024356335],[130.9007336860109,-0.308742799940179],[130.8939547825872,-0.314628680169429],[130.8811685266063,-0.308172282624655],[130.8522303045849,-0.307054088075612],[130.8500501411011,-0.293827368438285],[130.8705449800668,-0.294113533612597]]],[[[130.8884439268459,-0.294745969251034],[130.8880870533749,-0.294461340118682],[130.8878774618754,-0.293568289045234],[130.8885290791537,-0.293751474650763],[130.8884439268459,-0.294745969251034]]],[[[130.7879213696756,-0.293122638099222],[130.7875553869716,-0.293113428142158],[130.7875047299594,-0.292967457382145],[130.7878928108047,-0.292868004055061],[130.7879213696756,-0.293122638099222]]],[[[130.8994211920344,-0.292770487867669],[130.8989240216264,-0.292638491672983],[130.8990482332894,-0.292156516210154],[130.8995753556183,-0.292494726050732],[130.8994211920344,-0.292770487867669]]],[[[130.8916310522313,-0.293569873650748],[130.8905655300752,-0.29263183039461],[130.8905654410424,-0.29209969704336],[130.8912339197096,-0.292197601737845],[130.8916310522313,-0.293569873650748]]],[[[130.9007557418841,-0.292093850550737],[130.9006038302026,-0.292084609117341],[130.9005969081209,-0.29199192588665],[130.9007994390429,-0.291931643430557],[130.9007557418841,-0.292093850550737]]],[[[130.7750227146266,-0.29318050227827],[130.7746874221869,-0.292310489137718],[130.7754636837021,-0.291863862427258],[130.7756631191576,-0.292292112391015],[130.7750227146266,-0.29318050227827]]],[[[130.5047815857017,-0.296034962143723],[130.5024766862502,-0.296000022582879],[130.5045723440385,-0.291571819283989],[130.5055557041324,-0.292392799587995],[130.5047815857017,-0.296034962143723]]],[[[130.8894666889366,-0.289617347862217],[130.8890131977009,-0.289230464913961],[130.8899706006627,-0.288794689423336],[130.8900235986103,-0.289149194979268],[130.8894666889366,-0.289617347862217]]],[[[130.8888221870943,-0.287482300667621],[130.8879441178268,-0.287682555405569],[130.8876508471089,-0.28745384072211],[130.8884514829497,-0.287092166670069],[130.8888221870943,-0.287482300667621]]],[[[130.8863062140606,-0.287405208983118],[130.8861059089606,-0.28708809903655],[130.8861713598205,-0.286759306896458],[130.8864660217895,-0.287032907642518],[130.8863062140606,-0.287405208983118]]],[[[130.8874199686567,-0.287086705087328],[130.8872350185814,-0.286799386982109],[130.8876356089962,-0.286604946361171],[130.8876776765836,-0.286909178915431],[130.8874199686567,-0.287086705087328]]],[[[130.8866132902712,-0.285875865978349],[130.8862648461458,-0.285391894020639],[130.886293324977,-0.285267693149452],[130.8868095574151,-0.28539498678917],[130.8866132902712,-0.285875865978349]]],[[[130.8851752563331,-0.28546587764813],[130.8848664282432,-0.284901485615022],[130.8850748470267,-0.284417647656257],[130.8855841277054,-0.284828802407302],[130.8851752563331,-0.28546587764813]]],[[[130.1992306342864,-0.29363285227422],[130.1918965496861,-0.294206859858617],[130.1857671816102,-0.282441525056301],[130.1899349853114,-0.283473606821508],[130.1992306342864,-0.29363285227422]]],[[[130.3198576895807,-0.278858841862009],[130.3192786880611,-0.278727971618567],[130.3189059046838,-0.278041894118067],[130.3201352941086,-0.278438470858669],[130.3198576895807,-0.278858841862009]]],[[[130.2302631309389,-0.28308442700469],[130.2286754327251,-0.298857860301974],[130.2428937691323,-0.302596190961404],[130.2341978456541,-0.317740685184445],[130.2185291114295,-0.31938494086228],[130.2149581796762,-0.309865983927951],[130.2064218139157,-0.314769303560494],[130.201804778168,-0.285317154962675],[130.2264679478376,-0.277760880260372],[130.2302631309389,-0.28308442700469]]],[[[130.8992076561085,-0.2753278040349],[130.8984008428247,-0.275063599405525],[130.898727016139,-0.274010769381475],[130.8997319410763,-0.274332152906512],[130.8992076561085,-0.2753278040349]]],[[[130.8962107930937,-0.275032898349517],[130.8959883538795,-0.273651068442041],[130.8970707005524,-0.272227895800706],[130.8975559009841,-0.272848447797605],[130.8962107930937,-0.275032898349517]]],[[[130.8928278466279,-0.270602701253589],[130.8926718996885,-0.270580843231263],[130.8926755077686,-0.270445920642695],[130.8928713414393,-0.270449535017983],[130.8928278466279,-0.270602701253589]]],[[[130.8916660736305,-0.271730806331652],[130.8912543379175,-0.271468028027025],[130.8906921177471,-0.270042209580248],[130.892410894847,-0.270777897282029],[130.8916660736305,-0.271730806331652]]],[[[130.8920388399206,-0.269845626774215],[130.8918145723846,-0.269562817869742],[130.8920999092835,-0.269329110150254],[130.8922711932609,-0.269726711218679],[130.8920388399206,-0.269845626774215]]],[[[130.889457150727,-0.26943847760357],[130.8888884887128,-0.269096819762352],[130.8898346276659,-0.268288393994068],[130.8898521257751,-0.268528908682145],[130.889457150727,-0.26943847760357]]],[[[130.8923029393293,-0.268332067770663],[130.892057215768,-0.268125018654677],[130.8924040501068,-0.267990541230459],[130.8925243398265,-0.268195810588148],[130.8923029393293,-0.268332067770663]]],[[[130.8931068576955,-0.268324292232228],[130.8928476272163,-0.268183815430659],[130.8932645915878,-0.267993363303079],[130.8933367387996,-0.268136139671052],[130.8931068576955,-0.268324292232228]]],[[[130.4225664491824,-0.267880583821858],[130.4207263328541,-0.271878079309909],[130.4183405267939,-0.270570960581365],[130.420002976656,-0.267817132154915],[130.4225664491824,-0.267880583821858]]],[[[130.3617474881561,-0.267897006341736],[130.3613239443446,-0.267559122055763],[130.3613858096074,-0.267297381568879],[130.3617712833181,-0.267306899094047],[130.3617474881561,-0.267897006341736]]],[[[130.8879438372384,-0.267280331322153],[130.8877277751168,-0.267151077160468],[130.8880132765916,-0.266987229676888],[130.8881359441186,-0.26717125884648],[130.8879438372384,-0.267280331322153]]],[[[130.8842496156273,-0.265963419875861],[130.8840669129576,-0.26565708290798],[130.884556234083,-0.265616652086711],[130.8844571431827,-0.265896021983794],[130.8842496156273,-0.265963419875861]]],[[[130.3873426927111,-0.265775554198358],[130.3860101951145,-0.265356768699901],[130.3865431936136,-0.263243807955307],[130.3879803893835,-0.26374825387874],[130.3873426927111,-0.265775554198358]]],[[[130.8841176482109,-0.262830469650391],[130.8847640916896,-0.262857579713474],[130.8850700203653,-0.264491898782085],[130.8833437923822,-0.262667561958343],[130.8841176482109,-0.262830469650391]]],[[[130.353626216177,-0.259089120866188],[130.3523700323511,-0.258696594672061],[130.3527479418641,-0.257273160328067],[130.353992009124,-0.258377384808364],[130.353626216177,-0.259089120866188]]],[[[130.8815626113255,-0.25655685121764],[130.8808255188826,-0.256830239723696],[130.8807273650759,-0.256771460934127],[130.8811114736157,-0.255941681663233],[130.8815626113255,-0.25655685121764]]],[[[130.8819044966952,-0.253537598681211],[130.882807302715,-0.255166282597832],[130.8800128986764,-0.255521068742295],[130.8801294409211,-0.253560917202458],[130.8819044966952,-0.253537598681211]]],[[[130.2927025102128,-0.254074557794562],[130.2919347373983,-0.256079651154975],[130.2902659419198,-0.251822001584026],[130.29149691595,-0.252190024849666],[130.2927025102128,-0.254074557794562]]],[[[130.8805549974153,-0.251625280282466],[130.8807849450692,-0.25190619161746],[130.8803150007368,-0.251989473335426],[130.8802299149787,-0.251835010277437],[130.8805549974153,-0.251625280282466]]],[[[130.2898117033475,-0.251160749868687],[130.2894865093949,-0.250946597907101],[130.2895658251028,-0.25080382963292],[130.2898235995796,-0.251053673887894],[130.2898117033475,-0.251160749868687]]],[[[130.8799142538398,-0.25107118099015],[130.8796198014128,-0.251046939764413],[130.8795288655649,-0.250792898373467],[130.8799122834252,-0.250788194019849],[130.8799142538398,-0.25107118099015]]],[[[130.8784352270042,-0.250811640244899],[130.8776797479221,-0.250532052712041],[130.8776949599545,-0.250225489114955],[130.8783255079159,-0.250105372964507],[130.8784352270042,-0.250811640244899]]],[[[130.2893001177064,-0.250264486416876],[130.2891890766147,-0.250316040952539],[130.2892208028979,-0.250014643061272],[130.2892802903532,-0.250038437323921],[130.2893001177064,-0.250264486416876]]],[[[130.8779474383237,-0.248979455037793],[130.8774834430066,-0.249360167737469],[130.8766212872426,-0.248922512663777],[130.8770142298229,-0.24862003288815],[130.8779474383237,-0.248979455037793]]],[[[130.2869793506166,-0.246866615701682],[130.2887084258533,-0.247651838061794],[130.2887718784196,-0.248976403638126],[130.287161776295,-0.247937372811505],[130.2869793506166,-0.246866615701682]]],[[[130.7229204226395,-0.246632623796541],[130.7226566631746,-0.246631022103896],[130.722692431011,-0.246204855869328],[130.7229741148635,-0.246370365300111],[130.7229204226395,-0.246632623796541]]],[[[130.7214518036578,-0.238227354908441],[130.7212242949653,-0.238127383571809],[130.7212356803824,-0.237871216183619],[130.7215154495784,-0.23810640328781],[130.7214518036578,-0.238227354908441]]],[[[130.7213503502385,-0.237053993247097],[130.721171889671,-0.236732765304806],[130.7214080075736,-0.236593432440893],[130.7215169118761,-0.236863636447618],[130.7213503502385,-0.237053993247097]]],[[[130.7166936930595,-0.232581864361483],[130.7164594259618,-0.23246551637042],[130.7167341949272,-0.232140406054862],[130.71686506607,-0.232295070561042],[130.7166936930595,-0.232581864361483]]],[[[130.3921246713165,-0.228049960237422],[130.3918247312264,-0.227708922928363],[130.3924338726252,-0.227328209329317],[130.3924094902059,-0.227896018786192],[130.3921246713165,-0.228049960237422]]],[[[130.7132781371763,-0.228278252239436],[130.7129138002317,-0.228163446585741],[130.712886501311,-0.227250155370287],[130.7135499698553,-0.22779695666422],[130.7132781371763,-0.228278252239436]]],[[[130.3874578607917,-0.225692535881786],[130.3879004405529,-0.229418771559045],[130.3864727641069,-0.228119586649525],[130.3838886701261,-0.228105309912044],[130.3874578607917,-0.225692535881786]]],[[[130.3876291834401,-0.225042099413278],[130.3873722012661,-0.224921591158436],[130.3873864771043,-0.22457894855952],[130.3876291834401,-0.224664608984495],[130.3876291834401,-0.225042099413278]]],[[[130.389039562326,-0.224518173275071],[130.3886142792256,-0.22395077121107],[130.3890425822494,-0.22369378903713],[130.3892995644234,-0.224093538585882],[130.389039562326,-0.224518173275071]]],[[[130.3898420813471,-0.225121466382541],[130.389456609435,-0.224878760945993],[130.3897931321474,-0.223393976650657],[130.390256106734,-0.223808002936979],[130.3898420813471,-0.225121466382541]]],[[[130.4063736773035,-0.223168629928308],[130.4056400031836,-0.223009289846823],[130.4055080006938,-0.222547016731392],[130.4070808933686,-0.222573429819908],[130.4063736773035,-0.223168629928308]]],[[[130.4071735514183,-0.21871680323782],[130.4068604569447,-0.218562271831304],[130.4073173134433,-0.218267218657145],[130.4073458669183,-0.218514683305918],[130.4071735514183,-0.21871680323782]]],[[[130.2747412790868,-0.217334961639073],[130.2748249106412,-0.217530328561802],[130.2746250363165,-0.217673096835894],[130.2745322370731,-0.217408976742808],[130.2747412790868,-0.217334961639073]]],[[[130.2752292602222,-0.217040464246024],[130.2753817052017,-0.217294762842959],[130.2750176470469,-0.217551744117619],[130.2748534650154,-0.217187686862166],[130.2752292602222,-0.217040464246024]]],[[[130.2959220291783,-0.217372133317253],[130.2957590612317,-0.217199214372224],[130.2961004888465,-0.216991418818838],[130.2960647965532,-0.21727695536711],[130.2959220291783,-0.217372133317253]]],[[[130.2746750053472,-0.216980673719094],[130.2747392502163,-0.217194824781311],[130.2744394378298,-0.21723051707461],[130.2744505417592,-0.217029650797754],[130.2746750053472,-0.216980673719094]]],[[[130.4093946709274,-0.217524830106777],[130.4092614219771,-0.216953758808883],[130.4099493790606,-0.216328330687857],[130.4096802065763,-0.217106044608231],[130.4093946709274,-0.217524830106777]]],[[[130.4076885086179,-0.21678243526109],[130.4074695983434,-0.216772916836552],[130.4075478906227,-0.21624467665047],[130.407757601732,-0.21641124188532],[130.4076885086179,-0.21678243526109]]],[[[130.3745469057152,-0.216598236119639],[130.3737497862237,-0.215801116628159],[130.3747372364344,-0.214901487013977],[130.3748562356268,-0.216336495632754],[130.3745469057152,-0.216598236119639]]],[[[130.2818986756834,-0.215340072886042],[130.2816726265906,-0.215066435267699],[130.2818889621061,-0.214801108284471],[130.2820592892049,-0.21513187083915],[130.2818986756834,-0.215340072886042]]],[[[130.3998803886691,-0.215210851099881],[130.3996459309151,-0.214926454891964],[130.399855322765,-0.214717063041972],[130.3999885726146,-0.214888383891745],[130.3998803886691,-0.215210851099881]]],[[[130.4009094729938,-0.214376019437681],[130.4006715438567,-0.214389088385738],[130.4006833762368,-0.214117439168396],[130.401006982886,-0.21409840321869],[130.4009094729938,-0.214376019437681]]],[[[130.3742554471312,-0.214695726626404],[130.3739401430232,-0.214468619031452],[130.3744279326031,-0.213707190934079],[130.3745231105531,-0.213957035188963],[130.3742554471312,-0.214695726626404]]],[[[130.3726647011151,-0.213417135292529],[130.3726504747397,-0.213266990778907],[130.3728646267012,-0.213209883829071],[130.3728289353072,-0.213338375365682],[130.3726647011151,-0.213417135292529]]],[[[130.2868562828912,-0.214005195683134],[130.2864160827361,-0.213707762902951],[130.2867318796725,-0.213055398288001],[130.286999050266,-0.213315152172447],[130.2868562828912,-0.214005195683134]]],[[[130.4027194998052,-0.212851810662487],[130.4026093868137,-0.212888967951466],[130.4025869451314,-0.212784939773128],[130.4026535696066,-0.212737351247741],[130.4027194998052,-0.212851810662487]]],[[[130.375705702856,-0.212841068260586],[130.3755986277745,-0.212841068260586],[130.3756014768268,-0.212638603888385],[130.3757413951493,-0.212619778380033],[130.375705702856,-0.212841068260586]]],[[[130.3752844882885,-0.212781819125565],[130.3751489100942,-0.212569809349164],[130.3754415827628,-0.212377072943484],[130.3755201052687,-0.212569809349164],[130.3752844882885,-0.212781819125565]]],[[[130.395258205202,-0.21255651197343],[130.3950488115535,-0.212566030397879],[130.3950392463641,-0.212483870134486],[130.395372419102,-0.212385191123657],[130.395258205202,-0.21255651197343]]],[[[130.3762196159425,-0.212717573357304],[130.3760697610108,-0.212412765236872],[130.376226805123,-0.212177197719468],[130.3763695733971,-0.212305689256079],[130.3762196159425,-0.212717573357304]]],[[[130.3950297756037,-0.211785567250081],[130.3948170463696,-0.211771434404076],[130.3947823127536,-0.21156665607627],[130.3950202589779,-0.211585692025976],[130.3950297756037,-0.211785567250081]]],[[[130.3716146931637,-0.211344426404095],[130.3714012579618,-0.211325350884175],[130.3713512898302,-0.211018399679366],[130.3718010084098,-0.211111198922678],[130.3716146931637,-0.211344426404095]]],[[[130.3771333802014,-0.209564550263755],[130.3769192291391,-0.211027918103904],[130.3759769617674,-0.211384837440212],[130.3753787579234,-0.20996660387558],[130.3771333802014,-0.209564550263755]]],[[[130.3958332101346,-0.210678845352399],[130.3953904352205,-0.210869057361032],[130.3938188231803,-0.210361434132869],[130.3951171995991,-0.209244769330644],[130.3958332101346,-0.210678845352399]]],[[[130.3223160799232,-0.209629717837137],[130.3219469639813,-0.209601171556775],[130.3220611778811,-0.209201422907304],[130.3225180343799,-0.209444128343852],[130.3223160799232,-0.209629717837137]]],[[[130.3750529542306,-0.207811089010493],[130.3748935170223,-0.207828775077859],[130.3748446001982,-0.207733526980627],[130.3750579247835,-0.207680139626712],[130.3750529542306,-0.207811089010493]]],[[[130.3928430515656,-0.207439481047158],[130.3932713545894,-0.207653633008745],[130.3931047929519,-0.207951064889736],[130.3927121813221,-0.207665530140025],[130.3928430515656,-0.207439481047158]]],[[[130.3946024429485,-0.209066503016667],[130.3933903277016,-0.207808298414205],[130.3933903277016,-0.207130151135518],[130.394768172713,-0.208041018678065],[130.3946024429485,-0.209066503016667]]],[[[130.3745806887478,-0.20673516079899],[130.3744878904039,-0.206728021980565],[130.3744798936323,-0.20666718284417],[130.3745842410699,-0.206645879703585],[130.3745806887478,-0.20673516079899]]],[[[130.3922426308928,-0.206992938872988],[130.3920102397808,-0.206630465323679],[130.3926407976347,-0.206570977868273],[130.3926645918974,-0.206713746142453],[130.3922426308928,-0.206992938872988]]],[[[130.3916193692386,-0.206010035634543],[130.3913637135646,-0.205918222947579],[130.3913756997287,-0.205719703001852],[130.3917437427795,-0.205793426725245],[130.3916193692386,-0.206010035634543]]],[[[130.4211139118775,-0.205372531417128],[130.420986127208,-0.205677441160981],[130.4205078551534,-0.205613195392631],[130.4207791140649,-0.205263414874659],[130.4211139118775,-0.205372531417128]]],[[[130.3909604710489,-0.205192520418487],[130.3907471185847,-0.205094893614424],[130.3910642591083,-0.20480778774912],[130.3911562453645,-0.20508513417157],[130.3909604710489,-0.205192520418487]]],[[[130.3963289623119,-0.20484586864187],[130.3962001838915,-0.204974647062242],[130.3961049312976,-0.204937877381075],[130.3962099891998,-0.204714998398428],[130.3963289623119,-0.20484586864187]]],[[[130.4202342166359,-0.205146821368698],[130.4180260770419,-0.206174748265989],[130.4176072924426,-0.205889212616997],[130.4194918253874,-0.204594786020509],[130.4202342166359,-0.205146821368698]]],[[[130.3163734371844,-0.203668325133036],[130.3168635712969,-0.204305850934253],[130.3144288861842,-0.204892072211285],[130.3154168049416,-0.203808644553208],[130.3163734371844,-0.203668325133036]]],[[[130.4242626452049,-0.203878567741603],[130.4238200654437,-0.20385001516601],[130.4238700335752,-0.203485957011276],[130.4241627071433,-0.203478818192851],[130.4242626452049,-0.203878567741603]]],[[[130.4243839970239,-0.203564478617738],[130.424284686689,-0.203359113931947],[130.4244444431567,-0.203319443937103],[130.4244982109237,-0.203457404435595],[130.4243839970239,-0.203564478617738]]],[[[130.3607973652063,-0.203063779269977],[130.3610696385531,-0.203275634363001],[130.3605985053169,-0.203468370768592],[130.3606984433785,-0.203110901946493],[130.3607973652063,-0.203063779269977]]],[[[130.2469848435758,-0.203031122188493],[130.2468611130501,-0.203012086238699],[130.2467373807256,-0.202745585640221],[130.24685914983,-0.202733719085815],[130.2469848435758,-0.203031122188493]]],[[[130.426939538429,-0.202772119237851],[130.4267967710542,-0.202679319994539],[130.4270927829057,-0.202220133352407],[130.4271679671281,-0.202450892194841],[130.426939538429,-0.202772119237851]]],[[[130.2194801786673,-0.202436732369263],[130.2192303353117,-0.2024081788943],[130.2189566922975,-0.202158042359704],[130.2195872546481,-0.20207267511381],[130.2194801786673,-0.202436732369263]]],[[[130.2375943206215,-0.201957741756312],[130.2376002498517,-0.202210208434364],[130.2372576081522,-0.2022673153842],[130.2373803871952,-0.201978211225454],[130.2375943206215,-0.201957741756312]]],[[[130.368764759586,-0.201999741894523],[130.3685014641713,-0.201951175806039],[130.3685911148881,-0.201720657082641],[130.3687767133748,-0.20183487098249],[130.368764759586,-0.201999741894523]]],[[[130.3218209006142,-0.202378509360715],[130.3211350686286,-0.203501371391182],[130.3173296881147,-0.203713435126909],[130.320183385355,-0.201688237422173],[130.3218209006142,-0.202378509360715]]],[[[130.3629113421847,-0.201833681179389],[130.3626186677174,-0.201862233755071],[130.362540146111,-0.201755158673558],[130.3627932962737,-0.201643694900591],[130.3629113421847,-0.201833681179389]]],[[[130.2212207148642,-0.201683042038761],[130.221122007075,-0.201608679796619],[130.2213004667432,-0.201308868309605],[130.2213626989295,-0.201568777776798],[130.2212207148642,-0.201683042038761]]],[[[130.3926589315645,-0.205158793143736],[130.3935249867887,-0.206426419943265],[130.3917603973246,-0.205321761090341],[130.3911893260267,-0.201217191420236],[130.3926589315645,-0.205158793143736]]],[[[130.2230850616263,-0.201587265140082],[130.2227210052702,-0.201523019371821],[130.2229066028575,-0.201158962116368],[130.2231707229506,-0.20123748372283],[130.2230850616263,-0.201587265140082]]],[[[130.2148116756184,-0.201230345803774],[130.2147260160929,-0.201415944290398],[130.2145118641313,-0.201444496865991],[130.2145475564247,-0.201201792328812],[130.2148116756184,-0.201230345803774]]],[[[130.2385062718471,-0.200998124663679],[130.2382331873119,-0.201505887286826],[130.2384854102735,-0.202100751948089],[130.2376573568016,-0.201439261912364],[130.2385062718471,-0.200998124663679]]],[[[130.3528676371318,-0.201391101418194],[130.3524224007732,-0.201030198085109],[130.3527468024232,-0.200750632135874],[130.3531888641749,-0.201048458819278],[130.3528676371318,-0.201391101418194]]],[[[130.4335568192919,-0.200930415606118],[130.4333283905929,-0.20083047934312],[130.4333069759362,-0.200780510312251],[130.433438804857,-0.200713934400445],[130.4335568192919,-0.200930415606118]]],[[[130.3920788175834,-0.201028463292888],[130.3918654660186,-0.200930837388194],[130.3921826056428,-0.200643730623609],[130.3922745918989,-0.200921077046059],[130.3920788175834,-0.201028463292888]]],[[[130.3237531147146,-0.201309218145854],[130.3229741543338,-0.202246657956875],[130.321977052599,-0.201301937234602],[130.3232578760502,-0.200628196633959],[130.3237531147146,-0.201309218145854]]],[[[130.3913320943008,-0.200955450033893],[130.3911192976176,-0.20080003189589],[130.3912726653014,-0.200533676987538],[130.391399531763,-0.200569982618573],[130.3913320943008,-0.200955450033893]]],[[[130.35810720968,-0.201826543260333],[130.3567651936588,-0.201926480422701],[130.3571149750762,-0.200513079814771],[130.3578502284054,-0.200919968181948],[130.35810720968,-0.201826543260333]]],[[[130.238475891849,-0.200668317189015],[130.2383331235749,-0.20061121023909],[130.238328365262,-0.200401816590537],[130.2384711326367,-0.200468441964999],[130.238475891849,-0.200668317189015]]],[[[130.3537456578359,-0.200677262745399],[130.3535029532987,-0.200641571351381],[130.3534529842679,-0.200391727995777],[130.3538384570791,-0.200313204590666],[130.3537456578359,-0.200677262745399]]],[[[130.2279177476061,-0.200823458335877],[130.2275608282697,-0.20073779701171],[130.2276179352195,-0.199995404864042],[130.2280319624052,-0.200123896400653],[130.2279177476061,-0.200823458335877]]],[[[130.432286186958,-0.200466421188386],[130.4320006522084,-0.200423590975943],[130.4324108779597,-0.19995012669696],[130.432536031213,-0.200273684782706],[130.432286186958,-0.200466421188386]]],[[[130.2172173108303,-0.200188142169003],[130.2167033482809,-0.200794903961635],[130.2162679064388,-0.200923394598965],[130.2166034102192,-0.19990260562073],[130.2172173108303,-0.200188142169003]]],[[[130.3918436781433,-0.200396276766737],[130.3915938347877,-0.200217817098538],[130.392039838268,-0.199787124576092],[130.3920410325677,-0.200211985894397],[130.3918436781433,-0.200396276766737]]],[[[130.2368150283909,-0.199771259635886],[130.2368320426647,-0.199831839767553],[130.2366758304253,-0.199849782141717],[130.2366865368542,-0.199764121716742],[130.2368150283909,-0.199771259635886]]],[[[130.2165819946634,-0.199581378577721],[130.2164504616196,-0.199453941046526],[130.2166105490377,-0.199345811959597],[130.2166533792501,-0.199402919808803],[130.2165819946634,-0.199581378577721]]],[[[130.3602844170922,-0.199599366817241],[130.3595766407494,-0.19953702131639],[130.3605342604478,-0.198714208194131],[130.3603129696679,-0.19921389400597],[130.3602844170922,-0.199599366817241]]],[[[130.3926764899281,-0.198326146234587],[130.3965789657467,-0.202920523563213],[130.3948347980876,-0.207069855189593],[130.3925165401063,-0.20368653280716],[130.3926764899281,-0.198326146234587]]],[[[130.328529298988,-0.199501463921406],[130.3253935446765,-0.201620978925002],[130.3245243121473,-0.201365387102895],[130.3293115400955,-0.197920403603716],[130.328529298988,-0.199501463921406]]],[[[130.3482217223546,-0.195853792118752],[130.3480720319988,-0.195862879768052],[130.3481008570689,-0.195667047895911],[130.3482293477063,-0.195724154845836],[130.3482217223546,-0.195853792118752]]],[[[130.4392722851879,-0.196740184611757],[130.4388868123766,-0.196618832792852],[130.4389187841746,-0.195666866232871],[130.439572096675,-0.196176253031568],[130.4392722851879,-0.196740184611757]]],[[[130.3443603437549,-0.195738431583317],[130.3455738691387,-0.196409440043579],[130.3450599056901,-0.197622965427493],[130.3464875821363,-0.198622338849821],[130.3509990401736,-0.199093472085979],[130.3364938461142,-0.213598667044737],[130.3175485768055,-0.211400044976065],[130.3443603437549,-0.195738431583317]]],[[[130.3498997286896,-0.196181012243882],[130.351070423861,-0.19680918959242],[130.3494351937792,-0.19832226565997],[130.3485719903051,-0.196023968131589],[130.3498997286896,-0.196181012243882]]],[[[130.3467302866735,-0.194881826435081],[130.3470729301716,-0.197194662403691],[130.345816573676,-0.197851394126472],[130.3459450652126,-0.194796166010194],[130.3467302866735,-0.194881826435081]]],[[[130.3472706901903,-0.194741519605371],[130.3469589177199,-0.194739191260654],[130.3467588410478,-0.19462484426114],[130.3471585896972,-0.194424969936405],[130.3472706901903,-0.194741519605371]]],[[[130.3537167734104,-0.192642941718349],[130.3532333023751,-0.192517828035291],[130.353297600304,-0.192226347867644],[130.3538829474401,-0.192197794392682],[130.3537167734104,-0.192642941718349]]],[[[130.2476041581054,-0.189232349193505],[130.255194753635,-0.190810567653513],[130.2580025180019,-0.195046009365798],[130.2453257122119,-0.189358114885055],[130.2476041581054,-0.189232349193505]]],[[[130.2988878116232,-0.188942032748576],[130.2987701713064,-0.188997034385599],[130.2987120319348,-0.188995084655444],[130.2987531669251,-0.188833236364674],[130.2988878116232,-0.188942032748576]]],[[[130.4393856222488,-0.18648310011489],[130.4392333364494,-0.186264188941079],[130.4395283887242,-0.186207081991155],[130.439547424674,-0.186378402840928],[130.4393856222488,-0.18648310011489]]],[[[130.2900589629509,-0.183583761381437],[130.2899087096193,-0.183593662917206],[130.2898714579015,-0.183501727922389],[130.290008647681,-0.183415204148288],[130.2900589629509,-0.183583761381437]]],[[[130.2912193545897,-0.18392973686783],[130.2909723297093,-0.183536555967192],[130.2915291242697,-0.183201052186702],[130.2915148466329,-0.183465172279876],[130.2912193545897,-0.18392973686783]]],[[[130.2903373597813,-0.183348194763314],[130.2901482341537,-0.183195621180923],[130.2906511026663,-0.183136807317721],[130.2906011336355,-0.183265297955051],[130.2903373597813,-0.183348194763314]]],[[[130.2895093081081,-0.183483824219069],[130.2893376401201,-0.183193914267646],[130.2897016982748,-0.182844132850393],[130.2897445275879,-0.18299403904363],[130.2895093081081,-0.183483824219069]]],[[[130.213505478695,-0.182047957647027],[130.213391264795,-0.18207651112199],[130.2132960661606,-0.181725171179695],[130.2134027095675,-0.181680990185454],[130.213505478695,-0.182047957647027]]],[[[130.3691509185801,-0.181515040986271],[130.372730252699,-0.184394946269675],[130.3566159178904,-0.187791107373661],[130.3576952410426,-0.181623544191181],[130.3691509185801,-0.181515040986271]]],[[[130.2132104264201,-0.181438816248283],[130.2129915161456,-0.181457851298797],[130.2128867981872,-0.181201690205837],[130.2131342826211,-0.181134244649586],[130.2132104264201,-0.181438816248283]]],[[[130.2113004381647,-0.179838479861941],[130.2114813745659,-0.183644258775464],[130.2044614995986,-0.181995117980252],[130.2057540340215,-0.179828873303814],[130.2113004381647,-0.179838479861941]]],[[[130.3786447979192,-0.178975394199002],[130.3784664992296,-0.178699628784765],[130.3785319339018,-0.178473579691898],[130.3787639311106,-0.178788858618864],[130.3786447979192,-0.178975394199002]]],[[[130.4294489931767,-0.17895448496146],[130.4290206892535,-0.178887859586998],[130.4291920110025,-0.17825968223846],[130.4293157433269,-0.178354861087973],[130.4294489931767,-0.17895448496146]]],[[[130.2763607440531,-0.178297061660063],[130.2761661343597,-0.178128041275974],[130.2762494151785,-0.177872248905045],[130.2764397719779,-0.177961478739144],[130.2763607440531,-0.178297061660063]]],[[[130.275248851953,-0.180305247788917],[130.2879008823199,-0.181592681257195],[130.2899634378624,-0.189994413111608],[130.29772767809,-0.191540551854954],[130.2745445308056,-0.189252021863309],[130.2720842671752,-0.194593260970136],[130.2532785465677,-0.180985227885946],[130.275248851953,-0.180305247788917]]],[[[130.2744341561115,-0.175018632603743],[130.2738592123329,-0.174821082127233],[130.2747291166555,-0.174470274583507],[130.2747581440732,-0.174569995009202],[130.2744341561115,-0.175018632603743]]],[[[130.2742114066311,-0.173861668281264],[130.2740591208318,-0.173918775231277],[130.2740496033066,-0.173728418431709],[130.2742817785813,-0.173689812334901],[130.2742114066311,-0.173861668281264]]],[[[130.3647014786904,-0.174626244905232],[130.3642075386471,-0.17534583024579],[130.3624029203586,-0.174197941881429],[130.3636021681057,-0.173098631296734],[130.3647014786904,-0.174626244905232]]],[[[130.3667527090703,-0.169727049563642],[130.3660720490859,-0.169543717368617],[130.3663004768856,-0.168944091696391],[130.3667858346986,-0.169361941000703],[130.3667527090703,-0.169727049563642]]],[[[130.3788602727834,-0.169106798839705],[130.3785183190653,-0.169254368594165],[130.3772507561175,-0.169101136708052],[130.3786857323607,-0.168484803430927],[130.3788602727834,-0.169106798839705]]],[[[130.2415577380992,-0.167554264117944],[130.2411151583379,-0.167661340098737],[130.2407767560424,-0.167420677921884],[130.2412150963996,-0.167340113055728],[130.2415577380992,-0.167554264117944]]],[[[130.3501923878684,-0.166999401301274],[130.3498634473404,-0.166878107038906],[130.3500083569002,-0.166645311232097],[130.3502884408589,-0.166643644788314],[130.3501923878684,-0.166999401301274]]],[[[130.2299293115886,-0.166233662753326],[130.2297794062946,-0.166155141146776],[130.2298702216335,-0.165835103906867],[130.2300363875693,-0.166019511691021],[130.2299293115886,-0.166233662753326]]],[[[130.238416849558,-0.16556979401077],[130.2381657588428,-0.165529775978326],[130.2380813457776,-0.165212874674372],[130.2383954340021,-0.165212874674372],[130.238416849558,-0.16556979401077]]],[[[130.3654867010505,-0.167116665701508],[130.3642874533034,-0.168986922808203],[130.3623315357717,-0.167031006175902],[130.3641589617667,-0.165146473231095],[130.3654867010505,-0.167116665701508]]],[[[130.2388951207133,-0.165127214249486],[130.2392449021306,-0.165305673018315],[130.2390807191999,-0.165605486304157],[130.2386381394386,-0.165277120442722],[130.2388951207133,-0.165127214249486]]],[[[130.3511188091858,-0.164997664210789],[130.352273371419,-0.165309068858368],[130.3528482774261,-0.166541831640179],[130.3504788848927,-0.165505916065081],[130.3511188091858,-0.164997664210789]]],[[[130.2308858547984,-0.165148628906023],[130.2307288106861,-0.164934477843806],[130.2309572393851,-0.164741741438126],[130.2311142843968,-0.165013000349637],[130.2308858547984,-0.165148628906023]]],[[[130.2385596169329,-0.165170043562648],[130.2382312519707,-0.16499158479373],[130.2382954968398,-0.164763156094752],[130.2386666929136,-0.164777432832233],[130.2385596169329,-0.165170043562648]]],[[[130.2350332555804,-0.164756018175607],[130.2349333193173,-0.164577557608128],[130.2352545463602,-0.164484759264186],[130.2352545463602,-0.164634664558053],[130.2350332555804,-0.164756018175607]]],[[[130.297215115785,-0.164568040982241],[130.2956875021765,-0.166523957614542],[130.2939742900815,-0.165524584192125],[130.2942883792054,-0.165110557905804],[130.297215115785,-0.164568040982241]]],[[[130.2347001314061,-0.165485323388895],[130.2496573957723,-0.18002221495326],[130.2156880442679,-0.182607817996397],[130.2085736496543,-0.175764594160624],[130.2347001314061,-0.165485323388895]]],[[[130.3646699889289,-0.164651760670134],[130.3643588369908,-0.163847287422383],[130.364772863277,-0.163533198298429],[130.3649467696778,-0.164051741094864],[130.3646699889289,-0.164651760670134]]],[[[130.776939318295,-0.165216479157129],[130.7730750303885,-0.165330827056012],[130.7758635150892,-0.159478611148936],[130.7772463954048,-0.162477523718676],[130.776939318295,-0.165216479157129]]],[[[130.3023787118082,-0.161299124055317],[130.3017708357555,-0.160070740072607],[130.3046688677741,-0.158833365567348],[130.3036456991897,-0.160986777817465],[130.3023787118082,-0.161299124055317]]],[[[130.7754997438182,-0.157971020046491],[130.775097259431,-0.157730812027326],[130.7754164629995,-0.15732856506119],[130.7756782025871,-0.157887739227716],[130.7754997438182,-0.157971020046491]]],[[[130.2270505979068,-0.149972722263295],[130.2261644653179,-0.150793645010674],[130.2239196918403,-0.149719405725948],[130.2257731900807,-0.14902298242461],[130.2270505979068,-0.149972722263295]]],[[[130.2616469315607,-0.150219891035055],[130.2730540690901,-0.158443308012204],[130.2740058530877,-0.17315075600253],[130.2665343448841,-0.178564029905973],[130.2479462278362,-0.174683458874439],[130.248097920083,-0.160563632405688],[130.2615828422744,-0.156359112982576],[130.2476169950283,-0.150220591606923],[130.2616469315607,-0.150219891035055]]],[[[130.1423681182941,-0.146477514325818],[130.1419433379148,-0.146523207080287],[130.141551530279,-0.146170316706742],[130.1421990016827,-0.145921170325705],[130.1423681182941,-0.146477514325818]]],[[[130.1448920017646,-0.145150863221735],[130.144298119163,-0.14490800310181],[130.144706372701,-0.144251985440727],[130.1451229260822,-0.144633937406249],[130.1448920017646,-0.145150863221735]]],[[[130.2757095467582,-0.153960402550426],[130.2734823721138,-0.150676746634451],[130.2728693609323,-0.144206329558452],[130.2775940797032,-0.147478752042732],[130.2757095467582,-0.153960402550426]]],[[[130.3664683461374,-0.144168593106],[130.365849552315,-0.144053880082387],[130.3657681232004,-0.143811260081497],[130.3664976307612,-0.143657111786213],[130.3664683461374,-0.144168593106]]],[[[130.2678430491174,-0.147921330904646],[130.2650714168125,-0.144457235912723],[130.2663200841046,-0.142488414009081],[130.2698275192247,-0.144566291301265],[130.2678430491174,-0.147921330904646]]],[[[130.6560267192577,-0.142066042913472],[130.6571988065797,-0.142263865884631],[130.6573179901331,-0.142470700961963],[130.6547379008336,-0.141817693331861],[130.6560267192577,-0.142066042913472]]],[[[130.4118747277365,-0.140312881134522],[130.4117726978518,-0.140541015755227],[130.4115109052042,-0.139946441574937],[130.4117250562664,-0.139875475172937],[130.4118747277365,-0.140312881134522]]],[[[130.1254120486273,-0.13948748425994],[130.1249680110649,-0.139349451815709],[130.1249353377957,-0.138902431202206],[130.1256601490967,-0.138843237825162],[130.1254120486273,-0.13948748425994]]],[[[130.6374389637373,-0.139140879248137],[130.6371237702458,-0.139197993392662],[130.6366824468376,-0.13863984355387],[130.6374326397046,-0.138741278986812],[130.6374389637373,-0.139140879248137]]],[[[130.4192679481573,-0.141350740144544],[130.4180718066686,-0.145111337118456],[130.4150068982498,-0.139278827156078],[130.4175309409003,-0.137995699641705],[130.4192679481573,-0.141350740144544]]],[[[130.1234813561797,-0.138959478796854],[130.1230481833271,-0.138475227149984],[130.123339694971,-0.137948164176363],[130.1239362449617,-0.138455455554778],[130.1234813561797,-0.138959478796854]]],[[[130.1227410630497,-0.137863118887774],[130.1223213296658,-0.137912238958629],[130.122184666889,-0.137715865694579],[130.1226239029708,-0.137372168190966],[130.1227410630497,-0.137863118887774]]],[[[130.6672234801796,-0.137736580678618],[130.6668229554152,-0.137710384326775],[130.6666373182577,-0.137385845080631],[130.6670964554371,-0.137267795572241],[130.6672234801796,-0.137736580678618]]],[[[130.6414124257429,-0.135960436724661],[130.6398721487807,-0.135613042108121],[130.6397288481079,-0.135301608682228],[130.6410379516403,-0.134927006875854],[130.6414124257429,-0.135960436724661]]],[[[130.6802267012013,-0.134209382956632],[130.6798901703951,-0.134044241348599],[130.6797223119352,-0.133369433252708],[130.6801383464076,-0.133638897117352],[130.6802267012013,-0.134209382956632]]],[[[130.6919497750621,-0.133246073247653],[130.6945700002054,-0.140268734314544],[130.6673736291897,-0.145884047210989],[130.6724935325506,-0.13646150209661],[130.6919497750621,-0.133246073247653]]],[[[130.366766090083,-0.129043272429],[130.3666994647086,-0.129124172742292],[130.3665852508088,-0.128900504154908],[130.3667137423454,-0.128938575155038],[130.366766090083,-0.129043272429]]],[[[130.6778484863187,-0.124250149424812],[130.677515361245,-0.124214457131425],[130.6774550661984,-0.123930346907899],[130.6777923947033,-0.123920420191206],[130.6778484863187,-0.124250149424812]]],[[[130.6765475648183,-0.123939053244706],[130.675969533667,-0.124243517824032],[130.675689348085,-0.123517973575618],[130.6761639688921,-0.123379977104213],[130.6765475648183,-0.123939053244706]]],[[[130.6465228178738,-0.124009041184239],[130.6460343529031,-0.123802543352694],[130.6460831618086,-0.123278013769282],[130.646682333323,-0.12333042985542],[130.6465228178738,-0.124009041184239]]],[[[130.3632682822055,-0.125616848238932],[130.361871392251,-0.125189305142273],[130.3616576027163,-0.12288942930361],[130.3628970861317,-0.123913153669067],[130.3632682822055,-0.125616848238932]]],[[[130.2593590643694,-0.122413624089448],[130.2590134737928,-0.122407624712098],[130.2590811657633,-0.122081263439513],[130.259404751728,-0.122163804116207],[130.2593590643694,-0.122413624089448]]],[[[130.2604198812726,-0.122094453795965],[130.2603281126524,-0.122248323301458],[130.2601047723176,-0.122128616342534],[130.2602971274106,-0.121850383188596],[130.2604198812726,-0.122094453795965]]],[[[130.6621083513194,-0.122084840043238],[130.6619060973885,-0.121977764062533],[130.6619676667744,-0.121837640694514],[130.662339177611,-0.12205288173506],[130.6621083513194,-0.122084840043238]]],[[[130.6642022770135,-0.120954596377468],[130.6639762279207,-0.120990286872205],[130.6638905962741,-0.1207248969364],[130.6641974791304,-0.120700723159819],[130.6642022770135,-0.120954596377468]]],[[[130.6680927486815,-0.118534663743633],[130.6715905043983,-0.119895734600453],[130.6750697610607,-0.123214444291156],[130.6674264769504,-0.122244375277683],[130.6680927486815,-0.118534663743633]]],[[[130.683809036358,-0.118158729142051],[130.683487809315,-0.118111139717294],[130.6831383669421,-0.117660789813526],[130.6834589599631,-0.117701199051082],[130.683809036358,-0.118158729142051]]],[[[130.3596786634396,-0.116266532174672],[130.3592336887837,-0.116556800056225],[130.359018838049,-0.116512464378696],[130.3593998879945,-0.115809108203704],[130.3596786634396,-0.116266532174672]]],[[[130.6814491073904,-0.115938219373282],[130.6823003588745,-0.115928546265367],[130.6830238139979,-0.11755196555068],[130.6800699349795,-0.115700496180951],[130.6814491073904,-0.115938219373282]]],[[[130.674188903895,-0.113048828040954],[130.679169086784,-0.113494985305332],[130.6797639523446,-0.114922661751374],[130.6711453777571,-0.115077855058912],[130.674188903895,-0.113048828040954]]],[[[130.4079966397332,-0.111347355695804],[130.4077615308701,-0.111312769568597],[130.4076246081892,-0.11084555108132],[130.4084953920488,-0.111306947357617],[130.4079966397332,-0.111347355695804]]],[[[130.2010783543826,-0.108689957075805],[130.1996618951804,-0.108698624741679],[130.199159909802,-0.107643038295516],[130.1995799858278,-0.107679375402794],[130.2010783543826,-0.108689957075805]]],[[[130.1966220445718,-0.107524156914243],[130.1974509946678,-0.107408668675093],[130.1971704736384,-0.108608171829674],[130.1956081695814,-0.107658899638421],[130.1966220445718,-0.107524156914243]]],[[[130.1948409156757,-0.107579402267602],[130.1947647727761,-0.107560366317808],[130.1943935767023,-0.107160616769056],[130.1947991673478,-0.107238950417157],[130.1948409156757,-0.107579402267602]]],[[[130.1950883803246,-0.10711302824358],[130.1943555057021,-0.10681797417014],[130.1946433112399,-0.105805965273012],[130.1954405404487,-0.105980404072328],[130.1950883803246,-0.10711302824358]]],[[[130.1886337472497,-0.105595239728443],[130.1885051181167,-0.105643896648447],[130.1884112127074,-0.105575487918388],[130.1885993032154,-0.10550017689164],[130.1886337472497,-0.105595239728443]]],[[[130.1966796092767,-0.106104988054748],[130.1960067239312,-0.105953613268619],[130.1963475615908,-0.1052500088808],[130.1968876467476,-0.105503818246591],[130.1966796092767,-0.106104988054748]]],[[[130.1888764302032,-0.105532262903621],[130.1887114243927,-0.105485475674152],[130.1887019059683,-0.105199940924441],[130.1889874407179,-0.105371261774303],[130.1888764302032,-0.105532262903621]]],[[[130.2668469753078,-0.104364750432831],[130.2734618756651,-0.11337101016389],[130.2611342892161,-0.122087972381982],[130.2511425317025,-0.109218851069118],[130.2668469753078,-0.104364750432831]]],[[[130.3742894909673,-0.104148262032558],[130.3751689397947,-0.104302450797425],[130.3752030411875,-0.104496941780388],[130.3747177939911,-0.104568951395903],[130.3742894909673,-0.104148262032558]]],[[[130.1885314079982,-0.104556683743942],[130.1883878168443,-0.104152978077446],[130.1888446742424,-0.104010209803265],[130.188930333768,-0.104333817351757],[130.1885314079982,-0.104556683743942]]],[[[130.1867396742967,-0.103983232839846],[130.1865889452236,-0.10386268411551],[130.1866460521736,-0.103715156629105],[130.1868364089731,-0.103800817953362],[130.1867396742967,-0.103983232839846]]],[[[130.1929659002561,-0.105704386847963],[130.1913461942716,-0.108108449145552],[130.1891682808915,-0.105523547573652],[130.1917856875595,-0.103667568103718],[130.1929659002561,-0.105704386847963]]],[[[130.1880697931865,-0.104187867276176],[130.1881022820947,-0.1037341925789],[130.1884163712186,-0.103534318254164],[130.188521066694,-0.103686604053513],[130.1880697931865,-0.104187867276176]]],[[[130.2644418778904,-0.103516064714507],[130.2642346686951,-0.103555780574796],[130.2640927493809,-0.103442708813953],[130.2643782841305,-0.103347530863809],[130.2644418778904,-0.103516064714507]]],[[[130.1901113702436,-0.103338399147715],[130.1900439219896,-0.103210711605042],[130.1901105473639,-0.103115532755529],[130.1901956232295,-0.103295006859019],[130.1901113702436,-0.103338399147715]]],[[[130.2770608114074,-0.103109583740293],[130.2767157892024,-0.103216659720998],[130.2765492266656,-0.102990610628131],[130.2773701413191,-0.102764563333915],[130.2770608114074,-0.103109583740293]]],[[[130.2694268487701,-0.102837919234558],[130.2690895580367,-0.102830525008704],[130.2690658222299,-0.102681280716491],[130.2693513578789,-0.102716973009878],[130.2694268487701,-0.102837919234558]]],[[[130.2758061159595,-0.102261348582358],[130.2752643175943,-0.10206262179249],[130.2750865234244,-0.101627252795458],[130.2760257456916,-0.101872264993011],[130.2758061159595,-0.102261348582358]]],[[[130.2718616885661,-0.102740768171897],[130.2709455959625,-0.10318096832698],[130.2703210203988,-0.103158247854809],[130.2712906181676,-0.101610523606757],[130.2718616885661,-0.102740768171897]]],[[[131.1841857172971,-0.103728057403865],[131.1826522194244,-0.100867929111617],[131.1832017186844,-0.100089695383046],[131.1840333352702,-0.100570205850284],[131.1841857172971,-0.103728057403865]]],[[[130.6680332090654,-0.100438883247802],[130.6669061957643,-0.100184731240274],[130.6667850642793,-0.099889268874589],[130.6684805480389,-0.099734562100265],[130.6680332090654,-0.100438883247802]]],[[[130.6914036941252,-0.100685227341371],[130.6905931657421,-0.100346658671294],[130.6897969842435,-0.098616661629583],[130.6916457961167,-0.09991625932784],[130.6914036941252,-0.100685227341371]]],[[[131.1830057015519,-0.099714419085098],[131.1824878818104,-0.099657822950119],[131.1825778553838,-0.098423272316131],[131.1829380842253,-0.098525182591017],[131.1830057015519,-0.099714419085098]]],[[[130.3084177402866,-0.097768032568604],[130.3080846161122,-0.097747763648284],[130.3081226871124,-0.097577675769037],[130.3084462937615,-0.097558639819331],[130.3084177402866,-0.097768032568604]]],[[[131.1830403632223,-0.097750984120617],[131.1821678220874,-0.097363827778432],[131.1832453232132,-0.096712041427496],[131.1835793413136,-0.096984089943744],[131.1830403632223,-0.097750984120617]]],[[[131.1828684802962,-0.095185461140071],[131.1833502642033,-0.095553595022382],[131.1835772836648,-0.096566210961837],[131.1819373663165,-0.096278461182012],[131.1828684802962,-0.095185461140071]]],[[[130.6360546570967,-0.09564181221984],[130.6355906743702,-0.096251798082017],[130.6348893371733,-0.095828464711792],[130.635846843557,-0.095107888318394],[130.6360546570967,-0.09564181221984]]],[[[130.3352135406724,-0.095414975320798],[130.3344204897139,-0.096311802647511],[130.332821492418,-0.095445679074738],[130.3348487927376,-0.093684877555036],[130.3352135406724,-0.095414975320798]]],[[[130.1899282358994,-0.093847346377876],[130.1897854694239,-0.093711716922121],[130.1898282987371,-0.093547533991492],[130.1900424506986,-0.093704578103784],[130.1899282358994,-0.093847346377876]]],[[[130.3597409747663,-0.097738409799744],[130.3572627031114,-0.095534613031914],[130.3580193719965,-0.093278884013229],[130.3596231276054,-0.094325846860313],[130.3597409747663,-0.097738409799744]]],[[[130.1898354366561,-0.093411905435017],[130.1896998080997,-0.093404765717311],[130.1898568531113,-0.093269137160926],[130.1899068212429,-0.093290551817462],[130.1898354366561,-0.093411905435017]]],[[[130.1900924188301,-0.093112092149264],[130.1899353747179,-0.093119230967689],[130.1899996195868,-0.092883664349566],[130.1900995576485,-0.092983602411303],[130.1900924188301,-0.093112092149264]]],[[[130.1897854694239,-0.092519607094113],[130.1896783934432,-0.092505330356721],[130.1896569778872,-0.092433945769946],[130.1897640538681,-0.092412531113409],[130.1897854694239,-0.092519607094113]]],[[[131.179887209727,-0.092656038745156],[131.1792679653444,-0.092718829410357],[131.17897835127,-0.092095778197601],[131.1792590161907,-0.092046452181973],[131.179887209727,-0.092656038745156]]],[[[130.6765374033785,-0.091461176092336],[130.6773025816489,-0.092369172099518],[130.6748122941521,-0.091437381829687],[130.6752168020139,-0.090735441187631],[130.6765374033785,-0.091461176092336]]],[[[130.63355326657,-0.090960662904196],[130.6332284557287,-0.090959151143879],[130.633064649614,-0.090892485299923],[130.6335500595876,-0.090507013387933],[130.63355326657,-0.090960662904196]]],[[[130.3347852601318,-0.090678416975345],[130.3342110969646,-0.09051543643819],[130.3339957875756,-0.090094078878591],[130.3347916857878,-0.090306042789637],[130.3347852601318,-0.090678416975345]]],[[[130.180969565593,-0.089742775808402],[130.1920055061493,-0.097980470422312],[130.1855809607928,-0.103676898569985],[130.1790422024358,-0.089371579734612],[130.180969565593,-0.089742775808402]]],[[[130.4197502761544,-0.088234503019871],[130.4200537325937,-0.088368424663068],[130.4193307631043,-0.08851510229009],[130.4192831736795,-0.088324744591242],[130.4197502761544,-0.088234503019871]]],[[[130.667728638366,-0.090295241032459],[130.6699558139097,-0.090714025631724],[130.671040847757,-0.095530055267792],[130.6626196635667,-0.092671478306075],[130.667728638366,-0.090295241032459]]],[[[130.6283033491203,-0.087639761565653],[130.6305305237647,-0.087796805678034],[130.6288996517976,-0.09018102623333],[130.6274543342502,-0.088301319949904],[130.6283033491203,-0.087639761565653]]],[[[130.4237089712921,-0.085112473261953],[130.4243276311154,-0.08884822736375],[130.4204491087395,-0.087896441567439],[130.4200921903024,-0.0867543007703],[130.4237089712921,-0.085112473261953]]],[[[130.4224192976126,-0.08488782441354],[130.4221624997996,-0.084866832438271],[130.42190320367,-0.084479466554102],[130.4221623208344,-0.084446224013915],[130.4224192976126,-0.08488782441354]]],[[[130.1759814767639,-0.084282979076169],[130.1773670622402,-0.085061185824989],[130.1788341235959,-0.089087842729699],[130.1752493422833,-0.087595311674241],[130.1759814767639,-0.084282979076169]]],[[[130.4402574888921,-0.083287264095924],[130.4408439862611,-0.083319911284788],[130.4409172980949,-0.083410071917259],[130.4398827054227,-0.083713289136947],[130.4402574888921,-0.083287264095924]]],[[[130.4586446155566,-0.082392453049243],[130.4585018481819,-0.082316310149524],[130.4586446155566,-0.082149747612695],[130.4588111780934,-0.082278239149394],[130.4586446155566,-0.082392453049243]]],[[[130.4586355431958,-0.081337560879627],[130.4584258806499,-0.081320473760796],[130.4583781158574,-0.081250312252015],[130.4586391656649,-0.081236081379979],[130.4586355431958,-0.081337560879627]]],[[[130.4219005812468,-0.080948416136442],[130.4221623208344,-0.082542655119402],[130.4200683960397,-0.082280913733149],[130.4207346452877,-0.081376719160245],[130.4219005812468,-0.080948416136442]]],[[[130.4983476739061,-0.081353594892411],[130.4981327431317,-0.081445402183514],[130.4977679853043,-0.08088806623128],[130.4980382810419,-0.080760188931508],[130.4983476739061,-0.081353594892411]]],[[[130.3548152467263,-0.079983545204401],[130.3545963355525,-0.080012097779994],[130.3546302480875,-0.079840654622457],[130.3547200678769,-0.079859812880015],[130.3548152467263,-0.079983545204401]]],[[[130.3320168429031,-0.079364942937746],[130.3348675525955,-0.080545745589669],[130.3302798356459,-0.084861497659874],[130.3278051972522,-0.081006771345374],[130.3320168429031,-0.079364942937746]]],[[[130.1752625731093,-0.07584519340085],[130.1750232931905,-0.075947850113137],[130.1748805249164,-0.075614725938847],[130.1750946768779,-0.075519547988703],[130.1752625731093,-0.07584519340085]]],[[[130.4437872613731,-0.075660165084537],[130.4436254580484,-0.075488843335394],[130.4438294000069,-0.075320741159215],[130.4438871994348,-0.075536432760062],[130.4437872613731,-0.075660165084537]]],[[[130.4434780636618,-0.075361362636686],[130.4429782447503,-0.0761503342704],[130.4422025399153,-0.076050396208752],[130.4422644060776,-0.075764860559849],[130.4434780636618,-0.075361362636686]]],[[[130.346687504125,-0.074905206709877],[130.3474194848214,-0.075367787393413],[130.3474551771147,-0.076890641789687],[130.3463179780923,-0.074946675348711],[130.346687504125,-0.074905206709877]]],[[[130.430010965134,-0.075542612001891],[130.4293720876519,-0.075285298877395],[130.4287772229906,-0.074000389806075],[130.430082967555,-0.075272599550738],[130.430010965134,-0.075542612001891]]],[[[130.3741335368333,-0.074441945239537],[130.3735808656645,-0.073934955133995],[130.3746278294109,-0.07383977628457],[130.3746849363609,-0.073953991083789],[130.3741335368333,-0.074441945239537]]],[[[130.0870357421059,-0.073612686676119],[130.0869821308207,-0.073573243310479],[130.0870105988601,-0.073527828446432],[130.0870321726967,-0.073580563791944],[130.0870357421059,-0.073612686676119]]],[[[130.0871356801675,-0.073041616277505],[130.0870535882526,-0.072941679115138],[130.0871020113488,-0.072798526830534],[130.0871606642333,-0.072866726018519],[130.0871356801675,-0.073041616277505]]],[[[130.366690583004,-0.070482521650986],[130.3663663396349,-0.07031817414436],[130.3670325888829,-0.069689995896541],[130.3670325888829,-0.070203960244511],[130.366690583004,-0.070482521650986]]],[[[130.3636442365923,-0.072316920989104],[130.366309232685,-0.071936208289339],[130.3672559930697,-0.075224593739945],[130.3613218830985,-0.073953991083789],[130.3624259528955,-0.068719175949175],[130.3636442365923,-0.072316920989104]]],[[[130.1904193565681,-0.065616230704427],[130.1904955003671,-0.067691121348082],[130.1864980048791,-0.065578158804927],[130.1877543613747,-0.063941089609523],[130.1904193565681,-0.065616230704427]]],[[[130.0645454729953,-0.064590961303759],[130.0639172956468,-0.07662151607011],[130.0135679010378,-0.070244560138269],[130.0537373900686,-0.071294750652198],[130.0645454729953,-0.064590961303759]]],[[[130.4813407385843,-0.062572689278076],[130.4811227681014,-0.062625522649709],[130.4809949528548,-0.062187422411577],[130.4813105429473,-0.062209906362012],[130.4813407385843,-0.062572689278076]]],[[[131.101906283748,-0.064433409074541],[131.1004647442526,-0.062673346797462],[131.1017615612471,-0.061295688844856],[131.1035453647268,-0.062278800726004],[131.101906283748,-0.064433409074541]]],[[[130.4893848730136,-0.059610303572624],[130.4902129246868,-0.059738795109235],[130.4889422932523,-0.060038606596338],[130.4873575717945,-0.059267660973708],[130.4893848730136,-0.059610303572624]]],[[[130.4889280156154,-0.057811431052615],[130.4887995249782,-0.05724035975472],[130.4897013534347,-0.057231639928171],[130.4896873087224,-0.05745334979215],[130.4889280156154,-0.057811431052615]]],[[[130.4998860326145,-0.057281683602708],[130.5053140203258,-0.059282095092586],[130.5055030892962,-0.061564675169537],[130.4941402460755,-0.059786722679059],[130.4998860326145,-0.057281683602708]]],[[[130.4829174983439,-0.056812056730918],[130.4859727246616,-0.058553823200283],[130.4771925140234,-0.057725769728448],[130.4798765460658,-0.05658362893122],[130.4829174983439,-0.056812056730918]]],[[[130.4986342392788,-0.055427752788509],[130.4985550485767,-0.055462123078501],[130.4983364054009,-0.055417692972151],[130.4986029042008,-0.055289202334821],[130.4986342392788,-0.055427752788509]]],[[[130.4984661164182,-0.055209520602853],[130.4981508069143,-0.055232095384808],[130.4981508069143,-0.055179746747827],[130.4982983326021,-0.055136917434753],[130.4984661164182,-0.055209520602853]]],[[[130.7302011558587,-0.053900965656942],[130.7299549223818,-0.054482014033644],[130.7288574383203,-0.054334669109648],[130.7290169771518,-0.053954398876391],[130.7302011558587,-0.053900965656942]]],[[[130.4984077800951,-0.054033400720835],[130.4974700354138,-0.053899127442739],[130.4971481626576,-0.053670216707038],[130.4983097503947,-0.053291073324305],[130.4984077800951,-0.054033400720835]]],[[[130.62175428813,-0.05191988599387],[130.6213926095814,-0.052005546418757],[130.6212831548937,-0.051877054882146],[130.6214735116932,-0.051800912881797],[130.62175428813,-0.05191988599387]]],[[[130.4679495005691,-0.051453865403486],[130.4699958377377,-0.053619174784972],[130.4732398704238,-0.05537951405328],[130.4646917999867,-0.053317130281341],[130.4679495005691,-0.051453865403486]]],[[[130.6171809639305,-0.051386885696195],[130.6170572316061,-0.051282190220794],[130.6172142766177,-0.05120128810894],[130.61731421378,-0.051334537958494],[130.6171809639305,-0.051386885696195]]],[[[130.7728499057986,-0.0463778831328],[130.7722823787289,-0.046375347044572],[130.7718288551176,-0.045980326131081],[130.7726554867614,-0.045506300675216],[130.7728499057986,-0.0463778831328]]],[[[130.7236865299095,-0.045946290388946],[130.723282740606,-0.045549647098467],[130.7238330402627,-0.045303767055119],[130.7240284197758,-0.04561846591942],[130.7236865299095,-0.045946290388946]]],[[[130.7359932224093,-0.045269551448593],[130.7375493885935,-0.045326658398517],[130.7337879210758,-0.045528213556148],[130.7347004047,-0.044494994148605],[130.7359932224093,-0.045269551448593]]],[[[130.5562728935793,-0.04378197116093],[130.5558042991292,-0.043701164377177],[130.5556436451382,-0.043512573846163],[130.5566209761772,-0.04344520293367],[130.5562728935793,-0.04378197116093]]],[[[130.7777928918286,-0.044296907676047],[130.7772462119432,-0.044197719649011],[130.7766989609884,-0.04348337735596],[130.7780257658764,-0.043364837717055],[130.7777928918286,-0.044296907676047]]],[[[130.5569132738286,-0.043225319592713],[130.5558893498137,-0.042611257103767],[130.5561577407871,-0.041795938931413],[130.5570402742893,-0.042864689653646],[130.5569132738286,-0.043225319592713]]],[[[130.5517516212404,-0.041673598757511],[130.5536142637873,-0.044401293784604],[130.5535784491861,-0.044929119383299],[130.5485830281842,-0.041267106991397],[130.5517516212404,-0.041673598757511]]],[[[130.5129879767138,-0.037126039235227],[130.5127264187892,-0.037071245341716],[130.5127918039987,-0.036691272783942],[130.5131114860064,-0.036775297342009],[130.5129879767138,-0.037126039235227]]],[[[130.5116888754414,-0.037095827410452],[130.5109573821775,-0.036895194957223],[130.5109943236292,-0.036449327274537],[130.5119991928086,-0.036404721800379],[130.5116888754414,-0.037095827410452]]],[[[130.5138828686996,-0.035745683316593],[130.513402594754,-0.035611928947324],[130.5134247486533,-0.035114039980913],[130.5140232456763,-0.035158616676759],[130.5138828686996,-0.035745683316593]]],[[[130.528218858014,-0.037162199176136],[130.5252574480728,-0.044083897853556],[130.5118102542399,-0.041410915781073],[130.502019273071,-0.037299834120022],[130.528218858014,-0.037162199176136]]],[[[131.0813501326025,-0.038439658263625],[131.08032639115,-0.048729282030704],[131.0644530548647,-0.041021789024301],[131.0751015575909,-0.032562217272483],[131.0813501326025,-0.038439658263625]]],[[[130.5235943489001,-0.033404250705507],[130.5227085760401,-0.033181327656065],[130.523092835666,-0.032448578039437],[130.5235666587744,-0.03267314504958],[130.5235943489001,-0.033404250705507]]],[[[130.5206193034381,-0.033927397131597],[130.5198880556893,-0.033287274987684],[130.5202930770639,-0.032472557562427],[130.5212651488675,-0.032879899187924],[130.5206193034381,-0.033927397131597]]],[[[130.7368669596424,-0.032119508008835],[130.7364814868312,-0.032219445171203],[130.7363244427189,-0.032133784746316],[130.7367527457427,-0.031833972359932],[130.7368669596424,-0.032119508008835]]],[[[130.9424591802471,-0.024689453155682],[130.9422058996826,-0.024684148954249],[130.9420264903304,-0.024423848281943],[130.9423193491587,-0.024245886838139],[130.9424591802471,-0.024689453155682]]],[[[130.7376694930527,-0.022046818705659],[130.7370413148049,-0.022046818705659],[130.7368708851833,-0.021910747682766],[130.7380983005961,-0.021755228820711],[130.7376694930527,-0.022046818705659]]],[[[130.4307361631435,-0.021383903244468],[130.4302405908307,-0.021842208551062],[130.430523418621,-0.021338214087299],[130.4307361631435,-0.021383903244468]]],[[[130.4290270663461,-0.0210427085541],[130.4292269406708,-0.021927868975949],[130.429683798069,-0.022113466563114],[130.4285416563725,-0.021984975925873],[130.4290270663461,-0.0210427085541]]],[[[130.4311257512525,-0.0210427085541],[130.4309999459908,-0.020845784005699],[130.4313541790522,-0.020771451441329],[130.431397010164,-0.020857110966846],[130.4311257512525,-0.0210427085541]]],[[[130.3018829470405,-0.020086166243496],[130.3015200786888,-0.019955296000054],[130.3017223326197,-0.01914033036188],[130.3023171990795,-0.019901757560062],[130.3018829470405,-0.020086166243496]]],[[[130.3019060488251,-0.018867819594151],[130.3015855142602,-0.018848845697653],[130.3014605930321,-0.018753667747509],[130.3017104363876,-0.018599003241418],[130.3019060488251,-0.018867819594151]]],[[[130.2992952827511,-0.018932127415708],[130.298533855553,-0.019217663064611],[130.299200104801,-0.017956548256029],[130.2992952827511,-0.017962497271443],[130.2992952827511,-0.018932127415708]]],[[[130.7503486667577,-0.019207863152262],[130.7499730307309,-0.018485195835074],[130.750444163967,-0.017657144161801],[130.750558377867,-0.017871295224017],[130.7503486667577,-0.019207863152262]]],[[[130.3031678561117,-0.01809931563084],[130.3029061147255,-0.018027931943434],[130.3029729370514,-0.017567042884606],[130.3031874046751,-0.017746756207762],[130.3031678561117,-0.01809931563084]]],[[[130.2994796914348,-0.01793275399338],[130.2990989778355,-0.017575834656983],[130.2995927164308,-0.017165377779873],[130.2996997924115,-0.01754609137892],[130.2994796914348,-0.01793275399338]]],[[[130.2995510751221,-0.017022610405062],[130.2994529402012,-0.017003035761467],[130.2994677943034,-0.016784664180916],[130.2996165097942,-0.01681440655952],[130.2995510751221,-0.017022610405062]]],[[[130.1462641531681,-0.016850347065825],[130.146002411782,-0.017207267301503],[130.1455503153947,-0.016897937389862],[130.1459906432536,-0.01657388107972],[130.1462641531681,-0.016850347065825]]],[[[130.3022882777818,-0.016899173957688],[130.3021208932647,-0.016850098852997],[130.3021863279367,-0.016576461234655],[130.302483760717,-0.01665974205334],[130.3022882777818,-0.016899173957688]]],[[[130.9439628961708,-0.018163243039185],[130.9565794608735,-0.022570648616485],[130.9471462551956,-0.033417652402681],[130.9394527502444,-0.01766005436801],[130.9439628961708,-0.018163243039185]]],[[[130.7573398416604,-0.016272297028832],[130.7568544316867,-0.016058145966616],[130.7579306278963,-0.015539602270811],[130.7579537431708,-0.015901101854324],[130.7573398416604,-0.016272297028832]]],[[[130.2887511760261,-0.015731746023187],[130.2885960366779,-0.015622296731602],[130.2887863943766,-0.015412904881609],[130.2887292874267,-0.015622296731602],[130.2887511760261,-0.015731746023187]]],[[[130.4017703409286,-0.008426806651743],[130.4026150489455,-0.00879562311942],[130.4024172592492,-0.009257898033502],[130.4010921936499,-0.009081158768412],[130.4017703409286,-0.008426806651743]]],[[[130.8137671676208,-0.006509541082414],[130.8276100847377,-0.01572978010527],[130.8333977032415,-0.009262956720038],[130.8798059412912,-0.015058771644918],[130.9385673685892,-0.040900486668052],[130.9492967392533,-0.041676032322949],[130.9543890711988,-0.033646596413275],[130.970208483235,-0.04955826180433],[130.9666289971305,-0.062400841425683],[130.9854687705674,-0.054572339242023],[130.9763715839815,-0.03513972641718],[131.0079359576783,-0.043886642354598],[131.0170351488531,-0.040950892769478],[131.0158535970659,-0.032212202930795],[131.0330614472281,-0.035045083563714],[131.0508038184415,-0.021333099642787],[131.0540515032743,-0.049621375326206],[131.0338066659449,-0.060618143212723],[131.0735963586851,-0.070077861803844],[131.0884170547035,-0.061868011999058],[131.1054193576173,-0.07426332279408],[131.1331551141172,-0.070693427959226],[131.157684840583,-0.081185176154877],[131.1664760930973,-0.100195739841505],[131.1809752958733,-0.100388540099042],[131.1938853876007,-0.129604595975222],[131.2008129093883,-0.126951687670187],[131.2124363401651,-0.138850123934089],[131.2277325742989,-0.132774466968025],[131.2369346362246,-0.144841479350768],[131.2580836879119,-0.13580267855067],[131.2626008206714,-0.14883852787573],[131.299376951785,-0.159935475741582],[131.3120043865932,-0.183756503160096],[131.3082959826735,-0.192077049616104],[131.3181529192219,-0.197725901828852],[131.3150258901328,-0.209554494943889],[131.2948126181079,-0.221686739651242],[131.2967663233072,-0.243628084168693],[131.3408683228149,-0.291784963105515],[131.3228159597887,-0.301891553252512],[131.3107328864137,-0.298370717334675],[131.301772584737,-0.320146388744805],[131.2803477136761,-0.327863969446598],[131.2870192650271,-0.33566467358577],[131.2775155857758,-0.345016567060854],[131.2451882083692,-0.340244126665093],[131.2557140183873,-0.37187168493025],[131.2416228497148,-0.380923155379234],[131.212908528306,-0.364808371808836],[131.195587413928,-0.369729180557224],[131.2006913624165,-0.358008945856072],[131.191656104046,-0.354026369221552],[131.1932291487063,-0.342014832418583],[131.102365170916,-0.32225745371848],[131.0998807901664,-0.307328006282395],[131.0808063512322,-0.321344187684039],[131.0726215142716,-0.318130731947688],[131.0633000790354,-0.322222023127841],[131.0669590876918,-0.327963179956717],[131.0632601581299,-0.32634426177818],[131.0609896802296,-0.327262063993031],[131.0552632309134,-0.342729888773333],[131.0446718594188,-0.346669018260551],[131.0448485788988,-0.341050719615035],[131.035524315295,-0.33712078839361],[131.0246325891228,-0.357056937027947],[131.0052124741765,-0.335444699413292],[130.9876660724313,-0.337850882312265],[130.9932798151115,-0.356623211991616],[130.9593184172111,-0.350809070682059],[130.9415401810346,-0.342024152992229],[130.9363063839326,-0.322838763797842],[130.924909860202,-0.315457105960595],[130.91981006838,-0.300448949859147],[130.9028015664392,-0.303115764380982],[130.8944297028686,-0.298546383708567],[130.904256200963,-0.295061587222436],[130.9023476588175,-0.290360829088934],[130.8976674627833,-0.291951260342296],[130.9010902420212,-0.279692034060089],[130.8988738043827,-0.270157278735342],[130.8821144829971,-0.258549465585281],[130.8838896763675,-0.254862619314425],[130.8821658154,-0.249028621873373],[130.8683263813575,-0.234799022356905],[130.8609279781437,-0.23211948242812],[130.8392799592028,-0.245383960101611],[130.7999920863657,-0.241981762748081],[130.7903489897142,-0.222942117684502],[130.796846015931,-0.192545218686815],[130.7851972728359,-0.177350322859107],[130.7905333894045,-0.169163750206883],[130.7815831889131,-0.168853277256956],[130.7765741485781,-0.153632870360612],[130.7689584718561,-0.163189277762912],[130.7664718895661,-0.153996209957066],[130.7555840187875,-0.159877350759066],[130.7220720013219,-0.13734803128658],[130.7085841167636,-0.095425372382943],[130.6800208041169,-0.098531725158926],[130.695305444191,-0.092852109836963],[130.6987399928564,-0.077868361335723],[130.6633286099274,-0.078803536653796],[130.6646433818867,-0.087427418140765],[130.6520520881335,-0.082956568990403],[130.6454971968382,-0.095935651309256],[130.6220218571231,-0.079809656790156],[130.6105402827079,-0.09114171531788],[130.6159251209476,-0.099265194233292],[130.623959350244,-0.096468210039793],[130.6199967457533,-0.104330000628996],[130.6540328629263,-0.101772817961157],[130.6457484916996,-0.11357466074198],[130.6662972288341,-0.116569926560819],[130.6581630416911,-0.123274881430538],[130.641724700035,-0.114045049339476],[130.6224668731477,-0.120393640653996],[130.6375362676847,-0.143995318928772],[130.6262608529561,-0.143228932868913],[130.6234365977209,-0.132326644159233],[130.6201673507427,-0.144741722052791],[130.6563185924292,-0.152145608433043],[130.6942304737575,-0.197945768981958],[130.7018689123205,-0.218449350257258],[130.7178919704381,-0.240285151238664],[130.7225613206485,-0.239436198421819],[130.7262492002404,-0.264357844938592],[130.7406632623998,-0.275011739100409],[130.7303150603919,-0.294494559276417],[130.7597284706924,-0.289661083692019],[130.7706576437354,-0.2973766328253],[130.7827103712867,-0.291044603425641],[130.7838429010292,-0.300886277579584],[130.7913841138858,-0.294657595571548],[130.7920546412088,-0.305659066912403],[130.8085993106098,-0.3050065871842],[130.8143481611388,-0.312213764853267],[130.8213889507396,-0.304458443202529],[130.8110832363024,-0.295447329830337],[130.826851940065,-0.288116892880266],[130.8470607613451,-0.293172102610376],[130.8530492973872,-0.310009656020751],[130.8980331792878,-0.315462475812536],[130.9192506819735,-0.305843829928756],[130.9321814509132,-0.348947527106683],[130.944134851942,-0.355036553394219],[130.9394520730548,-0.363445567958534],[130.9185699230636,-0.360071492405359],[130.9245054683527,-0.372614621167758],[130.9365967201626,-0.378383824254039],[130.9360161313394,-0.382466979267607],[130.927611875088,-0.378735984378123],[130.9124989983302,-0.397019690806014],[130.9105126837135,-0.390526509190961],[130.8839850791481,-0.40322558129551],[130.8805996541507,-0.42022256112231],[130.8562877488806,-0.416104101423079],[130.8131327615678,-0.437449092001943],[130.8015007035947,-0.428409999821591],[130.7929611191604,-0.442263216873931],[130.7717315682573,-0.432597845813889],[130.7678551628855,-0.441496266939081],[130.7499999834126,-0.443323620988314],[130.7265123598576,-0.43916688614283],[130.709590153263,-0.409487575990822],[130.7027092343437,-0.410911721698495],[130.7071856700827,-0.398437454924563],[130.6996871147686,-0.389092184956288],[130.705812030301,-0.377985176374709],[130.6965215650184,-0.35522729240556],[130.6870516777928,-0.340587915899595],[130.6732510324093,-0.339002231267907],[130.705219109974,-0.326078232424434],[130.6931926992837,-0.311367481224226],[130.6949022457421,-0.300281690347662],[130.6786048215554,-0.292411297743181],[130.6364704964163,-0.313000160828716],[130.6339292317488,-0.300922016637697],[130.6234691217026,-0.303782129641553],[130.6192977683774,-0.311118959872017],[130.6153510351222,-0.298733072173521],[130.6041761735916,-0.313397242988314],[130.5742584783461,-0.318759214166311],[130.5833258470103,-0.334448350410968],[130.575820854349,-0.330752650314528],[130.5785508966067,-0.338854385421497],[130.5700666870281,-0.340265526033148],[130.5762281438139,-0.348262582751937],[130.5697420983192,-0.346182690978372],[130.5745489710582,-0.351353635361898],[130.5685069163611,-0.34753327663937],[130.5581243899287,-0.367715470792332],[130.562980034701,-0.369388881591595],[130.5863523615723,-0.35860312163665],[130.5903425042032,-0.360889149714508],[130.5874819640214,-0.366366045256752],[130.5872418000691,-0.37047837427753],[130.5914394117995,-0.379644263671766],[130.584102045573,-0.383819320405257],[130.5655401266756,-0.407841758190555],[130.5677099272714,-0.413156052709576],[130.5644636633674,-0.414096577195247],[130.5659937186353,-0.414646523418297],[130.5642316904403,-0.419160944721833],[130.565908967425,-0.4223222937388],[130.5559632552001,-0.430531763130285],[130.5411845512261,-0.424024406401172],[130.5583778764379,-0.392257815645605],[130.5575703490924,-0.375583330006604],[130.543909472744,-0.383240618359862],[130.5464191766038,-0.306392009883341],[130.5238064504074,-0.308919142604294],[130.5174313506764,-0.294379889420318],[130.5348232902627,-0.257385226646781],[130.5273794811782,-0.246348095388241],[130.5166083828707,-0.241421119089383],[130.4848186651493,-0.262803749893139],[130.4632209147135,-0.261674534152403],[130.4516784301155,-0.288530707825865],[130.4374462522428,-0.290102697581387],[130.4300000005996,-0.28402947777815],[130.4443061063417,-0.282375163183149],[130.4426583262209,-0.274014414333726],[130.4301477025545,-0.260912515200376],[130.3988758549368,-0.271453128958646],[130.3935515077959,-0.259989414180131],[130.3762839048784,-0.260692737080051],[130.3919962939939,-0.27434740271042],[130.3851742932591,-0.278551312393096],[130.3557048812753,-0.253198540779989],[130.3430226363856,-0.255654911245154],[130.3286947175872,-0.273063097084217],[130.327735272265,-0.259802462213868],[130.3174517971628,-0.272865066369635],[130.3198679589392,-0.251412442230395],[130.2914896961926,-0.227957250027069],[130.2420619933664,-0.223433604377268],[130.2189376617438,-0.209289579850205],[130.2245983993966,-0.2011089930855],[130.238725258564,-0.204506862901324],[130.2405025986161,-0.201363060556739],[130.2728210322649,-0.2117780201395],[130.2676706301955,-0.221134929133607],[130.2854702468545,-0.214205070907239],[130.3378734627902,-0.218861103956749],[130.3530901159162,-0.201836059886221],[130.3578133463089,-0.204512954009564],[130.3666566129124,-0.202074006110456],[130.3754011321566,-0.207285026083051],[130.3710681337874,-0.224464734659671],[130.3873293701544,-0.229504432883212],[130.3792446727035,-0.234330724683199],[130.3675274956974,-0.223957909130126],[130.3760517323017,-0.238276503757609],[130.4087894928409,-0.223031389786746],[130.411114932808,-0.216468346137225],[130.4057646366288,-0.214910133096138],[130.4150041616129,-0.206169989053675],[130.4222710362793,-0.207683325924693],[130.4223010889241,-0.204072697197136],[130.4325074768386,-0.203357466373946],[130.4414304557509,-0.195062664810111],[130.4511672095992,-0.198731794436727],[130.431995222102,-0.176332998968645],[130.391877829898,-0.18675335538301],[130.3760615313147,-0.181866633638242],[130.4257082766158,-0.167084930425146],[130.4184092601793,-0.149313654101826],[130.428233952435,-0.135175354658815],[130.424485704052,-0.128829839025782],[130.4183095460488,-0.137766014589838],[130.4005595081149,-0.126734104795004],[130.4192125508186,-0.161767637566326],[130.4109508883729,-0.158603344168975],[130.3983909890529,-0.168973493232086],[130.3846646897238,-0.158846171013918],[130.389739600902,-0.171778523659929],[130.3760133627266,-0.163306009764488],[130.372645957445,-0.137890292802714],[130.3626453452066,-0.14043108622557],[130.367803496734,-0.16001078676833],[130.3358245382719,-0.140947187362775],[130.3333894313772,-0.152095661885257],[130.3490037808998,-0.162102635028541],[130.3487978226615,-0.1799676908562],[130.3557237787295,-0.191049065162188],[130.3026074669611,-0.173841517172216],[130.2987362731605,-0.165336606099478],[130.3092488019906,-0.163514462722228],[130.3071666520194,-0.148833862192957],[130.2956093996542,-0.150730494616605],[130.2811918562192,-0.138465606202745],[130.2845986023436,-0.126269219149114],[130.2944986541896,-0.131812849783122],[130.2810145252002,-0.112394697157539],[130.3008607380327,-0.10184372230986],[130.2956400341603,-0.093446932230082],[130.3100738454317,-0.103316935927802],[130.3220996409857,-0.101560893620237],[130.3238842367682,-0.108437536263198],[130.3350201135875,-0.102012990906777],[130.34539100639,-0.109930757098711],[130.3426507694175,-0.095788077957407],[130.3497230595716,-0.092654232007108],[130.3440041159972,-0.086118446808817],[130.352305641792,-0.078228618056267],[130.3594249970661,-0.103153111826584],[130.3495581526866,-0.112952883868436],[130.3576852405815,-0.118769981249647],[130.3584132579656,-0.128981805565845],[130.3636903007668,-0.136064453211906],[130.38208391604,-0.118833658646425],[130.3753082807526,-0.104288174959224],[130.3809043751369,-0.100908651313139],[130.3703418206186,-0.098294727719475],[130.3624806802393,-0.083061377780316],[130.3801853914428,-0.082580334914509],[130.3679927536627,-0.075242896742258],[130.3884271446971,-0.081156988704015],[130.4047978159665,-0.076850695702982],[130.4000617423556,-0.084503275205952],[130.4079807343234,-0.094892058221843],[130.3975909575568,-0.11012302765552],[130.4126682724229,-0.114617788879803],[130.418045854033,-0.100483790894204],[130.422947544094,-0.107384227799814],[130.4358246396954,-0.103434074422884],[130.4377552790829,-0.090076921612583],[130.4263977616474,-0.088419924339947],[130.4373735537466,-0.074556837228171],[130.441631470416,-0.075717272034373],[130.4382573939635,-0.085204975729061],[130.4472124948607,-0.100454942441599],[130.4593715411637,-0.081443047758414],[130.4744998817643,-0.088075522667166],[130.4736820490874,-0.076666170107645],[130.4902815744351,-0.073642018963918],[130.4973349131758,-0.082192934856076],[130.5038090768274,-0.079370508841839],[130.5041887616021,-0.069299860999797],[130.5262491089093,-0.068129496778793],[130.5084710660869,-0.05085115325805],[130.5227194281591,-0.04805298016082],[130.5323749462468,-0.059438524068581],[130.5395899776954,-0.056973191859269],[130.5439042782599,-0.076136919083483],[130.5497724337509,-0.071531445020126],[130.5534654178948,-0.077605314133924],[130.560245235929,-0.072228442088898],[130.5483004144327,-0.057756129941458],[130.5790820793746,-0.074895887035511],[130.5769137230899,-0.0563652780351],[130.5644447002628,-0.049393244302712],[130.5709765895979,-0.050863404722248],[130.5695013372171,-0.039023572779653],[130.5802859478383,-0.04289626215275],[130.5769490763389,-0.053742329744713],[130.5866494049461,-0.06138968598515],[130.5862477677204,-0.048305954056518],[130.5940864142567,-0.042572088930706],[130.6074382943418,-0.056894545247024],[130.6203646862813,-0.051471710650899],[130.6339377807041,-0.063245664555714],[130.6375596680444,-0.054808862738723],[130.6551349542148,-0.059665385249266],[130.6565776844128,-0.049896219834602],[130.667724103085,-0.053192448272801],[130.6833312760176,-0.04109938073176],[130.6920851787881,-0.045773246438133],[130.7108970858319,-0.029802041430996],[130.7271025453463,-0.027854017249032],[130.7320807479282,-0.036720668024406],[130.7074884808088,-0.053461556905246],[130.7076688902071,-0.062186416070167],[130.7250404358675,-0.050432824615124],[130.7269122182244,-0.056710186925526],[130.7377682422107,-0.053659766584937],[130.7387938794341,-0.047074855020471],[130.7482198140932,-0.056363293231312],[130.7562239871473,-0.04925928938462],[130.7698595134059,-0.054351020583068],[130.7846341641355,-0.04291388526754],[130.7396866885899,-0.035953100255329],[130.7401091469196,-0.025283902330189],[130.7520250893864,-0.025350469248744],[130.7537168382615,-0.015478290090945],[130.7746290058241,-0.008962593049214],[130.8137671676208,-0.006509541082414]]],[[[130.1628698163889,-0.004723423647038],[130.1625343117092,-0.004616348565614],[130.1625914195584,-0.004309398260085],[130.1628912319448,-0.004359367290954],[130.1628698163889,-0.004723423647038]]],[[[130.1675597340946,-0.003681220012266],[130.1675464538058,-0.003539323181181],[130.167638255701,-0.003545590556511],[130.1676810868128,-0.003645528618248],[130.1675597340946,-0.003681220012266]]],[[[130.1639691269737,-0.003459931030905],[130.1635561879678,-0.003101193265456],[130.1643331851285,-0.00295310460208],[130.1642689402594,-0.003288609281851],[130.1639691269737,-0.003459931030905]]],[[[130.1627199101958,-0.002167883141249],[130.1631482132196,-0.002253543566136],[130.1627841559641,-0.002817476045694],[130.1623969222802,-0.002294781978554],[130.1627199101958,-0.002167883141249]]],[[[130.1811762001216,-0.002179781171899],[130.1808549721794,-0.002229749303487],[130.1807759163755,-0.002062225391322],[130.1809243485799,-0.001960104675083],[130.1811762001216,-0.002179781171899]]],[[[130.1644830913217,-0.002474834346058],[130.1639542009256,-0.002296301832841],[130.1639905434289,-0.002003700210532],[130.1646258586965,-0.002167883141249],[130.1644830913217,-0.002474834346058]]],[[[130.1649882638973,-0.001778047718728],[130.165132684226,-0.001846656098239],[130.1650755772762,-0.001968008816513],[130.1649795953322,-0.001942343963959],[130.1649882638973,-0.001778047718728]]],[[[130.1628840931264,-0.001532566974374],[130.1626681802924,-0.001423899193556],[130.1628484008331,-0.001204202012309],[130.1629697535514,-0.001332691750269],[130.1628840931264,-0.001532566974374]]],[[[130.1625271737901,-0.001354108205456],[130.1624516873955,-0.001234173718137],[130.1625557281644,-0.001168509718921],[130.1625914195584,-0.001275584800345],[130.1625271737901,-0.001354108205456]]],[[[130.163162489957,-0.000326180408885],[130.1640405106612,-0.000982912131667],[130.1640476503788,-0.001932317422495],[130.1626738972826,-0.000707403923508],[130.163162489957,-0.000326180408885]]],[[[130.1641118952479,-0.00043325638959],[130.164033372742,-0.000476085702752],[130.1638674280395,-0.000431663690284],[130.1641190331669,-0.000290489014779],[130.1641118952479,-0.00043325638959]]],[[[130.1765505281844,-0.001080469687922],[130.1763410320131,-0.000809770154733],[130.1771215976836,-0.000231001559461],[130.1772500892203,-0.000830626332318],[130.1765505281844,-0.001080469687922]]],[[[130.1668458963211,-0.000297626933923],[130.1666834598738,-0.000269674206058],[130.1667776566636,-7.0368252894e-05],[130.1669529723019,-0.00019055095313],[130.1668458963211,-0.000297626933923]]],[[[130.1268102749742,-0.001691990692779],[130.1300439618594,-0.002984037683154],[130.1260892983825,-0.003840643730671],[130.1234480956532,-0.00029286772161],[130.1268102749742,-0.001691990692779]]],[[[130.1799342040003,0.000310048569949],[130.1798272314417,0.00036094660045],[130.179839206814,0.000511380695675],[130.1799906112777,0.000424165343047],[130.1799342040003,0.000310048569949]]],[[[130.1725173413023,0.000461420658057],[130.1724279073221,0.000493747688354],[130.1724846941135,0.000609629830636],[130.1725815870707,0.000511389688926],[130.1725173413023,0.000461420658057]]],[[[130.1727671846579,0.000554219901369],[130.1726154573375,0.000615487115072],[130.172705903055,0.000812879310994],[130.1728242916079,0.000696988175461],[130.1727671846579,0.000554219901369]]],[[[130.1718534707611,0.000925415975159],[130.1718748872163,0.000789787418773],[130.1715251057991,0.000989660844228],[130.1716156621331,0.001103960179647],[130.1718534707611,0.000925415975159]]],[[[130.1660467677442,0.000992500003891],[130.1659279879863,0.001061074209227],[130.1659824824058,0.001195235971371],[130.1660944506984,0.001147657338516],[130.1660467677442,0.000992500003891]]],[[[130.1664238013175,0.001424093647115],[130.1663280037344,0.001261756125201],[130.1660640464187,0.001389803396743],[130.1662668075671,0.001504452568499],[130.1664238013175,0.001424093647115]]],[[[130.178076167781,0.001619749252077],[130.177867180626,0.001683129872651],[130.1778541980129,0.001994399621916],[130.1782847781201,0.001797137827639],[130.178076167781,0.001619749252077]]],[[[130.1680791384415,0.001918715376467],[130.1679305011918,0.002095353917506],[130.168144699918,0.002150855577574],[130.168161089163,0.002001597795529],[130.1680791384415,0.001918715376467]]],[[[130.1685327304012,0.001961255107849],[130.168416878836,0.002032886108891],[130.168414642222,0.002172610177828],[130.1685468902268,0.002122896554477],[130.1685327304012,0.001961255107849]]],[[[130.1767020270769,0.002057510445772],[130.1764987371271,0.002214484410976],[130.1765929339169,0.002413790364228],[130.1768148497256,0.002247699072131],[130.1767020270769,0.002057510445772]]],[[[130.1745973832627,0.002858291976635],[130.1745303289116,0.002978948619623],[130.1746959462609,0.003040023378473],[130.1747221282237,0.002962449657426],[130.1745973832627,0.002858291976635]]],[[[130.1812182946886,0.005865909983813],[130.1731187647194,0.003814809106226],[130.1761994076766,0.003523560963645],[130.1776056227014,0.001807955772579],[130.1760984299987,-0.000537951864901],[130.1690018392635,0.002839365744231],[130.1812182946886,0.005865909983813]]],[[[130.1279070647593,0.009138193073197],[130.1274702505517,0.009286062301969],[130.1276321348153,0.009866506334186],[130.1279172909503,0.009601099311338],[130.1279070647593,0.009138193073197]]],[[[130.1376551959306,0.016103275046151],[130.135188033601,0.003891339613668],[130.1289645172986,0.011653023967925],[130.1188284087042,0.010274680732023],[130.1262241876961,0.001844986257124],[130.1099936595798,0.004737571981403],[130.1189488333221,-0.015651396094965],[130.1432193347046,-0.016270055918335],[130.1415061226095,-0.027572496173692],[130.1282525249342,-0.023456029372218],[130.1160934804299,-0.035853020100765],[130.1297039974415,-0.041706494159291],[130.1328686802455,-0.033759095305966],[130.1461222779209,-0.046727157332407],[130.1556163272318,-0.036899982947849],[130.153950703662,-0.057125402115579],[130.1657766257907,-0.066214942665413],[130.1314410029,-0.096695838342223],[130.1250164584428,-0.08615482618424],[130.11882986021,-0.092769728340228],[130.1148323647219,-0.088581876052698],[130.1108586661946,-0.066333915777575],[130.0961773911737,-0.064549319995047],[130.101102874598,-0.057791651363528],[130.0940834645804,-0.049844250711553],[130.1045055054247,-0.047345817155689],[130.0975812733572,-0.034544316766796],[130.1115011202806,-0.03497261979051],[130.112214958054,-0.02854807533337],[130.0883546293627,-3.392142814e-06],[130.0950900667532,0.011561724793838],[130.1376551959306,0.016103275046151]]],[[[130.1414645253676,0.020829557737942],[130.1411520829024,0.020933392562059],[130.1414554287251,0.021595060663612],[130.1415939575951,0.02146781738592],[130.1414645253676,0.020829557737942]]],[[[130.0784575452795,0.025038575569811],[130.0774391359074,0.025286040218672],[130.0781023193666,0.02614438105841],[130.0787811519287,0.025371700643559],[130.0784575452795,0.025038575569811]]],[[[130.1429210430718,0.027702553630002],[130.1428870370072,0.027908928254503],[130.1434397027801,0.028087389721263],[130.1434201146467,0.027998608648902],[130.1429210430718,0.027702553630002]]],[[[130.8857428481541,0.040363668948215],[130.9012180590662,0.029268568289906],[130.9047177600167,0.019223881177163],[130.8963995886702,0.013391285779305],[130.8821878640786,0.014452892287162],[130.8742532346991,0.026574441357427],[130.8730173710549,0.038388155189237],[130.8857428481541,0.040363668948215]]],[[[130.8727950280682,0.040634438628492],[130.8727349830331,0.039038880340156],[130.8701802995812,0.04067276503614],[130.872379510706,0.042181087287416],[130.8727950280682,0.040634438628492]]],[[[130.231156072295,0.093459289114969],[130.2310229312633,0.093521326148347],[130.2309784822712,0.093738639226812],[130.2311824772896,0.093670847431701],[130.231156072295,0.093459289114969]]],[[[130.2314326084282,0.094899349225594],[130.2318691537386,0.094349267204949],[130.2313705417172,0.093605353404344],[130.2309909171971,0.094769503309974],[130.2314326084282,0.094899349225594]]],[[[130.2381943024252,0.094946258762915],[130.2379445669883,0.094999897027678],[130.2378189370943,0.095331524730133],[130.2382164572238,0.095419159166907],[130.2381943024252,0.094946258762915]]],[[[130.2315591061679,0.095989934587879],[130.2309817009448,0.095830570224662],[130.2308774056678,0.096062719419018],[130.231279728177,0.096249090423248],[130.2315591061679,0.095989934587879]]],[[[130.2309601927588,0.096370506993379],[130.2308822871879,0.096381435554902],[130.2309193275649,0.096561442956242],[130.2310119226622,0.096513870618706],[130.2309601927588,0.096370506993379]]],[[[130.2357633396065,0.096626292169708],[130.2358203287452,0.096609032380998],[130.2358177108187,0.096250137234152],[130.235485440101,0.096484537431449],[130.2357633396065,0.096626292169708]]],[[[130.2333952861636,0.098012249066068],[130.2342818908966,0.097219097383425],[130.2342185516449,0.096812471618277],[130.2335803027889,0.096920848018753],[130.2333952861636,0.098012249066068]]],[[[130.232882431579,0.098256316975506],[130.2328287942136,0.098265634851222],[130.2327729759922,0.098358378336558],[130.2329137297849,0.098369779042093],[130.232882431579,0.098256316975506]]],[[[130.2298828858866,0.098604234997454],[130.2298669157257,0.098515194021084],[130.2297491018397,0.098552655280868],[130.2297657069219,0.098601190792388],[130.2298828858866,0.098604234997454]]],[[[130.2207721501148,0.09867916830901],[130.220604839342,0.098740039821019],[130.2206757284022,0.098966765204109],[130.2208330369153,0.098852752752451],[130.2207721501148,0.09867916830901]]],[[[130.2769457386549,0.099431872982622],[130.276610998399,0.099057935775113],[130.276386432288,0.099123838094714],[130.2765040519205,0.099447419562823],[130.2769457386549,0.099431872982622]]],[[[130.2315558740044,0.100463514979252],[130.2313342198983,0.100184885224339],[130.2310762160946,0.100413467707414],[130.2315141517567,0.100540399819613],[130.2315558740044,0.100463514979252]]],[[[130.2540735229747,0.10217450664822],[130.2539391255903,0.102723541858049],[130.2542647062513,0.102853716026205],[130.254397839189,0.102609247918492],[130.2540735229747,0.10217450664822]]],[[[130.2525628319093,0.102797657685835],[130.2524676764422,0.102804735350245],[130.2524555499837,0.10287030402136],[130.2525943900191,0.102901965553334],[130.2525628319093,0.102797657685835]]],[[[130.2540255108687,0.103130172119778],[130.2539330794481,0.103168744042323],[130.2539445745825,0.103293149959002],[130.2540633498438,0.10326613702267],[130.2540255108687,0.103130172119778]]],[[[130.253081615724,0.103356056636736],[130.2528926034109,0.103494935343049],[130.2530292706844,0.103792586658555],[130.2532955590428,0.103626705807899],[130.253081615724,0.103356056636736]]],[[[130.2121508811583,0.105234633371706],[130.2120282927716,0.105475405265773],[130.2122500952657,0.105580158297711],[130.2122622433079,0.105377461900355],[130.2121508811583,0.105234633371706]]],[[[130.2485899679528,0.106955048137023],[130.2485381912845,0.107006054985545],[130.2485646448425,0.107079935190876],[130.2486257303932,0.107053674987176],[130.2485899679528,0.106955048137023]]],[[[130.2484312825777,0.106985056715045],[130.2483958996511,0.107183074839076],[130.2484927557362,0.107223565914902],[130.2484983423247,0.107152687646492],[130.2484312825777,0.106985056715045]]],[[[130.2479083807672,0.107495044260927],[130.2477273328502,0.107316166408042],[130.2475161270677,0.107418186400229],[130.2478096702802,0.107571552285377],[130.2479083807672,0.107495044260927]]],[[[130.2465823016319,0.107642218313783],[130.2465320214357,0.107786227652371],[130.2466530917668,0.107863098103531],[130.2467141719216,0.107704840805775],[130.2465823016319,0.107642218313783]]],[[[130.2120006152363,0.110559466146507],[130.2118751643075,0.110629761654232],[130.2119668061233,0.11077912285826],[130.2120857153835,0.110701138147038],[130.2120006152363,0.110559466146507]]],[[[130.244603760755,0.110685454869872],[130.2642806159578,0.107399690943064],[130.2765361936905,0.100957970334134],[130.2501453112571,0.098360477354229],[130.2496485509399,0.102831583710669],[130.2540816897183,0.10148398289955],[130.2557972544398,0.104043912996252],[130.244603760755,0.110685454869872]]],[[[130.1413047356251,0.110890665771654],[130.1412110613414,0.110709044986487],[130.1410365146235,0.110844597999835],[130.1410599320702,0.110884243712947],[130.1413047356251,0.110890665771654]]],[[[130.1422134960561,0.110238079024169],[130.1420192523866,0.110283097287153],[130.1419043316197,0.111178361592154],[130.1426270214199,0.110741688578139],[130.1422134960561,0.110238079024169]]],[[[130.2139849396533,0.111668805071405],[130.2276410379036,0.103411103239834],[130.2304139301587,0.094251206028348],[130.2169437010909,0.100413946146746],[130.2139849396533,0.111668805071405]]],[[[130.1410650806891,0.112545522657756],[130.1410071292756,0.11257028279241],[130.1410680043849,0.112624500220557],[130.1411013728302,0.112586190900041],[130.1410650806891,0.112545522657756]]],[[[130.1408301184153,0.112852049382647],[130.1407306012363,0.112866788371699],[130.1407241728823,0.112997621742947],[130.1408412466263,0.112994081111959],[130.1408301184153,0.112852049382647]]],[[[130.1388043100709,0.113041667838695],[130.1387245869701,0.113051422784968],[130.1387126682552,0.113162438695655],[130.138827404661,0.113115180221454],[130.1388043100709,0.113041667838695]]],[[[130.1491797219666,0.113610373020309],[130.1491443840062,0.113634305778662],[130.1491686360238,0.113674563930052],[130.1491873293319,0.113668534875019],[130.1491797219666,0.113610373020309]]],[[[130.1486083781743,0.11349598735004],[130.1483955086459,0.113567997864836],[130.1481809591839,0.11406219691292],[130.1486841703383,0.11383201543522],[130.1486083781743,0.11349598735004]]],[[[130.14113393908,0.113843424234725],[130.1408236846654,0.113992914041747],[130.1406779369373,0.115750236084564],[130.1412936550782,0.115404644608683],[130.14113393908,0.113843424234725]]],[[[130.1380315972805,0.117889923781009],[130.1378847137087,0.117974586857736],[130.1380656600023,0.118137877660926],[130.1380927988437,0.118011004904004],[130.1380315972805,0.117889923781009]]],[[[130.1393912220273,0.116768187701696],[130.1390716002742,0.117014763820331],[130.1389415933799,0.11847114212957],[130.1396749275559,0.11822524589846],[130.1393912220273,0.116768187701696]]],[[[130.1369434976443,0.118108083121557],[130.1364734741716,0.11941446620469],[130.137259208246,0.119762948101629],[130.1374732720739,0.119021332968236],[130.1369434976443,0.118108083121557]]],[[[130.1314967428805,0.120373255021741],[130.1313168658808,0.120449879058723],[130.1314879789871,0.120716153927367],[130.1316670546908,0.120608450219814],[130.1314967428805,0.120373255021741]]],[[[130.1299416702719,0.120972759285484],[130.1298976160822,0.121175924229552],[130.1305617878962,0.121393731035921],[130.1305151616454,0.121114180375168],[130.1299416702719,0.120972759285484]]],[[[130.1333990824018,0.121646677951867],[130.1360760133973,0.12175602472084],[130.1368853942456,0.121436511785619],[130.134364392203,0.12008809259145],[130.1333990824018,0.121646677951867]]],[[[130.1383247447912,0.12188614762769],[130.139201993877,0.121912577803249],[130.1389093014232,0.120870628676625],[130.1373257086147,0.121351980909276],[130.1383247447912,0.12188614762769]]],[[[130.1320916983733,0.121973303625131],[130.1320671019153,0.121680401629318],[130.1310936820279,0.121612185354111],[130.1312915103949,0.121944456071807],[130.1320916983733,0.121973303625131]]],[[[130.1393878135967,0.12215348819293],[130.1392946852017,0.122157236567253],[130.1392505158986,0.122196885877665],[130.1393784021916,0.122257159340508],[130.1393878135967,0.12215348819293]]],[[[130.1358230718773,0.122497036409117],[130.135651928194,0.122549760063448],[130.135726818338,0.122781530643154],[130.135858211987,0.122716270439602],[130.1358230718773,0.122497036409117]]],[[[130.1358310830382,0.12306301394702],[130.1357876727629,0.12340441188414],[130.1360590899551,0.123567056974158],[130.136050458262,0.123419506105391],[130.1358310830382,0.12306301394702]]],[[[130.0973155686586,0.123697687098653],[130.0972090331704,0.123712318168964],[130.0971813628298,0.123819256553512],[130.0973178106686,0.123815822941895],[130.0973155686586,0.123697687098653]]],[[[130.0985513045991,0.12381606126228],[130.0984201753508,0.123797206975526],[130.0983648292734,0.123857208843178],[130.0986236946279,0.123981503243817],[130.0985513045991,0.12381606126228]]],[[[130.1004187747068,0.124198947623386],[130.1001164990772,0.124439520767369],[130.1002596774422,0.124864388380816],[130.1005422588182,0.12466560673243],[130.1004187747068,0.124198947623386]]],[[[130.0955384201621,0.123875191686837],[130.0968789981673,0.123629211818718],[130.0950961281838,0.122779546738736],[130.0936779036124,0.124228339266461],[130.0955384201621,0.123875191686837]]],[[[130.1364758196034,0.125187914990319],[130.1360168865701,0.125663693224906],[130.1366951093919,0.125857399999083],[130.1367904681057,0.125665377655102],[130.1364758196034,0.125187914990319]]],[[[130.1048925970158,0.125910933043214],[130.104704205235,0.126088281149281],[130.1048793203245,0.126622968575171],[130.1051219843921,0.126291852586943],[130.1048925970158,0.125910933043214]]],[[[130.0972561099816,0.125975544835574],[130.0977191466213,0.126791506023169],[130.0982023676452,0.126611468044866],[130.0980517428936,0.126227857729441],[130.0972561099816,0.125975544835574]]],[[[130.0990753341594,0.126415367275376],[130.0985979812119,0.126806121805176],[130.0993085139768,0.127005294658675],[130.0994171134091,0.126708575040732],[130.0990753341594,0.126415367275376]]],[[[130.1216520982659,0.126718162713077],[130.1211852700841,0.126912184249958],[130.1214313713608,0.127334781974684],[130.1217995798868,0.127178114678303],[130.1216520982659,0.126718162713077]]],[[[130.0952619146057,0.12654180296183],[130.0947511464483,0.126730058945077],[130.0947497462039,0.127632732764413],[130.0955462631496,0.127306088205456],[130.0952619146057,0.12654180296183]]],[[[130.1039822645699,0.1272247948884],[130.1036079901168,0.127414950239865],[130.1040521607787,0.127678909354254],[130.1041427872599,0.127522885972484],[130.1039822645699,0.1272247948884]]],[[[130.0943821231365,0.128548313653829],[130.0942326917854,0.128569052919511],[130.0942162989431,0.128676208040554],[130.0943816518918,0.128670792323257],[130.0943821231365,0.128548313653829]]],[[[130.0955812836494,0.129044317641222],[130.0955175441994,0.129068138883534],[130.0955416307418,0.129135265180411],[130.095621735155,0.129096667177484],[130.0955812836494,0.129044317641222]]],[[[130.103144487628,0.128732420165109],[130.1017240696102,0.126198709802702],[130.0998856772823,0.126072611361947],[130.099654566805,0.127676828322995],[130.103144487628,0.128732420165109]]],[[[130.0823060024202,0.128826408312152],[130.0820156419084,0.128933683942398],[130.0819776032838,0.129247815334496],[130.0822814230493,0.129143487681846],[130.0823060024202,0.128826408312152]]],[[[130.1228764209102,0.129716208336392],[130.1281077178969,0.128291906146602],[130.1313395647692,0.126046361050777],[130.123596258061,0.124976762267812],[130.1228764209102,0.129716208336392]]],[[[130.1047471586545,0.127693026012407],[130.1048141140801,0.128504081398281],[130.1069849318092,0.129625615130033],[130.1054378478785,0.128035780127187],[130.1047471586545,0.127693026012407]]],[[[130.0803851197774,0.131404956173784],[130.080561617125,0.129531974121308],[130.0783717148828,0.130982637238938],[130.0790596449867,0.131570024936797],[130.0803851197774,0.131404956173784]]],[[[130.1206220831427,0.130294183729626],[130.12011705266,0.130519178817076],[130.1202325948584,0.131815097388907],[130.1216363592307,0.131109742021016],[130.1206220831427,0.130294183729626]]],[[[130.0938609336352,0.131977004135495],[130.0938346761295,0.131979119340928],[130.0938560629071,0.132059492651512],[130.0938787797819,0.132009722370816],[130.0938609336352,0.131977004135495]]],[[[130.0850479606948,0.132312396400033],[130.0848525739872,0.130742581205221],[130.0862307751303,0.126617584334118],[130.0843757840153,0.129436161249894],[130.0850479606948,0.132312396400033]]],[[[130.0923052818634,0.132668854384141],[130.0921324321661,0.132795247802539],[130.0921488411962,0.133070154364232],[130.0923839005966,0.132866498390191],[130.0923052818634,0.132668854384141]]],[[[130.0748652222522,0.133223031018145],[130.0783750513677,0.132488112236581],[130.0779578540718,0.131082953015868],[130.0737294360648,0.131231060565026],[130.0748652222522,0.133223031018145]]],[[[130.0893036929111,0.132929503094134],[130.0890567300841,0.133401055414437],[130.0892116796753,0.133826773786636],[130.0894386262917,0.133419147975397],[130.0893036929111,0.132929503094134]]],[[[130.0882897639615,0.133711664162048],[130.0880215411613,0.133758559310168],[130.0879332619106,0.133945709127234],[130.0882830748041,0.134043576949614],[130.0882897639615,0.133711664162048]]],[[[130.0910036058318,0.133278435551373],[130.0907538685963,0.133600229167305],[130.0909566027651,0.134244488192634],[130.0913820864142,0.134078010192093],[130.0910036058318,0.133278435551373]]],[[[130.0864160426663,0.13423391756133],[130.0872558089085,0.133534161372515],[130.086348898383,0.132203862618249],[130.0855468488081,0.134888032256894],[130.0864160426663,0.13423391756133]]],[[[130.0641205487244,0.135383108143936],[130.0637117277141,0.135527857624604],[130.0636937673536,0.135758524736149],[130.0642373706582,0.135717795340026],[130.0641205487244,0.135383108143936]]],[[[130.0624718423018,0.137205899033097],[130.0623101118223,0.137296363636283],[130.0626650346637,0.137450125223124],[130.0626605353555,0.137287302067366],[130.0624718423018,0.137205899033097]]],[[[130.0824347043981,0.138247830173308],[130.0818364888629,0.138830355236694],[130.0818872816727,0.139216594270428],[130.0828523972204,0.138851041442509],[130.0824347043981,0.138247830173308]]],[[[130.0620991308703,0.141131769815425],[130.0618790020144,0.141330787086178],[130.0622608784369,0.14142122740772],[130.062256380028,0.141294586675864],[130.0620991308703,0.141131769815425]]],[[[130.1156747461927,0.141867229089351],[130.115266035799,0.141916112638471],[130.1152315656844,0.142218292040594],[130.1153822839653,0.142266498400209],[130.1156747461927,0.141867229089351]]],[[[130.115460541171,0.142394227311835],[130.1151956791374,0.142579891448877],[130.1154900488267,0.142792682736134],[130.1155836430707,0.142532130253612],[130.115460541171,0.142394227311835]]],[[[130.0702733180592,0.14312814874515],[130.0701789728813,0.143128153241731],[130.0701654983392,0.143182428226504],[130.0703227403023,0.143200511794214],[130.0702733180592,0.14312814874515]]],[[[130.1146628748918,0.144276535333818],[130.1144989743483,0.144360123720785],[130.1145548033616,0.144644669216218],[130.1147943386878,0.144523517946046],[130.1146628748918,0.144276535333818]]],[[[130.081322870754,0.143700479093864],[130.080804552788,0.144459700255004],[130.0808535199741,0.144623107970096],[130.0812484113852,0.144658447729215],[130.081322870754,0.143700479093864]]],[[[130.0702612293722,0.144010945748649],[130.0696737103735,0.144509040659743],[130.0700194538348,0.145120235210713],[130.0705737518772,0.144393267335483],[130.0702612293722,0.144010945748649]]],[[[130.1145368007328,0.14473337114824],[130.114317546018,0.144879106285797],[130.1143040453954,0.145131885927904],[130.1146150444488,0.14493910005948],[130.1145368007328,0.14473337114824]]],[[[130.0767586342037,0.14476545716022],[130.0775851660227,0.132745921786912],[130.0631889626006,0.137665941829843],[130.0634840067816,0.142168619786018],[130.0750209263747,0.142632072812019],[130.0767586342037,0.14476545716022]]],[[[130.1142558093581,0.145235577759737],[130.1140679508753,0.145283266109894],[130.1137332304043,0.145822807176829],[130.1142483863539,0.145752597104762],[130.1142558093581,0.145235577759737]]],[[[130.1134329890413,0.145715532445953],[130.1128199212025,0.145920762233429],[130.112802902432,0.146075596711468],[130.1133592527274,0.146172220771421],[130.1134329890413,0.145715532445953]]],[[[130.1189195720807,0.14681576213775],[130.1411994717782,0.141488145061894],[130.150857665349,0.131721563399465],[130.1250602293462,0.135208038919929],[130.1226738711023,0.138760298049354],[130.1150208356431,0.143075969180659],[130.1189195720807,0.14681576213775]]],[[[130.0771341317349,0.14849095719198],[130.0770290783294,0.148520966669283],[130.0770204115628,0.148617566447593],[130.0771318987182,0.148591093104519],[130.0771341317349,0.14849095719198]]],[[[130.0757200854136,0.148415296328894],[130.0753002162321,0.148969311984201],[130.0758372284055,0.149598821228667],[130.0763007272969,0.148808530289488],[130.0757200854136,0.148415296328894]]],[[[130.0739863390983,0.149505578619566],[130.0752723021751,0.145646996012092],[130.0746443532544,0.14427865413664],[130.0714315108556,0.14640121334539],[130.0739863390983,0.149505578619566]]],[[[130.0416885089175,0.149811554959387],[130.0413666028865,0.149064151789188],[130.0407726978018,0.149723356647621],[130.0408208124306,0.149863998924468],[130.0416885089175,0.149811554959387]]],[[[130.0560268175837,0.149355979994523],[130.0559145417228,0.149604047189131],[130.0561059354407,0.149946727559522],[130.0561992697806,0.149690293972002],[130.0560268175837,0.149355979994523]]],[[[130.0724698366138,0.149517566582455],[130.0720602682668,0.149782907055604],[130.0721288433715,0.150333678856216],[130.0727546887778,0.149962465695294],[130.0724698366138,0.149517566582455]]],[[[130.0392480771371,0.150737266711529],[130.038682146364,0.150880081750435],[130.0385036804006,0.151633028341644],[130.0391339666593,0.151740262603115],[130.0392480771371,0.150737266711529]]],[[[130.0372119382804,0.151876296753725],[130.0369566953953,0.15192286814589],[130.0367361681397,0.152277511298157],[130.0373085452532,0.152191601761073],[130.0372119382804,0.151876296753725]]],[[[130.0681114980473,0.15345303492966],[130.0679357930026,0.154015128295557],[130.0684989718501,0.154286743338547],[130.0685446259338,0.154107038109361],[130.0681114980473,0.15345303492966]]],[[[130.0793245519866,0.155836081869706],[130.0789481956029,0.156130729449641],[130.0792388151193,0.156871801392564],[130.0795265999728,0.156332681208335],[130.0793245519866,0.155836081869706]]],[[[130.0748467708619,0.156585016585284],[130.075542727415,0.155858891374836],[130.0727441001602,0.153533291328342],[130.0728762690246,0.156666449297235],[130.0748467708619,0.156585016585284]]],[[[130.0407372851976,0.153824015166235],[130.0388010727114,0.156234819681275],[130.0388415655858,0.157433388440184],[130.040661036178,0.156393029314936],[130.0407372851976,0.153824015166235]]],[[[130.0437905276108,0.15762508163226],[130.0440025508771,0.157402933798354],[130.0436883268549,0.157226466128543],[130.0435526308493,0.157575587443423],[130.0437905276108,0.15762508163226]]],[[[130.0648724386123,0.157801421598355],[130.0648224237159,0.158097175344471],[130.0649528128221,0.158174862380031],[130.0650874557216,0.157992683115912],[130.0648724386123,0.157801421598355]]],[[[130.0424136044044,0.158500940366155],[130.0422742841309,0.158613837658558],[130.0422854636033,0.158676842362413],[130.0424429942489,0.158667995731518],[130.0424136044044,0.158500940366155]]],[[[130.0440637974064,0.158714327903928],[130.0440088839029,0.158808199139157],[130.0440931872509,0.158856842569241],[130.0441214961101,0.158800268917345],[130.0440637974064,0.158714327903928]]],[[[130.0205011757887,0.159943307237873],[130.0203940449493,0.159961585059174],[130.0204315205982,0.160108922788568],[130.0205245986314,0.160074734161705],[130.0205011757887,0.159943307237873]]],[[[130.0256017787991,0.15962859938041],[130.0250049743001,0.159832659149936],[130.0252128858661,0.160377227427164],[130.0255809451046,0.160224179902022],[130.0256017787991,0.15962859938041]]],[[[130.0434428946739,0.159748014059621],[130.0430014480585,0.159922059855175],[130.0430268080409,0.160542012903628],[130.0439298280992,0.160343194382959],[130.0434428946739,0.159748014059621]]],[[[130.0179992438702,0.160725575325069],[130.0180731096863,0.160676922901734],[130.0178876910641,0.160542772830771],[130.0179160116148,0.160706292961097],[130.0179992438702,0.160725575325069]]],[[[130.0659730783949,0.160494162675493],[130.0658250337983,0.160603515739696],[130.0661944860867,0.160733049590631],[130.0661647266208,0.160567976331125],[130.0659730783949,0.160494162675493]]],[[[130.0281195351885,0.160399609754267],[130.0277911702263,0.160478132260009],[130.0278706738926,0.160727392854929],[130.0281980576942,0.160678006584744],[130.0281195351885,0.160399609754267]]],[[[130.0403095568406,0.15926910798296],[130.0394690702415,0.15956361886593],[130.0385978250297,0.160922036722619],[130.0415739892482,0.159882629979455],[130.0403095568406,0.15926910798296]]],[[[130.0376012718812,0.161043030611483],[130.0375482586453,0.161041749077492],[130.0375408131582,0.16110797425368],[130.0375982924273,0.161103465952214],[130.0376012718812,0.161043030611483]]],[[[130.0343145960418,0.160224018024044],[130.0370787127125,0.155409176392427],[130.0260309541653,0.159445208729478],[130.03189159672,0.161279102648512],[130.0343145960418,0.160224018024044]]],[[[130.0361435895551,0.16110197577561],[130.0360640867883,0.161264959010696],[130.0363237003785,0.161285199152614],[130.0363289632112,0.161239391284981],[130.0361435895551,0.16110197577561]]],[[[130.0265259590059,0.160940835251397],[130.026051665552,0.16107717067497],[130.0260844728202,0.161461219859424],[130.0266801153951,0.161559345787252],[130.0265259590059,0.160940835251397]]],[[[130.0653981076366,0.161075961086807],[130.0650259690733,0.161471279675871],[130.0653057661483,0.161925071285049],[130.0656615163659,0.161548134838638],[130.0653981076366,0.161075961086807]]],[[[130.020597641568,0.162090366677178],[130.0204970532965,0.162128463757691],[130.0205186136431,0.162229242685472],[130.0206282958592,0.162195486632497],[130.020597641568,0.162090366677178]]],[[[130.0426741937591,0.162039347238105],[130.0425126782176,0.162111685106245],[130.0425031112296,0.162330015318021],[130.0428463707634,0.162222841311108],[130.0426741937591,0.162039347238105]]],[[[130.0653554078259,0.162410355353623],[130.0653293355805,0.162483219325191],[130.0654070361059,0.162563053042517],[130.0654187389837,0.162469826621267],[130.0653554078259,0.162410355353623]]],[[[130.0277433298909,0.162424626695243],[130.0276669585634,0.16250955327328],[130.0278106558371,0.162594729862883],[130.0278268886001,0.162518382817131],[130.0277433298909,0.162424626695243]]],[[[130.0297074573332,0.16221559367475],[130.0295822941875,0.162254234845102],[130.029432182949,0.162737679800104],[130.029732075375,0.162696407213422],[130.0297074573332,0.16221559367475]]],[[[130.0423167384268,0.162494486931061],[130.0420304275623,0.162798557607433],[130.0424226758658,0.163049820992553],[130.042532288834,0.162723523571826],[130.0423167384268,0.162494486931061]]],[[[130.0159366604486,0.161903678212225],[130.0222229422351,0.163047643733824],[130.0245704137936,0.159416173217883],[130.0184932810402,0.160075975226112],[130.0147417582256,0.161700250666039],[130.0141795047803,0.163075535307764],[130.0159366604486,0.161903678212225]]],[[[130.0387273687732,0.162386195966244],[130.0381125868266,0.162762297841843],[130.0384638116557,0.163256434836631],[130.038931753198,0.162831583410858],[130.0387273687732,0.162386195966244]]],[[[130.0316887834107,0.161857096927529],[130.0302225593238,0.161692690964996],[130.0311401816741,0.163930620601713],[130.0316026328553,0.163299974614192],[130.0316887834107,0.161857096927529]]],[[[130.0109530250621,0.163534343335334],[130.0106651538738,0.16359801443688],[130.0106234963773,0.163920130909398],[130.0110440427484,0.163832347185108],[130.0109530250621,0.163534343335334]]],[[[130.0652429691877,0.163649553684062],[130.0650823700554,0.163872983951061],[130.0654369826307,0.164082292164133],[130.065459477373,0.163830847115973],[130.0652429691877,0.163649553684062]]],[[[130.0307694550464,0.163903611262681],[130.0306349110723,0.163931478554977],[130.03066706903,0.164106296868136],[130.0308139490046,0.164052764723374],[130.0307694550464,0.163903611262681]]],[[[130.0656351230625,0.164226243946095],[130.0655763685546,0.164230426692866],[130.0655817986611,0.164288933887244],[130.065644705339,0.164289573305185],[130.0656351230625,0.164226243946095]]],[[[130.0297389740745,0.164437404762483],[130.0297175836996,0.164514241938749],[130.0298708659477,0.164543162337091],[130.0298405273186,0.16445636876645],[130.0297389740745,0.164437404762483]]],[[[130.0299647488741,0.1646238459138],[130.0299099846581,0.164646030390012],[130.029910364172,0.16467946268712],[130.0299634754341,0.164659207256632],[130.0299647488741,0.1646238459138]]],[[[130.0464601696013,0.162591495001527],[130.0458509382703,0.163214321383906],[130.0470627450497,0.165089504976754],[130.0472414996955,0.163936916755356],[130.0464601696013,0.162591495001527]]],[[[130.0241023706279,0.165018784989021],[130.0240486226458,0.165064324858763],[130.0241343100504,0.165119509058195],[130.0241609128959,0.165069139828963],[130.0241023706279,0.165018784989021]]],[[[130.0141878343012,0.164857971817975],[130.0138924717602,0.164949070443329],[130.0140932777826,0.165158869686108],[130.0142612882279,0.165011738800766],[130.0141878343012,0.164857971817975]]],[[[130.0645059990527,0.16396066785058],[130.064189844186,0.164269244130397],[130.0642474295752,0.165283096637678],[130.0646706739126,0.16416822328493],[130.0645059990527,0.16396066785058]]],[[[130.0231590942169,0.164756720746182],[130.0230489416553,0.165081419172195],[130.0236216038541,0.165241048835371],[130.0236854467261,0.164937792045558],[130.0231590942169,0.164756720746182]]],[[[130.0460566788727,0.165217510879431],[130.0459501352906,0.165289158967516],[130.0460223553475,0.165389445966222],[130.0461095805928,0.165324022086041],[130.0460566788727,0.165217510879431]]],[[[130.0482452276352,0.16583941905399],[130.0480411858521,0.165926233309063],[130.0481346074263,0.166290285168566],[130.0484488071668,0.16618708256779],[130.0482452276352,0.16583941905399]]],[[[130.0313648440124,0.166056823863345],[130.0312354720395,0.166215368044861],[130.031536390592,0.166392750325192],[130.0315633099988,0.166205328013477],[130.0313648440124,0.166056823863345]]],[[[130.0659882922259,0.165159003685142],[130.0657099646432,0.165486374896348],[130.0663768614031,0.166403595249795],[130.0665662928002,0.165829768429068],[130.0659882922259,0.165159003685142]]],[[[130.0457924967265,0.166314725144476],[130.0456849908697,0.166350525356515],[130.0456645618701,0.166420820864241],[130.0457897340091,0.166392310556704],[130.0457924967265,0.166314725144476]]],[[[130.0694918962342,0.166319010414037],[130.0720569767482,0.160617334722277],[130.0704896283937,0.157702995297024],[130.065679115199,0.163712435180782],[130.0694918962342,0.166319010414037]]],[[[130.0197714101226,0.166654095110472],[130.0196388878244,0.166700715965293],[130.019662531001,0.166940529182133],[130.019857309767,0.166825428550707],[130.0197714101226,0.166654095110472]]],[[[130.0322352159825,0.166763076754625],[130.0320487379589,0.166829953939304],[130.0320053195899,0.166966258785825],[130.0322084053937,0.166953819363266],[130.0322352159825,0.166763076754625]]],[[[130.050871435968,0.167259684187135],[130.0511310387665,0.16710488658129],[130.0499699267708,0.165907631731807],[130.0501483216877,0.166968638392026],[130.050871435968,0.167259684187135]]],[[[130.0370343437601,0.166794374960519],[130.0365307890647,0.166945819893735],[130.0364736362494,0.167171488573389],[130.0370551243945,0.167255040987444],[130.0370343437601,0.166794374960519]]],[[[130.0721923876685,0.167109539673602],[130.0720016540531,0.167175557106278],[130.0719810182095,0.167410502292872],[130.072174516341,0.167259563678021],[130.0721923876685,0.167109539673602]]],[[[130.0394329876424,0.166114825638727],[130.0387400761937,0.166427974071778],[130.0389751481846,0.167427732403988],[130.03999950927,0.167094637907292],[130.0394329876424,0.166114825638727]]],[[[130.0338036498187,0.167481695323987],[130.0337240310392,0.167492408947576],[130.0337106203489,0.167561845602757],[130.0338138697143,0.167555418148099],[130.0338036498187,0.167481695323987]]],[[[130.0607263499411,0.167602933828379],[130.0609392140735,0.167493595153376],[130.0604853577131,0.167438757192981],[130.0605036688093,0.167595203256107],[130.0607263499411,0.167602933828379]]],[[[130.0197375038828,0.167617924627558],[130.0196988681083,0.167627569856529],[130.0196987080291,0.167673695184975],[130.019756502061,0.167672571032382],[130.0197375038828,0.167617924627558]]],[[[130.0185679148774,0.167240575392233],[130.0182869226034,0.167385251128513],[130.0183777820091,0.167699491338544],[130.0186381861034,0.167518324710977],[130.0185679148774,0.167240575392233]]],[[[130.0512459433457,0.167459222165364],[130.0510636192906,0.167537677222038],[130.0512075359991,0.167721923128303],[130.0512922548338,0.167658208859242],[130.0512459433457,0.167459222165364]]],[[[130.0171976889222,0.167164335365852],[130.0218555188173,0.16687370235948],[130.0224544376223,0.164434814715017],[130.0144041311459,0.166998334905275],[130.0171976889222,0.167164335365852]]],[[[130.0456840942456,0.167070090912011],[130.0452635253914,0.167499164654769],[130.0458156461752,0.167892564090641],[130.0459966707099,0.167355488065388],[130.0456840942456,0.167070090912011]]],[[[130.0487619187277,0.16622180179475],[130.0471786820505,0.167141826234316],[130.0472542943503,0.16784048255227],[130.0488684209409,0.167408015667478],[130.0487619187277,0.16622180179475]]],[[[130.0221990571408,0.167230307832453],[130.0218946636079,0.167828264362965],[130.0221803611348,0.167974412289349],[130.0223851250734,0.167409034599261],[130.0221990571408,0.167230307832453]]],[[[130.0253603737823,0.166809772253293],[130.0276581083351,0.166016963212298],[130.0293498167407,0.162803067707459],[130.0241338486982,0.165603996327432],[130.0253603737823,0.166809772253293]]],[[[130.0201192013401,0.167942933319784],[130.0200264407676,0.168045328329322],[130.0201626116153,0.168173291963944],[130.0202183066297,0.168070447293386],[130.0201192013401,0.167942933319784]]],[[[130.0406787591176,0.167050151143597],[130.0398782581752,0.167721745062563],[130.0408554129471,0.168484219071471],[130.0416690008238,0.167735472314254],[130.0406787591176,0.167050151143597]]],[[[130.055301071887,0.168159769757567],[130.0551169491878,0.168535894116248],[130.0554628869028,0.168654555163636],[130.0555051847165,0.168388806398331],[130.055301071887,0.168159769757567]]],[[[130.0140748686604,0.168358935416554],[130.0139807833865,0.168531255413138],[130.0142032612715,0.168874570704888],[130.0142890431049,0.168672254720834],[130.0140748686604,0.168358935416554]]],[[[130.020744690615,0.168841904630243],[130.0205524479373,0.168650098123566],[130.0204149353011,0.168794123649915],[130.0206887069183,0.168907273651817],[130.020744690615,0.168841904630243]]],[[[130.032009771234,0.168750875252696],[130.0318628903601,0.168787744758633],[130.0318203146559,0.168915482663509],[130.0321004678624,0.168910320554902],[130.032009771234,0.168750875252696]]],[[[130.056025751887,0.169016283175003],[130.0559036176579,0.169070139075719],[130.0559156020234,0.169179438180509],[130.0561090533902,0.16915156729109],[130.056025751887,0.169016283175003]]],[[[130.0310808857744,0.166686655065115],[130.0294247797299,0.167646172333066],[130.0295996448079,0.16923225176699],[130.0317773396525,0.167921872996077],[130.0310808857744,0.166686655065115]]],[[[130.0457499210221,0.168442815183864],[130.0452693619915,0.168793510312268],[130.0456916908189,0.169345878409574],[130.0460788435639,0.168931161444005],[130.0457499210221,0.168442815183864]]],[[[130.0194942129876,0.169092876635021],[130.0194842143251,0.169310195109437],[130.019755859945,0.169493848362398],[130.0197458531887,0.169378975259546],[130.0194942129876,0.169092876635021]]],[[[130.0327001241116,0.168796437605609],[130.032311417338,0.169096926282217],[130.0327653060741,0.169515677606499],[130.033165924368,0.169155179867728],[130.0327001241116,0.168796437605609]]],[[[130.0388081881475,0.169551654085629],[130.0401392594193,0.169343427757005],[130.0402495109063,0.168887368956947],[130.0391318730376,0.168508997192538],[130.0388081881475,0.169551654085629]]],[[[130.0438685590868,0.168844323806569],[130.0451161112196,0.167305864374187],[130.0422026909014,0.164122666328057],[130.0424381397085,0.168219571076397],[130.0413335249223,0.169581322719933],[130.0438685590868,0.168844323806569]]],[[[130.0408821767711,0.169763069410164],[130.0407596171626,0.1697645766739],[130.0407298172273,0.169844842065833],[130.0409019321785,0.169861702555549],[130.0408821767711,0.169763069410164]]],[[[130.0307659413951,0.169583547642668],[130.0303800998618,0.169716443159393],[130.0303029452248,0.169925940230018],[130.0307430626422,0.169718558364826],[130.0307659413951,0.169583547642668]]],[[[130.0450796787842,0.169903476064645],[130.0448787297696,0.170026075243277],[130.0449293975737,0.170194522759035],[130.0451695273518,0.170149072821532],[130.0450796787842,0.169903476064645]]],[[[130.0378142493282,0.167104470195165],[130.0364789431487,0.168809624364672],[130.0376687030483,0.170299307267305],[130.0385260510365,0.167879874656515],[130.0378142493282,0.167104470195165]]],[[[130.0339697608958,0.169354498411353],[130.033550625561,0.169911462943714],[130.0341073859472,0.170320459321813],[130.0344094394442,0.169863681963387],[130.0339697608958,0.169354498411353]]],[[[130.0401073119029,0.170278793731368],[130.0403203900741,0.169952862334741],[130.0401538518189,0.169688461653214],[130.0399597844167,0.170123901696703],[130.0401073119029,0.170278793731368]]],[[[130.0358019083315,0.168974149037846],[130.0353919757591,0.166491344799821],[130.0405739386364,0.165223942830758],[130.0411581921969,0.163187401977025],[130.03223228779,0.165568565736793],[130.0358019083315,0.168974149037846]]],[[[130.0220765748741,0.170287282432222],[130.0218005288714,0.17048344795276],[130.0223727629927,0.170540423601759],[130.0223042040758,0.170345399320768],[130.0220765748741,0.170287282432222]]],[[[130.0387187505699,0.170602085617785],[130.0386344517187,0.170620090944526],[130.0386463803262,0.17070753742294],[130.0387336622288,0.17068181501376],[130.0387187505699,0.170602085617785]]],[[[130.0289335295588,0.170309682745737],[130.028748860072,0.170407207926379],[130.0287313116008,0.170751293937085],[130.0290426461013,0.170602753814039],[130.0289335295588,0.170309682745737]]],[[[130.0447184112258,0.17045347085107],[130.0445172427766,0.170516495340076],[130.044365048708,0.170835078376205],[130.0448294406262,0.170774509036351],[130.0447184112258,0.17045347085107]]],[[[130.0366390890229,0.170025111170011],[130.0361192539006,0.170365470390196],[130.0366067781804,0.170864791976586],[130.0369707742819,0.170385994717945],[130.0366390890229,0.170025111170011]]],[[[130.0066022479954,0.17057386219401],[130.0063470626669,0.170750152697449],[130.006705089968,0.170996545354305],[130.0068190799367,0.170858136993532],[130.0066022479954,0.17057386219401]]],[[[130.0534223098917,0.170835746572459],[130.0533865573438,0.170976121750607],[130.0535234287632,0.170972903077102],[130.0535279019912,0.170934538897891],[130.0534223098917,0.170835746572459]]],[[[130.0372925858842,0.170937129844726],[130.0371657212211,0.171086302191201],[130.0373536453545,0.171188573094236],[130.0374109573498,0.171080717401237],[130.0372925858842,0.170937129844726]]],[[[130.032240646089,0.170896968820086],[130.0319658213656,0.171073369040828],[130.0320652576056,0.171330111095822],[130.0324133033314,0.171150495798786],[130.032240646089,0.170896968820086]]],[[[130.0393786676914,0.170623496677111],[130.0391217367789,0.171020848633338],[130.0398898864093,0.171450455674035],[130.0398302469683,0.170882789209445],[130.0393786676914,0.170623496677111]]],[[[130.0560192192116,0.171473032254729],[130.0559555696939,0.171525328730946],[130.0559860180404,0.171633768083909],[130.0560769098216,0.171583179420251],[130.0560192192116,0.171473032254729]]],[[[130.0522874041404,0.171564202825733],[130.0522775601613,0.17163814418508],[130.0524161933527,0.171627155369],[130.052404753077,0.17158562557624],[130.0522874041404,0.171564202825733]]],[[[130.05561789495,0.17151319867523],[130.0555133802384,0.171556063961217],[130.0555668125584,0.171661933051867],[130.0556466426784,0.171591425304049],[130.05561789495,0.17151319867523]]],[[[130.0397393291068,0.171451105883877],[130.0395741371368,0.171512409969774],[130.0395886234163,0.171701212740791],[130.0397917047235,0.171629839845286],[130.0397393291068,0.171451105883877]]],[[[130.0307433360362,0.171638735939014],[130.0304240236499,0.171800566243194],[130.0304492667203,0.1720362542698],[130.0310372308836,0.171869271749545],[130.0307433360362,0.171638735939014]]],[[[130.0412248400544,0.171596146744799],[130.0410481610438,0.171905197866648],[130.0414577563704,0.172079189702876],[130.0415015893269,0.171797156913309],[130.0412248400544,0.171596146744799]]],[[[130.0404018578595,0.171914767552581],[130.0398410433296,0.172131681332052],[130.0401056769355,0.172614948221314],[130.040473308996,0.172416308665754],[130.0404018578595,0.171914767552581]]],[[[130.0298445409928,0.171943187028509],[130.0294963396845,0.172260976862601],[130.0296633087148,0.172649251961429],[130.0299552142618,0.172469268841732],[130.0298445409928,0.171943187028509]]],[[[130.0082601131138,0.17259192467762],[130.0081553843636,0.172851683958106],[130.0085939297661,0.172949817080445],[130.0085930700143,0.172834084225679],[130.0082601131138,0.17259192467762]]],[[[130.0069227951509,0.172682617708661],[130.0070808527992,0.172435664774204],[130.0062835066786,0.172605445085258],[130.0065521899317,0.172973093333637],[130.0069227951509,0.172682617708661]]],[[[130.0191489452677,0.172568028791551],[130.0188591621207,0.172647611598029],[130.0188045750712,0.172968282860017],[130.0191647697384,0.172950425022142],[130.0191489452677,0.172568028791551]]],[[[130.0313047522125,0.173220641619329],[130.0312336518116,0.17323200815069],[130.031216573686,0.173467326555896],[130.0313784111848,0.173342367556215],[130.0313047522125,0.173220641619329]]],[[[130.0388857160031,0.173430767316082],[130.0388294598118,0.173445396587832],[130.0388246727205,0.173485849892094],[130.0388991239954,0.173476898939759],[130.0388857160031,0.173430767316082]]],[[[130.0291345748009,0.173304869424237],[130.0290314378506,0.17340066970519],[130.029201967297,0.173490993114919],[130.0292252678319,0.173376869147221],[130.0291345748009,0.173304869424237]]],[[[130.0386788530467,0.173204812652036],[130.0384858828173,0.173334966135849],[130.0385549003883,0.173515815302691],[130.0387589610573,0.173449344611607],[130.0386788530467,0.173204812652036]]],[[[130.0302665784398,0.173382926980567],[130.0300266096403,0.173437432191845],[130.0299916556905,0.173586916603005],[130.0302891091551,0.173638498118242],[130.0302665784398,0.173382926980567]]],[[[130.0314669773192,0.173470561417341],[130.0313216963393,0.173686121717173],[130.0315638531894,0.173734811012791],[130.0315917330721,0.17352670968995],[130.0314669773192,0.173470561417341]]],[[[130.0374645587425,0.172996872307893],[130.037062238032,0.173426859761802],[130.0372498635904,0.173829280297097],[130.0376010884196,0.173448530725226],[130.0374645587425,0.172996872307893]]],[[[130.0106375797606,0.172719264182694],[130.0099483087676,0.173360112079576],[130.0099841053823,0.174003906155404],[130.0105980347715,0.173550809722142],[130.0106375797606,0.172719264182694]]],[[[130.0558219016594,0.173933941598234],[130.0557362196508,0.173950445956381],[130.0557862570301,0.174089259911467],[130.055863634699,0.174026577164829],[130.0558219016594,0.173933941598234]]],[[[130.059246092833,0.174451890842173],[130.069899783748,0.168224850096818],[130.0592043256192,0.166992545969277],[130.0666350729504,0.153953184791719],[130.0417707177445,0.151752085090726],[130.0543037291338,0.16497414803853],[130.0509607818147,0.171689288629848],[130.0550409330926,0.167852326623594],[130.060351759826,0.168514802316297],[130.0517737896288,0.17356414486944],[130.0568031312596,0.173968750757256],[130.0580150135821,0.17538373776935],[130.059246092833,0.174451890842173]]],[[[130.036510292616,0.175152588621172],[130.0363987011392,0.175245658560394],[130.0364025367477,0.175399962438336],[130.0365682647138,0.175287123601928],[130.036510292616,0.175152588621172]]],[[[130.0274395820711,0.174628406176078],[130.0270197560569,0.175207887933679],[130.0273908289237,0.175639173109429],[130.027598323204,0.175390130150463],[130.0274395820711,0.174628406176078]]],[[[130.0080025994405,0.175612963267666],[130.0076151517179,0.175663994397921],[130.0075548153025,0.175836520339187],[130.0077872792595,0.175892763939986],[130.0080025994405,0.175612963267666]]],[[[130.0282590227359,0.175878848729935],[130.0281147921641,0.175914759558557],[130.0281014471242,0.176039756329713],[130.0282840436737,0.175985470553128],[130.0282590227359,0.175878848729935]]],[[[130.0514297944495,0.175906641378473],[130.051257360239,0.175949934741768],[130.0512182046565,0.176150111238746],[130.0515102756788,0.176087298090374],[130.0514297944495,0.175906641378473]]],[[[130.0044555635735,0.176012015841851],[130.0042866403164,0.176032279366309],[130.0042397073967,0.176162796176113],[130.0044779279141,0.176155392957098],[130.0044555635735,0.176012015841851]]],[[[130.0330306339567,0.176172781348802],[130.0329224886819,0.176221227827453],[130.0329538966052,0.176307857721467],[130.0330529857068,0.176285508669347],[130.0330306339567,0.176172781348802]]],[[[130.0322135423211,0.176461073419818],[130.0321390298924,0.176351983857012],[130.0319482971762,0.176481874738796],[130.0320485670877,0.17653715696426],[130.0322135423211,0.176461073419818]]],[[[130.0564839483756,0.176706921986922],[130.0557170973663,0.174694679915641],[130.0527666816371,0.176340120000626],[130.0530011447871,0.1768464796813],[130.0564839483756,0.176706921986922]]],[[[130.0278014386855,0.176272151938337],[130.0275082093365,0.176372359796614],[130.0275061076209,0.176902789831976],[130.0278206347146,0.176817044870711],[130.0278014386855,0.176272151938337]]],[[[130.0332678229518,0.176894796657587],[130.0328975100122,0.176879811254269],[130.032880019997,0.177111964045926],[130.0331471330338,0.177239097606316],[130.0332678229518,0.176894796657587]]],[[[130.0324686539053,0.177271709721635],[130.0324909777765,0.176717759716924],[130.0314441669148,0.177302142779665],[130.0320402510569,0.177581518072698],[130.0324686539053,0.177271709721635]]],[[[130.034635672898,0.177171902961001],[130.034355537678,0.177327189797991],[130.0342955717832,0.177697747353209],[130.0345500160704,0.177650847708508],[130.034635672898,0.177171902961001]]],[[[130.0093521517805,0.177307430793336],[130.0092051090286,0.177361930608663],[130.009127530811,0.17773564928085],[130.0093339755825,0.177663786254742],[130.0093521517805,0.177307430793336]]],[[[130.0260883192207,0.178003370259392],[130.0260292400575,0.178007877661488],[130.0260254161401,0.178067988347072],[130.0260873596439,0.178054162169891],[130.0260883192207,0.178003370259392]]],[[[130.0307626219975,0.177979587687835],[130.0314289027217,0.177345717630859],[130.0297700699328,0.178192881696157],[130.0301740256109,0.178393784845385],[130.0307626219975,0.177979587687835]]],[[[130.0020993101351,0.178794940034452],[130.0020497637856,0.178792320309393],[130.0020382200878,0.178832448059138],[130.0021082538929,0.17885344902748],[130.0020993101351,0.178794940034452]]],[[[130.004097136074,0.179000453108477],[130.0040210309459,0.179019751660212],[130.0040231632384,0.179076008750842],[130.0040817028084,0.179078683334597],[130.004097136074,0.179000453108477]]],[[[129.9952768291624,0.178496625918642],[129.9948218081799,0.178846837211852],[129.9952561654398,0.179207620035735],[129.9954366153077,0.178798960004054],[129.9952768291624,0.178496625918642]]],[[[130.0481192119322,0.179038018689612],[130.0476163596073,0.17934333402769],[130.0482989873085,0.179933830681753],[130.0485307911631,0.179501229797927],[130.0481192119322,0.179038018689612]]],[[[130.0517589517143,0.177511469878519],[130.0510304253139,0.177487884258484],[130.0505353332391,0.180428387660056],[130.052362036179,0.178349987861656],[130.0517589517143,0.177511469878519]]],[[[130.0493195622481,0.182139206659057],[130.049419160366,0.181602135130474],[130.0486238772902,0.182294409859216],[130.0489555490594,0.182416128601501],[130.0493195622481,0.182139206659057]]],[[[130.0295589540825,0.182724507929708],[130.0295730149827,0.182865523425255],[130.0297239437051,0.182758998728813],[130.0297098899995,0.182742283030032],[130.0295589540825,0.182724507929708]]],[[[130.029160989688,0.183144213434725],[130.0290473639448,0.183188101249884],[130.0290566899144,0.183328745325381],[130.0292019789882,0.183263100211947],[130.029160989688,0.183144213434725]]],[[[130.0455857488832,0.183270014199818],[130.0454739847366,0.183330563754611],[130.0454573886476,0.1834822991688],[130.0456693156864,0.183486465727897],[130.0455857488832,0.183270014199818]]],[[[130.02522606633,0.183594787269678],[130.0250256407208,0.18362742726403],[130.0249530168683,0.183855469254565],[130.0253244251822,0.183682544913585],[130.02522606633,0.183594787269678]]],[[[130.0282329657788,0.183435288907516],[130.027851113638,0.183561328892276],[130.0279230324221,0.183872989846654],[130.028274703315,0.183758955811195],[130.0282329657788,0.183435288907516]]],[[[130.0343751437979,0.187254198822215],[130.0341499373697,0.185728299321594],[130.0317071008021,0.185185691566423],[130.0318486909644,0.185641105552678],[130.0343751437979,0.187254198822215]]],[[[130.037897739689,0.185748666267946],[130.049608633132,0.176711266611759],[130.0495631112486,0.167627401683232],[130.0461251703404,0.174172336584119],[130.0292451086749,0.180733717387158],[130.0220974238571,0.178832609937027],[130.028919196164,0.169238367156963],[130.0096699389167,0.174153561437793],[130.0095403609989,0.181271948141967],[129.9975814902936,0.180300231570493],[130.0014974127754,0.187054506160608],[130.0276580615704,0.180349856160975],[130.037897739689,0.185748666267946]]],[[[131.0367278519089,0.377226030956576],[131.0366182326454,0.377331129328182],[131.036808818772,0.377427303727115],[131.0368140780074,0.377330495306191],[131.0367278519089,0.377226030956576]]],[[[131.0366235791149,0.377646351597891],[131.0364928311793,0.377689474989326],[131.0365274532795,0.377802803056968],[131.0366546785706,0.377754960922713],[131.0366235791149,0.377646351597891]]],[[[131.0423715599995,0.39149847057802],[131.0654649819235,0.367972514320078],[131.0626907191015,0.363471705155158],[131.0399941643992,0.366255668963975],[131.0319758306201,0.386620206057772],[131.0423715599995,0.39149847057802]]],[[[130.9696087190672,0.401317771398022],[130.9689173013923,0.401987563974979],[130.9689310439326,0.402446743422511],[130.9698922249463,0.40203046613316],[130.9696087190672,0.401317771398022]]],[[[130.9466746111444,0.406051825131668],[130.9458128106128,0.40632009289798],[130.9456709830295,0.406914668876921],[130.9469702947433,0.40688067900023],[130.9466746111444,0.406051825131668]]],[[[131.1368063706176,0.393453081394599],[131.1390215240242,0.403518039226222],[131.1406767811086,0.407360585122982],[131.1393087827742,0.398515662867569],[131.1368063706176,0.393453081394599]]],[[[131.1529748401169,0.407504271604894],[131.1550706966553,0.406781232867656],[131.1551793320606,0.406398070414602],[131.1514733131429,0.406186396984706],[131.1529748401169,0.407504271604894]]],[[[130.9604040949732,0.405703729043891],[130.9585739035629,0.406226329581491],[130.9573043522142,0.407967845140009],[130.959706826309,0.407736108734477],[130.9604040949732,0.405703729043891]]],[[[131.1413471357617,0.40866274498976],[131.140993839794,0.408345850880407],[131.1426962240515,0.410913478274397],[131.142417595196,0.410054292971227],[131.1413471357617,0.40866274498976]]],[[[131.1192228898245,0.504606491196677],[131.1267238184495,0.501401023238676],[131.1331100607807,0.494655667225283],[131.1184806352732,0.500479416891617],[131.1192228898245,0.504606491196677]]],[[[130.733895724608,0.526883868295977],[130.7314695857528,0.530191083751605],[130.7320570094235,0.53303164639342],[130.7349810111648,0.530711005208781],[130.733895724608,0.526883868295977]]],[[[131.1890080475834,0.56447677088631],[131.1907054046307,0.558208814585123],[131.1878554152952,0.556204627741439],[131.1871701309968,0.564142509968876],[131.1890080475834,0.56447677088631]]],[[[131.1173466099582,0.589720896302401],[131.1169813449132,0.5898371039992],[131.1175327300515,0.590410787827642],[131.117769730189,0.590062490291762],[131.1173466099582,0.589720896302401]]],[[[131.1899069361563,0.573793836316591],[131.1888726393609,0.590281298043502],[131.1896490816399,0.59225017120845],[131.1954925840156,0.585027178061834],[131.1899069361563,0.573793836316591]]],[[[131.1483022235689,0.594944990618826],[131.147922873342,0.595151879655573],[131.1479718423267,0.595527230597279],[131.1486401249419,0.595219642672459],[131.1483022235689,0.594944990618826]]],[[[131.1458957151152,0.595824907993167],[131.1457500780037,0.595877537218589],[131.1457838781235,0.596059238942745],[131.145952441652,0.595887445049589],[131.1458957151152,0.595824907993167]]],[[[131.123631262173,0.597177476659303],[131.1235016392893,0.595612545682497],[131.1206524836253,0.593957491844874],[131.1220256278805,0.597134829908461],[131.123631262173,0.597177476659303]]],[[[131.1268211727589,0.597380325042016],[131.1266420907599,0.597423321629018],[131.1267445082525,0.597628485766075],[131.1269039670445,0.597562307354613],[131.1268211727589,0.597380325042016]]],[[[131.1246405569163,0.597682385733586],[131.1246410992075,0.597294525222233],[131.1245038779518,0.597245747793027],[131.1243183064447,0.597604379438652],[131.1246405569163,0.597682385733586]]],[[[131.1275648887086,0.597424679605327],[131.1272186569156,0.597503805556274],[131.1272076950792,0.597817189611691],[131.1276383911988,0.597826460722592],[131.1275648887086,0.597424679605327]]],[[[131.1240588349473,0.597952443150815],[131.1241141657363,0.597671235039529],[131.1237218418895,0.597678900860574],[131.1236666064289,0.597928555358537],[131.1240588349473,0.597952443150815]]],[[[131.1236328944426,0.598284794807499],[131.123212408326,0.598228288604671],[131.1228275641408,0.59771931009813],[131.1230959263359,0.5986316561261],[131.1236328944426,0.598284794807499]]],[[[131.1238988833269,0.599064640121069],[131.123548645054,0.599342019818414],[131.123922801696,0.599840912428215],[131.1241194978167,0.59951210320108],[131.1238988833269,0.599064640121069]]],[[[131.1241015086778,0.600648303976056],[131.1237977500662,0.600644577185536],[131.1239010237133,0.600929117285018],[131.1241187873522,0.600869422086189],[131.1241015086778,0.600648303976056]]],[[[131.1346623203099,0.601837237398614],[131.1368647420143,0.594644932717545],[131.1223852370891,0.592334620246524],[131.1312822399834,0.596577541620322],[131.132992895306,0.603312148936583],[131.1346623203099,0.601837237398614]]],[[[131.1345316901854,0.602673770578141],[131.1342403314262,0.602872681728892],[131.1343987820781,0.603856655160515],[131.1347295599213,0.603409236147387],[131.1345316901854,0.602673770578141]]],[[[131.1240872544234,0.622967352961032],[131.1251041205588,0.621161308347704],[131.1218139940207,0.622902003724521],[131.1228269373133,0.623024641573997],[131.1240872544234,0.622967352961032]]],[[[131.1197047816504,0.623965854040984],[131.1205314969311,0.623352226823856],[131.117992875371,0.621935052660591],[131.1192436866469,0.625811116290029],[131.1197047816504,0.623965854040984]]],[[[131.1190431441258,0.626308060968325],[131.1189980107497,0.62633299916863],[131.1190209839314,0.626422110292177],[131.1190562814223,0.626387206704335],[131.1190431441258,0.626308060968325]]],[[[131.1191139279655,0.626521197595251],[131.1190483152276,0.626710465315769],[131.1191866840183,0.626951388296002],[131.1192101419346,0.626822776250188],[131.1191139279655,0.626521197595251]]],[[[131.1409643663125,0.634782832162026],[131.1408450118879,0.635264015322099],[131.1413734499248,0.636286199148836],[131.1415325858602,0.635644624599793],[131.1409643663125,0.634782832162026]]],[[[131.1419956126075,0.637574252249992],[131.1418037836178,0.637736391921015],[131.1419094503609,0.638030936978248],[131.1420506861903,0.637990636558714],[131.1419956126075,0.637574252249992]]],[[[131.142189552306,0.638824685810688],[131.1420272822333,0.638847274082474],[131.1422457788198,0.639472124838766],[131.1423296217147,0.63924688603498],[131.142189552306,0.638824685810688]]],[[[131.1568496482927,0.644719461234208],[131.1567251146723,0.644719513394884],[131.1567357770346,0.645027955675667],[131.1568785453086,0.644951813675318],[131.1568496482927,0.644719461234208]]],[[[131.2265856356187,1.008363279441868],[131.224783214374,1.001018439849163],[131.2214356211571,0.997423330722233],[131.2209998420691,1.005343882114504],[131.2265856356187,1.008363279441868]]],[[[131.2325178381278,1.013262463092277],[131.2367920711972,1.030048157996097],[131.248393896661,1.037997029039703],[131.246391384355,1.031206543247462],[131.2325178381278,1.013262463092277]]],[[[131.2544866713229,1.043099695094904],[131.2580947990359,1.072527161799128],[131.2712968727525,1.080496733437572],[131.2756193256714,1.066670702890724],[131.2544866713229,1.043099695094904]]]]}},{"type":"Feature","properties":{"kode":"96.04","nama":"Kabupaten Tambrauw","lat":-0.8011601789750651,"lng":132.7627956642822},"geometry":{"type":"MultiPolygon","coordinates":[[[[132.764233798551,-0.386125183930089],[132.7637260736994,-0.385961156582118],[132.7637116782514,-0.385585127551538],[132.7638604602921,-0.385689123354352],[132.764233798551,-0.386125183930089]]],[[[132.7337523443953,-0.385451101586989],[132.7334385241686,-0.384814853722462],[132.7335382616815,-0.384478504579258],[132.7339452147999,-0.38521448456075],[132.7337523443953,-0.385451101586989]]],[[[132.1989710643631,-0.363576055990203],[132.199367180651,-0.371719367654658],[132.1934893412601,-0.37588626393992],[132.1921841578727,-0.36729899205479],[132.1989710643631,-0.363576055990203]]],[[[132.5212113429292,-0.357168488934592],[132.5208276579701,-0.357166251421306],[132.5207842791712,-0.356982191674751],[132.5211120056146,-0.356796678623786],[132.5212113429292,-0.357168488934592]]],[[[132.4202075900083,-0.344663664096759],[132.5124904767541,-0.360437192722232],[132.5336666888667,-0.35526054663684],[132.5773514497097,-0.363791524559145],[132.6157466455912,-0.356389578016516],[132.6296728030574,-0.366442385107904],[132.649423857725,-0.362806194949863],[132.6821775389622,-0.371800234692968],[132.7154129123761,-0.362024068955582],[132.7333841421644,-0.388589314645118],[132.7628666851494,-0.387591146314284],[132.7660564527432,-0.401610281089562],[132.7840147313948,-0.402016800734708],[132.7937229317679,-0.414532764575329],[132.867379078282,-0.449195049112186],[132.8862811486562,-0.446840889295588],[132.9012821380603,-0.463517115122761],[132.9248710000967,-0.465184000441246],[132.95420000003,-0.453728000047152],[132.9708657910235,-0.493415205147565],[133.007806399146,-0.497070764903798],[133.0300846395945,-0.519355440900851],[133.0798571281041,-0.517070007274947],[133.0860115692785,-0.538644521027789],[133.1144752406398,-0.552624839264906],[133.1331011022341,-0.543394801229072],[133.1503625124201,-0.545391717054036],[133.1590531272001,-0.567967598925526],[133.1764276613076,-0.583522588696431],[133.2355648136653,-0.605287230820986],[133.2562965016823,-0.636577114342243],[133.2928674317866,-0.662192195713176],[133.319228529573,-0.697306323028338],[133.3862059778237,-0.738174915340009],[133.4858320539063,-0.740601984993619],[133.4931616122187,-0.761911707759014],[133.4687201281316,-0.774016771356825],[133.4741560298769,-0.799589932629255],[133.4262634526963,-0.8001046739915],[133.4370686452018,-0.805822776699719],[133.4407197164417,-0.861608913020875],[133.4469139463216,-0.876624016385177],[133.4571870639319,-0.876364587155967],[133.4629795567612,-0.886968489803921],[133.4709961800297,-0.927466192710627],[133.4675190871362,-0.94308049726706],[133.4510681837497,-0.949551900000126],[133.4549248040365,-0.976064847414706],[133.4422155273248,-0.99813379403926],[133.4457665588797,-1.025185971355461],[133.432500681861,-1.061943687051484],[133.4373150108792,-1.07980353670383],[133.4307340716202,-1.094414289587744],[133.4390200238551,-1.123767280735402],[133.4234108850044,-1.144676169369665],[133.4316792518961,-1.179265955059774],[133.4088723602713,-1.190358706688935],[133.4082706301855,-1.202797364806488],[133.3956765242523,-1.199551851836381],[133.3831664356825,-1.207145845004634],[133.3676930521926,-1.225133255395308],[133.3339569893236,-1.203968425102689],[133.3111449949456,-1.204327504610594],[133.2424043898508,-1.184558366375457],[133.233225600581,-1.196040072990881],[133.2470786152859,-1.22237000297323],[133.2300035967886,-1.238218490091183],[133.2380463921273,-1.252205338305659],[133.2246360740957,-1.25447348156589],[133.196647930058,-1.240557757134722],[133.1724057042598,-1.253230236286365],[133.1539660221144,-1.251035368887157],[133.1174195283886,-1.290356730678502],[133.089161682166,-1.289415956181353],[133.0654922156932,-1.321995792171984],[133.0569484026467,-1.311949027625461],[133.037514242988,-1.317535233064485],[133.0410416466548,-1.33023744380292],[133.0284541714229,-1.349890046088722],[133.0035233383315,-1.356717971557122],[132.9742367801034,-1.33551793190694],[132.9594429801095,-1.33592086055925],[132.9629212322292,-1.327215638091131],[132.935268111734,-1.294410522827308],[132.9149830504275,-1.286527744759594],[132.904765322062,-1.293766321358605],[132.8487404768915,-1.25697468863091],[132.8340465484095,-1.235966316092599],[132.8200683570691,-1.232148238050693],[132.8096972915968,-1.211119282728637],[132.8209632481554,-1.186686504978221],[132.7958033280613,-1.168373575080375],[132.7859530132211,-1.148619960942357],[132.7487484549773,-1.169625273987121],[132.7348091997848,-1.15751003995628],[132.7240997769832,-1.158488033795704],[132.7056421083966,-1.176718337581198],[132.6923492238377,-1.175972571177189],[132.6771644058127,-1.148337789657175],[132.6651118302468,-1.15732385421248],[132.6401280981333,-1.159806004643363],[132.6010209305715,-1.143033966844056],[132.5774204762741,-1.144580608308379],[132.5811725656614,-1.120732531081428],[132.564217262217,-1.106382193982983],[132.5798784880019,-1.087461498649203],[132.5964650676089,-1.082789038583234],[132.612549892064,-1.056430699017488],[132.5787505600904,-1.004949840362793],[132.5204363998201,-1.01698662473291],[132.504998044924,-1.032290393386928],[132.457134221767,-1.033393169059485],[132.4293901357462,-1.018013262002418],[132.4050653647749,-1.016754037568715],[132.4027503425544,-0.990553423801435],[132.3762115630133,-0.97643226633595],[132.3616019477717,-0.979951845900898],[132.3526986748041,-0.958737061865891],[132.3133893261565,-0.952863540120211],[132.2764727614089,-0.924133916746841],[132.2653400493038,-0.925256833635915],[132.2653823570103,-0.937671314379587],[132.2423116798402,-0.943960366977306],[132.2487934337701,-0.89902954058079],[132.2327821306908,-0.871354598036225],[132.2646193191264,-0.858902878165216],[132.2716061053376,-0.839368546621058],[132.2540007026704,-0.836268230094708],[132.2896735787727,-0.81618557920107],[132.2734347103436,-0.798026960375855],[132.2585868763833,-0.801967348014701],[132.236401733753,-0.791326397794981],[132.2177729340738,-0.796586196995344],[132.2097829307377,-0.82060788834333],[132.1997937201041,-0.822903753205553],[132.1868992073327,-0.818696979182201],[132.1927196331046,-0.80138194691928],[132.1739674788162,-0.790460917237537],[132.1702548238011,-0.776763397112992],[132.1589761787077,-0.770871852054247],[132.1373916905741,-0.784574374207983],[132.113829078849,-0.783521463244854],[132.1094542368236,-0.773087822045307],[132.0944692742377,-0.766924161920526],[132.0846250001437,-0.742470029768041],[132.0501949286531,-0.741162845388901],[132.0103950951576,-0.719387423091058],[131.9794363249265,-0.727369642794676],[131.9083365795696,-0.715296509626187],[131.8826903519782,-0.724542897336791],[131.8628051967025,-0.755348588566454],[131.8408534794046,-0.771371402967771],[131.8154091091432,-0.770308973580194],[131.7928514142615,-0.800375071352358],[131.7750803888489,-0.805567950200706],[131.7699058840494,-0.797358264971917],[131.7604820879781,-0.799828783571479],[131.752411678956,-0.78017693042092],[131.7545755773011,-0.760362319765198],[131.7435277629959,-0.74593591081358],[131.7457251493962,-0.730482203590801],[131.8442330003528,-0.707481999994267],[131.9041406153972,-0.675481116060597],[131.9035200004478,-0.653915000177088],[131.9231960003951,-0.63872100007403],[131.9255700001554,-0.626373999960064],[131.9579959999156,-0.605166000410476],[131.9756080000093,-0.57952599972502],[132.0696193693385,-0.542285376868604],[132.0851630132626,-0.515955107841906],[132.0787040166771,-0.499467627229214],[132.0945131854352,-0.480315962611558],[132.1413640617021,-0.458365709409916],[132.170000748236,-0.427108929033773],[132.2066072294401,-0.410006681762878],[132.2515108567407,-0.403634834879687],[132.2599712342851,-0.398428391556996],[132.2620277571754,-0.382696899941928],[132.3382822600184,-0.385596810644254],[132.3643900052946,-0.36547221177308],[132.3903781263496,-0.364193407299831],[132.4202075900083,-0.344663664096759]]],[[[132.1731708719383,-0.343997041630109],[132.1728567828144,-0.351259157084341],[132.1609594778976,-0.344482451603836],[132.1657755066344,-0.345262915651004],[132.1731708719383,-0.343997041630109]]]]}},{"type":"Feature","properties":{"kode":"96.05","nama":"Kabupaten Maybrat","lat":-1.3800095044672738,"lng":132.51204605288993},"geometry":{"type":"MultiPolygon","coordinates":[[[[132.2786279992827,-0.926034266967759],[132.3133893261565,-0.952863540120211],[132.3526986748041,-0.958737061865891],[132.3616019477717,-0.979951845900898],[132.3762115630133,-0.97643226633595],[132.4027503425544,-0.990553423801435],[132.4050653647749,-1.016754037568715],[132.4293901357462,-1.018013262002418],[132.4568767530597,-1.033329252443041],[132.504998044924,-1.032290393386928],[132.5204363998201,-1.01698662473291],[132.5787505600904,-1.004949840362793],[132.612549892064,-1.056430699017488],[132.5964650676089,-1.082789038583234],[132.5798784880019,-1.087461498649203],[132.564217262217,-1.106382193982983],[132.5811725656614,-1.120732531081428],[132.5774204762741,-1.144580608308379],[132.6010209305715,-1.143033966844056],[132.6401280981333,-1.159806004643363],[132.6651118302468,-1.15732385421248],[132.6771644058127,-1.148337789657175],[132.6923492238377,-1.175972571177189],[132.7056421083966,-1.176718337581198],[132.7240997769832,-1.158488033795704],[132.7348091997848,-1.15751003995628],[132.7487484549773,-1.169625273987121],[132.7859530132211,-1.148619960942357],[132.7958033280613,-1.168373575080375],[132.8209632481554,-1.186686504978221],[132.8096972915968,-1.211119282728637],[132.819148984638,-1.231243458019174],[132.8340465484095,-1.235966316092599],[132.8487404768915,-1.25697468863091],[132.9061519309669,-1.295445775602014],[132.9086618290802,-1.303771931129718],[132.8972532022735,-1.32122255058025],[132.9001053580758,-1.346885002840528],[132.9094958990167,-1.358047613806226],[132.8968575041705,-1.387348793212231],[132.9051310403652,-1.396901838948652],[132.8841391667891,-1.410131875285783],[132.8859645468265,-1.423475888101747],[132.8543626498165,-1.449821531938047],[132.864630414662,-1.466358684805405],[132.8542485636204,-1.480386656319046],[132.8577852383982,-1.501599517603649],[132.8489093273036,-1.502238181047202],[132.8239360093394,-1.563823296108138],[132.8025448943315,-1.562916650882665],[132.7871375813344,-1.572982656424385],[132.7861750648275,-1.605501024652581],[132.7806215326576,-1.620971007805741],[132.7738248739189,-1.62152122202677],[132.769483786148,-1.651269482300746],[132.7757507513961,-1.672850104248871],[132.7696360557594,-1.681831756730181],[132.7723707888808,-1.726336781117491],[132.7643341736832,-1.732619420649753],[132.7469914962606,-1.814444019375985],[132.7401677976059,-1.819372280806045],[132.7425472967205,-1.846612488375568],[132.7381846629919,-1.858081751971222],[132.7282546628225,-1.857696341213069],[132.7332377532197,-1.877063613794652],[132.7242915358257,-1.87744016263334],[132.7244513300649,-1.885811501899218],[132.6891460302652,-1.882954897150737],[132.6750913407928,-1.871721907040394],[132.6448392272486,-1.879911960068872],[132.6221707655684,-1.87611218143198],[132.6291767855803,-1.866977960764229],[132.6202435633898,-1.853638672986316],[132.5549708915935,-1.836775213705069],[132.5222933163835,-1.820244536855833],[132.4957369173249,-1.826033659026097],[132.4818438998761,-1.850911878180542],[132.4467862715693,-1.884888972847756],[132.4386325313662,-1.824588856790291],[132.4070672088847,-1.78294068626357],[132.4428341747574,-1.781416708614161],[132.4601566507089,-1.776277073228341],[132.4607012621537,-1.769958181125089],[132.4895665068889,-1.784183910858752],[132.4888501618056,-1.796909368172786],[132.4975472193288,-1.801666287169359],[132.5091743544129,-1.795629584337791],[132.5075325260053,-1.767754199096919],[132.4886781250954,-1.757387946796277],[132.4767259831177,-1.730297943994843],[132.4204336220141,-1.758928490857128],[132.4086092880882,-1.751388725009553],[132.3948781683928,-1.764296463211126],[132.3941684612056,-1.741003850447312],[132.4081288369763,-1.71421227417701],[132.3962880868259,-1.702137319881361],[132.4039257951393,-1.698530599607453],[132.4005668156061,-1.683882504174131],[132.409921997902,-1.681758107650547],[132.4151858188705,-1.666129798851104],[132.4064052206245,-1.661095284319883],[132.4152616137326,-1.65619669242332],[132.4109267969341,-1.64661086100242],[132.4265010609753,-1.638231826237726],[132.4211521056853,-1.628199520991094],[132.4272467320511,-1.615054910355765],[132.4406690569315,-1.605473144769734],[132.4204760718133,-1.569509382951553],[132.3481031841147,-1.525889628703306],[132.2560464939506,-1.417415725555296],[132.2070751404054,-1.372737587969278],[132.1690984926014,-1.34665684843476],[132.11455086573,-1.323885712955233],[132.087467973868,-1.22666853662359],[132.0917711983822,-1.214984869256311],[132.0763179893837,-1.206169280188066],[132.0798169942589,-1.196676880233818],[132.0891442966719,-1.191477312228153],[132.0912372960644,-1.185081520895428],[132.0859332394275,-1.186883124656449],[132.087286278439,-1.172304259933624],[132.0784524079523,-1.171713983613445],[132.0842341314001,-1.115229573186197],[132.0713345293651,-1.090284035279934],[132.080091664299,-1.079473602424732],[132.1103419953869,-1.094574017277042],[132.1250979474125,-1.082120291917901],[132.1360239386539,-1.100267883256192],[132.1587497429064,-1.109846694569219],[132.1833002194296,-1.109193577221815],[132.1906984319871,-1.070933150144684],[132.1835217889994,-1.053308326617922],[132.1952423312686,-1.049483343581395],[132.2076615298558,-1.057344459679024],[132.2262652303561,-1.045111633894782],[132.2168510426416,-1.019723209558412],[132.2282051543444,-1.016264687665183],[132.2259357520334,-1.002148484564882],[132.2321920666106,-1.000507333346759],[132.21794857077,-0.993359160197008],[132.2247168882739,-0.985465951792166],[132.2101895529056,-0.969823815016982],[132.22244510186,-0.960301398390742],[132.2268744967608,-0.937000417435277],[132.2433672635885,-0.944132355124053],[132.2654433580246,-0.93761908894974],[132.2658429070246,-0.924863444092663],[132.2786279992827,-0.926034266967759]]]]}},{"type":"Feature","properties":{"kode":"96.71","nama":"Kota Sorong","lat":-0.8666236204241764,"lng":131.31781136646148},"geometry":{"type":"MultiPolygon","coordinates":[[[[131.2604289957017,-0.949054377057815],[131.2585413861762,-0.948072360550947],[131.2585585686231,-0.94710552100288],[131.2598874536432,-0.947036448573238],[131.2604289957017,-0.949054377057815]]],[[[131.2533492267854,-0.944606413854812],[131.2535174836451,-0.951848636305533],[131.2465048653073,-0.947668680065464],[131.2500305656581,-0.943523803680504],[131.2533492267854,-0.944606413854812]]],[[[131.2593222333345,-0.94221222431459],[131.2619574618674,-0.945944870359464],[131.2615337885536,-0.946521565118077],[131.2570423080562,-0.944641322838693],[131.2593222333345,-0.94221222431459]]],[[[131.2652062699534,-0.94201332035844],[131.2638367751471,-0.941226319139313],[131.2637220792107,-0.940959960633661],[131.2657875890261,-0.940699295735817],[131.2652062699534,-0.94201332035844]]],[[[131.2648540486755,-0.928692045101778],[131.2640930270715,-0.927778779966706],[131.2650844271047,-0.92641092642303],[131.2655409616462,-0.928180349743249],[131.2648540486755,-0.928692045101778]]],[[[131.2628367811925,-0.926348766182608],[131.2626101313525,-0.926017380397751],[131.2631785757308,-0.925922649410696],[131.2632232297683,-0.926102895132422],[131.2628367811925,-0.926348766182608]]],[[[131.2495819802243,-0.930617543964443],[131.2488742794245,-0.928743700361492],[131.2525842643524,-0.924863174296034],[131.2526735103743,-0.927072557652389],[131.2495819802243,-0.930617543964443]]],[[[131.2594567215506,-0.929399555245228],[131.2608843979966,-0.939136309992675],[131.249420155316,-0.940642508045267],[131.246293542613,-0.94717412938248],[131.2559446369355,-0.924238504303501],[131.2594567215506,-0.929399555245228]]],[[[131.2489967392082,-0.92173027892917],[131.2490118172416,-0.924199034857478],[131.2449663995798,-0.923676171717849],[131.2465387346749,-0.920705907051891],[131.2489967392082,-0.92173027892917]]],[[[131.2639498379147,-0.92213238200374],[131.2621440945744,-0.920748025001286],[131.2645255937812,-0.919150972939045],[131.2651787560948,-0.919875518940019],[131.2639498379147,-0.92213238200374]]],[[[131.2628334887745,-0.917426362836318],[131.2634224062191,-0.91787846102214],[131.2607713792958,-0.919293734018536],[131.2614184747829,-0.916882728055393],[131.2628334887745,-0.917426362836318]]],[[[131.2736415959829,-0.906502852824323],[131.273375097183,-0.9063196339439],[131.2735107257395,-0.905755702363711],[131.2737947082593,-0.906030930882709],[131.2736415959829,-0.906502852824323]]],[[[131.2298234530899,-0.903847546926764],[131.2334859520151,-0.908920972424879],[131.2312033971191,-0.912816741999015],[131.2274113436586,-0.90653163562642],[131.2298234530899,-0.903847546926764]]],[[[131.2695686500732,-0.902688822631051],[131.271354489618,-0.903892608357085],[131.2691690408186,-0.904892593318499],[131.2684547425923,-0.902560960619761],[131.2695686500732,-0.902688822631051]]],[[[131.2392067949577,-0.884305054035009],[131.2377102736103,-0.889639407032996],[131.2309924305562,-0.888454275044717],[131.2354207462705,-0.884740230577099],[131.2392067949577,-0.884305054035009]]],[[[131.2055259099929,-0.882684116878421],[131.2102156748136,-0.885829838376287],[131.2040215456578,-0.894519902771298],[131.1847284302729,-0.897572852005426],[131.2055259099929,-0.882684116878421]]],[[[131.2390658855823,-0.877431907056783],[131.2388208023382,-0.877160648145361],[131.2392681404124,-0.877003604033069],[131.2393514221305,-0.877239169751823],[131.2390658855823,-0.877431907056783]]],[[[131.2155384157653,-0.836084836745757],[131.2213105776211,-0.841964266137987],[131.2068295879152,-0.83801695911532],[131.213804585813,-0.83435060479651],[131.2155384157653,-0.836084836745757]]],[[[131.2112520148687,-0.832235661946148],[131.2110164482506,-0.832128586864725],[131.2110164482506,-0.831843051215822],[131.2114161977994,-0.83194298927747],[131.2112520148687,-0.832235661946148]]],[[[131.3125310826434,-0.797247651957525],[131.31252673622,-0.797546136944652],[131.312273632822,-0.797657562946144],[131.3122370996625,-0.797308464114257],[131.3125310826434,-0.797247651957525]]],[[[131.3459576330384,-0.784232070653504],[131.3459093862093,-0.78501859882916],[131.3441676377264,-0.784691560367159],[131.3450897090229,-0.784133468084994],[131.3459576330384,-0.784232070653504]]],[[[131.3558893266312,-0.781990048202077],[131.3764469148932,-0.840327105211694],[131.3709257052571,-0.873985403703406],[131.3629709508488,-0.872103380766356],[131.3602224643953,-0.879861191740508],[131.388290868429,-0.89482341496854],[131.3806607342055,-0.907353005336889],[131.3957856402951,-0.91604723179424],[131.3964935569321,-0.932886532587387],[131.3755513897849,-0.95170430321099],[131.3488001094375,-0.950230292793711],[131.3472865432394,-0.942388453664103],[131.3343476624148,-0.947521047358427],[131.3303551869424,-0.928272256859122],[131.3344582682346,-0.930127758789004],[131.3362813010412,-0.923243060918447],[131.3151154823937,-0.934744516646083],[131.3080091277192,-0.921240464975417],[131.2868840960243,-0.908941298901736],[131.2854006454235,-0.895790994658599],[131.2416044351966,-0.876797622412331],[131.2475300636616,-0.849537921138113],[131.2246999641322,-0.8220547239463],[131.3264621836829,-0.796471779848742],[131.3289087722221,-0.789581024144928],[131.3477499917687,-0.786787442986084],[131.3558893266312,-0.781990048202077]]]]}}]}