{"type":"FeatureCollection","features":[{"type":"Feature","properties":{"kode":"11.01","nama":"Kabupaten Aceh Selatan","lat":3.1618538408941346,"lng":97.43651771865193},"geometry":{"type":"MultiPolygon","coordinates":[[[[97.59379153585078,2.807968378138192],[97.59286353622325,2.808667377997164],[97.59258453594765,2.809694377693383],[97.59385353601188,2.809034377834351],[97.59379153585078,2.807968378138192]]],[[[97.51905224316651,2.880829339602386],[97.51729722158956,2.881851800420264],[97.51835148783098,2.883622488187342],[97.5193958426441,2.883157133994562],[97.51905224316651,2.880829339602386]]],[[[97.51510892373793,2.887069302706212],[97.51364292358208,2.887490303234962],[97.51449392415529,2.889009303136913],[97.51608992401086,2.888104302771421],[97.51510892373793,2.887069302706212]]],[[[97.4385543090342,2.906647863807898],[97.43816228466177,2.906920924061506],[97.43829916597375,2.907387613747424],[97.43851664632622,2.907199025914341],[97.4385543090342,2.906647863807898]]],[[[97.12829379512262,3.317588861237052],[97.12810181414741,3.317698215200537],[97.12842409339727,3.317862452989861],[97.12848691104213,3.317729203140306],[97.12829379512262,3.317588861237052]]],[[[97.07263931325377,3.415016228915867],[97.07185706585092,3.415587300213762],[97.07208458263749,3.416127556241765],[97.07271399565448,3.415963176359526],[97.07263931325377,3.415016228915867]]],[[[97.00156553402228,3.526175749611159],[96.99967813493805,3.526757194588924],[97.00005075014208,3.529349945443737],[97.00116209905168,3.528261432119461],[97.00156553402228,3.526175749611159]]],[[[97.26699999885092,3.648826000719406],[97.28363223883682,3.643365304665135],[97.29510817360338,3.595214544715496],[97.35753099995576,3.622057001029798],[97.37389900023874,3.639004000134548],[97.3933920007403,3.632578999721069],[97.40350500035554,3.615589999578827],[97.43508718422623,3.636051679641316],[97.46313700017245,3.618659999959139],[97.46971500134626,3.57407700075305],[97.48416799965348,3.559123000026453],[97.4840999830279,3.543154598206154],[97.45093599959672,3.535853000715438],[97.39829830971931,3.450440662806397],[97.440349000606,3.396072001022098],[97.47466000095837,3.323168000702669],[97.46406199966164,3.267865000869129],[97.4773640339231,3.216973345643414],[97.51685000132652,3.170489999813707],[97.60384800138425,3.108621999405802],[97.61546700030183,3.09205900092222],[97.64291247093381,3.029885973858647],[97.6334790008553,3.007218001409683],[97.63301290472188,2.969661049218097],[97.6406125231495,2.953451106583337],[97.75356785417314,2.927116034277621],[97.7721650013138,2.960925000688274],[97.79818969240047,2.974999914114761],[97.80726959761395,2.960745210023429],[97.81478499992785,2.983036389018178],[97.90038077525264,2.966308939605899],[97.90665470664945,2.957119559919818],[97.90571747727986,2.911777640825552],[97.8585776227591,2.881885765116031],[97.85770435497204,2.842979476421736],[97.78462095879027,2.804946400655894],[97.7876308233039,2.799524274725606],[97.76652640317108,2.788066237366959],[97.81716415280346,2.667322381722601],[97.81343447901808,2.65306404886678],[97.82520948872697,2.636933528959259],[97.79553847302222,2.548424891795362],[97.79095201692215,2.498447473871865],[97.73304725322826,2.423558474643903],[97.71000297565685,2.409091612388112],[97.66504421272032,2.394858801392649],[97.66307076560341,2.400174464679791],[97.64996719013382,2.676120291917991],[97.61458379590555,2.833387207653558],[97.59353897384463,2.879123536122318],[97.57839258564933,2.891505953337091],[97.55457547118112,2.89314997609058],[97.54053698479407,2.884230279703658],[97.48635085390887,2.920741830271311],[97.44766793882441,2.923715215584743],[97.42700951407791,2.933540191126948],[97.39620382644556,2.960558726603967],[97.31597642277376,3.055065012640256],[97.27754716866694,3.181290994283991],[97.25532134700258,3.224667399181168],[97.24302299481546,3.235381016420845],[97.2241098447936,3.231701387209295],[97.2236921672598,3.242637923001745],[97.19802818435325,3.251138394121632],[97.19371705210037,3.260784939673233],[97.17941374324971,3.249742955672929],[97.16942199293068,3.257636405995456],[97.1435313071242,3.310457601637061],[97.12761971457816,3.318945221444846],[97.1243555370784,3.350772091958486],[97.0850575378751,3.394565391979331],[97.07190265878072,3.427560570863729],[97.06300041373815,3.430243940105825],[97.06042067697271,3.454448016662703],[97.05043319483619,3.455570912867344],[97.00230547911458,3.54739885597246],[96.94249365266,3.57393623886637],[96.96953522337189,3.618346070015143],[97.00032583476951,3.616759354760489],[97.03563194485844,3.600755346082373],[97.04685726824837,3.617693929331466],[97.06709092160881,3.626126334362855],[97.10641177168601,3.66917240927933],[97.13108982243736,3.684319999868112],[97.14225862613472,3.726881021841709],[97.15446888882819,3.741497221919342],[97.2108660002658,3.686521999790514],[97.26699999885092,3.648826000719406]]]]}},{"type":"Feature","properties":{"kode":"11.02","nama":"Kabupaten Aceh Tenggara","lat":3.368931368634976,"lng":97.69759716544476},"geometry":{"type":"MultiPolygon","coordinates":[[[[97.8248048081954,3.74945027840765],[97.80050154361139,3.722555727964515],[97.826502621199,3.67512115931412],[97.84474193799012,3.66061076807258],[97.85373609824244,3.626840745903714],[97.87177666036466,3.612621097385759],[97.86350817026592,3.597462197822242],[97.86812879700643,3.571116517113659],[97.90663402314165,3.555228044338875],[97.9236979179246,3.512507509613915],[97.92118494502922,3.49848350141253],[97.95879847087281,3.483243537859003],[97.93354714908175,3.442225338828408],[97.9506515763093,3.412961367073496],[97.94797647633337,3.39147950417582],[97.9778078933197,3.37178104096234],[98.0034240017164,3.368943813905933],[98.02925492037829,3.3307541697692],[97.96900736879512,3.273713921660203],[97.90464205988322,3.258118730395164],[97.92099088482159,3.241406660289247],[97.93224571137056,3.210431007085312],[97.94771880977532,3.2007968047288],[97.9423666196238,3.164055382050289],[97.97056178939509,3.138446499706248],[97.98218090882195,3.116072937416202],[97.9837621831783,3.085641765255364],[97.97519240940217,3.073037982616821],[97.95275978773402,3.065003586046732],[97.94992473433913,3.07483066780112],[97.93645141160343,3.074257609001506],[97.93010266020967,3.054718335682715],[97.94380801522775,3.044622853062261],[97.93760965476187,3.029247914759491],[97.94738459112604,3.00736691924801],[97.9413763770182,2.994270241578455],[97.93096899961974,2.990291999676153],[97.89516899984957,3.008690000043512],[97.83722599968019,3.003270000110469],[97.81478499992785,2.983036389018178],[97.80822113879456,2.961320604362449],[97.79997562007884,2.974427503726339],[97.78848093264904,2.971973845616493],[97.77036100085954,2.958753000350733],[97.76250099992124,2.934320999614503],[97.74717099984184,2.927554999663528],[97.6406125231495,2.953451106583337],[97.63301290472188,2.969661049218097],[97.6334790008553,3.007218001409683],[97.64291247093381,3.029885973858647],[97.61168000013193,3.098810000181395],[97.51685000132652,3.170489999813707],[97.4773640339231,3.216973345643414],[97.46406199966164,3.267865000869129],[97.47466000095837,3.323168000702669],[97.440349000606,3.396072001022098],[97.39822180978874,3.450843174173212],[97.45093599959672,3.535853000715438],[97.4840999830279,3.543154598206154],[97.48416799965348,3.559123000026453],[97.46971500134626,3.57407700075305],[97.46313700017245,3.618659999959139],[97.43508718422623,3.636051679641316],[97.40350500035554,3.615589999578827],[97.3933920007403,3.632578999721069],[97.37389900023874,3.639004000134548],[97.35753099995576,3.622057001029798],[97.29497351811342,3.595236070887985],[97.28176770411633,3.646213716589774],[97.25962200125441,3.652564000428281],[97.20648681271632,3.691288290622129],[97.25081792980369,3.692311389059387],[97.29345629167462,3.673233836672306],[97.3513760425704,3.675928647988801],[97.55589572810545,3.714141663706915],[97.5741180549044,3.711641000731646],[97.62490265483368,3.722852636440098],[97.63598387265772,3.733718997234025],[97.8248048081954,3.74945027840765]]]]}},{"type":"Feature","properties":{"kode":"11.03","nama":"Kabupaten Aceh Timur","lat":4.6304405086759095,"lng":97.6260853805437},"geometry":{"type":"MultiPolygon","coordinates":[[[[98.01774583929911,4.588178289296629],[98.01861067234474,4.59434669514398],[98.01716612461699,4.600190199318298],[98.01977727739951,4.593534643309138],[98.01774583929911,4.588178289296629]]],[[[98.01514558090385,4.603748001868823],[98.01330149766599,4.603664721050137],[98.012914835951,4.604235791448662],[98.014283025841,4.605374958187824],[98.01435143457105,4.604753324306476],[98.01514558090385,4.603748001868823]]],[[[98.01778075367885,4.603700056312586],[98.01442737961989,4.605183411585244],[98.01688298386267,4.606439767181513],[98.0177919376479,4.607543836978522],[98.01778075367885,4.603700056312586]]],[[[98.0004327288874,4.625287586852721],[98.01805320329275,4.608029128241697],[98.00540368293366,4.600631975085644],[97.99772996306736,4.591149648437586],[98.0050686719817,4.60603255236045],[98.0004327288874,4.625287586852721]]],[[[97.96912893465267,4.679687616989913],[97.96878986236234,4.679883922804805],[97.96911703842059,4.680217046979184],[97.96931036927813,4.679943409360842],[97.96912893465267,4.679687616989913]]],[[[97.9664434663929,4.681399589819279],[97.96615792984464,4.681463834688259],[97.96647915778702,4.682042044804579],[97.96662192516183,4.6816708487307],[97.9664434663929,4.681399589819279]]],[[[97.96842401995264,4.679812539117489],[97.96665607421856,4.68089290818121],[97.96735921095886,4.684482231070163],[97.96844186609924,4.682697636187005],[97.96842401995264,4.679812539117489]]],[[[97.96719582212955,4.685948178165876],[97.96692813172797,4.686010637880699],[97.9668448509092,4.686537093811904],[97.96732862501611,4.686334591668139],[97.96719582212955,4.685948178165876]]],[[[97.96592201878622,4.689815261165386],[97.96671200035864,4.688273370819406],[97.96703084779544,4.686932543701982],[97.96487505593913,4.690462475362999],[97.96592201878622,4.689815261165386]]],[[[97.96465644334026,4.690532768172794],[97.96380935481791,4.692025880190286],[97.96362494703376,4.693328635408211],[97.96468975602754,4.691722498394689],[97.96465644334026,4.690532768172794]]],[[[97.96358647943256,4.693638757622608],[97.96233845155837,4.695443579157853],[97.96204458818731,4.697160359762819],[97.96281077459763,4.696294236190134],[97.96358647943256,4.693638757622608]]],[[[97.96026887770661,4.704218294938411],[97.95976919189476,4.705339021079013],[97.95970137671729,4.706295565188178],[97.96046161501157,4.705185546375933],[97.96026887770661,4.704218294938411]]],[[[97.95974420692964,4.703900637304613],[97.95896969279717,4.704825057630323],[97.959048215303,4.706702452656074],[97.95984057558218,4.704275401888335],[97.95974420692964,4.703900637304613]]],[[[97.9636595574427,4.70371913972658],[97.97476145787509,4.676282774730311],[97.97576900613475,4.669961269197231],[97.95997089094388,4.703453774072418],[97.96089293166357,4.704851708139856],[97.9610951855944,4.712341060691493],[97.9636595574427,4.70371913972658]]],[[[97.49769528710785,5.249198368110196],[97.5533617083762,5.212310625734883],[97.54395150106096,5.20453007360404],[97.56702075280558,5.184909682336002],[97.5910032031354,5.143739980815475],[97.65198835078183,5.123241916880982],[97.65777312113275,5.080828228140287],[97.64422835085777,5.084721486807208],[97.64472839370046,5.075644524175548],[97.67524772909942,5.047898488424551],[97.78233693889865,4.965123748762078],[97.78160994044646,4.956652233114166],[97.8403218501733,4.907175179091293],[97.89326686087693,4.885716936887196],[97.89920892175441,4.890155672146633],[97.90452642325593,4.891772372596947],[97.90719396532928,4.891400761036312],[97.94334110430857,4.772039541991301],[97.960558125757,4.741365646407502],[97.95295246118722,4.745808602185274],[97.96227231811307,4.715584344242107],[97.95794923656806,4.704530384869464],[97.96666034869622,4.68506658895198],[97.96297081255304,4.665351660051108],[97.99583897658752,4.639325860100406],[97.99362008290059,4.617428475343942],[98.00212809393646,4.606954663227135],[97.99159096055445,4.600819177063475],[97.99816785196487,4.588182010691288],[97.97212516544406,4.561170408087921],[97.97918071381893,4.542194147242128],[97.96518692373756,4.530282211255109],[97.95419027815889,4.536911058298742],[97.94327628297414,4.528641212022343],[97.93224147826166,4.535650501969112],[97.91679348443185,4.531397588228202],[97.89480926833309,4.504741818580115],[97.89082005560111,4.478256653921541],[97.8681897395649,4.472519473894664],[97.86779669266329,4.454820503963152],[97.9019297621489,4.443535025820843],[97.90554808457645,4.451644910584228],[97.91773626621577,4.450989883976074],[97.92756928259638,4.43574556500581],[97.91718334683402,4.419522110057382],[97.9659411473661,4.443389056859569],[97.97195024101082,4.418028517801908],[97.98254106301971,4.419336373075232],[97.98258164132966,4.410840936360149],[98.00265500762256,4.40159296944007],[97.97987347957748,4.393269841030389],[97.96385859000193,4.369849198981445],[97.95023432055748,4.370755848703499],[97.93346775063624,4.360112079109268],[97.90743076581722,4.390269193668427],[97.85650866764094,4.38680168215193],[97.83840280394631,4.369831690080538],[97.78491989883437,4.356499391833534],[97.76174316281671,4.335955945410607],[97.77238707810125,4.320526806766821],[97.74971922436275,4.294870451010556],[97.73290018799334,4.249226824658269],[97.68698764996013,4.246871599145074],[97.64632556537262,4.219928827053753],[97.63051420766462,4.225366236063021],[97.61853663016146,4.24550660184828],[97.60254950805344,4.250579821401711],[97.56249309258222,4.198096932727346],[97.51876256793818,4.184414558085447],[97.49803552941621,4.155656114138417],[97.42455863757111,4.174261778758147],[97.3588844436622,4.214265000229588],[97.34937214261038,4.249999986210472],[97.36819755567275,4.382235093874542],[97.34658212636417,4.437885311158251],[97.34290703693033,4.499862007225918],[97.31318602611434,4.508480138447645],[97.29002900323597,4.500627464286055],[97.27946272012848,4.512507520205954],[97.2794393152722,4.523861040154941],[97.29704079869391,4.526899772906233],[97.31714091981762,4.548568066163416],[97.3143311058959,4.597619350552606],[97.30565400073165,4.62019300120604],[97.29641200081322,4.62491100114184],[97.27565499957868,4.628500001174206],[97.2618710006462,4.616610000551113],[97.25630800131327,4.649196001394373],[97.25898100137218,4.661635001254382],[97.2895450007013,4.658317001128797],[97.30894500141073,4.670807999789449],[97.32817499967658,4.705960001153219],[97.31864589928888,4.739018324136367],[97.33791726816744,4.778873622419798],[97.35008856233739,4.779351148936438],[97.35490494360836,4.771907301181088],[97.36388073520784,4.784130013189646],[97.36205911343744,4.767819845609477],[97.38654889291715,4.769588557565928],[97.38773723188784,4.761145236563479],[97.42417779357041,4.755422873766623],[97.41776115055669,4.768891036192468],[97.40031976984162,4.766649366275221],[97.40566246674952,4.79497499889716],[97.4191519314165,4.788954394829513],[97.40868583908023,4.786980082564817],[97.41139544514375,4.780717524893973],[97.43522440817995,4.787542365687635],[97.42842467915565,4.806519408044284],[97.43756840835542,4.812027057702583],[97.43544292095405,4.821006833298757],[97.45707829902429,4.822177883702427],[97.4427844888132,4.832882844967322],[97.4591047386928,4.846606635188099],[97.47701514013661,4.839342444098559],[97.48859450862973,4.854012181716904],[97.48809837513998,4.86683633872611],[97.51154645100796,4.882482244559959],[97.49683381572801,4.875335045376094],[97.506221232424,4.891315901907344],[97.49282678292974,4.886678080129347],[97.4984955083611,4.899224197338835],[97.48997530611551,4.907216014607418],[97.48353053320763,4.902478088393124],[97.4875340694418,4.910727860902075],[97.47346962322464,4.9144141693785],[97.47845016943982,4.921000858003243],[97.46551963971972,4.91698008176542],[97.47357636825488,4.92410506679548],[97.4673064451364,4.930536712299482],[97.47186135211982,4.947961642615816],[97.48742105433823,4.941723531216024],[97.50498296489194,4.958849979243251],[97.48461282412265,4.961337782812446],[97.50145286685635,4.966680228809505],[97.49928455014191,4.976898024624198],[97.49067179236934,4.978888262983027],[97.50786255811065,4.997037000956905],[97.50163445616528,5.001571472645349],[97.50441555563341,5.011436087605436],[97.49319798889614,5.014591192629524],[97.51452084356217,5.030530171330415],[97.50822619987926,5.0442025104376],[97.50000906466664,5.038276894563086],[97.50553761367004,5.047077715863967],[97.49755268430894,5.050784008175512],[97.5135028056101,5.050873872031602],[97.5062785776943,5.061110094955023],[97.51312851317039,5.06588775591521],[97.51515971564842,5.056994909687361],[97.51482103816042,5.072762975830724],[97.49869997102692,5.068523703006566],[97.49943684943109,5.078343058685263],[97.49167381699314,5.071888055989081],[97.49524341235369,5.085856977117874],[97.48431675921114,5.07843835624524],[97.47730702320065,5.086651708009992],[97.48184383222714,5.097469142087284],[97.46817996203566,5.09322934585763],[97.47275738894243,5.103493122209922],[97.4596004611924,5.112010907077757],[97.47812382075779,5.126484673428976],[97.4685856758883,5.131775681802274],[97.46578441991508,5.15354041116105],[97.48125990242264,5.148911695918045],[97.48734480262057,5.16128714518571],[97.49829530218653,5.158478503080509],[97.499179188269,5.171787372189506],[97.48752197895622,5.168550122190418],[97.49095894499936,5.179061564639586],[97.48534525268134,5.182086544958086],[97.5009329957612,5.188192797759527],[97.4961956487103,5.203003812575989],[97.48737129125213,5.200075752194277],[97.48801190712385,5.209157776210493],[97.49433708458885,5.206499034902578],[97.48956974784561,5.213941037249125],[97.49963792075353,5.213067856696284],[97.48344488986979,5.239821816123968],[97.49769528710785,5.249198368110196]]]]}},{"type":"Feature","properties":{"kode":"11.04","nama":"Kabupaten Aceh Tengah","lat":4.519888081013543,"lng":96.88130519675553},"geometry":{"type":"MultiPolygon","coordinates":[[[[96.62115660819094,4.952521852901203],[96.67590299962377,4.949232999803165],[96.67162900037815,4.938248000444933],[96.6895365293874,4.900336800802773],[96.69114028589553,4.837704629365213],[96.70840803360396,4.818291796229456],[96.69968017070337,4.801300064846114],[96.70151100063228,4.778988398395899],[96.68579799997771,4.767616999924694],[96.68372071533874,4.755487231950294],[96.70253610995363,4.744570055863417],[96.71063796377105,4.752606609907172],[96.74684478625798,4.712551570398759],[96.78742855788173,4.713176184633227],[96.79895215581743,4.689860940430112],[96.80329777527211,4.694338638817118],[96.80907332037748,4.672833747879256],[96.82197197542634,4.686859543932908],[96.82421612927105,4.668046761848665],[96.87027075119424,4.670245434279451],[96.87957724239592,4.661495169266704],[96.9198018310897,4.65389217838139],[97.02070106120507,4.643892564390416],[97.05079926657294,4.603245722412218],[97.14747533341998,4.579131540288394],[97.16962487818567,4.578143804093337],[97.23224961133049,4.604173367706753],[97.31248656400379,4.604618855875596],[97.31714091981762,4.548568066163416],[97.29704079869391,4.526899772906233],[97.27746223219637,4.51962610116372],[97.29002900323597,4.500627464286055],[97.31318602611434,4.508480138447645],[97.34290703693033,4.499862007225918],[97.34658212636417,4.437885311158251],[97.36819755567275,4.382235093874542],[97.34937214261038,4.249999986210472],[97.35888457136592,4.214264946270351],[97.2406686137656,4.17445054016039],[97.21589645435792,4.235718267384158],[97.16201866143207,4.279066813982379],[97.10954475878367,4.236469721100743],[97.01510241274619,4.204505948590697],[97.0036437467616,4.176348256267048],[96.9931105667993,4.177715177213702],[96.97302017544078,4.200180827383381],[96.92811077629135,4.200170409636804],[96.88754849216924,4.22111894398418],[96.83658251876827,4.281600769859683],[96.79366424560853,4.280400168632891],[96.75849199960616,4.295335000310029],[96.71890599971219,4.326210999637969],[96.71386400012359,4.336071000176588],[96.71894299961977,4.354000999646445],[96.67622955065329,4.366799383884445],[96.6717972977072,4.381874659987627],[96.68392900012336,4.394170000345298],[96.62784400020051,4.406300001244134],[96.65473298114226,4.449387189567155],[96.68872688144049,4.469782496065399],[96.65944658878912,4.502307759395684],[96.62201624495378,4.514185521144952],[96.6116983294144,4.499383735171335],[96.60662359720128,4.502715222429664],[96.60557441572678,4.51383245900081],[96.61856573242271,4.530637986653762],[96.65565855889545,4.529737676252775],[96.64616699980725,4.55694000078044],[96.57600600007689,4.575553000270837],[96.50305000005754,4.632187000329878],[96.49210300065297,4.624590999874755],[96.48437899969113,4.630866999712357],[96.44753500034004,4.623088999857504],[96.40519000001856,4.670363999998649],[96.38101700043424,4.675877999769916],[96.3612499998877,4.670043999630934],[96.2574730003787,4.706728999743536],[96.28207800009966,4.779801999762533],[96.30694384458278,4.763332705240163],[96.32745899024023,4.769018111296862],[96.39883900031961,4.75998899979253],[96.47042700200463,4.761980013366983],[96.47728299261613,4.844725999005671],[96.45623083838257,4.861538810267895],[96.4660342176051,4.868582013649036],[96.46989333261124,4.894140556441616],[96.4918815470958,4.889502622248209],[96.51114625739392,4.90081093687531],[96.54075591055685,4.936866033840403],[96.57314242108598,4.947682942713726],[96.59843275456807,4.938542520321153],[96.61645717296021,4.9556151520177],[96.62115660819094,4.952521852901203]]]]}},{"type":"Feature","properties":{"kode":"11.05","nama":"Kabupaten Aceh Barat","lat":4.454467876816481,"lng":96.18087911995038},"geometry":{"type":"MultiPolygon","coordinates":[[[[96.24327342203088,4.712316027162998],[96.26028021975635,4.712376841118381],[96.2574730003787,4.706728999743536],[96.270513000075,4.697658999663123],[96.3612499998877,4.670043999630934],[96.38101700043424,4.675877999769916],[96.40624600015283,4.669955000023251],[96.44753500034004,4.623088999857504],[96.48509999966534,4.630636999897696],[96.49437069874877,4.615180231382631],[96.49032561473543,4.587102591311542],[96.49627426764337,4.559560330245137],[96.49086099373993,4.546116375770136],[96.47283657714635,4.545343051440764],[96.44333423468728,4.527836165906351],[96.45925282935461,4.501138613756005],[96.48413364485192,4.500076305776911],[96.48220628079521,4.46110073421162],[96.4376627708203,4.425051900125187],[96.37209382457043,4.417923819628665],[96.36400622141001,4.392710280155331],[96.3325300990849,4.39099254177242],[96.34106985708831,4.376954630951534],[96.32018426988826,4.367658104238203],[96.32071692124896,4.357354320645456],[96.30488678299868,4.349962450107036],[96.31126916903693,4.337605561947132],[96.27868696782939,4.30765870168781],[96.2732991834106,4.286254523127852],[96.25883206035134,4.273897188904229],[96.25849062284401,4.247951337784105],[96.25201124042647,4.244264585042611],[96.27347735799368,4.207278746417064],[96.26800758238409,4.198827907981627],[96.27911456488538,4.184021973435414],[96.27127815766092,4.168861428112457],[96.27540412400114,4.152693414569452],[96.2679497343928,4.143917106988958],[96.25822700007603,4.147081000188034],[96.25707803342453,4.136483117601863],[96.23837085243295,4.143926604729064],[96.23425111389784,4.132910442962622],[96.24334104025684,4.129489366141414],[96.23549347244588,4.121376615238702],[96.21486242576036,4.110680791085674],[96.20017250285879,4.115484616921638],[96.18968095880926,4.106927021764694],[96.14472849202637,4.14187054409043],[96.13141644471327,4.137632673309287],[96.12731317906007,4.123753282388098],[96.12281854104292,4.139756782049918],[96.05451500016719,4.206841999658572],[96.03875663141348,4.208566357951081],[96.02441112367451,4.194081197189558],[96.01926999991065,4.21240199975259],[95.87630717723445,4.36978426972836],[95.88725784767163,4.395610639619395],[95.92589712405314,4.442406135634712],[95.95749060790531,4.510065459753253],[96.01333557877402,4.551160316995094],[96.0174449966893,4.571071113740931],[96.034604359004,4.572864738716763],[96.04192220364679,4.585450855073002],[96.02590691657099,4.613365947180736],[96.04277202970547,4.659900161363439],[96.00021447461839,4.749500222057645],[96.10677641819724,4.7496941860379],[96.10297615482578,4.723039876888823],[96.11125821299616,4.689585373766047],[96.10445086761358,4.675218877649122],[96.13346933344303,4.675359149405288],[96.14106975136802,4.70424872979509],[96.15855756587901,4.710681383439152],[96.16760688335098,4.750086142061804],[96.24327342203088,4.712316027162998]]]]}},{"type":"Feature","properties":{"kode":"11.06","nama":"Kabupaten Aceh Besar","lat":5.380104502994347,"lng":95.51516820032181},"geometry":{"type":"MultiPolygon","coordinates":[[[[95.20726474737022,5.27930509725245],[95.20628275244715,5.274340998738158],[95.2021083387289,5.275931735761063],[95.20323275029125,5.280306850280979],[95.20726474737022,5.27930509725245]]],[[[95.2086462067571,5.304501483956358],[95.2092094386647,5.304361941550372],[95.20897409957506,5.303606373435453],[95.2085085691152,5.304379395592672],[95.2086462067571,5.304501483956358]]],[[[95.20743541441284,5.30529771671635],[95.207014720553,5.305691047803606],[95.20713593657432,5.306141178272771],[95.20758087435792,5.305487991677559],[95.20743541441284,5.30529771671635]]],[[[95.2072814693644,5.306174131231177],[95.20722727801655,5.30653764169886],[95.20740125996025,5.306673959135932],[95.20752818128064,5.306343108447752],[95.2072814693644,5.306174131231177]]],[[[95.2061494180613,5.309277913744758],[95.20714072456485,5.308901247094887],[95.20681710442591,5.30781173822119],[95.20587824728338,5.309518062408735],[95.2061494180613,5.309277913744758]]],[[[95.21980608738107,5.311731109603123],[95.2198170006541,5.312112798966528],[95.2201312750384,5.312184379605455],[95.22013441816895,5.311995895194443],[95.21980608738107,5.311731109603123]]],[[[95.20401091027534,5.312759675918354],[95.20371690571065,5.312282363440367],[95.2030815922417,5.31312475840091],[95.20352702555185,5.313407194986141],[95.20401091027534,5.312759675918354]]],[[[95.22682702804494,5.346300336791131],[95.22682665842363,5.346299491428418],[95.22682666022219,5.346300709110462],[95.22682702804494,5.346300336791131]]],[[[95.21808192424143,5.351630283111163],[95.21820171483736,5.35153846502816],[95.21796403661111,5.351464631587554],[95.21796213364559,5.351661520163042],[95.21808192424143,5.351630283111163]]],[[[95.23113750559148,5.434378866891198],[95.23116745481423,5.434276650846858],[95.23104980280627,5.434285877890964],[95.23106762916781,5.434388095734132],[95.23113750559148,5.434378866891198]]],[[[95.22963809472233,5.492678284575202],[95.22963648043931,5.492677728794181],[95.22963649482843,5.492681516738628],[95.22963978904514,5.492679895261009],[95.22963809472233,5.492678284575202]]],[[[95.15069104775368,5.551972992759445],[95.15053339120311,5.551876170848601],[95.14997655707258,5.551986347691894],[95.15084031992492,5.552255111883952],[95.15069104775368,5.551972992759445]]],[[[95.16962462137923,5.561491194263212],[95.17739807426177,5.559027370217006],[95.16987447103006,5.551214106146162],[95.15299166643236,5.55306575717902],[95.16962462137923,5.561491194263212]]],[[[95.16752862094911,5.563312292628297],[95.16784918788976,5.563275606583961],[95.16793772974253,5.563015467789722],[95.16706752774425,5.56323408128787],[95.16752862094911,5.563312292628297]]],[[[95.24953599339142,5.564146219572418],[95.24922360668417,5.564731150322388],[95.2500638486678,5.564783766957348],[95.25008959535863,5.564474131276164],[95.24953599339142,5.564146219572418]]],[[[95.1808590090361,5.573611018433787],[95.17956069916697,5.573334395066375],[95.17902769976857,5.573625878831322],[95.18132895156995,5.574289164813106],[95.1808590090361,5.573611018433787]]],[[[95.21552753576718,5.578792912962637],[95.21519478391222,5.578895103826053],[95.21504457015088,5.579214925228658],[95.21559788883152,5.579042714050008],[95.21552753576718,5.578792912962637]]],[[[95.22074685738164,5.57829133317853],[95.21735279079874,5.577888245346262],[95.21678045775201,5.580373005609761],[95.2196364176866,5.579432469432998],[95.22074685738164,5.57829133317853]]],[[[95.21568273087337,5.580369161008058],[95.2159560870039,5.580374109977203],[95.21629627085628,5.580057113345148],[95.21547617098852,5.58035200104403],[95.21568273087337,5.580369161008058]]],[[[95.20217700736306,5.58278343510754],[95.21475361608657,5.579693334879575],[95.18274130536699,5.574502044234041],[95.19259674184624,5.580234820280804],[95.20217700736306,5.58278343510754]]],[[[95.0583716431369,5.60801190512532],[95.05806891514835,5.607788375932831],[95.05769782969115,5.607905000015755],[95.05843511818621,5.608383644389757],[95.0583716431369,5.60801190512532]]],[[[95.05836474983337,5.608554759294758],[95.05806457322154,5.608403058054744],[95.05778886356528,5.608586615080235],[95.05839161977751,5.609067267640388],[95.05836474983337,5.608554759294758]]],[[[95.06069314497273,5.609726868200514],[95.06050039777516,5.610001755876425],[95.06049582562191,5.610348325814684],[95.06075823340578,5.610103758781481],[95.06069314497273,5.609726868200514]]],[[[95.05965704413738,5.608896507068216],[95.05890842778182,5.609181976167331],[95.05932014191109,5.610978133634003],[95.06008801185232,5.61013619642836],[95.05965704413738,5.608896507068216]]],[[[95.06173358503698,5.611865062122966],[95.06281093597592,5.611129976966932],[95.06281568979237,5.610219293785445],[95.06051494970521,5.610470028369118],[95.06173358503698,5.611865062122966]]],[[[95.0619454509219,5.613325094377707],[95.06122770739285,5.613696707736992],[95.0617680416619,5.614717299763615],[95.06221736543911,5.613901243247831],[95.0619454509219,5.613325094377707]]],[[[95.53243269960949,5.617503815848512],[95.53250694044297,5.617425294241961],[95.53225995063632,5.617122627407344],[95.53214288228823,5.617331067774622],[95.53243269960949,5.617503815848512]]],[[[95.05077836762764,5.62384157213096],[95.05094236709667,5.623664170964759],[95.05046106522605,5.623692555367231],[95.05049671704994,5.623770612024192],[95.05077836762764,5.62384157213096]]],[[[95.05140793622739,5.625237898210433],[95.05133660110336,5.62486050041182],[95.05104710573941,5.624773928074344],[95.05104710663869,5.625195433122808],[95.05140793622739,5.625237898210433]]],[[[95.16829761324429,5.641540730920024],[95.16831367963269,5.642573215581525],[95.16930564264132,5.642737588269163],[95.16935984478107,5.641878293248691],[95.16829761324429,5.641540730920024]]],[[[95.07876146107265,5.643994167796706],[95.0864711969882,5.640465166933971],[95.08040561063048,5.633250989841375],[95.05118051117171,5.622786724927419],[95.05922849829662,5.639036827687537],[95.07876146107265,5.643994167796706]]],[[[95.43359046183039,5.656583636825395],[95.46216830032691,5.646628462833391],[95.49142648944097,5.609014993647076],[95.51505194129415,5.595354424866827],[95.53055036370839,5.59965190541114],[95.53154439335916,5.614593814752865],[95.58231410411265,5.617072927273824],[95.61065458634015,5.627789149849448],[95.68582265958817,5.584843577768982],[95.7446691762415,5.56938838396681],[95.72868469364379,5.542194790956877],[95.7252791193359,5.523335547197771],[95.73728701568328,5.512629997776241],[95.72600844343496,5.500474160254342],[95.76418888930581,5.467561111056462],[95.7610349237228,5.444327529791714],[95.77485337298481,5.456279586333878],[95.78029567160803,5.442649855306602],[95.77326514596975,5.432315138632781],[95.75882222186809,5.431238889363343],[95.75330181892389,5.418618648232098],[95.7675530201558,5.403455027227743],[95.75772123134986,5.38922885322901],[95.75999978786,5.364607790717034],[95.7490250650548,5.357614453843972],[95.74847218344452,5.318871296772997],[95.76699763303444,5.310682964147539],[95.75824972964139,5.302623340694645],[95.76485070399687,5.289783060639785],[95.79139953975708,5.280125684552694],[95.78592159740384,5.259652689220239],[95.7747584423483,5.253401570925774],[95.78921329325892,5.217051845266528],[95.82827180569936,5.171548106659806],[95.83991963508313,5.141485593585337],[95.82073311723966,5.085472517842437],[95.74655732176304,5.064798434100503],[95.73355331023713,5.052958850370736],[95.70546211918153,5.051980244093034],[95.64825443439467,5.067145825619356],[95.63010413429836,5.091680847293322],[95.64012613241519,5.105144821576268],[95.631794359722,5.126781999189966],[95.64301258566236,5.146788793168277],[95.62217654391245,5.164761359349356],[95.6160939477775,5.188836779793537],[95.59712178244443,5.192191415601343],[95.58776872614582,5.20859590137983],[95.54543919776079,5.205806910360632],[95.53365851243042,5.217019562303026],[95.49866385555254,5.220197029869066],[95.46307766060563,5.210323331756438],[95.45425936008144,5.218695537968742],[95.42092372844732,5.22502920323522],[95.4014806574065,5.212527704090263],[95.36637600624782,5.254202966693565],[95.34783352529705,5.245217456120809],[95.34876222639573,5.233644077112508],[95.32475651420184,5.224159477877709],[95.33209043512555,5.178952451694329],[95.30826416735746,5.167587155123176],[95.28681956067426,5.194542848673599],[95.26902175704853,5.199109470225881],[95.25434363235276,5.220836345321111],[95.24208238259592,5.222192374578437],[95.25279542696744,5.228220833324858],[95.2529153299786,5.239654294909823],[95.24434443204999,5.254519225881648],[95.23553733438052,5.251930534566561],[95.23281048291749,5.258126858967426],[95.24676541239391,5.264375219041217],[95.24558431386507,5.275209299569571],[95.22962717155676,5.288359903286931],[95.22058205661669,5.271587931138221],[95.21183841690949,5.275535915350215],[95.21970300708814,5.290782089621814],[95.21244358780137,5.302986225234218],[95.22373144105322,5.313991219219382],[95.21842598057454,5.324199356315273],[95.23092348493091,5.315409716285412],[95.23873975723409,5.324593426645418],[95.22189071498458,5.344571161729771],[95.22989591956114,5.362303575649573],[95.23547884697129,5.34215098987627],[95.2432975240615,5.340551667025849],[95.24006038108179,5.349570067604613],[95.25277417868547,5.376364026178958],[95.24235228263176,5.425024790761523],[95.2296027585605,5.43279738389224],[95.24389659485199,5.457588877824481],[95.22462575297622,5.48529139538163],[95.22855464727918,5.49631791374081],[95.21024159957025,5.502855931955807],[95.19354685580282,5.527519762627019],[95.20852868874809,5.541101236033285],[95.22503559381767,5.575730519048271],[95.23954133106761,5.570000351934755],[95.2393153350347,5.547836233655289],[95.28092446509199,5.547967174045908],[95.28010651100672,5.536009369037153],[95.30918350021841,5.517139620297339],[95.34360365398553,5.527771065582264],[95.35962774272623,5.541212653940896],[95.3528794666141,5.560882612242878],[95.35762572594659,5.571267474214569],[95.36804586922158,5.562193507224599],[95.37762597555833,5.569083583940348],[95.36876064768582,5.589131810584668],[95.35475925923247,5.583601390991454],[95.35032425615958,5.594669251185035],[95.43359046183039,5.656583636825395]]],[[[95.15835318974798,5.657610405395918],[95.15810632404765,5.658010010153912],[95.15844377486037,5.65834848529445],[95.15872546410893,5.658070298005867],[95.15835318974798,5.657610405395918]]],[[[95.1480568912126,5.66159056465294],[95.1659046638692,5.651689562223549],[95.15833324278496,5.640691100913585],[95.16701693997987,5.641000553133079],[95.17129056960411,5.624851149261211],[95.19449416837122,5.605017194188221],[95.16711296599067,5.606368240302139],[95.14889794168667,5.591316163110459],[95.1412496681377,5.606404783354101],[95.12938127822348,5.593902250888249],[95.11886625377463,5.60155092643415],[95.11895878412068,5.615170530195911],[95.14487646577635,5.63468188226317],[95.13696233104675,5.656005843994571],[95.1480568912126,5.66159056465294]]],[[[95.10893107890622,5.663411583877508],[95.10871427394468,5.663708375441189],[95.10916662483992,5.664167177173528],[95.10936530396569,5.663810651740263],[95.10893107890622,5.663411583877508]]],[[[95.03777685621705,5.671567277407984],[95.03759762133323,5.670177959745114],[95.03464198593893,5.671019388833741],[95.03511518491796,5.671444106260569],[95.03777685621705,5.671567277407984]]],[[[95.033664702564,5.671478963983056],[95.03346603423022,5.671677143985065],[95.03350513405475,5.671786309090908],[95.03367395209128,5.671748739013104],[95.033664702564,5.671478963983056]]],[[[95.03838318183841,5.671728254255569],[95.03801715506773,5.671723522922289],[95.03778185195101,5.671858336692924],[95.03806944524881,5.671915101001201],[95.03838318183841,5.671728254255569]]],[[[95.0388466573474,5.671702235969466],[95.03860184659804,5.6723384649483],[95.03893222244419,5.67241887962766],[95.03915801792827,5.671948213139565],[95.0388466573474,5.671702235969466]]],[[[95.3875644176638,5.686700480642703],[95.38774002198448,5.686346416653908],[95.38719607693743,5.686410663321539],[95.38741451236993,5.686757587592627],[95.3875644176638,5.686700480642703]]],[[[95.0145327852599,5.7132116698827],[95.01442058404278,5.713905764839232],[95.01559252837254,5.715072869917059],[95.01507389024792,5.713611639765425],[95.0145327852599,5.7132116698827]]],[[[95.01627106415832,5.714506857305611],[95.01604457259904,5.715297036728927],[95.01776548289082,5.717085043639901],[95.01766590455794,5.715927632354422],[95.01627106415832,5.714506857305611]]],[[[95.05894746195592,5.750315510352543],[95.07162542966988,5.744485799979703],[95.06355077674705,5.737414369577575],[95.07296811658532,5.722914961756164],[95.09015103394317,5.724469417429678],[95.11142302205495,5.704507333246877],[95.10627729016484,5.696051554835456],[95.13253113570339,5.686167301379918],[95.13809941225807,5.676122271625527],[95.12980889326587,5.673280074915542],[95.12989033497107,5.670636132851325],[95.13777789383481,5.674209714007116],[95.14052439278655,5.664055225967978],[95.11754884860052,5.672269563389708],[95.08402935686938,5.663271468603458],[95.07586038934554,5.669274310161331],[95.0778059197075,5.656902045393085],[95.05517539682714,5.648212288566267],[95.06989967742824,5.66566102483652],[95.04382903458236,5.671351039918559],[95.05931220539405,5.684760714035718],[95.04985885310366,5.697164457773528],[95.04035526198585,5.693297347794445],[95.03879253794528,5.70707735913285],[95.05893310607802,5.712226773746675],[95.05931413713779,5.720309117671739],[95.04739486358217,5.722532096079401],[95.04573607036347,5.737073363744759],[95.01732987287538,5.719137320830757],[95.01106049744405,5.723954054635993],[95.03056857507974,5.742567203413728],[95.02626979681376,5.749307129320623],[95.05894746195592,5.750315510352543]]],[[[95.05643107703264,5.753822483221093],[95.05624141091242,5.753915879614201],[95.05622703794755,5.753983270311757],[95.0565466785864,5.753996757444412],[95.05643107703264,5.753822483221093]]],[[[95.01238191809108,5.755316832705692],[95.01168484188197,5.754533097824254],[95.01073401026649,5.754827200415068],[95.01125239388297,5.755275455797658],[95.01238191809108,5.755316832705692]]],[[[95.01323328019181,5.755197160820401],[95.013180965729,5.755422423006461],[95.0138269361642,5.755591242841639],[95.0136454367876,5.755346280106743],[95.01323328019181,5.755197160820401]]],[[[95.01195267437647,5.755861195038147],[95.01240179760494,5.755623843265866],[95.01121206738304,5.755484049949033],[95.01178313778166,5.755897480884119],[95.01195267437647,5.755861195038147]]],[[[95.01375194979268,5.756022131416238],[95.01345507998803,5.756041914702713],[95.01342831076803,5.756121032559602],[95.01366376676948,5.756197147580377],[95.01375194979268,5.756022131416238]]],[[[95.03548291590388,5.764446289664637],[95.03566345570397,5.76444277421475],[95.03593334135068,5.764177727819874],[95.03524972079808,5.764150032298176],[95.03548291590388,5.764446289664637]]],[[[94.97234827795073,5.792222453603401],[94.97213661890986,5.791993692155216],[94.97191104555839,5.792066978808052],[94.9722013413189,5.792204036387204],[94.97234827795073,5.792222453603401]]],[[[94.97413391334948,5.79362729716204],[94.97485218118331,5.793133897611312],[94.97355279572506,5.792782685372732],[94.9735306166447,5.793510201834383],[94.97413391334948,5.79362729716204]]]]}},{"type":"Feature","properties":{"kode":"11.07","nama":"Kabupaten Pidie","lat":5.053555789000035,"lng":96.0334283739899},"geometry":{"type":"MultiPolygon","coordinates":[[[[95.75419002894675,5.564140989115373],[95.88560306722776,5.506071638695275],[95.89391632737666,5.486853967436666],[95.89134204589872,5.461290992785116],[95.93398699170633,5.406248264845569],[95.93869391289381,5.410399864562109],[96.04959936791651,5.327506490831912],[96.07869140098742,5.292452050621698],[96.10458572185362,5.286989493870053],[96.08552129956834,5.286750382124449],[96.06414376162539,5.297132287125383],[96.05436418565866,5.288325567171203],[96.04495887964865,5.266226620961877],[96.05538676069051,5.255185860039479],[96.03670313474193,5.237031432055005],[96.056495093274,5.202221130800599],[96.04761661731308,5.197794444657887],[96.05223592474813,5.182682953755368],[96.04324403078742,5.172248197396389],[96.03392679988195,5.173865016557343],[96.02025991066643,5.145887159864614],[96.043819298322,5.12997641358066],[96.05763626819932,5.108512807819853],[96.08981132473288,5.091669083261618],[96.1120653482373,5.091501998218661],[96.12641734008817,5.077939722640078],[96.14887075318276,5.078814144257414],[96.16679738019502,5.068386085149811],[96.18363688063762,5.06828283128764],[96.19302217313482,5.076894384868002],[96.20672232287696,5.04012513716534],[96.1899970839983,4.997433035406317],[96.21157433169009,4.95917619392625],[96.24799002531954,4.936696547607621],[96.25998913618977,4.915905801111919],[96.27667022465116,4.909725956787469],[96.32211733025062,4.915649666099252],[96.34451766625733,4.942644714881727],[96.3541285716763,4.944365285229789],[96.37661447907503,4.930374053719721],[96.40250797166564,4.941084801222683],[96.42473213677874,4.940442347136663],[96.46375529776888,4.91419689227277],[96.46988457141592,4.887439813996263],[96.4660342176051,4.868582013649036],[96.45623083838257,4.861538810267895],[96.47728299261613,4.844725999005671],[96.47092599893578,4.76234300132845],[96.39883900031961,4.75998899979253],[96.32745899024023,4.769018111296862],[96.30694384458278,4.763332705240163],[96.28207800009966,4.779801999762533],[96.27359800024756,4.746677000143528],[96.26182599967021,4.734720000027991],[96.26028021975635,4.712376841118381],[96.24327431056102,4.71231558289784],[96.16760688335098,4.750086142061804],[96.15855756587901,4.710681383439152],[96.14106975136802,4.70424872979509],[96.13346933344303,4.675359149405288],[96.10445086761358,4.675218877649122],[96.11125821299616,4.689585373766047],[96.10297615482578,4.723039876888823],[96.10677641819724,4.7496941860379],[95.99546351632831,4.754279950559258],[95.99211501389681,4.78602851620311],[95.9714436676912,4.813429080987341],[95.90132321839185,4.868112348106401],[95.8814126419799,4.915866436886617],[95.85620104684095,4.928406391941497],[95.84692078796404,4.95440884369318],[95.7835254203619,5.008782491318996],[95.76211268924922,5.0554636403348],[95.74300416690888,5.060595000159228],[95.82073311723966,5.085472517842437],[95.8406833330694,5.136088888791267],[95.83260833300825,5.164677778156989],[95.79148713822093,5.213410297847009],[95.7747584423483,5.253401570925774],[95.78592159740384,5.259652689220239],[95.79139953975708,5.280125684552694],[95.76485070399687,5.289783060639785],[95.75824972964139,5.302623340694645],[95.76699763303444,5.310682964147539],[95.74847218344452,5.318871296772997],[95.7490250650548,5.357614453843972],[95.75999978786,5.364607790717034],[95.75772123134986,5.38922885322901],[95.7675530201558,5.403455027227743],[95.75330181892389,5.418618648232098],[95.75882222186809,5.431238889363343],[95.78031620942552,5.440676517907072],[95.77485337298481,5.456279586333878],[95.7610349237228,5.444327529791714],[95.76418888930581,5.467561111056462],[95.72600844343496,5.500474160254342],[95.73728701568328,5.512629997776241],[95.7252791193359,5.523335547197771],[95.72868469364379,5.542194790956877],[95.7446691762415,5.56938838396681],[95.75419002894675,5.564140989115373]]]]}},{"type":"Feature","properties":{"kode":"11.08","nama":"Kabupaten Aceh Utara","lat":5.015776499052194,"lng":97.1818092951263},"geometry":{"type":"MultiPolygon","coordinates":[[[[96.97707650817439,5.262664566416685],[97.03303257679205,5.250468641614624],[97.02874695380898,5.24431811878625],[97.03886450759104,5.237707296854332],[97.04037799374949,5.24400206734159],[97.03495890662832,5.246555051074807],[97.03651159693273,5.249422540318015],[97.0460312886132,5.24257157601744],[97.02657390755981,5.197358283358188],[97.0486309561538,5.199013839017507],[97.06549701087837,5.16206553000027],[97.08816265138533,5.170716451403145],[97.08450786414662,5.145080296218762],[97.10867217628,5.12865660092141],[97.10108061667718,5.113517281397527],[97.12199136421017,5.10519455768279],[97.13064286027985,5.090902729577373],[97.14650875557466,5.092035200863897],[97.15245231112532,5.080265778642822],[97.17773815788973,5.083650765670388],[97.17625050205903,5.142117298074854],[97.2021355239353,5.141827017602839],[97.22696016777756,5.155501619404323],[97.24157552519041,5.154458070383704],[97.3044583961381,5.183064136800496],[97.48357994465883,5.243115252167229],[97.49963792075353,5.213067856696284],[97.48956974784561,5.213941037249125],[97.49433708458885,5.206499034902578],[97.48801190712385,5.209157776210493],[97.48740179625598,5.199794677182656],[97.4961956487103,5.203003812575989],[97.5010807687625,5.189060660621102],[97.48724223404187,5.187970211955783],[97.48711946489148,5.169083043347843],[97.494024503628,5.174432772054804],[97.50017238694616,5.168504064311129],[97.49829530218653,5.158478503080509],[97.4870664129846,5.16093474764061],[97.48691177725674,5.150647936952812],[97.46578441991508,5.15354041116105],[97.4685856758883,5.131775681802274],[97.47812382075779,5.126484673428976],[97.4596004611924,5.112010907077757],[97.47275738894243,5.103493122209922],[97.46817996203566,5.09322934585763],[97.48184383222714,5.097469142087284],[97.47730702320065,5.086651708009992],[97.48431675921114,5.07843835624524],[97.49524341235369,5.085856977117874],[97.49167381699314,5.071888055989081],[97.49998589183552,5.078328153321653],[97.49837207910825,5.068762177132879],[97.50676540230151,5.066473418713379],[97.51152093544292,5.07622320733525],[97.51647353702421,5.060463110084545],[97.51015821522954,5.065653609326692],[97.5135028056101,5.050873872031602],[97.49755268430894,5.050784008175512],[97.50553761367004,5.047077715863967],[97.50000906466664,5.038276894563086],[97.50822619987926,5.0442025104376],[97.51452084356217,5.030530171330415],[97.49319798889614,5.014591192629524],[97.50441555563341,5.011436087605436],[97.50163445616528,5.001571472645349],[97.50786255811065,4.997037000956905],[97.49067179236934,4.978888262983027],[97.49928455014191,4.976898024624198],[97.50145286685635,4.966680228809505],[97.48461282412265,4.961337782812446],[97.50498296489194,4.958849979243251],[97.48742105433823,4.941723531216024],[97.47186135211982,4.947961642615816],[97.4673064451364,4.930536712299482],[97.47357636825488,4.92410506679548],[97.46556514361654,4.915860382650571],[97.47845016943982,4.921000858003243],[97.47346962322464,4.9144141693785],[97.4875340694418,4.910727860902075],[97.48353053320763,4.902478088393124],[97.48997530611551,4.907216014607418],[97.49895552597675,4.898335114074314],[97.49248252784645,4.88700750898936],[97.506221232424,4.891315901907344],[97.49683381572801,4.875335045376094],[97.51171312416146,4.883077760330433],[97.48809837513998,4.86683633872611],[97.48859450862973,4.854012181716904],[97.47701514013661,4.839342444098559],[97.4591047386928,4.846606635188099],[97.4427844888132,4.832882844967322],[97.45707829902429,4.822177883702427],[97.43544292095405,4.821006833298757],[97.43756840835542,4.812027057702583],[97.42842467915565,4.806519408044284],[97.43522440817995,4.787542365687635],[97.41139544514375,4.780717524893973],[97.40868583908023,4.786980082564817],[97.4191519314165,4.788954394829513],[97.40566246674952,4.79497499889716],[97.40031976984162,4.766649366275221],[97.41776115055669,4.768891036192468],[97.42417779357041,4.755422873766623],[97.38773723188784,4.761145236563479],[97.38654889291715,4.769588557565928],[97.36205911343744,4.767819845609477],[97.36320074701693,4.784236056748647],[97.35490494360836,4.771907301181088],[97.35008856233739,4.779351148936438],[97.33775072271774,4.778705736080923],[97.3186135641647,4.73714986657312],[97.2954299276491,4.741598203894103],[97.27330094138541,4.756731576201311],[97.25215871375369,4.758029733185708],[97.27998617592132,4.807558045867143],[97.28017653272089,4.826403377114218],[97.24266988320856,4.873529395565178],[97.14559182390363,4.910285184913409],[97.12101700003451,4.90955459187099],[97.1012785952311,4.898504325114605],[97.07960551398328,4.909771607273882],[97.04646329684371,4.905392115753603],[97.02128266626208,4.912483987745841],[97.0105239138476,4.903715959324128],[97.00140228188984,4.864968991825535],[96.95535184810936,4.858823157163016],[96.91257094279482,4.87411499091419],[96.84618979542276,4.882127789366052],[96.8443848389892,4.898127940851825],[96.78826195062854,4.93784342063741],[96.82100090636678,4.995376594354383],[96.82017596814646,5.038124886654249],[96.83802354295224,5.061931969185117],[96.83358515303247,5.088839684803691],[96.87567794298279,5.117230106384362],[96.87805014769626,5.136614409427519],[96.89122006525392,5.15185768608346],[96.89140156732853,5.178956677608614],[96.91111768243512,5.187978056742026],[96.91630627511454,5.206474274768013],[96.92515577761706,5.210660477698891],[96.91101117662454,5.215049465160714],[96.91694556178827,5.222641079622225],[96.90815576887367,5.221514632893975],[96.91466393319402,5.225514570940714],[96.90751755688979,5.251108996682884],[96.97707650817439,5.262664566416685]]]]}},{"type":"Feature","properties":{"kode":"11.09","nama":"Kabupaten Simeulue","lat":2.612827974841225,"lng":96.0862602799057},"geometry":{"type":"MultiPolygon","coordinates":[[[[96.6501750803158,2.124790928658468],[96.67744199415274,2.113189304642768],[96.68864437134076,2.088906773928498],[96.67756784527987,2.074554086901623],[96.64573846565766,2.057764779421076],[96.61621721944918,2.077408819261636],[96.61132481308968,2.104949038867085],[96.62418231965836,2.120957727617087],[96.6501750803158,2.124790928658468]]],[[[96.62567830321122,2.189070891908182],[96.66175455582821,2.168813777933584],[96.65420020027909,2.151790270804385],[96.63371253430611,2.15208728719862],[96.61120411777586,2.175355629059103],[96.61038265993189,2.184931612004368],[96.62567830321122,2.189070891908182]]],[[[96.2042069038256,2.359377006044047],[96.19994521719809,2.350997963185472],[96.19246861883173,2.349275786648272],[96.19359130909167,2.358372858120925],[96.2042069038256,2.359377006044047]]],[[[96.20429438897494,2.360473341671396],[96.20384599419728,2.360349901626721],[96.20354759014923,2.360994834244254],[96.20403769458396,2.361061574731968],[96.20429438897494,2.360473341671396]]],[[[96.2573557602602,2.372943134318215],[96.26103361241128,2.362019718735128],[96.24821664098532,2.3452613794092],[96.23509653867443,2.344891063771668],[96.21878976243764,2.358601472080332],[96.2406058152063,2.360854407804711],[96.2573557602602,2.372943134318215]]],[[[96.33212959680353,2.383236801437347],[96.33143312673745,2.383827247729384],[96.3336518000905,2.385911857346398],[96.33379613678234,2.385027419080219],[96.33212959680353,2.383236801437347]]],[[[96.50353315812877,2.411615013821875],[96.50337349698935,2.411544521362627],[96.50331548532144,2.412065750434087],[96.5035822170457,2.411822314748077],[96.50353315812877,2.411615013821875]]],[[[96.50411306526584,2.41277030900264],[96.50361872322556,2.412664172813381],[96.50333739190714,2.413089331807258],[96.50366527932924,2.413209510010914],[96.50411306526584,2.41277030900264]]],[[[96.23106865059785,2.416380413425331],[96.23180760193938,2.41266307833847],[96.2289901132032,2.412998013747389],[96.22908108232619,2.415379319599984],[96.23106865059785,2.416380413425331]]],[[[96.50061942934325,2.41464032868832],[96.50039473103209,2.414936069843796],[96.5011570800353,2.417066249907604],[96.50157205060974,2.416371107240886],[96.50061942934325,2.41464032868832]]],[[[96.49098581514328,2.42021895284241],[96.49066161404228,2.420456899066645],[96.49084007281121,2.420742433816356],[96.4910453016994,2.420653204881537],[96.49098581514328,2.42021895284241]]],[[[96.48965510180162,2.420762659569073],[96.49001558964777,2.420223712054723],[96.48872711206661,2.419877500046683],[96.48927676690931,2.421101732758776],[96.48965510180162,2.420762659569073]]],[[[96.48759210918853,2.420869736449236],[96.48729586621127,2.421180255264607],[96.48784552195335,2.421512189635886],[96.48787407542831,2.421405113655092],[96.48759210918853,2.420869736449236]]],[[[96.49126540177694,2.421206429133457],[96.4910720709194,2.421554426295833],[96.49162232111334,2.421622835025891],[96.4915806807039,2.421343248392224],[96.49126540177694,2.421206429133457]]],[[[96.48437761563453,2.423039804143665],[96.48561969359403,2.421992841296669],[96.48730435311347,2.422573430119732],[96.48330685762542,2.420983950349084],[96.48437761563453,2.423039804143665]]],[[[96.52181266112547,2.424684327819568],[96.52164312363129,2.424773557653667],[96.52176804575878,2.425065042317895],[96.5219911198943,2.424880632735002],[96.52181266112547,2.424684327819568]]],[[[96.52484313899971,2.426630967045559],[96.52455808358879,2.426486953210391],[96.52424424897298,2.426479200155038],[96.52463196109619,2.42704669664777],[96.52484313899971,2.426630967045559]]],[[[96.48507721713996,2.428902465676261],[96.48295125399719,2.423279992377767],[96.48024096265037,2.424399336260416],[96.48132956590679,2.428515803961171],[96.48507721713996,2.428902465676261]]],[[[96.48654251402583,2.433715479885576],[96.48690326177618,2.433422011316752],[96.48696057557015,2.433285808093652],[96.48611764461364,2.433969369290987],[96.48654251402583,2.433715479885576]]],[[[96.48748233344297,2.434029521345435],[96.48758054120907,2.43440376432231],[96.48797615477577,2.434540815606232],[96.48792672084149,2.434178245829452],[96.48748233344297,2.434029521345435]]],[[[96.48428417337597,2.43510738309933],[96.48422230721373,2.43559517267917],[96.48476006492515,2.435802185822242],[96.48480765524911,2.435276325242272],[96.48428417337597,2.43510738309933]]],[[[96.48644741521612,2.435774324825266],[96.48679135373804,2.435518538749568],[96.48630716234574,2.435068044055042],[96.486119820973,2.436086437239313],[96.48644741521612,2.435774324825266]]],[[[96.48548587807092,2.435698183724286],[96.48523119906069,2.436159105158639],[96.4853076351393,2.436454512665629],[96.48554171787606,2.436144828421158],[96.48548587807092,2.435698183724286]]],[[[96.48660221641917,2.436014951928575],[96.48643546142749,2.436313257950504],[96.4864338831173,2.43716340416775],[96.48677014142898,2.436615205327472],[96.48660221641917,2.436014951928575]]],[[[96.48694086692753,2.436863036899714],[96.48673369190638,2.437038418188495],[96.48677250934391,2.437260891576917],[96.48694395519938,2.437121315896038],[96.48694086692753,2.436863036899714]]],[[[96.48812548540283,2.435429868293879],[96.48772730067445,2.434754740938613],[96.487209015084,2.434739420088158],[96.48868768668747,2.437406238207382],[96.48812548540283,2.435429868293879]]],[[[96.48714382682618,2.437838580086479],[96.48752997412912,2.437311995552191],[96.48640179530666,2.437959148595878],[96.48673668125294,2.438149894801819],[96.48714382682618,2.437838580086479]]],[[[96.48483075883252,2.437360470809155],[96.48457615716396,2.437277189990381],[96.4842287562522,2.438117139694304],[96.4845452240829,2.43808620661323],[96.48483075883252,2.437360470809155]]],[[[96.49006984664622,2.438910945184],[96.48941039177622,2.438733937920931],[96.48894543778181,2.437524201380834],[96.48889329329094,2.438718618869215],[96.49006984664622,2.438910945184]]],[[[96.48920042705808,2.439492399155016],[96.48909963014388,2.439636118012453],[96.48944917593877,2.439615251043056],[96.48942435105297,2.439539874365801],[96.48920042705808,2.439492399155016]]],[[[96.49002336968279,2.439658941906695],[96.48982329390995,2.439806071892756],[96.49010122579102,2.439939317245729],[96.49014422867324,2.43982819701378],[96.49002336968279,2.439658941906695]]],[[[96.4926007430299,2.439671313880096],[96.51758832514116,2.425567278607074],[96.51039154813154,2.414995666117134],[96.50000002038472,2.418714277342035],[96.49887174713345,2.414730360717618],[96.50310427234429,2.413188528827634],[96.50075330961758,2.411634528211001],[96.48603016755827,2.419046940164213],[96.49216272103281,2.419895356985188],[96.48509509206488,2.425972335954649],[96.4926007430299,2.439671313880096]]],[[[96.47718282432797,2.440208432173494],[96.483581537558,2.438588350272239],[96.48361630444896,2.432669664573359],[96.47566838219014,2.436343464379418],[96.47718282432797,2.440208432173494]]],[[[96.49088522057646,2.440437734114218],[96.4906916810763,2.440389295729448],[96.49090502095007,2.440736453824341],[96.49103601080334,2.440617128177999],[96.49088522057646,2.440437734114218]]],[[[96.48975021140315,2.440356440797162],[96.48950061985776,2.44032607878559],[96.48960016941241,2.441133372307311],[96.49023498825417,2.44177427056613],[96.48975021140315,2.440356440797162]]],[[[96.39219691975211,2.470662071197724],[96.39202457277587,2.470722171990689],[96.39206737331071,2.471689768767879],[96.39239097906055,2.471294778431352],[96.39219691975211,2.470662071197724]]],[[[96.39198692625574,2.471738719766156],[96.3918159669334,2.471773386832441],[96.39180087271214,2.47208951831672],[96.39207328635312,2.472007751056912],[96.39198692625574,2.471738719766156]]],[[[96.42720321295798,2.480379130792285],[96.42760866330923,2.479724705830597],[96.42764280786939,2.479279989280167],[96.42656458818527,2.481123969995311],[96.42720321295798,2.480379130792285]]],[[[96.3867771383543,2.482576057639038],[96.38640913757175,2.482709058376395],[96.38642413826345,2.483136058282495],[96.38685113816955,2.48301805823685],[96.3867771383543,2.482576057639038]]],[[[96.42259464162952,2.483446915243023],[96.42244195113513,2.483719222764],[96.42352866041938,2.484859614379717],[96.42336872138945,2.483964954419113],[96.42259464162952,2.483446915243023]]],[[[96.38257288782863,2.485049571880291],[96.38160745482024,2.485138513931348],[96.3817196218631,2.486128702577625],[96.38207178018853,2.485981149910208],[96.38257288782863,2.485049571880291]]],[[[96.3983234999296,2.488793570067235],[96.39960697368292,2.48867184413035],[96.39979791324318,2.488295600161836],[96.3984786653582,2.488155485787066],[96.3983234999296,2.488793570067235]]],[[[96.37750840159148,2.489800995119859],[96.37727340244565,2.489988994796308],[96.37740740232982,2.490201994726268],[96.37766440159098,2.490065994749921],[96.37750840159148,2.489800995119859]]],[[[96.39732024593265,2.489978985341976],[96.39676268335121,2.490280293300914],[96.39679135643601,2.490812403269802],[96.39696403076542,2.490657315182984],[96.39732024593265,2.489978985341976]]],[[[96.37732143343746,2.490841994562418],[96.377144433369,2.491069995184178],[96.37733643322989,2.491163995022402],[96.37747343325242,2.490946994907903],[96.37732143343746,2.490841994562418]]],[[[96.39592386679304,2.49368017669884],[96.39667651031273,2.491786610064059],[96.39655256035248,2.4913439817394],[96.39559517088051,2.494588196987754],[96.39592386679304,2.49368017669884]]],[[[96.40242175815767,2.496047888399408],[96.40182159109362,2.496570381018357],[96.4010622925908,2.498218840127395],[96.40192636570927,2.497696872712504],[96.40242175815767,2.496047888399408]]],[[[96.37379879437887,2.499130444214723],[96.3735778021739,2.499072610612549],[96.37414097292758,2.499220802697907],[96.37407690882235,2.499156110865927],[96.37379879437887,2.499130444214723]]],[[[96.37754339511166,2.499105690375389],[96.37739349161644,2.499166364935876],[96.3776069528986,2.499425045029843],[96.37765008977986,2.499252964252927],[96.37754339511166,2.499105690375389]]],[[[96.37447048902189,2.499206941447271],[96.3747074253075,2.499512474421214],[96.37492523481181,2.499376612940393],[96.37486831761889,2.499304761605556],[96.37447048902189,2.499206941447271]]],[[[96.37565668221019,2.49919156933551],[96.37669230910288,2.500273282885798],[96.37714543521373,2.500166589116779],[96.37649041040423,2.499580621448525],[96.37565668221019,2.49919156933551]]],[[[96.36963069300212,2.499730783049278],[96.36938138564247,2.499778859906529],[96.36912699801267,2.500459082820436],[96.36960640501165,2.499998916816557],[96.36963069300212,2.499730783049278]]],[[[96.37253800602427,2.500089170978567],[96.37320351333157,2.498989361270018],[96.37117980490416,2.499821012929468],[96.37199827070366,2.500708602420085],[96.37253800602427,2.500089170978567]]],[[[96.37180820438515,2.501060083556103],[96.37120494095527,2.501345812559228],[96.37100733382151,2.502080708857621],[96.37143553072522,2.50195603404377],[96.37180820438515,2.501060083556103]]],[[[96.38866646558496,2.502139786222221],[96.38922990073941,2.502158848252309],[96.38862385480712,2.502046441989789],[96.38787412239284,2.502457427668256],[96.38866646558496,2.502139786222221]]],[[[96.39426464999363,2.504277876722691],[96.39505290756573,2.502420258688096],[96.39222678443856,2.503837398677009],[96.39258838744415,2.504328326890823],[96.39426464999363,2.504277876722691]]],[[[96.3811849200481,2.505179843674929],[96.38210146590997,2.50427541437894],[96.37972492556491,2.499875317591924],[96.37865102172732,2.500727086186158],[96.3811849200481,2.505179843674929]]],[[[96.41526584144546,2.504952833206728],[96.41508039134706,2.504952465383978],[96.41473712012211,2.505410910984748],[96.4151697443883,2.505459594884416],[96.41526584144546,2.504952833206728]]],[[[96.3850049424242,2.504988490426483],[96.38472551586996,2.504423599269698],[96.38286159628568,2.504395944217494],[96.38548428826935,2.505448568296861],[96.3850049424242,2.504988490426483]]],[[[96.39626042817625,2.505866269213028],[96.3955752526958,2.506089676097664],[96.39561172290276,2.506883642566057],[96.39593053076943,2.506774284105992],[96.39626042817625,2.505866269213028]]],[[[96.36914151127179,2.509413848270567],[96.37151749583583,2.507378676185043],[96.37612889193484,2.508773040843179],[96.36725513111945,2.504169075842208],[96.36914151127179,2.509413848270567]]],[[[96.444629890657,2.519562104907289],[96.44389079092731,2.519991086919157],[96.44472316204433,2.521111876911617],[96.44490538897263,2.520940059636098],[96.444629890657,2.519562104907289]]],[[[96.39261537699812,2.521730233663375],[96.39224682043445,2.521747425103646],[96.392037628234,2.522326878982303],[96.39255484183252,2.522280097148874],[96.39261537699812,2.521730233663375]]],[[[96.39067117673342,2.522001307314545],[96.39007028481586,2.522281064819351],[96.38999830217993,2.522609714866528],[96.39028962406698,2.522574433563316],[96.39067117673342,2.522001307314545]]],[[[96.35714837909447,2.522168128856103],[96.35655543538505,2.522160571852991],[96.35686595509979,2.522902964000659],[96.3574548716451,2.522742349579785],[96.35714837909447,2.522168128856103]]],[[[96.35598767988759,2.525356131979992],[96.35544223027473,2.525321294941849],[96.35541482343545,2.525792143092984],[96.35590963492182,2.525804523160266],[96.35598767988759,2.525356131979992]]],[[[96.37897499889714,2.527054782252433],[96.37912256685303,2.51509900341633],[96.38775974481645,2.517893760888443],[96.39047986935051,2.510615531381719],[96.36291748955058,2.521176754903395],[96.37897499889714,2.527054782252433]]],[[[96.34685849092662,2.528148411819783],[96.34972077759191,2.525911386001686],[96.34957970993568,2.525131579358961],[96.34531573543288,2.526863582788172],[96.34685849092662,2.528148411819783]]],[[[96.3876949423678,2.533780794747928],[96.38688388518328,2.532746138223738],[96.38599094472632,2.533418653048455],[96.38718061019708,2.534167130908413],[96.3876949423678,2.533780794747928]]],[[[96.34985610127812,2.534242471612844],[96.35060230655125,2.529328542678153],[96.34474764268963,2.531888843295535],[96.34638729024131,2.534178478553992],[96.34985610127812,2.534242471612844]]],[[[96.34576594594175,2.535327021624864],[96.34511403998097,2.533627395587887],[96.34382477819102,2.535324052063379],[96.34543679587152,2.535590157859533],[96.34576594594175,2.535327021624864]]],[[[96.40640615681872,2.536306530821816],[96.40655518707227,2.536091617134437],[96.40443398224254,2.53568082481028],[96.40577566191736,2.536520474140611],[96.40640615681872,2.536306530821816]]],[[[96.367744802081,2.536235539238804],[96.3678250575804,2.5365226460033],[96.36815292611672,2.536638093773044],[96.36808188956763,2.53649447743822],[96.367744802081,2.536235539238804]]],[[[96.38581456069343,2.536007994573295],[96.38562983095197,2.535648934850451],[96.38422313119263,2.536420832855166],[96.3855848009978,2.536760763998133],[96.38581456069343,2.536007994573295]]],[[[96.359544959932,2.539820899714782],[96.35705583166138,2.537407871176375],[96.35579845083792,2.538414557885568],[96.35589394534932,2.539390154132379],[96.359544959932,2.539820899714782]]],[[[96.3493236450702,2.541728320405687],[96.34876413725519,2.542115726759439],[96.34895391129398,2.542325345238547],[96.34910853443138,2.542283819942368],[96.3493236450702,2.541728320405687]]],[[[95.93804957472815,2.54707581609612],[95.96311578006922,2.527951309205642],[95.9609529941854,2.523084872568868],[95.91836529742064,2.530926807925857],[95.92200598059156,2.541150350408403],[95.93804957472815,2.54707581609612]]],[[[96.06592588607083,2.548636018437575],[96.0653575109404,2.549045272021752],[96.06600061703492,2.549835298560252],[96.06640750540218,2.549185705655807],[96.06592588607083,2.548636018437575]]],[[[96.35988264996438,2.552132647303937],[96.36028126816602,2.551948154084036],[96.36003866705092,2.551409638244293],[96.35954333575644,2.55238302036018],[96.35988264996438,2.552132647303937]]],[[[96.34366786897705,2.553213534377205],[96.34326331165252,2.553666466234469],[96.34333473221211,2.55409401382771],[96.34387724913577,2.553940538225349],[96.34366786897705,2.553213534377205]]],[[[96.32829402964578,2.563336028135252],[96.32789700144549,2.563328020571751],[96.32788968006476,2.563418868286169],[96.32829115181526,2.563577524882918],[96.32829402964578,2.563336028135252]]],[[[96.31157567327874,2.562860315551172],[96.3107614828562,2.563382243395848],[96.31118800522233,2.56406460309899],[96.31205883674593,2.563743645852609],[96.31157567327874,2.562860315551172]]],[[[96.31034811217566,2.566645195119685],[96.31026803384272,2.56741973623191],[96.30954594568891,2.568235957323603],[96.31092336442177,2.567829997956059],[96.31034811217566,2.566645195119685]]],[[[96.36035005910803,2.568496500812875],[96.36003577662986,2.568528140761137],[96.36012225723644,2.56889937280784],[96.36040911938541,2.568766488982297],[96.36035005910803,2.568496500812875]]],[[[96.36442168481298,2.569861934280857],[96.36421060313693,2.569901389337678],[96.36426312174576,2.570205195613282],[96.36452971587379,2.570067541783702],[96.36442168481298,2.569861934280857]]],[[[95.87246952005236,2.613539394427564],[95.86934478423444,2.605854922266834],[95.8647008389726,2.6047718003783],[95.86720177714035,2.612165352648985],[95.87246952005236,2.613539394427564]]],[[[96.30567245412053,2.629119620973805],[96.30441245357193,2.629476621249102],[96.30424445391853,2.629733621409544],[96.30521545373028,2.629780620879016],[96.30567245412053,2.629119620973805]]],[[[96.32638252423422,2.637375320914368],[96.3260963599591,2.637654070279114],[96.32591059959458,2.639724220596326],[96.32656257300442,2.638962793398234],[96.32638252423422,2.637375320914368]]],[[[96.12021884292534,2.641785583637832],[96.12347578268127,2.641739383665628],[96.12329043330693,2.63964111424608],[96.11750435803975,2.641127789815664],[96.12021884292534,2.641785583637832]]],[[[96.11725351194004,2.641276821867875],[96.1169585271144,2.641366978903045],[96.11620057040004,2.642230637434048],[96.1162425102837,2.642598900818635],[96.11725351194004,2.641276821867875]]],[[[96.15310532165338,2.648665083426957],[96.15275907996758,2.648848767256881],[96.15283712583282,2.649379861891108],[96.15312126033798,2.649249784849792],[96.15310532165338,2.648665083426957]]],[[[96.11497613623975,2.649371884005289],[96.11998135175807,2.646448272569765],[96.11606507134601,2.643258315219141],[96.11282527716482,2.646688532749605],[96.11497613623975,2.649371884005289]]],[[[96.12966691529593,2.64967949441319],[96.13005038441773,2.65091160518651],[96.13043652542534,2.650984227240302],[96.13034868684244,2.650416228026506],[96.12966691529593,2.64967949441319]]],[[[96.10213420233165,2.65097857679992],[96.10194640500268,2.648934127308175],[96.10108442910322,2.648523297212455],[96.10056722899444,2.650121423964633],[96.09949571375621,2.650879126170766],[96.10213420233165,2.65097857679992]]],[[[96.11862237901964,2.652560079584118],[96.11818083527736,2.650749294644259],[96.11621207902431,2.650402816436889],[96.11703961718462,2.65234599057502],[96.11862237901964,2.652560079584118]]],[[[96.12589751755648,2.65385263379205],[96.12548706067938,2.652954387335191],[96.12405938513261,2.653228024953444],[96.12585587804634,2.654233347391186],[96.12589751755648,2.65385263379205]]],[[[96.1232932032188,2.65438268161555],[96.12286695604523,2.654759594679598],[96.12206993637852,2.655032659429788],[96.12296713242726,2.655130387857183],[96.1232932032188,2.65438268161555]]],[[[96.2142972513171,2.655194367426203],[96.21933080627173,2.652868665756378],[96.21910892823455,2.651086946905165],[96.2117971603108,2.65156651218483],[96.2142972513171,2.655194367426203]]],[[[96.11810919168595,2.656147000383788],[96.12111792305373,2.65550856806602],[96.1214540383733,2.65151689568823],[96.1168610486985,2.656179930859201],[96.11810919168595,2.656147000383788]]],[[[96.13004231839831,2.651832010039287],[96.1297014330747,2.652751638777159],[96.13175064267804,2.658422415562109],[96.13138141342154,2.653598284833],[96.13004231839831,2.651832010039287]]],[[[96.12510783995495,2.65818334338663],[96.12390292737821,2.658022734361706],[96.12328546635129,2.656723137562819],[96.12344607537612,2.658200965602139],[96.12510783995495,2.65818334338663]]],[[[96.36729911426279,2.657992539624063],[96.38658465465812,2.654949062948939],[96.39689577492018,2.645410743610929],[96.35230911097678,2.656047376185475],[96.36464565287467,2.663526024106774],[96.36729911426279,2.657992539624063]]],[[[96.17167707373802,2.663794126397898],[96.17022367668146,2.663107002086493],[96.16919406985046,2.666313068093659],[96.16997901162213,2.666137964695301],[96.17167707373802,2.663794126397898]]],[[[96.16231825008722,2.668685212552566],[96.15772470912815,2.662664148031999],[96.15209633537762,2.66833630257832],[96.16076177903295,2.669408395181369],[96.16231825008722,2.668685212552566]]],[[[96.13304105739898,2.669855798006735],[96.13249853957596,2.670360243930167],[96.13284118217489,2.671607081101987],[96.13331707372399,2.670483976254554],[96.13304105739898,2.669855798006735]]],[[[96.1079462760998,2.673547039264543],[96.10795135637004,2.673408392583296],[96.10778400602712,2.67380962781216],[96.10786014532945,2.673781120202554],[96.1079462760998,2.673547039264543]]],[[[96.14505959542404,2.677826682655324],[96.14750489073819,2.674156634820887],[96.14655801164297,2.67239722275365],[96.14334694270734,2.675671004113608],[96.14505959542404,2.677826682655324]]],[[[95.71917756279437,2.704765958182451],[95.71906180385922,2.704834961364464],[95.71889923701026,2.705238811821717],[95.71924045598236,2.704981007667426],[95.71917756279437,2.704765958182451]]],[[[95.71781878430953,2.705066702266576],[95.71726925806982,2.704942410563868],[95.71716612471694,2.705075344751437],[95.71735602196296,2.705465850168862],[95.71781878430953,2.705066702266576]]],[[[96.14613289221931,2.708716707809897],[96.14599890582488,2.708754642113062],[96.14598920034136,2.709000961924898],[96.14622062468212,2.708937246756557],[96.14613289221931,2.708716707809897]]],[[[96.14623498775454,2.709301438910325],[96.1460157878984,2.709342232158393],[96.14600144101374,2.709620672156385],[96.14612924097173,2.709625565367643],[96.14623498775454,2.709301438910325]]],[[[96.14619658130727,2.710107698211781],[96.14611428074952,2.710165646027837],[96.1462404007739,2.710237858890105],[96.14625417389104,2.710204229641564],[96.14619658130727,2.710107698211781]]],[[[96.14603090730057,2.710531924608725],[96.14591220578369,2.710689983156309],[96.14594692231263,2.710809411325352],[96.1460443728496,2.71077904121981],[96.14603090730057,2.710531924608725]]],[[[96.14319639709616,2.713938514251099],[96.14379755341439,2.713878739912021],[96.14348881615597,2.712523892363736],[96.14249351576319,2.713581102985627],[96.14319639709616,2.713938514251099]]],[[[95.74300770664041,2.718272653859907],[95.74840169458258,2.715753395602791],[95.74127271206609,2.70327803705179],[95.72418765713475,2.703306353105736],[95.71388773792886,2.711961167673779],[95.74300770664041,2.718272653859907]]],[[[96.11645875137033,2.72434301471842],[96.1173253875567,2.724634903178311],[96.11807933869058,2.723503532661928],[96.11752383825461,2.723162720183423],[96.11588447488867,2.724722280409006],[96.11645875137033,2.72434301471842]]],[[[96.1317465579573,2.724602963755826],[96.13238681320097,2.7240957533164],[96.13111766205057,2.723526593977185],[96.1309387698084,2.725178625193456],[96.1317465579573,2.724602963755826]]],[[[96.13520284413599,2.726120740579782],[96.13805083967459,2.723686619342056],[96.13896877858632,2.719552851383009],[96.13326295342259,2.72356997997065],[96.13520284413599,2.726120740579782]]],[[[96.12608833121158,2.732745112596932],[96.12652570389818,2.732776766035025],[96.12659811371206,2.732719563756911],[96.12629807199845,2.732523759763714],[96.12608833121158,2.732745112596932]]],[[[96.11877022126875,2.732581039383517],[96.11860249590858,2.732729813330279],[96.11895231329865,2.732788033640896],[96.11894513491009,2.73260823668082],[96.11877022126875,2.732581039383517]]],[[[96.12203425667569,2.732611860948639],[96.12182093119102,2.732741400195524],[96.12196096192888,2.733040095623915],[96.12218948595604,2.732918243781965],[96.12203425667569,2.732611860948639]]],[[[96.12563816297094,2.733081405082791],[96.12558127815346,2.733008589674776],[96.1251853192471,2.733156816833679],[96.12532210433169,2.733222173264702],[96.12563816297094,2.733081405082791]]],[[[96.1250280404118,2.733711079802534],[96.12475346839787,2.734001128249572],[96.12506022355053,2.734571809241634],[96.12528172387253,2.734205132261122],[96.1250280404118,2.733711079802534]]],[[[96.11900992476829,2.734149907592196],[96.11883416216692,2.734478441626839],[96.11906595073313,2.734582279148887],[96.11924927573355,2.734272888982689],[96.11900992476829,2.734149907592196]]],[[[96.1201378122103,2.73413478009614],[96.11991760511349,2.734358017008917],[96.11996270971132,2.73458476307635],[96.12020574070247,2.73436158102218],[96.1201378122103,2.73413478009614]]],[[[96.12053837294759,2.734847214927091],[96.12041274934896,2.734887075578138],[96.12048085590678,2.735039287633098],[96.1205693707799,2.735007943561849],[96.12053837294759,2.734847214927091]]],[[[96.12640246620089,2.734796899657185],[96.1260604081614,2.734673671852514],[96.12577444263654,2.734956041887868],[96.12629134237156,2.735137068221169],[96.12640246620089,2.734796899657185]]],[[[96.12569108537535,2.734818137147352],[96.12537141326018,2.734878568890872],[96.1253173289317,2.735226523785103],[96.12565606577489,2.735147012924363],[96.12569108537535,2.734818137147352]]],[[[96.12509365674693,2.734908500127206],[96.12490317134436,2.735030444599415],[96.12498554384784,2.735581461015643],[96.12521784502756,2.735471091717587],[96.12509365674693,2.734908500127206]]],[[[96.11395539042903,2.737310166630921],[96.11695247287837,2.737066735441582],[96.11753710685204,2.735962697120817],[96.11397514403774,2.736604347212898],[96.11395539042903,2.737310166630921]]],[[[96.11329261616139,2.737287384105544],[96.11294581509735,2.737558124108228],[96.1131126807057,2.737768908108615],[96.11337531961543,2.737696867016856],[96.11329261616139,2.737287384105544]]],[[[96.11219230283258,2.738998786764599],[96.11276160156669,2.738348550845002],[96.1139412180129,2.738175454733513],[96.11290322410457,2.73798168680541],[96.11150088695648,2.739030183895894],[96.11219230283258,2.738998786764599]]],[[[96.11451335680604,2.738814080405502],[96.11373025684597,2.738793612735099],[96.11372363513772,2.739572957126343],[96.11410400969233,2.739578659727401],[96.11451335680604,2.738814080405502]]],[[[96.12120906034993,2.738724302884263],[96.12050813144513,2.73914719558663],[96.12016249860048,2.740519571820796],[96.1222995953501,2.739220377018833],[96.12120906034993,2.738724302884263]]],[[[96.11440618819508,2.741182675240347],[96.1146800866168,2.741174733327354],[96.11482610683939,2.740957056922719],[96.11437849806933,2.740832613234565],[96.11440618819508,2.741182675240347]]],[[[96.11198639225822,2.740878936413813],[96.11093871714817,2.739964113652979],[96.10993765929564,2.741023141804552],[96.11164326042824,2.74120514660032],[96.11198639225822,2.740878936413813]]],[[[96.11564429115116,2.741208626077293],[96.1154898703613,2.741360299438364],[96.11567493824792,2.741515663617042],[96.11581500495859,2.741401250967021],[96.11564429115116,2.741208626077293]]],[[[96.11213414097787,2.741129835573483],[96.11176093222134,2.741308708929788],[96.11179838268923,2.741553605114897],[96.11223611960128,2.741432264987084],[96.11213414097787,2.741129835573483]]],[[[96.11361871033527,2.741846496318809],[96.11355751596668,2.741588154369909],[96.11275576316795,2.74083075703386],[96.11240248338794,2.741422787032041],[96.11361871033527,2.741846496318809]]],[[[96.10478346568445,2.742613647701761],[96.10538097525186,2.742289972704112],[96.10535504779729,2.742196674337125],[96.10492992027964,2.742018730879733],[96.10478346568445,2.742613647701761]]],[[[96.1039153672005,2.742598720754438],[96.10379877279517,2.742679910649423],[96.10398573915054,2.742756102112518],[96.10399950237515,2.742727447913504],[96.1039153672005,2.742598720754438]]],[[[96.11275521727954,2.743039738393202],[96.11361152295348,2.742860123995536],[96.11201172705958,2.7417804402152],[96.11171508118612,2.742549516147294],[96.11275521727954,2.743039738393202]]],[[[96.11433797102059,2.743388728407156],[96.1141903697898,2.743472044299475],[96.11427775511437,2.743713713716931],[96.1144756779103,2.743465563784772],[96.11433797102059,2.743388728407156]]],[[[96.08842382999582,2.747925128242132],[96.08887738508335,2.747161241398219],[96.08847059833951,2.746285277443603],[96.08792199480429,2.747029806380505],[96.08842382999582,2.747925128242132]]],[[[96.08516791007104,2.747146725441072],[96.08644977403783,2.745978468331709],[96.08677945021148,2.745319464921378],[96.08356047533576,2.747281434890356],[96.08516791007104,2.747146725441072]]],[[[96.10143746156969,2.749455974913337],[96.10195087013663,2.749503129965555],[96.1018382228557,2.748894672950827],[96.10107862218072,2.749196909010207],[96.10143746156969,2.749455974913337]]],[[[96.10421167402961,2.749553883205211],[96.10536280085263,2.745420855388245],[96.0981279816211,2.748520609838254],[96.1017243408057,2.747812200372765],[96.10421167402961,2.749553883205211]]],[[[96.10398247191358,2.749969549854844],[96.10376486115945,2.750000019785157],[96.10382503479761,2.750187909744303],[96.10395719826613,2.750098582783453],[96.10398247191358,2.749969549854844]]],[[[96.10108523399644,2.750267641838297],[96.10091013509467,2.749485746969713],[96.09907214476371,2.749785345317532],[96.09961295657274,2.750297308673952],[96.10108523399644,2.750267641838297]]],[[[96.10034295516328,2.750597445715572],[96.10000362566679,2.750921743943399],[96.10076339721309,2.751336706423865],[96.10081394810527,2.750881650367917],[96.10034295516328,2.750597445715572]]],[[[96.1124223044458,2.751424731166471],[96.12237537942032,2.744934492133153],[96.12913554007318,2.73752051805751],[96.12833406516505,2.734640178401568],[96.12355570093489,2.740495435815779],[96.11346870971322,2.745252374597415],[96.10715080326703,2.742736382677988],[96.10373744442754,2.744458911749367],[96.10763804156242,2.743779896624973],[96.1124223044458,2.751424731166471]]],[[[96.01393068984954,2.784302058393372],[96.01465090291696,2.782113568086707],[96.01089758505556,2.780976226072006],[96.01026216996328,2.783884083183906],[96.01393068984954,2.784302058393372]]],[[[95.96549608317778,2.824000792802405],[95.96264073028553,2.826427843570144],[95.96261217591127,2.827722270166721],[95.96637172517501,2.826808557169191],[95.96549608317778,2.824000792802405]]],[[[95.902311141646,2.828979856035584],[95.901754943336,2.828771653988692],[95.9017370971894,2.829262416727229],[95.90189473575347,2.829312981109243],[95.902311141646,2.828979856035584]]],[[[95.78479009019058,2.828939262437057],[95.7845405274235,2.829302468933847],[95.78527495697375,2.829409294903073],[95.78506817585574,2.829038965775709],[95.78479009019058,2.828939262437057]]],[[[95.90242154871552,2.82931131466546],[95.90240631959605,2.829170451155449],[95.90220263934036,2.829364614785245],[95.90241203119035,2.82949596166937],[95.90242154871552,2.82931131466546]]],[[[95.90249769161524,2.829665378654344],[95.90238918841042,2.82956639387406],[95.9021169780162,2.829680607773909],[95.90226545608604,2.829796724639188],[95.90249769161524,2.829665378654344]]],[[[95.78887630469778,2.830444356122207],[95.78943309925819,2.830301587848027],[95.78954255394574,2.830206409897972],[95.78878112584836,2.829873284824224],[95.78887630469778,2.830444356122207]]],[[[95.89640572814183,2.830972316619217],[95.89518030562664,2.832269122821817],[95.89582275971266,2.832786655679719],[95.89647116281391,2.832179892987718],[95.89640572814183,2.830972316619217]]],[[[95.76459003909902,2.835438845426474],[95.77103599911216,2.833297330307548],[95.77180694383541,2.830913109752252],[95.76469711418054,2.828371845084664],[95.76459003909902,2.835438845426474]]],[[[95.88710292236199,2.835048363391323],[95.8868841964486,2.835411795617947],[95.88738388315973,2.836018559209229],[95.88744812802871,2.835340411930542],[95.88710292236199,2.835048363391323]]],[[[95.78818824419214,2.834065896324066],[95.78715317937579,2.834644104641736],[95.78924472456448,2.836492946192525],[95.78939463075763,2.836293070968509],[95.78818824419214,2.834065896324066]]],[[[95.88578488496455,2.835897205591586],[95.88540655097161,2.836432584596182],[95.88626315701913,2.836939410125726],[95.88627029493827,2.836411169939556],[95.88578488496455,2.835897205591586]]],[[[95.7853907123116,2.837324567275012],[95.78556917108043,2.838210916600591],[95.78667562138291,2.838228762747196],[95.78634249630916,2.83768148661132],[95.7853907123116,2.837324567275012]]],[[[95.91066619508887,2.837688048065012],[95.91156563134892,2.836845718754976],[95.90872455519414,2.839486919685651],[95.91040207499587,2.838544654112528],[95.91066619508887,2.837688048065012]]],[[[95.96443262316716,2.841558677990651],[95.96253857179772,2.84497558375627],[95.96392817724363,2.847174205825031],[95.9658222277137,2.845556171680052],[95.96443262316716,2.841558677990651]]],[[[95.88842772266132,2.847615011223791],[95.88733554999568,2.847493657606236],[95.88697863065929,2.848157528147443],[95.8877281607261,2.848164666066499],[95.88842772266132,2.847615011223791]]],[[[95.87587794880831,2.850440943694664],[95.87494016365771,2.848775413654469],[95.87223471695869,2.850624255205258],[95.87486877997021,2.853358256278614],[95.87587794880831,2.850440943694664]]],[[[95.94377148516597,2.851485946918974],[95.94200473463086,2.853532284087667],[95.94299221182118,2.855191957742708],[95.94373579287257,2.854258019891741],[95.94377148516597,2.851485946918974]]],[[[95.93125768239614,2.860871968766364],[95.92806325541498,2.863995012060204],[95.92849155843878,2.864887310401109],[95.93068661109824,2.86381060427605],[95.93125768239614,2.860871968766364]]],[[[95.88410001770168,2.866512213567795],[95.88305305485468,2.866678776104624],[95.88220834683781,2.867196308962527],[95.88412976187911,2.868213529430918],[95.88410001770168,2.866512213567795]]],[[[95.88440340039665,2.868939264335623],[95.88374309926465,2.869694743417671],[95.88521836513554,2.870230122422267],[95.8855693363558,2.869195055807182],[95.88440340039665,2.868939264335623]]],[[[95.76366781941441,2.891289157368803],[95.75910520344243,2.891342694909515],[95.75942642958616,2.894263483373138],[95.76357026095887,2.893769744777973],[95.76366781941441,2.891289157368803]]],[[[95.83746140392068,2.897770966157264],[95.83727580633351,2.89767459840402],[95.83688676411295,2.897770966157264],[95.83749352590557,2.898209977408527],[95.83746140392068,2.897770966157264]]],[[[95.83544599983306,2.897654372651214],[95.83524612460904,2.897861385794375],[95.83563873623874,2.898468147587007],[95.83573153458268,2.897914924234456],[95.83544599983306,2.897654372651214]]],[[[95.82336666583903,2.901692278276101],[95.82292051666853,2.901686330160057],[95.82274800601574,2.901840994666237],[95.8232238993635,2.902072991875148],[95.82336666583903,2.901692278276101]]],[[[95.82668601404839,2.903304363405756],[95.8264778120015,2.903554206761271],[95.82664437363896,2.903726718313425],[95.82678714101387,2.903607745201352],[95.82668601404839,2.903304363405756]]],[[[95.75705886627374,2.904618600268204],[95.7574728916607,2.903138575185181],[95.75559787714033,2.903043397235038],[95.75514102064166,2.904280715982321],[95.75705886627374,2.904618600268204]]],[[[95.80829450588683,2.911041517851775],[95.80812794424928,2.911095056291856],[95.80819932703731,2.911225925636018],[95.80836588957423,2.911208080388604],[95.80829450588683,2.911041517851775]]],[[[95.80682741934996,2.912690781854209],[95.8066965491065,2.912764545147727],[95.80677982992529,2.9129215901593],[95.80687976798693,2.912835928835044],[95.80682741934996,2.912690781854209]]],[[[95.80305907471664,2.912820691621686],[95.80229764661918,2.912802846374273],[95.80288061504844,2.913576170703823],[95.80317209881339,2.9133263282475],[95.80305907471664,2.912820691621686]]],[[[95.7597087933262,2.929032465276137],[95.76111743292326,2.92876596467757],[95.76103177339773,2.925215809062397],[95.75786233138152,2.926852878257801],[95.7597087933262,2.929032465276137]]],[[[95.80212511708052,2.930087016602577],[95.8057850250589,2.916169598748052],[95.79837062470459,2.916731151621409],[95.79956352773463,2.908332844385274],[95.81935755021084,2.912257250172011],[95.8225583219091,2.898636818134758],[95.82477479012456,2.898126424095281],[95.82610133870585,2.902617656379757],[95.82914110118092,2.903789541354328],[95.83962500638897,2.882878837888047],[95.83352823244203,2.902164171439402],[95.83534138080016,2.912993097953208],[95.87229778191718,2.913189402868642],[95.90472983501398,2.894837810216821],[95.91795369031064,2.867908259958284],[95.91220134321749,2.847314025222158],[95.88352288857052,2.872607696088391],[95.87307388155445,2.868297302178767],[95.88306761937521,2.85928152492254],[95.87234576704354,2.864606757895615],[95.86512886230715,2.858374949844155],[95.87039698922976,2.853942014312526],[95.86566424131175,2.848359799165422],[95.88714363467108,2.843141641273771],[95.88549853632846,2.828709810309537],[95.88001387783824,2.829715131847909],[95.88276886009487,2.825030878971923],[95.90392071856637,2.823825569794302],[95.91648546343349,2.8447695850484],[95.93265390055713,2.82328305287065],[95.9756382693907,2.811486057435641],[95.980206834378,2.791070280569063],[96.00145151727381,2.784751297634291],[96.008439281048,2.767173516744423],[96.02618295358052,2.756560953625195],[96.09266309022952,2.756321198864262],[96.10337882717121,2.751121499557582],[96.08471040965775,2.753364885381179],[96.07822636875196,2.739077036775869],[96.08234421331488,2.731102496383128],[96.0901222626323,2.749075060765469],[96.11872512386543,2.730162792978527],[96.13122471464891,2.730556249071656],[96.12921503474607,2.725860853595583],[96.1313670620403,2.720649478390788],[96.13121413322571,2.718966050043223],[96.11154216673766,2.729504755440113],[96.11305746503011,2.714155505372348],[96.12882330085469,2.700456254052972],[96.13749748142372,2.705913345624397],[96.13339323191218,2.714352392149275],[96.13805578504652,2.707090908918383],[96.1455384979034,2.711604334672321],[96.14749308713627,2.698448067024747],[96.14088975295975,2.69594132733044],[96.1516620833385,2.688979312045634],[96.12971384641696,2.682574041858585],[96.11274375631936,2.686523435308372],[96.11998525301712,2.690101800857489],[96.11917011740708,2.69382168822043],[96.10103775159106,2.674473448890621],[96.09206407609629,2.674872843207174],[96.1020704952572,2.672721799771269],[96.10552719332534,2.651894919415041],[96.09737200791187,2.652449460274406],[96.10561999976325,2.636480156434137],[96.11422415102379,2.640371237842418],[96.11083703979763,2.634621884592312],[96.12353982340422,2.63345419405587],[96.1277870003698,2.644013761925665],[96.12353530880752,2.645335000010293],[96.1234191316876,2.647893335609039],[96.13331625713958,2.642894374875501],[96.13337796861835,2.654088393764395],[96.13830017401389,2.64571743581101],[96.1418441261056,2.647844803694818],[96.14047067877888,2.651295749699154],[96.14290534680438,2.654476306436424],[96.14373166638336,2.635803671102563],[96.14648517914773,2.635951553821167],[96.14787994940019,2.64147070580851],[96.15333522793851,2.647798725131098],[96.15479227534328,2.647702634369084],[96.16063588383905,2.633841960138403],[96.17621355001542,2.631540311736044],[96.17743961464657,2.615725495235408],[96.19262218886298,2.616589858834947],[96.18146881663257,2.655803923412423],[96.16747633956143,2.669814206160678],[96.16284333095498,2.668545909366246],[96.15903011105088,2.676766092381319],[96.16971947537355,2.668231914671201],[96.17325087562746,2.673581611901918],[96.17341285072249,2.665128112372559],[96.18061887006488,2.668219317867246],[96.1796470033066,2.658601219670606],[96.18622711878656,2.658845843360977],[96.18294804041977,2.653879754647035],[96.2259502598966,2.627044677270105],[96.22298954243351,2.619874911398076],[96.23900750409305,2.619258276847988],[96.25320293476764,2.585269813850852],[96.29514457925896,2.562410798419654],[96.34957275367967,2.546457033964986],[96.34430901095212,2.5408608973126],[96.35288798299412,2.539632197667816],[96.3435030241453,2.539413347647931],[96.34005296127525,2.521526590279974],[96.35577862798132,2.523380894312874],[96.35210894257368,2.515745571900682],[96.36245311921613,2.514700182867211],[96.36187630394832,2.520447611568086],[96.37042475839591,2.512529892140877],[96.36239456795496,2.505072399871386],[96.37319425930772,2.495239399678637],[96.3688232825685,2.488279282862679],[96.38269445008888,2.48114413459419],[96.38244631364655,2.471301365965337],[96.39242484932741,2.47479319604926],[96.3828911875783,2.466903590328437],[96.3845527228299,2.455987734446394],[96.40181464832743,2.464960140997727],[96.39660394941278,2.457235727247051],[96.40680287565223,2.457447783788178],[96.40799038185068,2.470372538961582],[96.3998255781879,2.475502474259825],[96.40731687777176,2.504483889819673],[96.40394813519833,2.512786821254862],[96.42537398741965,2.477069414322061],[96.42695771782442,2.491654702902244],[96.45365572593111,2.475877539217139],[96.47218551025315,2.449489521124557],[96.46730834200646,2.427526553307777],[96.47635134443912,2.430724127016878],[96.47667175309898,2.419485140227115],[96.48118276327399,2.420335350296218],[96.49216341620874,2.407762998963323],[96.47623705139884,2.398952203281654],[96.49103675724066,2.388032819359173],[96.49873660870757,2.363459307601021],[96.48093444336989,2.344092372265225],[96.46808091000608,2.34479812243544],[96.4434086832642,2.328290405278041],[96.40941230893102,2.331428215439788],[96.38731288967823,2.349694430953273],[96.3748573476885,2.348413157841042],[96.36698566185885,2.337344949609774],[96.34500137381436,2.341236752274353],[96.3145390869094,2.35963282269662],[96.33412691192748,2.37204619907285],[96.33594125098799,2.388089714968464],[96.31376878430201,2.386081619671041],[96.31625043381048,2.417790050370547],[96.22826382701405,2.441939433757875],[96.22039257016108,2.460575372255677],[96.18842858091436,2.488306061975207],[96.16959094156871,2.490734029152206],[96.16067285766633,2.512057391035791],[96.12843321631998,2.520043895109689],[96.11846969032399,2.541100313029096],[96.08714033735671,2.553872047656933],[96.08016084914392,2.566727153035783],[96.06649627208533,2.57078358019813],[96.05895691273136,2.563309962185054],[96.04973889323537,2.577861381397659],[96.01094206912123,2.59048431599844],[95.99635991467835,2.56609357076176],[95.9942576729533,2.581904166743884],[95.97878859631678,2.588469179908801],[95.94942587630324,2.569879031292308],[95.91773715604492,2.589262438610726],[95.91674984792716,2.599239452638733],[95.88551343000088,2.603534707360852],[95.88926972371883,2.620332481059259],[95.86313085920187,2.637958729112119],[95.84503168106725,2.637226114393718],[95.83913465014403,2.621948250711201],[95.82908905741411,2.629738832081527],[95.82778500267578,2.643848590640038],[95.81794538796939,2.647672501684648],[95.80427715786459,2.639756711303251],[95.80353654097863,2.628309594412334],[95.7972940813568,2.630158662592239],[95.78561855375331,2.681521367417281],[95.7551499823858,2.700443350580192],[95.76409993736232,2.713980330927621],[95.75391188572506,2.715981362949568],[95.74309139665071,2.736326740886438],[95.72249206365782,2.741501582931713],[95.73396960461362,2.757187797279068],[95.72290511238114,2.760768885975404],[95.71550274855302,2.747309305779863],[95.70458540699096,2.746922954330897],[95.69210687293388,2.773712348845891],[95.71680091992661,2.808617138270296],[95.71939382726337,2.82513835335234],[95.73256711817801,2.832032841242626],[95.76239349176629,2.822547950627484],[95.77250144168825,2.82744309722116],[95.77916405197945,2.817932470707007],[95.77974333228904,2.827954760204076],[95.78808096316595,2.826412869858096],[95.79168278483264,2.830718307603885],[95.79651436824352,2.844141281794709],[95.78754518756038,2.839918134714225],[95.7648801082304,2.847184216178643],[95.76334594216155,2.879489615053753],[95.78352368017373,2.92187787636291],[95.80212511708052,2.930087016602577]]],[[[95.38841191897497,2.985901868276674],[95.40306666309603,2.972112297144868],[95.39724436043896,2.963108416120551],[95.38592503990874,2.981468361675542],[95.38841191897497,2.985901868276674]]],[[[95.40617728765174,3.017392928341],[95.40847546197308,3.013733962852182],[95.40024631991179,3.010260465448166],[95.40115099112538,3.016279549661526],[95.40617728765174,3.017392928341]]]]}},{"type":"Feature","properties":{"kode":"11.10","nama":"Kabupaten Aceh Singkil","lat":2.3479697391350487,"lng":97.84505654580394},"geometry":{"type":"MultiPolygon","coordinates":[[[[97.38631487313297,1.986209969914229],[97.38824818530556,1.982518235827976],[97.38390286622437,1.97715200096413],[97.3814952740877,1.98226601286626],[97.38631487313297,1.986209969914229]]],[[[97.39112666516358,2.042208759926398],[97.39129798601326,2.036337439721178],[97.38455935333154,2.04138784617218],[97.38781088636334,2.04337945509778],[97.39112666516358,2.042208759926398]]],[[[97.3531974413089,2.057634258114513],[97.352704926691,2.057928324732503],[97.35253241603822,2.058755188401237],[97.35312133258353,2.058481549883615],[97.3531974413089,2.057634258114513]]],[[[97.34946669463233,2.061431547427992],[97.34916688224585,2.061841290243402],[97.3496737077755,2.061902679764868],[97.3497058297603,2.061724220096758],[97.34946669463233,2.061431547427992]]],[[[97.35154098992474,2.063725347446807],[97.3512495061598,2.063850268675013],[97.3515707332028,2.064082265883924],[97.35166591115295,2.063880011952987],[97.35154098992474,2.063725347446807]]],[[[97.3488210668388,2.066808930287964],[97.34859799270328,2.066823802376591],[97.34864260806997,2.067043901554852],[97.34882998991218,2.067026056307528],[97.3488210668388,2.066808930287964]]],[[[97.34851768594247,2.067352240413564],[97.34838384074169,2.067141063409414],[97.34742313367072,2.06721244709682],[97.34808343480272,2.067747826101327],[97.34851768594247,2.067352240413564]]],[[[97.34971576726889,2.070132066441774],[97.34913398864272,2.070024991360262],[97.34888057677728,2.070399755944072],[97.34945878599423,2.070524677172189],[97.34971576726889,2.070132066441774]]],[[[97.34815424562197,2.07263287960375],[97.34753558579868,2.072775646978561],[97.34795199169112,2.073388358685888],[97.34842193512426,2.073233694179708],[97.34815424562197,2.07263287960375]]],[[[97.35520063260316,2.073781773410152],[97.35863115770182,2.065937149080208],[97.35783165860423,2.064856872646567],[97.35487636765032,2.06361479468706],[97.35520063260316,2.073781773410152]]],[[[97.08807967363808,2.106738456814325],[97.08804160173858,2.105991306353802],[97.08715644311538,2.106562376752327],[97.08731348722776,2.106671832339233],[97.08807967363808,2.106738456814325]]],[[[97.35045626004843,2.113838012614197],[97.35148825997527,2.113668012868539],[97.35151026009052,2.112930013009803],[97.3504582601407,2.112822013425239],[97.35045626004843,2.113838012614197]]],[[[97.11321912156527,2.114502447929675],[97.1474839516231,2.094524677771689],[97.16249765744098,2.071495065444948],[97.15145687943154,2.054289102959769],[97.12061894480858,2.040868585716657],[97.1276505280495,2.010525950012651],[97.11463390173321,2.004179980222018],[97.07643953435709,2.076585809187767],[97.0809222302768,2.089989807683532],[97.0970564526932,2.09004803608803],[97.09840042384054,2.11395863328436],[97.11321912156527,2.114502447929675]]],[[[97.34638997541711,2.116661830778918],[97.34616511612725,2.114895082042453],[97.34113969374191,2.114409672068726],[97.34212003211381,2.116503596863526],[97.34638997541711,2.116661830778918]]],[[[97.35010051073007,2.125575999932503],[97.35043151070576,2.125321999910421],[97.3503155107523,2.12507300011888],[97.3499745112148,2.125199999680236],[97.35010051073007,2.125575999932503]]],[[[97.35026395891465,2.133944903834292],[97.3531134833007,2.131257421093144],[97.35284936320762,2.128327115104264],[97.3488695951557,2.130994372092607],[97.35026395891465,2.133944903834292]]],[[[97.33159800014765,2.168423000021511],[97.33194800010014,2.168276999583904],[97.33155600000944,2.16755899974814],[97.33092699978127,2.168905999812074],[97.33159800014765,2.168423000021511]]],[[[97.32309627087622,2.181959048671198],[97.32277640720547,2.182072144713773],[97.32295465643232,2.182488788027134],[97.32320449978792,2.18235553817758],[97.32309627087622,2.181959048671198]]],[[[97.32173013683638,2.182967897350638],[97.32149747412915,2.182990377703772],[97.32143322926025,2.183197391746303],[97.32176397382842,2.183159319846803],[97.32173013683638,2.182967897350638]]],[[[97.46220927663686,2.183463554199713],[97.46425085459333,2.17907701828983],[97.46331572693926,2.17714965423321],[97.4610264873825,2.184521025624894],[97.46220927663686,2.183463554199713]]],[[[97.30584901332136,2.183920520415692],[97.3052130127704,2.184016520346185],[97.3050740126556,2.18475152006665],[97.3058380128141,2.184496519998477],[97.30584901332136,2.183920520415692]]],[[[97.31921125809319,2.184414234729212],[97.31726009977383,2.184818744389558],[97.32112434541224,2.186665205434865],[97.32067700643873,2.185142350139399],[97.31921125809319,2.184414234729212]]],[[[97.44347174622418,2.188093414279743],[97.43815602987699,2.180698048975868],[97.44209641661638,2.158845079936553],[97.43076542378535,2.164474883609044],[97.42872305262684,2.180328440205434],[97.44347174622418,2.188093414279743]]],[[[98.03752683059882,2.18770873197249],[98.03591774021157,2.189717893865792],[98.03861134193991,2.191149664025824],[98.03877675694187,2.188840116877985],[98.03752683059882,2.18770873197249]]],[[[97.32929283359748,2.184888956260364],[97.32710581188378,2.183372049080853],[97.32426473482973,2.191138609559237],[97.32805757969359,2.190655329180144],[97.32929283359748,2.184888956260364]]],[[[97.31458558615597,2.193786377339466],[97.31854765375131,2.187585005943335],[97.3123132007937,2.190693078223058],[97.31131382737128,2.181163335719402],[97.30551983986878,2.19131173714697],[97.31458558615597,2.193786377339466]]],[[[97.32067313126007,2.205112964391828],[97.32009492204311,2.201500941715137],[97.32350231118275,2.202810439150513],[97.3291404425774,2.193802988716984],[97.31907115900681,2.19810267529825],[97.31569053998645,2.206487103297247],[97.32067313126007,2.205112964391828]]],[[[97.21170084991432,2.209362733203621],[97.21090967943816,2.209636370821874],[97.21123685459722,2.210522720147454],[97.21240279055638,2.209921905571585],[97.21170084991432,2.209362733203621]]],[[[97.20856566217556,2.215193850116146],[97.21113521771618,2.214247626626717],[97.21058344497001,2.21262879118582],[97.20828700274306,2.212827088999012],[97.20856566217556,2.215193850116146]]],[[[97.2075428749038,2.215544687337553],[97.20706087515933,2.215824686759957],[97.20707487490567,2.216230686596907],[97.207472875273,2.216147687266032],[97.2075428749038,2.215544687337553]]],[[[97.30246957241292,2.21591613162426],[97.3019841624392,2.216165975879145],[97.30290144484584,2.21700830518918],[97.30322624129808,2.216515757296397],[97.30246957241292,2.21591613162426]]],[[[97.22481850876724,2.220723892893359],[97.22375250907109,2.222509893416921],[97.2275521770914,2.228614983394836],[97.22748079340398,2.225673969178407],[97.22481850876724,2.220723892893359]]],[[[97.16884700868255,2.236446920089394],[97.17934195037078,2.233135799777328],[97.17856862514203,2.216681827004782],[97.187485655039,2.228246007747112],[97.19494974923158,2.202115158887549],[97.20084386095553,2.211925543828849],[97.20832964499714,2.204721725127554],[97.22530486932432,2.207592594922334],[97.23577925610783,2.235409594377311],[97.27001485100463,2.232450975931874],[97.2805196771415,2.22210986867559],[97.29866521892478,2.229381000732664],[97.30146941388234,2.21200915110151],[97.30581442899282,2.206731862785302],[97.29115744466046,2.200644716080832],[97.31577356359914,2.169504987865009],[97.31929516573935,2.177528529617964],[97.33046495059702,2.172450621898767],[97.32264842108786,2.163848870928684],[97.33275225661139,2.163354388594227],[97.33320911400943,2.152151886400519],[97.33877065104478,2.162605261423709],[97.34410456967024,2.137344307893516],[97.33619524091768,2.13083410211212],[97.34459921208402,2.127963691870979],[97.33461428761935,2.114165158994938],[97.34974836589437,2.11291598088785],[97.34643615560415,2.10473063491092],[97.35238480941148,2.10708154277903],[97.35823828257081,2.097801645429628],[97.35073187707452,2.093557479394212],[97.35836280809714,2.091437379831193],[97.35354059202483,2.081371070318669],[97.34852632842743,2.088693923285964],[97.34118807007347,2.086571444116922],[97.34803189555562,2.076713932002436],[97.34107417723156,2.076057461982314],[97.33981306332225,2.061388084992208],[97.34260045264881,2.065417305864001],[97.34991015662852,2.065807537887585],[97.33999587660846,2.034660033233957],[97.32830082562269,2.040103050415462],[97.33857962155238,2.046123998923497],[97.33961754261553,2.060493087785817],[97.32597490271961,2.054479000205697],[97.3068869856459,2.063315803381657],[97.28554318127284,2.100438329065677],[97.26541952399194,2.107043791937466],[97.2613676995597,2.135300460947606],[97.23109415067454,2.150220445717041],[97.23427787032752,2.167611926649135],[97.21796428532357,2.15955120512403],[97.2098027336093,2.181109121888555],[97.19456585473043,2.185148256886579],[97.17380743796295,2.178666604580235],[97.14909970868467,2.200750739854771],[97.12398687799212,2.200293883356094],[97.11271775132323,2.215537186092329],[97.12028227101005,2.226450805360367],[97.16157305815015,2.224126071361107],[97.16884700868255,2.236446920089394]]],[[[97.27279374623447,2.236883433024081],[97.27252574556677,2.237036432885128],[97.27281274621134,2.237265432653698],[97.2729747455881,2.237090432677322],[97.27279374623447,2.236883433024081]]],[[[97.26737917640793,2.240945394614277],[97.26718817569383,2.241251395235741],[97.2676081761765,2.241308395166383],[97.26764717617625,2.241155395305247],[97.26737917640793,2.240945394614277]]],[[[97.2177250117,2.241788072861281],[97.22596984423296,2.229466034330072],[97.22304905576934,2.223362716915942],[97.21297679814077,2.233865658073706],[97.2177250117,2.241788072861281]]],[[[97.21085241061026,2.241840530316283],[97.21048441072699,2.242523530336735],[97.2114584106772,2.242773530174277],[97.21149541058477,2.242441530152492],[97.21085241061026,2.241840530316283]]],[[[97.21022707062282,2.241280448733749],[97.20853379559827,2.241662022084709],[97.20780174565405,2.242465745297936],[97.20871011128264,2.242877604218149],[97.21022707062282,2.241280448733749]]],[[[97.31279100969742,2.242591342816278],[97.31476313481095,2.240794976706903],[97.31588148224463,2.238843819286915],[97.30978530185027,2.240428539845338],[97.31279100969742,2.242591342816278]]],[[[97.43466606408765,2.244323672699375],[97.43598428584616,2.244209458799526],[97.43639831213248,2.242881718616482],[97.43315272721664,2.243038763628055],[97.43466606408765,2.244323672699375]]],[[[97.27467602367958,2.24464286187864],[97.27566587957674,2.244509612028997],[97.27718635526618,2.243479304626225],[97.27535179135215,2.242879680752738],[97.27467602367958,2.24464286187864]]],[[[97.34379789455728,2.246927404276297],[97.34267359990675,2.247105863944496],[97.3428044701502,2.248152825892211],[97.34373840890053,2.248248004741724],[97.34379789455728,2.246927404276297]]],[[[97.42693321289752,2.249831192855309],[97.43139817238783,2.247030310100781],[97.42708083841005,2.239049854866979],[97.42291787216215,2.245897944034978],[97.42693321289752,2.249831192855309]]],[[[97.25777399967039,2.249875124737263],[97.25737901922639,2.250416058854052],[97.25816063440581,2.251444849999837],[97.25844616915543,2.250873779601312],[97.25777399967039,2.249875124737263]]],[[[97.42194981313347,2.255100277555774],[97.42198454585018,2.255396689605524],[97.42227013815642,2.255313571564097],[97.42220494360338,2.255177673211081],[97.42194981313347,2.255100277555774]]],[[[97.1855710973284,2.256151948353777],[97.18629445262691,2.255276306356466],[97.18648742735297,2.254648129008016],[97.18427809795595,2.256796782045909],[97.1855710973284,2.256151948353777]]],[[[97.3005964167913,2.253259010095318],[97.29735071316489,2.256617895199684],[97.29735293718835,2.257346442284566],[97.29835899167419,2.257431403036867],[97.3005964167913,2.253259010095318]]],[[[97.28665897732999,2.259910625275216],[97.28626570379927,2.260181617088028],[97.28708165779236,2.260481012189006],[97.2870721402671,2.260081262640165],[97.28665897732999,2.259910625275216]]],[[[97.29331329317402,2.258519038622817],[97.28940901061739,2.263612551378211],[97.28997225331689,2.26458122284525],[97.29230412433593,2.262594373131874],[97.29331329317402,2.258519038622817]]],[[[97.24929089355993,2.253094319946955],[97.24344545134655,2.253502298292462],[97.24507062341058,2.265234231374722],[97.24693213461043,2.263377161027266],[97.24929089355993,2.253094319946955]]],[[[97.21026047144369,2.248932631635656],[97.2029204207409,2.261511815118242],[97.20410873902715,2.265447968748832],[97.2114760256981,2.25516013103528],[97.21026047144369,2.248932631635656]]],[[[97.24419615682726,2.266391889973837],[97.24403958216105,2.266601431111257],[97.24403601275183,2.267026164725758],[97.24452448671578,2.266746245342974],[97.24419615682726,2.266391889973837]]],[[[97.24375873737593,2.267108700905871],[97.24350413390864,2.267218155593495],[97.24343372238847,2.267526227353597],[97.24393245042236,2.267249234364696],[97.24375873737593,2.267108700905871]]],[[[97.28347883607948,2.26813653067641],[97.28329742033971,2.268175779788459],[97.28302681613471,2.268995885052069],[97.28323620888399,2.268898803237215],[97.28347883607948,2.26813653067641]]],[[[97.32943761365502,2.261235794296487],[97.32585202385191,2.267857937793602],[97.32659441599957,2.269276096714565],[97.32984000001605,2.263108534431366],[97.32943761365502,2.261235794296487]]],[[[97.23127247094784,2.276795274382446],[97.2294979772499,2.277899438608275],[97.23093659484802,2.279595352243755],[97.23281732455999,2.278684661867755],[97.23127247094784,2.276795274382446]]],[[[97.34047048032842,2.279690879130866],[97.3401867397263,2.280367431911509],[97.34043239134179,2.28206262788799],[97.34116407616128,2.280531444870368],[97.34047048032842,2.279690879130866]]],[[[97.26412043800791,2.285544685938509],[97.28067702522459,2.278168356584429],[97.28236369832614,2.274055910651748],[97.25920833829426,2.282451386822101],[97.26412043800791,2.285544685938509]]],[[[97.41859026882592,2.263028654848595],[97.40882729614283,2.27654651291129],[97.40749775821499,2.286185978999741],[97.41208401286696,2.273811516288513],[97.41859026882592,2.263028654848595]]],[[[97.2562751607701,2.278173164360117],[97.25000052160684,2.283912423619514],[97.24730212469336,2.293468911960803],[97.25751279428009,2.285499632601981],[97.2562751607701,2.278173164360117]]],[[[97.40520948812744,2.290047940360227],[97.4008839910035,2.291872619825616],[97.40103234496675,2.297120806979722],[97.40640734732132,2.290960880840062],[97.40520948812744,2.290047940360227]]],[[[97.42599573441565,2.285661980915707],[97.42307595858867,2.285483148028897],[97.42013058715695,2.302097976240633],[97.42600229496998,2.292799510588958],[97.42599573441565,2.285661980915707]]],[[[97.23193290068284,2.302436962196117],[97.231584916111,2.302980416213282],[97.23179043188296,2.303265214418124],[97.23220445816928,2.303108170305832],[97.23193290068284,2.302436962196117]]],[[[97.24771052931753,2.305730534036973],[97.24660883822735,2.299579866417753],[97.24234246523264,2.30048382267036],[97.24287784333787,2.305380754418282],[97.24771052931753,2.305730534036973]]],[[[97.31414610635781,2.291931046080917],[97.30671280405275,2.298857247663852],[97.31099583429042,2.310183483081316],[97.31570716575317,2.306293063574058],[97.31414610635781,2.291931046080917]]],[[[97.40542533800905,2.313440617090842],[97.41261314428128,2.299179284996031],[97.41065167343606,2.294594007907166],[97.40242090270256,2.309596348992413],[97.40542533800905,2.313440617090842]]],[[[97.2272539987731,2.324007948807802],[97.22702444142485,2.318094304708415],[97.21890732611233,2.319962182208998],[97.22621703009195,2.325490858916021],[97.2272539987731,2.324007948807802]]],[[[97.53345327774664,2.351343449440632],[97.53295029142285,2.352173172953639],[97.53464546131904,2.352500147563871],[97.53491103291789,2.351780873388629],[97.53345327774664,2.351343449440632]]],[[[97.38118443241574,2.362567565940507],[97.40961929579395,2.342298140246976],[97.41997531111177,2.302987533447906],[97.39493697486157,2.340867771230679],[97.38692933312227,2.345688696776024],[97.38983076457816,2.33453137832049],[97.38145771929837,2.336990596039287],[97.38118443241574,2.362567565940507]]],[[[97.56103911995947,2.382001146435828],[97.56084244002669,2.382613255597319],[97.56210652439667,2.384133284323672],[97.5621244496837,2.383434494906053],[97.56103911995947,2.382001146435828]]],[[[98.01586976357882,2.581949460199537],[98.07665575096222,2.574711717271969],[98.0861262901962,2.500660290839749],[98.14739805627536,2.423661110671757],[98.19704836199239,2.311890109441014],[98.18648575171618,2.294219293685471],[98.17851217629598,2.239127437581187],[98.16308900735186,2.230843938696855],[98.12730743918699,2.169515824695642],[98.08292844039525,2.203477558942188],[97.94968715234026,2.270350515863681],[97.9134363386162,2.271747161202617],[97.88138597218496,2.243210544031468],[97.83113278435056,2.265635852412659],[97.80030200293514,2.270767724850684],[97.78529476324277,2.231399812351517],[97.73449023343754,2.314707162905291],[97.66504421272032,2.394858801392649],[97.73109654187199,2.421822362212309],[97.79119555603015,2.500189443587983],[97.86497083303753,2.498810556262152],[97.86510194429937,2.527440278446155],[97.85525666656196,2.527438888993602],[97.85503111119691,2.564563610822043],[97.90406587234216,2.562228858375112],[97.9126946317519,2.570580451226887],[98.01586976357882,2.581949460199537]]]]}},{"type":"Feature","properties":{"kode":"11.11","nama":"Kabupaten Bireuen","lat":5.093825519117036,"lng":96.6070350974139},"geometry":{"type":"MultiPolygon","coordinates":[[[[96.84891439228547,5.276431469236996],[96.86101157062754,5.275096591134808],[96.87961176826857,5.248913056392478],[96.91160476964444,5.248311212092837],[96.9061488579835,5.24369456125504],[96.91463598496283,5.224667397882165],[96.90815576887367,5.221514632893975],[96.91694556178827,5.222641079622225],[96.91115373086006,5.214845349633212],[96.92522611539293,5.210949378610973],[96.91630627511454,5.206474274768013],[96.91111768243512,5.187978056742026],[96.89140156732853,5.178956677608614],[96.89122006525392,5.15185768608346],[96.87805014769626,5.136614409427519],[96.87567794298279,5.117230106384362],[96.83358515303247,5.088839684803691],[96.83802354295224,5.061931969185117],[96.82017596814646,5.038124886654249],[96.82100090636678,4.995376594354383],[96.78652602615522,4.94001694802375],[96.77870857214292,4.951526102847414],[96.74600863888762,4.965979709096334],[96.68200166934163,4.972032473819631],[96.66624256044584,4.960341287220714],[96.62769667236357,4.968460125634365],[96.53870957428754,4.935961839267499],[96.51592043527991,4.904615031358638],[96.4807173839002,4.889238774649773],[96.47091400467765,4.891308906980484],[96.46375529776888,4.91419689227277],[96.43458310632532,4.937396637444923],[96.40250797166564,4.941084801222683],[96.37661447907503,4.930374053719721],[96.36719181255216,4.941010244727039],[96.33427430001899,4.950871233620568],[96.32713829559597,4.96794656238395],[96.34472885495275,4.989918267114412],[96.34620665331447,5.015441738145764],[96.36364575244964,5.034006150863245],[96.36481729388301,5.04636422343021],[96.35020586830626,5.068657708286683],[96.35522755940441,5.092090966025275],[96.33498916122086,5.150540851079487],[96.34326619667772,5.226492088139455],[96.39765724258777,5.209575871029703],[96.46605976914314,5.236938064440121],[96.48902101230995,5.206769289271328],[96.53315119477195,5.198517555340953],[96.5797137618807,5.213552502246198],[96.64065615395835,5.214146604282387],[96.73240904863874,5.25131133065344],[96.84891439228547,5.276431469236996]]]]}},{"type":"Feature","properties":{"kode":"11.12","nama":"Kabupaten Aceh Barat Daya","lat":3.8226302105855576,"lng":96.8802947194541},"geometry":{"type":"MultiPolygon","coordinates":[[[[96.82554398456726,3.697293709637094],[96.82492750919731,3.697397805264501],[96.82545748507498,3.69879612963777],[96.82582868114876,3.698186988238938],[96.82554398456726,3.697293709637094]]],[[[96.72918012995912,4.094131641262265],[96.74499632062383,4.092360401311556],[96.74629403424234,4.083730449400779],[96.75175464036447,4.086149384686365],[96.79124093602042,4.050889668823231],[96.80378922239476,4.006848366359094],[96.79847826525979,3.999605286854568],[96.83826541561646,3.954430658747942],[96.98392631504748,3.937235604139854],[97.04614445840006,3.958377117709876],[97.11160025734605,3.937113626392751],[97.11948548966373,3.91405076613005],[97.10869096491616,3.887498711696246],[97.1151118221529,3.866346915277962],[97.1081837230005,3.854278884862715],[97.11158888182153,3.832867553994411],[97.15446888882819,3.741497221919342],[97.14225862613472,3.726881021841709],[97.13108982243736,3.684319999868112],[97.10641177168601,3.66917240927933],[97.06709092160881,3.626126334362855],[97.04685726824837,3.617693929331466],[97.03563194485844,3.600755346082373],[97.00032583476951,3.616759354760489],[96.96953522337189,3.618346070015143],[96.93993064418397,3.574691761115933],[96.90322735905546,3.602169106419172],[96.88204302696418,3.672996859917198],[96.85429037130368,3.700925389695019],[96.8102486749365,3.714986995853241],[96.80811666924895,3.723900573252891],[96.77306334599663,3.739093599390152],[96.67065097955916,3.746400136856852],[96.62000278070379,3.737047473562093],[96.61935006085663,3.762581134811537],[96.60636614018532,3.769476691995809],[96.61991838022918,3.79016974603703],[96.61176962227029,3.798190002566603],[96.61071512939975,3.81773596684145],[96.58469921479706,3.833768459746722],[96.60097576302113,3.879842664407484],[96.59610446464943,3.88666029173914],[96.60333195800354,3.908186083820752],[96.62128080366618,3.912727623281253],[96.61665658683202,3.928889260630907],[96.63189982571649,3.963437199067531],[96.67899839955659,3.98663843621485],[96.68611480775222,3.983437374035613],[96.6851083854437,3.989339534691826],[96.69910355688366,3.987804796654103],[96.70644147169659,4.005376706769614],[96.71749834757077,4.009645787623061],[96.71288208883736,4.021715401744451],[96.72775305515945,4.039664882328541],[96.71892471460396,4.078783084571768],[96.72918012995912,4.094131641262265]]]]}},{"type":"Feature","properties":{"kode":"11.13","nama":"Kabupaten Gayo Lues","lat":3.982693635869676,"lng":97.36008636251454},"geometry":{"type":"MultiPolygon","coordinates":[[[[96.80674519683349,4.282643997822277],[96.83771871324811,4.280830596754658],[96.88847648190416,4.220566908635991],[96.92998004864043,4.199645303587939],[96.97302017544078,4.200180827383381],[96.99918153200221,4.175863991130345],[97.00596610115466,4.177747379238216],[97.01510241274619,4.204505948590697],[97.10954475878367,4.236469721100743],[97.16213108388244,4.279069665732592],[97.21589645435792,4.235718267384158],[97.2406686137656,4.17445054016039],[97.35888457136592,4.214264946270351],[97.42455863757111,4.174261778758147],[97.49803552941621,4.155656114138417],[97.51876256793818,4.184414558085447],[97.56249309258222,4.198096932727346],[97.60254950805344,4.250579821401711],[97.61853663016146,4.24550660184828],[97.63051420766462,4.225366236063021],[97.64632556537262,4.219928827053753],[97.68698764996013,4.246871599145074],[97.73290018799334,4.249226824658269],[97.74103083360612,4.217959525811498],[97.72827293684664,4.19944739068454],[97.73867925484382,4.145758595682668],[97.75549855111733,4.118235616080867],[97.79979438420355,4.093254802267342],[97.81339929394234,4.039924068740874],[97.81185887578656,4.008081870182178],[97.84110231691848,4.000821072234761],[97.87016227656788,3.949691237860375],[97.86875157032877,3.938169388206724],[97.89558589407378,3.923963850051692],[97.90238000773122,3.885469089327053],[97.92191634386424,3.84469408136685],[97.90870297196467,3.818429463748817],[97.82584605225357,3.750749958843546],[97.63598387265772,3.733718997234025],[97.62490265483368,3.722852636440098],[97.5741180549044,3.711641000731646],[97.55589572810545,3.714141663706915],[97.3513760425704,3.675928647988801],[97.29345629167462,3.673233836672306],[97.25081792980369,3.692311389059387],[97.20648681271632,3.691288290622129],[97.14894038029438,3.749399791367324],[97.11158888182153,3.832867553994411],[97.1081837230005,3.854278884862715],[97.1151118221529,3.866346915277962],[97.10869096491616,3.887498711696246],[97.11948114234096,3.915998292087618],[97.10898522938486,3.940404420227871],[97.04614445840006,3.958377117709876],[96.98392631504748,3.937235604139854],[96.83826541561646,3.954430658747942],[96.79847826525979,3.999605286854568],[96.80378922239476,4.006848366359094],[96.7997877069372,4.034369468176479],[96.79068646980481,4.051577012569151],[96.75175464036447,4.086149384686365],[96.74644948655461,4.083591773041938],[96.74453029193947,4.092653679224],[96.71648901505604,4.096463346806022],[96.74898759999776,4.160402648663396],[96.79356146838713,4.203107418272833],[96.78977737932263,4.244403419682129],[96.79931279744777,4.264787837188976],[96.79366468897432,4.280400222592217],[96.80674519683349,4.282643997822277]]]]}},{"type":"Feature","properties":{"kode":"11.14","nama":"Kabupaten Aceh Jaya","lat":4.832424749559064,"lng":95.67808932277411},"geometry":{"type":"MultiPolygon","coordinates":[[[[95.58276131088587,4.610592664619805],[95.58190829223398,4.610619680254068],[95.58178349691093,4.611036203058315],[95.58265128243082,4.611138259023505],[95.58276131088587,4.610592664619805]]],[[[95.56846478202414,4.611267143563879],[95.56859354875333,4.610915272122117],[95.568139901935,4.610408059884129],[95.56767942296706,4.611182571318672],[95.56846478202414,4.611267143563879]]],[[[95.5856745342524,4.61137601189343],[95.58548528631695,4.611101714172804],[95.58454178057879,4.611608617044126],[95.58479290636758,4.611819446010678],[95.5856745342524,4.61137601189343]]],[[[95.58221645392624,4.612953884114489],[95.58264044200288,4.612110636596633],[95.58124750187075,4.611761807561464],[95.58131706622973,4.612547781754749],[95.58221645392624,4.612953884114489]]],[[[95.58268560775464,4.613680085767346],[95.58237931755149,4.613989665690553],[95.5826597000852,4.614621297335052],[95.58284470142186,4.614181658356852],[95.58268560775464,4.613680085767346]]],[[[95.57525630833204,4.615044706248227],[95.57394821383906,4.614437303239004],[95.57284281034747,4.616115169279688],[95.5735549016375,4.616389966124078],[95.57525630833204,4.615044706248227]]],[[[95.5759095300008,4.616729364868299],[95.57524250104065,4.616791090736271],[95.5754624212538,4.617507656153496],[95.57589745570307,4.617081394590738],[95.5759095300008,4.616729364868299]]],[[[95.57304302821322,4.617985885040564],[95.57374511904207,4.617256856818507],[95.57243726466812,4.618039946886054],[95.57232088070414,4.618807950826319],[95.57304302821322,4.617985885040564]]],[[[95.57150043369816,4.619191507182329],[95.5714077387762,4.619370372444752],[95.57181654809531,4.619758901152448],[95.57182130191158,4.619584774417817],[95.57150043369816,4.619191507182329]]],[[[95.52145557561437,4.634946848818021],[95.52129347731221,4.635204254572688],[95.5217186470979,4.635743650848866],[95.52172173986644,4.635406465336111],[95.52145557561437,4.634946848818021]]],[[[95.52091855624646,4.636177940659469],[95.52071603161961,4.635519618035943],[95.52020623203201,4.635577873420193],[95.52052672073167,4.636167861957329],[95.52091855624646,4.636177940659469]]],[[[95.52116630598026,4.638645222599024],[95.52039933536106,4.636288341433858],[95.51799161372212,4.637778355286958],[95.51864764217501,4.639093411431826],[95.52116630598026,4.638645222599024]]],[[[95.56445298281893,4.640201021859735],[95.56277760610168,4.643131354828189],[95.56396510060902,4.644475094849753],[95.56558434434207,4.642532662652265],[95.56445298281893,4.640201021859735]]],[[[95.58255651097426,4.646656433747442],[95.58226719457542,4.646948437320585],[95.58277226642706,4.647148617414775],[95.58293258676947,4.646792309617464],[95.58255651097426,4.646656433747442]]],[[[95.55841082110256,4.647613358269908],[95.55729668699261,4.646046437093453],[95.5586881243575,4.641638543184289],[95.55507794259303,4.644901343822049],[95.55841082110256,4.647613358269908]]],[[[95.57261977937938,4.650433862432845],[95.57178552238398,4.651297350991989],[95.57169282836139,4.651560305563706],[95.57253064937005,4.651251156415825],[95.57261977937938,4.650433862432845]]],[[[95.56162469232575,4.652009016003355],[95.56145430497229,4.652816063110897],[95.5618809091767,4.653346798915624],[95.56188058002479,4.652386138609476],[95.56162469232575,4.652009016003355]]],[[[95.54021986355596,4.653527186730354],[95.53905400044182,4.653438901184458],[95.53970920241787,4.654674932102431],[95.5400442511414,4.654532158432389],[95.54021986355596,4.653527186730354]]],[[[95.53232287889776,4.669809941175917],[95.53184585780012,4.669975229373357],[95.5318282535711,4.670648201952975],[95.53270732558273,4.670546026378041],[95.53232287889776,4.669809941175917]]],[[[95.51021597638623,4.68510239905655],[95.50993789072108,4.685443514606579],[95.51021241057433,4.685749096143898],[95.51047267167651,4.685404428271788],[95.51021597638623,4.68510239905655]]],[[[95.52013394542526,4.685562753018701],[95.51986824702207,4.685909017187416],[95.52016333526977,4.686315433410581],[95.52029685941262,4.686064340896689],[95.52013394542526,4.685562753018701]]],[[[95.50680939483775,4.686838614910215],[95.50665727990953,4.686724910026573],[95.50630076167087,4.686791237725551],[95.50678562665539,4.687189204817987],[95.50680939483775,4.686838614910215]]],[[[95.50881362934561,4.687037362384427],[95.50876728188463,4.686547010636065],[95.50812554635698,4.686898784051706],[95.50857119640362,4.687211471132557],[95.50881362934561,4.687037362384427]]],[[[95.50632627094068,4.688271159386591],[95.50674815190578,4.687533855603053],[95.5055656962999,4.687782584698596],[95.50566076723068,4.688049079901212],[95.50632627094068,4.688271159386591]]],[[[95.51065683574441,4.687453094684567],[95.50980118927349,4.686785079168065],[95.5091558888333,4.688288113405758],[95.50969066798999,4.688568820594629],[95.51065683574441,4.687453094684567]]],[[[95.50792011062465,4.705061873406823],[95.50777453196912,4.704585152682682],[95.50712982598078,4.705129974568688],[95.50778344514988,4.705674795555414],[95.50792011062465,4.705061873406823]]],[[[95.5022036311927,4.72067158332694],[95.50200732627708,4.720897632419895],[95.50209358115393,4.721138551802738],[95.50242373127024,4.72082624783312],[95.5022036311927,4.72067158332694]]],[[[95.50374071106496,4.720422304745608],[95.50331288827924,4.720983693942337],[95.5040401880044,4.721786694100704],[95.50374784178952,4.72110449987284],[95.50374071106496,4.720422304745608]]],[[[95.4815039896175,4.721620607305187],[95.48230259388963,4.721336358586136],[95.48151825106649,4.720476508684012],[95.4805913000485,4.722103828329093],[95.4815039896175,4.721620607305187]]],[[[95.48422779957339,4.722793128100399],[95.4835575429463,4.723567700688868],[95.48554692155321,4.723475321428982],[95.48516901204037,4.723048949249641],[95.48422779957339,4.722793128100399]]],[[[95.48799264674332,4.721705881021631],[95.48700865262727,4.723667188190216],[95.48788569127173,4.724384911034839],[95.48875559829227,4.723148436750989],[95.48799264674332,4.721705881021631]]],[[[95.50379894216749,4.722519816036751],[95.50219222868843,4.722330318089728],[95.50243941544669,4.724329521790004],[95.50371337797007,4.723855777821949],[95.50379894216749,4.722519816036751]]],[[[95.49596736789972,4.737164664018078],[95.49580812314643,4.737167031933009],[95.4957154273252,4.737233355135317],[95.49605768591351,4.737396793427283],[95.49596736789972,4.737164664018078]]],[[[95.44631110057692,4.774716546731316],[95.45084438875759,4.774513827850878],[95.451700368877,4.76986899855547],[95.44362163033396,4.774568300686543],[95.44631110057692,4.774716546731316]]],[[[95.44824390103527,4.787639754171401],[95.44816404033828,4.787516118074485],[95.44755367855947,4.787734968094369],[95.44791019859687,4.787790390614099],[95.44824390103527,4.787639754171401]]],[[[95.43766157312318,4.807564957157084],[95.43756715959685,4.807562424666244],[95.43736606399277,4.807726720012194],[95.43758642937027,4.807751758936551],[95.43766157312318,4.807564957157084]]],[[[95.4274551384439,4.808861677924114],[95.42734092364476,4.808950907758213],[95.42748012340901,4.809107951870505],[95.42753723035894,4.809029430264044],[95.4274551384439,4.808861677924114]]],[[[95.36401974741345,4.875983255123217],[95.36339702715117,4.876205865208515],[95.3632021296746,4.877067887872787],[95.36405302232917,4.876527940312258],[95.36401974741345,4.875983255123217]]],[[[95.37110121065237,4.877005538774636],[95.38923335883253,4.87545396093163],[95.38166945967787,4.858796639753148],[95.36866834306969,4.867082455291193],[95.36488051372484,4.875707246892013],[95.37110121065237,4.877005538774636]]],[[[95.39725623778519,4.898177614005682],[95.39714215158914,4.898272337798137],[95.39727905538419,4.898331068024419],[95.3973227876166,4.898230661415969],[95.39725623778519,4.898177614005682]]],[[[95.37741271122769,4.92064371473575],[95.37679660098239,4.920748529820894],[95.37705480533504,4.921344188583475],[95.37771948796407,4.92114222693225],[95.37741271122769,4.92064371473575]]],[[[95.37627252375802,4.9207383036298],[95.37591717373864,4.921098767194398],[95.37621883782916,4.921502689597478],[95.37638500916087,4.921126888095472],[95.37627252375802,4.9207383036298]]],[[[95.35045772184644,5.013449865718766],[95.34958633634038,5.01385837466437],[95.34962358266232,5.014270790264796],[95.35024951620225,5.01424701488784],[95.35045772184644,5.013449865718766]]],[[[95.30650496033572,5.081704087773463],[95.30704398429248,5.081046240891339],[95.30657333669016,5.080830644618594],[95.3057031778594,5.081888002729261],[95.30650496033572,5.081704087773463]]],[[[95.29655376044778,5.115858058402733],[95.29340747597429,5.111987463550637],[95.28327340704219,5.108110926877817],[95.28800026260213,5.120415151637946],[95.29655376044778,5.115858058402733]]],[[[95.29058607428797,5.129279058581758],[95.29310547913467,5.12773144764822],[95.29338772416415,5.126044754761704],[95.28780819169477,5.126817084440937],[95.29058607428797,5.129279058581758]]],[[[95.38994826230255,5.230684886698199],[95.4014806574065,5.212527704090263],[95.42092372844732,5.22502920323522],[95.45425936008144,5.218695537968742],[95.46307766060563,5.210323331756438],[95.49866385555254,5.220197029869066],[95.53365851243042,5.217019562303026],[95.54543919776079,5.205806910360632],[95.58776872614582,5.20859590137983],[95.59712178244443,5.192191415601343],[95.6142539852333,5.190400824938223],[95.62217654391245,5.164761359349356],[95.64359448839494,5.144535340333722],[95.631794359722,5.126781999189966],[95.6406470332341,5.108940614417822],[95.63010413429836,5.091680847293322],[95.6390299487732,5.073678300413253],[95.70546211918153,5.051980244093034],[95.73355331023713,5.052958850370736],[95.74300445738984,5.060595126963573],[95.76211268924922,5.0554636403348],[95.7835254203619,5.008782491318996],[95.84692078796404,4.95440884369318],[95.85620104684095,4.928406391941497],[95.8814126419799,4.915866436886617],[95.90132321839185,4.868112348106401],[95.95199560811093,4.834729030820139],[95.99211501389681,4.78602851620311],[95.99448496760725,4.755600784848401],[96.04277202970547,4.659900161363439],[96.02590691657099,4.613365947180736],[96.04192220364679,4.585450855073002],[96.034604359004,4.572864738716763],[96.0174449966893,4.571071113740931],[96.01333557877402,4.551160316995094],[95.95749060790531,4.510065459753253],[95.92589712405314,4.442406135634712],[95.88725784767163,4.395610639619395],[95.87630717723445,4.36978426972836],[95.8103689162925,4.428072569093832],[95.7382300690625,4.508672239032684],[95.6099886518548,4.619249529642143],[95.58733088311385,4.631917888100045],[95.58030586402448,4.623279100350274],[95.56703383384436,4.626797923585379],[95.57257133469938,4.640750663212611],[95.58212860095422,4.640331562951271],[95.58597055509713,4.649885707659362],[95.58358967462382,4.656137736967047],[95.56218125126381,4.667276098613126],[95.55622280204072,4.654555147801908],[95.54097511421024,4.655769140833254],[95.53278617993831,4.68464686905785],[95.51174409631311,4.705418746877776],[95.50583768006493,4.707030262736488],[95.51356621810655,4.718134166858356],[95.49458633928818,4.748644893946729],[95.4533720170051,4.78222939676931],[95.44569184540241,4.807766816285607],[95.42868091709074,4.811095618168281],[95.42720886359822,4.809054414329793],[95.42369810908055,4.81796724888952],[95.41254566944716,4.819879783125568],[95.42450831280838,4.828413986016699],[95.42480439300839,4.841603434151253],[95.39778623704521,4.87016683762953],[95.40067584061764,4.89501903579994],[95.3668931919673,4.948102042075607],[95.37495688305373,4.948374208403038],[95.38144975440274,4.962657945307946],[95.3692416950482,4.995785596128432],[95.3558328132338,5.003674864603379],[95.35503416219686,5.012402702322948],[95.36639026140149,5.013669026904143],[95.36731804609101,5.032467670746431],[95.34825007418168,5.048118545334667],[95.33316318783089,5.050253049338792],[95.31795227867482,5.078312849558419],[95.30712427576479,5.081057371800334],[95.31708269990672,5.080688888081774],[95.32059922537398,5.091546403143997],[95.30385740569477,5.109821371758926],[95.31117305239448,5.117216308086213],[95.3015925152824,5.13891171680234],[95.30792779393262,5.147351263350174],[95.30598193981469,5.168126483950108],[95.33209043512555,5.178952451694329],[95.32532989495876,5.224781591996951],[95.34876222639573,5.233644077112508],[95.34783352529705,5.245217456120809],[95.36637600624782,5.254202966693565],[95.38994826230255,5.230684886698199]]]]}},{"type":"Feature","properties":{"kode":"11.15","nama":"Kabupaten Nagan Raya","lat":4.1642396412601475,"lng":96.50768629466448},"geometry":{"type":"MultiPolygon","coordinates":[[[[96.51371599999342,4.624602000382104],[96.57600600007689,4.575553000270837],[96.63928700089446,4.561204999611078],[96.65276600105021,4.550047000368828],[96.65565855889545,4.529737676252775],[96.61856573242271,4.530637986653762],[96.60557441572678,4.51383245900081],[96.60662359720128,4.502715222429664],[96.6116983294144,4.499383735171335],[96.62201624495378,4.514185521144952],[96.65944658878912,4.502307759395684],[96.68872688144049,4.469782496065399],[96.65473298114226,4.449387189567155],[96.62784400020051,4.406300001244134],[96.68392900012336,4.394170000345298],[96.6717972977072,4.381874659987627],[96.67622955065329,4.366799383884445],[96.71894299961977,4.354000999646445],[96.71603300032278,4.328955001172407],[96.75849199960616,4.295335000310029],[96.79084599964322,4.282666999782258],[96.79926445529047,4.266061891443162],[96.78977737932263,4.244403419682129],[96.79356146838713,4.203107418272833],[96.74898759999776,4.160402648663396],[96.71650357238205,4.100746576693236],[96.72386692541833,4.09413768020983],[96.71892471460396,4.078783084571768],[96.72766775716137,4.057487742865117],[96.72724367105869,4.037679764709456],[96.71288208883736,4.021715401744451],[96.71749834757077,4.009645787623061],[96.70644147169659,4.005376706769614],[96.69910355688366,3.987804796654103],[96.6851083854437,3.989339534691826],[96.68611480775222,3.983437374035613],[96.67899839955659,3.98663843621485],[96.63189982571649,3.963437199067531],[96.61665658683202,3.928889260630907],[96.62128080366618,3.912727623281253],[96.60319416208095,3.90802404217585],[96.59576554704248,3.8832896237172],[96.60097576302113,3.879842664407484],[96.58444315802545,3.83792322327816],[96.61067759979144,3.817827546604068],[96.61176962227029,3.798190002566603],[96.61989417227834,3.790328517746943],[96.60635374033288,3.772879040435416],[96.6174843453263,3.765866306085218],[96.61480955741523,3.750480953633172],[96.62458873138495,3.742936453754385],[96.61296273933898,3.735390324304099],[96.52904310695394,3.73262068579605],[96.45847988004249,3.781081851246459],[96.38306058567748,3.84968351108521],[96.28688391685932,3.995174061833517],[96.18968095880926,4.106927021764694],[96.20017250285879,4.115484616921638],[96.21486242576036,4.110680791085674],[96.23549347244588,4.121376615238702],[96.24334104025684,4.129489366141414],[96.23425111389784,4.132910442962622],[96.23837085243295,4.143926604729064],[96.25707803342453,4.136483117601863],[96.25822700007603,4.147081000188034],[96.2679497343928,4.143917106988958],[96.27566331491015,4.153153504130923],[96.27127815766092,4.168861428112457],[96.27911456488538,4.184021973435414],[96.26800758238409,4.198827907981627],[96.27347735799368,4.207278746417064],[96.25201124042647,4.244264585042611],[96.25849062284401,4.247951337784105],[96.25883206035134,4.273897188904229],[96.2732991834106,4.286254523127852],[96.27868696782939,4.30765870168781],[96.31126916903693,4.337605561947132],[96.30488678299868,4.349962450107036],[96.32071692124896,4.357354320645456],[96.32018426988826,4.367658104238203],[96.34106985708831,4.376954630951534],[96.33230005610282,4.390777080397989],[96.36400622141001,4.392710280155331],[96.37209382457043,4.417923819628665],[96.4376627708203,4.425051900125187],[96.48220628079521,4.46110073421162],[96.48413364485192,4.500076305776911],[96.45925282935461,4.501138613756005],[96.44333423468728,4.527836165906351],[96.47283657714635,4.545343051440764],[96.49222918363002,4.547722511884466],[96.49006965688922,4.624764871201869],[96.50284699968928,4.63221900000692],[96.51371599999342,4.624602000382104]]]]}},{"type":"Feature","properties":{"kode":"11.16","nama":"Kabupaten Aceh Tamiang","lat":4.224494150590506,"lng":97.9829931171858},"geometry":{"type":"MultiPolygon","coordinates":[[[[98.28635936709112,4.325686969178321],[98.28578810423767,4.32548795190748],[98.2810933787565,4.325391025675373],[98.28615216239248,4.326869228731955],[98.28635936709112,4.325686969178321]]],[[[98.28492856100436,4.401742545582032],[98.28710207939754,4.389759877916099],[98.28684866663272,4.389049608652517],[98.28201457771068,4.39070502761496],[98.28492856100436,4.401742545582032]]],[[[98.2829438561741,4.406119100815896],[98.28250432961123,4.407833382204917],[98.28339900665887,4.410731565309533],[98.28377502219953,4.41108912676189],[98.2829438561741,4.406119100815896]]],[[[98.2832709126226,4.410857477590579],[98.28321737508189,4.411024040127408],[98.28344342417476,4.41127685844036],[98.28342855208614,4.411027015084667],[98.2832709126226,4.410857477590579]]],[[[98.25283979532037,4.439053912707912],[98.25495323180628,4.430776244128442],[98.2498345353356,4.429317158859835],[98.24902076039989,4.438996805758077],[98.25283979532037,4.439053912707912]]],[[[98.25070850369461,4.444321149301643],[98.27666881771184,4.42278142582213],[98.26513570674754,4.410663319356733],[98.25974860671286,4.412195692177455],[98.26238505022997,4.419857556281247],[98.26228035385529,4.422103766875395],[98.25070850369461,4.444321149301643]]],[[[98.11884360015212,4.52317205064967],[98.1691216578383,4.502389291932317],[98.18654956580983,4.478465525963337],[98.20236390207248,4.480077604797671],[98.23417559472794,4.463578834096026],[98.23406857720315,4.44513131885531],[98.24644853567148,4.442526197825835],[98.24916377958483,4.429339273188958],[98.26082908819191,4.424241278212481],[98.25929433576508,4.410882785412284],[98.2651628950516,4.409884743885883],[98.27932053081791,4.42025250434963],[98.28734661585369,4.417369348017019],[98.28090675774078,4.398594968782831],[98.27345089684154,4.395811293656337],[98.27986355405983,4.387629391183555],[98.27990907864118,4.330687125110821],[98.25459042640713,4.290293182384563],[98.243867818645,4.293988733193576],[98.23785800734127,4.283631171941082],[98.22843173273836,4.292477374831027],[98.21460880125527,4.28731742106223],[98.2114381343625,4.29868286332351],[98.19879227784135,4.302546688079211],[98.19838824662034,4.295318468972219],[98.15474055583208,4.28912982208367],[98.15191727726062,4.266272386761315],[98.14377103200759,4.259765326808406],[98.07202375589169,4.250395903748071],[98.07513990318408,4.23609949989212],[98.0917766092032,4.228460539722189],[98.09474849534686,4.208589680069718],[98.08756160368516,4.189798332427163],[98.06199409914844,4.18513265055147],[98.07481767969219,4.145171247555112],[98.05695386762696,4.133853615052296],[98.04023601488026,4.041164307586808],[98.05386023486197,4.014987149937021],[98.08732907677552,3.999478706377268],[98.09573484928397,3.98407480720666],[98.09370668381649,3.968336147095574],[98.0807005552865,3.961925169810797],[98.07760032329635,3.949372376933734],[98.07434521995596,3.957367366111097],[98.05442199278082,3.943818715261592],[98.04119321279657,3.953375626284149],[98.01307577862431,3.952003824716787],[98.00780307415262,3.901830984112674],[97.96192127944356,3.898437663067721],[97.95006814562846,3.888780538790847],[97.91327870005203,3.914114573928472],[97.90045822756521,3.910644395922191],[97.88977034982184,3.929260356880015],[97.8755405398641,3.92942216020462],[97.84110231691848,4.000821072234761],[97.81263563372754,4.006658927767347],[97.81339929394234,4.039924068740874],[97.79979438420355,4.093254802267342],[97.75549855111733,4.118235616080867],[97.73867925484382,4.145758595682668],[97.72827293684664,4.19944739068454],[97.74103083360612,4.217959525811498],[97.73255432492218,4.250764086193669],[97.74971922436275,4.294870451010556],[97.77238707810125,4.320526806766821],[97.76174316281671,4.335955945410607],[97.78491989883437,4.356499391833534],[97.83840280394631,4.369831690080538],[97.85799162631263,4.386960122911375],[97.90751393871734,4.390262829166257],[97.93206981836745,4.359903876163006],[97.96385859000193,4.369849198981445],[97.97078648590768,4.384709888750415],[98.00064400841434,4.399773958401475],[98.00239479778169,4.408521738587389],[98.0206038092185,4.416603191284295],[98.0258200542522,4.408266960651751],[98.03825242430999,4.416621163336053],[98.0458667943172,4.463690919300522],[98.0666349903126,4.492588786943074],[98.06196128468555,4.510930577883897],[98.08427063718025,4.507341415973642],[98.09125462110397,4.510600811778097],[98.0874718126741,4.521965316046494],[98.11884360015212,4.52317205064967]]]]}},{"type":"Feature","properties":{"kode":"11.17","nama":"Kabupaten Bener Meriah","lat":4.770053737511645,"lng":97.00411795379742},"geometry":{"type":"MultiPolygon","coordinates":[[[[96.70167903086264,4.970343321287295],[96.74600863888762,4.965979709096334],[96.77870857214292,4.951526102847414],[96.8443848389892,4.898127940851825],[96.84618979542276,4.882127789366052],[96.91257094279482,4.87411499091419],[96.95535184810936,4.858823157163016],[97.00140228188984,4.864968991825535],[97.0105239138476,4.903715959324128],[97.02239848390295,4.912740475292775],[97.04646329684371,4.905392115753603],[97.07960551398328,4.909771607273882],[97.1012785952311,4.898504325114605],[97.1387093617477,4.911912770757819],[97.24266988320856,4.873529395565178],[97.28208010161549,4.816314462242687],[97.25215871375369,4.758029733185708],[97.27330094138541,4.756731576201311],[97.2954299276491,4.741598203894103],[97.31961600067797,4.736668000827681],[97.32869200013573,4.711669000024376],[97.30149200035558,4.662163000422236],[97.2585630000825,4.661190999664932],[97.26120600055654,4.617715000247124],[97.27565499957868,4.628500001174206],[97.29127200030267,4.626322999706666],[97.30448000055165,4.621608000808596],[97.31248666742586,4.60461888915049],[97.23224961133049,4.604173367706753],[97.16962487818567,4.578143804093337],[97.14747533341998,4.579131540288394],[97.05079926657294,4.603245722412218],[97.02070106120507,4.643892564390416],[96.9198018310897,4.65389217838139],[96.87957724239592,4.661495169266704],[96.87027075119424,4.670245434279451],[96.82421612927105,4.668046761848665],[96.82197197542634,4.686859543932908],[96.80907332037748,4.672833747879256],[96.80329777527211,4.694338638817118],[96.79895215581743,4.689860940430112],[96.78742855788173,4.713176184633227],[96.74684478625798,4.712551570398759],[96.71063796377105,4.752606609907172],[96.70224961562731,4.744600726342462],[96.68361815935069,4.755689275439789],[96.68579799997771,4.767616999924694],[96.70151100063228,4.778988398395899],[96.69968017070337,4.801300064846114],[96.70840803360396,4.818291796229456],[96.69114028589553,4.837704629365213],[96.6895365293874,4.900336800802773],[96.67162900037815,4.938248000444933],[96.6758299998547,4.949447999825395],[96.61645717296021,4.9556151520177],[96.59843275456807,4.938542520321153],[96.5864759639946,4.939791737098997],[96.57314242108598,4.947682942713726],[96.62769667236357,4.968460125634365],[96.66624256044584,4.960341287220714],[96.68200166934163,4.972032473819631],[96.70167903086264,4.970343321287295]]]]}},{"type":"Feature","properties":{"kode":"11.18","nama":"Kabupaten Pidie Jaya","lat":5.124744338937388,"lng":96.21333121948349},"geometry":{"type":"MultiPolygon","coordinates":[[[[96.07053162633352,5.293300902714492],[96.14186635195067,5.277875376647433],[96.18727620763089,5.259266299100517],[96.26176078443272,5.265547954774362],[96.3057824897701,5.238286231824162],[96.34326619667772,5.226492088139455],[96.33498916122086,5.150540851079487],[96.34818993811521,5.126048584074926],[96.34580107166221,5.11042769917902],[96.35522755940441,5.092090966025275],[96.34793450907037,5.07975488907697],[96.36430442221139,5.037228744610921],[96.34695484069337,5.01690816458018],[96.34656880490648,4.99388165671315],[96.32713829559597,4.96794656238395],[96.33552828140509,4.949290997081878],[96.34648749989825,4.943876667374369],[96.32538986335156,4.917241380685166],[96.28881050390167,4.909647606052236],[96.26353791674151,4.913750603707467],[96.24799002531954,4.936696547607621],[96.21157433169009,4.95917619392625],[96.1899970839983,4.997433035406317],[96.20672232287696,5.04012513716534],[96.19302217313482,5.076894384868002],[96.18363688063762,5.06828283128764],[96.16679738019502,5.068386085149811],[96.14887075318276,5.078814144257414],[96.12641734008817,5.077939722640078],[96.1120653482373,5.091501998218661],[96.08981132473288,5.091669083261618],[96.05763626819932,5.108512807819853],[96.043819298322,5.12997641358066],[96.02025991066643,5.145887159864614],[96.03392679988195,5.173865016557343],[96.04324403078742,5.172248197396389],[96.05223592474813,5.182682953755368],[96.04761661731308,5.197794444657887],[96.056495093274,5.202221130800599],[96.03670313474193,5.237031432055005],[96.05538676069051,5.255185860039479],[96.04495887964865,5.266226620961877],[96.05436418565866,5.288325567171203],[96.06414376162539,5.297132287125383],[96.07053162633352,5.293300902714492]]]]}},{"type":"Feature","properties":{"kode":"11.71","nama":"Kota Banda Aceh","lat":5.558704403882444,"lng":95.32771345826497},"geometry":{"type":"MultiPolygon","coordinates":[[[[95.30413859581965,5.569326828070697],[95.30333148306151,5.567379476581568],[95.2989888961207,5.566915554109574],[95.29896605334078,5.567275327894116],[95.30413859581965,5.569326828070697]]],[[[95.29736759563814,5.569053051057459],[95.29801618310044,5.570074615251318],[95.2980850936522,5.566246766075466],[95.2974869455662,5.565443475436126],[95.28244970808763,5.558163798920223],[95.29736759563814,5.569053051057459]]],[[[95.37528914387897,5.610809126739834],[95.35032425615958,5.594669251185035],[95.35475925923247,5.583601390991454],[95.36876064768582,5.589131810584668],[95.37762597555833,5.569083583940348],[95.36804586922158,5.562193507224599],[95.35762572594659,5.571267474214569],[95.3528794666141,5.560882612242878],[95.36058463037641,5.544687040774331],[95.35269219898585,5.533449224002517],[95.31296270956148,5.51636685624548],[95.28010651100672,5.536009369037153],[95.28344802480652,5.546015847553342],[95.27299265328836,5.549389159582162],[95.29802104123816,5.564274695820547],[95.30800334327975,5.561161433553362],[95.31176474065039,5.580837044993746],[95.3047421128583,5.574245188864445],[95.29883700602305,5.570008140963022],[95.29856225324546,5.570283653667762],[95.31278498733734,5.584957490395958],[95.31575931334167,5.582738641675022],[95.3115071055685,5.589330595830443],[95.31131692683476,5.590354019822218],[95.31169519157989,5.591920062361066],[95.31553565104953,5.595982344109917],[95.31140948505976,5.590456021827993],[95.31568061187083,5.58318062698444],[95.3139747373443,5.588555837082264],[95.31548271425591,5.586083553113518],[95.32467555003669,5.587258484091805],[95.31729766755333,5.59522787676514],[95.32275718369714,5.590139935309789],[95.34678709125131,5.605961464350194],[95.37528914387897,5.610809126739834]]]]}},{"type":"Feature","properties":{"kode":"11.72","nama":"Kota Sabang","lat":5.837760674847382,"lng":95.30571981820142},"geometry":{"type":"MultiPolygon","coordinates":[[[[95.30977889368113,5.877554664616124],[95.31390932785324,5.874918223797042],[95.31325088472059,5.873275919648012],[95.30773416629877,5.875228685055877],[95.30977889368113,5.877554664616124]]],[[[95.25909196642118,5.874866055024452],[95.25835341527792,5.87978577289514],[95.25441255459579,5.888053653253532],[95.25999735799171,5.882842728609127],[95.25909196642118,5.874866055024452]]],[[[95.2541263669384,5.893007922177883],[95.25342955962654,5.89413814515931],[95.25325364144251,5.896702263398733],[95.25419174225519,5.89620481869748],[95.2541263669384,5.893007922177883]]],[[[95.21784586479487,5.907045984984304],[95.2359567772835,5.89798078008894],[95.24771335898438,5.876905704834478],[95.25096637589755,5.882697675157655],[95.2579119974408,5.871895382965619],[95.26804863573602,5.870204531613886],[95.26359084474173,5.856547929743193],[95.29258480224694,5.838481089430768],[95.30435669400627,5.841042982747545],[95.3019636412091,5.872783357366117],[95.31346264358623,5.866971816895926],[95.32404384914439,5.882275127794955],[95.31082890792787,5.894455721854118],[95.33667320670324,5.898064427831095],[95.35142879720124,5.881884027026295],[95.35729701744341,5.860409840741653],[95.37422974430726,5.84707346496851],[95.37503001322462,5.805242714979396],[95.34584233725415,5.827211387195796],[95.34626272534453,5.793594899984654],[95.34345662472352,5.794136003174021],[95.34190943916936,5.786215002120731],[95.33757185785504,5.779453791059662],[95.33313823164409,5.77477748009667],[95.28495879231441,5.780497390442218],[95.25749324701579,5.825672736207842],[95.25705231661117,5.843676678835696],[95.23948111426203,5.851116753935081],[95.22005281458578,5.875202848432725],[95.21784586479487,5.907045984984304]]],[[[95.11693187320743,6.055831988055814],[95.1168978482572,6.055300475236812],[95.11642147916795,6.055139564939015],[95.11638388480851,6.055486072824067],[95.11693187320743,6.055831988055814]]],[[[95.11048378180111,6.058683638439199],[95.1115250690268,6.058448108693359],[95.11143416285638,6.057960522360272],[95.1102978379749,6.058113408906806],[95.11048378180111,6.058683638439199]]],[[[95.11254156284294,6.058881977621255],[95.11247545008199,6.057968786230571],[95.11185563642852,6.057848955165145],[95.11164489919285,6.058559674989027],[95.11254156284294,6.058881977621255]]],[[[95.11526031321293,6.059360996113149],[95.11510117907622,6.059353539833999],[95.11507709523178,6.05942643078523],[95.11524245987172,6.059476975382182],[95.11526031321293,6.059360996113149]]],[[[95.11533912530045,6.059771433205107],[95.11522312624635,6.059798202425192],[95.11517256276362,6.059982610209346],[95.11530938202239,6.059893381274527],[95.11533912530045,6.059771433205107]]],[[[95.11446838101106,6.060053656651053],[95.11470537485322,6.060003687620096],[95.1147531828132,6.059809505104607],[95.11425280182536,6.059923737890237],[95.11446838101106,6.060053656651053]]],[[[95.11442346706943,6.061950947378335],[95.11457337326259,6.061559718006592],[95.11449485075684,6.061487933221631],[95.11423430007297,6.061857625628985],[95.11442346706943,6.061950947378335]]],[[[95.11396839482563,6.062451649424116],[95.11377554870265,6.062551842893281],[95.11380267495359,6.062677478183097],[95.11396971323173,6.062680334429981],[95.11396839482563,6.062451649424116]]],[[[95.1142324061007,6.062694611167462],[95.11441943091206,6.062698893739004],[95.11436054780106,6.062444987246373],[95.11407393386501,6.06254756032174],[95.1142324061007,6.062694611167462]]],[[[95.11376270008866,6.062795975553858],[95.11369131640116,6.062898768063739],[95.11377269425451,6.062978717793598],[95.11384122169513,6.062851655279665],[95.11376270008866,6.062795975553858]]],[[[95.11682512907647,6.076791753136956],[95.1203379250553,6.073332190728053],[95.11450202644745,6.070644705288974],[95.1123443244311,6.075183312060272],[95.11682512907647,6.076791753136956]]]]}},{"type":"Feature","properties":{"kode":"11.73","nama":"Kota Lhokseumawe","lat":5.165266839235381,"lng":97.11119932282992},"geometry":{"type":"MultiPolygon","coordinates":[[[[97.04587306908691,5.241785029855283],[97.1034036131862,5.224968559251607],[97.09582817033382,5.219853988870526],[97.10088300144945,5.214384272616112],[97.11010358491261,5.210682708939917],[97.10738213028118,5.214933492187001],[97.10794522729046,5.219256883098765],[97.10906342813473,5.221669230850367],[97.14540136638,5.19673320597278],[97.15398399326679,5.175750016250301],[97.14108754785211,5.163352681980736],[97.14299307367146,5.155867835931915],[97.17876887268538,5.139649082639085],[97.17634677898067,5.08211552311295],[97.15639366643464,5.08577279158111],[97.15212863882569,5.080375563381633],[97.14650875557466,5.092035200863897],[97.13064286027985,5.090902729577373],[97.12199136421017,5.10519455768279],[97.10108061667718,5.113517281397527],[97.10867217628,5.12865660092141],[97.08450786414662,5.145080296218762],[97.08816265138533,5.170716451403145],[97.06549701087837,5.16206553000027],[97.0486309561538,5.199013839017507],[97.02684840313132,5.197017462785713],[97.026240055834,5.208926145924963],[97.03867084398438,5.215724192317705],[97.03664727764979,5.229101462962248],[97.04587306908691,5.241785029855283]]]]}},{"type":"Feature","properties":{"kode":"11.74","nama":"Kota Langsa","lat":4.481819463788533,"lng":97.98059606204667},"geometry":{"type":"MultiPolygon","coordinates":[[[[98.08440981805872,4.531274953976027],[98.08398540640144,4.531291276671134],[98.0843354252397,4.5320998166533],[98.08447319598127,4.531674369876292],[98.08440981805872,4.531274953976027]]],[[[98.0381940816916,4.535863257283545],[98.03785800234503,4.536504798557605],[98.03865371169952,4.537064306372706],[98.03882027423636,4.536445645650055],[98.0381940816916,4.535863257283545]]],[[[98.04730433542683,4.54512256285604],[98.04974901920197,4.538343789834109],[98.04149885278989,4.536762685449624],[98.04063784815821,4.541822906202174],[98.04730433542683,4.54512256285604]]],[[[98.06649154934559,4.550035430590714],[98.06858059711689,4.547969582630195],[98.0655241791976,4.546310504326389],[98.0648981017661,4.547245714718006],[98.06649154934559,4.550035430590714]]],[[[98.06495707480926,4.553219624186355],[98.06619820128596,4.55202418326952],[98.06461062538011,4.550052085135658],[98.06410665519799,4.551890576389027],[98.06495707480926,4.553219624186355]]],[[[97.98381727384819,4.534814040735501],[97.99520015126608,4.532393256443722],[97.99879946112628,4.521786138719385],[98.00177057115503,4.530698616248173],[98.03723187095412,4.546142782563422],[98.03740030318157,4.525817956833333],[98.0632233527756,4.546118583605828],[98.08237562083828,4.53828854807805],[98.07881057155076,4.515927567303478],[98.06196128468555,4.510930577883897],[98.0666349903126,4.492588786943074],[98.0458667943172,4.463690919300522],[98.03791777398608,4.416234224629822],[98.0258200542522,4.408266960651751],[98.0206038092185,4.416603191284295],[98.00109939811878,4.405035702835413],[97.98258164132974,4.410840936360149],[97.98254106301971,4.419336373075232],[97.96873221132257,4.424104227827929],[97.9659411473661,4.443389056859569],[97.91718334683402,4.419522110057382],[97.92756928259638,4.43574556500581],[97.91773626621577,4.450989883976074],[97.90554808457645,4.451644910584228],[97.9019297621489,4.443535025820843],[97.86779669266329,4.454820503963152],[97.8681897395649,4.472519473894664],[97.89082005560111,4.478256653921541],[97.89480926833309,4.504741818580115],[97.91679348443185,4.531397588228202],[97.93224147826166,4.535650501969112],[97.94327628297414,4.528641212022343],[97.95419027815889,4.536911058298742],[97.96666467623393,4.530846736387883],[97.9800091539993,4.543669863673315],[97.97619052737097,4.557402615638239],[97.98381727384819,4.534814040735501]]],[[[98.06350441879395,4.557498374550416],[98.05912897422286,4.555480382213982],[98.05604995094455,4.561038803098349],[98.05890403579266,4.561003406681973],[98.06350441879395,4.557498374550416]]]]}},{"type":"Feature","properties":{"kode":"11.75","nama":"Kota Subulussalam","lat":2.7307402024953786,"lng":97.93601600140278},"geometry":{"type":"MultiPolygon","coordinates":[[[[97.88190399966996,3.008567999813415],[97.90038899955282,3.007445000186614],[97.95494961713122,2.982759855582916],[97.95665195282541,2.960386293292871],[97.94197943540267,2.904614512849534],[97.94660006214319,2.89691346798222],[97.9930495242162,2.881835632408624],[98.03909366813836,2.847464651772324],[98.05534692661949,2.818849189238758],[98.09936447978697,2.822659179677455],[98.10495787080914,2.791449681157964],[98.11689972184473,2.785045277917252],[98.06936527808517,2.76416676658304],[98.07650135805132,2.750604875015059],[98.07284727857908,2.731003777802174],[98.10401915396089,2.681934638272951],[98.11025866830298,2.610756981949189],[98.10714558859812,2.604220694029832],[98.0848094417024,2.603409428202605],[98.07660000018987,2.574786110990265],[98.00663058213571,2.582756073833734],[97.9126946317519,2.570580451226887],[97.90406587234216,2.562228858375112],[97.85503111119691,2.564563610822043],[97.85525666656196,2.527438888993602],[97.86510194429937,2.527440278446155],[97.86497083303753,2.498810556262152],[97.79119555603015,2.500189443587983],[97.79553847302222,2.548424891795362],[97.82520948872697,2.636933528959259],[97.81343447901808,2.65306404886678],[97.81716415280346,2.667322381722601],[97.76652640317108,2.788066237366959],[97.7876308233039,2.799524274725606],[97.78462095879027,2.804946400655894],[97.85164715569177,2.83609852782487],[97.86022452514185,2.846035617349884],[97.8585776227591,2.881885765116031],[97.90571747727986,2.911777640825552],[97.90834582330113,2.944222611784152],[97.90038077525264,2.966308939605899],[97.81478499992785,2.983036389018178],[97.8299020000773,3.000553999867272],[97.88190399966996,3.008567999813415]]]]}}]}