{"type":"FeatureCollection","features":[{"type":"Feature","properties":{"kode":"12.01","nama":"Kabupaten Tapanuli Tengah","lat":1.8359799566790198,"lng":98.65371518893264},"geometry":{"type":"MultiPolygon","coordinates":[[[[98.58036745889113,1.560639367113145],[98.58003342370363,1.561001560074013],[98.58023177367748,1.561552562101129],[98.58045293585432,1.560945163588487],[98.58036745889113,1.560639367113145]]],[[[98.57239934325511,1.561769975004365],[98.57192161169307,1.56205362657362],[98.57187977343284,1.56250334425396],[98.57200911842614,1.562500611214299],[98.57239934325511,1.561769975004365]]],[[[98.57160397024712,1.562563196834097],[98.57143902289269,1.562663720354449],[98.57148347368347,1.562814551950018],[98.57163610212446,1.562731938428305],[98.57160397024712,1.562563196834097]]],[[[98.57805530370932,1.562730495915707],[98.57836057228268,1.559073543109532],[98.57227327359276,1.562519256858261],[98.57745903340775,1.563735876809266],[98.57805530370932,1.562730495915707]]],[[[98.5745263900809,1.564749051227851],[98.57432448059035,1.56487298140304],[98.57432788182635,1.564988683680843],[98.57459204688551,1.564950857296241],[98.5745263900809,1.564749051227851]]],[[[98.57272040482285,1.564660527361481],[98.57259994693003,1.564723171437274],[98.5724240071623,1.565030985991298],[98.57266423676518,1.56492704055051],[98.57272040482285,1.564660527361481]]],[[[98.57355188111448,1.564717169361904],[98.57314465460216,1.564876177593552],[98.573326645908,1.565137238193001],[98.573900850444,1.564976192996978],[98.57355188111448,1.564717169361904]]],[[[98.57745603506804,1.565226759407532],[98.57715456523103,1.565250445751529],[98.57706250792845,1.565346017604627],[98.57735865917482,1.56539357375449],[98.57745603506804,1.565226759407532]]],[[[98.57777457943341,1.565366345880223],[98.57759228055937,1.565379960716681],[98.57753385969993,1.565450606060656],[98.57771791944648,1.565488640188592],[98.57777457943341,1.565366345880223]]],[[[98.71794194676347,1.569504980970146],[98.71784975636123,1.569612090225833],[98.7179490855819,1.569766958878136],[98.71800904787935,1.56966630765398],[98.71794194676347,1.569504980970146]]],[[[98.61139180318925,1.576227934871286],[98.61091034123929,1.576508429820242],[98.61091429196108,1.576822325589886],[98.61136061560002,1.57671341139489],[98.61139180318925,1.576227934871286]]],[[[98.75936482182915,1.575806785055109],[98.76035823184696,1.575731082823248],[98.76110664675443,1.573420884566199],[98.75662155144354,1.575926608026565],[98.75936482182915,1.575806785055109]]],[[[98.6014702359627,1.577276652295742],[98.60120423628655,1.577545912913633],[98.60132141884843,1.578072915632609],[98.60155528664724,1.577434602924674],[98.6014702359627,1.577276652295742]]],[[[98.60800960855661,1.57775943085314],[98.60765250126204,1.578100507732325],[98.60803256824845,1.578340796690478],[98.6083324696678,1.578206614243902],[98.60800960855661,1.57775943085314]]],[[[98.60492456791447,1.577789123769088],[98.604782150376,1.577789096789425],[98.60408395271232,1.578570164281709],[98.60479307444093,1.578358346960249],[98.60492456791447,1.577789123769088]]],[[[98.59407812440597,1.578400275152633],[98.5901327356373,1.570277775598969],[98.57697913268086,1.566678632113236],[98.57831231286302,1.578477446876756],[98.59407812440597,1.578400275152633]]],[[[98.7189065074294,1.578966246395217],[98.71817789739211,1.575531438724928],[98.7136428861104,1.578018732378636],[98.71672837101754,1.579470435112482],[98.7189065074294,1.578966246395217]]],[[[98.60135111086518,1.578283210401851],[98.60025574290822,1.579133310753742],[98.60020854019209,1.579778309021782],[98.60128816281849,1.579232421439178],[98.60135111086518,1.578283210401851]]],[[[98.52035739757585,1.57933956666769],[98.53543103331563,1.575188970594541],[98.54095814969887,1.569055553770868],[98.53099919405764,1.569228118383068],[98.52035739757585,1.57933956666769]]],[[[98.61084930155407,1.581145195794173],[98.61125626816231,1.576991959311533],[98.60451097240347,1.579837943066684],[98.60830856658713,1.58268088261668],[98.61084930155407,1.581145195794173]]],[[[98.69916048716678,1.589324179067672],[98.6971043806627,1.585564004775028],[98.6941801972583,1.587538267577068],[98.69518293684318,1.58895740316167],[98.69916048716678,1.589324179067672]]],[[[98.5705204967236,1.612945317772249],[98.57278256956003,1.605513134223832],[98.58734301886531,1.593703809982935],[98.56924955232508,1.596474820856406],[98.56367560014891,1.611327899662937],[98.5705204967236,1.612945317772249]]],[[[98.58852663189857,1.619795392643317],[98.58842280157104,1.618563539975446],[98.5864099056927,1.618694454285682],[98.58735955559906,1.61971535927645],[98.58852663189857,1.619795392643317]]],[[[98.60233530013402,1.641796061838827],[98.60156711632945,1.641968080562537],[98.60159889117594,1.642364690578033],[98.60257938782851,1.6426391843509],[98.60233530013402,1.641796061838827]]],[[[98.60137837381299,1.644297768926981],[98.60117131840168,1.644517397759701],[98.6014166687443,1.644931854821261],[98.60155127657016,1.644441478791256],[98.60137837381299,1.644297768926981]]],[[[98.59895142017191,1.646470254898455],[98.59880550427069,1.644471803031353],[98.59509228627999,1.643823898154404],[98.59616652466545,1.647349575122822],[98.59895142017191,1.646470254898455]]],[[[98.51353661812047,1.654387986016756],[98.51271468093789,1.653464134961899],[98.51322388877148,1.655646719420576],[98.51378156286887,1.655032960003153],[98.51353661812047,1.654387986016756]]],[[[98.51408047773195,1.658085195175671],[98.51397397372003,1.658177740810116],[98.51397849011529,1.658274164321247],[98.51412181686842,1.65817777768231],[98.51408047773195,1.658085195175671]]],[[[98.58217620956445,1.661339978357399],[98.58209822395395,1.6614044129833],[98.58214829820545,1.661667139127163],[98.58223674023347,1.661515838085512],[98.58217620956445,1.661339978357399]]],[[[98.58139201512947,1.66271014136001],[98.58106196843514,1.662997303882483],[98.58112385168451,1.663362318016601],[98.58134390499724,1.663069523040159],[98.58139201512947,1.66271014136001]]],[[[98.54934048137821,1.681033322629785],[98.54931501257781,1.681143029127538],[98.54946141231441,1.681219862706504],[98.54942042481284,1.681105435667371],[98.54934048137821,1.681033322629785]]],[[[98.53936766718411,1.681174646592718],[98.5391786665623,1.681247647261161],[98.53930966720738,1.681480647214093],[98.53946966739133,1.681378647007056],[98.53936766718411,1.681174646592718]]],[[[98.54764051899483,1.681631137966663],[98.54755586581062,1.681712106628483],[98.54753662301678,1.681880330213145],[98.54763684166696,1.681786835793917],[98.54764051899483,1.681631137966663]]],[[[98.54782320907388,1.681912269635541],[98.54775569966587,1.681957706083301],[98.54773125699202,1.682145260595311],[98.54785537062891,1.682017809574285],[98.54782320907388,1.681912269635541]]],[[[98.46205830184924,1.70188206640429],[98.48500441572125,1.700069513397315],[98.48937467929805,1.685155127806956],[98.50482435665879,1.679764604053277],[98.49418524825066,1.668420148371228],[98.4958550860434,1.652552008368533],[98.53287651803694,1.640338676288897],[98.5451651440562,1.64861982974138],[98.54738182720958,1.681198643202928],[98.571639326194,1.669179533208906],[98.57153723785329,1.64876250538539],[98.58810133081178,1.665789903881018],[98.58584609462163,1.645795412628212],[98.60016944126674,1.636787469366238],[98.6088588707403,1.612797938673991],[98.59397189738519,1.624360245229203],[98.578473447092,1.61654716192203],[98.55183396866278,1.619367466435426],[98.55033072937968,1.632639945377187],[98.54153843275256,1.635569385318922],[98.5011118230523,1.623655590433179],[98.47514270467214,1.641233135700679],[98.46217449695557,1.635715619580244],[98.4510092159027,1.642297172176852],[98.4406665537185,1.67555323359487],[98.46205830184924,1.70188206640429]]],[[[98.7416168928054,1.770804009897217],[98.74412394186646,1.77038811931631],[98.73898353396304,1.770923803190991],[98.73965153509033,1.771421987135044],[98.7416168928054,1.770804009897217]]],[[[98.7326919371832,1.776583815990326],[98.7323284788762,1.77676705735392],[98.73276137383839,1.777148764703826],[98.73282476974735,1.776890215910784],[98.7326919371832,1.776583815990326]]],[[[98.02655709093703,1.845428892629306],[98.02612878791332,1.847213489311114],[98.028969864068,1.84638543673856],[98.02859866799422,1.845885750027351],[98.02655709093703,1.845428892629306]]],[[[98.5466055081378,1.853941687159219],[98.54915844780422,1.853852154253596],[98.54402284228044,1.849392502562017],[98.5443629649789,1.853659350398759],[98.5466055081378,1.853941687159219]]],[[[98.56643762679515,1.868425381126501],[98.56620524557573,1.868248681431536],[98.56552029942233,1.868407738226649],[98.56643372103943,1.869206585315661],[98.56643762679515,1.868425381126501]]],[[[98.56764419592295,1.868110808167353],[98.56680032067834,1.865569795309893],[98.56521560011991,1.865598347885486],[98.56542259167928,1.868103115366557],[98.56764419592295,1.868110808167353]]],[[[98.56501928890917,1.869651569864159],[98.56548016178014,1.870748854276291],[98.56678810069039,1.871007921978071],[98.56657928440647,1.870512775943853],[98.56501928890917,1.869651569864159]]],[[[98.50444655326586,1.920422367898064],[98.50425602919245,1.920876691006532],[98.50472486825807,1.921100059220413],[98.50453622376781,1.920488888051805],[98.50444655326586,1.920422367898064]]],[[[98.5067327908857,1.923382039449637],[98.5068993219462,1.924289262939213],[98.50775552329885,1.926295430090105],[98.5081558187361,1.92684333485211],[98.5067327908857,1.923382039449637]]],[[[98.49808061582777,1.935552940615734],[98.49879073580385,1.935231597560191],[98.49857658384235,1.934767603142371],[98.49768785580994,1.93504956938215],[98.49808061582777,1.935552940615734]]],[[[98.50003714939503,1.939142166377936],[98.49959973803759,1.935893503082761],[98.49647314062301,1.937125648929625],[98.4973594899486,1.939368291013841],[98.50003714939503,1.939142166377936]]],[[[98.35657583160936,1.975913371904634],[98.35492160694669,1.972013401597314],[98.34807342604789,1.971755432867026],[98.35033055980752,1.975946543398363],[98.35657583160936,1.975913371904634]]],[[[98.27129860064996,2.029190523823685],[98.27125450419209,2.02877074727221],[98.27087205130424,2.028960775819241],[98.27110236228421,2.029180710421505],[98.27129860064996,2.029190523823685]]],[[[98.27072092203301,2.029115401654488],[98.27065729769619,2.029134823413445],[98.27057720857134,2.029278851637725],[98.27072401839875,2.029230519373046],[98.27072092203301,2.029115401654488]]],[[[98.2720474778089,2.029268300791484],[98.27301366894578,2.028771544071548],[98.27275560758532,2.027969186928511],[98.27180886698571,2.029006296803201],[98.2720474778089,2.029268300791484]]],[[[98.27096768521055,2.029243748400253],[98.27069808914561,2.029404878132654],[98.27070417036123,2.029480917610302],[98.27086667695563,2.029415133101972],[98.27096768521055,2.029243748400253]]],[[[98.2712577480467,2.029560278284245],[98.27124323928415,2.029330266778492],[98.27089406311057,2.029501312435686],[98.2709144894122,2.029579117282518],[98.2712577480467,2.029560278284245]]],[[[98.27083066989954,2.029505354888281],[98.27076524332134,2.029533822028304],[98.27076162534875,2.029619900637966],[98.27085109260386,2.029580449178445],[98.27083066989954,2.029505354888281]]],[[[98.27907596558336,2.240913145825038],[98.2776187419115,2.203609219689826],[98.31309540482917,2.159389236324236],[98.3620379530891,2.14164324983612],[98.39398221210948,2.117088033885681],[98.43792369612171,2.108234110315996],[98.49979424790624,2.08063094356323],[98.54396525059587,2.082839944707723],[98.5639159610528,2.072704385599009],[98.5956959184319,2.082192324016605],[98.60862652459451,2.060342815568481],[98.60842152413409,2.021663326901121],[98.63464463714037,2.013658965888629],[98.64316577288218,1.999099384429057],[98.65795916818115,2.014724381025454],[98.67022723030244,2.012984877250387],[98.67049540364003,2.004119388399081],[98.6522246672347,1.994022087349487],[98.69250220801048,1.979012179368597],[98.7254412413203,1.952757616171061],[98.74383104796453,1.958123505695239],[98.78355900224622,1.94193482842959],[98.81321027333551,1.943784136728619],[98.8192011593061,1.9172497638656],[98.80786226862887,1.908196986701613],[98.80560392887828,1.887394209075508],[98.79629281875864,1.89032198707004],[98.78323726978421,1.881324764626255],[98.78858651825328,1.856153231586363],[98.81856861484974,1.852036789066622],[98.84370042573411,1.815671955696205],[98.86424058423563,1.809534007188704],[98.8893848300459,1.741728682632646],[98.95042496673888,1.745900146574561],[98.9667308193719,1.757665585698229],[98.99234222881083,1.755832762871743],[98.96557614112608,1.679141424237438],[98.9850955789979,1.654033091054361],[98.99988446779396,1.650755312207972],[99.00254002909914,1.669171978903725],[99.05193544536456,1.708290657787723],[99.05704761275717,1.645096288662826],[99.03717105859752,1.626547942333742],[99.0247410843336,1.57725326902318],[99.01362516976586,1.570499432402903],[99.00347749409117,1.547409803819486],[99.03686556519379,1.558137605166385],[98.99658634178628,1.538805461902568],[98.98925769718507,1.522957903784247],[98.99784611300777,1.50364466516921],[99.01212258518918,1.502816969627505],[99.01205575027274,1.481643417709597],[99.0042360416601,1.473085237993319],[98.97972265227862,1.468890676763321],[98.939395826856,1.480287342586825],[98.92401533703824,1.468024912020136],[98.9851297811146,1.458035317376025],[98.97074582466014,1.450178161892721],[98.98665700261861,1.447700885787315],[98.96408496265099,1.447803401305967],[98.95703528774838,1.440122110047446],[98.94631502361945,1.446627981995816],[98.9426702035671,1.434676606240457],[98.92543374866861,1.447666641402387],[98.90156075932165,1.439097024108468],[98.90261449226504,1.448348423740795],[98.88382041518012,1.453941050339244],[98.87347249735795,1.403022685248809],[98.84347941104605,1.417676544437027],[98.83583746063037,1.431136129129149],[98.8241710278707,1.433538094207718],[98.82119043808834,1.426573620176461],[98.81725818661607,1.43569438608708],[98.80409195717809,1.424582052619636],[98.80678402016645,1.432707240246975],[98.80058192031942,1.435191591318949],[98.80028080481542,1.423792176267932],[98.78229131429276,1.430325655604589],[98.7689636826279,1.486835696710129],[98.73359056944932,1.523060213358216],[98.72805552194481,1.546466466254445],[98.71270411800067,1.560527158701428],[98.7178948852408,1.568887482171563],[98.73084813633254,1.567157340339007],[98.75932735427405,1.527512603024237],[98.76599054822523,1.527814669111757],[98.78257842555392,1.578387226889008],[98.80628199611726,1.564829921863462],[98.81016480466208,1.576799338918386],[98.79679218261319,1.581168529603991],[98.79886606781488,1.593762663416173],[98.80665646842137,1.602462341563824],[98.82118251326247,1.60082119574165],[98.83323627413475,1.626874833306966],[98.84035001763924,1.627673539202521],[98.8377171669138,1.650927705948943],[98.81974141263609,1.661931072161257],[98.82846038304034,1.665019470871895],[98.8249524317094,1.678447875169395],[98.80947498328393,1.69103839280764],[98.79438790178027,1.684839661821],[98.78167760074078,1.70288319170597],[98.78412279533079,1.721328155569976],[98.79377480965982,1.7187666462638],[98.81172891096053,1.730910064148203],[98.7969388890186,1.74607777796709],[98.800766667148,1.757983333264265],[98.76935541831791,1.757562821067379],[98.76437368229963,1.76486644922724],[98.75197200970055,1.763960185314348],[98.74186603468976,1.783277266732528],[98.72840628272381,1.774977142081477],[98.70678457704663,1.785788107335337],[98.69889864595584,1.772339297420642],[98.71678351474748,1.753931894641278],[98.73180218212504,1.767871574313704],[98.72872155535553,1.733491831582798],[98.73878949443966,1.732670980781156],[98.73611581629197,1.72168004140085],[98.72310537910997,1.716436053181367],[98.68582569509987,1.734358432695535],[98.60903696438449,1.83745241509696],[98.58233778895779,1.862947286787906],[98.56893897415435,1.872180081245764],[98.56251767624983,1.871188175793767],[98.54355072338723,1.90812527206374],[98.51128423368053,1.939542912375567],[98.50116073088314,1.940583904623525],[98.49238295111238,1.960850606270556],[98.46913543665116,1.983846943681586],[98.42134619067423,2.009245163433635],[98.39333569308778,2.007080326196162],[98.37466092636073,2.015735019355722],[98.35803226567658,2.003351032823916],[98.36735483765568,2.022169987854669],[98.34032274040224,2.046613227418545],[98.31674713167487,2.04461321522775],[98.31072842607608,2.034068375555107],[98.28494648808996,2.04384390457257],[98.27857231555998,2.029358167345594],[98.27031921376076,2.02986692641762],[98.26330103581424,2.028076509323482],[98.27231653518004,2.044468602444136],[98.26231141194214,2.062451912825589],[98.12730743918699,2.169515824695642],[98.16308900735186,2.230843938696855],[98.17851217629598,2.239127437581187],[98.19467840288608,2.3108257078402],[98.25165277835308,2.276608333208083],[98.27689396388536,2.25498175140679],[98.27907596558336,2.240913145825038]]]]}},{"type":"Feature","properties":{"kode":"12.02","nama":"Kabupaten Tapanuli Utara","lat":2.0011912339799163,"lng":99.06507731611985},"geometry":{"type":"MultiPolygon","coordinates":[[[[98.94090309060519,2.396453829980347],[98.9816455835769,2.394491195412416],[98.99176597561936,2.376726149592143],[98.9956951154373,2.347639082577688],[98.98688241858885,2.325303512147434],[98.99863610986867,2.269613889269648],[99.0199934517365,2.285560613831292],[99.05105833027778,2.28199166688203],[99.06927500034104,2.292536110852891],[99.08967221969723,2.28136111082666],[99.11681609908382,2.283788232640857],[99.12344051876498,2.276078780011767],[99.1381666699559,2.277791666552195],[99.16085832964822,2.302791667401591],[99.18125555979633,2.295500000224868],[99.19654721997834,2.269969444334416],[99.19270363086788,2.236780147685666],[99.20728020861478,2.216192158741157],[99.20342778006811,2.190169444364384],[99.21240278026413,2.164988889325878],[99.25168967643746,2.120853898188921],[99.29359793269846,2.10523868531711],[99.33159444023133,2.104972221590826],[99.3344128273901,2.139658778829665],[99.35820556033838,2.159772221610831],[99.35763332981443,2.169436110588061],[99.36946110994238,2.173897221879281],[99.39460694125742,2.170900555816077],[99.38755805595957,2.135723610856052],[99.41452027768871,2.11267416667946],[99.45937805665206,2.125284167230587],[99.44519185212229,2.022759980888475],[99.45338250140138,2.02620410823304],[99.45728798994888,2.018656640591507],[99.45321436055436,2.00321685307536],[99.48276107736189,1.94555412572239],[99.46150802987181,1.952868973824115],[99.3792420888514,1.950539145165495],[99.3545580207361,1.911290883867276],[99.33935802125579,1.904590884261934],[99.36162913997292,1.868235975809649],[99.35306475943119,1.867644891898321],[99.34693800658383,1.853984336607903],[99.3499479169628,1.834574157371469],[99.33122193744254,1.830189867968121],[99.31825802129067,1.840990884022117],[99.30760057300805,1.826570215443121],[99.25545076983721,1.823569675100531],[99.24856472568162,1.783020082211026],[99.25600964542879,1.754173568555403],[99.25073659112084,1.744730292269223],[99.25697338141643,1.739476830591277],[99.25135520507868,1.733534704962755],[99.25957388982326,1.72553077202757],[99.24720389044725,1.723500556105792],[99.2393394396635,1.704472221815687],[99.16257361018405,1.664266667272882],[99.14265139024951,1.640391667041838],[99.11621250020671,1.649178333013721],[99.07739556005707,1.699398611057143],[99.05142641829464,1.700902839594429],[99.05193544536456,1.708290657787723],[99.00254002909914,1.669171978903725],[98.99988446779396,1.650755312207972],[98.9850955789979,1.654033091054361],[98.96557614112608,1.679141424237438],[98.99234222881083,1.755832762871743],[98.9667308193719,1.757665585698229],[98.95042496673888,1.745900146574561],[98.8893848300459,1.741728682632646],[98.86424058423563,1.809534007188704],[98.84370042573411,1.815671955696205],[98.81856861484974,1.852036789066622],[98.78858651825328,1.856153231586363],[98.78323726978421,1.881324764626255],[98.79629281875864,1.89032198707004],[98.80560392887828,1.887394209075508],[98.80786226862887,1.908196986701613],[98.8192011593061,1.9172497638656],[98.81321027333551,1.943784136728619],[98.78355900224622,1.94193482842959],[98.74383104796453,1.958123505695239],[98.72619650726305,1.952482127748054],[98.69250220801048,1.979012179368597],[98.6522246672347,1.994022087349487],[98.67049540364003,2.004119388399081],[98.69035111061534,2.053056666631933],[98.71617722240102,2.075712222141332],[98.71470388917324,2.102797499904716],[98.73222002333547,2.10421166943304],[98.73489691566026,2.113580796616541],[98.72527777784723,2.119444443806026],[98.73503888893366,2.121130555730597],[98.73485833294572,2.128591666871957],[98.75570777819146,2.131276666584922],[98.77288888881118,2.141611110764183],[98.76996444370413,2.147834166613569],[98.8410091667397,2.162036111077745],[98.84154583267414,2.16753527833051],[98.8211999996803,2.17318333284455],[98.82451388900485,2.187236111257571],[98.811835639803,2.201896095728292],[98.81190500001577,2.221012777617679],[98.8424423659225,2.211863642593068],[98.86352777798463,2.217638889123494],[98.88583333444092,2.204841194665461],[98.8770499977592,2.212880462863096],[98.88410861102368,2.219120277578776],[98.9180516096941,2.224165060569147],[98.94495405798344,2.263897339690521],[98.96263888877381,2.267361110926577],[98.9606666674328,2.298277777597432],[98.94916537628117,2.318722569291173],[98.93537080042215,2.317748559448527],[98.9274925387497,2.326936072142091],[98.92051861104513,2.320922221982988],[98.8880833329795,2.32661111111396],[98.84558296218404,2.343835830759053],[98.86234855634083,2.372598648109145],[98.86026954680217,2.396371840588005],[98.9124469753477,2.408006667573678],[98.94090309060519,2.396453829980347]]]]}},{"type":"Feature","properties":{"kode":"12.03","nama":"Kabupaten Tapanuli Selatan","lat":1.5006198551726122,"lng":99.26695757821753},"geometry":{"type":"MultiPolygon","coordinates":[[[[99.43554971055082,1.476862438250956],[99.43311331402823,1.461195206793439],[99.44432051787763,1.445216459172302],[99.44311942741969,1.433805046265954],[99.43543929178992,1.432098108740762],[99.41890339797347,1.446880106032131],[99.423064268801,1.476489155749958],[99.43554971055082,1.476862438250956]]],[[[99.4635814438286,2.121995978731503],[99.48906253520789,2.111861685868208],[99.51185171558429,2.123062051272681],[99.52082807735391,2.091554816901395],[99.53480552675369,2.094001100570361],[99.55061305964504,2.078736928166711],[99.54615526595282,2.062710256573139],[99.55317516789975,2.04266748791426],[99.58945026241977,2.016702092727416],[99.58267166566493,2.000708360602419],[99.602801497691,1.973340836010815],[99.63367410657483,1.96381164659025],[99.59827794017488,1.943032997774649],[99.59954358486864,1.913949056803618],[99.61565083301954,1.907227135324094],[99.61108499927334,1.888773555055609],[99.56529982862425,1.890739400203165],[99.56039428856563,1.871770446349005],[99.54502095105615,1.86254076444474],[99.55374881215799,1.857810486065167],[99.57083080759578,1.811158350077877],[99.56619235539291,1.757280931270008],[99.55214064987118,1.742027569616697],[99.55043212414327,1.716399669309363],[99.52271951709217,1.710891957597857],[99.52735173879181,1.726238005179789],[99.51860823758014,1.728791050066933],[99.47914581622653,1.704474014164445],[99.46538085414322,1.672508371963863],[99.43515964490179,1.658114962735377],[99.43532110738322,1.625372639036124],[99.45056994095009,1.614787284006011],[99.4546412312079,1.593024385666928],[99.42976934777722,1.574962660698295],[99.39049811779401,1.571676230373795],[99.41955410963456,1.541948196751905],[99.39454235644465,1.488652490020501],[99.4084684653475,1.448886311853867],[99.40292150002726,1.450070250441746],[99.40699080638066,1.432183059600531],[99.39763618166448,1.43344233619491],[99.39439542880605,1.410117447662104],[99.38798551541922,1.414210525795154],[99.37014587533191,1.405406547873975],[99.35966758099411,1.382873025869477],[99.39060747265685,1.334422219709738],[99.39121441161586,1.315370586683271],[99.41291022592621,1.290822409726486],[99.41900360043589,1.245721135721942],[99.42704910633125,1.238644617854876],[99.41865249791452,1.204690714904652],[99.49143757368516,1.139686089641343],[99.51250664326705,1.133602215569882],[99.52039535955826,1.119224348425016],[99.51059595264115,1.114638120752717],[99.49559265018065,1.12705187574351],[99.48111739994815,1.127001262798119],[99.47624524272382,1.115245979718191],[99.46283678359077,1.114813543410362],[99.42859638901226,1.089688370422001],[99.42443572143148,1.071418494667872],[99.45167636337355,1.04659226532082],[99.46367188415023,1.018729438213059],[99.44340762775991,0.980692560113569],[99.43386764557542,0.976015943381123],[99.37473652497074,1.02345471006686],[99.35204734830651,1.016498645596117],[99.341998162785,1.026622066555147],[99.33627215413671,1.023693025912495],[99.28160916313239,1.083050023839613],[99.27812363639671,1.095826611209214],[99.26952000134698,1.097334992815677],[99.26182663489135,1.052071252686224],[99.24036922456014,1.041615950415784],[99.22915648718217,1.049533807439326],[99.22225023166297,1.043290237154812],[99.21042349025188,1.08078376286038],[99.19946179502587,1.090795092319683],[99.19052316970861,1.088654774198547],[99.18699259593164,1.097417939985965],[99.17067042240208,1.092595303930219],[99.16817389271101,1.099515963890704],[99.15234711162994,1.097736455573026],[99.14609269192424,1.107621539102796],[99.13234917507442,1.110369594781011],[99.11762645659576,1.10116530793267],[99.13280869986163,1.167322689590497],[99.07303414041333,1.186711721269004],[99.06916855388573,1.197363644116953],[99.0503835401683,1.204533088031587],[99.02921409995079,1.26185509014036],[99.0306810650791,1.296457596740749],[99.00626109277525,1.306393717696006],[98.9709168640221,1.34593989920708],[98.95158201919496,1.329140002209359],[98.93772416703672,1.327115472700966],[98.90788133855303,1.293346744656551],[98.88758126216551,1.301196025676107],[98.86861235507617,1.288146253047204],[98.86864491413154,1.279860193793001],[98.85234636579223,1.286505877943986],[98.84204933610802,1.297810401029251],[98.85089014576366,1.310726454362429],[98.83717221822336,1.352645644580905],[98.82547030630958,1.373997712824268],[98.78898461035149,1.416786568145698],[98.78446384073374,1.42408503599569],[98.78202924825128,1.430921072449573],[98.80028080481542,1.423792176267932],[98.80058192031942,1.435191591318949],[98.80678402016645,1.432707240246975],[98.80409195717809,1.424582052619636],[98.81725818661607,1.43569438608708],[98.82119043808834,1.426573620176461],[98.8241710278707,1.433538094207718],[98.83583746063037,1.431136129129149],[98.84347941104605,1.417676544437027],[98.87347249735795,1.403022685248809],[98.88382041518012,1.453941050339244],[98.90261449226504,1.448348423740795],[98.90156075932165,1.439097024108468],[98.92543374866861,1.447666641402387],[98.9426702035671,1.434676606240457],[98.94631502361945,1.446627981995816],[98.95703528774838,1.440122110047446],[98.96408496265099,1.447803401305967],[98.97595037760786,1.444113562990632],[98.98665700261861,1.447700885787315],[98.97074582466014,1.450178161892721],[98.9851297811146,1.458035317376025],[98.92401533703824,1.468024912020136],[98.939395826856,1.480287342586825],[98.97972265227862,1.468890676763321],[99.0042360416601,1.473085237993319],[99.01205575027274,1.481643417709597],[99.01212258518918,1.502816969627505],[98.99784611300777,1.50364466516921],[98.98925769718507,1.522957903784247],[98.99658634178628,1.538805461902568],[99.03686556519371,1.558137605166385],[99.00347749409117,1.547409803819486],[99.01362516976576,1.570499432402903],[99.0247410843336,1.57725326902318],[99.03717105859752,1.626547942333742],[99.05704761275717,1.645096288662826],[99.06010549027619,1.666910388104023],[99.05142777896889,1.700902778440502],[99.07739556005707,1.699398611057143],[99.11621250020671,1.649178333013721],[99.14265139024951,1.640391667041838],[99.16257361018405,1.664266667272882],[99.2393394396635,1.704472221815687],[99.24720389044725,1.723500556105792],[99.25957388982326,1.72553077202757],[99.25135520507868,1.733534704962755],[99.25697338141643,1.739476830591277],[99.25073659112084,1.744730292269223],[99.25600964542879,1.754173568555403],[99.24856472568162,1.783020082211026],[99.25545076983721,1.823569675100531],[99.30760057300805,1.826570215443121],[99.31825802129067,1.840990884022117],[99.33122193744254,1.830189867968121],[99.3499479169628,1.834574157371469],[99.34693800658383,1.853984336607903],[99.35306475943119,1.867644891898321],[99.36162913997292,1.868235975809649],[99.33935802125579,1.904590884261934],[99.3545580207361,1.911290883867276],[99.3792420888514,1.950539145165495],[99.46150802987181,1.952868973824115],[99.48276107736189,1.94555412572239],[99.45321436055436,2.00321685307536],[99.45728798994888,2.018656640591507],[99.44468543578428,2.027026568821119],[99.45024099232806,2.083094909702352],[99.45937805665206,2.125284167230587],[99.4635814438286,2.121995978731503]],[[99.24575806028632,1.473197500364362],[99.22254499975202,1.438138056326308],[99.21995389015997,1.410765277895296],[99.24370249967073,1.363097221859297],[99.26968389019943,1.349252221912531],[99.31095788789627,1.302808020873522],[99.34925527980735,1.311060833091046],[99.32775111102498,1.415458889116492],[99.27230471968709,1.468879167239853],[99.24575806028632,1.473197500364362]]]]}},{"type":"Feature","properties":{"kode":"12.04","nama":"Kabupaten Nias","lat":1.0698649664707165,"lng":97.72459294396502},"geometry":{"type":"MultiPolygon","coordinates":[[[[98.01926200004131,0.90957700017846],[98.02027399994519,0.908632999813205],[98.01945800008666,0.907246999749331],[98.0184700003903,0.908570999651934],[98.01926200004131,0.90957700017846]]],[[[97.96556137086064,1.023329000133286],[97.9662755926445,1.022253657380398],[97.96557603160863,1.021654032607541],[97.96457665818632,1.02292466494138],[97.96556137086064,1.023329000133286]]],[[[97.95630599982209,1.023403999994629],[97.95341044273776,1.02363600529751],[97.95240393139639,1.025506260605466],[97.95612000023792,1.025468999894505],[97.95630599982209,1.023403999994629]]],[[[97.90434740241075,1.072909121858531],[97.90096152325575,1.076546634020056],[97.9042113116028,1.078470907106707],[97.90644357820858,1.076058345316453],[97.90434740241075,1.072909121858531]]],[[[97.92969357210076,1.079115213796131],[97.92885813429552,1.079284003054346],[97.92882958082056,1.080276237658248],[97.93018857244468,1.080135214068909],[97.92969357210076,1.079115213796131]]],[[[97.54355000412943,1.273150001271548],[97.55266765568781,1.281828498586377],[97.56026000399608,1.273690001892122],[97.567740002699,1.24168000332949],[97.56228000361929,1.201560003091748],[97.57385000387458,1.209410001770214],[97.60237999574028,1.209590001977043],[97.61306000531503,1.183610001800181],[97.618283958438,1.192778253713486],[97.62627888826009,1.173941110793672],[97.61264696108849,1.159274339139513],[97.63595939221223,1.151425859415964],[97.64914562886779,1.130698080751833],[97.66057929280022,1.140374311125589],[97.68304791702779,1.136785953209182],[97.70495438493697,1.16180732644697],[97.71965613842012,1.159568167437028],[97.72312541170841,1.170622819287745],[97.7505720019964,1.169087019150636],[97.77182253138476,1.15075664780113],[97.80445332026459,1.147157055553658],[97.8347528415704,1.087324113017482],[97.84214512759567,1.090751396959464],[97.84685240131734,1.074576744621167],[97.8674179836531,1.054731898758218],[97.89816095706257,1.052708070720973],[97.9197421608721,1.024796503955569],[97.94692266874623,0.958275994041921],[97.90362229793074,0.894448986931293],[97.89665183171674,0.894720181091577],[97.87523629022272,0.932987486183576],[97.80450789472359,0.922127257866665],[97.80172231843031,0.937882926855613],[97.77918882340556,0.943034460272171],[97.76522361827539,0.961708413112847],[97.75105779687983,0.950166913272474],[97.69445610856262,0.932769443754841],[97.68808720156314,1.000982707985651],[97.66107576803235,0.997465560187491],[97.65324404897375,1.008199937377283],[97.64846491042732,1.000950602188608],[97.62272375040088,1.020647015847162],[97.61960102456767,1.05503223185208],[97.61102812025163,1.064000826177233],[97.6204494467846,1.078010375978097],[97.62202775787478,1.104167753938709],[97.61008123665984,1.103118276587198],[97.60297128739502,1.11147729873837],[97.59885658506337,1.1015298822983],[97.58787840796221,1.10331658069571],[97.57178999970876,1.116770001434483],[97.57685523957772,1.119494613585578],[97.57196339979114,1.130580001565848],[97.5575359008612,1.141490005559406],[97.54502174016123,1.135530133608784],[97.52054379396104,1.156365344385188],[97.49538610778276,1.142068173407582],[97.49401928036555,1.174206453065382],[97.50343730188999,1.189275388948127],[97.48821666656596,1.187966666728377],[97.48586111100158,1.210141666804551],[97.49472222195307,1.26159166702193],[97.52082380057804,1.262346504887299],[97.51454202259634,1.28307636997855],[97.53540000510623,1.29316000223236],[97.54355000412943,1.273150001271548]]]]}},{"type":"Feature","properties":{"kode":"12.05","nama":"Kabupaten Langkat","lat":3.708759619820571,"lng":98.2236698826606},"geometry":{"type":"MultiPolygon","coordinates":[[[[98.64368515564547,3.914974207993382],[98.64037263059245,3.914598786904588],[98.6393650787355,3.916094361265831],[98.64106916091308,3.915921558333334],[98.64368515564547,3.914974207993382]]],[[[98.58787532308779,3.927794470938139],[98.5891270453769,3.926737358342457],[98.58637079057961,3.926800621151848],[98.58653855730864,3.927314131342129],[98.58787532308779,3.927794470938139]]],[[[98.58413403006146,3.92958835222068],[98.58478346108794,3.934414169178634],[98.5851763407156,3.935139625293548],[98.58542910686779,3.932446954363499],[98.58413403006146,3.92958835222068]]],[[[98.57270172680327,3.945753376417226],[98.57131650195502,3.93981056730388],[98.56039500012926,3.940086103391071],[98.56889398736769,3.946128727358932],[98.57270172680327,3.945753376417226]]],[[[98.1999898015881,4.113852165744913],[98.19815526285517,4.114756709254785],[98.1996317104351,4.118542187771833],[98.20117799936524,4.116842023940336],[98.1999898015881,4.113852165744913]]],[[[98.20277981963305,4.130269885946557],[98.20397645574884,4.119458820867926],[98.20020670727378,4.120681181191642],[98.18426637329459,4.114615628108819],[98.20277981963305,4.130269885946557]]],[[[98.20551917167248,4.131244482147189],[98.20447657143664,4.131529927863941],[98.20557055173961,4.13311415469455],[98.20594685416403,4.132040171716621],[98.20551917167248,4.131244482147189]]],[[[98.1911556136407,4.131000060804201],[98.18820295320384,4.128706159161965],[98.19228892309535,4.134655956007659],[98.19137254270875,4.133019364352219],[98.1911556136407,4.131000060804201]]],[[[98.18558334499545,4.135530286793387],[98.1846714297428,4.132777697632694],[98.18158813918136,4.130473256835398],[98.18134252084067,4.132896326304468],[98.18558334499545,4.135530286793387]]],[[[98.20339013015047,4.137342570902923],[98.20316232198364,4.131590661779704],[98.19626308657223,4.131244123317689],[98.19841726414543,4.134273976163104],[98.20339013015047,4.137342570902923]]],[[[98.17778138989925,4.128206352840923],[98.17604062617399,4.134660746696216],[98.18402339986007,4.142938236310577],[98.18557713787467,4.138697526369771],[98.17778138989925,4.128206352840923]]],[[[98.2624586408537,4.175278429955686],[98.27407028781356,4.168380651445979],[98.27194379497023,4.142524586840256],[98.25262405875336,4.133452842974371],[98.2328068247752,4.146986841169852],[98.24321530744055,4.175376921008155],[98.2624586408537,4.175278429955686]]],[[[98.20426417405243,4.297939904603009],[98.2114381343625,4.29868286332351],[98.21460880125527,4.28731742106223],[98.22980317367757,4.291940241249147],[98.23517595470662,4.283508820075998],[98.243867818645,4.293988733193576],[98.2530150938716,4.289917099394657],[98.2380111951606,4.26948542431289],[98.24781840099851,4.25790478957444],[98.25418791504032,4.201983563390787],[98.24508068212779,4.186733697402211],[98.23884494493835,4.190735937713374],[98.18752357924986,4.175047582080293],[98.16117956228705,4.154383157057072],[98.17780512570607,4.145076530957169],[98.17313493642828,4.132257869704969],[98.17293194505329,4.112496499813666],[98.19931925537941,4.107122288862563],[98.2114745254291,4.124648145595454],[98.24906959898284,4.130312734145413],[98.29804658767995,4.10648789540009],[98.31477291383901,4.070100819996835],[98.39077859135902,4.075540581632641],[98.43085867428846,4.038950054401557],[98.48059407295817,4.034736716226494],[98.49454704191253,4.017565365948904],[98.52817393338042,4.018420839749947],[98.54350215280216,4.009859366716494],[98.53680691240913,3.994625434915932],[98.55376483467946,3.979111572041493],[98.5603112210861,3.938695575240668],[98.57400631573891,3.939441135699905],[98.5862795111905,3.924835277825899],[98.60991934500187,3.912588170807506],[98.63290007198074,3.916883378764989],[98.63383636875348,3.915605166045587],[98.65990460501358,3.911478336356232],[98.66372025668457,3.908120796637537],[98.63857826187733,3.885419195839312],[98.62320147636711,3.884063475948739],[98.61160080922998,3.866216900289764],[98.60401967187042,3.868215092252768],[98.60974307158556,3.85564180742357],[98.60155972660017,3.848806092926903],[98.6035584635523,3.835230232189545],[98.5851940042999,3.833959553990262],[98.58667092941997,3.825083150966723],[98.57779226280276,3.823947416040529],[98.57499049691395,3.813822611024719],[98.58199037995213,3.810355039253665],[98.5515155412093,3.789945606204824],[98.53559877126635,3.791423087105827],[98.50447939560769,3.744971919018901],[98.50987680187299,3.72791423225609],[98.50060039838976,3.66971835891523],[98.48841319521281,3.66746485481919],[98.4725876929677,3.648166922665407],[98.45330283425848,3.657165563340147],[98.44641117473604,3.65684581118526],[98.46269466033034,3.651954624306541],[98.47434128012604,3.625543946895714],[98.47400957418252,3.617289979049353],[98.4409401490687,3.608189837291253],[98.44508560731497,3.598167482143676],[98.46245422927936,3.596297434579053],[98.46676800733778,3.594004236206526],[98.46020377388506,3.595272303673912],[98.45807929732177,3.576262400089746],[98.44619720263884,3.565262510656385],[98.44980737541006,3.529114632434393],[98.47398287780763,3.528066724399913],[98.47450838225612,3.55670308717777],[98.4952924692721,3.555863408169756],[98.50059143934355,3.56555905760445],[98.51020751316628,3.553777087142883],[98.51064797682275,3.531858025127764],[98.52456980135533,3.522159844101601],[98.51003026578425,3.495653534583031],[98.50461620857122,3.400880370232894],[98.49586917662127,3.391169488081424],[98.50915944505246,3.308089301779859],[98.47000737344158,3.276485606125878],[98.47236681767454,3.238354013227184],[98.465698174731,3.23035364700328],[98.45176898025431,3.249253378240823],[98.43251497728446,3.237495470939255],[98.39150193226841,3.270757915745225],[98.37827534213345,3.269980594828613],[98.35146488819403,3.288969138614938],[98.34824717506716,3.259425933659909],[98.36749742516609,3.246405775705984],[98.35979059675864,3.229043441801437],[98.34073876678075,3.2192318940367],[98.30033253841603,3.225664663693383],[98.29266622986272,3.255967457632124],[98.2586568594266,3.251358517581625],[98.23594102865562,3.258590558807239],[98.21592768041822,3.283678867685612],[98.20035673667415,3.277399529564672],[98.18116196035623,3.284695625003152],[98.15891284085498,3.267755422075179],[98.12261817259063,3.266492676795639],[98.0962974507668,3.315681709443407],[98.0356687781916,3.326540548307765],[98.0034240017164,3.368943813905933],[97.9778078933197,3.37178104096234],[97.94870604864526,3.390020358652656],[97.9506515763093,3.412961367073496],[97.93354714908175,3.442225338828408],[97.95879847087281,3.483243537859003],[97.92118494502922,3.49848350141253],[97.9236979179246,3.512507509613915],[97.90663402314165,3.555228044338875],[97.86812879700643,3.571116517113659],[97.86350817026592,3.597462197822242],[97.87177666036466,3.612621097385759],[97.85373609824244,3.626840745903714],[97.84474193799012,3.66061076807258],[97.826502621199,3.67512115931412],[97.80050154361139,3.722555727964515],[97.83947462765201,3.767521502015757],[97.90870297196467,3.818429463748817],[97.92191634386424,3.845910034920252],[97.90238000773122,3.885469089327053],[97.90062033306197,3.910905318925394],[97.91327870005203,3.914114573928472],[97.95006814562846,3.888780538790847],[97.96192127944356,3.898437663067721],[98.00780307415262,3.901830984112674],[98.01064613061452,3.950182771317866],[98.04119321279657,3.953375626284149],[98.05442199278082,3.943818715261592],[98.07434521995596,3.957367366111097],[98.07355999759585,3.951171250352935],[98.07760032329635,3.949372376933734],[98.08105530006209,3.962340439859457],[98.09359888478075,3.968073702439522],[98.09573484928397,3.98407480720666],[98.08732907677552,3.999478706377268],[98.05386023486197,4.014987149937021],[98.04023601488026,4.041164307586808],[98.05695386762696,4.133853615052296],[98.07481767969219,4.145171247555112],[98.06199409914844,4.18513265055147],[98.08756160368516,4.189798332427163],[98.09474849534686,4.208589680069718],[98.0917766092032,4.228460539722189],[98.07675095499266,4.234485927283703],[98.07012025444625,4.247342115446283],[98.08667914392746,4.255439437580065],[98.14377103200759,4.259765326808406],[98.15191727726062,4.266272386761315],[98.15474055583208,4.28912982208367],[98.19838824662034,4.295318468972219],[98.19879227784135,4.302546688079211],[98.20426417405243,4.297939904603009]]]]}},{"type":"Feature","properties":{"kode":"12.06","nama":"Kabupaten Karo","lat":3.118435105391056,"lng":98.30135635169886},"geometry":{"type":"MultiPolygon","coordinates":[[[[98.0403700678244,3.325024244573282],[98.0962974507668,3.315681709443407],[98.12261817259063,3.266492676795639],[98.15891284085498,3.267755422075179],[98.18116196035623,3.284695625003152],[98.20035673667415,3.277399529564672],[98.21592768041822,3.283678867685612],[98.23284440204759,3.260778808095587],[98.24967997155355,3.252917027398915],[98.29266622986272,3.255967457632124],[98.30033253841603,3.225664663693383],[98.33461810414225,3.218670822300695],[98.35772627404836,3.227225077375472],[98.36721726656364,3.245064655409568],[98.34824717506716,3.259425933659909],[98.35146488819403,3.288969138614938],[98.37827534213345,3.269980594828613],[98.39150193226841,3.270757915745225],[98.43251497728446,3.237495470939255],[98.45001471320855,3.249590663578349],[98.465698174731,3.23035364700328],[98.4713922223732,3.241666666883191],[98.4871699058665,3.236380033711605],[98.53892800302499,3.246883383161702],[98.55832442173475,3.199776215400018],[98.62245109014577,3.233179949994746],[98.62711470717805,3.223689290228581],[98.61246170864095,3.194839087553913],[98.61510271262019,3.180627235258736],[98.6028997371332,3.18199488015971],[98.60159384777788,3.16289569637933],[98.6293915828553,3.115325538742674],[98.62327777844679,3.104916666670853],[98.60573131284985,3.109406963660465],[98.58194780874442,3.071247901869278],[98.5848470143783,3.050173877022843],[98.56053595537009,3.026492010697822],[98.5346748509636,2.915886222371377],[98.53720822228175,2.904239582790623],[98.56521415670804,2.880807876382473],[98.57827568077809,2.851873398238801],[98.57831764224547,2.830022812402987],[98.54084968606426,2.85821342441006],[98.53207206727218,2.879407882867579],[98.48272222235273,2.860555555794274],[98.48419444401847,2.870222221878048],[98.43819166441389,2.891859775408378],[98.43057357571003,2.917392343981561],[98.36976972779074,2.93271201174996],[98.34567589102964,2.965949030023761],[98.29629121356872,2.967605247584192],[98.24888888921099,2.931166667108108],[98.22532743401396,2.949676199596961],[98.1985142758132,2.990100908130454],[98.19316587360622,3.020999804197654],[98.19837899619378,3.046544984863186],[98.18196111141623,3.069019443892284],[98.17686507965973,3.063489109734729],[98.15975413234744,3.070330622160554],[98.13901057867535,3.048480041720602],[98.11308428960835,3.054747260577638],[98.09898706759915,3.070768266442347],[98.07782505218447,3.074920505576916],[98.0593443951278,3.110603121337018],[98.03584330872181,3.108665092220274],[98.03758721737627,3.078170189602613],[97.9921129810293,3.091291050941368],[97.98353197022435,3.086295561590923],[97.97623624260862,3.130880560889281],[97.94209536071239,3.16478825577342],[97.94063623857159,3.179577254286968],[97.94915004124147,3.188101730110859],[97.94473786116346,3.207478484244696],[97.93224571137056,3.210431007085312],[97.92099088482159,3.241406660289247],[97.90464205988322,3.258118730395164],[97.96900736879512,3.273713921660203],[98.02925492037829,3.3307541697692],[98.0403700678244,3.325024244573282]]]]}},{"type":"Feature","properties":{"kode":"12.07","nama":"Kabupaten Deli Serdang","lat":3.480337477281136,"lng":98.69483263066542},"geometry":{"type":"MultiPolygon","coordinates":[[[[98.93609378879736,3.67754258032582],[98.93637393031268,3.677337980063754],[98.93561722095804,3.677184730191229],[98.93576586989902,3.677560069441753],[98.93609378879736,3.67754258032582]]],[[[98.66695060798426,3.906254896746141],[98.68034108517303,3.90231446234257],[98.69218543441033,3.889091590904247],[98.69696824309001,3.879165519872906],[98.6937767955627,3.884334771732355],[98.6995896607343,3.870308015202827],[98.69930707666029,3.869055408880072],[98.69816168571332,3.872725997207048],[98.69166906167794,3.88532494059357],[98.71023428108728,3.794756857742797],[98.6812953000381,3.788974456206272],[98.67553610730552,3.775681416963938],[98.65428742242669,3.782557779917649],[98.63292405330247,3.776262488722914],[98.63618075024145,3.769273358878444],[98.62536068204989,3.76265777683502],[98.63624259122267,3.74373370094958],[98.6532703521451,3.738854993063544],[98.65278973375929,3.728631355252897],[98.61887379299118,3.708651153328123],[98.63185527470121,3.701874216721745],[98.63349109024175,3.684180992558804],[98.65874432668942,3.675293153756098],[98.6593282349102,3.638966418365563],[98.66655608979175,3.63508421866181],[98.6526125448331,3.615213596430355],[98.62706566444898,3.610552785282838],[98.59932838359808,3.619284034130942],[98.60679255423307,3.610606394769377],[98.60217890982887,3.587073725971756],[98.6114870288034,3.582929900894282],[98.60672949826782,3.558860649799222],[98.61188484121246,3.555865755400344],[98.59329834384353,3.541065562126033],[98.60268912130593,3.53408996438047],[98.59293780563526,3.495232453115293],[98.60012395085974,3.490768708609004],[98.61723843340698,3.498319886853295],[98.6279832814034,3.518158818774552],[98.63145728422641,3.5049897429823],[98.640870349587,3.50787879527028],[98.63799001532702,3.489798483113503],[98.64562914097213,3.479939484419713],[98.64605870844271,3.495987903419028],[98.65910861956714,3.504574413578364],[98.65430666611982,3.517324931400555],[98.65772040087585,3.522357592429003],[98.66169155522121,3.517421718237767],[98.65594345382742,3.516952348572055],[98.67253996464773,3.514529283599565],[98.69658305356512,3.518941127331242],[98.69837031313949,3.531125474261309],[98.74507267896104,3.528868468205303],[98.74671589592194,3.538699262361099],[98.72332754223235,3.540476051128948],[98.72031556880853,3.547235913206869],[98.73826626797394,3.581416492976807],[98.71794117064857,3.582701517161379],[98.71703382125393,3.589706677421244],[98.7443444151627,3.596440921411425],[98.70598359136974,3.595344237746389],[98.70994110210025,3.626553629246686],[98.69337528783936,3.626547697318404],[98.69224557207558,3.643517028388231],[98.70171104542844,3.645235568966342],[98.70259595404015,3.656239769749646],[98.68973553816464,3.65663735822752],[98.6922784548868,3.664615397882386],[98.66903008517035,3.67590691497217],[98.69655674839525,3.678204664813499],[98.69471799543922,3.672431546978338],[98.70357502886456,3.672277513796217],[98.71152715365523,3.694097009169738],[98.70483570390466,3.715085420355923],[98.7150794325698,3.72568971420899],[98.7310354291418,3.720602273676054],[98.7271433746671,3.733284989810514],[98.70430786031956,3.741328047751246],[98.7070183117457,3.771799613861159],[98.74773847365172,3.766040458900054],[98.75996425144915,3.758520208340975],[98.77405845263556,3.730787082357988],[98.87411923401551,3.687076768178365],[98.94330453137907,3.675813977233332],[98.9454925180653,3.657974845262956],[98.9375652343481,3.624934687685698],[98.91855106258151,3.601313122702464],[98.91872258038289,3.58347356265487],[98.93305000455413,3.568187525933663],[98.92626120589003,3.546800873361654],[98.93631350756242,3.520214666273901],[98.93415087726126,3.492455539991223],[98.91420110030064,3.450748441387507],[98.91861301777662,3.370867348649242],[98.91431536456251,3.361824462229212],[98.89067661083693,3.360373854869557],[98.8454262166466,3.340374700631997],[98.83124675883087,3.319016392892248],[98.79976011533712,3.303953911443912],[98.7907975761473,3.27970516466165],[98.737619505236,3.225050715418231],[98.72740220224993,3.176693829956289],[98.73541412026553,3.170506401649153],[98.73267716042268,3.145320070265111],[98.72626947915319,3.120593823046502],[98.71372444382806,3.107519944090175],[98.71450936131808,3.066710250177994],[98.6952901036554,3.041030398733934],[98.6935515603563,3.071843004850837],[98.63484453304882,3.062013986856037],[98.63011854983125,3.069181716662971],[98.63370967855889,3.088669910288132],[98.62327777844679,3.104916666670853],[98.62909578684113,3.123951326792373],[98.61627844939098,3.131363981562551],[98.60159384777788,3.16289569637933],[98.6028997371332,3.18199488015971],[98.61510271262019,3.180627235258736],[98.61246170864095,3.194839087553913],[98.62711470717805,3.223689290228581],[98.62245109014577,3.233179949994746],[98.55832442173475,3.199776215400018],[98.53892800302499,3.246883383161702],[98.4871699058665,3.236380033711605],[98.4713922223732,3.241666666883191],[98.46813736544708,3.253255989072667],[98.47484706334134,3.27064464883151],[98.47000737344158,3.276485606125878],[98.50922729710213,3.308499386337637],[98.49586917662127,3.391169488081424],[98.50461620857122,3.400880370232894],[98.51003026578425,3.495653534583031],[98.52456980135533,3.522159844101601],[98.51064797682275,3.531858025127764],[98.51020751316628,3.553777087142883],[98.49683845603,3.564919261015142],[98.49864432977202,3.575892082653564],[98.51527604185591,3.569765515965816],[98.539609440923,3.575379897164609],[98.53319098127888,3.62087033929479],[98.52703175481172,3.621029147876897],[98.52723380099914,3.631816220841987],[98.51208999925409,3.631771707098629],[98.5171933092239,3.645841468309218],[98.5112763664113,3.645933290888713],[98.5167622857509,3.655201472769786],[98.51075449072721,3.663620926664478],[98.51847973005553,3.668125478807859],[98.5011728483483,3.672447177195547],[98.50987680187299,3.72791423225609],[98.50447939560769,3.744971919018901],[98.53627693293416,3.792228315784229],[98.5515155412093,3.789945606204824],[98.58199037995213,3.810355039253665],[98.57499049691395,3.813822611024719],[98.57779226280276,3.823947416040529],[98.58667092941997,3.825083150966723],[98.58549703176266,3.834307822747828],[98.60316894109384,3.834577319887455],[98.60155972660017,3.848806092926903],[98.60974307158556,3.85564180742357],[98.60458249188856,3.86882456999793],[98.61160080922998,3.866216900289764],[98.62320147636711,3.884063475948739],[98.63775545055364,3.884940171052097],[98.65459731261593,3.905312534945548],[98.66695060798426,3.906254896746141]]]]}},{"type":"Feature","properties":{"kode":"12.08","nama":"Kabupaten Simalungun","lat":2.969696736668766,"lng":99.02155839555597},"geometry":{"type":"MultiPolygon","coordinates":[[[[99.32459663102972,3.29513953196383],[99.34492777809456,3.287827778429286],[99.3460377780211,3.249528889147001],[99.35671944414712,3.246583333354213],[99.34893055799888,3.230846029420785],[99.35672444437766,3.219778332903832],[99.38329859695273,3.257796289267411],[99.39257609131366,3.249484820568082],[99.40408611128501,3.254408332678448],[99.36986755044718,3.151065908065242],[99.41755710028005,3.155161602326139],[99.4181204697839,3.148312949283238],[99.4498033327577,3.133924444057911],[99.45628611101529,3.139158332890823],[99.49503416669347,3.125657777784262],[99.49689654394038,3.115110716786184],[99.51621369370709,3.117437725170923],[99.51226666727294,3.106391667241692],[99.52147527806169,3.102817221837405],[99.50205638889123,3.095016666985661],[99.5292277776399,3.083930555950442],[99.52977942897749,3.104286160078317],[99.54171662692086,3.094256402610917],[99.55129444358374,3.099841667359126],[99.56574476460928,3.078596444870051],[99.54430996503294,3.037666988240971],[99.49729001712063,3.002366971958214],[99.49796903314449,2.982301040360746],[99.45505627372816,2.955478924912502],[99.4460056963059,2.931479021439753],[99.3992995353453,2.915230999710893],[99.37126881290543,2.883016014177752],[99.3603819187906,2.882451909028404],[99.34873660481053,2.895677005389551],[99.3328543256666,2.894214971243979],[99.26622601401937,2.860692565709332],[99.24785940988393,2.812248107863912],[99.21056386093353,2.785962992897883],[99.20728824225866,2.770261628571388],[99.12570301698068,2.712808982848378],[99.12597197722508,2.693019036999031],[99.07865003337243,2.662072029000948],[99.07766666698313,2.597055556069103],[99.04235611064604,2.6337775003314],[98.99335750044834,2.602730278179807],[98.97456777788071,2.602021389375706],[98.96092777839428,2.614181943841684],[98.95798083314904,2.646119166566338],[98.9505491667107,2.654147222016709],[98.89469337429985,2.662939071680823],[98.86624717676581,2.702150344762641],[98.84119987517415,2.712091446163376],[98.78085899374766,2.768499374646469],[98.72930336006209,2.793966293609639],[98.69713401782067,2.798627852993118],[98.6456851957153,2.788686751592383],[98.58116722059084,2.825017928734507],[98.56521415670804,2.880807876382473],[98.53455218703384,2.910236412380595],[98.56020820104773,3.025673267907013],[98.5848470143783,3.050173877022843],[98.58194780874442,3.071247901869278],[98.60672808633218,3.109830946341162],[98.62872639840467,3.097746130079869],[98.63484453304882,3.062013986856037],[98.69257590205628,3.072048822795036],[98.6952901036554,3.041030398733934],[98.70504561106618,3.050432416822634],[98.71450936131808,3.066710250177994],[98.71372444382806,3.107519944090175],[98.72626947915319,3.120593823046502],[98.73267716042268,3.145320070265111],[98.73541412026553,3.170506401649153],[98.72740220224993,3.176693829956289],[98.73567361064867,3.214917499942715],[98.75155883956884,3.209019227955089],[98.76175662726659,3.221462704640143],[98.77472916342025,3.212992092810939],[98.78923273780066,3.222383527677696],[98.84043844078147,3.222408708695056],[98.85489956895995,3.231026893876109],[98.8629977418524,3.256037876346983],[98.8919718477226,3.259990921044253],[98.9133802162241,3.274858362923204],[98.92321352578361,3.26554790031539],[98.96441844925207,3.287171712204827],[98.9870098138519,3.274000671393939],[98.95841452491047,3.248769436860076],[98.93710897140201,3.207542192218437],[99.00796670200172,3.208501294898912],[98.96503184894071,3.14481445432364],[98.97279371405872,3.131272340646007],[98.98921324099834,3.125224598636333],[98.97759732135937,3.118654857735525],[98.98135701991062,3.078797883115868],[98.92689519375827,3.015879286599809],[98.97051969732621,3.017966971898222],[99.0000000001,3.025168208645933],[99.0104913364061,3.049195109766533],[99.00707141161644,3.069080847802951],[99.03431595571682,3.091600156921736],[99.03274074638843,3.110776206656695],[99.07334057810526,3.126736151252473],[99.07637235010395,3.134067267190698],[99.10913035887901,3.139951412627639],[99.13164307776589,3.157641095260399],[99.13286539672075,3.173787811058681],[99.14638665781808,3.171473119788647],[99.152855334706,3.15014192391072],[99.15989418986501,3.152208029077318],[99.19674971942409,3.178476992219469],[99.19481938670535,3.199317360607811],[99.20806219971082,3.215629898800842],[99.20677722229098,3.224715000297106],[99.22656388921217,3.204430555925452],[99.2263005083618,3.227642269275343],[99.2401666666584,3.247061110781701],[99.23598808278383,3.257249862990829],[99.26023406235217,3.259569492438196],[99.26537799200081,3.279326620227362],[99.28068083255438,3.273811111393709],[99.30172825815268,3.283183049857929],[99.30501666698565,3.304255555749357],[99.32459663102972,3.29513953196383]],[[99.09920117259615,3.018692865083693],[99.02997350727165,3.003706901552338],[99.03847085774397,3.003306291352303],[99.03942127477207,2.994408215566779],[99.02702595138668,2.988207069001113],[99.02085472616473,2.948441267650391],[99.02722982409712,2.933642881114128],[99.04163417897426,2.924920122765528],[99.01215324487642,2.892163430597904],[99.02881028906367,2.892257604904657],[99.0396037975772,2.908696046385483],[99.10207736457878,2.935038904122166],[99.09233702243571,2.957142766925202],[99.0988744219171,2.96272274725704],[99.08361226039754,2.955607893989164],[99.08002637831471,2.959687503875251],[99.0912269073959,2.9743999781765],[99.08249676741191,2.975633609703387],[99.0948836947268,2.97865754231179],[99.09229406541883,3.00393999233679],[99.09920117259615,3.018692865083693]]]]}},{"type":"Feature","properties":{"kode":"12.09","nama":"Kabupaten Asahan","lat":2.8049256994601652,"lng":99.55936027034083},"geometry":{"type":"MultiPolygon","coordinates":[[[[99.73741141090798,3.172810481818299],[99.75689150793677,3.168455638916633],[99.77090978475879,3.132100733162368],[99.85787343071429,3.035217717923388],[99.89045755377315,3.039290584692743],[99.91142151059431,2.997857560777838],[99.93459891390884,2.974315700009566],[99.97874367258245,2.9446724904431],[99.97720038019345,2.958046053182816],[99.98999236305718,2.960558764375531],[99.98701059696155,2.85638001972217],[99.97724199811981,2.847086394221797],[99.69459000102778,2.596342851441522],[99.64629601414977,2.575581862612905],[99.60911875212878,2.574255680954904],[99.5827240152012,2.591547930692537],[99.57014698739363,2.584735866567042],[99.55998402414347,2.610176891350521],[99.54369303730394,2.615493872144567],[99.5375720068427,2.589373026444017],[99.50415903171402,2.585842896932197],[99.4655700211396,2.547522603785188],[99.44850386636037,2.567413676599914],[99.46054263823228,2.58506188879519],[99.4559399997312,2.604371999568153],[99.44238799980637,2.595054999788468],[99.43904351914311,2.574043843848381],[99.41621255266725,2.562712777272866],[99.40823916340676,2.564251777197788],[99.42425499996835,2.599212999980002],[99.39595900000789,2.585277000333372],[99.38517900021081,2.56441000032128],[99.36774800126932,2.567820987648537],[99.34857399119684,2.560157029023744],[99.32672362929213,2.565933434780218],[99.31075100965143,2.56134403340049],[99.30543199818824,2.550301997239421],[99.30500891213164,2.574051451213608],[99.2708728667894,2.542828847773146],[99.22148148758062,2.540958575377969],[99.2035087433339,2.531159482324272],[99.17972124623851,2.538434042597013],[99.16859001981365,2.559967026557095],[99.08983018921195,2.577576504052479],[99.07766666698313,2.597055556069103],[99.07865003337243,2.662072029000948],[99.12597197722508,2.693019036999031],[99.12570301698068,2.712808982848378],[99.20728824225866,2.770261628571388],[99.21056386093353,2.785962992897883],[99.24785940988393,2.812248107863912],[99.26622601401937,2.860692565709332],[99.3328543256666,2.894214971243979],[99.3490328765661,2.895572348585084],[99.36111268360352,2.882137077064527],[99.37635173164715,2.885254586829799],[99.3992995353453,2.915230999710893],[99.4460056963059,2.931479021439753],[99.45505627372816,2.955478924912502],[99.49786397973895,2.982167043174599],[99.49729001712063,3.002366971958214],[99.51978397884758,3.015168036176007],[99.52387899322105,3.02603199398137],[99.54430996503294,3.037666988240971],[99.54380401724163,3.0399829871252],[99.57007410183834,3.085039498274277],[99.56904337625089,3.062639241407904],[99.55702000526904,3.061478572777986],[99.54947131185158,3.029005045646404],[99.53117657793676,3.028797090913059],[99.53003754609593,3.021587021923565],[99.54957206919565,3.021641026212428],[99.55228319691211,3.015325565922144],[99.56278408581701,3.018395538423423],[99.55348420643105,3.027863117089268],[99.59104636299931,3.038993492755559],[99.59555484967663,3.065244768930974],[99.61986949697976,3.093088650021269],[99.61373633916081,3.100609897029226],[99.6015603604224,3.100806896221386],[99.60403179812906,3.094843809194558],[99.60194372882005,3.094428860203745],[99.59274465803955,3.106449194175042],[99.60881097174902,3.111540969440195],[99.61815369573654,3.129230499188228],[99.6198738928659,3.130044069977899],[99.62230124400723,3.127120198638277],[99.62737635033832,3.12705452474653],[99.62081247121863,3.137008321876621],[99.70206609757246,3.117580008710451],[99.73741141090798,3.172810481818299]],[[99.80661421897109,3.018202094251276],[99.79858044383245,3.009479302627781],[99.76607438642381,3.008961317410929],[99.78276917965398,2.970434065979454],[99.7572037525512,2.966275143982799],[99.75253443921301,2.944279314938502],[99.77516699725918,2.920875431755764],[99.80364647780281,2.928791828280296],[99.81719762067375,2.924249875131689],[99.83792710355306,2.938071488208681],[99.83536003373864,2.955436533569266],[99.8108886435961,2.969911994243212],[99.80840546164279,2.989336954736665],[99.81893972079152,2.993548512254151],[99.81723080925453,3.025051224834229],[99.80661421897109,3.018202094251276]]]]}},{"type":"Feature","properties":{"kode":"12.10","nama":"Kabupaten Labuhanbatu","lat":2.2856237163202233,"lng":100.06158839131187},"geometry":{"type":"MultiPolygon","coordinates":[[[[100.1383308302037,2.687608962883401],[100.1757709838439,2.71111862882176],[100.220201449937,2.704593716426926],[100.2342701553434,2.642470102613201],[100.2712433342125,2.612340894916462],[100.2729646393067,2.595399362790404],[100.2889885140088,2.574581480151236],[100.3208967731676,2.550344957853598],[100.29896999407,2.442579971388634],[100.3066900362163,2.375170013985015],[100.3625847656745,2.247977342980009],[100.3471414222389,2.242501238841152],[100.3602372923173,2.219383401222982],[100.237952778398,2.219647221841845],[100.2111805564376,2.214002778105792],[100.204759746865,2.193883409691663],[100.1567611108367,2.193883333249255],[100.1573036160691,2.169440782566065],[100.1250027506764,2.170633412202269],[100.1241903436096,2.128437929566848],[100.1080673474303,2.133687568226714],[100.1005857461353,2.108465767581189],[100.077824396179,2.094003898361249],[100.0520083334179,2.095652778353083],[100.0451055555769,2.078788889195968],[100.0356527779534,2.07616111064681],[100.0487718739229,2.019316269929947],[100.0454153594313,2.013362972922936],[100.0389786246638,2.017021342161327],[100.0292117156482,1.99963591726384],[100.0599864746961,1.987356036252061],[100.0372388888637,1.936341666734551],[99.99777222181066,1.936261110861645],[99.99809166729665,1.948430556025402],[99.96324166726917,1.948433333131858],[99.96965821855201,1.953014287179686],[99.96908069281979,1.961357176392584],[99.95592747027656,1.952021969838055],[99.96726666672335,1.938191666612196],[99.9594944441134,1.926961110966571],[99.94376555603563,1.944686750293309],[99.95310493994116,1.968160133083716],[99.91264999979774,1.96589722207918],[99.91026022413016,1.984839124326163],[99.88295833296071,1.967533332597268],[99.88829235231022,1.936356451589047],[99.88056263525748,1.907396178191087],[99.86507500021112,1.886941666624617],[99.8728639358221,1.883657147359516],[99.87433611072302,1.86364166682946],[99.8679360718922,1.863188428303372],[99.88241356503413,1.823393267685189],[99.86324213691515,1.813368851291505],[99.86270811498758,1.796350580015302],[99.85089631761103,1.793700379568916],[99.8373629030756,1.80270605384136],[99.84029974893437,1.821322358340202],[99.82956462260934,1.826136302448431],[99.84786165339271,1.835186267432329],[99.83170615661386,1.859671490047285],[99.83516292572855,1.904528940758007],[99.82911846174765,1.909833520800428],[99.83505739118576,1.917895776568843],[99.84565003342236,1.916947412692968],[99.83897946592967,1.947634677598328],[99.83044309117577,1.953993291857012],[99.85568812130984,1.972531992957125],[99.85202004658792,1.993591554007088],[99.83896654536984,1.993595401306811],[99.8526678921096,1.998891161697822],[99.84986112688954,2.003887768905452],[99.79146409409273,2.024171459645194],[99.76535373088998,2.004094464587888],[99.74205446674033,2.001881851766127],[99.73333912330193,1.976032898999167],[99.70935192005511,1.963200173249488],[99.70798382639258,1.948977662189419],[99.7011138522225,1.942822872977265],[99.70871558855357,1.969104103771466],[99.69209072480713,1.971307129820252],[99.6838154241426,1.982597800648042],[99.69516951875838,2.027350117913704],[99.67778402461309,2.037117022432719],[99.65629003795492,2.026840787772175],[99.63055698082007,2.047438264564347],[99.66761971597717,2.064736075709403],[99.67296600297871,2.075757027265032],[99.71609497110606,2.089374303581268],[99.73188781716905,2.118291139724368],[99.7634955669669,2.13471764540307],[99.77112283055429,2.188041318352171],[99.86416457693373,2.180981469419338],[99.8623437105938,2.189538300152469],[99.882800740262,2.196193653814158],[99.92772834258898,2.189786018410109],[99.93737559410849,2.206128891635137],[99.94955843377481,2.208793887727742],[99.96151152363797,2.208232520114725],[99.96292904134225,2.197265060234363],[99.98985936501775,2.198473943317866],[99.99830848125143,2.257951900060126],[100.0027639708806,2.262287984902597],[100.021079005192,2.252961987405852],[100.0236671479206,2.264238545172789],[100.020454875692,2.276790202206078],[99.98678093798998,2.274591511788879],[99.98324183144544,2.40841305771646],[100.0090963896867,2.409346110634589],[100.0144311114067,2.445497499809798],[100.0374199790489,2.483398678306445],[100.015855858761,2.48557725088949],[100.0154491826338,2.494272582613652],[100.0551552114439,2.514452223591343],[100.0729370116338,2.545938968708514],[100.0595834174408,2.63342837541922],[100.0576400760287,2.679125309085803],[100.0644930386229,2.696650654104468],[100.0523530291691,2.712999929603141],[100.0595507630573,2.734117102122655],[100.0886482100469,2.709943382181399],[100.1383308302037,2.687608962883401]]]]}},{"type":"Feature","properties":{"kode":"12.11","nama":"Kabupaten Dairi","lat":2.84050704394658,"lng":98.2792133841677},"geometry":{"type":"MultiPolygon","coordinates":[[[[98.05963607134768,3.110317018215913],[98.07782505218447,3.074920505576916],[98.09898706759915,3.070768266442347],[98.11308428960835,3.054747260577638],[98.13901057867535,3.048480041720602],[98.15975413234744,3.070330622160554],[98.17686507965973,3.063489109734729],[98.1825556972877,3.06850072842597],[98.19837899619378,3.046544984863186],[98.19316587360622,3.020999804197654],[98.1985142758132,2.990100908130454],[98.22532743401396,2.949676199596961],[98.24888888921099,2.931166667108108],[98.29629121356872,2.967605247584192],[98.34567589102964,2.965949030023761],[98.36976972779074,2.93271201174996],[98.43057357571003,2.917392343981561],[98.43819166441389,2.891859775408378],[98.48419444401847,2.870222221878048],[98.48272222235273,2.860555555794274],[98.53207206727218,2.879407882867579],[98.54084968606426,2.85821342441006],[98.6289424893045,2.794904709185019],[98.5865383135924,2.750848770254619],[98.57229899330392,2.724392544880081],[98.56027777799709,2.580213889159763],[98.51971824400178,2.556697866813115],[98.46750805585215,2.549219166731229],[98.46507948882743,2.561684060770839],[98.44112438058576,2.586701208993622],[98.4222043507502,2.635683171840972],[98.3570148869276,2.659778247867914],[98.34004499198286,2.678846234166452],[98.33915059732223,2.702187450790314],[98.30703311088944,2.696077890282497],[98.2773634018995,2.717386893590332],[98.26084642712095,2.719727369322664],[98.24689023589569,2.708636651060667],[98.2357429403845,2.721446859584928],[98.20524925814681,2.72912980289812],[98.17839705587949,2.760254909036883],[98.17029873909557,2.753894121116859],[98.15794777836727,2.769264444098882],[98.1378676950382,2.77025990906756],[98.10584957110088,2.790071598725351],[98.09936447978697,2.822659179677455],[98.05534692661949,2.818849189238758],[98.03909366813836,2.847464651772324],[97.9930495242162,2.881835632408624],[97.94433028031821,2.89902112182736],[97.95665195282541,2.960386293292871],[97.95389578885964,2.984543256166393],[97.93618750015312,2.989500555806067],[97.94741868532417,3.006863413116111],[97.93760965476187,3.029247914759491],[97.94312169940694,3.046979530081305],[97.93010266020967,3.054718335682715],[97.93645141160343,3.074257609001506],[97.94992473433913,3.07483066780112],[97.94856088367793,3.065535475681735],[97.96108031440507,3.064931822845395],[97.9883429924352,3.091568106882669],[98.03758721737627,3.078170189602613],[98.03584330872181,3.108665092220274],[98.05963607134768,3.110317018215913]]]]}},{"type":"Feature","properties":{"kode":"12.12","nama":"Kabupaten Toba","lat":2.388958212256002,"lng":99.24756872047915},"geometry":{"type":"MultiPolygon","coordinates":[[[[98.91452217086153,2.659395217615243],[98.9505491667107,2.654147222016709],[98.95798083314904,2.646119166566338],[98.96092777839428,2.614181943841684],[98.97456777788071,2.602021389375706],[98.99335750044834,2.602730278179807],[99.04235611064604,2.6337775003314],[99.07356277809984,2.606256110730973],[99.09072953733832,2.576634412048515],[99.16859001981365,2.559967026557095],[99.17902500100301,2.53907011419445],[99.19896372169849,2.531446963206838],[99.22148148758062,2.540958575377969],[99.2708728667894,2.542828847773146],[99.30500891213164,2.574051451213608],[99.30543199818824,2.550301997239421],[99.31075100965143,2.56134403340049],[99.32672362929213,2.565933434780218],[99.34857399119684,2.560157029023744],[99.36774800126932,2.567820987648537],[99.38517900021081,2.56441000032128],[99.39595900000789,2.585277000333372],[99.42425499996835,2.599212999980002],[99.40823916340676,2.564251777197788],[99.41621255266725,2.562712777272866],[99.43904351914311,2.574043843848381],[99.44238799980637,2.595054999788468],[99.4574029997487,2.604256999660867],[99.46054263823228,2.58506188879519],[99.44850386636037,2.567413676599914],[99.4655700211396,2.547522603785188],[99.45254516602665,2.540852785427747],[99.44710540798823,2.495395422161037],[99.41874694831304,2.46039629025667],[99.50176238972259,2.394511460735346],[99.51949310302435,2.400058985433892],[99.51115417532496,2.413528918624783],[99.51827240015125,2.423019647638666],[99.51237487819814,2.438464642229496],[99.5236663817981,2.459093094370887],[99.52823638929799,2.449169635870005],[99.52066039965783,2.442228794223508],[99.53023529082603,2.422674416790935],[99.51786804157689,2.370066642861365],[99.52046203619413,2.3508064750388],[99.56069703723853,2.33401532934405],[99.56908593396868,2.342172914148685],[99.58188446029969,2.337443734740605],[99.58584609172375,2.313536883220666],[99.56205005376702,2.301694068226753],[99.55725306098003,2.309974592153738],[99.55018615686569,2.307192563685964],[99.54758453419898,2.268136024358133],[99.53478240968053,2.24739813821355],[99.47933196959481,2.242449284107215],[99.46440887496962,2.229292154009707],[99.42407966814223,2.215301579004711],[99.39300278005426,2.169766667197967],[99.36158333030654,2.172775000166125],[99.35820556033838,2.159772221610831],[99.33408446242804,2.138987771268683],[99.33159444023133,2.104972221590826],[99.29359793269846,2.10523868531711],[99.25168967643746,2.120853898188921],[99.21240278026413,2.164988889325878],[99.20342778006811,2.190169444364384],[99.20728020861478,2.216192158741157],[99.19270363086788,2.236780147685666],[99.19654721997834,2.269969444334416],[99.18125555979633,2.295500000224868],[99.16085832964822,2.302791667401591],[99.1381666699559,2.277791666552195],[99.12344051876498,2.276078780011767],[99.11681609908382,2.283788232640857],[99.08967221969723,2.28136111082666],[99.06927500034104,2.292536110852891],[99.05105833027778,2.28199166688203],[99.01999345173641,2.285560613831292],[98.99863610986867,2.269613889269648],[98.98688241858885,2.325303512147434],[98.99600028958174,2.353483200089654],[98.9816455835769,2.394491195412416],[99.0188884736242,2.439195632772259],[99.01859474155407,2.483686446971964],[98.98991966206273,2.52015113836441],[98.93507194491434,2.556314468737783],[98.9068317415916,2.593187331829958],[98.89469337429985,2.662939071680823],[98.91452217086153,2.659395217615243]]]]}},{"type":"Feature","properties":{"kode":"12.13","nama":"Kabupaten Mandailing Natal","lat":0.7763978727654439,"lng":99.36867173648257},"geometry":{"type":"MultiPolygon","coordinates":[[[[99.13729964885972,0.263725126213663],[99.13818081898965,0.263740855356184],[99.13900010766886,0.26346830681698],[99.13604891762346,0.263182141642579],[99.13729964885972,0.263725126213663]]],[[[99.14951424088954,0.268020754154483],[99.14991706522042,0.267641564007024],[99.15100194078704,0.267286878586612],[99.14849189788285,0.267249462292904],[99.14951424088954,0.268020754154483]]],[[[99.10465167213701,0.373203757347637],[99.1038910840064,0.362412721070291],[99.0892825938167,0.361563240351279],[99.09025066903322,0.365901338775851],[99.10465167213701,0.373203757347637]]],[[[99.05694767379615,0.610300118655546],[99.05828227041053,0.61013095617872],[99.05824023969535,0.608783724089632],[99.05614189563205,0.609546279037618],[99.05694767379615,0.610300118655546]]],[[[99.06156073364102,0.611932229888554],[99.0596465320619,0.611437102740117],[99.05883712063665,0.610604930373279],[99.05936603621367,0.611700873896234],[99.06194876862081,0.612659931610635],[99.06156073364102,0.611932229888554]]],[[[99.04545746499004,0.644890334221612],[99.04465174528194,0.643129914014404],[99.04309430385908,0.644456535440805],[99.04391943723236,0.646277197634612],[99.04545746499004,0.644890334221612]]],[[[99.05086047583038,0.711238523239308],[99.04971687183621,0.708598529198776],[99.04656119664199,0.711651042261893],[99.04834234892027,0.713249716701123],[99.05086047583038,0.711238523239308]]],[[[99.02675784909555,0.733736406909744],[99.02535043437514,0.732899710952958],[99.02443133533791,0.733730269936059],[99.02654249294176,0.734701286835035],[99.02675784909555,0.733736406909744]]],[[[99.04458924419833,0.759659015950851],[99.04488377486636,0.759634663209161],[99.04440709730974,0.75926027724009],[99.044221085135,0.759620106782608],[99.04458924419833,0.759659015950851]]],[[[99.04070661012204,0.763093866788564],[99.04135891088514,0.761650478286954],[99.03960984192072,0.761250052447979],[99.0392086966241,0.762636815136927],[99.04070661012204,0.763093866788564]]],[[[99.03760171065048,0.763776465711372],[99.03619437776833,0.765339532393591],[99.03616496274289,0.766117623129878],[99.03898179407454,0.764921156086571],[99.03760171065048,0.763776465711372]]],[[[99.03940497635861,0.774564690707999],[99.03930180973074,0.77407081001992],[99.03877103975175,0.774514674013036],[99.0391106858096,0.774666726887949],[99.03940497635861,0.774564690707999]]],[[[99.0052748647433,0.781398713579781],[99.00993498431211,0.780481405992115],[99.00821169171628,0.77582616614473],[99.00266203472518,0.777959453366092],[99.0052748647433,0.781398713579781]]],[[[98.94420344333425,0.860488136718216],[98.94432469532848,0.860117909214184],[98.9439617586283,0.860899792391498],[98.94414933562341,0.860906126316705],[98.94420344333425,0.860488136718216]]],[[[98.9459744836356,0.861149409117987],[98.94643604898455,0.860908782914047],[98.94478848200286,0.860545223883078],[98.94487118185961,0.86087737319229],[98.9459744836356,0.861149409117987]]],[[[98.95194978435515,0.862493800248762],[98.95038522839569,0.861381641949263],[98.94793057563561,0.861488707138156],[98.94930896383768,0.862487072420512],[98.95194978435515,0.862493800248762]]],[[[98.92208240797682,0.874549883170614],[98.92038145274192,0.875211973953435],[98.92082416200557,0.876915149614474],[98.9230224747075,0.876579609861158],[98.92208240797682,0.874549883170614]]],[[[98.8238018939423,1.275609555336763],[98.82699509964421,1.271604241142851],[98.81902426535764,1.265468479786522],[98.81754248299931,1.274974581811536],[98.8238018939423,1.275609555336763]]],[[[98.97231493928308,1.345200409171563],[99.00626109277525,1.306393717696006],[99.03078409770802,1.296295380627408],[99.02921409995079,1.26185509014036],[99.0503835401683,1.204533088031587],[99.06916855388573,1.197363644116953],[99.07303414041333,1.186711721269004],[99.13280869986163,1.167322689590497],[99.11732761098048,1.101377020932867],[99.13234917507442,1.110369594781011],[99.14609269192424,1.107621539102796],[99.15234711162994,1.097736455573026],[99.19967982036748,1.090704366913029],[99.21861719093071,1.066525552312411],[99.21300588181602,1.062809616570545],[99.22261638343943,1.04298898135646],[99.22252008223606,1.049337425182115],[99.24036922456014,1.041615950415784],[99.26163886004545,1.051806985104362],[99.26952000134698,1.097334992815677],[99.27812363639671,1.095826611209214],[99.28160916313239,1.083050023839613],[99.33627215413671,1.023693025912495],[99.341998162785,1.026622066555147],[99.35204734830651,1.016498645596117],[99.37473652497074,1.02345471006686],[99.3865892756746,1.00796883139653],[99.41962282323479,0.989283078551326],[99.42157158486081,0.979760425403351],[99.44007090644723,0.976612532042795],[99.46365914075677,1.018947791807198],[99.45167636337355,1.04659226532082],[99.42443572143148,1.071418494667872],[99.42859638901226,1.089688370422001],[99.46283678359077,1.114813543410362],[99.47624524272382,1.115245979718191],[99.48111739994815,1.127001262798119],[99.49559265018065,1.12705187574351],[99.51059595264115,1.114638120752717],[99.52039535955826,1.119224348425016],[99.52460018834805,1.105928328829384],[99.53914728272096,1.101252088912849],[99.5482823793284,1.086571328304251],[99.5451144077038,1.069698232787283],[99.56882908399504,1.069224108405928],[99.5696718440804,1.040692877274482],[99.58412197085235,1.015845649657107],[99.60522009842882,1.000835727287017],[99.59032398976039,0.980128245422238],[99.60287309271912,0.950807780954419],[99.6205320877857,0.948660009252064],[99.64176507140095,0.91947426142813],[99.67409511619675,0.9328516705682],[99.70307024999207,0.926132495618257],[99.71366738704039,0.91304144410744],[99.71055044744524,0.902753958028788],[99.73278762305041,0.893411645031447],[99.7457100615702,0.867125841184643],[99.79873937562168,0.858500850833652],[99.83833325087886,0.826944437935515],[99.85014280894357,0.791107169360414],[99.84328069125101,0.781404621226331],[99.84817098780094,0.763073912631038],[99.83470900012034,0.757159999634302],[99.82496520637923,0.73601658399822],[99.8354619997716,0.710829999904592],[99.83083300034276,0.696111000122565],[99.85055599975962,0.683611000147641],[99.88662700033585,0.68870500033553],[99.89620200032206,0.676593000266765],[99.91131600033324,0.679810000231404],[99.92637491327164,0.632027809435895],[99.9092480002951,0.625633000162848],[99.92295300008098,0.616052999946001],[99.92041199981398,0.605069000633948],[99.95962300040124,0.568720999874303],[99.96447300012893,0.54591600042315],[99.95026100034498,0.523806999793239],[99.96071826403667,0.513415139297299],[99.92676149314846,0.496656104795454],[99.9072819995647,0.471537999579061],[99.85865012030685,0.463578033599463],[99.84931299999499,0.469978999631168],[99.83580200016219,0.458703000343272],[99.80978099989329,0.462717000189469],[99.78500699957348,0.481249999587893],[99.74395200028466,0.478857999896862],[99.71781700015448,0.451361999956321],[99.69923700038731,0.469144999841939],[99.67677249865196,0.47273257534812],[99.66055599995954,0.503611000147616],[99.66537500005629,0.516176999568893],[99.64254128705076,0.545332942061735],[99.57336900017927,0.508856000104371],[99.5279940004228,0.522496999636887],[99.51251999999805,0.537931000015687],[99.51917999955737,0.551981000422883],[99.47638900025218,0.526110999922766],[99.4385370002824,0.477588999832543],[99.41003699990769,0.484389999598919],[99.36599799970797,0.431546999894225],[99.34990699960841,0.385072999819178],[99.31666659628645,0.333888835601323],[99.26275299955135,0.34458999992861],[99.2460824376544,0.338236266290723],[99.24166600018586,0.32828900003736],[99.2234940003479,0.329260999895295],[99.19366299974769,0.311628000631822],[99.18729300007196,0.29226900001442],[99.19614299989959,0.271953000230882],[99.1655418981401,0.229010308678854],[99.15778129567029,0.24621725861966],[99.13694736732715,0.257599555075425],[99.15988237187398,0.270968801069424],[99.15120513181141,0.3270547012135],[99.10877105723858,0.346177161247072],[99.12095747800531,0.352591954355239],[99.12281066687886,0.36783495671788],[99.13364685092147,0.376952835804831],[99.13948588636462,0.42375634208158],[99.11746908243228,0.503660482645182],[99.09300273568779,0.50770410795826],[99.08923921861513,0.531528077958418],[99.1011482821676,0.528082571953201],[99.10805241618614,0.537645303388087],[99.10650458491871,0.580438892740728],[99.08636661672607,0.619185523892815],[99.06741013556936,0.631806471891158],[99.0604226712694,0.621446101156684],[99.05124149879617,0.621815409553525],[99.04557479144357,0.638305059331065],[99.04947471228823,0.645486392283187],[99.05929720480216,0.639262107959945],[99.05501160160416,0.650987152235347],[99.06636318081624,0.659254546959806],[99.04648179190124,0.670533480735555],[99.0620169381313,0.690456636864331],[99.0585348063363,0.742352297920254],[99.01178868040331,0.82468708024461],[98.99472701144246,0.820972035730902],[98.97009502486554,0.847356514991235],[98.98213557469703,0.847000915859583],[98.98649880827342,0.855114981571178],[98.97009972202457,0.935837471921827],[98.92853920392112,1.038168635873868],[98.90884666094475,1.128325268996042],[98.84040233479998,1.283592540363474],[98.84546424178137,1.29949548862591],[98.8659390168722,1.279599901214487],[98.88098005128839,1.299172625716169],[98.90788133855303,1.293346744656551],[98.93772416703672,1.327115472700966],[98.97231493928308,1.345200409171563]]]]}},{"type":"Feature","properties":{"kode":"12.14","nama":"Kabupaten Nias Selatan","lat":0.3293111519012687,"lng":98.09889773038795},"geometry":{"type":"MultiPolygon","coordinates":[[[[98.51629426686698,-0.638775138361927],[98.48949234299728,-0.618987740291901],[98.4884673631783,-0.609631852028317],[98.50155154027138,-0.595452679297617],[98.52046427120925,-0.620543760785866],[98.51629426686698,-0.638775138361927]]],[[[98.50384604086214,-0.534803068706571],[98.500266270572,-0.53353395982432],[98.49980983135863,-0.530786468021097],[98.5055194300777,-0.532206841972174],[98.50384604086214,-0.534803068706571]]],[[[98.51898760869122,-0.502379525894339],[98.51707666355726,-0.497203058774145],[98.52244002598646,-0.493472440700574],[98.52445333285515,-0.497832615682617],[98.51898760869122,-0.502379525894339]]],[[[98.51775563821217,-0.479466599703729],[98.51722620822298,-0.477033600820034],[98.518540859673,-0.476093713953654],[98.51858844909775,-0.477319135569568],[98.51775563821217,-0.479466599703729]]],[[[98.51922200978797,-0.461712075052192],[98.51890628929387,-0.461490819345814],[98.51907285093132,-0.460818621082451],[98.51916666730786,-0.460833333091751],[98.51922200978797,-0.461712075052192]]],[[[98.51678368781697,-0.457058318186812],[98.51516922398058,-0.457694824156787],[98.51401280644595,-0.456452745297911],[98.51597586099722,-0.455117867195812],[98.51678368781697,-0.457058318186812]]],[[[98.50863892015009,-0.398816511972447],[98.50878809969116,-0.399626248952226],[98.50777164364649,-0.399611475788911],[98.5076823769402,-0.399085391277756],[98.50863892015009,-0.398816511972447]]],[[[98.53482974030034,-0.396973832576267],[98.53250500720036,-0.395489049180211],[98.53348167364035,-0.392289889966404],[98.53651081332343,-0.394740668447094],[98.53482974030034,-0.396973832576267]]],[[[98.52148179295042,-0.385657693847444],[98.52100167998363,-0.385315443352921],[98.52110150473077,-0.384849600828366],[98.52144376421845,-0.385082521641047],[98.52148179295042,-0.385657693847444]]],[[[98.5129401868402,-0.340475351356398],[98.50830023816549,-0.33779250911701],[98.5109116958182,-0.334366084926854],[98.51452252779251,-0.337370155108532],[98.5129401868402,-0.340475351356398]]],[[[98.5095601622717,-0.332384945908506],[98.50995991182053,-0.334205233984333],[98.50614087690005,-0.335547250005577],[98.50618370711241,-0.331371294849328],[98.5095601622717,-0.332384945908506]]],[[[98.57824367120853,-0.328027337591477],[98.57739420397944,-0.33571537736268],[98.56999151729472,-0.334343378843796],[98.57557748531273,-0.326117423979857],[98.57824367120853,-0.328027337591477]]],[[[98.51698379956272,-0.321816144699286],[98.52083852587731,-0.326420401979968],[98.51974067399297,-0.329850719335203],[98.51105121394245,-0.32444933356979],[98.51698379956272,-0.321816144699286]]],[[[98.4953580019703,-0.315572169719827],[98.49366809940335,-0.31349725659309],[98.4951868726761,-0.311151393022316],[98.49705503526171,-0.31361847171503],[98.4953580019703,-0.315572169719827]]],[[[98.40881009910684,-0.307384825449278],[98.4115454950286,-0.310092933242226],[98.40811714718868,-0.313240322083155],[98.40732656936574,-0.308686728109977],[98.40881009910684,-0.307384825449278]]],[[[98.40789491841579,-0.307277851991186],[98.40749561583003,-0.307256460717012],[98.40745283418106,-0.306899946974928],[98.40786639641716,-0.306942727724715],[98.40789491841579,-0.307277851991186]]],[[[98.40780484411835,-0.306615566055493],[98.40715956706042,-0.306294990121694],[98.40716207796764,-0.306163586580224],[98.40773625372525,-0.30629811796368],[98.40780484411835,-0.306615566055493]]],[[[98.49266352969816,-0.291518607297883],[98.48786365818128,-0.286337149839502],[98.48700801440839,-0.283754682732321],[98.49141868002815,-0.286526047938709],[98.49266352969816,-0.291518607297883]]],[[[98.46812115067063,-0.278599356874823],[98.46736532894684,-0.278528054126317],[98.46732254729777,-0.276453133805068],[98.46879140819699,-0.277950498716509],[98.46812115067063,-0.278599356874823]]],[[[98.38920150604477,-0.272735589176046],[98.38193566919588,-0.270765624234118],[98.38275507388762,-0.260655952110403],[98.38939662295584,-0.264249212231318],[98.38920150604477,-0.272735589176046]]],[[[98.41752011406207,-0.241632610856238],[98.42917830543453,-0.251080292021813],[98.44736080395805,-0.247871645859712],[98.4497225342676,-0.262045238297029],[98.48912350944246,-0.299858738290107],[98.50019354059945,-0.337910375163622],[98.5215075414399,-0.360254456777723],[98.52099714740042,-0.375051134602147],[98.50956621560837,-0.371558085936899],[98.51260464169093,-0.383007125578308],[98.52241119372171,-0.379966769550746],[98.5149223339986,-0.396772146117621],[98.50194383713846,-0.390746912340115],[98.4998957705734,-0.397574934035896],[98.51422468941792,-0.414543294737227],[98.50278385878812,-0.450628740224149],[98.50589317213225,-0.494346260671355],[98.48117451788976,-0.516787369241614],[98.5060134600532,-0.543162509042519],[98.5056283181924,-0.556743998636547],[98.49147242171497,-0.573241178437536],[98.4882989984001,-0.551106350177902],[98.4665929992676,-0.57508806666087],[98.47644484205584,-0.535396972891958],[98.469816862858,-0.532107536133777],[98.45125998376126,-0.545727948386057],[98.43153492489695,-0.540141261809771],[98.41641394344875,-0.553623674892625],[98.4259130577415,-0.588573145334317],[98.41700316126693,-0.598397509337525],[98.3935341986444,-0.563332047935619],[98.28748144401352,-0.523215465121554],[98.32341518016646,-0.507805443366463],[98.32573795814034,-0.522322997708072],[98.34579221294032,-0.518778538398815],[98.34388678514709,-0.498459939574472],[98.3529210056999,-0.496457144881271],[98.35490762608613,-0.471347210905007],[98.37556796099267,-0.461169287432631],[98.37267494539252,-0.383203193972184],[98.3828291717289,-0.369469840360795],[98.38424136184939,-0.343273501071176],[98.4091228113687,-0.313555008356905],[98.42328484032313,-0.3175152800061],[98.44077394176406,-0.301829991061167],[98.44060235471495,-0.284766012641382],[98.4307504651619,-0.278851442240205],[98.41383031261884,-0.246326144735745],[98.41752011406207,-0.241632610856238]]],[[[98.39924809792142,-0.23214865913326],[98.4071012918912,-0.232783094863878],[98.40912576384297,-0.234331286759451],[98.40446327995643,-0.236233592106563],[98.39924809792142,-0.23214865913326]]],[[[98.53310226855487,-0.228448969644182],[98.53474409696258,-0.23073325213783],[98.5300684559945,-0.228954605370715],[98.52960446067739,-0.223481844911147],[98.53310226855487,-0.228448969644182]]],[[[98.38836747837651,-0.215487431299868],[98.38546392901716,-0.218291033604226],[98.38287803099638,-0.21571817305526],[98.38713772832361,-0.212113362042013],[98.38836747837651,-0.215487431299868]]],[[[98.37335867206512,-0.196696768940699],[98.37223014520508,-0.198706161060416],[98.37048234968077,-0.196333075910696],[98.37213693587096,-0.195953612369307],[98.37335867206512,-0.196696768940699]]],[[[98.51806677126454,-0.188597084287936],[98.51683539973394,-0.188279425754859],[98.51666051037432,-0.187672663062946],[98.51781335760045,-0.187744046750352],[98.51806677126454,-0.188597084287936]]],[[[98.50813649500336,-0.176566684205051],[98.50826484174912,-0.177208416135402],[98.50729154327016,-0.176609465854119],[98.50782275841367,-0.175842952989827],[98.50813649500336,-0.176566684205051]]],[[[98.56808871192456,-0.173128663257119],[98.56763712095639,-0.172855332307689],[98.567707270774,-0.172188407668797],[98.56818378375462,-0.172504755889749],[98.56808871192456,-0.173128663257119]]],[[[98.40910428983115,-0.172857335097889],[98.40821612117715,-0.171058394229442],[98.41165997962437,-0.170128032982289],[98.41047707615621,-0.172404164020959],[98.40910428983115,-0.172857335097889]]],[[[98.51939972571678,-0.140153290142189],[98.52779922275593,-0.143056231559838],[98.52693071957705,-0.148302942926451],[98.51469791087993,-0.136779213689733],[98.51939972571678,-0.140153290142189]]],[[[98.28564821019687,-0.111225707999976],[98.2854171051154,-0.111057950264096],[98.28555717991995,-0.110579312185413],[98.28580154640433,-0.110758510197043],[98.28564821019687,-0.111225707999976]]],[[[98.28477203220359,-0.110236583251647],[98.28490141676701,-0.110887263436402],[98.284296253969,-0.110830167278289],[98.28465697473969,-0.110280936915677],[98.28477203220359,-0.110236583251647]]],[[[98.51457653298074,-0.116255394970446],[98.51078843114124,-0.11110624116],[98.51329162390932,-0.108955207616715],[98.51488110368007,-0.111877186782719],[98.51457653298074,-0.116255394970446]]],[[[98.2034124198474,-0.110737046077761],[98.20635051666311,-0.127868491637509],[98.18702577302109,-0.14328805969617],[98.18244295467868,-0.1187778116466],[98.2034124198474,-0.110737046077761]]],[[[98.60424486211073,-0.105172149175273],[98.60380837435706,-0.104627383946612],[98.60435990608491,-0.104140142053913],[98.60474563969956,-0.10459354785384],[98.60424486211073,-0.105172149175273]]],[[[98.22382808699668,-0.100807054002308],[98.22849630496059,-0.1043259401899],[98.2268509970759,-0.110767126601521],[98.21968339677142,-0.10596706532773],[98.22382808699668,-0.100807054002308]]],[[[98.47668559326556,-0.09986709519019],[98.48572891136028,-0.111903143015615],[98.48462330102456,-0.122396931772942],[98.46947282990725,-0.107731545974035],[98.47668559326556,-0.09986709519019]]],[[[98.49032959563436,-0.103291004875919],[98.49240453304283,-0.112478358389437],[98.49813260113868,-0.115298366126629],[98.49314345470678,-0.115080129444392],[98.4881770125592,-0.109936795146906],[98.48651840100345,-0.099224349723917],[98.49032959563436,-0.103291004875919]]],[[[98.288782988744,-0.098353331141235],[98.28751536194449,-0.106784039152055],[98.28523359935122,-0.110088003558475],[98.28030982373944,-0.100820464692644],[98.288782988744,-0.098353331141235]]],[[[98.30872180386822,-0.095466537950342],[98.31680476922482,-0.098210958568837],[98.3203518338701,-0.115585308315305],[98.30351851806519,-0.112406572705106],[98.30182455955583,-0.098412380626803],[98.30872180386822,-0.095466537950342]]],[[[98.36017545803101,-0.093320574784597],[98.36112719616322,-0.093911469838373],[98.36053559334299,-0.095322435981585],[98.35891615355769,-0.09392134529376],[98.36017545803101,-0.093320574784597]]],[[[98.50421250560274,-0.092904628445803],[98.50503106223384,-0.093173860285381],[98.50510244592115,-0.094411179931944],[98.50421014758025,-0.094268411657852],[98.50421250560274,-0.092904628445803]]],[[[98.32942112168747,-0.092152443580387],[98.33923754917363,-0.100186313147768],[98.33531137262176,-0.126591897697883],[98.34671138662131,-0.14277681669668],[98.31965771283328,-0.12500780486622],[98.32232612634974,-0.114363070299442],[98.31828998969134,-0.102852008913048],[98.32942112168747,-0.092152443580387]]],[[[98.26345556722075,-0.100573301316745],[98.2588522245506,-0.096781100367396],[98.26314644595182,-0.091955994773299],[98.26443967285267,-0.095207043969905],[98.26345556722075,-0.100573301316745]]],[[[98.31214855271361,-0.093824636697606],[98.30405906817147,-0.095235689175668],[98.30398020482264,-0.090307908882872],[98.30762713828186,-0.088977412277716],[98.31214855271361,-0.093824636697606]]],[[[98.34910619129775,-0.081466800652288],[98.34799354556576,-0.08146099193114],[98.34770337930762,-0.080174057586627],[98.34924566175799,-0.079929567895201],[98.34910619129775,-0.081466800652288]]],[[[98.36103235995554,-0.072813959196852],[98.36173596074606,-0.077075087345316],[98.35825596034435,-0.076324808143349],[98.35794316624421,-0.073765244070747],[98.36103235995554,-0.072813959196852]]],[[[98.59968083420323,-0.071597478640653],[98.59884048789823,-0.071048021648837],[98.59913856009653,-0.07049138267117],[98.60001840912236,-0.070961833321872],[98.59968083420323,-0.071597478640653]]],[[[98.61129575289672,-0.066660624188389],[98.61081379272238,-0.066372156749564],[98.61085786579797,-0.066051884786569],[98.61131329777055,-0.066084207320285],[98.61129575289672,-0.066660624188389]]],[[[98.46279578999375,-0.065357782635525],[98.46243320223056,-0.065058570996237],[98.462641252292,-0.064525981688648],[98.46293251122648,-0.064711494739614],[98.46279578999375,-0.065357782635525]]],[[[97.89008057455894,-0.062010030238627],[97.89904970128275,-0.097765024336363],[97.88852344070428,-0.106802217148497],[97.85595766201652,-0.090997837280307],[97.85556386058373,-0.080442548384843],[97.83648678483733,-0.066986078045053],[97.89008057455894,-0.062010030238627]]],[[[98.3328255007963,-0.061233103225147],[98.33087833726555,-0.061394173602183],[98.33061190591478,-0.060393193990629],[98.33189615758165,-0.059779355432868],[98.3328255007963,-0.061233103225147]]],[[[98.29892332864875,-0.058985296334304],[98.31486291798936,-0.069482326248307],[98.33102038428333,-0.061551450638911],[98.3308965620268,-0.073029706555674],[98.34263762412714,-0.066751837926907],[98.34484450826754,-0.082391485378677],[98.35718533723364,-0.089472113147407],[98.34768175600828,-0.097283533608186],[98.32304570989164,-0.090123026256597],[98.29537333221353,-0.071334488096111],[98.29892332864875,-0.058985296334304]]],[[[98.31302170358877,-0.047521557274058],[98.32745316762963,-0.053571131202704],[98.32443780915764,-0.061398397717818],[98.31733560935098,-0.062447809418822],[98.31302170358877,-0.047521557274058]]],[[[98.43505969714738,-0.04183316456883],[98.43440159485773,-0.04066557025986],[98.43537202719729,-0.04019368339179],[98.43603010790322,-0.041080090273907],[98.43505969714738,-0.04183316456883]]],[[[98.25810460644246,-0.036364187557217],[98.25983787791583,-0.038642832200855],[98.2557767383059,-0.042873139683566],[98.2546336442273,-0.037398894443344],[98.25810460644246,-0.036364187557217]]],[[[98.28362279665483,-0.04795765292325],[98.29055826305343,-0.079569561186224],[98.28238507770926,-0.094143571368724],[98.26499355360966,-0.064734917582301],[98.26433087017362,-0.0393614804479],[98.27398333955954,-0.032949057952594],[98.28362279665483,-0.04795765292325]]],[[[98.5270902763952,-0.032248860196729],[98.53747662314773,-0.060573964017221],[98.54587136187394,-0.062429944386436],[98.54530742939446,-0.07108166438721],[98.52557693862482,-0.055762693593378],[98.5270902763952,-0.032248860196729]]],[[[98.49265338624488,-0.028427775721232],[98.50575412525272,-0.047893578026128],[98.5000474978938,-0.071259479241517],[98.48788333264974,-0.049286385957872],[98.48570260619042,-0.036312577263578],[98.49265338624488,-0.028427775721232]]],[[[98.25926679492666,-0.027962757874958],[98.25549470281831,-0.028089924710242],[98.25600598718657,-0.024867221245264],[98.2570004026465,-0.024609748041351],[98.25926679492666,-0.027962757874958]]],[[[98.45011897790853,-0.019054705909907],[98.45175675127311,-0.020405718748842],[98.45187502021601,-0.023144998842531],[98.4500761467968,-0.021895782064599],[98.45011897790853,-0.019054705909907]]],[[[98.2454438877253,-0.009452832382253],[98.24464110430361,-0.009440930754304],[98.24408037880647,-0.006832119806502],[98.24463523892521,-0.007176799369704],[98.2454438877253,-0.009452832382253]]],[[[98.38189541464179,0.007776759789666],[98.39171782981403,0.004478827136209],[98.39551545007798,-0.014573517253938],[98.41492471290525,0.001637750981429],[98.41826547667043,-0.037544833727024],[98.42292684090103,-0.033675829775673],[98.44574111326182,-0.073757850744174],[98.4708578640992,-0.094365536640131],[98.4683664731343,-0.107948072145783],[98.48388289817726,-0.12438689943586],[98.479671251627,-0.135808311904009],[98.48793749971587,-0.137150327925253],[98.4753025618638,-0.148478942049548],[98.4956272041322,-0.189477768783933],[98.49268581579778,-0.210225505202891],[98.50840992757621,-0.215992522037192],[98.50807442379572,-0.226121886615685],[98.51901756510856,-0.221638982952646],[98.51018024662116,-0.228784504001636],[98.5231483086476,-0.227604292204278],[98.52040215233752,-0.231920215145712],[98.54708457159578,-0.246657746357906],[98.57304852966597,-0.280091272793983],[98.56827870180066,-0.330692890364562],[98.55126079744792,-0.335375670150986],[98.53981082970608,-0.329179552594175],[98.54353040410487,-0.365594824441542],[98.55706477821698,-0.378458190992673],[98.55733164394029,-0.390943772137378],[98.54852727211598,-0.390486366152823],[98.53540707807419,-0.352260973065446],[98.52502073042248,-0.342873999735252],[98.52639861680277,-0.331838418008504],[98.50417602280525,-0.307692877424318],[98.50682436255435,-0.297449298046606],[98.43444755201297,-0.20978205130058],[98.43297334374489,-0.186274478084661],[98.42391774630703,-0.18421380482321],[98.41282523299816,-0.15794793624824],[98.36671411656332,-0.108386339657754],[98.38019468423737,-0.103724862112633],[98.3501883311266,-0.043034041887482],[98.34081753300282,-0.032888720637894],[98.33028293660831,-0.036759847888648],[98.32806188274971,-0.028532631275871],[98.31879600762973,-0.032780271392399],[98.29317570209699,-0.020337420635455],[98.31986303255299,-0.014809456191392],[98.34705560393303,0.004771319041216],[98.3700174964104,-0.000624160876297],[98.38189541464179,0.007776759789666]]],[[[98.22995840205866,0.008490604757602],[98.2329767489778,0.002124357053487],[98.21729598632075,-0.008843468850975],[98.21729015241868,0.001323668152795],[98.22995840205866,0.008490604757602]]],[[[98.61121126608718,0.012255255875379],[98.60971220595364,0.012212425662936],[98.6094361878299,0.012714491980256],[98.61109229297502,0.013276044853614],[98.61121126608718,0.012255255875379]]],[[[98.26310013626231,0.014141641423679],[98.2630251831657,0.00749937559574],[98.24587129142698,-0.000802519820445],[98.25455787094907,0.011923983405124],[98.26310013626231,0.014141641423679]]],[[[98.6422158315954,0.020165795115387],[98.6428196211287,0.018687554287242],[98.64161204386083,0.018446634005029],[98.64119861292565,0.019773184384972],[98.6422158315954,0.020165795115387]]],[[[98.21302327040767,0.023572486381182],[98.21822298770077,0.022173660186306],[98.21729499796585,0.018924804436191],[98.2123153807503,0.020178780426436],[98.21302327040767,0.023572486381182]]],[[[98.9294243229742,0.030000484235002],[98.92864766665653,0.030596301278349],[98.92873523094622,0.031498592885823],[98.92936911988907,0.031114071557267],[98.9294243229742,0.030000484235002]]],[[[98.62259858885386,0.035798149964725],[98.62369790033793,0.034905851623821],[98.6243118009489,0.033313993146253],[98.62040948520963,0.035579239690195],[98.62259858885386,0.035798149964725]]],[[[98.45599807095425,0.039726564929074],[98.4590120831412,0.036505506324078],[98.4603778493583,0.026957862815122],[98.45521290794933,0.033961708266281],[98.45599807095425,0.039726564929074]]],[[[98.29922399629046,0.053023297687124],[98.30015198602538,0.047726618188923],[98.2924234974465,0.050094180601976],[98.29408317110155,0.051746717237242],[98.29922399629046,0.053023297687124]]],[[[98.92855409039903,0.054075201409473],[98.9318505949291,0.047819478586161],[98.93053415922412,0.046453669201549],[98.92795541800818,0.048782566162606],[98.92855409039903,0.054075201409473]]],[[[98.21513015713107,0.054994167346953],[98.21577162016425,0.052558073895989],[98.2123362729008,0.049238725686715],[98.21212842788466,0.053989082330405],[98.21513015713107,0.054994167346953]]],[[[98.22869241921983,0.063166616146512],[98.23931433259047,0.059390411438384],[98.23712641784998,0.05117413238038],[98.23009154219099,0.053736811704505],[98.22869241921983,0.063166616146512]]],[[[98.63794629298705,0.073388791659498],[98.63761507177819,0.06803153023098],[98.62763703971768,0.064376107171624],[98.63302556697639,0.07228472186249],[98.63794629298705,0.073388791659498]]],[[[98.62518783235267,0.083687398754437],[98.62477856527866,0.084106184253072],[98.62566372390187,0.084613008883336],[98.62572321135718,0.083956278059835],[98.62518783235267,0.083687398754437]]],[[[98.94994666230869,0.08963981982186],[98.9498400620693,0.090157591000059],[98.95060339313218,0.090427898428766],[98.95055961143694,0.090058606219776],[98.94994666230869,0.08963981982186]]],[[[98.89727946927215,0.088119473634871],[98.8943616548665,0.088294959245092],[98.89458770395946,0.091019441893733],[98.89728740129262,0.090905030143082],[98.89727946927215,0.088119473634871]]],[[[98.78730622899937,0.174126229242086],[98.78919076194418,0.170047833440831],[98.78838174532133,0.169410137667755],[98.78648174583594,0.171188785334239],[98.78730622899937,0.174126229242086]]],[[[98.81135091421338,0.175023264312221],[98.81096306089663,0.175285003899825],[98.8109425977228,0.175985041576451],[98.81155792735653,0.175256451324232],[98.81135091421338,0.175023264312221]]],[[[98.6120345783332,0.18109494987206],[98.62243996103543,0.173030955714035],[98.65662297976675,0.175846334640648],[98.68092098241746,0.168059151808484],[98.70951258503779,0.178067164568072],[98.7131936108965,0.160761344960145],[98.72329442289939,0.156899479827219],[98.74070712063723,0.164971800808031],[98.75357983564093,0.155664260996888],[98.7744344241095,0.1742250476479],[98.7878224614375,0.165741079986878],[98.798034959346,0.170929792276128],[98.85356877737725,0.117155953784318],[98.8456985889188,0.088516778826284],[98.85351020992832,0.080842422240066],[98.82987449321338,0.078963669238005],[98.8169861425965,0.091623591155818],[98.79608614735785,0.088747418058974],[98.7825652558819,0.095961745338366],[98.76903564098211,0.088366505709667],[98.76879293644492,0.079495875434363],[98.7487259850163,0.070954606569915],[98.67257846822183,0.080775312130951],[98.65421021922633,0.072418645304337],[98.64422600072939,0.081075123618144],[98.61711418397252,0.083448477665213],[98.60188087540213,0.093404935889138],[98.55380738160544,0.091772759904993],[98.53596499408927,0.102092482182334],[98.52523600383854,0.14370925467839],[98.56561962234777,0.173039085585389],[98.6120345783332,0.18109494987206]]],[[[97.66498625321309,0.695618692348818],[97.664864252983,0.695664691772111],[97.66490225293666,0.695768692071505],[97.66503225263646,0.695696692348521],[97.66498625321309,0.695618692348818]]],[[[97.65390280507044,0.723256504584066],[97.65377280537072,0.722883505369529],[97.65338380541839,0.722885504562429],[97.65336880472658,0.723140504630601],[97.65390280507044,0.723256504584066]]],[[[97.65261037856622,0.728453544595473],[97.65249637870502,0.728536544825717],[97.65256437914285,0.72859754494081],[97.65267137868122,0.728495544733684],[97.65261037856622,0.728453544595473]]],[[[97.64689870870852,0.730660869403652],[97.6466429082437,0.730466426984064],[97.64649393374813,0.730586304814127],[97.64671052377173,0.730962674687794],[97.64689870870852,0.730660869403652]]],[[[97.6265183876135,0.784776274905161],[97.62628122469877,0.784890675864089],[97.62647628225466,0.785064952785339],[97.62665549285676,0.784986963577625],[97.6265183876135,0.784776274905161]]],[[[97.62602320470718,0.785294884251561],[97.625837205123,0.785333884251413],[97.62587546767871,0.785481357778492],[97.62608620491446,0.785465740151833],[97.62602320470718,0.785294884251561]]],[[[97.60576991464985,0.812353504310812],[97.6056913930434,0.812824636647688],[97.60653372235343,0.813756195791823],[97.60626960226044,0.812696146010358],[97.60576991464985,0.812353504310812]]],[[[97.54736977109812,0.860815406306001],[97.54793489338068,0.859322294288509],[97.54459472406737,0.859149782736354],[97.54541266376353,0.860167003204745],[97.54736977109812,0.860815406306001]]],[[[97.54406888327237,0.884649136648383],[97.54292197696769,0.883921557234155],[97.5426479418491,0.885477724317616],[97.5437190955599,0.886004378099623],[97.54406888327237,0.884649136648383]]],[[[97.6283197395644,1.013868700580131],[97.64893607424054,1.000832243313463],[97.65350888942376,1.008093612330383],[97.66107576803235,0.997465560187491],[97.68808720156314,1.000982707985651],[97.69445610856262,0.932769443754841],[97.75105779687983,0.950166913272474],[97.76522361827539,0.961708413112847],[97.77918882340556,0.943034460272171],[97.80172231843031,0.937882926855613],[97.80450789472359,0.922127257866665],[97.87523629022272,0.932987486183576],[97.89665183171674,0.894720181091577],[97.90362229793074,0.894448986931293],[97.89321723358852,0.841288515752511],[97.91159866304794,0.799303344973465],[97.89148305739725,0.769287546283268],[97.88679100020451,0.743317999825896],[97.897437414705,0.713824655983172],[97.89272809502562,0.654507882932462],[97.90038180407704,0.626248320803422],[97.87892937688933,0.601543936103807],[97.85257589995787,0.588450522074011],[97.83633854868518,0.570233264753403],[97.8367388998804,0.55860816303632],[97.81962147834864,0.56742869387911],[97.82722245025589,0.544418383701492],[97.80937886844013,0.549105038666672],[97.8038670099546,0.559764748744238],[97.79765677573963,0.550403362924909],[97.79235290885971,0.561290095161857],[97.7823269995914,0.552700000304826],[97.78057224601244,0.567428406995438],[97.78811149385038,0.564532843615881],[97.78039300033672,0.580075000061273],[97.76695000004253,0.557462999617739],[97.74418289802234,0.553891860121267],[97.74067646924372,0.581097890755109],[97.73205761136975,0.579557240574255],[97.72862601607783,0.567123937020162],[97.70973393717149,0.56134382066084],[97.68438523499064,0.584021859221481],[97.6844182266199,0.600264968853212],[97.69409650744795,0.601301781951788],[97.69573131125104,0.618069696359422],[97.66168145243721,0.67607917171639],[97.66841678280832,0.691543194163133],[97.65928822786944,0.713127851369252],[97.65171169683745,0.71455831931104],[97.65539590539684,0.743565156906564],[97.64574128213447,0.759558007695935],[97.63510128969287,0.760898008336516],[97.64168128196562,0.766828008405904],[97.63056241222567,0.788924438312241],[97.63352128967583,0.79957800781891],[97.62222786782188,0.812061789420079],[97.60552438264419,0.814193086441792],[97.6023839419654,0.838170656150902],[97.55832041005888,0.867156081787821],[97.55813957078466,0.880200286713892],[97.54823812319093,0.888248507662512],[97.54952421666931,0.90253044592343],[97.52361111076416,0.951666666783277],[97.55286122486565,0.991612844257459],[97.58777777832185,1.018611110814158],[97.62001063698135,1.027434136376312],[97.6283197395644,1.013868700580131]]]]}},{"type":"Feature","properties":{"kode":"12.15","nama":"Kabupaten Pakpak Bharat","lat":2.5494123347678017,"lng":98.24305723973727},"geometry":{"type":"MultiPolygon","coordinates":[[[[98.1397784773949,2.769868835278563],[98.15794777836727,2.769264444098882],[98.17029873909557,2.753894121116859],[98.17839705587949,2.760254909036883],[98.19313845957232,2.737886115851593],[98.24041486895109,2.718958863560792],[98.24689023589569,2.708636651060667],[98.26084642712095,2.719727369322664],[98.2773634018995,2.717386893590332],[98.30703311088944,2.696077890282497],[98.33774576905206,2.70310820188204],[98.34004499198286,2.678846234166452],[98.3570148869276,2.659778247867914],[98.4222043507502,2.635683171840972],[98.44344408737481,2.58231951503369],[98.4653055559068,2.560972222190314],[98.46750805585215,2.549219166731229],[98.4201457630166,2.53684441983417],[98.4441523907203,2.505136749961087],[98.42570090227488,2.484713753337095],[98.43104621531064,2.467493417886965],[98.42138888868638,2.476388889235912],[98.40929583283643,2.462012777567699],[98.3639200003078,2.45870055558621],[98.34876638875787,2.423025000403475],[98.29871888936529,2.417505278245999],[98.30750000022489,2.3872222217282],[98.3027777779722,2.335277777847208],[98.27666666743286,2.338888888611399],[98.25178803099291,2.355204907180772],[98.2618324393157,2.341429961723415],[98.26611111143869,2.263611110664263],[98.19704836199239,2.311596431330296],[98.14800486303407,2.4226230331265],[98.0977724306532,2.479799916133294],[98.0824514049085,2.510928350662864],[98.07845544905979,2.582183669740632],[98.0848094417024,2.603409428202605],[98.10714558859812,2.604220694029832],[98.11029175076375,2.611092086430686],[98.10401915396089,2.681934638272951],[98.07284727857908,2.731003777802174],[98.07650135805132,2.750604875015059],[98.06936527808517,2.76416676658304],[98.11846719970158,2.785759178643254],[98.1397784773949,2.769868835278563]]]]}},{"type":"Feature","properties":{"kode":"12.16","nama":"Kabupaten Humbang Hasundutan","lat":2.2611646493158704,"lng":98.577712662027},"geometry":{"type":"MultiPolygon","coordinates":[[[[98.42138888868638,2.476388889235912],[98.4574375150294,2.436471938828985],[98.52394676183366,2.42635154678654],[98.5370998377874,2.440519333200728],[98.55924415569334,2.437780379560925],[98.6187805602747,2.395830555735598],[98.67344444430574,2.406166667257922],[98.73024999993764,2.438749999812659],[98.75124598791209,2.434178403210849],[98.76415060096951,2.428112949952707],[98.76580833029027,2.41594722168694],[98.79638520521304,2.392535845353036],[98.8077499999626,2.374030555865511],[98.849782943628,2.355897903165724],[98.8462581632837,2.343271255264254],[98.8880833329795,2.32661111111396],[98.92051861104513,2.320922221982988],[98.9274925387497,2.326936072142091],[98.93537080042215,2.317748559448527],[98.94916537628117,2.318722569291173],[98.9606666674328,2.298277777597432],[98.96263888877381,2.267361110926577],[98.94495405798344,2.263897339690521],[98.9180516096941,2.224165060569147],[98.88410861102368,2.219120277578776],[98.8770499977592,2.212880462863096],[98.88583333444092,2.204841194665461],[98.86352777798463,2.217638889123494],[98.8424423659225,2.211863642593068],[98.81190500001577,2.221012777617679],[98.811835639803,2.201896095728292],[98.82451388900485,2.187236111257571],[98.8211999996803,2.17318333284455],[98.84154583267414,2.16753527833051],[98.8410091667397,2.162036111077745],[98.76996444370413,2.147834166613569],[98.77288888881118,2.141611110764183],[98.75570777819146,2.131276666584922],[98.73485833294572,2.128591666871957],[98.73503888893357,2.121130555730597],[98.72527777784723,2.119444443806026],[98.73489691566017,2.113580796616541],[98.73222002333547,2.10421166943304],[98.71470388917324,2.102797499904716],[98.71617722240093,2.075712222141332],[98.69035111061534,2.053056666631933],[98.6793043026515,2.016554915976629],[98.67222222157827,2.010833332892068],[98.65795916818115,2.014724381025454],[98.64316577288218,1.999099384429057],[98.63464463714037,2.013658965888629],[98.60842152413409,2.021663326901121],[98.60862652459451,2.060342815568481],[98.5956959184319,2.082192324016605],[98.5639159610528,2.072704385599009],[98.54396525059587,2.082839944707723],[98.5098730561966,2.078107499861323],[98.43792369612171,2.108234110315996],[98.39398221210948,2.117088033885681],[98.3620379530891,2.14164324983612],[98.31237824226214,2.159831741441762],[98.28339418809136,2.190608729009666],[98.27729069171212,2.254176850081555],[98.26361111126381,2.276111110639276],[98.26176943820904,2.341761150556662],[98.25155960229385,2.35484322863215],[98.27666666743286,2.338888888611399],[98.3027777779722,2.335277777847208],[98.30750000022489,2.3872222217282],[98.29871888936529,2.417505278245999],[98.34876638875787,2.423025000403475],[98.3639200003078,2.45870055558621],[98.40929583283643,2.462012777567699],[98.42138888868638,2.476388889235912]]]]}},{"type":"Feature","properties":{"kode":"12.17","nama":"Kabupaten Samosir","lat":2.5622823552963174,"lng":98.72895995052848},"geometry":{"type":"MultiPolygon","coordinates":[[[[98.7408413984119,2.789993732724593],[98.78085899374766,2.768499374646469],[98.84119987517415,2.712091446163376],[98.87110710141164,2.697313308762281],[98.89327049213958,2.672132492020937],[98.90526008638393,2.597127914621675],[98.9222469326499,2.569917678757891],[99.01040840182637,2.497892379929498],[99.01859474155407,2.483686446971964],[99.0188884736242,2.439195632772259],[98.9816455835769,2.394491195412416],[98.9409542080703,2.396429061751901],[98.9124469753477,2.408006667573678],[98.87486839266228,2.402147293063203],[98.86026954680217,2.396371840588005],[98.86234855634083,2.372598648109145],[98.849782943628,2.355897903165724],[98.8382998817342,2.357452788715284],[98.8077499999626,2.374030555865511],[98.79638520521304,2.392535845353036],[98.76580833029027,2.41594722168694],[98.76415060096951,2.428112949952707],[98.75124598791209,2.434178403210849],[98.73024999993756,2.438749999812659],[98.67344444430574,2.406166667257922],[98.6187805602747,2.395830555735598],[98.55924415569325,2.437780379560925],[98.5370998377874,2.440519333200728],[98.52394676183366,2.42635154678654],[98.4574375150294,2.436471938828985],[98.42138888868638,2.476388889235912],[98.43104621531064,2.467493417886965],[98.42570090227488,2.484713753337095],[98.4441523907203,2.505136749961087],[98.4201457630166,2.53684441983417],[98.45893873983101,2.551004608775751],[98.48818888900605,2.547663889077276],[98.51971824400178,2.556697866813115],[98.56027777799709,2.580213889159763],[98.57229899330392,2.724392544880081],[98.61910820038317,2.785257339854418],[98.6289424893045,2.794904709185019],[98.6456851957152,2.788686751592383],[98.69713401782067,2.798627852993118],[98.7408413984119,2.789993732724593]]]]}},{"type":"Feature","properties":{"kode":"12.18","nama":"Kabupaten Serdang Bedagai","lat":3.3662576773907205,"lng":99.05770815539334},"geometry":{"type":"MultiPolygon","coordinates":[[[[99.09352247728057,3.591012368026391],[99.0930288528993,3.591083270576533],[99.09262103373383,3.591441729552191],[99.09336676596358,3.591240270622031],[99.09352247728057,3.591012368026391]]],[[[98.95261357755466,3.676311046917323],[98.95240485030362,3.676520722053777],[98.95236373779628,3.676741716057407],[98.95262929680466,3.676428816736554],[98.95261357755466,3.676311046917323]]],[[[98.95229390184218,3.676083451889877],[98.95135274693173,3.676483143882002],[98.95120309704538,3.676885273036955],[98.9521247159829,3.676466429981783],[98.95229390184218,3.676083451889877]]],[[[98.94889316588694,3.676984792014636],[98.94876831660457,3.676979996829498],[98.94856721470525,3.677120734434357],[98.94890458997493,3.677197351276828],[98.94889316588694,3.676984792014636]]],[[[98.95292545074905,3.676531041774144],[98.95247082277031,3.676993475868272],[98.95232353540294,3.677791998302137],[98.95309125335874,3.677078245065001],[98.95292545074905,3.676531041774144]]],[[[98.95046219327567,3.677837986034248],[98.95111749327775,3.676374888890098],[98.94862460044497,3.677754102669727],[98.94943203426105,3.678410972888123],[98.95046219327567,3.677837986034248]]],[[[98.95210363767279,3.676765950088544],[98.95086844042626,3.677648668850985],[98.9510650556079,3.678927978743317],[98.95159461599873,3.678512346267858],[98.95210363767279,3.676765950088544]]],[[[98.95172396458932,3.678583493433528],[98.9513794109311,3.679074656370339],[98.95149566539271,3.679411691696298],[98.95169534186655,3.679178080204281],[98.95172396458932,3.678583493433528]]],[[[98.9557573781006,3.679017464884215],[98.96850449918337,3.660075406155116],[99.05832515278365,3.617648554936913],[99.12184980692317,3.568395847590388],[99.16800019495305,3.553847673131671],[99.2426498450144,3.503627173854994],[99.24559384587936,3.495012201951585],[99.27518177681758,3.486999622035047],[99.27975990789349,3.472682659677083],[99.29215503342809,3.478686967129917],[99.29269572023134,3.463563523337964],[99.31946122155819,3.432679519144543],[99.28231332959655,3.393548056397687],[99.29354555977984,3.378906944200132],[99.27231516531269,3.353702317907658],[99.26102700179473,3.306531882840179],[99.24330477629445,3.28031973976428],[99.22348583000715,3.279563055590561],[99.22360472038157,3.260830555985383],[99.23146457832767,3.257343664978162],[99.19527168813792,3.20043887995045],[99.19674971942409,3.178476992219469],[99.152855334706,3.15014192391072],[99.15055097664626,3.167190091349713],[99.13286539672075,3.173787811058681],[99.13164307776589,3.157641095260399],[99.10913035887901,3.139951412627639],[99.07637235010395,3.134067267190698],[99.07334057810526,3.126736151252473],[99.03274074638843,3.110776206656695],[99.03431595571682,3.091600156921736],[99.00707141161644,3.069080847802951],[99.0104913364061,3.049195109766533],[98.99943563684529,3.024725985016218],[98.92689519375827,3.015879286599809],[98.98135701991062,3.078797883115868],[98.97759732135937,3.118654857735525],[98.98921324099834,3.125224598636333],[98.97279371405872,3.131272340646007],[98.96503184894071,3.14481445432364],[99.00796670200172,3.208501294898912],[98.93710897140201,3.207542192218437],[98.95841452491047,3.248769436860076],[98.97104395801236,3.264520762123556],[98.98585939389598,3.269086994269376],[98.98718984283704,3.27382821919706],[98.96459946209553,3.287191151950108],[98.92321352578361,3.26554790031539],[98.9133802162241,3.274858362923204],[98.8919718477226,3.259990921044253],[98.8629977418524,3.256037876346983],[98.85489956895995,3.231026893876109],[98.84043844078147,3.222408708695056],[98.78923273780066,3.222383527677696],[98.77472916342025,3.212992092810939],[98.76175662726659,3.221462704640143],[98.75000000329759,3.208916732221411],[98.73556874070492,3.220244511774894],[98.7907975761473,3.27970516466165],[98.79976011533712,3.303953911443912],[98.83124675883087,3.319016392892248],[98.8454262166466,3.340374700631997],[98.89067661083693,3.360373854869557],[98.91431536456251,3.361824462229212],[98.9181255312683,3.369721447786599],[98.91420110030064,3.450748441387507],[98.93415087726126,3.492455539991223],[98.93631350756242,3.520214666273901],[98.92626120589003,3.546800873361654],[98.93305000455413,3.568187525933663],[98.91872258038289,3.58347356265487],[98.91855106258151,3.601313122702464],[98.9375652343481,3.624934687685698],[98.94330453137907,3.675813977233332],[98.95284346765193,3.675821791442523],[98.9557573781006,3.679017464884215]],[[99.16660828724272,3.373407742773193],[99.15458841642227,3.366742474085992],[99.16558697935567,3.356638113358311],[99.15462096018925,3.341190626746048],[99.14573605227709,3.349475910784715],[99.14007341075936,3.344464290294823],[99.1294016030016,3.349447889708411],[99.11674391140248,3.338671276758042],[99.12530486013124,3.335642028257023],[99.13377933634739,3.312280395224064],[99.1144148462682,3.297490581025574],[99.12046852380338,3.299506957280339],[99.13819105237526,3.273930907385502],[99.13886777602713,3.30863045623062],[99.19372296114577,3.310432614873292],[99.18151936872401,3.331463301390269],[99.19323500069478,3.351353824719293],[99.18696890329232,3.356992212420739],[99.16761641736379,3.350071315938518],[99.17683528492051,3.368288813378072],[99.16870945607658,3.378131174614051],[99.16660828724272,3.373407742773193]]],[[[99.50342822823025,3.771667007926126],[99.50340966802186,3.771151617253409],[99.50284145207148,3.771083088913517],[99.50300135243057,3.771621323265538],[99.50342822823025,3.771667007926126]]],[[[99.49987427657666,3.77740742821031],[99.5021181075647,3.77140642756466],[99.49639262861704,3.771303752865961],[99.49662155284248,3.774916132573502],[99.49987427657666,3.77740742821031]]],[[[99.49172975082737,3.781644396072114],[99.49178546922411,3.781082291014947],[99.49115468204296,3.780568007407691],[99.4910691996839,3.781700907670803],[99.49172975082737,3.781644396072114]]]]}},{"type":"Feature","properties":{"kode":"12.19","nama":"Kabupaten Batu Bara","lat":3.235249405520749,"lng":99.47255916110227},"geometry":{"type":"MultiPolygon","coordinates":[[[[99.72279403181915,3.34570073669973],[99.72499198029571,3.340892719123744],[99.723392466789,3.338759850087069],[99.72071235489135,3.343300367917767],[99.72279403181915,3.34570073669973]]],[[[99.72220182375523,3.348152683399718],[99.72207095441107,3.348253810365097],[99.72229700170529,3.348533396998764],[99.72243382096414,3.348396577739909],[99.72220182375523,3.348152683399718]]],[[[99.75833797032114,3.423272850661551],[99.75776927862935,3.419598962721992],[99.75549451366096,3.417638286877466],[99.75665093209486,3.42235913766411],[99.75833797032114,3.423272850661551]]],[[[99.31970092775565,3.432523004732978],[99.36870129343,3.3977637579911],[99.42041953083672,3.386304014618634],[99.414491593812,3.386121221117499],[99.45530515840645,3.357399465013366],[99.4886808863139,3.344086461720885],[99.4868634787666,3.317677545182661],[99.55820774529128,3.237502752749876],[99.6915817678843,3.203403016635974],[99.72514551255541,3.183677753625535],[99.73821398029102,3.165222357625751],[99.70206609757246,3.117580008710451],[99.62081247121863,3.137008321876621],[99.62737635033832,3.12705452474653],[99.61815369573654,3.129230499188228],[99.60881097174902,3.111540969440195],[99.59274465803955,3.106449194175042],[99.60194372882005,3.094428860203745],[99.60358676231934,3.101346379731694],[99.61986764077905,3.093434827855045],[99.59555484967663,3.065244768930974],[99.59556457134792,3.044969048882539],[99.57315613424825,3.02894748633744],[99.55348420643105,3.027863117089268],[99.56278408581701,3.018395538423423],[99.55132142234581,3.01522067259603],[99.54957206919565,3.021641026212428],[99.53003754609593,3.021587021923565],[99.53117657793676,3.028797090913059],[99.54947131185158,3.029005045646404],[99.55702000526904,3.061478572777986],[99.56904337625089,3.062639241407904],[99.57120563962857,3.084241373340756],[99.56566666658345,3.078972222090414],[99.55129444358374,3.099841667359126],[99.54171662692086,3.094256402610917],[99.52977942897749,3.104286160078317],[99.52450855642475,3.084403655104694],[99.50205638889123,3.095016666985661],[99.52147527806169,3.102817221837405],[99.51226666727294,3.106391667241692],[99.51612462035501,3.117483003338005],[99.49689654394038,3.115110716786184],[99.49503416669347,3.125657777784262],[99.45628611101529,3.139158332890823],[99.4498033327577,3.133924444057911],[99.4181204697839,3.148312949283238],[99.41755710028005,3.155161602326139],[99.36986755044718,3.151065908065242],[99.40211681184141,3.257161410171005],[99.39257609131366,3.249484820568082],[99.38329859695273,3.257796289267411],[99.37075503201923,3.248079027325289],[99.35672444437766,3.219778332903832],[99.34893055799888,3.230846029420785],[99.35671944414712,3.246583333354213],[99.3460377780211,3.249528889147001],[99.34492777809456,3.287827778429286],[99.30501666698565,3.304255555749357],[99.30172825815268,3.283183049857929],[99.28068083255438,3.273811111393709],[99.26537799200081,3.279326620227362],[99.26023406235217,3.259569492438196],[99.23561983738566,3.25682078475149],[99.2401666666584,3.247061110781701],[99.2263005083618,3.227642269275343],[99.22655555609407,3.204424999913801],[99.20677722229098,3.224715000297106],[99.23135036442783,3.256962951379116],[99.22360472038157,3.260830555985383],[99.22348583000715,3.279563055590561],[99.24330477629445,3.28031973976428],[99.26102700179473,3.306531882840179],[99.27231516531269,3.353702317907658],[99.29354555977984,3.378906944200132],[99.28231332959655,3.393548056397687],[99.31970092775565,3.432523004732978]]]]}},{"type":"Feature","properties":{"kode":"12.20","nama":"Kabupaten Padang Lawas Utara","lat":1.5909009124786797,"lng":99.76295922897263},"geometry":{"type":"MultiPolygon","coordinates":[[[[99.63293241499903,2.042742307911213],[99.65642493356383,2.026800348857114],[99.67778402461309,2.037117022432719],[99.69516951875838,2.027350117913704],[99.6838154241426,1.982597800648042],[99.69209072480713,1.971307129820252],[99.70871558855357,1.969104103771466],[99.7011138522225,1.942822872977265],[99.70935192005511,1.963200173249488],[99.73333912330193,1.976032898999167],[99.74205446674033,2.001881851766127],[99.76535373088998,2.004094464587888],[99.79146409409273,2.024171459645194],[99.85244368302958,2.000710884999377],[99.83896654536984,1.993595401306811],[99.85202004658792,1.993591554007088],[99.85442708114493,1.969794696767943],[99.83044309117577,1.953993291857012],[99.83886954539327,1.947893093291706],[99.84608240857635,1.919491664908454],[99.82911846174765,1.909833520800428],[99.83516292572855,1.904528940758007],[99.83170615661386,1.859671490047285],[99.84786165339271,1.835186267432329],[99.82972936042171,1.82868740390065],[99.84029974893437,1.821322358340202],[99.83547218099643,1.806820368565207],[99.84054560829328,1.801021005814826],[99.73490386002514,1.834800823399371],[99.67593493934605,1.825474276416836],[99.68364962333155,1.809590377593937],[99.69504817143606,1.80486167842375],[99.70156859621376,1.762064794854476],[99.73210938943687,1.726987274443223],[99.81591101638034,1.672835848395701],[99.84679267244398,1.636452542051289],[99.89786981104298,1.714351565872116],[99.90954114061121,1.716759969197243],[99.93649130782767,1.683835771103956],[99.9622888328634,1.679861002383396],[99.99182797917797,1.662740392755],[100.047286677738,1.756071602122786],[100.0547105974162,1.730373423394857],[100.0441457900962,1.721521828169889],[100.0423174288063,1.703152523370319],[100.0493276198738,1.720874585193963],[100.0776040946533,1.720660360387358],[100.1075498019819,1.691588863335467],[100.1257191910879,1.658894813444897],[100.1393263554271,1.651349075199724],[100.145519005198,1.630732533679533],[100.1642542819096,1.622456547731518],[100.1682708897898,1.598674461857039],[100.2019547524099,1.584069073429026],[100.2324784081521,1.552145741632691],[100.3139799254333,1.506962912608431],[100.3180919963486,1.470852017206889],[100.2916669891403,1.467472998979799],[100.2772010360989,1.474738003056439],[100.271844987856,1.47178198724893],[100.2771599595645,1.463649017788013],[100.3265729683678,1.437057966951658],[100.3409354076431,1.437626333088835],[100.3034973701076,1.416638138639234],[100.2669418570812,1.425274182557532],[100.2537118414285,1.413207391408042],[100.2224632008162,1.403498144224022],[100.1804511070331,1.416848579998062],[100.1672522897615,1.406527152606005],[100.1229938064191,1.406277569154588],[100.0981313685678,1.389418328593026],[100.0725000193605,1.391666955665569],[100.0385833330544,1.373027777809741],[100.0302051076796,1.378736074310469],[100.0322467261056,1.39385157978664],[100.0226806941588,1.411346409009637],[99.99243438214111,1.426395906945574],[99.9648686442726,1.394515146356953],[99.94251503164341,1.40266684419956],[99.94497468013745,1.412006125582296],[99.96861855100538,1.418031761356728],[99.97969444394356,1.430388888736298],[99.92488413499491,1.440360150700412],[99.9282513999822,1.451832081685309],[99.9130851439643,1.466033693400279],[99.90980030723847,1.498315114550961],[99.92341666714555,1.545638889423204],[99.90272737676703,1.550391190401188],[99.87686111115141,1.500805555831805],[99.85948248872593,1.486404314407627],[99.79995843993012,1.478992788286535],[99.77244873522106,1.465252101603218],[99.75841756481888,1.450077576319162],[99.72946527830008,1.438039639018227],[99.73693037973327,1.414276938929612],[99.72921689004754,1.395984461413866],[99.64101444955726,1.348728334445168],[99.6285538192034,1.334384941911557],[99.6079401006552,1.3323302005783],[99.5751498763657,1.262323048769717],[99.5618021700342,1.255309165985283],[99.54442845430972,1.257856317614989],[99.48699253327884,1.276172860988753],[99.46199024995016,1.251960027733132],[99.45708558673051,1.234064015442035],[99.43134632157552,1.232174134229],[99.43205240899152,1.218787296596544],[99.42152001323811,1.219066222228468],[99.42704910633125,1.238644617854876],[99.41900360043589,1.245721135721942],[99.41137210463899,1.294904346158729],[99.39121441161586,1.315370586683271],[99.39060747265685,1.334422219709738],[99.35966758099411,1.382873025869477],[99.37014587533191,1.405406547873975],[99.38798551541922,1.414210525795154],[99.39439542880605,1.410117447662104],[99.39763618166448,1.43344233619491],[99.40699080638066,1.432183059600531],[99.40292150002726,1.450070250441746],[99.4084684653475,1.448886311853867],[99.39454235644465,1.488652490020501],[99.41955410963456,1.541948196751905],[99.39049811779401,1.571676230373795],[99.42976934777722,1.574962660698295],[99.4546412312079,1.593024385666928],[99.45056994095009,1.614787284006011],[99.43532110738322,1.625372639036124],[99.43515964490179,1.658114962735377],[99.46538085414322,1.672508371963863],[99.47914581622653,1.704474014164445],[99.51860823758014,1.728791050066933],[99.52735173879181,1.726238005179789],[99.52271951709217,1.710891957597857],[99.55043212414327,1.716399669309363],[99.55214064987118,1.742027569616697],[99.56619235539291,1.757280931270008],[99.57083080759578,1.811158350077877],[99.55374881215799,1.857810486065167],[99.54502095105615,1.86254076444474],[99.56039428856563,1.871770446349005],[99.56529982862425,1.890739400203165],[99.6060118498671,1.885539423006064],[99.61393864615171,1.893783289667114],[99.61565083301954,1.907227135324094],[99.59846554055233,1.9169295323721],[99.59827794017488,1.943032997774649],[99.63367410657483,1.96381164659025],[99.602801497691,1.973340836010815],[99.58267166566493,2.000708360602419],[99.58945026241977,2.016702092727416],[99.60545802127078,1.996890884206978],[99.6255580209859,1.997290883767297],[99.61575802141566,2.039490882798065],[99.63293241499903,2.042742307911213]],[[99.42665823758766,1.477140773028315],[99.41902802062664,1.446340073935312],[99.42680922656463,1.434173097410538],[99.44311942741969,1.433805046265954],[99.44408439367983,1.447312860699965],[99.43180873678378,1.467114457266502],[99.43670868575728,1.475462008564874],[99.42665823758766,1.477140773028315]]]]}},{"type":"Feature","properties":{"kode":"12.21","nama":"Kabupaten Padang Lawas","lat":1.1422544668872134,"lng":99.85120545847394},"geometry":{"type":"MultiPolygon","coordinates":[[[[99.90960952056295,1.550383694551913],[99.92341666714555,1.545638889423204],[99.90980030723847,1.498315114550961],[99.9130851439643,1.466033693400279],[99.9282513999822,1.451832081685309],[99.92488413499491,1.440360150700412],[99.97969444394356,1.430388888736298],[99.96861855100538,1.418031761356728],[99.94497468013745,1.412006125582296],[99.94188888856141,1.40355555604412],[99.9648686442726,1.394515146356953],[99.99243438214111,1.426395906945574],[100.0111401799754,1.420474377590539],[100.0322467261056,1.39385157978664],[100.0320324185613,1.376244713023153],[100.0525000215588,1.377777987863935],[100.051997680049,1.348001050008493],[100.0852781688525,1.340555977376498],[100.1257737709428,1.255938533136833],[100.1111021780231,1.221546576713203],[100.1142634164235,1.211500889554459],[100.1404755577009,1.176037402604122],[100.1660832430473,1.169798336124403],[100.1626743772208,1.139550204778159],[100.1843111861124,1.12531680292822],[100.1787330898603,1.118147342825646],[100.149114796011,1.119398628044285],[100.1163888786439,1.092965310200997],[100.1182898314106,1.066247713960886],[100.1293507857102,1.05475608242733],[100.1401925626368,1.060804180568573],[100.1489261182458,1.010106458746149],[100.1656540380035,1.001888295608408],[100.1557614892014,0.98888582462113],[100.1393056773152,0.984162595127744],[100.1475273334198,0.974677863692472],[100.1507024690438,0.934736217902207],[100.1332991251545,0.930985431632367],[100.1330300848706,0.920137972789201],[100.1196106737936,0.910183084781588],[100.0876122953712,0.926854379625938],[100.0979270219145,0.909683240689072],[100.1218349013596,0.895537650442277],[100.143755086628,0.898627809126149],[100.1329787794472,0.865697599065049],[100.1355875202479,0.847186122241814],[100.124422954156,0.847619844580214],[100.1208313757674,0.837430174163265],[100.1224797035755,0.818050324562877],[100.157873439108,0.799106817925319],[100.1863892342758,0.758055013927825],[100.1541670002069,0.763611000347472],[100.1213240001026,0.781266000625466],[100.1072699707326,0.777819793149012],[100.0911679998034,0.788366999837217],[100.0771137761799,0.786595248172192],[100.0103149998374,0.839733999824263],[99.96681907144304,0.851072902192771],[99.95103299997302,0.880243000014522],[99.91304690838817,0.885033255080733],[99.8745410842037,0.906384914132483],[99.83249999987513,0.884444000390358],[99.84115667783847,0.851768288575736],[99.83737295299943,0.826234748734686],[99.79873937562168,0.858500850833652],[99.7457100615702,0.867125841184643],[99.73278762305041,0.893411645031447],[99.71127669586284,0.901781040862401],[99.713188906343,0.913943072015241],[99.69272614259742,0.93110332375945],[99.67409511619675,0.9328516705682],[99.65058107955326,0.917803970376971],[99.64009360223805,0.920231833232529],[99.6205320877857,0.948660009252064],[99.60473197070391,0.949644613108466],[99.59434188367104,0.963127006406259],[99.59032398976039,0.980128245422238],[99.60660268196821,0.996389958429875],[99.5696718440804,1.040692877274482],[99.56882908399504,1.069224108405928],[99.5451144077038,1.069698232787283],[99.5482823793284,1.086571328304251],[99.53914728272096,1.101252088912849],[99.52460018834805,1.105928328829384],[99.51250664326705,1.133602215569882],[99.49143757368516,1.139686089641343],[99.41855320196875,1.204864207617204],[99.43233220516717,1.219345139766423],[99.43134632157552,1.232174134229],[99.45708558673051,1.234064015442035],[99.46199024995016,1.251960027733132],[99.48699253327884,1.276172860988753],[99.54442845430972,1.257856317614989],[99.5618021700342,1.255309165985283],[99.5751498763657,1.262323048769717],[99.6079401006552,1.3323302005783],[99.6285538192034,1.334384941911557],[99.64101444955726,1.348728334445168],[99.72921689004754,1.395984461413866],[99.73693037973327,1.414276938929612],[99.72946527830008,1.438039639018227],[99.79467323488193,1.477178669560006],[99.85948248872593,1.486404314407627],[99.88406973493038,1.511660142701496],[99.89817886486276,1.548433381595357],[99.90960952056295,1.550383694551913]]]]}},{"type":"Feature","properties":{"kode":"12.22","nama":"Kabupaten Labuhanbatu Selatan","lat":1.8419367580522095,"lng":100.14001762309837},"geometry":{"type":"MultiPolygon","coordinates":[[[[100.3648182238819,2.243273948933597],[100.3729187413069,2.193067065392837],[100.3438564056487,2.137251702903795],[100.3210637520905,2.049338262251085],[100.3180975478636,1.9017566969141],[100.3104340146182,1.883582445173746],[100.2888808246903,1.875458191942078],[100.2798771253292,1.81758619324823],[100.2891135719339,1.798874682920301],[100.3874243508532,1.776995704588133],[100.3897649488934,1.757683814056785],[100.3697709180935,1.747296548197161],[100.3680980217064,1.735954644791102],[100.3518890341516,1.732472013872341],[100.3674408349266,1.699675454758529],[100.3661457086576,1.685663111663269],[100.4011077156486,1.66635221937945],[100.4116356165905,1.673624899169754],[100.417677477034,1.665039923253905],[100.4082416363425,1.624700506423268],[100.4209868085944,1.607607039233569],[100.404074767037,1.578165238235238],[100.4157687478295,1.53538357389291],[100.4344560358174,1.520433481619962],[100.4218426996809,1.485360268961264],[100.4045925058395,1.467782570809037],[100.3765759935873,1.449790975872853],[100.3485246496929,1.454147396185432],[100.3184631393624,1.447975778859176],[100.3183218100035,1.500000000699517],[100.3078559730748,1.513911876032312],[100.2552453509922,1.53810533159586],[100.2091474123233,1.570342378398079],[100.2019547524099,1.584069073429026],[100.1682708897898,1.598674461857039],[100.1642542819096,1.622456547731518],[100.145519005198,1.630732533679533],[100.1393263554271,1.651349075199724],[100.1257191910879,1.658894813444897],[100.1075498019819,1.691588863335467],[100.0776040946533,1.720660360387358],[100.0493276198738,1.720874585193963],[100.0423174288063,1.703152523370319],[100.0441457900962,1.721521828169889],[100.0547105974162,1.730373423394857],[100.047286677738,1.756071602122786],[99.99182797917797,1.662740392755],[99.9622888328634,1.679861002383396],[99.93649130782767,1.683835771103956],[99.90954114061121,1.716759969197243],[99.89786981104298,1.714351565872116],[99.84679267244398,1.636452542051289],[99.81591101638034,1.672835848395701],[99.77236129593716,1.695633877201727],[99.76617546662456,1.70893615967602],[99.73210938943687,1.726987274443223],[99.70299174187544,1.759834733386276],[99.69504817143606,1.80486167842375],[99.67596714856516,1.820885865190577],[99.68920055915855,1.832081543328654],[99.70964110155563,1.827115822437284],[99.73494304708399,1.834794674734505],[99.85089631761103,1.793700379568916],[99.86270811498758,1.796350580015302],[99.86324213691515,1.813368851291505],[99.88262771699563,1.826462773438228],[99.8679360718922,1.863188428303372],[99.87433611072302,1.86364166682946],[99.8728639358221,1.883657147359516],[99.86507500021112,1.886941666624617],[99.88056263525748,1.907396178191087],[99.88829235231022,1.936356451589047],[99.88179846562672,1.96434843213453],[99.89852607691698,1.980219437377182],[99.91238746161214,1.984660663758683],[99.91264999979774,1.96589722207918],[99.95310493994116,1.968160133083716],[99.94376555603563,1.944686750293309],[99.9594944441134,1.926961110966571],[99.96726666672335,1.938191666612196],[99.95592747027656,1.952021969838055],[99.96908069281979,1.961357176392584],[99.96324166726917,1.948433333131858],[99.99809166729665,1.948430556025402],[99.99777222181066,1.936261110861645],[100.0372388888637,1.936341666734551],[100.0599864746961,1.987356036252061],[100.0292117156482,1.99963591726384],[100.0389786246638,2.017021342161327],[100.0454153594313,2.013362972922936],[100.0487718739229,2.019316269929947],[100.0356527779534,2.07616111064681],[100.0451055555769,2.078788889195968],[100.0520083334179,2.095652778353083],[100.077824396179,2.094003898361249],[100.1005857461353,2.108465767581189],[100.1080673474303,2.133687568226714],[100.1241903436096,2.128437929566848],[100.1250027506764,2.170633412202269],[100.1573036160691,2.169440782566065],[100.1567611108367,2.193883333249255],[100.204759746865,2.193883409691663],[100.2111805564376,2.214002778105792],[100.237952778398,2.219647221841845],[100.3602372923173,2.219383401222982],[100.3471414222389,2.242501238841152],[100.3648182238819,2.243273948933597]]]]}},{"type":"Feature","properties":{"kode":"12.23","nama":"Kabupaten Labuhanbatu Utara","lat":2.410994275682642,"lng":99.75780025711279},"geometry":{"type":"MultiPolygon","coordinates":[[[[100.0229203526922,2.748840197417232],[100.0257685676653,2.75609755275987],[100.0299409534124,2.752931680152956],[100.0276602394286,2.750524855138023],[100.0229203526922,2.748840197417232]]],[[[100.0340229177236,2.75414401573377],[100.0247682427603,2.759616027957376],[100.0298350672346,2.7684088839629],[100.037163807164,2.760639943878315],[100.0340229177236,2.75414401573377]]],[[[100.0146445259243,2.73535589216076],[100.0370177851427,2.742685549398624],[100.0595507630573,2.734117102122655],[100.0523530291691,2.712999929603141],[100.0644930386229,2.696650654104468],[100.0576400760287,2.679125309085803],[100.0595834174408,2.63342837541922],[100.0729827880253,2.546743155072592],[100.0551552114439,2.514452223591343],[100.0154491826338,2.494272582613652],[100.015855858761,2.48557725088949],[100.0374199790489,2.483398678306445],[100.0144311114067,2.445497499809798],[100.0090963896867,2.409346110634589],[99.98324183144544,2.40841305771646],[99.98678093798998,2.274591511788879],[100.020454875692,2.276790202206078],[100.0236671479206,2.264238545172789],[100.021079005192,2.252961987405852],[100.0027639708806,2.262287984902597],[99.99830848125143,2.257951900060126],[99.98985936501775,2.198473943317866],[99.96292904134225,2.197265060234363],[99.96151152363797,2.208232520114725],[99.94955843377481,2.208793887727742],[99.93737559410849,2.206128891635137],[99.92772834258898,2.189786018410109],[99.882800740262,2.196193653814158],[99.8623437105938,2.189538300152469],[99.86416457693373,2.180981469419338],[99.77112283055429,2.188041318352171],[99.7634955669669,2.13471764540307],[99.73188781716905,2.118291139724368],[99.71712493856512,2.090192079600881],[99.67296600297871,2.075757027265032],[99.66761971597717,2.064736075709403],[99.61605802086103,2.040690884177041],[99.6268580197818,2.002390884231906],[99.62175802111585,1.995290884166964],[99.60545802127078,1.996890884206978],[99.58277764627145,2.02210775476914],[99.56300670399628,2.030402556332975],[99.54645031912698,2.061339687076932],[99.55061305964504,2.078736928166711],[99.53480552675369,2.094001100570361],[99.52082807735391,2.091554816901395],[99.51185171558429,2.123062051272681],[99.48906253520789,2.111861685868208],[99.45732941631957,2.126068320296801],[99.41533863736828,2.11240247519415],[99.38755805595957,2.135723610856052],[99.39460754380318,2.170906066861564],[99.42407966814223,2.215301579004711],[99.46440887496962,2.229292154009707],[99.47933196959481,2.242449284107215],[99.53478240968053,2.24739813821355],[99.54758453419898,2.268136024358133],[99.55018615686569,2.307192563685964],[99.55725306098003,2.309974592153738],[99.56205005376702,2.301694068226753],[99.58645629881919,2.314833164219207],[99.58188446029969,2.337443734740605],[99.56908593396868,2.342172914148685],[99.56069703723853,2.33401532934405],[99.52046203619413,2.3508064750388],[99.51786804157689,2.370066642861365],[99.53023529082603,2.422674416790935],[99.52066039965783,2.442228794223508],[99.52823638929799,2.449169635870005],[99.5236663817981,2.459093094370887],[99.51237487819814,2.438464642229496],[99.51827240015125,2.423019647638666],[99.51115417532496,2.413528918624783],[99.51949310302435,2.400058985433892],[99.50176238972259,2.394511460735346],[99.41874694831304,2.46039629025667],[99.45047760036104,2.501751183770226],[99.45254516602665,2.540852785427747],[99.47444700782319,2.552260905916112],[99.50415903171402,2.585842896932197],[99.5375720068427,2.589373026444017],[99.54369303730394,2.615493872144567],[99.55998402414347,2.610176891350521],[99.57014698739363,2.584735866567042],[99.58488399520033,2.591243929263973],[99.60911875212878,2.574255680954904],[99.64629601414977,2.575581862612905],[99.69393603382099,2.595836893757683],[99.98701059696155,2.85638001972217],[99.9945475155554,2.8249048120075],[99.98486223710265,2.758047146258866],[100.0146445259243,2.73535589216076]]]]}},{"type":"Feature","properties":{"kode":"12.24","nama":"Kabupaten Nias Utara","lat":1.3149605689276695,"lng":97.35540287252704},"geometry":{"type":"MultiPolygon","coordinates":[[[[97.08776748118431,1.234695556254925],[97.0916678148179,1.222130812287256],[97.08388939587898,1.214715321055257],[97.09461911997647,1.196178536410406],[97.09361911882738,1.217493836771252],[97.09819099961503,1.214960999650502],[97.10211431002747,1.188564410119428],[97.08079160285023,1.208851100098249],[97.0803276084325,1.231051470948705],[97.08776748118431,1.234695556254925]]],[[[97.23889441234729,1.252390311064053],[97.23661012985364,1.250144099570624],[97.23366911563721,1.254389058808078],[97.23525859630723,1.256168895378293],[97.23889441234729,1.252390311064053]]],[[[97.10637217003969,1.359263638606054],[97.11160698427494,1.356979357011776],[97.10229853255129,1.351344793227691],[97.09970967935831,1.359511103254915],[97.10637217003969,1.359263638606054]]],[[[97.23165451284551,1.41576819924307],[97.23160115337063,1.416196314308513],[97.23252977622826,1.416207324708305],[97.23237194700782,1.416016461590461],[97.23165451284551,1.41576819924307]]],[[[97.17499071914638,1.418244922265385],[97.17491571928504,1.41790392182852],[97.17336958413908,1.418014872088788],[97.17421171919553,1.418665921894855],[97.17499071914638,1.418244922265385]]],[[[97.22799843957641,1.415057202427958],[97.22187727601558,1.41173190520327],[97.22063400825297,1.413088197961995],[97.22775454523612,1.420982060173978],[97.22799843957641,1.415057202427958]]],[[[97.26626345859184,1.422077934449215],[97.26528613294875,1.422912784997107],[97.26528927338128,1.423514144562185],[97.26607418007941,1.422878106239642],[97.26626345859184,1.422077934449215]]],[[[97.2220700771724,1.421000009742743],[97.21632247040579,1.41931478904633],[97.21257257356545,1.423868232832712],[97.22027325240876,1.426077993005068],[97.2220700771724,1.421000009742743]]],[[[97.07614804879348,1.427433184993562],[97.0755841172133,1.42721189511292],[97.07468111064485,1.427183341637958],[97.07664059758555,1.42766161279326],[97.07614804879348,1.427433184993562]]],[[[97.08376182884543,1.427959590562653],[97.08368885785458,1.428037319866446],[97.08389032038204,1.428214194029851],[97.08398311872598,1.428042872280797],[97.08376182884543,1.427959590562653]]],[[[97.07902451956599,1.428390322655313],[97.08024042455602,1.428080992743672],[97.08205833302574,1.428349872048981],[97.08239621641225,1.428166654067839],[97.07697342498363,1.427826391075124],[97.07902451956599,1.428390322655313]]],[[[97.25826792262662,1.429171216578437],[97.2574293452881,1.429497927687271],[97.2574028143885,1.430123685859483],[97.25881093867393,1.429966522137358],[97.25826792262662,1.429171216578437]]],[[[97.2437747543015,1.426989427120448],[97.24186455290683,1.427176894398238],[97.24011016535187,1.42988475397827],[97.24418148978404,1.430285212192858],[97.2437747543015,1.426989427120448]]],[[[97.17261410505695,1.434016746675601],[97.17481510673181,1.433457574307726],[97.17352781805438,1.427458952368818],[97.16823589686922,1.422014746283581],[97.17261410505695,1.434016746675601]]],[[[97.23004557264515,1.439013221682936],[97.22635312629576,1.44013049262812],[97.22567186286628,1.441275015729479],[97.23115655822859,1.44262080980255],[97.23004557264515,1.439013221682936]]],[[[97.25460699301844,1.454075186021006],[97.25351482125208,1.454260783608349],[97.25340060555358,1.455038868049405],[97.25463554739268,1.455174496605791],[97.25460699301844,1.454075186021006]]],[[[97.20290219508027,1.462035259919345],[97.19960426242682,1.461421359308376],[97.20255955158207,1.465418853897058],[97.2023168470449,1.463919792864241],[97.20290219508027,1.462035259919345]]],[[[97.20956815894347,1.464143174567864],[97.20924099997218,1.465086347556996],[97.21018424220912,1.465489469563439],[97.21051069431314,1.464591053134631],[97.20956815894347,1.464143174567864]]],[[[97.25669859396501,1.466086857722379],[97.2559847552923,1.460618855575754],[97.2302009161394,1.451183658798902],[97.23554042585005,1.462110143768156],[97.25669859396501,1.466086857722379]]],[[[97.35078600007394,1.54123800033352],[97.3786052703171,1.521489032093212],[97.37708870937652,1.508930672412687],[97.38323808017337,1.513515457572298],[97.39546922422544,1.499574671733781],[97.41084212826166,1.503372608559081],[97.41362133915358,1.522398779080467],[97.42255859390407,1.51783973161834],[97.44086140822749,1.473115383268395],[97.45791057211527,1.470064205698593],[97.48342468120411,1.478829768179343],[97.49627377101777,1.44869151510145],[97.50944123162763,1.444550300755873],[97.52082885566719,1.423660862658702],[97.53915797875777,1.420825913585075],[97.49761934295839,1.382401196558034],[97.50952800001726,1.365699000108764],[97.49929000003347,1.339080000141932],[97.47868283304634,1.352775653273872],[97.47071639464592,1.347469991347092],[97.49009000025335,1.31716999969573],[97.48479943344718,1.3020514976785],[97.49753279400328,1.296045884410121],[97.49301387069359,1.288153621192675],[97.48818857624185,1.292442884631415],[97.48268212358117,1.29393011868004],[97.48079723270624,1.291705213025216],[97.50705385804916,1.262541227895417],[97.49472222195307,1.26159166702193],[97.48904999995759,1.237406111103232],[97.48821666656596,1.187966666728377],[97.50183999891689,1.19153000010945],[97.47744166520077,1.139105284980976],[97.47783333344164,1.085449999617813],[97.46991666712056,1.083883332949506],[97.44628333270967,1.119149999672794],[97.43424999993759,1.091666666683386],[97.39193333275719,1.085216666915676],[97.36149141729517,1.090392565664475],[97.32123333874766,1.156249837260257],[97.3079000539444,1.169705232910287],[97.29532468178871,1.16744093784906],[97.30031952812382,1.180112698442334],[97.28429276659793,1.194327162368689],[97.28400132330248,1.205615336678465],[97.27178873855952,1.216617963648156],[97.2581339793997,1.214196193699399],[97.25548044426719,1.228246078094061],[97.26310978888566,1.231505145645981],[97.26293132921754,1.241582164285512],[97.24616118628978,1.248987462601312],[97.24845032782042,1.259281230444495],[97.23901629926287,1.260591777388617],[97.23299427966238,1.253655250689276],[97.23144194009349,1.266248291825287],[97.21864291733684,1.273773475165838],[97.2046992761507,1.267132201290108],[97.20909309117329,1.282471457192022],[97.15151317339426,1.365952727636374],[97.10092831558936,1.406506276643446],[97.08263600624673,1.407319624401213],[97.07378441102176,1.387874669280651],[97.0576326302418,1.409346924720831],[97.0604023218098,1.418712483394399],[97.06715999223988,1.425127510326371],[97.06279130067804,1.415152810254058],[97.13614532534655,1.435492442422357],[97.15450524572061,1.420273409690173],[97.16283335997164,1.424575474978182],[97.16156748595083,1.414210542882286],[97.17432139691496,1.407681302050465],[97.17240665034673,1.395650501769305],[97.17787108218478,1.403283813297415],[97.17869000034331,1.395560000293836],[97.18402198902366,1.399786006319134],[97.18812060967845,1.406222447907643],[97.17706801367797,1.409553693248375],[97.18898316474137,1.419345175339634],[97.20662091961977,1.402885253551675],[97.27494714229691,1.418933527760144],[97.29134848314611,1.450901605324903],[97.30800523415428,1.453661862105291],[97.34524900014125,1.480661000105085],[97.35175199965515,1.503821999785446],[97.33464600041263,1.524235000444937],[97.35078600007394,1.54123800033352]]],[[[97.45018806492733,1.705553476711616],[97.45244045026664,1.699332849931087],[97.44410845004505,1.693462849930613],[97.43909422511848,1.705209850254461],[97.45018806492733,1.705553476711616]]]]}},{"type":"Feature","properties":{"kode":"12.25","nama":"Kabupaten Nias Barat","lat":1.0306830110724652,"lng":97.4911920052509},"geometry":{"type":"MultiPolygon","coordinates":[[[[97.38230263236065,0.842412688095104],[97.38339938797142,0.836191492943092],[97.37963040212142,0.835445103308905],[97.3758042292818,0.84034917207669],[97.38230263236065,0.842412688095104]]],[[[97.3478642601276,0.842868148845996],[97.361454036075,0.82102617311943],[97.35823308538866,0.811171331991398],[97.33207499966159,0.829881999654633],[97.3478642601276,0.842868148845996]]],[[[97.32070017837057,0.859338641265348],[97.3325603808569,0.850542071059765],[97.3291451001663,0.84585319566852],[97.30987763884201,0.85064953195044],[97.32070017837057,0.859338641265348]]],[[[97.3722008841635,0.862510277627246],[97.3847314359071,0.857416522954255],[97.3809097111143,0.847119924944659],[97.36402505571183,0.851526685708068],[97.3722008841635,0.862510277627246]]],[[[97.28262933827342,0.871115689737342],[97.29080243818201,0.868461495401737],[97.29081580930223,0.863109225210598],[97.28493297237885,0.864207827129546],[97.28262933827342,0.871115689737342]]],[[[97.35623704010733,0.874132458346308],[97.33603850976952,0.856761500842682],[97.3296127782072,0.859898709357962],[97.33888699993513,0.871662000001303],[97.35623704010733,0.874132458346308]]],[[[97.3712992823361,0.881794645306686],[97.37420450623301,0.880222953226736],[97.37490235585909,0.877205434583159],[97.3698243968785,0.879487335672044],[97.3712992823361,0.881794645306686]]],[[[97.2704198759765,0.91522742080887],[97.27747259778218,0.911686782718865],[97.28427407868583,0.896719147370748],[97.26678504109684,0.907069802729252],[97.2704198759765,0.91522742080887]]],[[[97.43196357525885,0.917703716653248],[97.42898449004228,0.918969589774774],[97.4290415969922,0.920178356845744],[97.43150783931537,0.921305317986063],[97.43196357525885,0.917703716653248]]],[[[97.42908803798264,0.930042019423658],[97.42463037918873,0.931711820344303],[97.4280568033788,0.937522464190385],[97.43126682370506,0.934409675865863],[97.42908803798264,0.930042019423658]]],[[[97.50024428684438,1.185395948364418],[97.49538610778276,1.142068173407582],[97.52054379396104,1.156365344385188],[97.54502174016123,1.135530133608784],[97.5575359008612,1.141490005559406],[97.57196339979114,1.130580001565848],[97.57685523957772,1.119494613585578],[97.57178999970876,1.116770001434483],[97.58787840796221,1.10331658069571],[97.59885658506337,1.1015298822983],[97.60297128739502,1.11147729873837],[97.62431203856977,1.100627115848704],[97.61102812025163,1.064000826177233],[97.61960102456767,1.05503223185208],[97.62059841498487,1.02808501890854],[97.58777777832185,1.018611110814158],[97.55286122486565,0.991612844257459],[97.52361111076416,0.951666666783277],[97.54952421666931,0.90253044592343],[97.54823812319093,0.888248507662512],[97.50991285319564,0.907442140942136],[97.50876478316825,0.923879755046661],[97.48422587822174,0.939302232412162],[97.43145815716827,0.941768939684914],[97.41891093379259,0.949979910044904],[97.40614982285611,0.93896425909332],[97.40957049678101,0.965384802966371],[97.39685108830717,1.016152983073779],[97.36149141729517,1.090392565664475],[97.39193333275719,1.085216666915676],[97.43424999993759,1.091666666683386],[97.44628333270967,1.119149999672794],[97.46991666712056,1.083883332949506],[97.47783333344164,1.085449999617813],[97.47744166520077,1.139105284980976],[97.4930861222268,1.164257478100181],[97.49515088380629,1.183972964580635],[97.50183999891689,1.19153000010945],[97.50024428684438,1.185395948364418]]]]}},{"type":"Feature","properties":{"kode":"12.71","nama":"Kota Medan","lat":3.629040924521533,"lng":98.66719592214815},"geometry":{"type":"MultiPolygon","coordinates":[[[[98.72591410125479,3.797394234756201],[98.70578405968665,3.774451820694956],[98.70206448258983,3.751610789906067],[98.7049861955566,3.740589215120259],[98.7271433746671,3.733284989810514],[98.73101193075608,3.720550799180099],[98.7150794325698,3.72568971420899],[98.70483570390466,3.715085420355923],[98.71152715365523,3.694097009169738],[98.70357502886456,3.672277513796217],[98.69471799543922,3.672431546978338],[98.69655674839525,3.678204664813499],[98.66903008517035,3.67590691497217],[98.6922784548868,3.664615397882386],[98.68973553816464,3.65663735822752],[98.70259595404015,3.656239769749646],[98.70171104542844,3.645235568966342],[98.69224557207558,3.643517028388231],[98.69337528783936,3.626547697318404],[98.70994110210025,3.626553629246686],[98.70598359136974,3.595344237746389],[98.7443444151627,3.596440921411425],[98.71703382125393,3.589706677421244],[98.71794117064857,3.582701517161379],[98.73826626797394,3.581416492976807],[98.72031556880853,3.547235913206869],[98.72332754223235,3.540476051128948],[98.74671589592194,3.538699262361099],[98.74507267896104,3.528868468205303],[98.69837031313949,3.531125474261309],[98.69658305356512,3.518941127331242],[98.67253996464773,3.514529283599565],[98.65594345382742,3.516952348572055],[98.66169155522121,3.517421718237767],[98.66223225641356,3.522202114036354],[98.65772040087585,3.522357592429003],[98.65430666611982,3.517324931400555],[98.65910861956714,3.504574413578364],[98.64605870844271,3.495987903419028],[98.64651994823707,3.480169609240157],[98.63799001532702,3.489798483113503],[98.640870349587,3.50787879527028],[98.63145728422641,3.5049897429823],[98.6279832814034,3.518158818774552],[98.61723843340698,3.498319886853295],[98.60012395085974,3.490768708609004],[98.59263908142847,3.497979276722262],[98.60268912130593,3.53408996438047],[98.59327153775133,3.540914004777584],[98.61173116596055,3.553729207237154],[98.60672949826782,3.558860649799222],[98.61203498572607,3.56284112291949],[98.61122259124967,3.583623566874138],[98.60217890982887,3.587073725971756],[98.60679255423298,3.610606394769377],[98.59932838359808,3.619284034130942],[98.62706566444889,3.610552785282838],[98.6526125448331,3.615213596430355],[98.66655608979175,3.63508421866181],[98.6593282349102,3.638966418365563],[98.65874432668942,3.675293153756098],[98.63349109024175,3.684180992558804],[98.63185527470121,3.701874216721745],[98.61887379299118,3.708651153328123],[98.65278973375929,3.728631355252897],[98.6532703521451,3.738854993063544],[98.63624259122267,3.74373370094958],[98.62536068204989,3.76265777683502],[98.63618075024145,3.769273358878444],[98.63292405330247,3.776262488722914],[98.65428742242669,3.782557779917649],[98.67553610730552,3.775681416963938],[98.6812953000381,3.788974456206272],[98.72591410125479,3.797394234756201]]]]}},{"type":"Feature","properties":{"kode":"12.72","nama":"Kota Pematangsiantar","lat":2.9614175749560467,"lng":99.05903381327893},"geometry":{"type":"MultiPolygon","coordinates":[[[[99.0997974114214,3.01859315455053],[99.09229406541883,3.00393999233679],[99.0948836947268,2.97865754231179],[99.08249676741191,2.975633609703387],[99.0912269073959,2.9743999781765],[99.08002637831471,2.959687503875251],[99.0988744219171,2.96272274725704],[99.09233702243571,2.957142766925202],[99.10207736457878,2.935038904122166],[99.0396037975772,2.908696046385483],[99.02881028906367,2.892257604904657],[99.01215324487642,2.892163430597904],[99.04163417897426,2.924920122765528],[99.02722982409712,2.933642881114128],[99.02085472616473,2.948441267650391],[99.02702595138668,2.988207069001113],[99.03942127477207,2.994408215566779],[99.03847085774397,3.003306291352303],[99.03525153123326,3.000999268601422],[99.03107891256188,3.001861633007973],[99.02997350727165,3.003706901552338],[99.0997974114214,3.01859315455053]]]]}},{"type":"Feature","properties":{"kode":"12.73","nama":"Kota Sibolga","lat":1.7425497688313687,"lng":98.78930427526204},"geometry":{"type":"MultiPolygon","coordinates":[[[[98.76293381284522,1.716669756404185],[98.76274131206199,1.716755469889028],[98.76270562066797,1.717451462415129],[98.76302089869557,1.717171874882181],[98.76293381284522,1.716669756404185]]],[[[98.78036439540058,1.729576458586754],[98.78134674195863,1.727543946695873],[98.77938510204085,1.726636450711647],[98.77845967087714,1.729172453446035],[98.78036439540058,1.729576458586754]]],[[[98.77481388944946,1.758036110877834],[98.800766667148,1.757983333264265],[98.7969388890186,1.74607777796709],[98.81120569079005,1.729713142047926],[98.7983611110765,1.720722222052926],[98.78245125781936,1.730207351887822],[98.7685021658423,1.745690115306628],[98.77481388944946,1.758036110877834]]]]}},{"type":"Feature","properties":{"kode":"12.74","nama":"Kota Tanjungbalai","lat":2.963995556158791,"lng":99.79472508660879},"geometry":{"type":"MultiPolygon","coordinates":[[[[99.8179095716695,3.010806285581701],[99.81893972079152,2.993548512254151],[99.80852265139927,2.989630867570558],[99.80931172195848,2.974933207801399],[99.83564343079975,2.955095281322183],[99.83787361097842,2.937912777652606],[99.81719762067375,2.924249875131689],[99.80364647780281,2.928791828280296],[99.77516699725918,2.920875431755764],[99.75253443921301,2.944279314938502],[99.7572037525512,2.966275143982799],[99.78276917965398,2.970434065979454],[99.76607438642381,3.008961317410929],[99.79858044383245,3.009479302627781],[99.81723080925453,3.025051224834229],[99.8179095716695,3.010806285581701]]]]}},{"type":"Feature","properties":{"kode":"12.75","nama":"Kota Binjai","lat":3.6002270139059416,"lng":98.48921935290738},"geometry":{"type":"MultiPolygon","coordinates":[[[[98.51847973005553,3.668125478807859],[98.51075449072721,3.663620926664478],[98.5167622857509,3.655201472769786],[98.5112763664113,3.645933290888713],[98.5171933092239,3.645841468309218],[98.51208999925409,3.631771707098629],[98.52723380099914,3.631816220841987],[98.52703175481172,3.621029147876897],[98.53319098127888,3.62087033929479],[98.53945663891285,3.574610932748378],[98.51527604185591,3.569765515965816],[98.49986619366999,3.580600671184108],[98.4952924692721,3.555863408169756],[98.47450838225612,3.55670308717777],[98.47398287780763,3.528066724399913],[98.45099763173539,3.527863303148958],[98.44619720263884,3.565262510656385],[98.45807929732177,3.576262400089746],[98.46020377388506,3.595272303673912],[98.46676800733778,3.594004236206526],[98.46245422927936,3.596297434579053],[98.44508560731497,3.598167482143676],[98.4409401490687,3.608189837291253],[98.47400957418252,3.617289979049353],[98.47434128012604,3.625543946895714],[98.46269466033034,3.651954624306541],[98.44768045628808,3.653505451215654],[98.44641117473604,3.65684581118526],[98.45330283425848,3.657165563340147],[98.4725876929677,3.648166922665407],[98.48841319521281,3.66746485481919],[98.51847973005553,3.668125478807859]]]]}},{"type":"Feature","properties":{"kode":"12.76","nama":"Kota Tebing Tinggi","lat":3.3282698019426245,"lng":99.15603085467856},"geometry":{"type":"MultiPolygon","coordinates":[[[[99.17399274107221,3.373319047136402],[99.16730472223524,3.350955323429549],[99.18696890329232,3.356992212420739],[99.19323500069478,3.351353824719293],[99.18151936872401,3.331463301390269],[99.19372296114577,3.310432614873292],[99.13886777602713,3.30863045623062],[99.13819105237526,3.273930907385502],[99.12046852380338,3.299506957280339],[99.1144148462682,3.297490581025574],[99.13377933634739,3.312280395224064],[99.12530486013124,3.335642028257023],[99.11674391140248,3.338671276758042],[99.1294016030016,3.349447889708411],[99.14007341075936,3.344464290294823],[99.14573605227709,3.349475910784715],[99.15462096018925,3.341190626746048],[99.16558697935567,3.356638113358311],[99.15458841642227,3.366742474085992],[99.16831715741094,3.378152180978432],[99.17399274107221,3.373319047136402]]]]}},{"type":"Feature","properties":{"kode":"12.77","nama":"Kota Padangsidimpuan","lat":1.3908149785975716,"lng":99.28569399976304},"geometry":{"type":"MultiPolygon","coordinates":[[[[99.31968666990396,1.303217222297024],[99.31095788789627,1.302808020873522],[99.26968389019943,1.349252221912531],[99.24370249967073,1.363097221859297],[99.21995389015997,1.410765277895296],[99.22254499975202,1.438138056326308],[99.24784806043971,1.477184999887912],[99.27230471968709,1.468879167239853],[99.33045074270771,1.409014867142419],[99.3504063904426,1.314020278013503],[99.31968666990396,1.303217222297024]]]]}},{"type":"Feature","properties":{"kode":"12.78","nama":"Kota Gunungsitoli","lat":1.268529012049705,"lng":97.58668478034195},"geometry":{"type":"MultiPolygon","coordinates":[[[[97.54127881216746,1.41286988124005],[97.54237222589761,1.388065187958107],[97.59893611211196,1.329133256394696],[97.61064978086274,1.293893929061626],[97.62573397734121,1.285938200687406],[97.65199483039716,1.237213023961933],[97.67586891421904,1.219663309114447],[97.68833253122142,1.179966760957305],[97.72312541170841,1.170622819287745],[97.71965613842012,1.159568167437028],[97.70495438493697,1.16180732644697],[97.68304791702779,1.136785953209182],[97.66057929280022,1.140374311125589],[97.64914562886779,1.130698080751833],[97.63595939221223,1.151425859415964],[97.61530696144722,1.15577433871483],[97.62627888826009,1.173941110793672],[97.618283958438,1.192778253713486],[97.61306000531503,1.183610001800181],[97.60237999574028,1.209590001977043],[97.57385000387458,1.209410001770214],[97.56228000361929,1.201560003091748],[97.567740002699,1.24168000332949],[97.55266765568781,1.281828498586377],[97.54504000539198,1.272280000721457],[97.53540000510623,1.29316000223236],[97.51728316338732,1.284960902923357],[97.52082380057804,1.262346504887299],[97.50915968267326,1.259376938095278],[97.48079723270624,1.291705213025216],[97.49301387069359,1.288153621192675],[97.49753279400328,1.296045884410121],[97.48479943344718,1.3020514976785],[97.49009000025335,1.31716999969573],[97.47124060766798,1.349217365089414],[97.4790243649825,1.352656512887782],[97.49929000003347,1.339080000141932],[97.50952800001726,1.365699000108764],[97.49761934295839,1.382401196558034],[97.51668461510296,1.406569954939505],[97.52458499829905,1.403277968603353],[97.53915797875777,1.420825913585075],[97.54127881216746,1.41286988124005]]]]}}]}