{"type":"FeatureCollection","features":[{"type":"Feature","properties":{"kode":"13.01","nama":"Kabupaten Pesisir Selatan","lat":-1.7382766750909031,"lng":100.87925591356458},"geometry":{"type":"MultiPolygon","coordinates":[[[[100.6393611123256,-1.911625013283727],[100.6373444365966,-1.910205699633297],[100.6382111015611,-1.907476571986136],[100.6398755578108,-1.908950540135271],[100.6393611123256,-1.911625013283727]]],[[[100.5705144142089,-1.889818686682945],[100.5694067300366,-1.88861397375584],[100.5700575271333,-1.887498444797389],[100.5711855476749,-1.888220651661657],[100.5705144142089,-1.889818686682945]]],[[[100.5158158990846,-1.745708892051637],[100.5149522702312,-1.744802754943089],[100.5151738568881,-1.742795664188515],[100.5170495719802,-1.743655924181533],[100.5158158990846,-1.745708892051637]]],[[[100.5897196298571,-1.721446121241479],[100.5891830259759,-1.720437435339297],[100.5898608171231,-1.719770435157367],[100.590355345323,-1.720901615916739],[100.5897196298571,-1.721446121241479]]],[[[100.5082581899636,-1.663821439707627],[100.5066180459861,-1.662991801630278],[100.5072784208625,-1.660882212444095],[100.5088847035662,-1.661910847107853],[100.5082581899636,-1.663821439707627]]],[[[100.6283773396426,-1.586573429719953],[100.6282378179211,-1.586139112929688],[100.6288183240065,-1.585603554960072],[100.628825295551,-1.586178041883082],[100.6283773396426,-1.586573429719953]]],[[[100.4392233392857,-1.50294285472892],[100.4365239998828,-1.501271999802858],[100.4370606802063,-1.498285416938375],[100.440221000399,-1.500636000151248],[100.4392233392857,-1.50294285472892]]],[[[100.4939751878047,-1.411456842858952],[100.4936935030528,-1.411518582216756],[100.4932790334007,-1.411110180290523],[100.4935465151596,-1.411014781107214],[100.4939751878047,-1.411456842858952]]],[[[100.5561544210898,-1.40726178969979],[100.5557689482784,-1.407989905109977],[100.55523594888,-1.407928038947739],[100.5552026370921,-1.407666299360224],[100.5566493485886,-1.407033361900092],[100.5561544210898,-1.40726178969979]]],[[[100.4928501808912,-1.405893372281211],[100.4934936602043,-1.409778776269446],[100.4920346028147,-1.41247130870388],[100.4902733489359,-1.408839696994393],[100.4928501808912,-1.405893372281211]]],[[[100.489756488771,-1.402123529377322],[100.4897284146347,-1.401766925702999],[100.4898862006877,-1.40170141728653],[100.4899823040402,-1.401959875247963],[100.489756488771,-1.402123529377322]]],[[[100.4925440696531,-1.401869335101738],[100.4922799495601,-1.40175512030252],[100.4922014279536,-1.400969897942408],[100.4926511456339,-1.40136964839053],[100.4925440696531,-1.401869335101738]]],[[[100.4918994293152,-1.397556709974149],[100.4879494746886,-1.398860429265339],[100.4830326733192,-1.386747002871827],[100.4909228510088,-1.389647132109387],[100.4918994293152,-1.397556709974149]]],[[[100.5592489999415,-1.37522899961853],[100.5589790000809,-1.375140000010935],[100.5589499996428,-1.374883999896584],[100.5592010004259,-1.374966000080827],[100.5592489999415,-1.37522899961853]]],[[[100.5645701050264,-1.353311468249599],[100.564175399775,-1.354360814300096],[100.5633847760866,-1.354569335606273],[100.5634650747535,-1.353673940000347],[100.5645701050264,-1.353311468249599]]],[[[100.5591980353611,-1.354889943016405],[100.5574030200334,-1.356381224014205],[100.5572101433335,-1.356445361863903],[100.5602316513697,-1.352635446068875],[100.5591980353611,-1.354889943016405]]],[[[100.5187140273305,-1.346529401910315],[100.5185358131773,-1.346396884108872],[100.5185678002639,-1.345757143277451],[100.5187642922384,-1.345853103637731],[100.5187140273305,-1.346529401910315]]],[[[100.5199533974314,-1.34636761027698],[100.5189302486321,-1.346400539853024],[100.5197993867324,-1.34510850185581],[100.5202525775944,-1.345584171272465],[100.5199533974314,-1.34636761027698]]],[[[100.4721040308764,-1.329356182841559],[100.4720180044274,-1.329913054743662],[100.4715024761584,-1.32962289837806],[100.4718931110782,-1.328814069713482],[100.4721040308764,-1.329356182841559]]],[[[100.4772890136771,-1.321451240082608],[100.4744675751186,-1.329785116290052],[100.4738565784184,-1.33034349635526],[100.4715560226924,-1.322255716028467],[100.4772890136771,-1.321451240082608]]],[[[100.436037238228,-1.316870527952466],[100.434455006993,-1.315957352749633],[100.4358109022514,-1.314342412272465],[100.4367791141648,-1.315124736117637],[100.436037238228,-1.316870527952466]]],[[[100.4859724986319,-1.302343551413701],[100.4854624490328,-1.302581326766797],[100.4851949681733,-1.302361748296013],[100.486119363318,-1.30196952337476],[100.4859724986319,-1.302343551413701]]],[[[100.4177653336033,-1.27674612283524],[100.4175996847777,-1.276619520774227],[100.4181872019779,-1.274009527217837],[100.4185664254003,-1.274560831417196],[100.4177653336033,-1.27674612283524]]],[[[100.4198070131832,-1.272280529322936],[100.4188424120477,-1.272512266627748],[100.4182963868688,-1.272847095916665],[100.4188208409091,-1.271140700682752],[100.4198070131832,-1.272280529322936]]],[[[100.4010014067895,-1.264540150807283],[100.4009502488549,-1.26447114672599],[100.4010549452296,-1.264334328366504],[100.4010811190984,-1.264440213644916],[100.4010014067895,-1.264540150807283]]],[[[100.2978851517785,-1.267971827038108],[100.2956291169902,-1.266598757426676],[100.2968928506246,-1.264358205366792],[100.2992532292531,-1.266185947923118],[100.2978851517785,-1.267971827038108]]],[[[100.4234870003249,-1.247133000087855],[100.4232920003256,-1.247096999326994],[100.4233100002563,-1.246824999374121],[100.4234929997022,-1.246901999327735],[100.4234870003249,-1.247133000087855]]],[[[100.3957670970739,-1.231472194286345],[100.3957802208806,-1.230875878119233],[100.3965260142642,-1.229766476241847],[100.3962274096673,-1.231071131727271],[100.3957670970739,-1.231472194286345]]],[[[100.4072571952634,-1.2311559117159],[100.4060283283448,-1.228492055064192],[100.4077135454438,-1.227450525920995],[100.4081633188821,-1.229979868276201],[100.4072571952634,-1.2311559117159]]],[[[100.3914538640047,-1.22689826214504],[100.3911434450141,-1.226615646594789],[100.3912691909205,-1.226464345553049],[100.3914977572158,-1.226733491957058],[100.3914538640047,-1.22689826214504]]],[[[100.4028782262492,-1.226104861350199],[100.402145782402,-1.22614566359143],[100.4019918013806,-1.224805831124145],[100.4030054956072,-1.224238087317778],[100.4028782262492,-1.226104861350199]]],[[[100.4107483616477,-1.224155463903534],[100.4107851807915,-1.223935808091062],[100.411158503762,-1.22359066088025],[100.4111230713727,-1.223863336223888],[100.4107483616477,-1.224155463903534]]],[[[100.4170479983665,-1.218659654719259],[100.4166364389206,-1.218692995285478],[100.4170439352295,-1.217882129656525],[100.4171108717694,-1.218035607057535],[100.4170479983665,-1.218659654719259]]],[[[100.4157796071433,-1.217937001791183],[100.4157078394453,-1.217737700334601],[100.4158811127232,-1.217697604061099],[100.4158616226159,-1.217802531561476],[100.4157796071433,-1.217937001791183]]],[[[100.4143656804318,-1.2154080398491],[100.4142516625842,-1.215162451186094],[100.413947159334,-1.214826582280962],[100.4143197259746,-1.215098118183525],[100.4143656804318,-1.2154080398491]]],[[[100.4179908763779,-1.215103986259949],[100.4169880756393,-1.216415261654971],[100.4149856883389,-1.216135686712486],[100.4152665250302,-1.21514523726283],[100.4179908763779,-1.215103986259949]]],[[[100.3398262126097,-1.214403694974544],[100.3390135537326,-1.213887226913959],[100.339422369347,-1.21248264685663],[100.3399250939679,-1.214009754146764],[100.3398262126097,-1.214403694974544]]],[[[100.3283769949025,-1.198370514987237],[100.3284310198757,-1.198051702623973],[100.3288415280142,-1.19809973991101],[100.3286895210046,-1.19831792892924],[100.3283769949025,-1.198370514987237]]],[[[100.3416958896537,-1.197417141887483],[100.3416607891142,-1.197339919801424],[100.3417467867848,-1.197327634162962],[100.3417380112004,-1.197390816033275],[100.3416958896537,-1.197417141887483]]],[[[100.3945865759098,-1.197352047159209],[100.3949568573731,-1.19831791813734],[100.3932963230669,-1.197486033553544],[100.3943753701273,-1.196375050668033],[100.3945865759098,-1.197352047159209]]],[[[100.3337142473147,-1.18952492183764],[100.3335057745719,-1.18929947169322],[100.3342213399429,-1.18937826579433],[100.3339383412815,-1.189516898086287],[100.3337142473147,-1.18952492183764]]],[[[100.3400308281603,-1.189157928295684],[100.3378556271355,-1.190982950402811],[100.3388343952911,-1.211784375448557],[100.3274793653805,-1.20555013473094],[100.3342859391448,-1.189707682963162],[100.3400308281603,-1.189157928295684]]],[[[100.3928924501265,-1.187518393159317],[100.3843478582671,-1.207128857710574],[100.3981936109465,-1.20153620323318],[100.4012276663238,-1.220833216279862],[100.3966561605534,-1.229334013853547],[100.3857277654242,-1.222390797097519],[100.3787076980019,-1.227335149197797],[100.3810529392418,-1.190151919275609],[100.3928924501265,-1.187518393159317]]],[[[100.3384262937385,-1.169118695771123],[100.3382388318567,-1.170100633137652],[100.3375140142604,-1.169786702294376],[100.3377601901807,-1.169236778554408],[100.3384262937385,-1.169118695771123]]],[[[100.3559830143047,-1.169354241704903],[100.3486871760723,-1.17142941833295],[100.3556204724069,-1.16152125909881],[100.35743885392,-1.167703876932327],[100.3559830143047,-1.169354241704903]]],[[[100.3693490497189,-1.158914774697076],[100.3692583953587,-1.158900461087311],[100.3692703230671,-1.158747778686989],[100.3694134627611,-1.158788335413321],[100.3693490497189,-1.158914774697076]]],[[[100.3469023437682,-1.163033080612122],[100.3458989629668,-1.161216079558328],[100.3499528189675,-1.156035725568286],[100.3517140818394,-1.158268163944578],[100.3469023437682,-1.163033080612122]]],[[[100.5354133999085,-0.958884175664101],[100.551052030227,-0.981504969678573],[100.5581269679853,-1.041064005699235],[100.5826341286622,-1.071065996198753],[100.5944627712399,-1.068434141022736],[100.5944679756166,-1.074632011358181],[100.6214080173661,-1.06241799939111],[100.6221829236031,-1.097009682650699],[100.6439719850192,-1.12088902930523],[100.7082854875853,-1.092585501119883],[100.720414965978,-1.091347012354651],[100.7371209971364,-1.104186962358325],[100.7521320049881,-1.125206982016527],[100.753024990411,-1.161099013908354],[100.7758619814454,-1.161083038351476],[100.8007240101051,-1.203037964930134],[100.7960749683851,-1.221509021723913],[100.8098639648501,-1.244175984234255],[100.8000179937355,-1.257291042247724],[100.798731296812,-1.278109977993028],[100.8175960138451,-1.27903296839669],[100.8372323941597,-1.304960782713918],[100.8568270261464,-1.296776988067519],[100.8858429837667,-1.327755984051374],[100.8928019440546,-1.325727222333375],[100.888147404779,-1.33778833156615],[100.9065295878702,-1.370576463133213],[100.8966247003696,-1.377950832864608],[100.8940747455531,-1.393350295679577],[100.916756272584,-1.401421425058727],[100.9371126510281,-1.424687182267606],[100.9347945351398,-1.460097594828083],[100.9415126740707,-1.471069473976952],[100.976207741594,-1.483079615032137],[100.9832378679333,-1.527809138980521],[101.0203041976806,-1.565444378055572],[101.0130473306699,-1.588211352371951],[101.0181062932709,-1.607343877617831],[101.0653288611381,-1.63533045773441],[101.0593555056521,-1.643369650389007],[101.0653782878778,-1.657877276215272],[101.1087600923045,-1.669785293856199],[101.1316666665834,-1.684719443847163],[101.1383333328171,-1.898888889110919],[101.2436833329196,-2.072816666655777],[101.2410555561691,-2.097638888623779],[101.2572166674153,-2.095383333174253],[101.2610666668932,-2.1018999996852],[101.2809999997502,-2.262683332969376],[101.2928694436699,-2.288666666933084],[101.2696172203585,-2.296459767304418],[101.2607268607561,-2.319710847577452],[101.2013053238816,-2.367095111749931],[101.1467777141203,-2.388811112242964],[101.0223916914235,-2.478443519752618],[100.9933134476576,-2.431440901776208],[100.8901650176016,-2.325789821243232],[100.8749927208375,-2.2452358602467],[100.8231290117945,-2.173779092131303],[100.8224103896279,-2.143618857823951],[100.8664403543389,-2.096454350188084],[100.8797520733996,-2.050531711869022],[100.8653912124346,-1.931622347293496],[100.8405454066452,-1.881981464672824],[100.7852446847944,-1.817986657558171],[100.6879594459717,-1.663474034299186],[100.6436420804178,-1.621317691957882],[100.6358038511669,-1.558299484733341],[100.6193710628244,-1.527075615946918],[100.6223977572507,-1.500629820010138],[100.5973802259167,-1.492623356382763],[100.5610487996624,-1.441435360153756],[100.5842496321149,-1.421687696829713],[100.5581426746448,-1.406805661651925],[100.5731907624438,-1.394582185219642],[100.5927003149676,-1.394102928407362],[100.5798564322286,-1.382203138663909],[100.578293006717,-1.369472852889844],[100.5610014395649,-1.372300358274872],[100.574717995639,-1.357754421329441],[100.5630336133107,-1.34727876020653],[100.5685058710492,-1.337017338279514],[100.5442445211678,-1.310899362315679],[100.5177090160583,-1.310454444317058],[100.4901421684264,-1.298758878019759],[100.4525936986403,-1.258415970920248],[100.422386055672,-1.277231495037404],[100.4182078576066,-1.268255444433189],[100.4006030251096,-1.27086788774278],[100.4068040268844,-1.236869255211895],[100.4187347730914,-1.238321114427857],[100.4237402449164,-1.255293293650508],[100.4328762678255,-1.254814232890469],[100.4360991223767,-1.231563638251279],[100.4212867855568,-1.225197184602303],[100.4290273313463,-1.223063211198186],[100.432119181655,-1.200767637216662],[100.4109441593455,-1.19881589703599],[100.3989652481477,-1.190481298672877],[100.4006522144282,-1.181647894934359],[100.3800944669861,-1.178232911019952],[100.3806466920912,-1.145883598249389],[100.3556565154359,-1.161256871907115],[100.3657198122196,-1.134609404800171],[100.3967839722026,-1.133820861243676],[100.4319485281022,-1.115821944027465],[100.420630243591,-1.102330645642693],[100.425337805995,-1.072407861133831],[100.4774250028617,-1.004505056363206],[100.5246632531067,-1.000816890786796],[100.5254623547039,-0.970540232945341],[100.5354133999085,-0.958884175664101]]]]}},{"type":"Feature","properties":{"kode":"13.02","nama":"Kabupaten Solok","lat":-0.9835702491913325,"lng":100.84128447774762},"geometry":{"type":"MultiPolygon","coordinates":[[[[100.678111112338,-0.537527777085225],[100.6991312650958,-0.550484141629751],[100.7058869830978,-0.572875013171251],[100.7019350148891,-0.611108043301536],[100.6875339740138,-0.631888025811714],[100.6910280317184,-0.645250033162428],[100.7017229961194,-0.656656023156879],[100.7245279982686,-0.66191699237528],[100.7066499949014,-0.671234981409244],[100.6961060248731,-0.724402972718943],[100.7142459845646,-0.735844028179303],[100.7376219653815,-0.724544996354462],[100.7461899692917,-0.738722034993858],[100.7645789953244,-0.742958993862411],[100.7797210173112,-0.764836957759377],[100.8044919887144,-0.767521015882158],[100.8206710971935,-0.778499900749788],[100.8108042600087,-0.795133832360387],[100.8506408838697,-0.784058321634154],[100.8844881622989,-0.813174791982954],[100.8884475849881,-0.828053085981109],[100.9112447252639,-0.811880365386555],[100.9260316481421,-0.80837779919605],[100.9321042725941,-0.814327955770525],[100.9620999840271,-0.804333767389378],[100.9668114557842,-0.810684339910297],[100.9557398112433,-0.817388363082452],[100.9537429376864,-0.831477430938657],[100.9948181852111,-0.854399817997178],[100.9995009640983,-0.87729975078277],[101.0459190758047,-0.885881788613643],[101.066720323684,-0.949475264271962],[101.0497071776441,-0.968368184044424],[101.0662920206603,-0.989540627997501],[101.1265970811904,-0.978090662054301],[101.1405597583262,-0.962100683699488],[101.1585199300508,-0.955790354041566],[101.1908847912003,-0.951225638152644],[101.2009793619081,-0.957084956905232],[101.2032430733092,-0.974113475056784],[101.1825043337081,-1.006128689687172],[101.1839461304096,-1.029856520362118],[101.1423386479103,-1.037281582179242],[101.1655927768852,-1.055497813373377],[101.1581680559111,-1.070702222229761],[101.1716653482772,-1.086967947113029],[101.1671070211722,-1.109470974905571],[101.1768950318803,-1.135193971324691],[101.1976930287104,-1.161964988193612],[101.2116549935832,-1.164534011335475],[101.2450709742461,-1.213411027796665],[101.2314099638988,-1.248995989773041],[101.262572024979,-1.263106027121433],[101.2526549687519,-1.291528980777803],[101.2485930287454,-1.286612989697725],[101.2408549713798,-1.295066024277583],[101.2153919977426,-1.281723955795913],[101.2056879684251,-1.292905019051352],[101.1919979981091,-1.280694009021291],[101.1870910038468,-1.295326984152981],[101.1715050072504,-1.303770964358433],[101.1218129981714,-1.293344974590907],[101.0946170030723,-1.301617026904259],[101.0745099805512,-1.284399026993446],[101.0273170291577,-1.275353037012986],[101.0046429736943,-1.258765959181643],[101.000055978001,-1.306249962665598],[100.9806439992212,-1.312884974561859],[100.9730249788197,-1.298550022165726],[100.933853016004,-1.28454099577027],[100.9003570073701,-1.297669031000906],[100.8896260233224,-1.329231013400525],[100.859015974208,-1.297918016403246],[100.8372323941597,-1.304960782713918],[100.8175960138451,-1.27903296839669],[100.798731296812,-1.278109977993028],[100.8000179937355,-1.257291042247724],[100.8098639648501,-1.244175984234255],[100.7960749683851,-1.221509021723913],[100.8013299732996,-1.205016984246379],[100.7928889626556,-1.182722020904484],[100.7840830287088,-1.181527990124634],[100.7738730003388,-1.159998009900123],[100.753024990411,-1.161099013908354],[100.7521320049881,-1.125206982016527],[100.7259679999234,-1.094457999337164],[100.7039740045967,-1.093703043660435],[100.6439719850192,-1.12088902930523],[100.6221829236031,-1.097009682650699],[100.619571975866,-1.060779960726579],[100.5944679756166,-1.074632011358181],[100.5944627712399,-1.068434141022736],[100.5783519896526,-1.068434016916322],[100.5764309766083,-1.056620012603451],[100.5532220007947,-1.032306003818986],[100.5525230162242,-0.98773501685743],[100.5385209730645,-0.960580986823059],[100.5655830114469,-0.902717028967695],[100.5556359826146,-0.85997101914719],[100.5421599772012,-0.859452983568312],[100.5354770332386,-0.846974044816287],[100.549705985243,-0.827399017150901],[100.5444119974158,-0.814768039913075],[100.561340000141,-0.81904699981912],[100.591609700827,-0.807230902783898],[100.5976730002088,-0.797193000156751],[100.6058729898467,-0.806579736065929],[100.6361470000841,-0.795201000026127],[100.6416399997862,-0.805015999388806],[100.6779559999695,-0.806804000004549],[100.6703940001831,-0.77401000036115],[100.6853409996875,-0.762222999991449],[100.6838680001082,-0.744974999596495],[100.6437380003086,-0.744800999666387],[100.628113000115,-0.759569999955525],[100.6290409997424,-0.771947999700354],[100.6053489998565,-0.783532999748074],[100.5707859995743,-0.786741999343723],[100.5643702001247,-0.799846500215809],[100.564921800201,-0.79124569443321],[100.5414660000559,-0.808992000180611],[100.5246350323809,-0.789916991076181],[100.5103840263018,-0.794950016330079],[100.5094440072352,-0.754667019367419],[100.4792740341694,-0.751768958570567],[100.4766029739482,-0.733448993276367],[100.4605804284441,-0.729695121432686],[100.4422160276476,-0.712477983971718],[100.4410640095964,-0.68677499477017],[100.4296890210316,-0.677419045352659],[100.4260142688435,-0.659538222610825],[100.4625291693857,-0.654018085865873],[100.4844055558718,-0.659145000341413],[100.5235219441824,-0.642441389258666],[100.5917073761945,-0.598741107016457],[100.5830671171538,-0.584739363330902],[100.5969611112664,-0.557561110956398],[100.5913546063301,-0.552023167635054],[100.607394911646,-0.55264959130559],[100.6131942519133,-0.561418799637872],[100.6346829748395,-0.551835871228404],[100.6401229756949,-0.539049653019033],[100.6500991101859,-0.54320396059431],[100.6646111121132,-0.531972219642165],[100.678111112338,-0.537527777085225]]]]}},{"type":"Feature","properties":{"kode":"13.03","nama":"Kabupaten Sijunjung","lat":-0.6905131702280843,"lng":101.09614998712948},"geometry":{"type":"MultiPolygon","coordinates":[[[[100.9498419619371,-0.313086253827491],[100.9941155287087,-0.316185320296272],[101.0374179526764,-0.350741227625553],[101.0413888893858,-0.385277777947104],[101.0285342849294,-0.398666275727935],[101.0414950876283,-0.424195131000429],[101.0376236797891,-0.444898752075654],[101.0662424284453,-0.488643831347682],[101.0668035019801,-0.503512284963994],[101.0886021996318,-0.509224031264013],[101.1116756826867,-0.501666691764305],[101.1430721250786,-0.529835994335562],[101.1813373527367,-0.542553666218717],[101.1986110962252,-0.581388891384174],[101.2230778620537,-0.586806797695496],[101.2548907427136,-0.625184241859225],[101.3054036439631,-0.627786249435827],[101.3225874057842,-0.649503670857657],[101.339419618121,-0.651523537381296],[101.3454792149939,-0.660107964710724],[101.3573506437173,-0.657518674447191],[101.3600390779412,-0.66608340032859],[101.3478357238396,-0.68350473875263],[101.3749999755685,-0.704444427368392],[101.3983323599506,-0.706396547962276],[101.4055555320622,-0.717499976342742],[101.3947975962321,-0.743595736354122],[101.4237581861913,-0.738011286391751],[101.454444469037,-0.769166645724065],[101.4914144930845,-0.788348380073581],[101.505806034421,-0.808547035417265],[101.5300724726665,-0.80981646355889],[101.5477506071048,-0.821133286671818],[101.5205889166452,-0.847982638987579],[101.5049184809033,-0.838977718346959],[101.496636110668,-0.850713889034685],[101.4768724996662,-0.834159167011864],[101.4542166671655,-0.834208332948164],[101.4540877277665,-0.857705471330375],[101.4388494414486,-0.882339729594753],[101.4257017146625,-0.900363536447982],[101.4133801914427,-0.899300534192252],[101.4216048063168,-0.907135805572937],[101.420363889382,-0.927019443692314],[101.3962120211679,-0.940378778258014],[101.403190297994,-0.969362172326329],[101.3973440706724,-0.974845947682271],[101.3759828608204,-0.973183221728283],[101.3530376426732,-0.955091790353782],[101.3255020689653,-0.96687823494255],[101.3109167812845,-0.950965895959291],[101.3007636107521,-0.958021944357215],[101.2939381620167,-0.95296622021486],[101.2873767551332,-0.961953067180302],[101.2580100322373,-0.93343922084326],[101.2325767632071,-0.932469853301024],[101.2173141439326,-0.921141660059524],[101.2078055202086,-0.923721586581896],[101.2111956774387,-0.940879268063702],[101.2025046966345,-0.950787632343333],[101.1585199300508,-0.955790354041566],[101.1405597583262,-0.962100683699488],[101.1265970811904,-0.978090662054301],[101.0682622149294,-0.990254466670207],[101.0497071776441,-0.968368184044424],[101.066720323684,-0.949475264271962],[101.0459190758047,-0.885881788613643],[100.9995009640983,-0.87729975078277],[100.9948181852111,-0.854399817997178],[100.9537429376864,-0.831477430938657],[100.9557398112433,-0.817388363082452],[100.9668114557842,-0.810684339910297],[100.9620999840271,-0.804333767389378],[100.9321042725941,-0.814327955770525],[100.9260316481421,-0.80837779919605],[100.9112447252639,-0.811880365386555],[100.8884475849881,-0.828053085981109],[100.8844881622989,-0.813174791982954],[100.8506408838697,-0.784058321634154],[100.8097939993936,-0.793977068586818],[100.8218147326638,-0.779940325985232],[100.8095779750435,-0.772782021972754],[100.8118916671668,-0.735511110848977],[100.7998793920204,-0.717032316288327],[100.8041679512899,-0.707402592555598],[100.7936493241571,-0.696354876276464],[100.7890504502182,-0.670668527230658],[100.8095339784105,-0.623070576046183],[100.7987955785531,-0.59872977735729],[100.8132249813479,-0.583358688152893],[100.8035012164081,-0.565739017741398],[100.8216109112147,-0.515697379230653],[100.8179298188062,-0.50663499910584],[100.8324209996295,-0.496725999904937],[100.8275692597136,-0.491658966787847],[100.821198375105,-0.491777897631865],[100.8164296848822,-0.4872469530844],[100.8394808539583,-0.481420034207217],[100.8351982841735,-0.467834497663924],[100.8493026351086,-0.426910741837252],[100.8290885977606,-0.399613777154054],[100.8369820858546,-0.391790101631864],[100.8245741692626,-0.35265401277236],[100.8441870332051,-0.349426978172465],[100.8608333331918,-0.332222221678149],[100.8724999997753,-0.344999999750131],[100.8897620475805,-0.341559707114738],[100.9013076986915,-0.325207524107876],[100.9498419619371,-0.313086253827491]]]]}},{"type":"Feature","properties":{"kode":"13.04","nama":"Kabupaten Tanah Datar","lat":-0.46764896040680143,"lng":100.58406134829245},"geometry":{"type":"MultiPolygon","coordinates":[[[[100.5339634121818,-0.278725233182866],[100.5746981197225,-0.283444845603034],[100.5812861879073,-0.292097444241593],[100.5671988890175,-0.323083749915101],[100.5841879584076,-0.339324551886547],[100.6075448448188,-0.339682420907009],[100.6194049987417,-0.351979803625005],[100.6642223217028,-0.35127777664801],[100.6610278740372,-0.334750001011644],[100.6776919689093,-0.324224029115586],[100.7514139871658,-0.369825020408301],[100.7803834336486,-0.366629763352913],[100.7725603633702,-0.355562913097954],[100.7783509649251,-0.346712969028287],[100.8249829003406,-0.352636360879346],[100.8369820858546,-0.391790101631864],[100.8290885977606,-0.399613777154054],[100.8493026351086,-0.426910741837252],[100.8351982841735,-0.467834497663924],[100.8394808539583,-0.481420034207217],[100.8164296848822,-0.4872469530844],[100.8324209996295,-0.496725999904937],[100.8179298188062,-0.50663499910584],[100.8216109112147,-0.515697379230653],[100.8038513926277,-0.566740116962785],[100.7929897928447,-0.564152006609822],[100.7826666666334,-0.54772222200288],[100.7728611110515,-0.560277777597287],[100.7313666670382,-0.556705556216366],[100.7049999997503,-0.571111110789138],[100.6991312650958,-0.550484141629751],[100.6646111121132,-0.531972219642165],[100.6500991101859,-0.54320396059431],[100.6399101574278,-0.539140527713114],[100.6217722311037,-0.55984290232807],[100.5912647559638,-0.552089679694914],[100.5969611112664,-0.557561110956398],[100.5830671171538,-0.584739363330902],[100.5917073761945,-0.598741107016457],[100.5235219441824,-0.642441389258666],[100.4844055558718,-0.659145000341413],[100.4092497637657,-0.657152161143307],[100.3957132969311,-0.631390737592399],[100.415781907609,-0.62310090388358],[100.4189991351021,-0.58239997937555],[100.4161415509919,-0.564593152851669],[100.3977224030665,-0.558913247048645],[100.3839365236517,-0.525902300350792],[100.3842884796297,-0.499999999800041],[100.3933121340478,-0.491107707554564],[100.3750507496923,-0.491714651909605],[100.3543300810684,-0.480440616740976],[100.3321530296387,-0.489524594084648],[100.3204310799304,-0.479512978641042],[100.316906949796,-0.424132495018606],[100.3341463850477,-0.394587584949038],[100.3441163223105,-0.39224805170617],[100.398777778172,-0.384361110676659],[100.4176105018233,-0.392020257928463],[100.4706218456218,-0.391036763835542],[100.5122237514251,-0.295787745707868],[100.5339634121818,-0.278725233182866]],[[100.3977626036613,-0.450016440406367],[100.3961122685664,-0.460091685582745],[100.3773691533638,-0.462089763331866],[100.3653377271544,-0.477346253726621],[100.37418231756,-0.488515626694744],[100.4062836539676,-0.490711072358055],[100.41723399885,-0.478337010744381],[100.4354210668288,-0.483158078382553],[100.4331849942921,-0.458447605272719],[100.413049105332,-0.452252577694237],[100.4101697378432,-0.459777764632088],[100.3977626036613,-0.450016440406367]]]]}},{"type":"Feature","properties":{"kode":"13.05","nama":"Kabupaten Padang Pariaman","lat":-0.5649971661505078,"lng":100.2279323946723},"geometry":{"type":"MultiPolygon","coordinates":[[[[100.100913180299,-0.875586366917316],[100.0987296812298,-0.874089166581696],[100.1010465182823,-0.872139380627848],[100.101883641417,-0.873539954205496],[100.100913180299,-0.875586366917316]]],[[[100.1025519869847,-0.322121331434191],[100.1012953660884,-0.33526794216179],[100.1270760387282,-0.336108523189774],[100.138201282863,-0.347516528564887],[100.1510765870149,-0.348084482812608],[100.1580916524079,-0.394380007031694],[100.1786445695913,-0.413959685990653],[100.2149976164469,-0.415995062222299],[100.2216757913048,-0.448041611930774],[100.2440943916429,-0.458730185749426],[100.2448921487537,-0.473104616584743],[100.2635531666454,-0.479013471794223],[100.283638126998,-0.471055981648208],[100.2902161011921,-0.45490984231529],[100.3081093489673,-0.437177441885408],[100.3159777783518,-0.433302777601055],[100.3179111858526,-0.473402940593173],[100.3319271756987,-0.489416948833091],[100.3543300810684,-0.480440616740976],[100.3750507496923,-0.491714651909605],[100.3933121340478,-0.491107707554564],[100.3842884796297,-0.499999999800041],[100.3839365236517,-0.525902300350792],[100.3977224030665,-0.558913247048645],[100.4161415509919,-0.564593152851669],[100.4189991351021,-0.58239997937555],[100.415781907609,-0.62310090388358],[100.3956991164211,-0.631699445173142],[100.4020624584158,-0.653104680436625],[100.4265700255863,-0.658392992642456],[100.4296890210316,-0.677419045352659],[100.4410640095964,-0.68677499477017],[100.4422160276476,-0.712477983971718],[100.457887500308,-0.726059443888152],[100.3853790991662,-0.755616618911839],[100.3674425580277,-0.800445938828956],[100.2978049754193,-0.805716348230836],[100.2910658849827,-0.816634304929201],[100.2593873108758,-0.771927629156702],[100.1544204300589,-0.669026030626776],[100.1643622644071,-0.65008872211674],[100.1727191308832,-0.652008153253616],[100.1738073438339,-0.622339393048479],[100.1860841671506,-0.623111943961055],[100.1776599972111,-0.621772948762514],[100.1804571154037,-0.609135222112725],[100.1632651526647,-0.593056075077738],[100.1422198692516,-0.585520253656727],[100.145471010179,-0.574631631944181],[100.1312240033852,-0.569196958672682],[100.1312508328597,-0.550554444332077],[100.0933710861068,-0.565508035867149],[100.0922671853824,-0.572237020621971],[100.0454781698817,-0.510352146234519],[99.96214077837428,-0.434016058694089],[99.9792241902442,-0.416921299178588],[99.98438680420773,-0.399728685330539],[99.99976676072745,-0.398201794776989],[99.98457628686627,-0.371747162101846],[99.99025587161127,-0.361943064320938],[100.0462340338736,-0.363890941913406],[100.0356143957877,-0.355416072693584],[100.0573724593715,-0.348340285975349],[100.0670877913685,-0.325415536397847],[100.1025519869847,-0.322121331434191]]]]}},{"type":"Feature","properties":{"kode":"13.06","nama":"Kabupaten Agam","lat":-0.2518796574347268,"lng":100.17088358945772},"geometry":{"type":"MultiPolygon","coordinates":[[[[99.90043130955733,-0.424055395240222],[99.89869009437241,-0.422497800033364],[99.90119823610974,-0.421755961868067],[99.9014662709517,-0.423290304204096],[99.90043130955733,-0.424055395240222]]],[[[99.90274694871279,-0.412925071734607],[99.90151130540245,-0.412096751164073],[99.90177372937416,-0.410562620168678],[99.90330612377859,-0.411371552255238],[99.90274694871279,-0.412925071734607]]],[[[99.90738533076848,-0.408122815215675],[99.90599180337908,-0.407388756186114],[99.90675833422979,-0.406152762140247],[99.90818344670875,-0.407077474745579],[99.90738533076848,-0.408122815215675]]],[[[100.27893959019,-0.03807884576206],[100.3008609886437,-0.037527975935328],[100.3250649806643,-0.054451021597382],[100.3380139770635,-0.087676033022424],[100.3565604905742,-0.096501521827788],[100.3616939916845,-0.107824022360672],[100.3798899737433,-0.112875969350481],[100.3738540290403,-0.123968041991487],[100.3785930137566,-0.148094984595806],[100.4046939691514,-0.160812032349414],[100.410774037292,-0.17737496338375],[100.4442779707518,-0.185555986319644],[100.4451069730085,-0.204354979098989],[100.4647631743811,-0.221179191066748],[100.4812960824483,-0.224080181854871],[100.5187477546052,-0.249676030324489],[100.5281300028974,-0.245201043393342],[100.5427579706039,-0.261010040381018],[100.537249975606,-0.279294450078707],[100.5122237514251,-0.295787745707868],[100.4706218456218,-0.391036763835542],[100.4176105018233,-0.392020257928463],[100.398777778172,-0.384361110676659],[100.3341463850477,-0.394587584949038],[100.3174724425992,-0.432921178169801],[100.2902161011921,-0.45490984231529],[100.2838813621352,-0.47090642259329],[100.2635531666454,-0.479013471794223],[100.2448921487537,-0.473104616584743],[100.2440943916429,-0.458730185749426],[100.2216757913048,-0.448041611930774],[100.2149976164469,-0.415995062222299],[100.1786445695913,-0.413959685990653],[100.1580916524079,-0.394380007031694],[100.1510765870149,-0.348084482812608],[100.1382012828629,-0.347516528564887],[100.1270760387282,-0.336108523189774],[100.1012953660884,-0.33526794216179],[100.1024365787851,-0.321022278055663],[100.0670877913685,-0.325415536397847],[100.0573724593715,-0.348340285975349],[100.0356143957877,-0.355416072693584],[100.0462340338736,-0.363890941913406],[99.99025587161127,-0.361943064320938],[99.98457628686627,-0.371747162101846],[99.99976676072745,-0.398201794776989],[99.98438680420773,-0.399728685330539],[99.9792241902442,-0.416921299178588],[99.96214077837428,-0.434016058694089],[99.91378295402018,-0.403248923199209],[99.91442738931259,-0.379534310759746],[99.88290512367254,-0.343501001669802],[99.8168255045934,-0.296404256151453],[99.80262525625061,-0.259073166893112],[99.80120578701751,-0.22920100612154],[99.77061731443759,-0.17582197990034],[99.7878144401843,-0.173228059927036],[99.78780548023873,-0.182171728642258],[99.80547504323869,-0.181949586204391],[99.98728948931848,-0.158883841815774],[99.99411707304452,-0.14356529819988],[99.98290588609781,-0.145995773586074],[99.98636900172808,-0.131597996350388],[100.0050717463641,-0.105616863927052],[100.0321510544276,-0.092770333583994],[100.0390032678866,-0.081749941406597],[100.0920400166335,-0.080777737402629],[100.1178546467746,-0.09776463043332],[100.1345585609289,-0.093701328853138],[100.1406593125772,-0.102782386098157],[100.1604642222461,-0.107678420322779],[100.1757016658993,-0.091285664401822],[100.1881643494052,-0.092458186096314],[100.2021181106624,-0.111804805747154],[100.2130666497062,-0.070046588778963],[100.244980960403,-0.074238739825974],[100.2652777776473,-0.032333332617165],[100.27893959019,-0.03807884576206]],[[100.3379044198531,-0.275621902129044],[100.3326330122038,-0.279591640941382],[100.3430038366578,-0.297063382768828],[100.3705394121642,-0.321956077411015],[100.4078533252708,-0.322066380159283],[100.3948916439342,-0.285285899924295],[100.3379044198531,-0.275621902129044]]]]}},{"type":"Feature","properties":{"kode":"13.07","nama":"Kabupaten Lima Puluh Kota","lat":0.020345170548153248,"lng":100.56965876313154},"geometry":{"type":"MultiPolygon","coordinates":[[[[100.4336219865655,0.414454245866766],[100.4610771950566,0.411574067189521],[100.4588521221277,0.397679439954254],[100.4370123272571,0.384297830980193],[100.429311589958,0.360438171384578],[100.45304500902,0.342890590628306],[100.4670578260579,0.314612472787454],[100.4959671501639,0.305018113095487],[100.5236140581424,0.319157170666903],[100.5316374128364,0.317396802620371],[100.5340500303846,0.304379891219073],[100.559017811223,0.304660428436085],[100.5818535117303,0.279152612802866],[100.5877868671702,0.251505704824437],[100.6256944560344,0.234166702031688],[100.6264166772879,0.219444470985605],[100.6706070315893,0.195968983781578],[100.6727017073181,0.18527117842215],[100.6868501169394,0.190278760956117],[100.7007830004352,0.248843000204355],[100.7133180002256,0.240308999660696],[100.7377777792212,0.236944445229989],[100.7393189995722,0.242998999604202],[100.7668055557318,0.233611110764206],[100.7734854428989,0.25130155242474],[100.7991882027734,0.258114518570205],[100.8110524459137,0.251631962445151],[100.8164387536456,0.260534331594117],[100.8428166669556,0.223849999677769],[100.8386594302885,0.215184491271289],[100.8468749997814,0.206186111400017],[100.8439230552048,0.18023059616514],[100.8501963058149,0.168269899836046],[100.8417802000962,0.146200999976218],[100.833700737599,0.140141403103319],[100.8201975627673,0.145228472216294],[100.813502084054,0.133932186920946],[100.7877675016689,0.127498542223956],[100.7862588961312,0.106742839610449],[100.7742144540339,0.102243990068127],[100.8002222216783,0.050222221578375],[100.8270613648902,0.055466025436798],[100.8331209617631,0.068482935938816],[100.8644787485955,0.044069993635373],[100.8445606322674,0.033914560408663],[100.8425594689444,-0.005606851075227],[100.8239166668208,-0.019666666683252],[100.8288498754215,-0.028350425032],[100.8165117938842,-0.033627635107239],[100.8165000001749,-0.048833332692125],[100.8050097823756,-0.037835687966561],[100.8059075000312,-0.019713006050351],[100.7809023136909,-0.030064817037603],[100.7669689832321,-0.020835154019119],[100.7583972219543,-0.04364166702924],[100.7406361106681,-0.039016666885663],[100.7361194437574,-0.046455555779248],[100.7480046905641,-0.053545752334541],[100.7553388902776,-0.088063889037196],[100.7596064485788,-0.1196340040061],[100.7529857790705,-0.131753196852527],[100.7656182500822,-0.147836272126225],[100.7726129692132,-0.179518234878609],[100.7839092536092,-0.185951881374161],[100.774723230193,-0.214393123643644],[100.8018833333492,-0.242552778287999],[100.8130352154029,-0.275734847984735],[100.8429123907943,-0.290042228066303],[100.8454372230495,-0.31620229140257],[100.8353378958273,-0.324393966808126],[100.8441583331406,-0.330272221685648],[100.844187033205,-0.349426978172465],[100.8109548505859,-0.355036976075576],[100.7783509649251,-0.346712969028287],[100.7725603633702,-0.355562913097954],[100.7803834336486,-0.366629763352913],[100.7566690019729,-0.37083704099661],[100.6776919689093,-0.324224029115586],[100.6610278740372,-0.334750001011644],[100.6642223217028,-0.35127777664801],[100.6194049987417,-0.351979803625005],[100.6075448448188,-0.339682420907009],[100.5841879584076,-0.339324551886547],[100.5658580286252,-0.318706963555451],[100.5795930082108,-0.288001192401024],[100.5618010249973,-0.28017201572588],[100.5445556227439,-0.284444443855916],[100.537249975606,-0.279294450078707],[100.543520031824,-0.262470980051679],[100.5281300028974,-0.245201043393342],[100.5187477546052,-0.249676030324489],[100.4555130373968,-0.21386804367525],[100.4451069730085,-0.204354979098989],[100.4442779707518,-0.185555986319644],[100.410774037292,-0.17737496338375],[100.4046939691514,-0.160812032349414],[100.3785930137566,-0.148094984595806],[100.3738540290403,-0.123968041991487],[100.3798899737433,-0.112875969350481],[100.3616939916845,-0.107824022360672],[100.3565604905742,-0.096501521827788],[100.3380139770635,-0.087676033022424],[100.3234139971583,-0.052854960587892],[100.3008609886437,-0.037527975935328],[100.2649080078983,-0.031682043591344],[100.2665000237572,-0.019972222140277],[100.3488055907056,0.034138889098509],[100.3534444799788,0.045166667407878],[100.3300739382617,0.050371256328427],[100.3158157160226,0.083782878876823],[100.3243500142418,0.097322915120499],[100.3208471000137,0.119976893219073],[100.3286652330142,0.151953724784645],[100.3527444054301,0.170765351239963],[100.3534637416584,0.179086490349276],[100.3469971170234,0.205316877971581],[100.3384593932864,0.20365920261016],[100.3335252251091,0.254883767971512],[100.3157648602601,0.274425095341899],[100.3198470044357,0.28648400663169],[100.3084078429476,0.301954267675361],[100.3225666981946,0.318516667210497],[100.3332716783453,0.352155453111733],[100.3005560051556,0.39526397065581],[100.3232660568831,0.400440909920105],[100.3458888779694,0.380555602659014],[100.3659771532231,0.394932985069227],[100.376398231793,0.389691836908776],[100.3892722256328,0.407130675240561],[100.4202310273401,0.424223163068602],[100.4336219865655,0.414454245866766]],[[100.6333444472885,-0.191401157837115],[100.6209059141767,-0.201949796246017],[100.5924043130087,-0.193302613324844],[100.5827409510341,-0.209345436742472],[100.6006480978315,-0.219898168865365],[100.5896329711848,-0.23978224585395],[100.5969455466997,-0.26611325142534],[100.649751103131,-0.276974361977159],[100.6476229528371,-0.24844192485485],[100.6746827689947,-0.242705196287732],[100.6752788801163,-0.220613251300408],[100.6856130509016,-0.207720958055704],[100.660824611067,-0.18623339435562],[100.6346481081237,-0.184165108333081],[100.6333444472885,-0.191401157837115]]]]}},{"type":"Feature","properties":{"kode":"13.08","nama":"Kabupaten Pasaman","lat":0.39261729781918137,"lng":100.08722090737058},"geometry":{"type":"MultiPolygon","coordinates":[[[[99.87256109721697,0.90657353883776],[99.91304690838817,0.885033255080733],[99.95103299997302,0.880243000014522],[99.96681907144304,0.851072902192771],[100.0103149998374,0.839733999824263],[100.0771137761798,0.786595248172192],[100.0911679998034,0.788366999837217],[100.1072699707326,0.777819793149012],[100.1213240001026,0.781266000625466],[100.1708329998431,0.75777800025458],[100.1875928293456,0.760961868295615],[100.211704971807,0.73609227543818],[100.2211730918648,0.742530596609845],[100.2736895927006,0.727255364343657],[100.2686900258241,0.708030044351135],[100.2844201279865,0.682313357575401],[100.2285833580356,0.661944460568462],[100.2214444775806,0.665288901661507],[100.1978055997487,0.628138944856468],[100.2095848407678,0.582243000214364],[100.2399810104154,0.535729986649544],[100.2213021041089,0.515146777601691],[100.2402778100729,0.487777758336902],[100.2357029956967,0.47467465860864],[100.2747661972023,0.413598665945722],[100.3013888556113,0.396388896630315],[100.3016869889634,0.386050031383897],[100.3332716783453,0.352155453111733],[100.3225666981946,0.318516667210497],[100.3084078429476,0.301954267675361],[100.3198470044357,0.28648400663169],[100.3157648602601,0.274425095341899],[100.3335252251091,0.254883767971512],[100.3384593932864,0.20365920261016],[100.3469971170234,0.205316877971581],[100.3534637416584,0.179086490349276],[100.3527444054301,0.170765351239963],[100.3286652330142,0.151953724784645],[100.3208471000137,0.119976893219073],[100.3243500142418,0.097322915120499],[100.3158157160225,0.083782878876823],[100.3300739382617,0.050371256328427],[100.3534444799788,0.045166667407878],[100.3488055907056,0.034138889098509],[100.2665000237571,-0.019972222140277],[100.2463118967767,-0.073523089019359],[100.2130666497062,-0.070046588778963],[100.2021181106624,-0.111804805747154],[100.1881643494052,-0.092458186096314],[100.1757016658993,-0.091285664401822],[100.1604642222461,-0.107678420322779],[100.1406593125772,-0.102782386098157],[100.1345585609289,-0.093701328853138],[100.1178546467746,-0.09776463043332],[100.0920400166335,-0.080777737402629],[100.0390032678866,-0.081749941406597],[100.0321510544276,-0.092770333583994],[100.0148276629663,-0.095843083191729],[100.0112490150301,-0.067605066120871],[100.0375095632159,-0.066894002755971],[100.0298114708227,-0.060776557891787],[100.0386351573866,-0.03675577306044],[100.0239582683595,-0.023119452700529],[100.0280912853846,0.005391325149537],[100.036472224014,0.009527775786308],[99.99791873576106,0.03691644883512],[99.98064035177092,0.070775744005422],[100.022306541114,0.107691008333363],[100.0396670377037,0.131607549149157],[100.0423635370476,0.152060003066731],[100.063613541232,0.149698020047692],[100.0605994184284,0.244187887161315],[100.051555556244,0.236611107916326],[100.0419444493769,0.253111107991286],[100.0225030195987,0.248860731237796],[99.98039128003354,0.287363634424251],[99.9773355563909,0.27972003914851],[99.9648643527078,0.288721867919881],[99.92277777797216,0.293361110626764],[99.91555327666244,0.314218019346166],[99.8842195610839,0.310032334424745],[99.87500086709643,0.319025076446186],[99.85786491503387,0.319831648711697],[99.84664119423577,0.315526540117814],[99.84949999602804,0.302333330119195],[99.83255970316783,0.308308697388535],[99.79530600057156,0.299472003929877],[99.78655246292588,0.320913927935448],[99.76386200202981,0.311887249996643],[99.75330423370347,0.324082729634354],[99.76000000019992,0.345861001883849],[99.77283890069477,0.349294689898036],[99.77683855635432,0.358596447967694],[99.74348109457691,0.383161785787786],[99.74934758362416,0.401439014399083],[99.77300653162621,0.40138927199733],[99.7669529988818,0.420883997398589],[99.79474870508872,0.412312296375392],[99.81998292357318,0.416459835652924],[99.82822240514,0.428231816445221],[99.82694444602946,0.459444440108856],[99.84931299999499,0.469978999631168],[99.85865012030685,0.463578033599463],[99.9072819995647,0.471537999579061],[99.92676149314846,0.496656104795454],[99.96071826403667,0.513415139297299],[99.95026100034498,0.523806999793239],[99.96447300012893,0.54591600042315],[99.95962300040124,0.568720999874303],[99.92041199981398,0.605069000633948],[99.92295300008098,0.616052999946001],[99.9092480002951,0.625633000162848],[99.92637491327164,0.632027809435895],[99.91131600033324,0.679810000231404],[99.89620200032206,0.676593000266765],[99.88662700033585,0.68870500033553],[99.85055599975962,0.683611000147641],[99.83083300034276,0.696111000122565],[99.8354619997716,0.710829999904592],[99.82496520637923,0.73601658399822],[99.83470900012034,0.757159999634302],[99.84817098780094,0.763073912631038],[99.84328069125101,0.781404621226331],[99.85014280894357,0.791107169360414],[99.83848499978298,0.821201999572649],[99.84106400000364,0.852490999959718],[99.83086399997372,0.880499000128784],[99.83860599996699,0.89197200040749],[99.87256109721697,0.90657353883776]]]]}},{"type":"Feature","properties":{"kode":"13.09","nama":"Kabupaten Kepulauan Mentawai","lat":-1.8490641164973054,"lng":99.33662594808617},"geometry":{"type":"MultiPolygon","coordinates":[[[[100.7818779998698,-3.565089999803631],[100.7856690002242,-3.569707999624397],[100.7812539998722,-3.573020000372631],[100.7794169996948,-3.567756000438996],[100.7818779998698,-3.565089999803631]]],[[[100.6687405930041,-3.481573529894424],[100.6766295916823,-3.480108053144074],[100.6758944732514,-3.488827647677775],[100.6453428476943,-3.487910564920574],[100.6355534007689,-3.481858749881342],[100.6375765453214,-3.467056966605655],[100.6687405930041,-3.481573529894424]]],[[[100.6817813058626,-3.455598135145779],[100.6791513509542,-3.454967711290793],[100.6791794358823,-3.45279096882807],[100.6810577518139,-3.453129952085623],[100.6817813058626,-3.455598135145779]]],[[[100.4550238196936,-3.284123243193074],[100.4576149400774,-3.286297928006901],[100.4573677533192,-3.290703186003155],[100.4521506827079,-3.285322669905247],[100.4550238196936,-3.284123243193074]]],[[[100.3366744872378,-3.283974902719569],[100.3492686336406,-3.290636384361603],[100.3480348078601,-3.297012548889969],[100.3323687500178,-3.291217764588142],[100.3366744872378,-3.283974902719569]]],[[[100.569616165054,-3.275393444052169],[100.565343072325,-3.272470018776266],[100.568246458907,-3.257719554413876],[100.5717974383012,-3.262668358158185],[100.569616165054,-3.275393444052169]]],[[[100.4369218653519,-3.259218569581249],[100.4389005483217,-3.260695732122334],[100.4404930030497,-3.269523065437044],[100.4326733403025,-3.25627610385906],[100.4369218653519,-3.259218569581249]]],[[[100.4312298052114,-3.246173229710772],[100.4303220286388,-3.245619153800908],[100.4304177758597,-3.245143048213064],[100.4315168049566,-3.245486230405151],[100.4312298052114,-3.246173229710772]]],[[[100.5217956361598,-3.247969978032009],[100.5181031016769,-3.241480149089584],[100.5219886846302,-3.234905872008278],[100.5251615080972,-3.242623376267753],[100.5217956361598,-3.247969978032009]]],[[[100.4220332687205,-3.235040492424693],[100.4216278822211,-3.234705295313026],[100.4217788873858,-3.234102736052405],[100.4224473948315,-3.234382617663625],[100.4220332687205,-3.235040492424693]]],[[[100.4909196692074,-3.229969790073708],[100.4910401810596,-3.23050584626772],[100.4903777071655,-3.230195483934375],[100.490547108862,-3.229743489170625],[100.4909196692074,-3.229969790073708]]],[[[100.356416912011,-3.228974532848364],[100.3557894370329,-3.228967413815001],[100.3554688610991,-3.228413884692996],[100.3559298607745,-3.228283884993191],[100.356416912011,-3.228974532848364]]],[[[100.3594059644138,-3.22840937639153],[100.3595715323005,-3.227309718668517],[100.3608443068194,-3.22760871986654],[100.3608264813571,-3.22783653073129],[100.3594059644138,-3.22840937639153]]],[[[100.3573897041716,-3.222932452070973],[100.3584997229839,-3.223449984029505],[100.3586317830304,-3.223749797315259],[100.3574253955656,-3.223814042184239],[100.3573897041716,-3.222932452070973]]],[[[100.3565188222858,-3.222696884553569],[100.3569970934411,-3.222711162190331],[100.3570428662354,-3.223938656743533],[100.3557550145824,-3.223560629419422],[100.3565188222858,-3.222696884553569]]],[[[100.400613567862,-3.222555905030935],[100.399446895358,-3.222185116349932],[100.3994783212675,-3.221476901138034],[100.4001360926066,-3.221315230913183],[100.400613567862,-3.222555905030935]]],[[[100.4083849370153,-3.223452652318029],[100.416792405645,-3.223521356025641],[100.4210637869643,-3.234591877313234],[100.4097531628782,-3.230393315898786],[100.4083849370153,-3.223452652318029]]],[[[100.349365010387,-3.219221262051589],[100.3527519471447,-3.220694921733161],[100.3535862023414,-3.224432459190643],[100.3488801436038,-3.224475173390465],[100.349365010387,-3.219221262051589]]],[[[100.3530514231847,-3.218388321663637],[100.3560964673781,-3.220605933816747],[100.3551325254458,-3.224427292585455],[100.3522481793101,-3.217829276100195],[100.3530514231847,-3.218388321663637]]],[[[100.4851239127385,-3.215564471123391],[100.4885437457973,-3.227019988581572],[100.487066102119,-3.228591063726574],[100.4768110572845,-3.209775073760637],[100.4851239127385,-3.215564471123391]]],[[[100.5017080228071,-3.209813726622171],[100.5014655898652,-3.209564555060121],[100.5012837649339,-3.209219273850364],[100.5014406336784,-3.20931538259879],[100.5017080228071,-3.209813726622171]]],[[[100.2992490303185,-3.208859644856668],[100.301835804279,-3.209350180966089],[100.299894426087,-3.216847100413281],[100.2942074606059,-3.211217693341853],[100.2992490303185,-3.208859644856668]]],[[[100.5113400649921,-3.20688295568379],[100.5113720331929,-3.207500387033216],[100.5107016623519,-3.207462269268271],[100.511025140398,-3.206808796688579],[100.5113400649921,-3.20688295568379]]],[[[100.4479356313244,-3.203768587250424],[100.4575545299177,-3.207442111863903],[100.4629379751075,-3.221075331361403],[100.4464596397007,-3.208915790431346],[100.4479356313244,-3.203768587250424]]],[[[100.4830858790102,-3.205325293927144],[100.4807946159788,-3.203133500410685],[100.4814277971552,-3.202008827145589],[100.4835795402637,-3.202715184358221],[100.4830858790102,-3.205325293927144]]],[[[100.5326970840033,-3.201381321590604],[100.5335479775571,-3.201836955011375],[100.5315467153087,-3.201115535953194],[100.5316803536654,-3.20094347496134],[100.5326970840033,-3.201381321590604]]],[[[100.5269350898825,-3.201751662409238],[100.5295257992762,-3.201757595236712],[100.5307201403223,-3.202683099245609],[100.5246702696173,-3.202315935731795],[100.5269350898825,-3.201751662409238]]],[[[100.534181450114,-3.200846921947845],[100.5346152147204,-3.201107961862862],[100.5336288436963,-3.201546983006834],[100.533741741888,-3.200514689001624],[100.534181450114,-3.200846921947845]]],[[[100.5353744053046,-3.201287313658588],[100.5348113011007,-3.20100117276583],[100.5346805774468,-3.200621478998025],[100.5353282538959,-3.200461295352477],[100.5353744053046,-3.201287313658588]]],[[[100.5354827457322,-3.200004474826626],[100.5353817320813,-3.200336707772847],[100.5347815910976,-3.200051937446949],[100.5351915893205,-3.199796830359405],[100.5354827457322,-3.200004474826626]]],[[[100.5015559789254,-3.200359647679532],[100.5001753631026,-3.202742723397892],[100.5000682871218,-3.206483235812632],[100.4993805413789,-3.201542776877611],[100.5015559789254,-3.200359647679532]]],[[[100.3977493458557,-3.201011068006279],[100.4059966011622,-3.203894931206078],[100.4037649272097,-3.218742543933198],[100.3946590801525,-3.214406430312502],[100.3944487673967,-3.209333923921401],[100.3915264572803,-3.202294609208847],[100.3977493458557,-3.201011068006279]]],[[[100.4946609226635,-3.198839800616307],[100.4943424322575,-3.197838354256602],[100.4948938488721,-3.197373226693026],[100.4954500202023,-3.19816584237971],[100.4946609226635,-3.198839800616307]]],[[[100.4980563499207,-3.195924558271715],[100.4982546081636,-3.197188303597256],[100.4963769379454,-3.19631025771219],[100.4966383861527,-3.195883100424693],[100.4980563499207,-3.195924558271715]]],[[[100.5004870150638,-3.195766223632271],[100.5003842180572,-3.195802414150053],[100.5001025180168,-3.195490644377655],[100.5004925180153,-3.195523644100787],[100.5004870150638,-3.195766223632271]]],[[[100.4958756774207,-3.19473028467481],[100.4959171172812,-3.194955311238592],[100.4945479381369,-3.194972990111358],[100.4948272657658,-3.194800965092417],[100.4958756774207,-3.19473028467481]]],[[[100.5308721500298,-3.194504683444313],[100.5303052839617,-3.195113384175288],[100.5298346777283,-3.19406684490893],[100.5305441519911,-3.194059725875567],[100.5308721500298,-3.194504683444313]]],[[[100.4847841101986,-3.19100250935829],[100.4857977612578,-3.192939116646867],[100.4844691838059,-3.194734221007403],[100.4828945563387,-3.192539098200767],[100.4847841101986,-3.19100250935829]]],[[[100.4059595445974,-3.177510729836255],[100.4072293864271,-3.177924125697798],[100.4046002642908,-3.178146358967274],[100.4049243170037,-3.177525983237464],[100.4059595445974,-3.177510729836255]]],[[[100.4126686840126,-3.179023686294061],[100.4104128021092,-3.176322884593377],[100.4115284012148,-3.174669125779486],[100.4129527276863,-3.177332323228102],[100.4126686840126,-3.179023686294061]]],[[[100.3747859676983,-3.168503130115299],[100.3741698781375,-3.16814155858596],[100.3743604732573,-3.167380053146898],[100.3752635508722,-3.167859759620198],[100.3747859676983,-3.168503130115299]]],[[[100.5067600633263,-3.167950501214614],[100.5059835931684,-3.166914425560277],[100.5068461284462,-3.166280508738486],[100.5071102521365,-3.167331675916055],[100.5067600633263,-3.167950501214614]]],[[[100.4038787211262,-3.170314314354064],[100.4004298984211,-3.167014533593784],[100.400174069178,-3.165134320092802],[100.4032389461206,-3.166500100699102],[100.4038787211262,-3.170314314354064]]],[[[100.4271949563822,-3.164615222414538],[100.4272619558746,-3.164830222436768],[100.4265019559006,-3.165095222066741],[100.4265019559006,-3.165009221698226],[100.4271949563822,-3.164615222414538]]],[[[100.5040221178266,-3.16359476888344],[100.505435207269,-3.16371035335006],[100.5062006265578,-3.165003230414667],[100.5029785121487,-3.164353752623564],[100.5040221178266,-3.16359476888344]]],[[[100.3981591093555,-3.166498695058698],[100.3965455799147,-3.16437261860141],[100.397395296256,-3.162558711215516],[100.3987684027397,-3.165053199445536],[100.3981591093555,-3.166498695058698]]],[[[100.3878121556066,-3.163430394397151],[100.3873979368653,-3.163180402653401],[100.3874525032305,-3.162560148332163],[100.3879177279208,-3.162984835181939],[100.3878121556066,-3.163430394397151]]],[[[100.3927966453489,-3.157941687159108],[100.3923571583562,-3.157687661956013],[100.3922352012935,-3.157077576269065],[100.3926843236227,-3.157331587982329],[100.3927966453489,-3.157941687159108]]],[[[100.4400197698966,-3.156498806774513],[100.4414066872688,-3.156631181583672],[100.442086070216,-3.157501189328363],[100.4388051446418,-3.157994142815371],[100.4400197698966,-3.156498806774513]]],[[[100.4938259498078,-3.14192995330467],[100.5018859186004,-3.150622445869169],[100.498576950366,-3.163555937956078],[100.5093062796612,-3.169391003791747],[100.5076448981936,-3.179351115961174],[100.5180552703345,-3.183992964903373],[100.5207719495659,-3.191511007626849],[100.5299772859231,-3.194429929997236],[100.5306689338243,-3.196715226926086],[100.532654748418,-3.196946603602838],[100.5342163042392,-3.198459453041272],[100.534241260426,-3.199392078781374],[100.5145103820486,-3.196471528638048],[100.5098733822508,-3.203647562784775],[100.4918513443641,-3.185493703171785],[100.4850923663196,-3.157536932883056],[100.4938259498078,-3.14192995330467]]],[[[100.4762274692224,-3.127613952322042],[100.4770983511081,-3.129669806116622],[100.4753922778314,-3.132567989221327],[100.4736362364232,-3.128199298558767],[100.4762274692224,-3.127613952322042]]],[[[100.3065371541664,-3.122959674749184],[100.3124491480098,-3.128767000996271],[100.3090357531975,-3.140938803283147],[100.2958301982051,-3.123555863212493],[100.3065371541664,-3.122959674749184]]],[[[100.2466969711883,-3.126460532227762],[100.2429653116999,-3.126428346391011],[100.2393190599267,-3.121557343896233],[100.241644989125,-3.122046957301164],[100.2466969711883,-3.126460532227762]]],[[[100.2322853138163,-3.117553047734914],[100.2341313081134,-3.117865586427618],[100.2357160196786,-3.119279928625732],[100.2309237069636,-3.119092688876426],[100.2322853138163,-3.117553047734914]]],[[[100.4665026349887,-3.081036005906926],[100.4719292674218,-3.086856453262657],[100.4712135779444,-3.08947255771235],[100.4651338830224,-3.086504346198618],[100.4665026349887,-3.081036005906926]]],[[[100.2464746030205,-3.066479611644704],[100.2448031077773,-3.069676502768351],[100.2436775279956,-3.069918396116991],[100.2440321477655,-3.066154407799607],[100.2464746030205,-3.066479611644704]]],[[[100.4666981763798,-3.058521749179269],[100.4665227258431,-3.058204425193958],[100.466671471911,-3.057719285916319],[100.4669602343274,-3.058169492827803],[100.4666981763798,-3.058521749179269]]],[[[100.1796936305567,-3.0556336330857],[100.197617406718,-3.063569192364282],[100.1911067431817,-3.076988562971719],[100.1718131646459,-3.062455486331642],[100.1796936305567,-3.0556336330857]]],[[[100.4609745176599,-3.051279220059902],[100.4606153311327,-3.050831257856215],[100.4614062066312,-3.050094195990274],[100.461569080149,-3.050581052973181],[100.4609745176599,-3.051279220059902]]],[[[100.2116284386017,-3.049031104701674],[100.2107634391815,-3.048437106087556],[100.2111514390877,-3.047938105559103],[100.21179243897,-3.048026106019888],[100.2116284386017,-3.049031104701674]]],[[[100.4577284174326,-3.048371907037842],[100.4574142383765,-3.048061197566179],[100.4579151023002,-3.047521947879586],[100.4580116301326,-3.047880145152496],[100.4577284174326,-3.048371907037842]]],[[[100.4582583780218,-3.047253260129848],[100.4571996385525,-3.047201058981644],[100.4569945634484,-3.047072595323977],[100.4584896566724,-3.046235878682849],[100.4582583780218,-3.047253260129848]]],[[[100.4561934716514,-3.04497087700433],[100.4562084102899,-3.04337873703904],[100.4570659876053,-3.043044984238533],[100.4567453172427,-3.044255604812276],[100.4561934716514,-3.04497087700433]]],[[[100.4518290042052,-3.043678632163063],[100.4520323957785,-3.042549700608157],[100.4527149947013,-3.042241946308691],[100.4526205946648,-3.043478011401104],[100.4518290042052,-3.043678632163063]]],[[[100.4528129317715,-3.042061572883251],[100.4526142769275,-3.041943823748364],[100.4528637119908,-3.041728914557742],[100.4529983629841,-3.041863915387369],[100.4528129317715,-3.042061572883251]]],[[[100.4675802952945,-3.041650966718715],[100.4674857522657,-3.04118547942627],[100.4682906697787,-3.041373201212208],[100.468160715045,-3.041551474720697],[100.4675802952945,-3.041650966718715]]],[[[100.455058414814,-3.042127194614322],[100.4541148065532,-3.041973980714621],[100.4541202195725,-3.041240133025694],[100.4553736649628,-3.041648269651878],[100.455058414814,-3.042127194614322]]],[[[100.4640134455641,-3.041447702849156],[100.4633270443077,-3.042092353079598],[100.4626369270526,-3.041569739052166],[100.4635369910393,-3.041083577245265],[100.4640134455641,-3.041447702849156]]],[[[100.4532033409615,-3.04032729956514],[100.4526325673391,-3.03966503611244],[100.4532400189118,-3.039022650374948],[100.4536700360434,-3.039773067173249],[100.4532033409615,-3.04032729956514]]],[[[100.4631144247909,-3.039330257185549],[100.4628462631446,-3.039332113386253],[100.4627507011839,-3.039176485706177],[100.4630380183899,-3.039015841607709],[100.4631144247909,-3.039330257185549]]],[[[100.4621380749123,-3.038843213143741],[100.4630781362471,-3.047441954082844],[100.4595002572311,-3.050161162207823],[100.4582983663765,-3.038893486145414],[100.4621380749123,-3.038843213143741]]],[[[100.4575686663609,-3.037497619619403],[100.4572139818399,-3.037221295726125],[100.457388649067,-3.036954990280519],[100.4576878472164,-3.03723997194705],[100.4575686663609,-3.037497619619403]]],[[[100.4588842342201,-3.038079471090674],[100.4579851388031,-3.037694461430165],[100.4586671126971,-3.036925363914358],[100.4593847860791,-3.037310619989045],[100.4588842342201,-3.038079471090674]]],[[[100.4572895132005,-3.037837018363623],[100.4562584818435,-3.037750442428935],[100.4565786557804,-3.036166462012504],[100.4569974763525,-3.036524232107565],[100.4572895132005,-3.037837018363623]]],[[[100.4556061558994,-3.036751415245556],[100.4552784240601,-3.035876402773743],[100.455642491208,-3.035191433237985],[100.4560832417483,-3.035991187743095],[100.4556061558994,-3.036751415245556]]],[[[100.455697422698,-3.034775084002897],[100.4554879966737,-3.0345801037887],[100.4555804083092,-3.033457774156892],[100.4559227829102,-3.034109609970484],[100.455697422698,-3.034775084002897]]],[[[100.4548836846344,-3.032778515316162],[100.4537598522355,-3.033520313011964],[100.4547059291354,-3.035518849415356],[100.4528459332933,-3.033221146338841],[100.4548836846344,-3.032778515316162]]],[[[100.458867906129,-3.029420757961601],[100.4639131127001,-3.030372102190684],[100.4637938176306,-3.034683926921636],[100.4606980399826,-3.034945008205517],[100.458867906129,-3.029420757961601]]],[[[100.4603385485852,-3.028958522617733],[100.4610278195782,-3.029100932062326],[100.45972652396,-3.029480687883426],[100.4596730457745,-3.028721175341856],[100.4603385485852,-3.028958522617733]]],[[[100.459952319444,-3.028620302884624],[100.4597205821392,-3.028632170338399],[100.4596894386168,-3.028275881426692],[100.4598215957901,-3.028222744983625],[100.459952319444,-3.028620302884624]]],[[[100.1538615193936,-3.027546325302646],[100.1535364207693,-3.027396377740635],[100.1537663414436,-3.027096606722937],[100.1541107943778,-3.027329243349877],[100.1538615193936,-3.027546325302646]]],[[[100.1536545062505,-3.026782517599072],[100.1534593902387,-3.027206062309842],[100.1531690962768,-3.027313138290635],[100.153323760783,-3.026792036023609],[100.1536545062505,-3.026782517599072]]],[[[100.4512198717997,-3.027067243858175],[100.450397144113,-3.026319494449028],[100.450645916376,-3.025606779029635],[100.4513528086852,-3.02591695700192],[100.4512198717997,-3.027067243858175]]],[[[100.4584649280141,-3.026205627687586],[100.4580976421925,-3.026075236782757],[100.4581182672443,-3.025540927971429],[100.4585389044469,-3.025666949969688],[100.4584649280141,-3.026205627687586]]],[[[100.459595833581,-3.025163410562895],[100.4592800771139,-3.025172067436957],[100.4591873848899,-3.024947627231159],[100.4595347048628,-3.024928344867186],[100.459595833581,-3.025163410562895]]],[[[100.4589298208547,-3.024745749216853],[100.4586348018547,-3.024520405192524],[100.4587093907258,-3.024326308112604],[100.4589855590364,-3.02444703580205],[100.4589298208547,-3.024745749216853]]],[[[100.4567622083093,-3.024372438837],[100.4565609292435,-3.024281002066578],[100.4567442425529,-3.024056188642168],[100.4569022894092,-3.024177077310222],[100.4567622083093,-3.024372438837]]],[[[100.4517292091358,-3.024877918980698],[100.4515190123926,-3.025710743356028],[100.4512927726434,-3.024108197335432],[100.4518116418938,-3.024268422349754],[100.4517292091358,-3.024877918980698]]],[[[100.4589307579482,-3.02369699042371],[100.4588697992019,-3.023588905403665],[100.4590614798035,-3.023499289760403],[100.459082710099,-3.02363329504052],[100.4589307579482,-3.02369699042371]]],[[[100.4572299618932,-3.023457084576789],[100.4570931381378,-3.023464323219896],[100.457043866981,-3.023350343143763],[100.4573314701713,-3.023277059188858],[100.4572299618932,-3.023457084576789]]],[[[100.4489173159815,-3.023148031656289],[100.4486751213599,-3.022581251923187],[100.4489575480525,-3.022372987823088],[100.449202850731,-3.022820855597955],[100.4489173159815,-3.023148031656289]]],[[[100.4584476313532,-3.022733538621905],[100.4581043079675,-3.022242543858303],[100.4583610392306,-3.021821284324735],[100.4582576828459,-3.022369315891174],[100.4584476313532,-3.022733538621905]]],[[[100.4488714217787,-3.022303679770991],[100.448471166811,-3.021999941843736],[100.448911366966,-3.021565689804698],[100.449143364175,-3.021857173569645],[100.4488714217787,-3.022303679770991]]],[[[100.4576692240555,-3.020471295813623],[100.457143671943,-3.020140446024724],[100.4571561617275,-3.01985942767036],[100.4577503357095,-3.019905656420876],[100.4576692240555,-3.020471295813623]]],[[[100.4576045484112,-3.018360588770078],[100.4687697719075,-3.020397963295254],[100.4688625711508,-3.027878988124735],[100.4603629112194,-3.028390669094064],[100.4600322493889,-3.024688937244571],[100.4568835709201,-3.017653888915797],[100.4576045484112,-3.018360588770078]]],[[[100.4612631128025,-3.017830447417127],[100.4604547131146,-3.017628135929654],[100.4602840262868,-3.016798296404202],[100.4610275317952,-3.017448651034352],[100.4612631128025,-3.017830447417127]]],[[[100.4590908156887,-3.016563583242673],[100.4597062703282,-3.016783791238955],[100.4597353642957,-3.01755268280999],[100.4587320158699,-3.016742777657003],[100.4587320833191,-3.015916235046204],[100.4590908156887,-3.016563583242673]]],[[[100.1561274647108,-3.011648326908725],[100.1579452481747,-3.020302927438115],[100.1523502176884,-3.026745668777567],[100.1456294212608,-3.009560334941488],[100.1561274647108,-3.011648326908725]]],[[[100.1691578200774,-3.011856209696242],[100.1626574357921,-3.011370144116812],[100.1604738989513,-3.007120151373835],[100.1671647632433,-3.007720456933496],[100.1691578200774,-3.011856209696242]]],[[[100.4378431650301,-3.004915514639242],[100.437301646354,-3.005004122142443],[100.4368807258648,-3.002845706064397],[100.4381517449071,-3.004009490845297],[100.4378431650301,-3.004915514639242]]],[[[100.4344203750004,-3.003397297147517],[100.4348009078357,-3.003736874856846],[100.4335885407786,-3.003832099571715],[100.4343717684424,-3.002562434009073],[100.4344203750004,-3.003397297147517]]],[[[100.4319238489065,-3.002452931657443],[100.4317034070866,-3.002460863677905],[100.431577733126,-3.002269969983098],[100.4319540103694,-3.002263740379243],[100.4319238489065,-3.002452931657443]]],[[[100.4333011723113,-3.002063265307411],[100.4321326040365,-3.000765599352897],[100.4322137930322,-3.000356629954462],[100.4332750029391,-3.000945604056307],[100.4333011723113,-3.002063265307411]]],[[[100.4288809783745,-3.000035216751831],[100.4282887469282,-2.999949738889354],[100.4282974946338,-2.999432713249098],[100.4287710398516,-2.999775104037797],[100.4288809783745,-3.000035216751831]]],[[[100.429115641174,-2.999439845772203],[100.4289409460679,-2.999382880915194],[100.4289623373421,-2.999215546760039],[100.4291334666362,-2.999300994045553],[100.429115641174,-2.999439845772203]]],[[[100.4276119396394,-2.99928005872763],[100.427317567252,-2.999051597653038],[100.4273666927187,-2.998689582757999],[100.42763515294,-2.998824342569309],[100.4276119396394,-2.99928005872763]]],[[[100.4348059098649,-2.998129983212097],[100.4372354859289,-3.000626267388265],[100.4354192996611,-3.00285718680964],[100.4310441051014,-2.99635339589244],[100.4348059098649,-2.998129983212097]]],[[[100.4245844313264,-2.981902960653107],[100.426369027109,-2.983264012624057],[100.4256837284214,-2.984682236296157],[100.4227585000048,-2.982341908951883],[100.4245844313264,-2.981902960653107]]],[[[100.1796232909821,-2.89527252700548],[100.1741211388795,-2.890859245257873],[100.1811229059973,-2.885706002230195],[100.1827435409817,-2.891707731326656],[100.1796232909821,-2.89527252700548]]],[[[100.1692360952696,-2.875637019932478],[100.1709361251022,-2.882611979159469],[100.1673732081071,-2.884838062026931],[100.1608541107287,-2.875813579333178],[100.1692360952696,-2.875637019932478]]],[[[100.294242937062,-2.858693740423737],[100.2940974672244,-2.858602732629903],[100.29427925978,-2.858363483288054],[100.2943547084031,-2.858557706273038],[100.294242937062,-2.858693740423737]]],[[[100.294066608787,-2.856479180569663],[100.2927156499074,-2.857583314218529],[100.2919407103955,-2.856361353193806],[100.2936877082212,-2.855676163324253],[100.294066608787,-2.856479180569663]]],[[[100.038342007178,-2.851505783964717],[100.0381090809694,-2.851344361952693],[100.0383847897264,-2.851073741559931],[100.0384608471904,-2.85130163156502],[100.038342007178,-2.851505783964717]]],[[[100.0359224279777,-2.851330119389475],[100.0355136177593,-2.851159201435996],[100.0357750659666,-2.850114703630593],[100.036231410751,-2.850646447575469],[100.0359224279777,-2.851330119389475]]],[[[100.149910975711,-2.848831890879014],[100.1487344610266,-2.848630112689479],[100.1496376438622,-2.847443182956491],[100.150612131245,-2.848143470644596],[100.149910975711,-2.848831890879014]]],[[[100.1466835687917,-2.84820957621095],[100.1505285158783,-2.862065624329071],[100.1324816333207,-2.856774076362514],[100.1327383726778,-2.852540614058066],[100.1466835687917,-2.84820957621095]]],[[[100.0167672236285,-2.847747965895822],[100.0166840363393,-2.84826428107168],[100.0162621553743,-2.848519470896774],[100.0161195471794,-2.847635207998403],[100.0167672236285,-2.847747965895822]]],[[[100.0129643477265,-2.847385951900064],[100.0119007321331,-2.846923049259223],[100.0119304421362,-2.846566968990397],[100.0131901441099,-2.846204954994638],[100.0129643477265,-2.847385951900064]]],[[[100.0095061082204,-2.844673810647771],[100.0103142192259,-2.844869655110463],[100.0110034911183,-2.845878547856698],[100.0081513344166,-2.843866695191791],[100.0076046707191,-2.842442372317569],[100.0095061082204,-2.844673810647771]]],[[[100.0054477268311,-2.839172358217715],[100.0053170031772,-2.83853140959687],[100.006119172362,-2.838828145402575],[100.0059884478087,-2.839077402400195],[100.0054477268311,-2.839172358217715]]],[[[100.0143488333321,-2.838175328428674],[100.0139804287538,-2.837884527249093],[100.0147053515708,-2.837558118312502],[100.0147053515708,-2.8378785917236],[100.0143488333321,-2.838175328428674]]],[[[100.0017993427655,-2.836104114213425],[100.0011338399549,-2.835967615113313],[100.0009852899393,-2.835486903197973],[100.0016686191116,-2.835552184985326],[100.0017993427655,-2.836104114213425]]],[[[100.175950057749,-2.834875557560926],[100.1753533206992,-2.834045221609641],[100.1770593741908,-2.833335821990504],[100.1770644058977,-2.833464032039393],[100.175950057749,-2.834875557560926]]],[[[100.2774259268651,-2.833580214555179],[100.2770789135611,-2.833176653679528],[100.2772975801193,-2.832925020673185],[100.2776398387077,-2.833048463415791],[100.2774259268651,-2.833580214555179]]],[[[100.2793335975675,-2.833133506006449],[100.2789185550473,-2.832820569813402],[100.2789565837794,-2.832307808758364],[100.2792322934357,-2.832364781709254],[100.2793335975675,-2.833133506006449]]],[[[100.2754004108004,-2.831313023677032],[100.2761162378742,-2.832930254727442],[100.2739591366049,-2.832885199592264],[100.2735140207555,-2.831235621726494],[100.2754004108004,-2.831313023677032]]],[[[100.2798575785645,-2.831575105007092],[100.2794915517937,-2.831328220420984],[100.2802806493325,-2.830559077939013],[100.2802949098822,-2.830972135655488],[100.2798575785645,-2.831575105007092]]],[[[100.2772856299279,-2.830576840448787],[100.2770659120623,-2.830342171354053],[100.2770730778604,-2.830158390397377],[100.2771575152072,-2.83027953267421],[100.2772856299279,-2.830576840448787]]],[[[100.0055130886582,-2.831000247563312],[100.0149805000501,-2.832323506424641],[100.0153132519052,-2.836086120577955],[100.0098745118993,-2.83996760711929],[99.99909573607943,-2.831249507258951],[100.0055130886582,-2.831000247563312]]],[[[100.2759607981524,-2.828367871679818],[100.2756370431151,-2.828218077002623],[100.275682759252,-2.828046228250772],[100.2758451579278,-2.82808365713503],[100.2759607981524,-2.828367871679818]]],[[[100.2663624032024,-2.828294585027072],[100.265715066697,-2.828089514419466],[100.2657903516435,-2.827552228852229],[100.2663107506407,-2.827697181579561],[100.2663624032024,-2.828294585027072]]],[[[100.2748211880474,-2.826652798887499],[100.2747332271568,-2.826666364261213],[100.2742697237688,-2.826272836222346],[100.274760940665,-2.826162037048332],[100.2748211880474,-2.826652798887499]]],[[[100.2804733227857,-2.826633008406601],[100.2801408227409,-2.826324811640715],[100.2800926946222,-2.826035756045256],[100.2803557975821,-2.826238250095139],[100.2804733227857,-2.826633008406601]]],[[[100.2824245197758,-2.828337107671322],[100.2839270467959,-2.833220870646683],[100.2815688733049,-2.83427184716796],[100.2814928158408,-2.826005933626943],[100.2824245197758,-2.828337107671322]]],[[[100.2772864923778,-2.826704228417379],[100.2778131083883,-2.827607957141501],[100.277299037021,-2.828328784445747],[100.2770481792301,-2.825915562553119],[100.2772864923778,-2.826704228417379]]],[[[100.28062302843,-2.824724328664788],[100.2805370136723,-2.824641230408423],[100.2806488317783,-2.824482269840781],[100.2806629709194,-2.824513810863641],[100.28062302843,-2.824724328664788]]],[[[100.2759381010626,-2.823637995297171],[100.2757251236157,-2.823602330882816],[100.2755947713816,-2.82333794009382],[100.2757860535835,-2.823351188006898],[100.2759381010626,-2.823637995297171]]],[[[100.1416458976401,-2.823663400245627],[100.1407002110459,-2.823597073446107],[100.1405844952783,-2.823418334088748],[100.1417878736116,-2.82270937963405],[100.1416458976401,-2.823663400245627]]],[[[100.2652136164154,-2.821566198321326],[100.2647399210106,-2.821367845649528],[100.2647660139405,-2.821132759269387],[100.265069214073,-2.821142403598989],[100.2652136164154,-2.821566198321326]]],[[[100.1726000435572,-2.830101455217873],[100.1690026195753,-2.824962651705023],[100.1726885413432,-2.820928271422554],[100.1777498961409,-2.826757291116058],[100.1726000435572,-2.830101455217873]]],[[[100.2797087065916,-2.821940301903306],[100.2787659805656,-2.820890016960645],[100.2790059709489,-2.820365803039307],[100.2795717857094,-2.821107089020883],[100.2797087065916,-2.821940301903306]]],[[[100.2660485326138,-2.820918530865482],[100.2657300997644,-2.820714021434847],[100.2658464486547,-2.820350913863548],[100.2660878293898,-2.8205737415848],[100.2660485326138,-2.820918530865482]]],[[[100.2706580734115,-2.818190054327443],[100.27484037958,-2.821716378807773],[100.2704681365953,-2.831728696621985],[100.265576724886,-2.8239779354333],[100.2706580734115,-2.818190054327443]]],[[[100.2698760238595,-2.816485148370854],[100.2693785503798,-2.816571735996812],[100.2692226762856,-2.816286424279005],[100.2697468497373,-2.815994379337086],[100.2698760238595,-2.816485148370854]]],[[[100.1699876290259,-2.811111140666592],[100.170229596119,-2.817453575222276],[100.1674470109709,-2.820948602395992],[100.1637668232804,-2.814873789893449],[100.1699876290259,-2.811111140666592]]],[[[100.2671276902908,-2.810730077231296],[100.2671902786086,-2.811230027443726],[100.2669936040716,-2.811462450931382],[100.2664182960676,-2.810840537360873],[100.2671276902908,-2.810730077231296]]],[[[100.2570302300611,-2.810926402831162],[100.2565749051078,-2.810809728386213],[100.256777961234,-2.81011545536394],[100.2572369940921,-2.81044503531003],[100.2570302300611,-2.810926402831162]]],[[[100.2495996796815,-2.807008914629685],[100.2496432770157,-2.806438466561969],[100.2501389266702,-2.80663238287813],[100.2501206920164,-2.806808345128944],[100.2495996796815,-2.807008914629685]]],[[[100.2590833526147,-2.806838966145333],[100.2588970526569,-2.806714663650814],[100.2588757540128,-2.806405551375038],[100.2590150536019,-2.806563531681563],[100.2590833526147,-2.806838966145333]]],[[[100.2534135488962,-2.804557798003929],[100.2529113063118,-2.804422148763111],[100.2528903727925,-2.803922999846511],[100.2535468886781,-2.803917735215203],[100.2534135488962,-2.804557798003929]]],[[[100.2608687011297,-2.803991524589192],[100.2601384246486,-2.803298642818033],[100.2601342778747,-2.802953331031313],[100.2606334213954,-2.803370286409537],[100.2608687011297,-2.803991524589192]]],[[[100.2593921591209,-2.801429651057477],[100.2599096712943,-2.80241907528003],[100.2597453417741,-2.803139515875921],[100.2586426380474,-2.80146275060538],[100.2593921591209,-2.801429651057477]]],[[[100.255966145921,-2.801110109344032],[100.2560441648064,-2.802859285327733],[100.2541249836811,-2.803820449254227],[100.2544997437683,-2.801537612870478],[100.255966145921,-2.801110109344032]]],[[[100.2568021898692,-2.799707282065336],[100.2575607491293,-2.800220695128955],[100.2579916053283,-2.801258812244336],[100.2555395686962,-2.800498100906593],[100.2568021898692,-2.799707282065336]]],[[[100.1674486216566,-2.801501309937462],[100.1661121409626,-2.799307281605737],[100.1698658320426,-2.799158890770206],[100.1698628049245,-2.800822759762481],[100.1674486216566,-2.801501309937462]]],[[[100.1981808373758,-2.793843492782935],[100.1978565256582,-2.793532990155326],[100.1978773359703,-2.793217410854767],[100.1983767357978,-2.793317625907646],[100.1981808373758,-2.793843492782935]]],[[[100.2286161140425,-2.785116182965355],[100.2417423928972,-2.788259619285929],[100.2415666689667,-2.799755816677488],[100.2537132794444,-2.799093814927536],[100.2486902942218,-2.807446951915241],[100.2555934659657,-2.807767282334142],[100.2580957297342,-2.801650598296382],[100.2586380200287,-2.80850078018682],[100.251615231258,-2.811819837915122],[100.2515994445588,-2.814722600367661],[100.2599921328308,-2.814021951152126],[100.258652469436,-2.815107509304118],[100.2599810513845,-2.816893620444175],[100.2587986353488,-2.819026915759506],[100.2594488442888,-2.820260459152804],[100.2618136259981,-2.817272842067966],[100.2600970099691,-2.811155887334296],[100.2655423429049,-2.814187149417327],[100.2624268557149,-2.825834414026909],[100.272106106012,-2.837343738822431],[100.2679344577091,-2.843250418571921],[100.2764886920995,-2.841743325693871],[100.2762871666196,-2.849562435358058],[100.2851159964062,-2.844509880426552],[100.2850130609041,-2.854381843747047],[100.2948992056339,-2.859108332383611],[100.2966198371358,-2.854790180922054],[100.2903088078053,-2.853395934974381],[100.2956385238988,-2.851971060815719],[100.3103444898064,-2.87495668820055],[100.3547440947642,-2.901082100658384],[100.3926591120285,-2.956797644695522],[100.4192472247797,-2.972966588137441],[100.4202482367668,-2.974989947627973],[100.4180954297603,-2.975649889930379],[100.4164728198648,-2.978309363286405],[100.416653725689,-2.979783395287397],[100.4277318786234,-2.989424370438323],[100.4298084788783,-3.003779755431315],[100.4585491117522,-3.016107131438941],[100.4564269896139,-3.016069777198441],[100.4569140687294,-3.019741655153199],[100.4541123900748,-3.016667106002105],[100.4523981914235,-3.017600945826951],[100.4548472602929,-3.029533399846487],[100.4504741629524,-3.01949341079222],[100.4471727013592,-3.023264206078194],[100.4513801543707,-3.044036120770313],[100.4583979492061,-3.052180832679221],[100.4630480224484,-3.051287511809145],[100.4649442196001,-3.040446011873923],[100.4690854105633,-3.044463064019157],[100.4691151232644,-3.06833705790879],[100.4622664936039,-3.074156076241843],[100.4634500751609,-3.107852413358161],[100.4575540137068,-3.114397692699258],[100.460161873172,-3.123655908293513],[100.4730260958777,-3.128035582376201],[100.4718994566946,-3.143461806317285],[100.4401001593949,-3.152180902626503],[100.427928309444,-3.143125118129644],[100.4238556018546,-3.157734355655942],[100.3933015319402,-3.151570891583313],[100.3887874865533,-3.156225670078586],[100.3924352743685,-3.161460278369058],[100.3613503742205,-3.165362904374527],[100.3972853460419,-3.175163248385163],[100.4108240126181,-3.193992782141189],[100.3931040408189,-3.197884428323652],[100.3901861760512,-3.191144877434107],[100.374550632206,-3.18004988019778],[100.3917008753951,-3.198313441811854],[100.3893505871599,-3.200100507132644],[100.3972540370442,-3.226835534931885],[100.4299793788453,-3.25883665538729],[100.4334703473787,-3.28058115629524],[100.4463896220834,-3.28536713688379],[100.464838176041,-3.31306739264601],[100.4725843848615,-3.335998284593147],[100.4651022682552,-3.347081201236415],[100.4398306011014,-3.345280495898153],[100.4202741669194,-3.324186026763678],[100.4169082877873,-3.308980610666604],[100.3803211420072,-3.287828887992797],[100.3824778134005,-3.261835008578709],[100.3754768107063,-3.252268541360051],[100.3347487185785,-3.243918760642275],[100.3261547071741,-3.207585737191978],[100.3479881213548,-3.229200665578238],[100.3569182381862,-3.232520013787601],[100.3697398213358,-3.227685187421406],[100.3404970070313,-3.201596789260355],[100.3426432543827,-3.192491211100437],[100.3254961750086,-3.172932622142779],[100.3409662435974,-3.163318124831596],[100.3339057147769,-3.148254467069902],[100.3404823741623,-3.141699990362204],[100.3324624656703,-3.141520360676056],[100.3245322897334,-3.120292567048269],[100.3086050363934,-3.114764333707035],[100.3125850562554,-3.102999209345983],[100.2931110251538,-3.081337261705277],[100.2718759398228,-3.077859557272669],[100.264862430257,-3.091372044584142],[100.2481151139214,-3.08126166829126],[100.2483103774221,-3.073621851067523],[100.2633723813304,-3.068036919967801],[100.2601898523799,-3.060557342147588],[100.2487996832588,-3.062556005355324],[100.2561307128622,-3.048935034624092],[100.2476243601761,-3.043533377263488],[100.2324940230807,-3.057342139028465],[100.2317510841453,-3.037197758669643],[100.2199454156485,-3.03051327057087],[100.2235229772037,-3.022897653204096],[100.2135647679996,-3.021468940738961],[100.2023178419949,-2.996417620976358],[100.1884778944394,-2.990444632413849],[100.1918166167436,-2.971221795449511],[100.1809474734472,-2.962618628946492],[100.1930312536895,-2.954900615670811],[100.191855221941,-2.944546967368547],[100.2028660965932,-2.933436165446571],[100.1912540098647,-2.905811286361695],[100.1960479413594,-2.870376503972397],[100.1800788047931,-2.842773765297027],[100.1857230686647,-2.835676311212756],[100.1761686667507,-2.803319825449504],[100.1892447454487,-2.790782017975671],[100.2008686034034,-2.793795527441636],[100.2023488443238,-2.785866452274879],[100.2286161140425,-2.785116182965355]]],[[[100.1990957617601,-2.780944313429304],[100.1987493887733,-2.780890396374661],[100.1987175132027,-2.780501488153122],[100.1991854088796,-2.780641210423498],[100.1990957617601,-2.780944313429304]]],[[[100.1966467099778,-2.77863125892546],[100.1964846989098,-2.778536450596716],[100.196533945785,-2.778310272001397],[100.1967319603118,-2.778427656910745],[100.1966467099778,-2.77863125892546]]],[[[99.98357819767577,-2.776010889890548],[99.98412608265262,-2.783348698583568],[99.9759822026166,-2.787710882651043],[99.97803245093688,-2.779662782211537],[99.98357819767577,-2.776010889890548]]],[[[100.228336251317,-2.778638047008178],[100.2237649901622,-2.778695674665579],[100.2238173531883,-2.775337783311985],[100.2268639586049,-2.776498120991436],[100.228336251317,-2.778638047008178]]],[[[99.99193660558993,-2.769430620626581],[99.99172189065281,-2.769189452131451],[99.99168716513061,-2.768916453031769],[99.99193776481607,-2.769017311099978],[99.99193660558993,-2.769430620626581]]],[[[99.99032896401052,-2.768405433064272],[99.99012249585657,-2.767727989954752],[99.99037908862404,-2.76758257227783],[99.99071631730422,-2.767931852772756],[99.99032896401052,-2.768405433064272]]],[[[99.98194574559967,-2.757784365955709],[99.98137056799733,-2.756920700230106],[99.98148001908766,-2.756777378872835],[99.98212075187129,-2.757403303419695],[99.98194574559967,-2.757784365955709]]],[[[99.98113997912675,-2.756327487623425],[99.98144297511328,-2.757414883090339],[99.98010215339171,-2.758215595373395],[99.98009151980784,-2.756698255619908],[99.98113997912675,-2.756327487623425]]],[[[99.98964385058328,-2.756278084266109],[99.99066421777952,-2.756579119730487],[99.99108300327808,-2.757706984689515],[99.98829930566849,-2.757113872806974],[99.98964385058328,-2.756278084266109]]],[[[100.2189167387166,-2.754444520398261],[100.2187678433613,-2.753974329651568],[100.2190870100575,-2.75382023621489],[100.2192537542574,-2.754150209164743],[100.2189167387166,-2.754444520398261]]],[[[99.98507215685463,-2.748462181584424],[99.98855806670154,-2.75325084664926],[99.98255587715207,-2.757242393121897],[99.98136050908026,-2.750875911593978],[99.98507215685463,-2.748462181584424]]],[[[99.9773988551731,-2.63434261072282],[99.97722456925852,-2.63369362126358],[99.9782707380042,-2.633915830251324],[99.97813188807619,-2.634140637380503],[99.9773988551731,-2.63434261072282]]],[[[99.97588442922304,-2.627518412045029],[99.97570860816577,-2.627461787131738],[99.97587160758862,-2.627179786717784],[99.97606444381907,-2.627415858754814],[99.97588442922304,-2.627518412045029]]],[[[99.97533477078312,-2.627313346833462],[99.97484534533646,-2.627383636045957],[99.97431524984896,-2.627299581810208],[99.97488346040339,-2.627041357672491],[99.97533477078312,-2.627313346833462]]],[[[99.9804590772247,-2.603727709765982],[99.98011716757325,-2.603583243571775],[99.98028318512097,-2.603085594724311],[99.98055767889383,-2.603288911653914],[99.9804590772247,-2.603727709765982]]],[[[99.97144799982541,-2.600603000028359],[99.97098900024227,-2.600049999707624],[99.97170399993968,-2.599652000239574],[99.97201499989241,-2.600211999983751],[99.97144799982541,-2.600603000028359]]],[[[99.96488700033487,-2.585103000203295],[99.96425700006061,-2.584953999627329],[99.96433800019858,-2.58454200041294],[99.9646930003817,-2.584519000251609],[99.96488700033487,-2.585103000203295]]],[[[100.0538331315938,-2.561294103739867],[100.0534552517585,-2.561140640727968],[100.0537382279369,-2.560724310378573],[100.0540892836936,-2.561072275165335],[100.0538331315938,-2.561294103739867]]],[[[99.99304249021878,-2.502901579244446],[100.028302873379,-2.526625809933128],[100.0714265328083,-2.579946521414803],[100.0997320709784,-2.589411611656514],[100.12039635211,-2.617173220967375],[100.1726475682307,-2.647884736991005],[100.22010831075,-2.739228552555664],[100.2232849221615,-2.751755678781434],[100.2176960448366,-2.775996910828729],[100.1971885919801,-2.774956569689893],[100.1947054451003,-2.784806534693798],[100.1417952732334,-2.809023760238263],[100.1453394420616,-2.840596023687494],[100.1350625913656,-2.832837621858689],[100.1070168808245,-2.838846012233612],[100.0932867449873,-2.829549275078927],[100.0757022146855,-2.842215921227778],[100.0509025890833,-2.815427807347318],[100.0403476850977,-2.822678324245212],[100.0419214636047,-2.851871356577787],[100.0342842202406,-2.843617439093451],[100.0187934438624,-2.849534295571202],[100.0121918894442,-2.84340378985293],[100.0174173120594,-2.835744281972977],[100.0180701659055,-2.811203680905086],[99.99235639473187,-2.791100351000322],[99.99539915105007,-2.777377102171455],[99.97870265989987,-2.773532541793314],[99.9840401893034,-2.766454278342215],[99.99372066627578,-2.77241570432121],[99.99646075216205,-2.771678786346834],[99.99014291676224,-2.765473237599794],[99.99809475466922,-2.763892975880092],[99.99662361219,-2.751669390629877],[100.0140286935694,-2.741368463283925],[100.0003402314166,-2.697084992278478],[100.0100473022413,-2.695775365340827],[100.0118366140686,-2.675814280304747],[99.99674833556732,-2.66073205514015],[99.99112386577386,-2.639894946794266],[99.97647832621382,-2.63042164484302],[99.98843634975782,-2.622768266742062],[99.98955970101943,-2.608680710646263],[99.96002949936195,-2.570291943118599],[99.97539497319951,-2.568504027938515],[99.97256344244902,-2.511892736660373],[99.99304249021878,-2.502901579244446]]],[[[99.74132124138221,-2.376544703075536],[99.74093909786112,-2.376862271676464],[99.74086422930078,-2.375978864033337],[99.7415237902907,-2.376242460720926],[99.74132124138221,-2.376544703075536]]],[[[99.73979090462659,-2.371579993022246],[99.74058850795335,-2.372173911596656],[99.73807333441697,-2.372411374884978],[99.73974995759451,-2.370684421149052],[99.73979090462659,-2.371579993022246]]],[[[99.74871867422752,-2.370016003635625],[99.74591685887596,-2.374145559170218],[99.7412626325645,-2.373970668911143],[99.74622873117106,-2.368970817848906],[99.74871867422752,-2.370016003635625]]],[[[99.71829177294704,-2.357669408216603],[99.73838758991539,-2.369671518325836],[99.73400462341472,-2.388352665742913],[99.74501002119555,-2.377837225807314],[99.73773540156762,-2.394061990168675],[99.73284576871727,-2.389878127273695],[99.73209469181668,-2.380850117438873],[99.72186600341338,-2.38425473936468],[99.71078959606305,-2.375554655622805],[99.7114549918545,-2.359903965395629],[99.71829177294704,-2.357669408216603]]],[[[99.72263026437528,-2.338168108771102],[99.72228821083237,-2.339260147437797],[99.72123053616035,-2.338794089075938],[99.72143256436145,-2.33818554212897],[99.72263026437528,-2.338168108771102]]],[[[99.54231093939839,-2.222988592449562],[99.53623834282534,-2.218029840404759],[99.53996256581978,-2.211239922984001],[99.54385594589527,-2.212986926205643],[99.54231093939839,-2.222988592449562]]],[[[99.72234596079754,-2.18055137384672],[99.7220729014433,-2.17999742833859],[99.72215556892442,-2.179564894903921],[99.7222644102744,-2.179705532684098],[99.72234596079754,-2.18055137384672]]],[[[99.52782580561644,-2.128253609716316],[99.5355904811159,-2.128236261793928],[99.53965433128242,-2.130739512118732],[99.5281583083593,-2.133570636375717],[99.52782580561644,-2.128253609716316]]],[[[99.52661835695166,-2.124792736095829],[99.52247447072025,-2.124385089600159],[99.52158824460182,-2.122895055961996],[99.52446721908693,-2.12270300663844],[99.52661835695166,-2.124792736095829]]],[[[99.61566931228904,-2.030708734820211],[99.61506321779329,-2.031540536666368],[99.61397519190169,-2.030553055878739],[99.61538410489258,-2.029792597250493],[99.61566931228904,-2.030708734820211]]],[[[99.61642911531149,-2.031162225156516],[99.61600820111768,-2.030910527398857],[99.61569038610249,-2.029369094807778],[99.61651285298589,-2.030039680586773],[99.61642911531149,-2.031162225156516]]],[[[99.62188267434598,-2.02923598435312],[99.62454002889928,-2.035432896910619],[99.61562043863236,-2.033574956918718],[99.6180041483728,-2.029355062686003],[99.62188267434598,-2.02923598435312]]],[[[99.59242295705387,-2.030834228916481],[99.58443311739448,-2.039860857392631],[99.59846500005979,-2.028025999600194],[99.61472565006876,-2.031600455796381],[99.616228873164,-2.0397276291267],[99.63954588903162,-2.036928661928153],[99.63748815025794,-2.049743071185686],[99.65185174516199,-2.047968683607751],[99.66654291272526,-2.065316253342322],[99.69163308230092,-2.0765738318169],[99.6926032862128,-2.086216299842272],[99.70157843659561,-2.084927149568275],[99.71165492103783,-2.153725511822893],[99.72584212921097,-2.174901438850243],[99.72198352322106,-2.177218398210437],[99.72081381640457,-2.182737158992667],[99.73586484228868,-2.187521976757781],[99.73225450584084,-2.197986936847565],[99.75078632532869,-2.231937264992714],[99.78042769038564,-2.255154771775272],[99.78164927279579,-2.291755095321315],[99.79981813040247,-2.289074933961002],[99.81341233910823,-2.297203662219241],[99.81234048122826,-2.304770860986396],[99.82165369666089,-2.306051202401063],[99.83413090691592,-2.329948967171072],[99.84634314901714,-2.336045736621342],[99.84364915878172,-2.347910433919401],[99.86296098276318,-2.385655017065316],[99.86083442067205,-2.402141952688888],[99.84259541414714,-2.396204059269882],[99.83757653522899,-2.363904123776253],[99.79655673180783,-2.371037986014171],[99.78328842302237,-2.34371120790591],[99.73751065289444,-2.345276396988075],[99.72981132393356,-2.333216070165436],[99.71137243768787,-2.328281855223382],[99.7067329422715,-2.311394144823867],[99.67331673318076,-2.28890043580641],[99.64538726990664,-2.281300966666214],[99.63278032075526,-2.290195657403585],[99.6259077052765,-2.272854188669873],[99.61466622466665,-2.292981293052224],[99.60064920239878,-2.284009197666295],[99.59794496528801,-2.259806094175845],[99.6101117475592,-2.253114096738143],[99.60834234762135,-2.24408381071928],[99.59245991559268,-2.25262346619999],[99.59774828535514,-2.229166011302278],[99.588606177633,-2.222416390703843],[99.57506923505723,-2.245557215892704],[99.57437914298308,-2.226793327250201],[99.5509776223195,-2.207825071269978],[99.52843106194399,-2.15308503264813],[99.53782376395563,-2.143805617335273],[99.57166905758103,-2.151660468755592],[99.56664583763533,-2.124620191268781],[99.55061557055227,-2.103840884149458],[99.54662375877949,-2.071780869791231],[99.56703335280712,-2.061891890398362],[99.55909743290029,-2.044707308395546],[99.58730872211984,-2.025432906103644],[99.59242295705387,-2.030834228916481]]],[[[99.612068389045,-2.019380841952215],[99.61448741336355,-2.020844536246338],[99.61152500787286,-2.024162915885855],[99.6089167410149,-2.020703680830119],[99.612068389045,-2.019380841952215]]],[[[99.56652850938325,-2.005362765679022],[99.56230548820774,-2.009568194316705],[99.57068651587011,-2.006709165895229],[99.57726467172729,-2.024757134833857],[99.55244063133014,-2.018590576194049],[99.5469772103301,-2.007927356961916],[99.56652850938325,-2.005362765679022]]],[[[99.55461684499151,-1.992885721798546],[99.5548696624051,-1.993105821876176],[99.55424802762447,-1.993004694910708],[99.55431048913785,-1.992876798725243],[99.55461684499151,-1.992885721798546]]],[[[99.5551373519073,-1.992817313068487],[99.55531283661816,-1.992829210199856],[99.55522760067328,-1.993039876389149],[99.5550035067066,-1.992858952578549],[99.5551373519073,-1.992817313068487]]],[[[99.55348065231033,-1.9918506569822],[99.55395951881677,-1.991925014727583],[99.55410526114893,-1.992177833040534],[99.55351336964637,-1.992035064766354],[99.55348065231033,-1.9918506569822]]],[[[99.57837007971546,-1.99190281766082],[99.57870487932678,-2.002856854260385],[99.56913519883038,-1.993030265334442],[99.57023257317476,-1.999627860936995],[99.56384403577371,-1.999519212941239],[99.5695366993593,-1.989080230668064],[99.57837007971546,-1.99190281766082]]],[[[99.58993920313179,-1.972678638908024],[99.60552947510527,-1.98992238101299],[99.60495946410802,-1.997373297439678],[99.58710133306013,-1.993125978381174],[99.57653598075102,-1.972612582804414],[99.58061276586655,-1.967426289691401],[99.58993920313179,-1.972678638908024]]],[[[99.57120758216422,-1.96481448220254],[99.56950384442692,-1.966667554164284],[99.5679160958512,-1.964726409795928],[99.57078266239,-1.964131562221796],[99.57120758216422,-1.96481448220254]]],[[[99.56764510583703,-1.96453214184478],[99.56724798590588,-1.964374647172187],[99.56699102621492,-1.96389750016939],[99.56764712391572,-1.964119174959913],[99.56764510583703,-1.96453214184478]]],[[[99.31537543602765,-1.903425494890667],[99.31422469771164,-1.902824961802521],[99.3131925619872,-1.901445291167184],[99.3151192272706,-1.901616578742063],[99.31537543602765,-1.903425494890667]]],[[[99.30380071523089,-1.899536749920985],[99.3147833286877,-1.920975915705883],[99.30686544918116,-1.93041371512084],[99.29298742792756,-1.918457187149405],[99.29497085212319,-1.900814362792572],[99.30380071523089,-1.899536749920985]]],[[[99.31424498461847,-1.897302735033149],[99.31355571272601,-1.896559205243056],[99.3138837107647,-1.895761038041391],[99.31449873732691,-1.896750391217575],[99.31424498461847,-1.897302735033149]]],[[[99.31408871032576,-1.895182011340671],[99.31399066713566,-1.895202795572517],[99.31389856576628,-1.894891012310287],[99.31425211534292,-1.895054328294579],[99.31408871032576,-1.895182011340671]]],[[[99.28591343715546,-1.872643102397189],[99.2892627921442,-1.879393223918127],[99.27504358609266,-1.873553028349553],[99.27968251043954,-1.871347246778024],[99.28591343715546,-1.872643102397189]]],[[[99.09077383164707,-1.859751171579285],[99.09084859858399,-1.86597675812086],[99.07624841992867,-1.865896356031962],[99.08039462281361,-1.860821928689019],[99.09077383164707,-1.859751171579285]]],[[[99.31734195296886,-1.854582372078786],[99.31412015871845,-1.855603948863108],[99.30236749356501,-1.853849751964434],[99.31161636610254,-1.844346800264576],[99.31734195296886,-1.854582372078786]]],[[[99.14924605406223,-1.841112362445488],[99.14523544196211,-1.839631417355994],[99.14092164142072,-1.835297363182667],[99.14555339097625,-1.832711591966321],[99.14924605406223,-1.841112362445488]]],[[[99.04620379167174,-1.815256225894116],[99.04191865522179,-1.809784327884392],[99.04519647273904,-1.80487847486164],[99.04859015800943,-1.80797288913748],[99.04620379167174,-1.815256225894116]]],[[[99.25984115214744,-1.791491846771256],[99.28946286431973,-1.806530241677232],[99.29416030485424,-1.833182083985976],[99.24162781497176,-1.850499898751215],[99.2691940717491,-1.81253395287955],[99.25411212627365,-1.790702297772809],[99.25984115214744,-1.791491846771256]]],[[[99.29635312089988,-1.781368236055217],[99.29450539091113,-1.780789518721251],[99.29395667855798,-1.779120415674543],[99.2964247123307,-1.77926024856159],[99.29635312089988,-1.781368236055217]]],[[[99.26647257664817,-1.768640612274355],[99.26882245479251,-1.7715675143293],[99.26710924269747,-1.774113537309832],[99.26390886760018,-1.769818609940879],[99.26647257664817,-1.768640612274355]]],[[[99.27104690539045,-1.74543067418618],[99.26888027400548,-1.749207982362469],[99.2652290291964,-1.745902411766822],[99.26893485026322,-1.744600588246461],[99.27104690539045,-1.74543067418618]]],[[[99.29300242412259,-1.733914650340809],[99.29642800115138,-1.736031534827445],[99.29774341882377,-1.739435726877206],[99.29218921216251,-1.736251800380176],[99.29300242412259,-1.733914650340809]]],[[[99.30885702573114,-1.728318837444379],[99.30837149075172,-1.727969968838908],[99.3083960269552,-1.726526816859034],[99.30881964541035,-1.726888161759257],[99.30885702573114,-1.728318837444379]]],[[[99.26295483439814,-1.724029727789647],[99.26241654878473,-1.723609345994495],[99.26321361161895,-1.723234050810765],[99.26345854017958,-1.723716219627727],[99.26295483439814,-1.724029727789647]]],[[[99.2528196170318,-1.714442540191],[99.25829728239371,-1.716117687581134],[99.25844543490895,-1.724707473970691],[99.25112265838406,-1.715549764809746],[99.2528196170318,-1.714442540191]]],[[[99.24755473486317,-1.707310994606617],[99.24643596384875,-1.706714136148404],[99.24656492213352,-1.703362323312588],[99.24734444369122,-1.703859199642269],[99.24755473486317,-1.707310994606617]]],[[[99.24519064473257,-1.703651474236059],[99.24420283389377,-1.703060947904403],[99.24384129563931,-1.70134937257547],[99.24548561067243,-1.70288772139118],[99.24519064473257,-1.703651474236059]]],[[[99.24798134086622,-1.699511791435951],[99.24729962058112,-1.698811665625824],[99.24869739816643,-1.697268169090707],[99.24888689881139,-1.698517726711637],[99.24798134086622,-1.699511791435951]]],[[[99.24461101638539,-1.69175070872816],[99.24597249733293,-1.692501377336677],[99.24531838623457,-1.695694181041565],[99.24364898191509,-1.692549421818315],[99.24461101638539,-1.69175070872816]]],[[[99.24082491194024,-1.689852405364148],[99.2391424233842,-1.688115451167141],[99.23901385630447,-1.686623771769627],[99.24075966342777,-1.68828254969984],[99.24082491194024,-1.689852405364148]]],[[[99.29070682995628,-1.685064380616621],[99.29131693362964,-1.685124109090344],[99.29190835928343,-1.685814568087787],[99.29003728109566,-1.685005710644985],[99.29064305543275,-1.683993934672293],[99.29070682995628,-1.685064380616621]]],[[[99.29162794257553,-1.683683019255946],[99.29138877507204,-1.683961163376926],[99.29085556613157,-1.683774963243925],[99.29149882241279,-1.683262591595261],[99.29162794257553,-1.683683019255946]]],[[[99.28918602511501,-1.684396080914377],[99.2885487592179,-1.684261193399353],[99.28828855297442,-1.682888602227164],[99.28943802414555,-1.683756231265024],[99.28918602511501,-1.684396080914377]]],[[[99.29013132500067,-1.68326476885399],[99.28982561665893,-1.683170363421452],[99.28968021786787,-1.682896212290322],[99.29019583337106,-1.683092249207865],[99.29013132500067,-1.68326476885399]]],[[[99.29093829116923,-1.683433874673559],[99.290508062697,-1.683208955129148],[99.29098121670987,-1.682800252829322],[99.29119702522262,-1.683166873152667],[99.29093829116923,-1.683433874673559]]],[[[99.29358192116877,-1.683042784696712],[99.29277684537517,-1.682409816659705],[99.29336008719828,-1.682004707151455],[99.29365864772845,-1.682640240055003],[99.29358192116877,-1.683042784696712]]],[[[99.29222183956631,-1.683702607389373],[99.29208041397996,-1.682092486379075],[99.29255469574271,-1.681844414687886],[99.29260056836156,-1.682164693845481],[99.29222183956631,-1.683702607389373]]],[[[99.28927080240562,-1.682238637902758],[99.28803436319541,-1.68176948407435],[99.2881511167807,-1.681245095684572],[99.28911062775333,-1.681565401821741],[99.28927080240562,-1.682238637902758]]],[[[99.23751668744526,-1.681259027981666],[99.23730663369425,-1.681197641158219],[99.23756551613569,-1.680830520811829],[99.2376683590076,-1.680902776841611],[99.23751668744526,-1.681259027981666]]],[[[99.28450151773089,-1.682215196174289],[99.29934579577188,-1.699924545181533],[99.29396317076377,-1.706476246581515],[99.28542313936643,-1.699796288367919],[99.28450151773089,-1.682215196174289]]],[[[99.287211684072,-1.680570409896445],[99.28684272461204,-1.680332434893897],[99.28759713440029,-1.679470974305966],[99.28772980958313,-1.67986384404111],[99.287211684072,-1.680570409896445]]],[[[99.28627486479324,-1.679562211426846],[99.28658251297261,-1.680016647850005],[99.28564687630234,-1.678911696717369],[99.28582229176538,-1.678998651266708],[99.28627486479324,-1.679562211426846]]],[[[99.23824473001034,-1.679705423966096],[99.2376315722393,-1.680629666226066],[99.23722204975786,-1.678724385022326],[99.23757134374253,-1.678830872846484],[99.23824473001034,-1.679705423966096]]],[[[99.23284305826063,-1.679366729391043],[99.23242601474881,-1.679141903376083],[99.23279804719225,-1.678269640131782],[99.23312166193524,-1.679116414790618],[99.23284305826063,-1.679366729391043]]],[[[99.23250444642312,-1.67820945660109],[99.23232956785532,-1.677947906770408],[99.23263902637004,-1.677684416202821],[99.2327839781981,-1.677898925195167],[99.23250444642312,-1.67820945660109]]],[[[99.28426178185582,-1.674146933833834],[99.28582581980582,-1.674869343945032],[99.28501539304598,-1.679025077845056],[99.28259099527828,-1.676642420311383],[99.28426178185582,-1.674146933833834]]],[[[99.28702868192818,-1.664223645304988],[99.29259624711918,-1.678739818287925],[99.30341468394059,-1.686031802026003],[99.29740864799076,-1.688211523043284],[99.29570507662802,-1.682031908945428],[99.29249848181959,-1.679993183638453],[99.2912811514041,-1.682879306834442],[99.29097994057183,-1.682379680377879],[99.28952147223825,-1.682464444178747],[99.28702868192818,-1.664223645304988]]],[[[99.29153734487258,-1.641578082162701],[99.29095432158472,-1.641184228569228],[99.29109660962091,-1.640744219070436],[99.29164403504421,-1.641092037267613],[99.29153734487258,-1.641578082162701]]],[[[99.29323874707056,-1.641250398886809],[99.29197114455276,-1.641330743418992],[99.29213697594076,-1.639625335640707],[99.29282507331851,-1.640053280734291],[99.29323874707056,-1.641250398886809]]],[[[99.29060501500949,-1.639768811681266],[99.29010507019292,-1.639673383719645],[99.28998469863505,-1.639301628267534],[99.29045920522817,-1.639291327432771],[99.29060501500949,-1.639768811681266]]],[[[99.28943825976792,-1.638674433877954],[99.28961629225809,-1.639278104700706],[99.28850112302851,-1.638746196179921],[99.2891009627393,-1.638236195144296],[99.28943825976792,-1.638674433877954]]],[[[99.28826113714179,-1.638747624303408],[99.28759558576778,-1.638684887597444],[99.2875389203849,-1.638553577585425],[99.2883305432201,-1.638191659817226],[99.28826113714179,-1.638747624303408]]],[[[99.28993483482482,-1.638899463139667],[99.28918046910346,-1.637265824857861],[99.28858725289948,-1.636692901855932],[99.28937870486335,-1.636957117277118],[99.28993483482482,-1.638899463139667]]],[[[99.28989896266704,-1.636953632404195],[99.2897345638991,-1.636806993447928],[99.29015301574917,-1.635932075404936],[99.29047003306565,-1.63669432997933],[99.28989896266704,-1.636953632404195]]],[[[99.21532783511152,-1.634296152845119],[99.21719992323791,-1.63454551056679],[99.21786944242085,-1.637222795895246],[99.21407328805186,-1.634198491866881],[99.21532783511152,-1.634296152845119]]],[[[99.28741001605947,-1.630832923900252],[99.28611138063573,-1.631707117089734],[99.28528153211712,-1.631110225356538],[99.28616202595683,-1.63084117338135],[99.28741001605947,-1.630832923900252]]],[[[99.28315646829648,-1.62781791436524],[99.28259247376371,-1.627816881044167],[99.28237076479901,-1.627101039581261],[99.28293144533,-1.627190165993378],[99.28315646829648,-1.62781791436524]]],[[[99.20494483023982,-1.560123072421751],[99.20373750298343,-1.561931144106923],[99.19820961408249,-1.565721716384052],[99.20361695695702,-1.558950006637508],[99.20494483023982,-1.560123072421751]]],[[[99.19241431806635,-1.509714754232474],[99.19208269755849,-1.509664409284975],[99.19203573765924,-1.509280305241914],[99.19246851121285,-1.509334839231327],[99.19241431806635,-1.509714754232474]]],[[[99.19143767860602,-1.509242513930856],[99.19151585757083,-1.508870269247511],[99.1918580334216,-1.508930908734365],[99.19185152592723,-1.50905718074428],[99.19143767860602,-1.509242513930856]]],[[[99.19702766479499,-1.508806922801201],[99.19738523883771,-1.508972318018012],[99.19749967666884,-1.509638263295157],[99.19705732803334,-1.508872584102486],[99.19647780760481,-1.509150612210933],[99.19619308044642,-1.508708945261519],[99.19702766479499,-1.508806922801201]]],[[[99.18085034776537,-1.488707667724645],[99.18801416012549,-1.494743305758897],[99.18724032677974,-1.496905472909196],[99.1797453903375,-1.49464900734573],[99.18085034776537,-1.488707667724645]]],[[[99.17707528879365,-1.487067330392991],[99.17652402596306,-1.486889732275268],[99.17667116134507,-1.485429637068039],[99.1773688077243,-1.486559079437979],[99.17707528879365,-1.487067330392991]]],[[[99.17792927061943,-1.483747161102558],[99.17750073916785,-1.483839341612272],[99.17683820591853,-1.485062940302376],[99.17703535259946,-1.483405257746442],[99.17792927061943,-1.483747161102558]]],[[[99.16377049990871,-1.483366499664188],[99.16325350034884,-1.483142500126247],[99.16318249977266,-1.482596500128322],[99.16372649967823,-1.482811500150552],[99.16377049990871,-1.483366499664188]]],[[[99.15952099999419,-1.480587000089953],[99.15926099969546,-1.480499999675169],[99.15929999969532,-1.480032999723127],[99.15973299987805,-1.480294000068019],[99.15952099999419,-1.480587000089953]]],[[[99.17550199322248,-1.481121434806346],[99.17320271813101,-1.481972629633146],[99.17467144233326,-1.489259318162953],[99.16909214998283,-1.481281810007465],[99.17315346496049,-1.473304906196374],[99.17550199322248,-1.481121434806346]]],[[[99.17122067079737,-1.470352254752674],[99.17005451630298,-1.469761417255524],[99.17038703343493,-1.468798568898746],[99.17126577989187,-1.469627027065615],[99.17122067079737,-1.470352254752674]]],[[[99.10923829101434,-1.366179095788558],[99.10915234730308,-1.366416589653843],[99.10859276124701,-1.366340283976866],[99.10875118401995,-1.366055287921133],[99.10923829101434,-1.366179095788558]]],[[[99.11173912935742,-1.356923648307687],[99.11113064896033,-1.356363877890557],[99.11119805764429,-1.356124693299934],[99.11150986698682,-1.356128071153575],[99.11173912935742,-1.356923648307687]]],[[[99.11399587281139,-1.354356957107841],[99.11392676530802,-1.354382400727141],[99.11383236886874,-1.354187327882775],[99.11399417489136,-1.354177143060634],[99.11399587281139,-1.354356957107841]]],[[[99.11243847725399,-1.354082219618727],[99.12167353080885,-1.360436328273876],[99.12092358255734,-1.366444570260652],[99.1100455638518,-1.364409760601928],[99.11243847725399,-1.354082219618727]]],[[[99.11372785055998,-1.353786992875408],[99.11352559393102,-1.353792086635488],[99.11353232895387,-1.353654686414599],[99.11364019903598,-1.353644503391108],[99.11372785055998,-1.353786992875408]]],[[[99.11430597883793,-1.35388704605022],[99.11423687313322,-1.353954904395296],[99.11394864671271,-1.353659751396366],[99.1141593272912,-1.353647871352129],[99.11430597883793,-1.35388704605022]]],[[[99.11374974365584,-1.353295048427652],[99.11360142386668,-1.353337458656759],[99.11356939001539,-1.353235678783518],[99.11370759692814,-1.353179696885467],[99.11374974365584,-1.353295048427652]]],[[[99.11319854737513,-1.352424837436297],[99.11307719195894,-1.352399401910789],[99.11313785932482,-1.352194135251031],[99.1132356210272,-1.352273863747724],[99.11319854737513,-1.352424837436297]]],[[[99.11071243992723,-1.351722660272506],[99.1114531917115,-1.353036084147943],[99.11098219157492,-1.354911084279101],[99.11009226834355,-1.353590383988992],[99.11071243992723,-1.351722660272506]]],[[[99.11247205344257,-1.35117974404986],[99.11282432598198,-1.351452845672243],[99.11284627123852,-1.352070319289725],[99.11187036292702,-1.351826088603028],[99.11247205344257,-1.35117974404986]]],[[[99.06876550112702,-1.274528234590358],[99.06815874832763,-1.274559916806675],[99.06783963379212,-1.274324696427501],[99.06871605730029,-1.274342767404748],[99.06876550112702,-1.274528234590358]]],[[[99.07014977089524,-1.273496810229593],[99.06995200368206,-1.273103258808275],[99.07014076418503,-1.272800171090951],[99.0704104393903,-1.273076104678486],[99.07014977089524,-1.273496810229593]]],[[[99.07251822543583,-1.268688123558073],[99.0728553264123,-1.269276186646698],[99.0713541483753,-1.268321741555114],[99.07174966031859,-1.268276494864365],[99.07251822543583,-1.268688123558073]]],[[[99.07030242631599,-1.267674891582951],[99.06978105515162,-1.267190878256377],[99.06978105155432,-1.267055168761003],[99.0700821823469,-1.267104921055198],[99.07030242631599,-1.267674891582951]]],[[[99.06805070377699,-1.267842327361437],[99.06786641200537,-1.267104980410474],[99.06809562491323,-1.266919505130984],[99.06833834294024,-1.267557331305705],[99.06805070377699,-1.267842327361437]]],[[[99.06844619413657,-1.266951161267096],[99.06820797991443,-1.266684273060717],[99.06836976884985,-1.26622285879783],[99.0686978784044,-1.266724972779246],[99.06844619413657,-1.266951161267096]]],[[[99.07049562137585,-1.265177842083689],[99.07021696284264,-1.265119042609689],[99.07027088889052,-1.264852147208797],[99.07048212974654,-1.264919995661254],[99.07049562137585,-1.265177842083689]]],[[[99.069767431322,-1.261925371059005],[99.06957866272516,-1.261862045297127],[99.06975394059195,-1.261672048226428],[99.06987529420951,-1.261767040916142],[99.069767431322,-1.261925371059005]]],[[[99.06912021982241,-1.261540879408043],[99.0688909979213,-1.261346368640018],[99.06921908589214,-1.261097561303329],[99.06921010796015,-1.261482070041422],[99.06912021982241,-1.261540879408043]]],[[[99.06833816577378,-1.260817119414506],[99.06823029928897,-1.260780934292674],[99.06803253567308,-1.260514044287644],[99.06832467684238,-1.260568320171787],[99.06833816577378,-1.260817119414506]]],[[[98.62728510082675,-1.147364626975891],[98.62705251366265,-1.14732736806358],[98.62674598963578,-1.146726411394708],[98.62729041761874,-1.147114683795605],[98.62728510082675,-1.147364626975891]]],[[[98.95506570771634,-1.059575218121791],[98.95938966699958,-1.065902682562728],[98.9584189540715,-1.070887984392924],[98.95488872383564,-1.066685128715664],[98.95506570771634,-1.059575218121791]]],[[[98.94922460922842,-1.03884490516826],[98.94877494460813,-1.038958513824253],[98.94864911236671,-1.039409264825666],[98.95203535934438,-1.044119857945061],[98.94922460922842,-1.03884490516826]]],[[[98.96258859328906,-1.016103672146665],[98.96253324181569,-1.016260162276675],[98.96233706820118,-1.016175712339232],[98.96237170918708,-1.016105859297925],[98.96258859328906,-1.016103672146665]]],[[[98.94471052157338,-0.999344048588904],[98.94372903296859,-0.998700769824604],[98.94453258531068,-0.997712821389543],[98.9452821738333,-0.998828362938545],[98.94471052157338,-0.999344048588904]]],[[[98.94623460174549,-0.99250290758304],[98.94578384624758,-0.990522505109473],[98.9471212973101,-0.988915728677922],[98.94827801701697,-0.991822639702969],[98.94623460174549,-0.99250290758304]]],[[[98.95542743842564,-0.95331299070194],[98.95483811089015,-0.952840316927064],[98.95608833940545,-0.952847688669836],[98.95585684132021,-0.95313951507652],[98.95542743842564,-0.95331299070194]]],[[[98.91114456187215,-0.92633178068702],[98.91039460282875,-0.940860786995737],[98.90204700116826,-0.926554102989455],[98.89839567631948,-0.94185656133117],[98.90693770601044,-0.945952502905614],[98.92441869466714,-0.931209481332454],[98.9302508979606,-0.934149063828185],[98.93110084722642,-0.958698684196849],[98.94500741925707,-0.981813134968126],[98.94283137826558,-0.983729312357775],[98.94387395511896,-1.00618411400564],[98.95192759718091,-1.01239120419068],[98.94453528417607,-1.017190593670916],[98.92767400215355,-0.989422723280045],[98.9192288069639,-0.989552806616681],[98.91691280358309,-1.00221716399094],[98.93660109906156,-1.030261170316729],[98.9350009614253,-1.060761129822277],[98.94670386708985,-1.068375634727728],[98.94904139034792,-1.083566135568661],[98.959334286748,-1.083070899602292],[98.95822872227781,-1.076446909797005],[98.96862143623035,-1.093576667329257],[99.00159473820663,-1.116390306567341],[99.00775265705951,-1.163406023169403],[99.0309275620574,-1.183399335411009],[99.04115037159247,-1.205376028680741],[99.02810431226425,-1.211523474029066],[99.0259364389156,-1.221453446319456],[99.04437325761975,-1.231644725623562],[99.05064740665252,-1.226859675833294],[99.06807278033465,-1.252570545793999],[99.06904860860642,-1.272872578206899],[99.05218088204212,-1.274370300149188],[99.06452449710794,-1.289647170980126],[99.05388321144116,-1.289896329052256],[99.04886915468782,-1.293805419384578],[99.06894511372612,-1.303791252164535],[99.07232004183652,-1.29166279899893],[99.08058657231257,-1.293775934211963],[99.09153601427565,-1.316556547646444],[99.09814237557028,-1.363075277302153],[99.10883819612592,-1.379279958902904],[99.11679978358322,-1.378429088731428],[99.11452099774586,-1.385183777009649],[99.10898931370596,-1.381612331743634],[99.1116217066765,-1.388417545733114],[99.10317345738925,-1.387136841891648],[99.10299387356847,-1.39184141674791],[99.11329423703943,-1.398914075623983],[99.12246622743451,-1.383732344971714],[99.13359867603809,-1.394951389295132],[99.12454043279479,-1.40678181342995],[99.14067764815503,-1.397031863829381],[99.14898899544588,-1.40197547758614],[99.16681030734985,-1.431723137113108],[99.16858553759258,-1.441334680151288],[99.15861661116777,-1.449384395773182],[99.16958732839258,-1.470764290839346],[99.14687582425994,-1.457167444422039],[99.1424403841165,-1.461242646730712],[99.1157321965837,-1.435884596097184],[99.11427639384056,-1.445932531561025],[99.14812002641813,-1.485036366235251],[99.18005672303944,-1.503680047895875],[99.18482287357679,-1.521168342644843],[99.19680234775022,-1.509749860167878],[99.20662217557303,-1.526888845643695],[99.19299623159091,-1.543840315278258],[99.20899798476924,-1.552412540606232],[99.19519758490068,-1.557528300790414],[99.19352832537196,-1.566887551619159],[99.19819774662872,-1.579547119204141],[99.21011195879996,-1.578962397996245],[99.21993533894484,-1.604897939288444],[99.2329614162364,-1.609489237338371],[99.26011381220277,-1.594158209333843],[99.2541228893599,-1.603286064600143],[99.26684635197762,-1.602108370904512],[99.27087019310503,-1.613623068249995],[99.26542028261998,-1.617129929602504],[99.27265566212921,-1.614225557363527],[99.28271134255452,-1.633484926588016],[99.28745995631202,-1.632538688709475],[99.28710938079337,-1.638608509974729],[99.27497183008602,-1.632784863730377],[99.28063658860775,-1.640487119984504],[99.26962511590644,-1.646210334439305],[99.28097646219399,-1.644113894240798],[99.27916307191828,-1.650267104243389],[99.28438605827004,-1.647425108981595],[99.29250648308778,-1.652996048428859],[99.27441929381541,-1.662979986337268],[99.28424086542368,-1.700492068654016],[99.30179470815933,-1.719797778144885],[99.28558684385781,-1.727201381238766],[99.29156913500765,-1.750476959943706],[99.28086617833151,-1.752049274354464],[99.26227080555329,-1.736869202052008],[99.26469796603833,-1.72401739898376],[99.26309652438518,-1.711912165414089],[99.2614095266284,-1.716926077376504],[99.2533927567704,-1.711659553945191],[99.25155618916689,-1.692550777096605],[99.24180030763813,-1.684193234330314],[99.2431582866257,-1.674632655872335],[99.22300997443087,-1.629541115230174],[99.20564949133107,-1.624416949082866],[99.20818205415853,-1.633898287376015],[99.200922347988,-1.636752150091583],[99.19953831564086,-1.642047542659933],[99.20367715127962,-1.646194641269608],[99.21639341932092,-1.64015449403461],[99.24098766135151,-1.67705457780645],[99.23678151505491,-1.678052750633865],[99.23391991187447,-1.684409079715257],[99.22032151322735,-1.662429889927422],[99.23962267844392,-1.698641268379822],[99.23455937661402,-1.697331094654222],[99.24618201508798,-1.731909608241791],[99.23985091558733,-1.740643592827487],[99.2629518558435,-1.772791372024132],[99.2605483061595,-1.778854215449657],[99.24723972933013,-1.777701171272009],[99.24053460089117,-1.796840573633476],[99.22621209781012,-1.784901148968812],[99.1673442420432,-1.779263108405685],[99.14471835516802,-1.788650052058196],[99.14153782001446,-1.804568843677126],[99.10743346228449,-1.811952175152756],[99.0116896308718,-1.762436441288687],[98.87794771811272,-1.679078407642345],[98.86090039333861,-1.644040556326567],[98.82515109105012,-1.615667851390226],[98.83607864531326,-1.603579493598753],[98.83715356808281,-1.586890279762512],[98.8057397687754,-1.53703676323598],[98.8037377573917,-1.518366459844136],[98.74613026370073,-1.445569208152422],[98.68921516704636,-1.353004437005081],[98.6523668311644,-1.311687511069762],[98.63672372581937,-1.286419546424858],[98.64126501436893,-1.275746887908527],[98.63036424821156,-1.251150016260175],[98.6027432973654,-1.225531585814002],[98.59654141065765,-1.198670574687258],[98.61565476415605,-1.182846533840445],[98.62735964563122,-1.14760569564625],[98.63661437005723,-1.141871951029641],[98.64062747777591,-1.110070536725852],[98.65006441114372,-1.107095141427619],[98.65706892658977,-1.088708893400694],[98.66335060744464,-0.979975950429759],[98.7112950979904,-0.945091164625536],[98.73933100682055,-0.958696757849056],[98.79693709397183,-0.956867344352455],[98.82447843772978,-0.940395530829077],[98.86672520240622,-0.932666070982327],[98.8989049920718,-0.906072165697827],[98.91154107296224,-0.911319576737027],[98.91114456187215,-0.92633178068702]]]]}},{"type":"Feature","properties":{"kode":"13.10","nama":"Kabupaten Dharmasraya","lat":-1.1312305954681876,"lng":101.55722214295523},"geometry":{"type":"MultiPolygon","coordinates":[[[[101.587582531109,-0.847296189167748],[101.6315707124185,-0.836860217824745],[101.6476810236604,-0.823651547580864],[101.6784044368154,-0.846897895621337],[101.7111111401671,-0.858611110214527],[101.7134216720726,-0.869686840375364],[101.7316666905654,-0.870555597163028],[101.7345429805741,-0.896487462926013],[101.7150550198733,-0.90860665577244],[101.6986110772395,-0.938333322424858],[101.7254348843125,-0.951444635661305],[101.7433331368149,-0.949649200350303],[101.7538252150617,-0.975192081449341],[101.8033750404258,-0.964093342134012],[101.8235847178605,-0.977611110264467],[101.8151944002014,-1.001555556143943],[101.8232222218281,-1.007361110726615],[101.8191994059279,-1.030215412811033],[101.8256388890236,-1.038361111276201],[101.8215320242835,-1.059174034154323],[101.8282960097531,-1.067706013021999],[101.8294661662307,-1.109449452330294],[101.8454759854284,-1.111867019747129],[101.8447246000603,-1.102507733844751],[101.8529584563677,-1.100230543404804],[101.8663681610618,-1.112021835339386],[101.8768383992728,-1.093577447041552],[101.8928544210948,-1.106216216005487],[101.8847600721197,-1.113084928426636],[101.8842011110925,-1.134729166617701],[101.8171648345895,-1.217197329193345],[101.7267430003892,-1.234797999627871],[101.7175700000555,-1.260003000038326],[101.6919029999235,-1.28047299972909],[101.6963844439869,-1.291818056158325],[101.6884340422973,-1.3002027233769],[101.6944569998907,-1.307650000247287],[101.6884679997984,-1.324389999698708],[101.673805999947,-1.326838000173483],[101.6751329999881,-1.34801500009212],[101.7037809999932,-1.346849000281106],[101.7118360000315,-1.336336000206176],[101.7246639998437,-1.34265600027417],[101.7281777778822,-1.365234722204603],[101.6949310001656,-1.394086999615299],[101.6937099996168,-1.408430000044428],[101.7218020000624,-1.431095000234064],[101.7005149995676,-1.454873999635334],[101.6910799997423,-1.48993200026151],[101.6798063890537,-1.498057222063112],[101.6561619597067,-1.498423836091048],[101.6563111293551,-1.512290319942247],[101.6421644689152,-1.512577942018359],[101.6417646851922,-1.520559457552809],[101.6227627783796,-1.527015277732849],[101.6163188841092,-1.548430987400076],[101.5866630003972,-1.578473000428529],[101.5675819055805,-1.579257406204329],[101.5232533326752,-1.636096110846788],[101.4899862581593,-1.645815436732947],[101.4765459998981,-1.6767259997051],[101.4369248787802,-1.69586587510995],[101.4266305560554,-1.677536110802771],[101.4313854497787,-1.641591586382576],[101.4730022240734,-1.591779950384334],[101.5097292036399,-1.573020279562234],[101.5257905656821,-1.528865811807714],[101.540881107777,-1.514178588670825],[101.5273110431702,-1.484996878802816],[101.5573672043331,-1.462357497600378],[101.5606909007646,-1.444251902803087],[101.5821552385735,-1.447670275362858],[101.6093738938902,-1.437344604070192],[101.626381091814,-1.412777859710415],[101.672116711617,-1.388603726081053],[101.6464971597162,-1.367432898209644],[101.5968602152268,-1.34888798459272],[101.5869700811044,-1.325325529349611],[101.5512531813892,-1.324932916820634],[101.5423302033762,-1.333855895732919],[101.5150473031906,-1.337689207390971],[101.5256834941979,-1.304245882841196],[101.469170438565,-1.281924411981963],[101.4677744893013,-1.258949526099665],[101.4471160087969,-1.241299874089899],[101.4501462528473,-1.210987919656661],[101.4330997950196,-1.206419354669455],[101.410780451057,-1.184123804969575],[101.4028643009468,-1.150543850018584],[101.4411638683179,-1.086530399957988],[101.4403072631697,-1.05921180927753],[101.4600805841517,-1.030628534379366],[101.4535965531385,-1.010974185610072],[101.4289036968482,-1.004710253775157],[101.4038420231909,-1.038027467293714],[101.3762807261746,-1.0476214528677],[101.3443150480012,-1.04357399014752],[101.3486694610269,-1.060135038001489],[101.3400248789451,-1.080393768957213],[101.3507139240085,-1.131462642786721],[101.2994916537169,-1.143620087397126],[101.2901142527706,-1.174311820134369],[101.2632677387152,-1.166714441917874],[101.2576733557408,-1.143170681781472],[101.232327597041,-1.151063739100236],[101.1979607766686,-1.107044736225562],[101.1665989671687,-1.102765997552682],[101.1743330351415,-1.097496512653853],[101.1582417796345,-1.071132796041654],[101.1655927768852,-1.055497813373377],[101.1423147223466,-1.03704239039393],[101.1839461304096,-1.029856520362118],[101.1825043337081,-1.006128689687172],[101.2045458815873,-0.96768416059543],[101.1909916981085,-0.951247514161382],[101.2082050413297,-0.946406645250411],[101.2099082511649,-0.921799840590134],[101.2325767632071,-0.932469853301024],[101.2580100322373,-0.93343922084326],[101.2873767551332,-0.961953067180302],[101.2939381620167,-0.95296622021486],[101.3007636107521,-0.958021944357215],[101.3109167812845,-0.950965895959291],[101.3255020689653,-0.96687823494255],[101.3530376426732,-0.955091790353782],[101.3759828608204,-0.973183221728283],[101.3967205841877,-0.975145351776499],[101.403190297994,-0.969362172326329],[101.3962120211679,-0.940378778258014],[101.420363889382,-0.927019443692314],[101.4216048063168,-0.907135805572937],[101.4133801914427,-0.899300534192252],[101.4257017146625,-0.900363536447982],[101.4388494414486,-0.882339729594753],[101.4540877277665,-0.857705471330375],[101.4542166671655,-0.834208332948164],[101.4768724996662,-0.834159167011864],[101.496636110668,-0.850713889034685],[101.5049184809033,-0.838977718346959],[101.5205889166452,-0.847982638987579],[101.5477506071048,-0.821133286671818],[101.587582531109,-0.847296189167748]]]]}},{"type":"Feature","properties":{"kode":"13.11","nama":"Kabupaten Solok Selatan","lat":-1.423591691033254,"lng":101.26767927202651},"geometry":{"type":"MultiPolygon","coordinates":[[[[101.4393837367701,-1.007629565551918],[101.4535965531385,-1.010974185610072],[101.4600805841517,-1.030628534379366],[101.4410924846306,-1.057320136615017],[101.4411638683179,-1.086530399957988],[101.4134862152167,-1.123703529594236],[101.4030356217966,-1.159909407792872],[101.4204886514302,-1.19480758540165],[101.4501462528473,-1.210987919656661],[101.4471160087969,-1.241299874089899],[101.4677744893013,-1.258949526099665],[101.4686053171817,-1.2813295473207],[101.5256834941979,-1.304245882841196],[101.5150473031906,-1.337689207390971],[101.5423302033762,-1.333855895732919],[101.5512531813892,-1.324932916820634],[101.5869700811044,-1.325325529349611],[101.5968602152268,-1.34888798459272],[101.6464971597162,-1.367432898209644],[101.6723665549726,-1.389353256147777],[101.6571397925674,-1.391304651888062],[101.6535497772005,-1.4002035982174],[101.626381091814,-1.412777859710415],[101.6093738938902,-1.437344604070192],[101.5821552385735,-1.447670275362858],[101.5606909007646,-1.444251902803087],[101.5573672043331,-1.462357497600378],[101.5269898152279,-1.485782101163016],[101.540881107777,-1.514178588670825],[101.5257905656821,-1.528865811807714],[101.5097292036399,-1.573020279562234],[101.48712908414,-1.580087279004674],[101.4409508836764,-1.626993593079787],[101.4313854497787,-1.641591586382576],[101.4266305560554,-1.677536110802771],[101.411059854229,-1.672682852831356],[101.3953805556681,-1.689975000046198],[101.3731888893558,-1.675272222235227],[101.3365027776811,-1.680705556416198],[101.3305628266132,-1.695215842437106],[101.3104228025703,-1.700952732882291],[101.2666911510758,-1.695770875225636],[101.2422708810963,-1.7210593713928],[101.2262341047202,-1.718405940581638],[101.2159480521609,-1.72508339778055],[101.1967719961308,-1.710155880289646],[101.1910111180687,-1.676018618164646],[101.1742328776453,-1.706091358329489],[101.1626122419615,-1.709046748208801],[101.1223477341606,-1.675448607167398],[101.0653782878778,-1.657877276215272],[101.0593555056521,-1.643369650389007],[101.0653288611381,-1.63533045773441],[101.0181062932709,-1.607343877617831],[101.0130473306699,-1.588211352371951],[101.0203041976806,-1.565444378055572],[100.9832378679333,-1.527809138980521],[100.976207741594,-1.483079615032137],[100.9415126740707,-1.471069473976952],[100.9347945351398,-1.460097594828083],[100.9371126510281,-1.424687182267606],[100.916756272584,-1.401421425058727],[100.9051478748746,-1.401594576028822],[100.8927720649789,-1.390315810426282],[100.9065295878702,-1.370576463133213],[100.888147404779,-1.33778833156615],[100.8946951806381,-1.332693164058243],[100.8946269652623,-1.304024998554778],[100.9102759962402,-1.290429031674448],[100.9388049979524,-1.283565032600078],[100.9730249788197,-1.298550022165726],[100.9786679683521,-1.31194801678747],[100.9928549876676,-1.309510998833543],[101.0050809822016,-1.299876991629814],[101.0046429736943,-1.258765959181643],[101.0273170291577,-1.275353037012986],[101.0745099805512,-1.284399026993446],[101.0946170030723,-1.301617026904259],[101.1218129981714,-1.293344974590907],[101.1715050072504,-1.303770964358433],[101.1870910038468,-1.295326984152981],[101.1919979981091,-1.280694009021291],[101.2056879684251,-1.292905019051352],[101.2153919977426,-1.281723955795913],[101.2408549713798,-1.295066024277583],[101.2485930287454,-1.286612989697725],[101.2526549687519,-1.291528980777803],[101.262572024979,-1.263106027121433],[101.2314099638988,-1.248995989773041],[101.2450709742461,-1.213411027796665],[101.2116549935832,-1.164534011335475],[101.1976930287104,-1.161964988193612],[101.1768950318803,-1.135193971324691],[101.1665989671687,-1.102765997552682],[101.1979607766686,-1.107044736225562],[101.232327597041,-1.151063739100236],[101.2576733557408,-1.143170681781472],[101.2632677387152,-1.166714441917874],[101.292744642951,-1.174079912857609],[101.2994916537169,-1.143620087397126],[101.3507139240085,-1.131462642786721],[101.3400248789451,-1.080393768957213],[101.3486694610269,-1.060135038001489],[101.3443150480012,-1.04357399014752],[101.3927703912406,-1.042339050107069],[101.4168338803793,-1.027748194723335],[101.4239829708374,-1.006613822669758],[101.4393837367701,-1.007629565551918]]]]}},{"type":"Feature","properties":{"kode":"13.12","nama":"Kabupaten Pasaman Barat","lat":0.20345132484373124,"lng":99.68550250060025},"geometry":{"type":"MultiPolygon","coordinates":[[[[99.75209438115084,-0.148171678779965],[99.75195351674145,-0.148068886269995],[99.7520924781854,-0.147623451161286],[99.75223524466085,-0.14786330125032],[99.75209438115084,-0.148171678779965]]],[[[99.75134623514072,-0.149182515860405],[99.75077040642915,-0.147964232163547],[99.75110352970417,-0.14723611675336],[99.75166984178983,-0.147526410715207],[99.75134623514072,-0.149182515860405]]],[[[99.3612670297497,0.123469959870823],[99.3597305919933,0.125095039304687],[99.36188333334923,0.126550000282341],[99.36242152363445,0.125104087383773],[99.3612670297497,0.123469959870823]]],[[[99.29478144590706,0.14012304794033],[99.29231414867903,0.1395643827901],[99.29392196023038,0.14422103996907],[99.29474359883811,0.142888212321177],[99.29478144590706,0.14012304794033]]],[[[99.27964607530615,0.178054474234665],[99.28274301757624,0.176831603995373],[99.28397599979266,0.171699000408607],[99.27917501041843,0.173471029964142],[99.27964607530615,0.178054474234665]]],[[[99.29878614586404,0.187448547712352],[99.29938572117415,0.185615420914973],[99.29680966443449,0.184585775413312],[99.29661364910066,0.186412541305822],[99.29878614586404,0.187448547712352]]],[[[99.3116046182586,0.194900087369218],[99.31213398979187,0.184506980412921],[99.30436637710673,0.18140891668825],[99.30261666692572,0.187066666793287],[99.3116046182586,0.194900087369218]]],[[[99.26192196482685,0.201558877340366],[99.26168168935853,0.201817493582476],[99.26181017999586,0.202042352872331],[99.26197317312356,0.201899586396889],[99.26192196482685,0.201558877340366]]],[[[99.30062908696279,0.224948374967601],[99.30164214536876,0.224359525871451],[99.30190255665774,0.2234658048031],[99.300262962166,0.223739813841403],[99.30062908696279,0.224948374967601]]],[[[99.28814318476024,0.2275736183279],[99.29647073063978,0.21588202613467],[99.29222993256538,0.208944983224432],[99.27972648099234,0.219217072909681],[99.28814318476024,0.2275736183279]]],[[[99.1916904780332,0.234016202285956],[99.19129834304418,0.233999545942273],[99.19109132990101,0.234714811839096],[99.19152936808594,0.234625862593527],[99.1916904780332,0.234016202285956]]],[[[99.19132298626684,0.246587710954158],[99.19090324928558,0.247051706271259],[99.19146147107011,0.247350091433615],[99.1917084590782,0.247180196908589],[99.19132298626684,0.246587710954158]]],[[[99.53971336907681,0.518365783054461],[99.57450100022106,0.509018000380498],[99.64063572525858,0.545922175168309],[99.66537500005629,0.516176999568893],[99.66055599995954,0.503611000147616],[99.67677249865196,0.47273257534812],[99.69923700038731,0.469144999841939],[99.71781700015448,0.451361999956321],[99.74194400031543,0.478332999967998],[99.77869699996666,0.481926000184815],[99.82694444602946,0.459444440108856],[99.8235624978111,0.418434620061722],[99.79474870508872,0.412312296375392],[99.76777299712622,0.421075999957418],[99.77206379121105,0.400089642822829],[99.74934758362416,0.401439014399083],[99.74367240915441,0.382199046249029],[99.77683855635432,0.358596447967694],[99.75241527724329,0.333002670636803],[99.75658367539634,0.317442340691551],[99.76386200202981,0.311887249996643],[99.78655246292588,0.320913927935448],[99.79530600057156,0.299472003929877],[99.83255970316783,0.308308697388535],[99.84949999602804,0.302333330119195],[99.84664119423577,0.315526540117814],[99.85786491503387,0.319831648711697],[99.87500086709643,0.319025076446186],[99.8842195610839,0.310032334424745],[99.91555327666244,0.314218019346166],[99.92277777797216,0.293361110626764],[99.9648643527078,0.288721867919881],[99.9773355563909,0.27972003914851],[99.98039128003354,0.287363634424251],[100.0225030195987,0.248860731237796],[100.0419444493769,0.253111107991286],[100.051555556244,0.236611107916326],[100.0605994184285,0.244187887161315],[100.063613541232,0.149698020047692],[100.0423635370476,0.152060003066731],[100.0396670377037,0.131607549149157],[100.022306541114,0.107691008333363],[99.98064035177092,0.070775744005422],[99.99791873576115,0.03691644883512],[100.036472224014,0.009527775786308],[100.0280912853846,0.005391325149537],[100.0239704406834,-0.023720947163921],[100.0387209266296,-0.037302517697027],[100.0298114708227,-0.060776557891787],[100.0359835351121,-0.069286106768354],[100.0109437338663,-0.068088082099285],[100.0178986517015,-0.090799013363688],[99.9824543329012,-0.139367333035947],[99.98558976525548,-0.147274623025398],[99.99392672343956,-0.141938929138233],[99.98728948931848,-0.158883841815774],[99.80547504323869,-0.181949586204391],[99.78780548023882,-0.182171728642258],[99.7878144401843,-0.173228059927036],[99.77061731443759,-0.17582197990034],[99.74750000022492,-0.139629999824622],[99.7625106663343,-0.078458672729534],[99.75351999994807,-0.047084000226397],[99.73474700027391,-0.024438000013641],[99.69235603830062,0.000990100612716],[99.61796437675463,0.065809384595481],[99.47129239922494,0.134519768872307],[99.39833122810373,0.151107585047081],[99.3871131505515,0.173677690573035],[99.39233079493027,0.186412639331854],[99.37381721099548,0.190100727566575],[99.37716900044903,0.207005999926954],[99.35887387442982,0.215579017557685],[99.36141582438088,0.227145348578992],[99.3529969892197,0.232348239579691],[99.32700832137697,0.238337560729926],[99.28582325943594,0.22906216358802],[99.26750089924715,0.22226977033368],[99.26314008304843,0.201884817730244],[99.2433828770182,0.216555131813953],[99.23664698457074,0.207319443337648],[99.23284370667173,0.215248812582677],[99.22095811542479,0.210168202400693],[99.2097409812613,0.215709410261164],[99.2037645437987,0.232947045969498],[99.19173001942495,0.235641779044935],[99.19284105716916,0.25166257896487],[99.19064916742524,0.253905167089849],[99.17846209824731,0.249858273640521],[99.1826848343377,0.239653686168692],[99.16715112612368,0.228176375439412],[99.17509499963458,0.249447000179012],[99.19614299989959,0.271953000230882],[99.18729300007196,0.29226900001442],[99.19366299974769,0.311628000631822],[99.2234940003479,0.329260999895295],[99.24166600018586,0.32828900003736],[99.2460824376544,0.338236266290723],[99.26275299955135,0.34458999992861],[99.31666659628645,0.333888835601323],[99.34990699960841,0.385072999819178],[99.36599799970797,0.431546999894225],[99.41197999957737,0.486261000444907],[99.4385370002824,0.477588999832543],[99.47638900025218,0.526110999922766],[99.51917999955737,0.551981000422883],[99.51251999999805,0.537931000015687],[99.53971336907681,0.518365783054461]]]]}},{"type":"Feature","properties":{"kode":"13.71","nama":"Kota Padang","lat":-0.8988718499467967,"lng":100.43764367052884},"geometry":{"type":"MultiPolygon","coordinates":[[[[100.1744805205597,-1.13588112081702],[100.1745840280305,-1.136148810319318],[100.1742378160225,-1.136337977315785],[100.1722676226527,-1.137026831023372],[100.1719606723473,-1.136905479204467],[100.1744805205597,-1.13588112081702]]],[[[100.1720534706912,-1.134896024132173],[100.1708256685698,-1.136195209940885],[100.170904191975,-1.136587820671389],[100.1707507163726,-1.136145240910105],[100.1715323693234,-1.134960269001153],[100.1720534706912,-1.134896024132173]]],[[[100.3519956047134,-1.133448620157631],[100.349178330016,-1.131801472260088],[100.3511703427372,-1.124540544810218],[100.3557861572054,-1.123476775432744],[100.3519956047134,-1.133448620157631]]],[[[100.3382338559078,-1.123503924166672],[100.3379336406251,-1.123124450732751],[100.3386607577878,-1.122960533102082],[100.338719200231,-1.123191202012277],[100.3382338559078,-1.123503924166672]]],[[[100.3412798776643,-1.124641476622815],[100.339114309278,-1.122940668876707],[100.3410655521335,-1.119799979085714],[100.3424385848729,-1.122725622989032],[100.3412798776643,-1.124641476622815]]],[[[100.3556831479589,-1.119760803718053],[100.3552670388428,-1.119743478278837],[100.3566265116043,-1.119182072894345],[100.3565088928711,-1.119335290391257],[100.3556831479589,-1.119760803718053]]],[[[100.3828886381002,-1.121225162611131],[100.3798834356721,-1.119536437256732],[100.3802223532791,-1.118608693936077],[100.3814441569224,-1.118534095172288],[100.3828886381002,-1.121225162611131]]],[[[100.3682074476157,-1.117505525259757],[100.3697938454097,-1.120247434971036],[100.3646466701078,-1.117212958710992],[100.3674060986126,-1.116460380841813],[100.3682074476157,-1.117505525259757]]],[[[100.2973192623741,-1.077103088436695],[100.2962108533482,-1.07598614934126],[100.2974557686689,-1.074102005802915],[100.2981188675917,-1.075452195762219],[100.2973192623741,-1.077103088436695]]],[[[100.3968280659625,-1.042130496425189],[100.3966706917991,-1.041842495734516],[100.3972272777168,-1.041687134253769],[100.3972148050193,-1.041930890098433],[100.3968280659625,-1.042130496425189]]],[[[100.1742970004063,-1.040576000282181],[100.1715909997249,-1.038716999989544],[100.1716170000246,-1.034782000189141],[100.1761440001456,-1.037663999993546],[100.1742970004063,-1.040576000282181]]],[[[100.362748453978,-1.019730239558816],[100.3622455755729,-1.018855297234181],[100.3627049951395,-1.018394009775728],[100.3631441916512,-1.01900912627009],[100.362748453978,-1.019730239558816]]],[[[100.3388679660839,-0.990821196940653],[100.3416891474363,-0.994090943042528],[100.3377011317019,-0.99629920584359],[100.3371182639967,-0.991594217299221],[100.3388679660839,-0.990821196940653]]],[[[100.35430462306,-0.990642326282279],[100.3537980601324,-0.991657282257721],[100.3522921831378,-0.991873248151778],[100.354677369565,-0.989858765869281],[100.35430462306,-0.990642326282279]]],[[[100.2091652467787,-0.985084819109064],[100.206794920749,-0.98405531120356],[100.2076321050377,-0.981296091341546],[100.2104481296775,-0.983235274288388],[100.2091652467787,-0.985084819109064]]],[[[100.2309379783051,-0.956812863422821],[100.2298322879298,-0.956330896053961],[100.2305815652871,-0.955399362090839],[100.2311850373597,-0.955873229266027],[100.2309379783051,-0.956812863422821]]],[[[100.2357817277446,-0.954900631359015],[100.2354537917591,-0.954735092250639],[100.2355612202742,-0.953946146697218],[100.2360085358654,-0.95439661261352],[100.2357817277446,-0.954900631359015]]],[[[100.1397286446613,-0.951403799245901],[100.1379317299655,-0.948961434822307],[100.1410664347682,-0.947559585106708],[100.142028009685,-0.949784679619173],[100.1397286446613,-0.951403799245901]]],[[[100.2052667405677,-0.875923304217066],[100.2041362900578,-0.875096144671319],[100.2047578573893,-0.873609913366716],[100.206248956724,-0.874369353063178],[100.2052667405677,-0.875923304217066]]],[[[100.3022901381794,-0.859489803611504],[100.301148072026,-0.859221961224479],[100.3011973485788,-0.858176198073027],[100.3029384621403,-0.858318552659012],[100.3022901381794,-0.859489803611504]]],[[[100.4844190286153,-0.752743960365423],[100.5094440072352,-0.754667019367419],[100.5103840263018,-0.794950016330079],[100.5246350323809,-0.789916991076181],[100.5449370000426,-0.812084999822885],[100.549705985243,-0.827399017150901],[100.5354770332386,-0.846974044816287],[100.5421599772012,-0.859452983568312],[100.5556359826146,-0.85997101914719],[100.5655830114469,-0.902717028967695],[100.5393889906095,-0.957802027741364],[100.5270982349956,-0.964799782983564],[100.5251867340806,-1.000198230963514],[100.4774250028617,-1.004505056363206],[100.425337805995,-1.072407861133831],[100.420630243591,-1.102330645642693],[100.4319485281022,-1.115821944027465],[100.3967839722026,-1.133820861243676],[100.360287587802,-1.133235053654749],[100.3744811667725,-1.119940222063567],[100.3826751543349,-1.129068523393586],[100.388375426185,-1.124454062404981],[100.3717422742866,-1.102481027577332],[100.3644237038909,-1.075682615560217],[100.3813558605846,-1.063534068842189],[100.3890380475679,-1.077056139329338],[100.3975651116406,-1.06614323772021],[100.4091264793036,-1.074718560313295],[100.4146885019729,-1.05942281810856],[100.4054505067356,-1.053150056729704],[100.4126435218811,-1.043160606876439],[100.3985952688566,-1.029142200552061],[100.3852214641993,-1.04313817328803],[100.3783100132965,-1.041241358301972],[100.3916016298114,-1.009367151972443],[100.3824823540774,-0.993356590833974],[100.3646977102312,-1.00566469886674],[100.359129605447,-0.976522433263652],[100.3469128091788,-0.965794521300081],[100.3531523936681,-0.957501381683359],[100.341465834081,-0.882571587408767],[100.3246375661708,-0.849907985864798],[100.2910658849827,-0.816634304929201],[100.2978049754194,-0.805716348230836],[100.3674425580277,-0.800445938828956],[100.3853790991662,-0.755616618911839],[100.457887500308,-0.726059443888152],[100.4766029739482,-0.733448993276367],[100.4772240133776,-0.748838011365097],[100.4844190286153,-0.752743960365423]]]]}},{"type":"Feature","properties":{"kode":"13.72","nama":"Kota Solok","lat":-0.7828670008969798,"lng":100.62986603657843},"geometry":{"type":"MultiPolygon","coordinates":[[[[100.6848052834371,-0.762465373578072],[100.6709040003194,-0.770697999612915],[100.6797580003315,-0.805573999940082],[100.6702666004233,-0.810038507970726],[100.6416399997862,-0.805015999388806],[100.6361470000841,-0.795201000026127],[100.6068167518917,-0.806609199654831],[100.5976730002088,-0.797193000156751],[100.591609700827,-0.807230902783898],[100.561340000141,-0.81904699981912],[100.5414660000559,-0.808992000180611],[100.564921800201,-0.79124569443321],[100.5643702001247,-0.799846500215809],[100.5707859995743,-0.786741999343723],[100.6053489998565,-0.783532999748074],[100.6290409997424,-0.771947999700354],[100.628113000115,-0.759569999955525],[100.6437380003086,-0.744800999666387],[100.6816549996785,-0.743052999995866],[100.6848052834371,-0.762465373578072]]]]}},{"type":"Feature","properties":{"kode":"13.73","nama":"Kota Sawahlunto","lat":-0.6526981455630663,"lng":100.75440600181145},"geometry":{"type":"MultiPolygon","coordinates":[[[[100.7917881870752,-0.559633968232978],[100.8132889995877,-0.582232999553225],[100.7989614423168,-0.597174542870762],[100.8095339784105,-0.623070576046183],[100.7890504502182,-0.670668527230658],[100.7936493241571,-0.696354876276464],[100.8041679512899,-0.707402592555598],[100.7998793920204,-0.717032316288327],[100.8118916671668,-0.735511110848977],[100.8095779750435,-0.772782021972754],[100.7797210173112,-0.764836957759377],[100.7645789953244,-0.742958993862411],[100.7461899692917,-0.738722034993858],[100.7376219653815,-0.724544996354462],[100.7142459845646,-0.735844028179303],[100.6943609731804,-0.721722018156592],[100.7066499949014,-0.671234981409244],[100.7245279982686,-0.66191699237528],[100.7017229961194,-0.656656023156879],[100.6886070315893,-0.637375961431433],[100.7019350148891,-0.611108043301536],[100.7051144816481,-0.570745557061761],[100.7313666670382,-0.556705556216366],[100.7728611110515,-0.560277777597287],[100.7826666666334,-0.54772222200288],[100.7917881870752,-0.559633968232978]]]]}},{"type":"Feature","properties":{"kode":"13.74","nama":"Kota Padang Panjang","lat":-0.47245437216216074,"lng":100.40229566530131},"geometry":{"type":"MultiPolygon","coordinates":[[[[100.3981416975814,-0.449232269353653],[100.4101697378432,-0.459777764632088],[100.413049105332,-0.452252577694237],[100.4331849942921,-0.458447605272719],[100.4354210668288,-0.483158078382553],[100.41723399885,-0.478337010744381],[100.4062836539676,-0.490711072358055],[100.37418231756,-0.488515626694744],[100.3653377271544,-0.477346253726621],[100.3773691533638,-0.462089763331866],[100.3961122685664,-0.460091685582745],[100.3981416975814,-0.449232269353653]]]]}},{"type":"Feature","properties":{"kode":"13.75","nama":"Kota Bukittinggi","lat":-0.2995833927724919,"lng":100.37253702334122},"geometry":{"type":"MultiPolygon","coordinates":[[[[100.3478098847185,-0.275789248874661],[100.3949653397787,-0.285340931238911],[100.4078533252708,-0.322066380159283],[100.3705213187039,-0.321943781880021],[100.3326330122038,-0.279591640941382],[100.3364794377759,-0.271070854136537],[100.3478098847185,-0.275789248874661]]]]}},{"type":"Feature","properties":{"kode":"13.76","nama":"Kota Payakumbuh","lat":-0.22698536472630126,"lng":100.63211796975128},"geometry":{"type":"MultiPolygon","coordinates":[[[[100.6363594172533,-0.184088457316436],[100.6609437478557,-0.186274241562925],[100.6856130509017,-0.207720958055704],[100.6752788801163,-0.220613251300408],[100.6746827689947,-0.242705196287732],[100.6476229528371,-0.24844192485485],[100.649751103131,-0.276974361977159],[100.5969455466997,-0.26611325142534],[100.5896329711848,-0.23978224585395],[100.6006480978315,-0.219898168865365],[100.5827409510341,-0.209345436742472],[100.5924043130087,-0.193302613324844],[100.6209059141767,-0.201949796246017],[100.6363594172533,-0.184088457316436]]]]}},{"type":"Feature","properties":{"kode":"13.77","nama":"Kota Pariaman","lat":-0.6085969536801447,"lng":100.13810074979439},"geometry":{"type":"MultiPolygon","coordinates":[[[[100.1038406893964,-0.670897429872477],[100.1048073149057,-0.670850182190089],[100.1057519151189,-0.670383942165101],[100.103611117659,-0.669455452407133],[100.1038406893964,-0.670897429872477]]],[[[100.1115880196715,-0.659274990148598],[100.111368838701,-0.660780794298146],[100.1106931663567,-0.661201435098116],[100.1101516683649,-0.659685819345038],[100.1115880196715,-0.659274990148598]]],[[[100.1022019771396,-0.64861944483148],[100.1009003631613,-0.647940230956825],[100.1007170003893,-0.646388000205958],[100.1026359998516,-0.646432000436439],[100.1022019771396,-0.64861944483148]]],[[[100.1000214521283,-0.634045759304305],[100.0986060001668,-0.634197000091399],[100.0980970801162,-0.633379035214235],[100.0996934343046,-0.632436879358503],[100.1000214521283,-0.634045759304305]]],[[[100.0753279995876,-0.596746999774192],[100.0745830003053,-0.596317999775822],[100.0749969897193,-0.595456020279064],[100.075654000232,-0.595860000238771],[100.0753279995876,-0.596746999774192]]],[[[100.1282651700017,-0.549589074276271],[100.1361525525983,-0.560315320695429],[100.1312240033852,-0.569196958672682],[100.145471010179,-0.574631631944181],[100.1422198692516,-0.585520253656727],[100.1632651526647,-0.593056075077738],[100.1804571154037,-0.609135222112725],[100.1776599972111,-0.621772948762514],[100.1860841671506,-0.623111943961055],[100.1738073438339,-0.622339393048479],[100.1727191308832,-0.652008153253616],[100.1643622644071,-0.65008872211674],[100.1531968763348,-0.666037828083235],[100.1578353051553,-0.669876658880655],[100.1590661137102,-0.674377476139545],[100.1584828700885,-0.676159211178609],[100.1250708716235,-0.643595241027553],[100.0922671853824,-0.572237020621971],[100.0933710861068,-0.565508035867149],[100.1282651700017,-0.549589074276271]]]]}}]}