{"type":"FeatureCollection","features":[{"type":"Feature","properties":{"kode":"18.01","nama":"Kabupaten Lampung Selatan","lat":-5.529926934004818,"lng":105.501200140475},"geometry":{"type":"MultiPolygon","coordinates":[[[[105.4175157482532,-6.151299791252355],[105.417860769559,-6.151311688383635],[105.4169657246885,-6.151632704085922],[105.4170077248267,-6.151319704041017],[105.4175157482532,-6.151299791252355]]],[[[105.4500711658517,-6.13686276400525],[105.4575086491049,-6.135400002308148],[105.4646748869365,-6.14931758383939],[105.452388558685,-6.167562467433888],[105.4334507015887,-6.166117536594999],[105.4192616093359,-6.155423580333944],[105.4201865467718,-6.141785716737384],[105.4299872828869,-6.146019608917789],[105.4448956250332,-6.13312299982656],[105.4500711658517,-6.13686276400525]]],[[[105.4229717561416,-6.090559463348447],[105.4354586161222,-6.103095930832473],[105.4249043632459,-6.109577968948069],[105.4158625236367,-6.096293211562357],[105.4229717561416,-6.090559463348447]]],[[[105.4535088351646,-6.080351230924545],[105.4652027260251,-6.08798830431672],[105.4533668187238,-6.108590328081113],[105.45017248797,-6.081847493267193],[105.4535088351646,-6.080351230924545]]],[[[105.3952651044011,-6.091294684302166],[105.3654040385656,-6.111919050823448],[105.3576505560284,-6.108273751432395],[105.3818815663812,-6.08026512083855],[105.4033709763895,-6.074011021291507],[105.3952651044011,-6.091294684302166]]],[[[105.3776639995939,-5.977726000354603],[105.3764120003136,-5.978212000283526],[105.3763429998296,-5.977104000449244],[105.3769000003348,-5.976826000219652],[105.3776639995939,-5.977726000354603]]],[[[105.377723999663,-5.974955000272945],[105.3758549998084,-5.974957000365214],[105.3758549998084,-5.974124999768885],[105.3776560001243,-5.973431000140542],[105.377723999663,-5.974955000272945]]],[[[105.4671676511662,-5.964315054596073],[105.4666207869199,-5.964091338344505],[105.4670185057994,-5.96334561330936],[105.4674659410005,-5.963793047611058],[105.4671676511662,-5.964315054596073]]],[[[105.4644581871956,-5.958722124026731],[105.4639858947333,-5.958871267594893],[105.4638989257949,-5.958240857229739],[105.464433329035,-5.958299546986438],[105.4644581871956,-5.958722124026731]]],[[[105.5148397496548,-5.929639124645884],[105.5141671988572,-5.929585731895929],[105.5142266854132,-5.928859996091854],[105.5146127140056,-5.92902025707918],[105.5148397496548,-5.929639124645884]]],[[[105.4952429341142,-5.920964084324946],[105.5101318778839,-5.926351791401955],[105.5165143898273,-5.946581003010802],[105.5025359466766,-5.967444548726934],[105.4855822179451,-5.971556966780581],[105.4683548920647,-5.963103568874554],[105.4638477183975,-5.94591255402113],[105.4772578250886,-5.926128058962713],[105.4952429341142,-5.920964084324946]]],[[[105.7035357073071,-5.888938417773718],[105.7030112469715,-5.888514284906225],[105.702881577323,-5.887792089733138],[105.7036368990237,-5.888331756705138],[105.7035357073071,-5.888938417773718]]],[[[105.7386921306374,-5.885977908953314],[105.7398363479691,-5.888547477983667],[105.7393088892938,-5.889998931605404],[105.7369970686598,-5.887710879153722],[105.7386921306374,-5.885977908953314]]],[[[105.7711317937973,-5.884888269677883],[105.7715809925688,-5.88529923826913],[105.7716555859366,-5.885631680757423],[105.7710321498139,-5.885274720951531],[105.7711317937973,-5.884888269677883]]],[[[105.7865324679991,-5.882503811701482],[105.7879223837111,-5.890538765851331],[105.7753921341398,-5.885162571895179],[105.7775873378854,-5.88356534356567],[105.7865324679991,-5.882503811701482]]],[[[105.7646945068461,-5.879370604269933],[105.7668404052606,-5.887968048386653],[105.7489435323182,-5.901012524908004],[105.7563431496167,-5.884257809849983],[105.7646945068461,-5.879370604269933]]],[[[105.5418437242085,-5.884541435338945],[105.5391192406605,-5.883998918415293],[105.5388670176987,-5.87920192382965],[105.5406087841681,-5.88106504211792],[105.5418437242085,-5.884541435338945]]],[[[105.7705671310684,-5.883238983192455],[105.7687671146108,-5.88207270818886],[105.7699525712542,-5.877728397247654],[105.7730281959945,-5.880137407615197],[105.7705671310684,-5.883238983192455]]],[[[105.7566703670439,-5.872957864313903],[105.7566477140208,-5.872603393831514],[105.7574096295508,-5.872284167780054],[105.756919714873,-5.872858712259691],[105.7566703670439,-5.872957864313903]]],[[[105.7725319527875,-5.871796423166379],[105.7727357346665,-5.873839110886151],[105.7716457149778,-5.874207387760658],[105.7710854697187,-5.873547288976137],[105.7725319527875,-5.871796423166379]]],[[[105.7699828721119,-5.870758200830276],[105.7696945818396,-5.872970259669755],[105.7672441711816,-5.872997887742296],[105.7679818742642,-5.8711493465651],[105.7699828721119,-5.870758200830276]]],[[[105.7598246222086,-5.860662675941678],[105.7601113062919,-5.86082362670897],[105.7594750386422,-5.860872133442178],[105.7595909216838,-5.860418278880423],[105.7598246222086,-5.860662675941678]]],[[[105.6918961840617,-5.853076577022324],[105.6915515863367,-5.852931820347144],[105.6915152402362,-5.852727675142048],[105.6921201988881,-5.852676272591832],[105.6918961840617,-5.853076577022324]]],[[[105.7674189975888,-5.85252786826647],[105.7665475743111,-5.852378671638351],[105.7677184205687,-5.851666061439501],[105.7677308518974,-5.85179108878762],[105.7674189975888,-5.85252786826647]]],[[[105.6932201084213,-5.852250392341655],[105.6934521146234,-5.853068502009665],[105.6926007102547,-5.85248716585001],[105.6940052165676,-5.850284046271685],[105.6932201084213,-5.852250392341655]]],[[[105.6820586746681,-5.852497215773837],[105.68218091142,-5.84961129042865],[105.683577872421,-5.848782891617147],[105.6827918559595,-5.852225208626364],[105.6820586746681,-5.852497215773837]]],[[[105.7751436946259,-5.846889665825365],[105.7751062711376,-5.847049598560065],[105.7747176039344,-5.847162012017185],[105.7747367496014,-5.846812662274451],[105.7751436946259,-5.846889665825365]]],[[[105.7751295743704,-5.846678645303242],[105.7750644058977,-5.846634368081619],[105.7751348785719,-5.846575604580443],[105.7751694134378,-5.846635031781292],[105.7751295743704,-5.846678645303242]]],[[[105.5282545472097,-5.849262687123228],[105.5345183162673,-5.84877064105214],[105.5295500008319,-5.861812466372188],[105.5444716007838,-5.865167505975569],[105.5320008458624,-5.873105388203007],[105.5298022237936,-5.892557482141995],[105.5043905717675,-5.902471852993577],[105.49237201036,-5.876987697624062],[105.5050582086695,-5.873633629288547],[105.50555789628,-5.85617314427516],[105.5186139983374,-5.861962371666055],[105.524146245353,-5.846157991797866],[105.5282545472097,-5.849262687123228]]],[[[105.7865000906068,-5.845864890152511],[105.7924132778505,-5.850567678955158],[105.7869733732227,-5.867532620433983],[105.7800211299712,-5.867347415850491],[105.7743117560828,-5.858518812692973],[105.7865000906068,-5.845864890152511]]],[[[105.7768578483111,-5.844730379203592],[105.7768230832188,-5.84557945163036],[105.775242849378,-5.8460200816614],[105.7764282322772,-5.844708829648741],[105.7768578483111,-5.844730379203592]]],[[[105.7944938899811,-5.844616881164092],[105.7949399797963,-5.845666729036284],[105.7929555141857,-5.846181946139843],[105.7932194229381,-5.845141500679655],[105.7944938899811,-5.844616881164092]]],[[[105.482429078839,-5.844688508567745],[105.4818654197534,-5.844496107609202],[105.4822107000638,-5.843790727959667],[105.4827809116099,-5.844069767805474],[105.482429078839,-5.844688508567745]]],[[[105.5495540869516,-5.818572622628419],[105.5497368139029,-5.819443194248012],[105.5477293993923,-5.819847289320882],[105.5477332044239,-5.8186044379444],[105.5495540869516,-5.818572622628419]]],[[[105.5453897330498,-5.816306036993949],[105.5441518063609,-5.816510666933698],[105.5447126433738,-5.815095000034169],[105.5450286426578,-5.815124999619029],[105.5453897330498,-5.816306036993949]]],[[[105.5435146339932,-5.813880025842514],[105.5431820476134,-5.814880521618696],[105.5414284019992,-5.815567909431411],[105.5417501560449,-5.813852487702124],[105.5435146339932,-5.813880025842514]]],[[[105.7953722928971,-5.792099107787489],[105.79531341788,-5.791901936824909],[105.7955182951333,-5.791831985757482],[105.7955089179023,-5.791998404402835],[105.7953722928971,-5.792099107787489]]],[[[105.8039030711699,-5.779726048018644],[105.8042718471681,-5.780046536718223],[105.8040246118464,-5.780389059707306],[105.8036449009915,-5.779976298767123],[105.8039030711699,-5.779726048018644]]],[[[105.8048987178016,-5.750999843867603],[105.806699923163,-5.751660930107753],[105.807280542563,-5.752856158784673],[105.8057304917688,-5.752741344137728],[105.8048987178016,-5.750999843867603]]],[[[105.8050293173492,-5.742341259341614],[105.805549190243,-5.743579825448534],[105.8050795552773,-5.74404985881383],[105.8043785571247,-5.743457448402437],[105.8050293173492,-5.742341259341614]]],[[[105.8106152502936,-5.739300283681085],[105.8110862648194,-5.742439136157155],[105.8082353563766,-5.741674351789853],[105.8088595110577,-5.739020114286823],[105.8106152502936,-5.739300283681085]]],[[[105.5173005798579,-5.686578821055725],[105.5171677589849,-5.686780278187235],[105.5167732300006,-5.686743906006412],[105.5172564069577,-5.6864078500422],[105.5173005798579,-5.686578821055725]]],[[[105.5173665918947,-5.686368812270785],[105.5173306001271,-5.686266627702689],[105.5174294149356,-5.686156518308642],[105.5174859499167,-5.686245130308424],[105.5173665918947,-5.686368812270785]]],[[[105.5169645337863,-5.685991013374529],[105.5172253443742,-5.686218665059321],[105.516799494701,-5.686501895745869],[105.5166262645905,-5.686068434210848],[105.5169645337863,-5.685991013374529]]],[[[105.8385061479405,-5.687865158250442],[105.8380748519729,-5.686926519643158],[105.838634619692,-5.685887387193115],[105.8387155397904,-5.687268024599649],[105.8385061479405,-5.687865158250442]]],[[[105.8372420338928,-5.677901304001923],[105.8388346190225,-5.679243267862492],[105.8380981471119,-5.683762710080912],[105.8360015378408,-5.680066258151299],[105.8372420338928,-5.677901304001923]]],[[[105.3436012921659,-5.55994219727454],[105.3439990704008,-5.560066365770115],[105.3445437798716,-5.566957109782748],[105.3411579870515,-5.562721166248767],[105.3429394459987,-5.554613683574575],[105.3436012921659,-5.55994219727454]]],[[[105.3500536355669,-5.552610923055638],[105.3517322714272,-5.553555888393439],[105.3505430637115,-5.558380505655761],[105.3473697411207,-5.554384671215543],[105.3500536355669,-5.552610923055638]]],[[[105.3447318532924,-5.548590607270646],[105.343052080689,-5.547886689019403],[105.3433579778884,-5.545192377725953],[105.3452363765576,-5.546137952804279],[105.3447318532924,-5.548590607270646]]],[[[105.2827128306327,-5.179441512715568],[105.2784859621575,-5.197733379591776],[105.287714614338,-5.202182740341124],[105.286254103644,-5.214121010276321],[105.3038888889611,-5.220611110814025],[105.3198995670115,-5.210009172285426],[105.3312499995879,-5.231111111188794],[105.3567078461902,-5.230729789648051],[105.358944128269,-5.22140901631303],[105.3873899372958,-5.206361347598046],[105.3944614369459,-5.215130082886946],[105.400783255443,-5.210218947246561],[105.4178715524303,-5.216768916552253],[105.4175612251705,-5.226137948407564],[105.4373731486519,-5.235437048081319],[105.4324008744009,-5.24735962844403],[105.4539132980603,-5.247431487872837],[105.4555796150073,-5.276213785437792],[105.4161388888987,-5.303555556143972],[105.4708055563314,-5.303694443843447],[105.4738375063959,-5.288429102321216],[105.4817210003239,-5.286179545349671],[105.4901944441184,-5.309388888985981],[105.541637304618,-5.340015718550521],[105.5230939819018,-5.373102567129687],[105.5325555557943,-5.425111111088902],[105.5167777778722,-5.461222222327659],[105.5277777779221,-5.468277777897049],[105.537221288032,-5.453418802235869],[105.5857834797239,-5.455242317978541],[105.5877052347089,-5.47580215094852],[105.6002899733037,-5.486805813037757],[105.6557335209853,-5.493112728869302],[105.6602851346513,-5.554250359266603],[105.6690429440767,-5.565316678921554],[105.7252570335853,-5.594800116731927],[105.7363256896789,-5.592109293009421],[105.7338094837208,-5.600801796365732],[105.7400343454088,-5.595372506436006],[105.7415686400808,-5.601350870246406],[105.7478301140686,-5.588131900067043],[105.7530029614176,-5.59968670717577],[105.7560135363957,-5.59101202118775],[105.7539636837771,-5.608321539707254],[105.7645234863699,-5.603351446312192],[105.7646964313952,-5.618737227740826],[105.7844983571136,-5.616532134150613],[105.7850205250773,-5.609016262390546],[105.7925613602187,-5.614240851334155],[105.7891401467005,-5.599904850328556],[105.7984821674182,-5.603500811113519],[105.8051146711053,-5.582646263114536],[105.8260643080214,-5.578793728447788],[105.8099974340344,-5.647495322750888],[105.8089547339738,-5.688697232591159],[105.792451542205,-5.721212381246302],[105.7990298086788,-5.794407959759499],[105.7825855899531,-5.807652458094451],[105.7791097516138,-5.835960609694339],[105.756321776329,-5.869007669568286],[105.7370012918762,-5.880401379320136],[105.7180891086255,-5.907851496749109],[105.7147416026429,-5.85972164064115],[105.705707384788,-5.848507206242529],[105.6863772937771,-5.848995161297647],[105.6743729956173,-5.837639149327226],[105.6152136920583,-5.83534861384745],[105.5846042625767,-5.805655335425345],[105.5801402635624,-5.765886183200734],[105.5895951698812,-5.735291441446825],[105.5545767097475,-5.697409037197224],[105.5612589657288,-5.669592149258199],[105.5470893473956,-5.675263317248262],[105.5406124911736,-5.667501075314333],[105.5300964307058,-5.692573261147053],[105.5179238873775,-5.69244810519585],[105.502331311341,-5.669002953923189],[105.4671718033361,-5.657832618680362],[105.4701151656824,-5.647015966113925],[105.4564874985993,-5.648702326251324],[105.4454837393831,-5.635956123376288],[105.4084645323124,-5.62218290012069],[105.3816597018338,-5.587568189720108],[105.3651921555936,-5.55853143437817],[105.3642976287326,-5.539628213770945],[105.3455397853329,-5.519771756761108],[105.3506735157702,-5.51495026464293],[105.3423193616493,-5.493632957894671],[105.3274055363364,-5.477213171050969],[105.3271951057696,-5.450663898220291],[105.342979419065,-5.431945654668161],[105.3371250825566,-5.423065439418443],[105.3419436078113,-5.419959839375092],[105.32506517212,-5.40580253725718],[105.3238466006402,-5.388796018321588],[105.3156854662114,-5.387921712716873],[105.3060406653445,-5.358309852617519],[105.2907740269998,-5.36892872717896],[105.2950274191801,-5.347474772042985],[105.2770177379782,-5.341608524913414],[105.2711806990301,-5.353151735264276],[105.2605563502954,-5.350704761815254],[105.2621810682018,-5.329671112032112],[105.2539536798186,-5.326557588961548],[105.2238070135828,-5.367705888416],[105.2113547109512,-5.369802500385016],[105.2016351332549,-5.347126479003776],[105.1676175286261,-5.348308237634995],[105.1650756002588,-5.3266652782799],[105.152295599962,-5.326666943824402],[105.1413941161456,-5.312771135779285],[105.114842391763,-5.312461013564888],[105.1449744691965,-5.252570172675312],[105.171675800298,-5.270882777917833],[105.1673260997198,-5.23838861134525],[105.1530338606242,-5.226225894009742],[105.1691640531785,-5.196056674575791],[105.1948187955511,-5.20038438133408],[105.2185983903036,-5.17937019917534],[105.2827128306327,-5.179441512715568]]]]}},{"type":"Feature","properties":{"kode":"18.02","nama":"Kabupaten Lampung Tengah","lat":-4.856302771215638,"lng":105.27207781855606},"geometry":{"type":"MultiPolygon","coordinates":[[[[105.9105033861224,-4.929896364225764],[105.9114278109447,-4.930162211017189],[105.9069732026512,-4.930586387951388],[105.9082457109708,-4.930090856108007],[105.9105033861224,-4.929896364225764]]],[[[105.644932847573,-4.482683140214741],[105.6455774528372,-4.508907303629053],[105.6704908597655,-4.499824076319994],[105.6741809597835,-4.486057364155974],[105.6834205836931,-4.485971105681921],[105.6973308969034,-4.495395659881732],[105.6929221918058,-4.512531531005306],[105.7062972743997,-4.518187218065675],[105.7081705568258,-4.528144697919403],[105.7242771619616,-4.528063239127158],[105.731401316018,-4.537353329392582],[105.751925072684,-4.521485523937743],[105.7587455032025,-4.532056336930326],[105.773280443238,-4.532277842648272],[105.7714316178749,-4.553227086560765],[105.7837913164162,-4.556581973279419],[105.78915277588,-4.549380171757525],[105.7984496587249,-4.558060400267186],[105.793557865703,-4.57959012418481],[105.8045948099026,-4.585965681670848],[105.7790138407163,-4.604800962094638],[105.7787917774186,-4.622847255596321],[105.7813900600034,-4.634284241624423],[105.8036118410137,-4.653377467396139],[105.8166104925803,-4.650040755976084],[105.8145125693996,-4.696614785843581],[105.8204363821334,-4.70407898255896],[105.8097986829629,-4.706046806215072],[105.8043537232458,-4.723488229198372],[105.8134482127649,-4.748782068237814],[105.7958674308373,-4.754328486770179],[105.7841967910491,-4.739603126982653],[105.7617478979472,-4.738025871696541],[105.7572026712663,-4.73113878522671],[105.7472237425817,-4.731558494329027],[105.7360630309841,-4.745865380682782],[105.719351247762,-4.735090463853789],[105.6830567638586,-4.746148576295697],[105.6788152580178,-4.782199123590638],[105.6636740130454,-4.782580621398472],[105.6491252270476,-4.794259152737615],[105.6540018709896,-4.807950389298979],[105.6348705409427,-4.832429919205408],[105.6374187906447,-4.851452789214841],[105.6246563181346,-4.859974700172279],[105.6045606450578,-4.852050259212051],[105.5906097544367,-4.882223405086064],[105.5530352762571,-4.878012262156142],[105.5545352438066,-4.893843357285091],[105.5479276657292,-4.899406590441727],[105.5348344306645,-4.885616709043886],[105.5365349776072,-4.893941039847041],[105.5084703965915,-4.891331915035815],[105.4938125641985,-4.898619124273099],[105.4657610404397,-4.888669821055361],[105.4461743170911,-4.90061338440009],[105.438833843707,-4.883649755032129],[105.4327973648067,-4.885476096444632],[105.3994126868461,-4.920547723598537],[105.415767520155,-4.960959989112171],[105.3877850814165,-4.959197417726616],[105.3796882638024,-4.966603697202812],[105.3654243551499,-4.955299446612107],[105.3606081087773,-4.966735205964914],[105.3473673318369,-4.963420886764494],[105.3271437499842,-4.9864538067977],[105.3201584638421,-5.005161199129995],[105.3633391079135,-5.011185348325123],[105.3648055604284,-5.020237502258842],[105.3581632370438,-5.022220082890419],[105.3661043334483,-5.025584702072264],[105.3656055829314,-5.028882332553566],[105.3023347408556,-5.062485711246525],[105.2687835237407,-5.095674295632227],[105.2716539411765,-5.105313062048181],[105.2911804809945,-5.109856774270652],[105.2744522149978,-5.131883722555733],[105.2755987507818,-5.146522334637973],[105.262202322779,-5.158565050936284],[105.2747555689144,-5.158760801869436],[105.279116029881,-5.169620068811101],[105.2870839476662,-5.16973891961541],[105.283263927988,-5.175726659757521],[105.2553687207899,-5.178736184327429],[105.2413240182889,-5.167730798237693],[105.2248862782792,-5.169475275263727],[105.226601000336,-5.154290436554357],[105.1905496049803,-5.121805380114155],[105.1659588837955,-5.135369775394752],[105.1534670523627,-5.13711438282243],[105.1483983411106,-5.130395910243005],[105.1376506971221,-5.163989927892823],[105.1161314772859,-5.157894982267555],[105.1156340595643,-5.148089225237554],[105.1000717502112,-5.160574386398745],[105.0926485230111,-5.150701643366132],[105.1033597714363,-5.139743755869544],[105.0947795529341,-5.134620939604664],[105.0837129733751,-5.143341347125466],[105.0834196486978,-5.116770177601529],[105.0715469159574,-5.133968878960518],[105.0801943362996,-5.146457948575359],[105.0661014760024,-5.152482290225427],[105.0411114342454,-5.184451677203031],[105.0585745533729,-5.194194321610615],[105.0453315461141,-5.211918073260405],[104.9257728719205,-5.266689898420011],[104.9103654635954,-5.247160878271887],[104.8878333328421,-5.245277777947059],[104.8718356445994,-5.232743098315299],[104.8613895612793,-5.201817209996198],[104.8237912402736,-5.198748031596326],[104.8117951978901,-5.173127038981631],[104.7944145591846,-5.165067054001307],[104.7882192258367,-5.145029674080151],[104.7591870012792,-5.132965247248292],[104.750690539337,-5.118138087802462],[104.7213071915737,-5.12500215612455],[104.7006825408666,-5.155831575966443],[104.6832135176897,-5.156777567430806],[104.6524295432888,-5.13251488385478],[104.617221802844,-5.131633604007549],[104.6086802479951,-5.13797192956085],[104.5938744321594,-5.13198647099882],[104.5475684020601,-5.094083056787627],[104.5657566787278,-5.091959700779539],[104.5739943022953,-5.073550588388878],[104.5904514730571,-5.069288142733599],[104.6331683574338,-5.089501628797136],[104.6580933773076,-5.079227389732191],[104.6853435502647,-5.083401237776888],[104.6972651422725,-5.063698098988015],[104.7137465983269,-5.070166542951496],[104.728695911787,-5.050689999144067],[104.7473532523508,-5.049422807616446],[104.767527854427,-5.035815197213525],[104.7874762743107,-5.000116703922666],[104.8129330021564,-4.979910630970766],[104.8368874916645,-4.975147169406283],[104.8646905039636,-4.980612748779281],[104.8478138750104,-4.997513353658325],[104.8755155166279,-4.981962508862628],[104.8830610156535,-4.989644793872097],[104.9023116704473,-4.985330780191324],[104.9080776080952,-4.976362056363806],[104.9036354077479,-4.958573639861521],[104.9323411945905,-4.91959716177959],[104.9652134658289,-4.912871441563718],[104.9679295622995,-4.921609545044417],[104.9845518737701,-4.924376655558119],[105.0097533065699,-4.915408172748917],[104.9945959430484,-4.938219876645958],[104.9964129180218,-4.949358409163176],[105.0356798942118,-4.964299820280418],[105.0439810323988,-4.936036401858404],[105.0561511025914,-4.924642337773635],[105.057995495196,-4.87105991278465],[105.0698945510928,-4.862191550599595],[105.1214403560877,-4.763326731743225],[105.1238040469193,-4.723940523436346],[105.1422183960622,-4.706065737843426],[105.1431405339086,-4.675614901106753],[105.1551588282174,-4.677024475998762],[105.1665604960701,-4.667752755285351],[105.1800986320462,-4.640243114428147],[105.1706208056058,-4.619820189749893],[105.1797256157447,-4.600138637388154],[105.1989204478205,-4.602775160944875],[105.196033055681,-4.594317222361857],[105.2153654093862,-4.59911839789571],[105.2121257204257,-4.6354271828182],[105.244742796443,-4.640563309049453],[105.2619129371324,-4.635541099941756],[105.2629398576884,-4.622461167648753],[105.2728529479052,-4.625821079778961],[105.2933375993507,-4.616937373361088],[105.3120649998,-4.579702338891758],[105.3279813974236,-4.575619935711453],[105.3398560088478,-4.552968544062955],[105.3533299026529,-4.550685129415191],[105.3535108336581,-4.538887332684263],[105.3692346639486,-4.521371376587682],[105.4023103096731,-4.511942729573251],[105.4117463662019,-4.518674203651488],[105.4151734585883,-4.510065039569858],[105.4438029100763,-4.502785842392656],[105.4516383811065,-4.492601313399883],[105.4644333650078,-4.496882482940181],[105.4721571384412,-4.489791345693986],[105.4781342890662,-4.496857292030379],[105.4915111109491,-4.482497646948749],[105.497103618837,-4.494809104956213],[105.5103446835604,-4.491644798968222],[105.53495233808,-4.509095784442854],[105.5338153845724,-4.520442384108739],[105.5705726191312,-4.519281573385816],[105.5812762997615,-4.535428224432961],[105.5873091966622,-4.515342416918935],[105.5968409707342,-4.513912642354503],[105.603003181152,-4.521968869967344],[105.620202430198,-4.518134588840164],[105.6270803678647,-4.487419321744282],[105.644932847573,-4.482683140214741]]]]}},{"type":"Feature","properties":{"kode":"18.03","nama":"Kabupaten Lampung Utara","lat":-4.796778717707592,"lng":104.80737472768482},"geometry":{"type":"MultiPolygon","coordinates":[[[[104.8397768461246,-4.504430407437335],[104.8805514898594,-4.512844952832287],[104.8926587217227,-4.524642222560507],[104.930628897106,-4.513938726291114],[104.9511575991439,-4.516899105609154],[104.9807227277717,-4.535008387626929],[104.9882838174443,-4.582536133235918],[104.9940686390565,-4.582285618086759],[104.9886729639862,-4.584694751661436],[104.9944378539239,-4.58450550912193],[104.9880218350397,-4.58852988984251],[105.0003237467436,-4.608263848397856],[104.9790208633223,-4.62745028710099],[104.9949864916334,-4.636492397406203],[105.0054328123745,-4.629321275356515],[105.0109812292004,-4.638687283691104],[105.0023138960695,-4.651994569993326],[105.0163735012361,-4.651474144016523],[105.0381939094214,-4.671783165960244],[105.0450405515803,-4.669631388677578],[105.0720092826024,-4.705949891674058],[105.0858570686489,-4.702164761194785],[105.1253830010247,-4.726212830557655],[105.1238045037749,-4.757500536820272],[105.0698945510928,-4.862191550599595],[105.057995495196,-4.87105991278465],[105.0561511025914,-4.924642337773635],[105.0439810323988,-4.936036401858404],[105.0356798942118,-4.964299820280418],[104.9964129180218,-4.949358409163176],[104.9945959430484,-4.938219876645958],[105.0097533065699,-4.915408172748917],[104.9845518737701,-4.924376655558119],[104.9679295622995,-4.921609545044417],[104.9652134658289,-4.912871441563718],[104.9323411945905,-4.91959716177959],[104.9036354077479,-4.958573639861521],[104.9080776080952,-4.976362056363806],[104.9023116704473,-4.985330780191324],[104.8830610156535,-4.989644793872097],[104.8755155166279,-4.981962508862628],[104.8478138750104,-4.997513353658325],[104.8646905039636,-4.980612748779281],[104.8368874916645,-4.975147169406283],[104.8075436124478,-4.981703683078445],[104.7873370268823,-5.00029257803998],[104.7676526155758,-5.035705803679827],[104.7473532523508,-5.049422807616446],[104.728695911787,-5.050689999144067],[104.7137465983269,-5.070166542951496],[104.6974489313232,-5.063616151863906],[104.682374749695,-5.084510306905068],[104.6580933773076,-5.079227389732191],[104.6469481241566,-5.088109290311474],[104.6281548888371,-5.088724124418745],[104.614252149717,-5.076516487745655],[104.5925444670536,-5.072183853601933],[104.5667998257514,-5.021703086927845],[104.5373015536239,-5.013804916063938],[104.5171724770282,-5.02636969960191],[104.5015696082509,-5.018046909337295],[104.4943569600057,-5.000439082097932],[104.4962894735804,-4.966468065049126],[104.5465452550595,-4.86641570132347],[104.5470081819821,-4.851849310197467],[104.5568163518932,-4.844708524978428],[104.5488901770401,-4.831914094160064],[104.6027777995559,-4.823611110564199],[104.6118024189465,-4.831973342395804],[104.6220733431103,-4.822420132083385],[104.6214125734316,-4.796091989054021],[104.6459494872791,-4.778927279370373],[104.63381228371,-4.762134567056611],[104.6353428866649,-4.743299708414808],[104.6236366184352,-4.74054916431246],[104.6238370917085,-4.715063873099171],[104.6344846510458,-4.705024203304278],[104.6109808792642,-4.690380096364313],[104.6135345159053,-4.671543315871299],[104.6382867040682,-4.656390208840991],[104.644607991066,-4.633146750322206],[104.6998401818789,-4.597834721794916],[104.6957021493348,-4.582848215073001],[104.7083333001418,-4.57138888898603],[104.6999399112979,-4.567412686746033],[104.7015870457056,-4.553156200198385],[104.7297932996211,-4.555437762242923],[104.7306744967307,-4.537263386396065],[104.7663447000479,-4.528386121821962],[104.7828087713078,-4.531708989078512],[104.7932420788589,-4.514618364645775],[104.8175714282789,-4.50410178167189],[104.8397768461246,-4.504430407437335]]]]}},{"type":"Feature","properties":{"kode":"18.04","nama":"Kabupaten Lampung Barat","lat":-5.050568820235404,"lng":104.25297641678011},"geometry":{"type":"MultiPolygon","coordinates":[[[[104.2875109675572,-4.855780006741897],[104.3512167586466,-4.874754628123481],[104.4131228093702,-4.864647767280575],[104.4225413381123,-4.902635941695246],[104.4420121226614,-4.920190599216737],[104.4369584498726,-4.929127368333377],[104.442407211024,-4.943107242305336],[104.4784290330735,-4.931758724385629],[104.5101208434022,-4.943625342635441],[104.4937685686646,-4.976539485408862],[104.5015696082509,-5.018046909337295],[104.5171724770282,-5.02636969960191],[104.5373015536239,-5.013804916063938],[104.5667998257514,-5.021703086927845],[104.5904514730571,-5.069288142733599],[104.5739943022953,-5.073550588388878],[104.5655996391121,-5.092049153645453],[104.5349326970864,-5.094432892164205],[104.5142517002558,-5.136233247766134],[104.4964314972159,-5.126834340432465],[104.4829455309116,-5.141022903883899],[104.4503040320055,-5.150218873801895],[104.4301333087053,-5.172318783185206],[104.3740044560409,-5.199481714709256],[104.3800958763238,-5.23774344760202],[104.364014766968,-5.281188483361702],[104.389111072618,-5.282637624826484],[104.3992754909712,-5.303344408817327],[104.3600628850941,-5.302561096617334],[104.3740330841596,-5.329264380146962],[104.3484379245707,-5.340776446975396],[104.3338774590776,-5.324411559246015],[104.3149444448303,-5.354249999937525],[104.2910072753655,-5.331710308583818],[104.2226358419706,-5.21805297486482],[104.120777778072,-5.1747777778721],[104.0836515246981,-5.14088705409417],[104.0814444436063,-5.118888888611275],[104.0631111107892,-5.099333333066783],[104.0238333328421,-5.091972222040367],[104.0031388902477,-5.098499998775877],[104.0187500004123,-5.066083333079321],[104.0190723444133,-5.043740490730977],[104.0048055561315,-5.006333333216764],[103.9749444444306,-4.986499999575303],[103.9726388893733,-4.969083333129268],[103.924352436116,-4.975968263924171],[103.8755277781844,-4.965222221628165],[103.8584166671955,-4.945444443606187],[103.831555556244,-4.943055555569378],[103.8123175773944,-4.891820520300685],[103.8557027812584,-4.891922500722748],[103.8440381786191,-4.916764639976082],[103.8572418926993,-4.919821137935079],[103.9355991300959,-4.884599386052793],[103.9615638426972,-4.910482682129993],[103.976247164575,-4.913120233611837],[103.9887649756232,-4.906263802332569],[103.9978921635925,-4.910767010888753],[104.0057207287287,-4.902451865760929],[104.0135582259314,-4.907860152024382],[104.0488009212256,-4.901709902589849],[104.0623768422175,-4.886135648441384],[104.0711668482715,-4.90802360560483],[104.0927074755696,-4.918190914379108],[104.1216224051499,-4.924159182400237],[104.1416338513212,-4.918121751117857],[104.1444308768835,-4.923756525343295],[104.1773020059828,-4.902304204275579],[104.1922635610146,-4.875636459255153],[104.1912974400249,-4.863022543055864],[104.2153689933844,-4.858943887350422],[104.2340692361064,-4.880808201337386],[104.253738243825,-4.882889723581821],[104.2699190187478,-4.876682604618468],[104.2789588573654,-4.857754410737394],[104.2875109675572,-4.855780006741897]]]]}},{"type":"Feature","properties":{"kode":"18.05","nama":"Kabupaten Tulang Bawang","lat":-4.373165939862394,"lng":105.5275912460887},"geometry":{"type":"MultiPolygon","coordinates":[[[[105.8969480560081,-4.627230872306923],[105.8953612742034,-4.628954099252239],[105.8938579485855,-4.626008732317091],[105.8946006977641,-4.625740427678496],[105.8969480560081,-4.627230872306923]]],[[[105.8182111895948,-4.159993779789042],[105.8259889871021,-4.192906578076075],[105.8137340478881,-4.297051806795407],[105.8199088677001,-4.338542826190375],[105.8276021028549,-4.354042453696286],[105.8575638379008,-4.377806312111579],[105.852155511168,-4.410763219446936],[105.8649030432409,-4.411341549173089],[105.8899796105706,-4.438297056563803],[105.9127720932576,-4.438401665704264],[105.8988903173343,-4.493828831335447],[105.9057443609136,-4.54963910096369],[105.8824051398853,-4.587713709220312],[105.8900065101923,-4.628001195598655],[105.9146802316075,-4.642150998269903],[105.8977460271575,-4.683157122103479],[105.8533907695684,-4.67624751211291],[105.857314208584,-4.632575338181224],[105.8440425264415,-4.630301475232804],[105.837636222034,-4.619699781319822],[105.8273657304441,-4.640399332962788],[105.8094617375691,-4.653693204977374],[105.7813900600034,-4.634284241624423],[105.7787404144386,-4.605234973115449],[105.804746319587,-4.584660045924307],[105.7939477730714,-4.580668139722802],[105.7997932026942,-4.561641248844486],[105.7918880872654,-4.550901518889885],[105.7710457250802,-4.552899664088164],[105.7705336214296,-4.528956594171499],[105.7592486046395,-4.532265958107454],[105.7490058958056,-4.521015623672023],[105.7319586438764,-4.537224328839676],[105.723881428785,-4.527917199119338],[105.7129810844096,-4.531016687370196],[105.6929221918058,-4.512531531005306],[105.6973308969034,-4.495395659881732],[105.6803821917848,-4.485059277663497],[105.6704908597655,-4.499824076319994],[105.6459040137593,-4.50906030259082],[105.6429351277541,-4.480972116170159],[105.6270803678647,-4.487419321744282],[105.6205204331715,-4.517948196252222],[105.603003181152,-4.521968869967344],[105.5876267904441,-4.515137249184667],[105.5812762997615,-4.535428224432961],[105.5705726191312,-4.519281573385816],[105.5338153845724,-4.520442384108739],[105.53495233808,-4.509095784442854],[105.5103446835604,-4.491644798968222],[105.497103618837,-4.494809104956213],[105.4915111109491,-4.482497646948749],[105.4781342890662,-4.496857292030379],[105.4721571384412,-4.489791345693986],[105.4644333650078,-4.496882482940181],[105.4516383811065,-4.492601313399883],[105.4438029100763,-4.502785842392656],[105.4151734585883,-4.510065039569858],[105.4117463662019,-4.518674203651488],[105.4028749822946,-4.511912768659235],[105.3810961101974,-4.516957831338766],[105.353570596306,-4.538802048175919],[105.3532600675981,-4.550746300401423],[105.3398560088478,-4.552968544062955],[105.3279813974236,-4.575619935711453],[105.3120649998,-4.579702338891758],[105.3041226407473,-4.60432445810717],[105.2932794815629,-4.61697609816836],[105.2854767305667,-4.615462074215307],[105.2861077686587,-4.622332721977498],[105.2630041286377,-4.622430294822236],[105.2619129371324,-4.635541099941756],[105.244742796443,-4.640563309049453],[105.2121257204257,-4.6354271828182],[105.2155355530234,-4.599368858186173],[105.1907763267661,-4.592146461290072],[105.1802777769978,-4.564861111351151],[105.1702256390022,-4.560943784128282],[105.1755082531034,-4.546527559998806],[105.1589133133987,-4.542923879433472],[105.1778584783862,-4.52311553795173],[105.1843518110873,-4.47347112369332],[105.2045317722235,-4.463603935772989],[105.2030011683693,-4.428625149231172],[105.2128707988484,-4.428396205220578],[105.213047464369,-4.41578503824889],[105.2249724189421,-4.417156614985698],[105.2412174639149,-4.39893145802033],[105.2529085237094,-4.402338178963719],[105.2546641676173,-4.396728631620997],[105.2418909742891,-4.384687930703349],[105.2162171950676,-4.391836713593447],[105.1954371181286,-4.356618877359233],[105.2072254737766,-4.352441528253939],[105.2377606786125,-4.367418190996622],[105.2253843489087,-4.348012458907816],[105.235391048658,-4.328242317928568],[105.2184577156511,-4.330355286767043],[105.2228505576072,-4.34360745811764],[105.1946422928076,-4.354614899158163],[105.2020873501511,-4.325414745094383],[105.1781335926912,-4.296770736280367],[105.1579688795602,-4.300519424431817],[105.1559398399517,-4.281710804410091],[105.1562783987291,-4.267613256846284],[105.1891388888487,-4.268638887774381],[105.1886558809641,-4.242217385224103],[105.2194947481841,-4.225301866887568],[105.2154874186095,-4.214612073588311],[105.2266459151769,-4.209925582299759],[105.2216275102015,-4.195729762218717],[105.2761496601787,-4.18450109514932],[105.3121865854426,-4.156780077638425],[105.3671547415981,-4.15898972089879],[105.3660120243355,-4.129556337554943],[105.3877859015982,-4.131266229352962],[105.3902491311925,-4.141082583094738],[105.4006976291923,-4.138298272147514],[105.4027317553663,-4.119521675185103],[105.4246507049661,-4.122087842979541],[105.4225097995877,-4.162450367890161],[105.4593339823775,-4.166487997423099],[105.4670260520107,-4.162383693952235],[105.4672063462959,-4.135013328402318],[105.5031111107892,-4.135555555744277],[105.5070308742754,-4.166109474572524],[105.5297177450779,-4.16592325465446],[105.6049444442308,-4.195916667420166],[105.6058808929888,-4.219344424905172],[105.6168171284079,-4.223210524945722],[105.6526984053072,-4.217646021946367],[105.652429009791,-4.19617077715955],[105.682916666571,-4.188972222190282],[105.7198214097304,-4.185451237884211],[105.7216666665835,-4.198361111076368],[105.7547222223527,-4.194888888911022],[105.7549999995505,-4.144305556356256],[105.7685529419648,-4.133029108306621],[105.7734548415678,-4.110695424654034],[105.8112052837969,-4.126105373564107],[105.8182111895948,-4.159993779789042]]]]}},{"type":"Feature","properties":{"kode":"18.06","nama":"Kabupaten Tanggamus","lat":-5.428085811322719,"lng":104.6740608564361},"geometry":{"type":"MultiPolygon","coordinates":[[[[104.6688866798765,-5.932464157794541],[104.6686636048416,-5.93239872312246],[104.6686219653315,-5.932291647141755],[104.6688599106564,-5.932273801894342],[104.6688866798765,-5.932464157794541]]],[[[104.6676453942196,-5.932261309411827],[104.6675145239762,-5.932183976709097],[104.6675621134009,-5.931987670894293],[104.6677584183164,-5.932047158349611],[104.6676453942196,-5.932261309411827]]],[[[104.6810890159454,-5.932003216575125],[104.681660086344,-5.932250681223898],[104.6813412389071,-5.932759886359643],[104.6809414893583,-5.932460073973171],[104.6810890159454,-5.932003216575125]]],[[[104.6829135389288,-5.932865295896653],[104.6823353297117,-5.93261545164168],[104.6827921862105,-5.93145903410706],[104.6831134132535,-5.931808814625032],[104.6829135389288,-5.932865295896653]]],[[[104.6779543291291,-5.933134007928035],[104.6765980363703,-5.931799130725305],[104.6767622193011,-5.930721234797057],[104.678689581559,-5.93177771516931],[104.6779543291291,-5.933134007928035]]],[[[104.6677703163471,-5.930678967560236],[104.6676810856136,-5.930369637648595],[104.6679904164246,-5.930244716420478],[104.6680082616721,-5.930351792401271],[104.6677703163471,-5.930678967560236]]],[[[104.6681331837995,-5.930096000030342],[104.6679487751159,-5.92981046528072],[104.6684722569891,-5.929465443075691],[104.6685376916611,-5.929626055697827],[104.6681331837995,-5.930096000030342]]],[[[104.6823516533062,-5.928703619276535],[104.682815647724,-5.929084331976301],[104.682155346592,-5.929286586806518],[104.682113707082,-5.92870956739258],[104.6823516533062,-5.928703619276535]]],[[[105.1490774542611,-5.809613776954218],[105.1491521960171,-5.809555938855463],[105.1491233475645,-5.81000535975951],[105.1490300860696,-5.809284685339903],[105.1490774542611,-5.809613776954218]]],[[[105.1486085198673,-5.809231684694431],[105.1486018199181,-5.80917134018513],[105.1486325839267,-5.80900550070325],[105.1486538421012,-5.809050695233323],[105.1486085198673,-5.809231684694431]]],[[[105.1507033763598,-5.809409407817937],[105.1507968905641,-5.809064076246066],[105.1510005969,-5.808923110213263],[105.1510317674022,-5.809213884413182],[105.1507033763598,-5.809409407817937]]],[[[105.1511736219652,-5.808809649045958],[105.1511376967474,-5.808999527406193],[105.1510967056485,-5.809017093863726],[105.1511801438486,-5.808689267595549],[105.1511736219652,-5.808809649045958]]],[[[105.1823609288138,-5.808142591307489],[105.1821644440339,-5.808223381903569],[105.1821272579666,-5.808135287913156],[105.1823384430648,-5.808011570877251],[105.1823609288138,-5.808142591307489]]],[[[105.1821297311023,-5.807561688621003],[105.1822139607058,-5.807937335439632],[105.1818068394142,-5.808012243570174],[105.1821955803618,-5.807193156339067],[105.1821297311023,-5.807561688621003]]],[[[105.154846025124,-5.806534342685747],[105.1551371869317,-5.807125468865219],[105.1545986836824,-5.808586695419552],[105.1541985807,-5.806911655048789],[105.154846025124,-5.806534342685747]]],[[[105.1414856896129,-5.807059257178952],[105.1413765541847,-5.806855915967705],[105.1414144066497,-5.806252754161249],[105.1414757134335,-5.806392461143143],[105.1414856896129,-5.807059257178952]]],[[[105.1450087756346,-5.806175497900838],[105.144942077415,-5.806105331895476],[105.144942158354,-5.80601839892985],[105.1450071199827,-5.806141203153973],[105.1450087756346,-5.806175497900838]]],[[[105.1449900634408,-5.806037419591163],[105.1449589981593,-5.806005246345051],[105.1449542893091,-5.805955103745023],[105.1449844255908,-5.806006707743342],[105.1449900634408,-5.806037419591163]]],[[[105.1822920623289,-5.806136130078325],[105.1822282356446,-5.806026941590029],[105.1822628181746,-5.805928982036849],[105.1822960148492,-5.805989624221723],[105.1822920623289,-5.806136130078325]]],[[[105.1821671635839,-5.805570643570305],[105.182112332818,-5.805596905572744],[105.1820743049853,-5.805531362982012],[105.1821494109666,-5.805511434005409],[105.1821671635839,-5.805570643570305]]],[[[105.1413594077106,-5.805643271919418],[105.1414542178379,-5.806080241709725],[105.1412146726191,-5.806273086933337],[105.1410216367392,-5.805723641632702],[105.1413594077106,-5.805643271919418]]],[[[105.1868156863949,-5.805582026289428],[105.1865265327733,-5.805547585852348],[105.1866679088969,-5.805172078428614],[105.1867943140064,-5.805276937580554],[105.1868156863949,-5.805582026289428]]],[[[105.1410381725737,-5.805330225109699],[105.1409937316754,-5.805162641842435],[105.1410215908737,-5.80509053330143],[105.1410736391372,-5.805178289146688],[105.1410381725737,-5.805330225109699]]],[[[105.1853598458803,-5.805687764978344],[105.1851590335626,-5.805448955404894],[105.1854675702722,-5.804513077716304],[105.1856275335838,-5.805220529403846],[105.1853598458803,-5.805687764978344]]],[[[105.1401270999858,-5.804801065816515],[105.1400268327722,-5.804483640207784],[105.1400931523771,-5.804416983357078],[105.1402112513482,-5.804525277919196],[105.1401270999858,-5.804801065816515]]],[[[105.1400017281973,-5.804444695965908],[105.1399518490986,-5.804424484602214],[105.1400334679702,-5.804392484025892],[105.1400186876124,-5.804426794960608],[105.1400017281973,-5.804444695965908]]],[[[105.1399094757418,-5.804420174151729],[105.1397892273909,-5.804356844792461],[105.1398183276538,-5.804241911435052],[105.1399765462807,-5.804338816083447],[105.1399094757418,-5.804420174151729]]],[[[105.1857454841668,-5.804209088878291],[105.185735219305,-5.804160866330824],[105.1858544244422,-5.804068662438836],[105.1858548291371,-5.804110595127802],[105.1857454841668,-5.804209088878291]]],[[[105.1922969589376,-5.803196195947605],[105.1922657641538,-5.803166335757729],[105.1922606757896,-5.803155276794562],[105.192281735214,-5.803160875074268],[105.1922969589376,-5.803196195947605]]],[[[105.1892002253102,-5.80293444287017],[105.1891839098096,-5.802933491387456],[105.1891618539365,-5.802915254035738],[105.1892347790619,-5.802918111181813],[105.1892002253102,-5.80293444287017]]],[[[105.1922013484136,-5.802949573064335],[105.1921785308146,-5.802909556830541],[105.1921817270051,-5.802883428827136],[105.1922312220934,-5.80290673026134],[105.1922013484136,-5.802949573064335]]],[[[105.1822816355891,-5.802655442594488],[105.1822357081115,-5.802564438398043],[105.1822696773039,-5.802542563288585],[105.18232501169,-5.802592170792024],[105.1822816355891,-5.802655442594488]]],[[[105.175155485937,-5.802790256365213],[105.1751581263465,-5.80259395684564],[105.175402750037,-5.802541932863806],[105.1753698780175,-5.802737149599738],[105.175155485937,-5.802790256365213]]],[[[105.1745746911692,-5.802626795590075],[105.1745095379849,-5.802581896037643],[105.1746389351389,-5.802534199593604],[105.1746179683446,-5.802587785697692],[105.1745746911692,-5.802626795590075]]],[[[105.1808581967484,-5.802543117270957],[105.1807987317762,-5.802492666203544],[105.1808451988469,-5.802394708449014],[105.1808729276436,-5.802437178932588],[105.1808581967484,-5.802543117270957]]],[[[105.1395232816742,-5.802457791393926],[105.1400508401742,-5.803333526021318],[105.1398443684229,-5.803921091784917],[105.138814423447,-5.803055064439614],[105.1395232816742,-5.802457791393926]]],[[[105.192658759794,-5.802578187233535],[105.1922551791333,-5.802514222053715],[105.1926732298857,-5.801606563292231],[105.1928933380572,-5.801823472575122],[105.192658759794,-5.802578187233535]]],[[[105.1808290182447,-5.802260072744118],[105.1805724299737,-5.801735476610918],[105.1808364016786,-5.801540766193351],[105.1809297594009,-5.801698365187383],[105.1808290182447,-5.802260072744118]]],[[[105.1182888564456,-5.801738958785822],[105.1178695682261,-5.801914904848963],[105.1175623238422,-5.801815616997067],[105.117960855709,-5.801155704372166],[105.1182888564456,-5.801738958785822]]],[[[105.1213588037658,-5.801412689244127],[105.1212422102598,-5.800981887004379],[105.1215509025522,-5.800533354630558],[105.1215467296979,-5.801185085223429],[105.1213588037658,-5.801412689244127]]],[[[105.1218536728088,-5.801368838301161],[105.1216699386168,-5.801190160997098],[105.1215878988626,-5.800377066848109],[105.1219545884336,-5.800813941310316],[105.1218536728088,-5.801368838301161]]],[[[105.1249467219138,-5.798445516447329],[105.1251787092301,-5.798520977660963],[105.1250437021052,-5.798772146617263],[105.1247778813942,-5.798460859780778],[105.1249467219138,-5.798445516447329]]],[[[105.1255948965872,-5.797539064576166],[105.1256067217728,-5.798301384800978],[105.124825225304,-5.798299916208086],[105.1247330322037,-5.79754409718232],[105.1255948965872,-5.797539064576166]]],[[[105.1244622229533,-5.797593998764031],[105.1243160291615,-5.797491849269391],[105.1243252094409,-5.79741477826932],[105.1244450656873,-5.797439693986632],[105.1244622229533,-5.797593998764031]]],[[[105.0974068125744,-5.79624082485413],[105.0973978607228,-5.796135599678091],[105.0974636587209,-5.796107285422884],[105.0974523047801,-5.796188721732046],[105.0974068125744,-5.79624082485413]]],[[[105.0834263486472,-5.796183459798757],[105.0842240032352,-5.797162773842927],[105.0821177937013,-5.798445650446364],[105.0818650086633,-5.79659858235864],[105.0834263486472,-5.796183459798757]]],[[[105.0851233819386,-5.796272678841045],[105.0848501912834,-5.79635305664821],[105.0845851143116,-5.796259385062522],[105.0849755333942,-5.795873208981365],[105.0851233819386,-5.796272678841045]]],[[[105.0989343452439,-5.795367403282973],[105.0987976033267,-5.795286610888332],[105.0988144871989,-5.795055328640401],[105.0989597483937,-5.795195434022008],[105.0989343452439,-5.795367403282973]]],[[[105.0965614741328,-5.794794634065052],[105.0965338946236,-5.794695988329116],[105.0966227368499,-5.794615229209369],[105.0966455904217,-5.794695106094209],[105.0965614741328,-5.794794634065052]]],[[[105.1345268219553,-5.794896500273231],[105.1343217720322,-5.794843576070167],[105.1341617862375,-5.794633621244642],[105.1344297221541,-5.794676866943841],[105.1345268219553,-5.794896500273231]]],[[[105.087503587021,-5.794462733868037],[105.0873683748507,-5.794223005187486],[105.0876588585695,-5.794045428653564],[105.0876860162967,-5.794125764192674],[105.087503587021,-5.794462733868037]]],[[[105.1250864342916,-5.793968833394895],[105.125066010688,-5.793963165867381],[105.1250668614465,-5.793926403380726],[105.1251028433216,-5.793957840082235],[105.1250864342916,-5.793968833394895]]],[[[105.1252666800134,-5.792855041027315],[105.1252284183569,-5.792827571235363],[105.1252127296838,-5.792754318756791],[105.1253034685803,-5.792776764036382],[105.1252666800134,-5.792855041027315]]],[[[105.1245702162425,-5.792396141268855],[105.1242949634418,-5.792249185751323],[105.1242996893792,-5.792080011583226],[105.1245583011248,-5.792338403894152],[105.1245702162425,-5.792396141268855]]],[[[105.1237574890169,-5.791828721218443],[105.1237570933152,-5.791725943997043],[105.1237944187775,-5.791668424258293],[105.1238144682631,-5.791740603845756],[105.1237574890169,-5.791828721218443]]],[[[105.1239221180115,-5.791116962677626],[105.1239098908289,-5.791087342606697],[105.1239037646471,-5.790914518090488],[105.1239484096914,-5.791026902769295],[105.1239221180115,-5.791116962677626]]],[[[105.0915817732803,-5.79103730163009],[105.0914690666442,-5.790935476790774],[105.0914736423948,-5.790796363361465],[105.0917224083625,-5.790863070574196],[105.0915817732803,-5.79103730163009]]],[[[105.1003435586084,-5.790915033402015],[105.1002327927093,-5.790511359211762],[105.1005136069175,-5.790240781986426],[105.1005628960609,-5.79055305537917],[105.1003435586084,-5.790915033402015]]],[[[105.0818148552714,-5.788550606025548],[105.0817409112142,-5.78847321396763],[105.0819279621058,-5.788500955354773],[105.0818917697894,-5.78853445959762],[105.0818148552714,-5.788550606025548]]],[[[105.0820815501235,-5.788489247081045],[105.0820193862857,-5.788490694090224],[105.0819853523422,-5.788485872824704],[105.0821575913998,-5.78845249088971],[105.0820815501235,-5.788489247081045]]],[[[105.1026169763925,-5.788299100722919],[105.1025443759223,-5.788158655397594],[105.1025876423059,-5.788069431858726],[105.1026669813962,-5.788226666627309],[105.1026169763925,-5.788299100722919]]],[[[105.1028343137527,-5.788064470299029],[105.1027077611543,-5.787991478623748],[105.1026888007476,-5.787896127104534],[105.1028468889728,-5.787955306991747],[105.1028343137527,-5.788064470299029]]],[[[105.085486514691,-5.788058505095854],[105.0854816142851,-5.787976480630056],[105.085618777085,-5.787865883803426],[105.0856234553582,-5.787919847622883],[105.085486514691,-5.788058505095854]]],[[[105.0854642267927,-5.787992856385208],[105.0852682357406,-5.78801112521317],[105.0856482127948,-5.787659341905086],[105.0856260993651,-5.787774242886971],[105.0854642267927,-5.787992856385208]]],[[[105.0860258731956,-5.787551426856811],[105.0858958033487,-5.787212207077611],[105.0861592822252,-5.786699187017844],[105.0861754799145,-5.787108269730793],[105.0860258731956,-5.787551426856811]]],[[[105.0895380603333,-5.785139830039102],[105.0893590322935,-5.785342959010257],[105.088935206095,-5.785472768953052],[105.088954346366,-5.785158804834881],[105.0895380603333,-5.785139830039102]]],[[[105.089941828053,-5.784910457951201],[105.0899261951379,-5.784857942040293],[105.0899686979971,-5.784766536746203],[105.089985383119,-5.784813000219716],[105.089941828053,-5.784910457951201]]],[[[105.0900276548525,-5.784733018114244],[105.0900104049563,-5.784642903347307],[105.0900646241832,-5.784589819064915],[105.0900671908483,-5.784691937982504],[105.0900276548525,-5.784733018114244]]],[[[105.0900105893173,-5.784559522703762],[105.0900323484142,-5.784533934293527],[105.0900683141015,-5.784549259640563],[105.0900612858997,-5.784552384784617],[105.0900105893173,-5.784559522703762]]],[[[105.0913379616776,-5.783539777838413],[105.0913135190037,-5.783607512976267],[105.0910909466899,-5.783609567027862],[105.0911975172517,-5.783395590434085],[105.0913379616776,-5.783539777838413]]],[[[105.124386178979,-5.783451959040668],[105.1243289551172,-5.78339645468258],[105.1243876412767,-5.783340533938456],[105.1244093320251,-5.783411893344218],[105.124386178979,-5.783451959040668]]],[[[105.090946031734,-5.783424413705677],[105.090902403823,-5.783401686938276],[105.0909027212836,-5.783327411930443],[105.0909337487935,-5.783351215186342],[105.090946031734,-5.783424413705677]]],[[[105.0908079291427,-5.782760077315689],[105.0908034963843,-5.782683735665798],[105.0908278698104,-5.782670539913485],[105.0908287601392,-5.782693721737856],[105.0908079291427,-5.782760077315689]]],[[[105.1079232498581,-5.783162577890603],[105.1078870647363,-5.783140450970929],[105.1077821786047,-5.78266231471403],[105.107998024889,-5.782945977075186],[105.1079232498581,-5.783162577890603]]],[[[105.0909967211218,-5.782672574179929],[105.0910136130879,-5.782834624817993],[105.0908477664113,-5.782805324905808],[105.090865958797,-5.782703658347081],[105.0909967211218,-5.782672574179929]]],[[[105.0907811347416,-5.782618952102928],[105.090765648416,-5.782590293407245],[105.0908057626759,-5.782534416729916],[105.0908122288014,-5.782585979359371],[105.0907811347416,-5.782618952102928]]],[[[105.1079640907702,-5.782718928835421],[105.1077933167082,-5.782592637939813],[105.1078126503336,-5.782462182283846],[105.1079364564024,-5.782586954224448],[105.1079640907702,-5.782718928835421]]],[[[105.105736899938,-5.782498653390159],[105.1055157143788,-5.782203337613882],[105.1055392658245,-5.78210127265553],[105.1057509176708,-5.782381751416636],[105.105736899938,-5.782498653390159]]],[[[105.1061709118582,-5.782147131784646],[105.1061248476837,-5.782110514088926],[105.1061425814151,-5.782043851842182],[105.1061847614177,-5.782088593114024],[105.1061709118582,-5.782147131784646]]],[[[105.1054730055749,-5.782084672069913],[105.1054305009169,-5.782018463081577],[105.1054511340627,-5.7819545185861],[105.1054953078623,-5.782009629940425],[105.1054730055749,-5.782084672069913]]],[[[105.1228952496162,-5.781893249573748],[105.1228464847775,-5.781852690149484],[105.1228958890341,-5.781804987410125],[105.1229215260077,-5.781827278006427],[105.1228952496162,-5.781893249573748]]],[[[105.1221094651797,-5.781449857724644],[105.1220614197987,-5.781415104323599],[105.1220801733614,-5.781331488057687],[105.1221377389655,-5.78140620822987],[105.1221094651797,-5.781449857724644]]],[[[105.1222954359856,-5.781346951900249],[105.1222315139733,-5.781314448602862],[105.1221673824188,-5.78119366875283],[105.1223085463024,-5.781206985014346],[105.1222954359856,-5.781346951900249]]],[[[105.1230641503903,-5.780709176986835],[105.1230514007017,-5.780655316589537],[105.1230907496385,-5.780628472725783],[105.1230987122358,-5.780654556662394],[105.1230641503903,-5.780709176986835]]],[[[105.1231528001617,-5.780223326345339],[105.1231291632803,-5.780149535172877],[105.1232130106719,-5.780109106150259],[105.1232248916155,-5.780194895178229],[105.1231528001617,-5.780223326345339]]],[[[105.0939958477302,-5.781021176086369],[105.0933468061103,-5.782413922864186],[105.0910552525978,-5.782954303897973],[105.0938247598049,-5.779435002223535],[105.0939958477302,-5.781021176086369]]],[[[105.1111835746622,-5.779573185753843],[105.1111623596553,-5.779492911368748],[105.1112124860674,-5.779414857409718],[105.1112333386477,-5.77945830006044],[105.1111835746622,-5.779573185753843]]],[[[105.0937052048314,-5.779351956127846],[105.0936880808403,-5.779348937103705],[105.0937538518588,-5.779288398340813],[105.0937318841193,-5.779333797017009],[105.0937052048314,-5.779351956127846]]],[[[105.0937625069342,-5.779239986036514],[105.0937608818593,-5.77918714187298],[105.0937760039595,-5.779181591257369],[105.093781408885,-5.779191427142631],[105.0937625069342,-5.779239986036514]]],[[[105.1110217272709,-5.779197930140326],[105.1109855943098,-5.779180276448485],[105.1109779743541,-5.779148213818956],[105.1110197469638,-5.779155440770881],[105.1110217272709,-5.779197930140326]]],[[[105.1105952201934,-5.779078401247143],[105.1104523808727,-5.779013913561196],[105.1104573010636,-5.778918402861936],[105.1105746491008,-5.778966420363999],[105.1105952201934,-5.779078401247143]]],[[[105.094023942551,-5.779115681743256],[105.0939115605701,-5.779061315027593],[105.093876352112,-5.778884796096388],[105.0940816619392,-5.778949948381377],[105.094023942551,-5.779115681743256]]],[[[105.1107719225862,-5.778880752744512],[105.1107409787133,-5.778868155041276],[105.1107452927612,-5.778825180937267],[105.110765611144,-5.778860795888966],[105.1107719225862,-5.778880752744512]]],[[[105.1128464310181,-5.778844634172468],[105.1128053787653,-5.77877140687482],[105.1128214559455,-5.778737558191763],[105.1128527847283,-5.778762524271012],[105.1128464310181,-5.778844634172468]]],[[[105.0941884852105,-5.778767281684675],[105.0941695679712,-5.778762558445275],[105.0940818328104,-5.778601936829889],[105.0942664492373,-5.778638573411391],[105.0941884852105,-5.778767281684675]]],[[[105.111240510741,-5.778554276358675],[105.1112145239313,-5.778553038891569],[105.1112173190241,-5.778521397144746],[105.1112435621407,-5.778545954032469],[105.111240510741,-5.778554276358675]]],[[[105.1128619623098,-5.778549382248136],[105.1127382039051,-5.778388219240841],[105.1127431906458,-5.778359371687606],[105.1128517244277,-5.77842892795262],[105.1128619623098,-5.778549382248136]]],[[[105.1118903896299,-5.778758584341118],[105.1117228306442,-5.778741344337472],[105.1114520726551,-5.778256066564128],[105.1118218936655,-5.778542756942588],[105.1118903896299,-5.778758584341118]]],[[[105.1206488600569,-5.778094184099273],[105.1206146453497,-5.778107567809946],[105.1206163396724,-5.778063831080863],[105.1206274310112,-5.77806953368201],[105.1206488600569,-5.778094184099273]]],[[[105.1205391148883,-5.778085698995809],[105.1205146308456,-5.778072083259981],[105.1204846195696,-5.777996047379633],[105.1205845684232,-5.778042023420563],[105.1205391148883,-5.778085698995809]]],[[[105.1208796998383,-5.778009920321451],[105.1208624355531,-5.778011116419871],[105.1208811108746,-5.77797229808306],[105.1209103280492,-5.777995604013845],[105.1208796998383,-5.778009920321451]]],[[[105.1197652320799,-5.777857756829955],[105.1196892222798,-5.777831670195414],[105.119690350929,-5.777754336593314],[105.1197700821237,-5.777798628204137],[105.1197652320799,-5.777857756829955]]],[[[105.1201379237262,-5.777767955926353],[105.1200799840042,-5.777734722379505],[105.1201066012387,-5.777662834172385],[105.1201610372022,-5.777723113930548],[105.1201379237262,-5.777767955926353]]],[[[105.1196239117142,-5.777794506611115],[105.1195221282436,-5.777733260981125],[105.1195816597658,-5.777580264717378],[105.1196530920166,-5.777734975089003],[105.1196239117142,-5.777794506611115]]],[[[105.0848441379467,-5.77772694684107],[105.0847965494213,-5.777555625091927],[105.0849202808463,-5.777484242303891],[105.0849345575838,-5.777541349253815],[105.0848441379467,-5.77772694684107]]],[[[105.1207111210215,-5.777521074038265],[105.1205808812028,-5.77732939883269],[105.1205896046267,-5.777253401623098],[105.1206840604211,-5.777358345311327],[105.1207111210215,-5.777521074038265]]],[[[105.1137152804359,-5.777310837724928],[105.1136911192499,-5.777273175016954],[105.1137111012863,-5.77724933309021],[105.1137254913384,-5.777289921292787],[105.1137152804359,-5.777310837724928]]],[[[105.1146059060378,-5.777283054968922],[105.1145052781961,-5.777515930815528],[105.1144218067211,-5.777582155991627],[105.1143893061216,-5.777296771428801],[105.1146059060378,-5.777283054968922]]],[[[105.1197896019087,-5.777232239676059],[105.1196983243183,-5.777312551832806],[105.119641855887,-5.777286055107282],[105.1197563656639,-5.777200307448175],[105.1197896019087,-5.777232239676059]]],[[[105.1194664260348,-5.777043716594203],[105.1194299270496,-5.776984090643182],[105.119451883098,-5.776954481364153],[105.1194904352354,-5.776974554232232],[105.1194664260348,-5.777043716594203]]],[[[105.1196171991745,-5.777038177669772],[105.1195545479041,-5.776991636854482],[105.1196551721486,-5.776904372938389],[105.1196866942856,-5.776978013024862],[105.1196171991745,-5.777038177669772]]],[[[105.1193196341938,-5.776921896228497],[105.1193005838549,-5.776882732552017],[105.1193436685754,-5.776798056884828],[105.1193563427211,-5.776885521349654],[105.1193196341938,-5.776921896228497]]],[[[105.1195193664257,-5.776869842569069],[105.1194906195965,-5.776811618661241],[105.1195972108426,-5.776727573418742],[105.1195619529219,-5.776836813168344],[105.1195193664257,-5.776869842569069]]],[[[105.119460014768,-5.776701361778328],[105.1194676706966,-5.77665675630417],[105.1194769777804,-5.776650025777989],[105.1194959696634,-5.776673243575273],[105.119460014768,-5.776701361778328]]],[[[105.0870635370526,-5.776215548009115],[105.0870374962834,-5.776192498385039],[105.0870508143437,-5.776167190563334],[105.0870773803169,-5.776191656619626],[105.0870635370526,-5.776215548009115]]],[[[105.1193006638946,-5.776117299773524],[105.1192454050515,-5.776062174030087],[105.1192474941766,-5.775945869206448],[105.1193356016568,-5.775992390236588],[105.1193006638946,-5.776117299773524]]],[[[105.0901293807664,-5.775419439355537],[105.0901208156232,-5.775239600127406],[105.0902576969353,-5.775130687730971],[105.0902707847689,-5.775253376841841],[105.0901293807664,-5.775419439355537]]],[[[105.0914394168956,-5.775244766732594],[105.0913592729122,-5.775209882929725],[105.0913813242887,-5.775100534362102],[105.0914893490542,-5.775172638406526],[105.0914394168956,-5.775244766732594]]],[[[105.1148705018723,-5.775220301575582],[105.1147841390768,-5.775141733204307],[105.1148070609971,-5.775018122288492],[105.1149257957889,-5.7751435858078],[105.1148705018723,-5.775220301575582]]],[[[105.0892710012558,-5.775779444265864],[105.0893408731828,-5.775119504661389],[105.08949826893,-5.774925621620034],[105.0896365271041,-5.775248299269523],[105.0892710012558,-5.775779444265864]]],[[[105.0867868930008,-5.775330729329634],[105.0868169852157,-5.7749852862419],[105.0870569036533,-5.774882636724302],[105.0869749628243,-5.775145191996937],[105.0867868930008,-5.775330729329634]]],[[[105.0894963650653,-5.774794088576289],[105.0894732461934,-5.77476338392298],[105.0894926733483,-5.774721473717007],[105.0895264599782,-5.774740901771195],[105.0894963650653,-5.774794088576289]]],[[[105.091634593162,-5.774911093971794],[105.0916039163877,-5.774816827934241],[105.0917553451332,-5.774707900249324],[105.0917551041149,-5.774720176894625],[105.091634593162,-5.774911093971794]]],[[[105.0918246423934,-5.774717648000997],[105.0917857871844,-5.774636943739856],[105.091738201357,-5.774620094042041],[105.0918323378921,-5.774637548084342],[105.0918246423934,-5.774717648000997]]],[[[105.0919235597246,-5.774664582604387],[105.0918972311724,-5.774579307988662],[105.0919637171519,-5.774556683743962],[105.0919782969609,-5.774622053664817],[105.0919235597246,-5.774664582604387]]],[[[105.0919420030211,-5.774469368566474],[105.0919453988611,-5.77444261103757],[105.0919959947195,-5.774401039876035],[105.091955476664,-5.774455169170682],[105.0919420030211,-5.774469368566474]]],[[[105.0923631096698,-5.774480291732046],[105.092215720679,-5.774522802685204],[105.0921714776317,-5.774469277734865],[105.0923632931315,-5.77438318923276],[105.0923631096698,-5.774480291732046]]],[[[105.0884443462297,-5.772457834261572],[105.0884425107134,-5.772409361702628],[105.0884894013649,-5.772396230701452],[105.0884924824422,-5.772420778596014],[105.0884443462297,-5.772457834261572]]],[[[105.0885738935704,-5.772313884278261],[105.0886639858544,-5.77213931237928],[105.0887355458089,-5.772075125966206],[105.0887149351462,-5.772170776959732],[105.0885738935704,-5.772313884278261]]],[[[105.0889897652656,-5.77196039585555],[105.0889776127267,-5.771872628319112],[105.0890444080731,-5.771808809728699],[105.0890614628163,-5.771880917370335],[105.0889897652656,-5.77196039585555]]],[[[105.0886947192859,-5.770380724990413],[105.0886828311478,-5.770361057716559],[105.0887084924031,-5.770334632037581],[105.088725280947,-5.770361820341722],[105.0886947192859,-5.770380724990413]]],[[[105.0882140559339,-5.769260151734538],[105.0881478010802,-5.769204884797555],[105.088179872703,-5.769113643180005],[105.0882649926354,-5.769175705394484],[105.0882140559339,-5.769260151734538]]],[[[105.0884512467277,-5.768958409402972],[105.0884184862242,-5.768920481395038],[105.0884668625557,-5.768799783383275],[105.0885059371993,-5.768822638753671],[105.0884512467277,-5.768958409402972]]],[[[105.0659012176671,-5.768418149777758],[105.0659905383328,-5.768134731132849],[105.0661576107852,-5.768195614336128],[105.0660923586755,-5.768311816636976],[105.0659012176671,-5.768418149777758]]],[[[105.089480209644,-5.767415983960492],[105.0894664509161,-5.767388533953603],[105.0895373822444,-5.767353011632074],[105.0895333182081,-5.767375976719861],[105.089480209644,-5.767415983960492]]],[[[105.0632540344462,-5.766879993416899],[105.0633094102012,-5.767442997796105],[105.0628424453227,-5.767514772688535],[105.0628460632953,-5.767000170721274],[105.0632540344462,-5.766879993416899]]],[[[105.0666852376337,-5.76676723012353],[105.0666304023712,-5.766731485669466],[105.0666785241945,-5.766544950089329],[105.0667538442145,-5.76668808258887],[105.0666852376337,-5.76676723012353]]],[[[105.0891002119053,-5.76568396973938],[105.0890711745951,-5.765710883750223],[105.0889633216001,-5.765684806108843],[105.0890455241317,-5.7656126328167],[105.0891002119053,-5.76568396973938]]],[[[105.0890860251,-5.765598250858587],[105.0891153151198,-5.765523172756185],[105.0891422857879,-5.765511270228866],[105.089139649875,-5.765565536220477],[105.0890860251,-5.765598250858587]]],[[[105.0891800932867,-5.765645518325949],[105.0892445117249,-5.765475132771129],[105.089313236117,-5.765464105284205],[105.0893152802761,-5.765516212003589],[105.0891800932867,-5.765645518325949]]],[[[105.0673178828141,-5.765548514752065],[105.067219594109,-5.765566006565929],[105.0671051490835,-5.765899404134148],[105.0670442532897,-5.765600404734864],[105.0672498661884,-5.765453959132819],[105.0673178828141,-5.765548514752065]]],[[[105.0673957838884,-5.765453647068134],[105.0673600151526,-5.765438450324182],[105.0673762973783,-5.76536927717031],[105.0674114365886,-5.765420381145673],[105.0673957838884,-5.765453647068134]]],[[[105.0675598822828,-5.765276206331808],[105.0675137173842,-5.76534401791207],[105.0675019830302,-5.765340435912306],[105.0674943711684,-5.765279749660727],[105.0675598822828,-5.765276206331808]]],[[[105.0896820975508,-5.765191286948283],[105.0896308415901,-5.765155627030508],[105.089716714255,-5.765112489249961],[105.0897260752982,-5.765160046299015],[105.0896820975508,-5.765191286948283]]],[[[105.0895194173873,-5.765130038620362],[105.089475325426,-5.765109870424094],[105.0895044949365,-5.765061604709202],[105.089571966573,-5.765091489180899],[105.0895194173873,-5.765130038620362]]],[[[105.0676049697936,-5.764924632565708],[105.0676436811111,-5.765007195725484],[105.0669663513162,-5.765533145338323],[105.0671839072116,-5.765053695171821],[105.0676049697936,-5.764924632565708]]],[[[105.0649020969542,-5.764804342846101],[105.0646916367097,-5.766452748895182],[105.0639186586193,-5.766793987652345],[105.0636697199817,-5.765312100073298],[105.0649020969542,-5.764804342846101]]],[[[105.0672677725897,-5.764877338118594],[105.0672939140829,-5.764821485722996],[105.0673880254371,-5.76477371643385],[105.0673543710075,-5.764846182005704],[105.0672677725897,-5.764877338118594]]],[[[105.0853507260552,-5.764768006638103],[105.0853438219599,-5.764764026238804],[105.0853270397112,-5.764730361916629],[105.0853542783773,-5.764746475069752],[105.0853507260552,-5.764768006638103]]],[[[105.0679318868471,-5.764691777403622],[105.0679250600935,-5.764634114672588],[105.0679999997003,-5.764606570236967],[105.067995056127,-5.764658406260351],[105.0679318868471,-5.764691777403622]]],[[[105.0676420650294,-5.764593173935832],[105.0676017304356,-5.764567587324247],[105.0676436963996,-5.764532696326866],[105.0676638906761,-5.764572577662345],[105.0676420650294,-5.764593173935832]]],[[[105.089098113787,-5.764518565279512],[105.0890787046186,-5.764501944908743],[105.0891172477628,-5.764494885230746],[105.0891150803967,-5.764499775743984],[105.089098113787,-5.764518565279512]]],[[[105.067512300952,-5.764520532996168],[105.0674788353801,-5.764498328734805],[105.0675238653342,-5.764457089423106],[105.0675496327094,-5.764492067654795],[105.067512300952,-5.764520532996168]]],[[[105.0675683880707,-5.76443930712827],[105.0675112460472,-5.764428160930794],[105.0675004829609,-5.764383386384146],[105.0675685346602,-5.764379477031215],[105.0675683880707,-5.76443930712827]]],[[[105.0681012435776,-5.764358563297004],[105.0680691206935,-5.764356824907483],[105.0680080567265,-5.764336508323157],[105.0680878751554,-5.764309570030583],[105.0681012435776,-5.764358563297004]]],[[[105.0675396943015,-5.764340936584914],[105.0674908692083,-5.764329409074946],[105.0674952552019,-5.764300054303976],[105.067509963614,-5.764307283054641],[105.0675396943015,-5.764340936584914]]],[[[105.0675309951594,-5.764246042820601],[105.0675291110797,-5.76427618989415],[105.0673669992877,-5.764287442211628],[105.0674724196166,-5.764182708964841],[105.0675309951594,-5.764246042820601]]],[[[105.06764381511,-5.764081763662413],[105.0676339918153,-5.764045342018846],[105.0677905089249,-5.763990609279172],[105.0677581027543,-5.764055585296982],[105.06764381511,-5.764081763662413]]],[[[105.0679209672789,-5.764159946224438],[105.0678655996178,-5.764102489438264],[105.0679329930133,-5.763956860420708],[105.0680065332749,-5.764047363694828],[105.0679209672789,-5.764159946224438]]],[[[105.0862864058929,-5.764636939443139],[105.086268128971,-5.764286949383183],[105.0866928140222,-5.763943963243249],[105.0866203052829,-5.764123791679569],[105.0862864058929,-5.764636939443139]]],[[[105.0675714070948,-5.763967388783867],[105.0675387347249,-5.763958805654283],[105.0676207322111,-5.763920758036515],[105.0675929593477,-5.763951174906782],[105.0675714070948,-5.763967388783867]]],[[[105.067716135891,-5.763972666905008],[105.0677013096678,-5.763940831803875],[105.067767124753,-5.763908083890871],[105.0677569381322,-5.763955471867436],[105.067716135891,-5.763972666905008]]],[[[105.0869215475915,-5.763756867385509],[105.0869164628245,-5.763717618273371],[105.0869655082516,-5.763700174123691],[105.0869631448333,-5.763715600194778],[105.0869215475915,-5.763756867385509]]],[[[105.0874005346071,-5.764283087694348],[105.0869357757655,-5.764292812962849],[105.0865389544093,-5.765104353982657],[105.0867148393185,-5.764100619747729],[105.0873493901623,-5.763538443644193],[105.0874005346071,-5.764283087694348]]],[[[105.0680960661806,-5.763583353988525],[105.0680160912697,-5.763544820736825],[105.0680834972556,-5.763462876310647],[105.0681199908449,-5.763534108012606],[105.0680960661806,-5.763583353988525]]],[[[105.0615078181313,-5.763649711365008],[105.0613451694441,-5.76353669985881],[105.061529115876,-5.763377730298006],[105.0615951072285,-5.763536185446564],[105.0615078181313,-5.763649711365008]]],[[[105.0864177797568,-5.763332571740757],[105.0864183939937,-5.763266967996098],[105.0864867307781,-5.763221161027746],[105.0864851066024,-5.763273308216536],[105.0864177797568,-5.763332571740757]]],[[[105.0865552321383,-5.763371391876219],[105.0866154831182,-5.763216801114427],[105.0866786128278,-5.76318020680107],[105.0866734911888,-5.763257016098392],[105.0865552321383,-5.763371391876219]]],[[[105.0872682002673,-5.763279717684781],[105.0871928388785,-5.763260525252959],[105.0872242252179,-5.763175358555887],[105.0873462488304,-5.763204984022766],[105.0872682002673,-5.763279717684781]]],[[[105.0864371349659,-5.763194628329397],[105.0864396152961,-5.763174753312209],[105.0864740098678,-5.763159600634963],[105.0864690096372,-5.763165760091641],[105.0864371349659,-5.763194628329397]]],[[[105.0875409889256,-5.763067037014106],[105.0874871564072,-5.762996853022243],[105.0874911556923,-5.762941566300198],[105.0875649585561,-5.762955039943111],[105.0875409889256,-5.763067037014106]]],[[[105.0879992258836,-5.762947287787038],[105.0881457740083,-5.763243341906658],[105.0877714428978,-5.764017346123555],[105.0876070351366,-5.762965704103954],[105.0879992258836,-5.762947287787038]]],[[[105.0875913491615,-5.762530165134975],[105.0875508113209,-5.76247759976141],[105.0876039909315,-5.76211792939885],[105.0876576939475,-5.762369053389075],[105.0875913491615,-5.762530165134975]]],[[[105.0877229127823,-5.762001004043053],[105.0876662518961,-5.762051823832585],[105.0875958223893,-5.762030821065504],[105.0877058067777,-5.761961959077126],[105.0877229127823,-5.762001004043053]]],[[[105.0608532870496,-5.761827573383797],[105.0608151270165,-5.761801847377316],[105.0608952359265,-5.761769984397239],[105.0608918607708,-5.76179778963624],[105.0608532870496,-5.761827573383797]]],[[[105.0610408829304,-5.761784228759107],[105.0610248030523,-5.761758369652962],[105.0610336397907,-5.761686082146936],[105.0610616203975,-5.761769793740949],[105.0610408829304,-5.761784228759107]]],[[[105.0604240361404,-5.761453095683748],[105.0604245010899,-5.761387399309007],[105.06047001398,-5.761384732819134],[105.0604692126841,-5.761402785809881],[105.0604240361404,-5.761453095683748]]],[[[105.0611767309214,-5.761508633316729],[105.0611612400993,-5.761384823650654],[105.0613144099322,-5.76134489195315],[105.0613068070635,-5.761395674870488],[105.0611767309214,-5.761508633316729]]],[[[105.0610771462933,-5.761190658222207],[105.0610132296769,-5.761147172404061],[105.0611080649853,-5.761073327272185],[105.0611226933576,-5.761112683403517],[105.0610771462933,-5.761190658222207]]],[[[105.061636870845,-5.761022281752818],[105.0614377393603,-5.761185167861153],[105.061156394552,-5.76117586797185],[105.0615678137036,-5.76088236702759],[105.061636870845,-5.761022281752818]]],[[[104.7851667982092,-5.760481771216756],[104.8528241636043,-5.80188389622485],[104.8556453125812,-5.845862433204711],[104.8132780000797,-5.825251999879892],[104.8039113172535,-5.801538993629566],[104.7810636000052,-5.779068115700951],[104.7851667982092,-5.760481771216756]]],[[[105.0614926402731,-5.760466830779602],[105.0613835956764,-5.760552816759094],[105.061338355281,-5.760552036147518],[105.0613898306762,-5.760391535940616],[105.0614926402731,-5.760466830779602]]],[[[105.0613437808908,-5.760268069815559],[105.0612708557654,-5.760181286137448],[105.0613865634393,-5.760126546203085],[105.0614408582091,-5.760200855385093],[105.0613437808908,-5.760268069815559]]],[[[105.0612148118142,-5.760157831818428],[105.0611876136176,-5.760085743961855],[105.0612821143781,-5.760058658180504],[105.0612565691354,-5.760121501006469],[105.0612148118142,-5.760157831818428]]],[[[105.0565871191003,-5.758292570445781],[105.0565537992185,-5.758259596802943],[105.0566245290988,-5.758190072913453],[105.0566339396047,-5.758227455932267],[105.0565871191003,-5.758292570445781]]],[[[105.0891521990149,-5.758203459322146],[105.08909734037,-5.758142666051106],[105.0892601239557,-5.758042305308101],[105.0892479372426,-5.758117189156912],[105.0891521990149,-5.758203459322146]]],[[[105.0562858920803,-5.75808518228527],[105.056295980675,-5.758011838975178],[105.0563291971348,-5.757994438892204],[105.0563402623932,-5.758022459968507],[105.0562858920803,-5.75808518228527]]],[[[105.0579413614048,-5.758206243623202],[105.0577727223333,-5.758209893072034],[105.0579686918017,-5.757798717636645],[105.0580075973728,-5.757976949776359],[105.0579413614048,-5.758206243623202]]],[[[105.0889015606586,-5.757668014667131],[105.0889050824037,-5.757964671332409],[105.0885602769353,-5.757997865309131],[105.0886664158225,-5.757787175737476],[105.0889015606586,-5.757668014667131]]],[[[105.0885080595994,-5.757590555159967],[105.0884637688879,-5.75757794936285],[105.0884735031498,-5.757511394135476],[105.0885322001011,-5.757528569387985],[105.0885080595994,-5.757590555159967]]],[[[105.088550949167,-5.757504481046886],[105.0885610071848,-5.757484588043286],[105.0885839605814,-5.757490736708063],[105.0885801798315,-5.757493669397266],[105.088550949167,-5.757504481046886]]],[[[105.0886521435816,-5.757484683371387],[105.0886232465656,-5.757469222226844],[105.0886540699294,-5.757423310936963],[105.0886702298474,-5.757446864181385],[105.0886521435816,-5.757484683371387]]],[[[105.057429690328,-5.757823309598002],[105.0574302191293,-5.757487384934804],[105.0575020569744,-5.757379843105229],[105.057572257154,-5.757502298392295],[105.057429690328,-5.757823309598002]]],[[[105.0603047500642,-5.757558917010356],[105.0602549492066,-5.757489414704668],[105.0604261297621,-5.757324190359085],[105.0604288052453,-5.757466205900633],[105.0603047500642,-5.757558917010356]]],[[[105.0883494776463,-5.757167702927094],[105.0883210950425,-5.757122765603099],[105.0885002067192,-5.757019699699376],[105.0884484192592,-5.757121630658694],[105.0883494776463,-5.757167702927094]]],[[[105.0884545148641,-5.756993574393902],[105.0883032183189,-5.757020083709889],[105.0883977118849,-5.75684725109971],[105.0884475388229,-5.75688369162897],[105.0884545148641,-5.756993574393902]]],[[[105.0567306068321,-5.757710461768343],[105.0564705768557,-5.7578410163498],[105.0568801730816,-5.756838021357583],[105.0567056335582,-5.757522623969872],[105.0567306068321,-5.757710461768343]]],[[[105.0697845469194,-5.757064309670116],[105.0697404000995,-5.756935504270081],[105.0697892908432,-5.756698184873325],[105.0698926211477,-5.756782749024562],[105.0697845469194,-5.757064309670116]]],[[[105.0588909897275,-5.757377905965536],[105.0586099246084,-5.757699510723827],[105.0584378042613,-5.758136762001945],[105.0588580358697,-5.756651356274992],[105.0588909897275,-5.757377905965536]]],[[[105.0567166808302,-5.756743481026731],[105.0566988346835,-5.756657727971763],[105.0567633934159,-5.756549415423144],[105.0568341223969,-5.756684409058169],[105.0567166808302,-5.756743481026731]]],[[[105.0571799647836,-5.756516705281704],[105.0571301450402,-5.756447351364073],[105.0571692997235,-5.756404888974379],[105.057226992132,-5.756433812070742],[105.0571799647836,-5.756516705281704]]],[[[105.056870928051,-5.756595171130189],[105.056803600306,-5.756468356829173],[105.0569337726755,-5.756297618740084],[105.0569285790907,-5.756516835683349],[105.056870928051,-5.756595171130189]]],[[[105.0574897533495,-5.756377464148591],[105.0574781089277,-5.756314696865753],[105.0574965989889,-5.756280740263867],[105.0575363742044,-5.75634001727792],[105.0574897533495,-5.756377464148591]]],[[[105.0707963930392,-5.756501896145564],[105.0707642818462,-5.756382628955129],[105.0709951477079,-5.756155294730973],[105.0709695161304,-5.756323272800738],[105.0707963930392,-5.756501896145564]]],[[[105.0576543391765,-5.756717721745445],[105.0577664180858,-5.757032057283577],[105.0575102264159,-5.756714712613834],[105.0577167350394,-5.756090646066418],[105.0576543391765,-5.756717721745445]]],[[[105.0768360690294,-5.756041349728473],[105.0768275182754,-5.755986958731078],[105.0769469491425,-5.755879943904211],[105.0769178066116,-5.755990797037639],[105.0768360690294,-5.756041349728473]]],[[[105.0712467870097,-5.755846203139718],[105.0711266807518,-5.755927421813015],[105.0710462157103,-5.755824830751325],[105.0711919445526,-5.755757915795171],[105.0712467870097,-5.755846203139718]]],[[[105.0577473920286,-5.755694851735952],[105.0578170562122,-5.755831497425649],[105.0575612197745,-5.755956459123261],[105.0576139865963,-5.755745011423111],[105.0577473920286,-5.755694851735952]]],[[[105.0575618349108,-5.755750970330967],[105.0574886831563,-5.755754163823549],[105.0573728216984,-5.755837879914142],[105.0575454762428,-5.755633807554154],[105.0575618349108,-5.755750970330967]]],[[[105.0764566567494,-5.755987404794797],[105.0765060987775,-5.75573135881509],[105.0766266969646,-5.75558433674768],[105.0767079570066,-5.755906859713792],[105.0764566567494,-5.755987404794797]]],[[[105.0768207832527,-5.755883909914487],[105.0767462852129,-5.755695538817988],[105.0768360069762,-5.755543810598311],[105.0768772238049,-5.755786714785031],[105.0768207832527,-5.755883909914487]]],[[[105.018084607119,-5.754896911163491],[105.0178346072813,-5.754840911278939],[105.0179196067046,-5.754521910957314],[105.0181466072802,-5.754574910703506],[105.018084607119,-5.754896911163491]]],[[[105.0769737372483,-5.754470902310231],[105.0769804021239,-5.754447011820111],[105.0770012789859,-5.754429629723549],[105.0770101004358,-5.754453977069288],[105.0769737372483,-5.754470902310231]]],[[[105.076940538775,-5.754414690185764],[105.0769308422846,-5.75436448463316],[105.0769813437141,-5.754356250440543],[105.076964308756,-5.7544011122215],[105.076940538775,-5.754414690185764]]],[[[105.0834731151922,-5.75437684941205],[105.0834704091321,-5.754324254360802],[105.0835373240883,-5.754274674736396],[105.083517085745,-5.754335905977274],[105.0834731151922,-5.75437684941205]]],[[[105.076890279263,-5.754330995678884],[105.0768311263555,-5.754252235752037],[105.0769205459465,-5.754183674137251],[105.0769590279368,-5.754266692353908],[105.076890279263,-5.754330995678884]]],[[[105.0771234204096,-5.754232579270083],[105.0770160764308,-5.754203804561867],[105.0770023329914,-5.754128750741198],[105.0770506409743,-5.754107363963604],[105.0771234204096,-5.754232579270083]]],[[[105.0733770983744,-5.753980030753762],[105.073274725848,-5.753962403142302],[105.0732444798489,-5.753855596058858],[105.0732902661329,-5.753880938954107],[105.0733770983744,-5.753980030753762]]],[[[105.0771505601503,-5.75391631288749],[105.0771293946059,-5.753905997663614],[105.0771269628391,-5.753848022867984],[105.0771634816095,-5.753877291303925],[105.0771505601503,-5.75391631288749]]],[[[105.0408464885747,-5.753898524297422],[105.0407892692095,-5.753880983920182],[105.0408195017187,-5.753840196068153],[105.0408620693291,-5.753867019247475],[105.0408464885747,-5.753898524297422]]],[[[105.0770107092769,-5.753988309912542],[105.0769873763664,-5.754074180778782],[105.0768492881642,-5.754141211747469],[105.0769773651134,-5.753830763079185],[105.0770107092769,-5.753988309912542]]],[[[105.0770705798435,-5.753807567764983],[105.0770570369527,-5.753801325570666],[105.077052586208,-5.753743000938697],[105.0771062082849,-5.753779220234793],[105.0770705798435,-5.753807567764983]]],[[[105.0769633275956,-5.753715234370541],[105.0769473232604,-5.753651073138481],[105.0769782149727,-5.75363171523147],[105.0769901660634,-5.753653233310078],[105.0769633275956,-5.753715234370541]]],[[[105.0408714654458,-5.753700061008952],[105.0408528971435,-5.753641973798],[105.0409813940762,-5.753576391637142],[105.040912666986,-5.753668545167193],[105.0408714654458,-5.753700061008952]]],[[[105.077367298562,-5.753669814110633],[105.0773507861099,-5.753598427725207],[105.0773668731827,-5.753567771635274],[105.0773857445565,-5.7536130812786],[105.077367298562,-5.753669814110633]]],[[[105.0392259444218,-5.754306363248033],[105.0388303506403,-5.754489407660016],[105.0382238253693,-5.755291840346092],[105.0387004912347,-5.754349018992037],[105.039752777169,-5.753557433029036],[105.0392259444218,-5.754306363248033]]],[[[105.0410938102312,-5.753648163831641],[105.041091327203,-5.753581768683595],[105.0411789562439,-5.75353184641754],[105.0411769507557,-5.753566311136264],[105.0410938102312,-5.753648163831641]]],[[[105.0772248504466,-5.753579410661284],[105.0772061841182,-5.753473073023833],[105.0773758061486,-5.753366826217991],[105.077319445636,-5.753538059833544],[105.0772248504466,-5.753579410661284]]],[[[105.0394827800064,-5.753561097766439],[105.039451605907,-5.753501836040868],[105.0397594924067,-5.753360605607475],[105.0395982943259,-5.753509866087451],[105.0394827800064,-5.753561097766439]]],[[[105.0229817106375,-5.7544154654013],[105.0224147672278,-5.754230217650384],[105.022912488021,-5.753234587206427],[105.0234433569255,-5.753648772672618],[105.0229817106375,-5.7544154654013]]],[[[105.0393341751321,-5.753224949172057],[105.0393401610197,-5.753063985814303],[105.0398060341212,-5.75266048339456],[105.0397779671795,-5.7529777219443],[105.0393341751321,-5.753224949172057]]],[[[105.0444739301278,-5.751023230737466],[105.0444505360635,-5.750902905944314],[105.0446100479155,-5.75082898257138],[105.0445997425841,-5.750925480726358],[105.0444739301278,-5.751023230737466]]],[[[105.0450512256336,-5.750198478676775],[105.0450780946784,-5.75011484172652],[105.0451445869532,-5.750109594182432],[105.0450795263991,-5.750183742385743],[105.0450512256336,-5.750198478676775]]],[[[105.0458327059147,-5.750453316867058],[105.0456566663221,-5.750337053412195],[105.0459505341899,-5.750054723846424],[105.0459178420348,-5.750373682799185],[105.0458327059147,-5.750453316867058]]],[[[105.045090526007,-5.74997035664662],[105.0450685789518,-5.749958231986766],[105.0450431164467,-5.74992009173874],[105.0451090106723,-5.749945231387236],[105.045090526007,-5.74997035664662]]],[[[105.0462748575986,-5.749783398385126],[105.0465835588842,-5.750001570316136],[105.0464138631094,-5.750196680932066],[105.0461126019152,-5.749897686928644],[105.0462748575986,-5.749783398385126]]],[[[105.0458029626367,-5.749926055143265],[105.0457992709197,-5.749776147151379],[105.0459589662334,-5.749677372812449],[105.0459746486112,-5.749810210772547],[105.0458029626367,-5.749926055143265]]],[[[105.0458410839989,-5.749611963321381],[105.045788995266,-5.749593742157425],[105.0457772582139,-5.74957560822769],[105.0458234446963,-5.749558014790494],[105.0458410839989,-5.749611963321381]]],[[[105.0458793447561,-5.749482603039694],[105.0458494620831,-5.749475809560937],[105.045826336916,-5.749434852636241],[105.0458945540905,-5.749458272780998],[105.0458793447561,-5.749482603039694]]],[[[105.0165082493563,-5.749980604421338],[105.0175272486837,-5.752936604040996],[105.0145242486952,-5.754699604403227],[105.0143469311661,-5.750449852678478],[105.0165082493563,-5.749980604421338]]],[[[105.049789174331,-5.749144939986976],[105.0497786774441,-5.749047958896173],[105.0498290502705,-5.748965830108935],[105.0498607171984,-5.749095944022534],[105.049789174331,-5.749144939986976]]],[[[105.0501001113311,-5.748929563148745],[105.0499974789006,-5.748946207801246],[105.0499821517549,-5.748744168808243],[105.0500923771616,-5.748812004670238],[105.0501001113311,-5.748929563148745]]],[[[105.0520541942457,-5.74843464644175],[105.0520482955924,-5.748437040436975],[105.0521011199707,-5.748353964663692],[105.0520884071543,-5.748404375261699],[105.0520541942457,-5.74843464644175]]],[[[105.0519930547358,-5.748414268703498],[105.0519449562947,-5.748313619278082],[105.0520113541408,-5.7482445450497],[105.0520346151055,-5.748293417806919],[105.0519930547358,-5.748414268703498]]],[[[105.0521295907081,-5.748273424978549],[105.0521134964408,-5.748257962035267],[105.0521430850354,-5.748232254914568],[105.052154167381,-5.748252283715853],[105.0521295907081,-5.748273424978549]]],[[[105.0467248702566,-5.748235150731577],[105.0466759219563,-5.748223148379576],[105.0467040365621,-5.748137943910939],[105.0467461203372,-5.748186427261785],[105.0467248702566,-5.748235150731577]]],[[[105.0509566930969,-5.748306157603071],[105.0509485929033,-5.748260602444847],[105.0510603399628,-5.748086839935666],[105.051067916751,-5.748198626565308],[105.0509566930969,-5.748306157603071]]],[[[105.049332501294,-5.748150682807721],[105.049283311076,-5.748068266237442],[105.0493556102733,-5.74798591711632],[105.0493963738437,-5.748058175844121],[105.049332501294,-5.748150682807721]]],[[[105.0490471625966,-5.748009360643439],[105.0490126493144,-5.747946650917227],[105.0490689091029,-5.747805218136274],[105.0490857632974,-5.747942413311672],[105.0490471625966,-5.748009360643439]]],[[[105.0084809996985,-5.744554999913269],[105.0079149996776,-5.744538000028657],[105.0077120002087,-5.743927999777369],[105.0083119999988,-5.743955000123061],[105.0084809996985,-5.744554999913269]]],[[[105.0209807055951,-5.74402024593759],[105.0207713137451,-5.743696639288468],[105.0208664916953,-5.742154748043119],[105.0212472061937,-5.742706783391308],[105.0209807055951,-5.74402024593759]]],[[[105.0183165890394,-5.741967031653131],[105.0180575887868,-5.741686032184549],[105.0186045888308,-5.74131203202464],[105.0187415888533,-5.741621031885095],[105.0183165890394,-5.741967031653131]]],[[[105.0116176893049,-5.733460500901336],[105.0114844385561,-5.733317734425806],[105.0118032868923,-5.732989367665179],[105.0118556346299,-5.733189242889195],[105.0116176893049,-5.733460500901336]]],[[[105.0124838128778,-5.733227313889325],[105.0123791156037,-5.733184483676971],[105.0127122406775,-5.732799010865612],[105.0127693476273,-5.733127376726958],[105.0124838128778,-5.733227313889325]]],[[[105.0137496859992,-5.733103581565028],[105.0136069177251,-5.73307978820166],[105.0141399171235,-5.732375467054122],[105.0140685343355,-5.732575342278138],[105.0137496859992,-5.733103581565028]]],[[[105.0143540690851,-5.732741903915687],[105.0142446143975,-5.732779974915817],[105.0145349083594,-5.732304083366716],[105.0144587645604,-5.732575342278138],[105.0143540690851,-5.732741903915687]]],[[[105.0151345322329,-5.732237457992254],[105.0148156838967,-5.732570583065914],[105.0146633989968,-5.732522993641157],[105.0147823721088,-5.732251734729735],[105.0151345322329,-5.732237457992254]]],[[[105.0162719147171,-5.732099449829756],[105.0162338428177,-5.731909093030189],[105.016590762154,-5.731823431705933],[105.0165717271036,-5.731899574605651],[105.0162719147171,-5.732099449829756]]],[[[105.0170381011275,-5.732637208440376],[105.0169000920657,-5.732689556177987],[105.0170143059655,-5.731790119918027],[105.0170999672898,-5.732337396053903],[105.0170381011275,-5.732637208440376]]],[[[105.0057026008944,-5.727491218444917],[105.0058977169062,-5.726796414822636],[105.0065592069419,-5.726658405760769],[105.0062022876056,-5.727139058320833],[105.0057026008944,-5.727491218444917]]],[[[105.0068411731817,-5.72626103581804],[105.0067055437259,-5.726239621161503],[105.0067733589035,-5.72597906957835],[105.0068697266566,-5.726025470099287],[105.0068411731817,-5.72626103581804]]],[[[104.9914194737297,-5.725172374105706],[104.9912172197989,-5.725089092387651],[104.9913302438956,-5.724892786572847],[104.9914849093012,-5.725029605831614],[104.9914194737297,-5.725172374105706]]],[[[104.9900810271178,-5.724868992310109],[104.9899525355811,-5.724833300016722],[104.990313025226,-5.72444663830172],[104.9903308713727,-5.724506123958387],[104.9900810271178,-5.724868992310109]]],[[[105.001074549351,-5.724390779610714],[105.0010388579569,-5.724322965332521],[105.0012851319034,-5.724144505664323],[105.0012672857566,-5.724219458760941],[105.001074549351,-5.724390779610714]]],[[[104.9937834676329,-5.721956531568643],[104.993719222764,-5.72193868632123],[104.9938167812196,-5.7217721237844],[104.9938262987448,-5.721860163815488],[104.9937834676329,-5.721956531568643]]],[[[104.9861866433989,-5.719640127090101],[104.9859843876694,-5.71957469241802],[104.9860795674182,-5.719063106776882],[104.9862104367623,-5.719289155869748],[104.9861866433989,-5.719640127090101]]],[[[104.9832837001827,-5.719616331928171],[104.9819809449647,-5.719937558971181],[104.9817667939025,-5.720443194697626],[104.9818441257059,-5.719663921352839],[104.9826352970814,-5.719027416282144],[104.9832837001827,-5.719616331928171]]],[[[104.9812076197359,-5.721079700667601],[104.9807971628588,-5.720211196589346],[104.9814634130062,-5.718938186448134],[104.9817489477559,-5.71942002701256],[104.9812076197359,-5.721079700667601]]],[[[104.9844139438485,-5.719360539557242],[104.9840272821334,-5.71940812898191],[104.9839380522994,-5.718777572027348],[104.9844912765512,-5.718938186448134],[104.9844139438485,-5.719360539557242]]],[[[104.6545292561203,-5.717510901207116],[104.6543447557059,-5.717494592001841],[104.6542840802462,-5.717348255217728],[104.6546195840267,-5.71737680779341],[104.6545292561203,-5.717510901207116]]],[[[104.9579609452415,-5.711295683848653],[104.9577253777241,-5.711559803941738],[104.9572399677504,-5.711181469948804],[104.9576480459206,-5.710856674395951],[104.9579609452415,-5.711295683848653]]],[[[104.9548888629307,-5.710530054118638],[104.954436764745,-5.710615713644244],[104.9540084617212,-5.710135062882741],[104.9544795949573,-5.710092232670386],[104.9548888629307,-5.710530054118638]]],[[[104.9690104475741,-5.708884576262178],[104.9688105741487,-5.709032102849213],[104.9686202155506,-5.708936923999789],[104.9691151439487,-5.708827469312253],[104.9690104475741,-5.708884576262178]]],[[[104.9622051886186,-5.708709686003103],[104.9620731285721,-5.708727532149886],[104.962065990653,-5.708645440234842],[104.9622266050739,-5.708588333284918],[104.9622051886186,-5.708709686003103]]],[[[104.9615734418609,-5.707978002083073],[104.9614520900419,-5.707778126858968],[104.961669812312,-5.707688897024958],[104.9617055028068,-5.707756712202431],[104.9615734418609,-5.707978002083073]]],[[[104.9627732615769,-5.707840231341591],[104.9627104439319,-5.707781696268269],[104.9628646326967,-5.707677474735621],[104.9628988968667,-5.707723161194948],[104.9627732615769,-5.707840231341591]]],[[[104.9622837120237,-5.707860217874731],[104.9622301735837,-5.707492592109435],[104.9624478940551,-5.707442623078477],[104.9623586651203,-5.707599667190858],[104.9622837120237,-5.707860217874731]]],[[[104.966559603443,-5.704531352140111],[104.9664501478561,-5.704293405915876],[104.9670307357798,-5.704174432803803],[104.96691652188,-5.704364789603281],[104.966559603443,-5.704531352140111]]],[[[104.9685297968127,-5.704179192016027],[104.9680967345767,-5.704640807727016],[104.9678587892518,-5.704674120414292],[104.9679444487774,-5.704174432803803],[104.9685297968127,-5.704179192016027]]],[[[104.9689580998365,-5.703917449730493],[104.9688248499869,-5.703846067841737],[104.9690104475741,-5.703689022830075],[104.9690532777866,-5.703798478416981],[104.9689580998365,-5.703917449730493]]],[[[104.9622180147496,-5.703098350808204],[104.9622061167189,-5.703294655723727],[104.9615577136177,-5.703157838263521],[104.9621704253249,-5.702860406382618],[104.9622180147496,-5.703098350808204]]],[[[104.2618182117412,-5.544108693761166],[104.2617219896781,-5.543918434987719],[104.2617485781345,-5.543640770205353],[104.2617529740206,-5.543875399729873],[104.2618182117412,-5.544108693761166]]],[[[104.2604513708342,-5.542132412880533],[104.2603440529357,-5.542250900358762],[104.2607250678077,-5.541981246737108],[104.2605235144488,-5.542079959922112],[104.2604513708342,-5.542132412880533]]],[[[104.7214707692607,-5.539103054662212],[104.7214337927355,-5.539051751936767],[104.7214960662905,-5.539016734134953],[104.7215199990487,-5.539057159560271],[104.7214707692607,-5.539103054662212]]],[[[104.7191890498348,-5.535965257090839],[104.7191828768883,-5.535966927131923],[104.7191806052009,-5.535966653738082],[104.7191826178836,-5.535962872988146],[104.7191890498348,-5.535965257090839]]],[[[104.7187355478073,-5.535708256930486],[104.7187220678692,-5.535685313426412],[104.718742776558,-5.535652598788391],[104.7187390119958,-5.535694422659424],[104.7187355478073,-5.535708256930486]]],[[[104.718691084426,-5.535610708367481],[104.7186675770471,-5.53559697122317],[104.7186881526362,-5.535578134922917],[104.7187011721215,-5.535599108911685],[104.718691084426,-5.535610708367481]]],[[[104.718496551175,-5.535608187567735],[104.7184866451426,-5.535584576766776],[104.7185166780023,-5.535570383666214],[104.7185146239508,-5.535577770697468],[104.718496551175,-5.535608187567735]]],[[[104.7171953490862,-5.533641049195007],[104.7171685897587,-5.533621887340149],[104.7171927581393,-5.533580674108744],[104.7172083272026,-5.53361862729778],[104.7171953490862,-5.533641049195007]]],[[[104.7159902521485,-5.532145607933429],[104.7159660280098,-5.532132879828548],[104.7159799288307,-5.532112253877378],[104.7159859542884,-5.532122138326016],[104.7159902521485,-5.532145607933429]]],[[[104.7150859838312,-5.530645768987056],[104.7150683400319,-5.530637597746838],[104.7150591489607,-5.530627611674869],[104.7150950400041,-5.530626427267719],[104.7150859838312,-5.530645768987056]]],[[[104.715145857995,-5.530602297557933],[104.715119541134,-5.53059391137987],[104.7151130165526,-5.530588635956749],[104.7151327683626,-5.530581249824777],[104.715145857995,-5.530602297557933]]],[[[104.7152577111745,-5.530538640845587],[104.7151832841813,-5.53050403223521],[104.7151888626759,-5.530439576025596],[104.7152793731446,-5.530470819372794],[104.7152577111745,-5.530538640845587]]],[[[104.7150371803217,-5.530449262623342],[104.715028714104,-5.530444360418833],[104.7150277185545,-5.530413993011311],[104.7150648839373,-5.530433670177696],[104.7150371803217,-5.530449262623342]]],[[[104.715112235941,-5.53037200186635],[104.7150677150031,-5.530357353708818],[104.7150698859665,-5.530325892725755],[104.7151306819355,-5.530331896599686],[104.715112235941,-5.53037200186635]]],[[[104.7151112610759,-5.53026605003815],[104.715122590735,-5.530246275744925],[104.7151741911361,-5.530245222638878],[104.7151648660658,-5.530249566364346],[104.7151112610759,-5.53026605003815]]],[[[104.7148935370072,-5.53009693792326],[104.7148883407244,-5.53010175918878],[104.7148947645818,-5.53008385818348],[104.7148963860595,-5.530092465594708],[104.7148935370072,-5.53009693792326]]],[[[104.7147519648313,-5.530045012867006],[104.7147545530802,-5.530036070907921],[104.7147609337702,-5.530029849397947],[104.7147632711081,-5.530037921712675],[104.7147519648313,-5.530045012867006]]],[[[104.7146316274477,-5.52998844191304],[104.7146285796453,-5.52999434416355],[104.7146271883941,-5.529984242079048],[104.7146316274477,-5.52998844191304]]],[[[104.7150031463782,-5.529993292856154],[104.7150124669518,-5.530036432435351],[104.7148839313484,-5.530033061776311],[104.7149536845649,-5.529908454411617],[104.7150031463782,-5.529993292856154]]],[[[104.7132865843085,-5.527369037850764],[104.7132816982918,-5.527366694217476],[104.7132802027192,-5.527350681788493],[104.713301788247,-5.527359650727241],[104.7132865843085,-5.527369037850764]]],[[[104.7133408745818,-5.527224969156989],[104.7133348482248,-5.527219889786021],[104.7133452767632,-5.52717163396366],[104.7133526134325,-5.527215499295827],[104.7133408745818,-5.527224969156989]]],[[[104.7130214731625,-5.527134875074394],[104.7130013418385,-5.527133877726235],[104.7130266928277,-5.527113466713089],[104.7130326373464,-5.527132000841099],[104.7130214731625,-5.527134875074394]]],[[[104.7129733711242,-5.527106526644835],[104.7129407500157,-5.527040671090048],[104.7129658743756,-5.527011276748953],[104.7130028248206,-5.527078778063092],[104.7129733711242,-5.527106526644835]]],[[[104.7129300822575,-5.526970306334515],[104.7129245388364,-5.526973158084728],[104.712925269086,-5.526951373806791],[104.7129336345796,-5.526961436321169],[104.7129300822575,-5.526970306334515]]],[[[104.7120197246307,-5.526413474901907],[104.7119899130042,-5.526399674805108],[104.7120044964105,-5.526373473057315],[104.7120116406248,-5.526382706396741],[104.7120197246307,-5.526413474901907]]],[[[104.7119260674342,-5.526322728810821],[104.7119260161728,-5.526310035779484],[104.711931875256,-5.526310124812354],[104.7119328294366,-5.526313080883919],[104.7119260674342,-5.526322728810821]]],[[[104.710979657785,-5.525366158621273],[104.7109871923052,-5.525339112410047],[104.7109950182056,-5.52533450158588],[104.7109986640571,-5.525346021001968],[104.710979657785,-5.525366158621273]]],[[[104.7102084018963,-5.524849231007138],[104.710158448154,-5.524811937021282],[104.7101719092063,-5.524779332999755],[104.7102329210125,-5.524796112550482],[104.7102084018963,-5.524849231007138]]],[[[104.7080395320987,-5.522114101284695],[104.708016567011,-5.522082452343184],[104.7080237498962,-5.522046656627903],[104.7080715362725,-5.522080935187005],[104.7080395320987,-5.522114101284695]]],[[[104.695782630564,-5.520328675428025],[104.695775302888,-5.52032734802859],[104.6957586987051,-5.520321283900102],[104.6957747731873,-5.520319442987879],[104.695782630564,-5.520328675428025]]],[[[104.6957505580419,-5.520314157672227],[104.6957387913123,-5.52031391215733],[104.6957451009557,-5.520295317774674],[104.6957527928572,-5.520310001005661],[104.6957505580419,-5.520314157672227]]],[[[104.6959223582303,-5.51976213581387],[104.6958969577784,-5.519753361128624],[104.6958989911457,-5.519716859445437],[104.6959465023293,-5.519721444189222],[104.6959223582303,-5.51976213581387]]],[[[104.6958300239366,-5.51966917828988],[104.6958258007202,-5.519671333964808],[104.6958250848598,-5.519659968332816],[104.6958358983081,-5.519662376717331],[104.6958300239366,-5.51966917828988]]],[[[104.6958253771395,-5.519519010393984],[104.6958173605828,-5.519518618289591],[104.6958056945772,-5.519499351214011],[104.6958261649457,-5.519515290797975],[104.6958253771395,-5.519519010393984]]],[[[104.6962494551483,-5.519393555867839],[104.6962443721801,-5.519392795041415],[104.6962382567902,-5.519383504145362],[104.6962592397721,-5.519385255125346],[104.6962494551483,-5.519393555867839]]],[[[104.5703972128612,-5.507369629105056],[104.5696665793492,-5.508082123291373],[104.5679075701783,-5.508593289848455],[104.5688979926483,-5.507709955949717],[104.5703972128612,-5.507369629105056]]],[[[104.5466739057762,-5.09433189380182],[104.5673725320168,-5.104144572014294],[104.5938744321594,-5.13198647099882],[104.6086802479951,-5.13797192956085],[104.617221802844,-5.131633604007549],[104.6524295432888,-5.13251488385478],[104.6827972466957,-5.156704554171723],[104.7006825408666,-5.155831575966443],[104.7213071915737,-5.12500215612455],[104.750690539337,-5.118138087802462],[104.7591870012792,-5.132965247248292],[104.7882192258367,-5.145029674080151],[104.7933607803758,-5.155614002983791],[104.7715109265881,-5.183957757844196],[104.7864274678534,-5.207761779982059],[104.7797726852612,-5.234555219647667],[104.7896628256789,-5.23917437869457],[104.7874456317106,-5.259534955173954],[104.804072709588,-5.272220042820645],[104.8098849955961,-5.299823028809651],[104.8222085144115,-5.312239848690029],[104.8553473797779,-5.336040475887208],[104.8685767533146,-5.337288097267815],[104.8681859169466,-5.37812210165363],[104.884516699686,-5.386825000273524],[104.9055861002184,-5.416700000204759],[104.9009555998211,-5.422316666580843],[104.9124639002888,-5.429041667339066],[104.8920949241415,-5.428361598209167],[104.8866694410419,-5.435243203311106],[104.9164722002319,-5.44788888896102],[104.9001299106669,-5.511743170710729],[104.8911673507927,-5.508252178795007],[104.8984679257542,-5.533863950660737],[104.8891161078222,-5.552889235349915],[104.9068728070344,-5.569056720091473],[104.9519141493186,-5.570495781055377],[104.9930556004357,-5.581944443880963],[105.0308333002167,-5.621111110589253],[105.0499999997002,-5.619722221902971],[105.0741667004329,-5.645555556143992],[105.0813889003775,-5.712500000174784],[105.0966667002082,-5.706388889235806],[105.1099042908504,-5.74977161816557],[105.135426229437,-5.77034853105978],[105.1464145508909,-5.790342286667175],[105.19465495796,-5.794923327049854],[105.1950790602505,-5.802579099146036],[105.1863697953298,-5.805082515845398],[105.1831928718536,-5.801943013159486],[105.1818659230739,-5.802551025909056],[105.1807591319285,-5.801227822805703],[105.178003262041,-5.80114301943471],[105.1772016594291,-5.802542537208292],[105.1728558996801,-5.800610561428225],[105.1614570736851,-5.808026115612711],[105.1540088768082,-5.804867916920812],[105.1489148316542,-5.809354267685211],[105.1419737363989,-5.799431302912232],[105.1334947950488,-5.793174645693248],[105.125584155984,-5.796934384714073],[105.1275672510279,-5.784857870094554],[105.1229566814058,-5.777466068803942],[105.1166098806415,-5.774677433017032],[105.1050067700465,-5.782151249780369],[105.0975909811389,-5.793938140432767],[105.0888020308891,-5.795590695953815],[105.1091512849039,-5.774093640808856],[105.1054218368484,-5.77038815339053],[105.0960026129303,-5.771736495243011],[105.0876495074189,-5.775749664115696],[105.0881468001348,-5.769884830720321],[105.0901545213142,-5.766479781616577],[105.0870909393954,-5.755544424835327],[105.0805937198244,-5.752985960633498],[105.0717814717377,-5.753070227109251],[105.0629484286271,-5.764669885207033],[105.0610241618356,-5.757207988957517],[105.0594675441918,-5.756100980175986],[105.0591995875909,-5.75663816861656],[105.0590045471222,-5.756433715843271],[105.0584042631463,-5.757069320692557],[105.0580429650109,-5.751714805793621],[105.0524954304198,-5.747845398046606],[105.0393046324029,-5.754812406367441],[105.0414699112075,-5.749824440745303],[105.0397025239523,-5.747523348123965],[105.0275701353535,-5.752117147188488],[105.0231641659936,-5.741599532692269],[105.0327831374319,-5.734871607338813],[105.0299436728623,-5.727720441245302],[105.0199201935622,-5.724282119923866],[105.0106578293953,-5.733220960179056],[105.0106578293953,-5.72507963421767],[104.9864135432504,-5.721910518655519],[104.9884717766512,-5.712238009676333],[104.967473033154,-5.714849468228315],[104.9698346492497,-5.712285599101089],[104.9717025249516,-5.699156921754493],[104.9649686505828,-5.693000066799562],[104.9588043852143,-5.69706659424785],[104.9593350041072,-5.709808600886194],[104.9348823540374,-5.701630870368283],[104.9339971954143,-5.693521666391702],[104.9270253739219,-5.697447777293067],[104.9128549956616,-5.686309105380864],[104.9024450920674,-5.656919363437821],[104.8867615765855,-5.663593923920444],[104.8283457083879,-5.621139632587883],[104.7773047737964,-5.605328064438612],[104.7494226463381,-5.567417881030305],[104.7281071939918,-5.558947958081787],[104.7085094557468,-5.521833586550676],[104.6634222813133,-5.517652008833077],[104.603757931983,-5.496139753346866],[104.5598045499401,-5.513267276063941],[104.5307200370001,-5.543418718598917],[104.5478031907647,-5.558390025878949],[104.5670591587533,-5.604475454078876],[104.6425311416989,-5.690188531575372],[104.6562399968784,-5.726492524010744],[104.6443567519627,-5.731632303288129],[104.6445719498357,-5.743597637420964],[104.7106199046849,-5.832293972089068],[104.6980140383173,-5.878528229993733],[104.7265699063762,-5.909508806985801],[104.7328009751849,-5.929422020210033],[104.6779649177468,-5.934594649023754],[104.6833100868911,-5.9332809949219],[104.6848398390874,-5.928938900809547],[104.6710212252494,-5.926405105011571],[104.6676890383185,-5.929407290214232],[104.6671546989303,-5.932305761101889],[104.6756176251533,-5.933982904087713],[104.6585686456265,-5.936374574626838],[104.6585962925849,-5.918747445238352],[104.6649450961394,-5.915187425858973],[104.6581050073403,-5.913407297908416],[104.6601404492224,-5.899574248152976],[104.6451176530573,-5.88055589723682],[104.6344014700518,-5.843043038805166],[104.6393244884345,-5.828800239039803],[104.6537455581111,-5.821092701067236],[104.6176527480759,-5.80131576660932],[104.5885542605707,-5.754503047677487],[104.6137487667923,-5.745357784234332],[104.627961525604,-5.691688450561542],[104.5895049959589,-5.65409345884598],[104.5682021853826,-5.620402567124731],[104.5342975194151,-5.616979089113609],[104.5198589606226,-5.600018638849028],[104.5088177113683,-5.611786348760876],[104.4999681980739,-5.601180635777662],[104.4902520270095,-5.607594791266538],[104.4859555968734,-5.594703757972023],[104.4943040987552,-5.582135001229264],[104.4835080010934,-5.580115116719212],[104.4905345130574,-5.568369188387282],[104.4869658889647,-5.559510521793047],[104.4815485438303,-5.563162758554422],[104.4788134437855,-5.539805282187941],[104.4530811375845,-5.519988312610539],[104.4429514303643,-5.522836673273782],[104.4310353646904,-5.506837237648358],[104.4162037302181,-5.481135584839318],[104.4186002543982,-5.452058465225988],[104.3903817031531,-5.430853530565897],[104.3341202589428,-5.360813889849129],[104.3149444448303,-5.354249999937525],[104.3338774590776,-5.324411559246015],[104.3484379245707,-5.340776446975396],[104.3740330841596,-5.329264380146962],[104.3600628850941,-5.302561096617334],[104.3992754909712,-5.303344408817327],[104.389111072618,-5.282637624826484],[104.364014766968,-5.281188483361702],[104.3800958763238,-5.23774344760202],[104.3740044560409,-5.199481714709256],[104.4301333087053,-5.172318783185206],[104.4503040320055,-5.150218873801895],[104.4829455309116,-5.141022903883899],[104.4964314972159,-5.126834340432465],[104.5142517002558,-5.136233247766134],[104.5339129729055,-5.095458118397358],[104.5466739057762,-5.09433189380182]]]]}},{"type":"Feature","properties":{"kode":"18.07","nama":"Kabupaten Lampung Timur","lat":-5.13133389224478,"lng":105.64898947995604},"geometry":{"type":"MultiPolygon","coordinates":[[[[106.1080953529183,-5.17253200344914],[106.1075074418151,-5.171243908079839],[106.1095597279991,-5.166728880633256],[106.1096513527278,-5.168220003350468],[106.1080953529183,-5.17253200344914]]],[[[106.1104038451614,-5.157182852306688],[106.1094612225575,-5.156006529177917],[106.1105177029297,-5.154550299256824],[106.1110309739004,-5.155568585421902],[106.1104038451614,-5.157182852306688]]],[[[106.2770501178687,-5.089380704156079],[106.2746443081884,-5.087631023652753],[106.2753004382647,-5.085006505146053],[106.2786904417106,-5.086974893576437],[106.2770501178687,-5.089380704156079]]],[[[106.2804401222139,-5.078663915906903],[106.2769407630059,-5.07833585131843],[106.2773781833566,-5.074727137247484],[106.2803307673511,-5.076476816851619],[106.2804401222139,-5.078663915906903]]],[[[105.8452301648403,-4.631033983831204],[105.857314208584,-4.632575338181224],[105.8519326771514,-4.673996697889285],[105.8779736882352,-4.682319900942636],[105.8839786638843,-4.700455731846523],[105.8661973556235,-4.746164106688136],[105.8614230653223,-4.816938648199967],[105.869336122664,-4.868186375600716],[105.8961814334265,-4.912544668401678],[105.9005980489608,-4.93818127504573],[105.8736347876154,-4.963965422666108],[105.8590484702108,-5.037200950863133],[105.8642739548792,-5.25535797209267],[105.8447585064,-5.296479225335896],[105.8521581048127,-5.274926340278333],[105.8292874827312,-5.299146243104572],[105.818422863924,-5.336051683238522],[105.8240093337638,-5.515862530631281],[105.8155014603242,-5.530986406097752],[105.8228781449106,-5.539013042417976],[105.821900053045,-5.571057370801017],[105.8044856600852,-5.583340920147321],[105.7984821674182,-5.603500811113519],[105.7893128929757,-5.599534072439453],[105.7927501593925,-5.614090800350072],[105.7850205250773,-5.609016262390546],[105.7734008768491,-5.621042823267678],[105.7748176580085,-5.612845100820677],[105.7597763331114,-5.615250279176979],[105.764390417284,-5.603224140082012],[105.7540702255605,-5.608625048307284],[105.7560135363957,-5.59101202118775],[105.751923321704,-5.599768175860546],[105.7470475959698,-5.588317744068564],[105.7394181173522,-5.602212966655066],[105.7403741974114,-5.595473523684084],[105.7327376159483,-5.599351788853894],[105.7363256896789,-5.592109293009421],[105.7257924953275,-5.594991159714161],[105.6756263681624,-5.572548533987635],[105.6602851346513,-5.554250359266603],[105.6557335209853,-5.493112728869302],[105.6002899733037,-5.486805813037757],[105.5877052347089,-5.47580215094852],[105.5857834797239,-5.455242317978541],[105.537221288032,-5.453418802235869],[105.5277777779221,-5.468277777897049],[105.5167777778722,-5.461222222327659],[105.5325555557943,-5.425111111088902],[105.5230939819018,-5.373102567129687],[105.541637304618,-5.340015718550521],[105.4901944441184,-5.309388888985981],[105.4817210003239,-5.286179545349671],[105.4738375063959,-5.288429102321216],[105.4708055563314,-5.303694443843447],[105.4161388888987,-5.303555556143972],[105.4555796150073,-5.276213785437792],[105.4539132980603,-5.247431487872837],[105.4324008744009,-5.24735962844403],[105.4373731486519,-5.235437048081319],[105.4175612251705,-5.226137948407564],[105.4189672090695,-5.217527430846205],[105.3796298861105,-5.207745479770034],[105.3756751336006,-5.21786705801828],[105.3430846802139,-5.234378203391347],[105.3312499995879,-5.231111111188794],[105.3198995670115,-5.210009172285426],[105.3038888889611,-5.220611110814025],[105.286254103644,-5.214121010276321],[105.287714614338,-5.202182740341124],[105.2784896601697,-5.197605658774121],[105.2840815079553,-5.171238067882447],[105.2994017548871,-5.172268157649265],[105.3002663738941,-5.178746826904471],[105.3055439652818,-5.170688783560509],[105.3299289359717,-5.167608868154685],[105.3343321021448,-5.145859304962899],[105.3223383656231,-5.132073143160978],[105.3363968259528,-5.112150284707775],[105.3490502044035,-5.108491145649799],[105.3348583467354,-5.09106009724565],[105.3578990692867,-5.071542783572605],[105.354923066946,-5.063706099357004],[105.3182460267329,-5.076303112798344],[105.3088247289781,-5.072080533189974],[105.3166137877961,-5.054534027123639],[105.3658658170539,-5.02824300181304],[105.3581632370438,-5.022220082890419],[105.3648055604284,-5.020237502258842],[105.3633391079135,-5.011185348325123],[105.3201584638421,-5.005161199129995],[105.3464195489231,-4.964303724237398],[105.3606081087773,-4.966735205964914],[105.3672418139586,-4.955151436189789],[105.3796882638024,-4.966603697202812],[105.3877850814165,-4.959197417726616],[105.415767520155,-4.960959989112171],[105.3994126868461,-4.920547723598537],[105.4332776405507,-4.885157071841276],[105.4388560632568,-4.883675854257222],[105.4461743170911,-4.90061338440009],[105.4657610404397,-4.888669821055361],[105.4938125641985,-4.898619124273099],[105.5084703965915,-4.891331915035815],[105.5365349776072,-4.893941039847041],[105.5348344306645,-4.885616709043886],[105.5476657660623,-4.899456386802717],[105.5545352438066,-4.893843357285091],[105.5530352762571,-4.878012262156142],[105.5903967437148,-4.882289132037767],[105.6045606450578,-4.852050259212051],[105.6255592365696,-4.859626605883152],[105.637628842597,-4.851076738600549],[105.6372905581129,-4.826367476877527],[105.6524522114005,-4.813187866426885],[105.6491252270476,-4.794259152737615],[105.6636740130454,-4.782580621398472],[105.6789448656131,-4.781993808367504],[105.6830567638586,-4.746148576295697],[105.719351247762,-4.735090463853789],[105.7360630309841,-4.745865380682782],[105.7472237425817,-4.731558494329027],[105.7572026712663,-4.73113878522671],[105.7617478979472,-4.738025871696541],[105.7841967910491,-4.739603126982653],[105.7944808668986,-4.753860584798078],[105.81115935542,-4.751544790959342],[105.8149950691672,-4.743410560648778],[105.8068343160509,-4.736593122174762],[105.8121880989017,-4.731516617397949],[105.8043537232458,-4.723488229198372],[105.8097986829629,-4.706046806215072],[105.8204363821334,-4.70407898255896],[105.8145125693996,-4.696614785843581],[105.8166104925803,-4.650040755976084],[105.833473671273,-4.619938157420014],[105.8452301648403,-4.631033983831204]]]]}},{"type":"Feature","properties":{"kode":"18.08","nama":"Kabupaten Way Kanan","lat":-4.5142834776970036,"lng":104.60616276999274},"geometry":{"type":"MultiPolygon","coordinates":[[[[104.9377851299798,-4.191335423790735],[104.9461713638174,-4.192091012590174],[104.9438591618709,-4.207668104099652],[104.9525555556944,-4.223750000362239],[104.9419166667208,-4.232000000399674],[104.954444444056,-4.248833333291627],[104.9855555558443,-4.257027777709668],[104.9963611107768,-4.28797222174058],[104.9973888892858,-4.315999999800082],[104.9889233397404,-4.333967287860022],[104.9962215296999,-4.332180965379242],[105.0032086306738,-4.352719830655596],[104.9816666669831,-4.351166667307796],[104.9805277781345,-4.385083332929421],[105.0104166671955,-4.387888888561323],[105.0263547366818,-4.40946434390426],[105.0258767452157,-4.401059905989849],[105.0337546777363,-4.410911529343567],[105.0389096780392,-4.399611853604116],[105.0445703347532,-4.406541365591535],[105.04889630582,-4.400886860240385],[105.0684722220155,-4.439388889285725],[105.0169176198523,-4.465625433666778],[105.0083611110764,-4.464444443955864],[105.0095277781845,-4.449416667345288],[104.9856111105644,-4.446138889398179],[104.9655833327047,-4.459694444343112],[104.967388888986,-4.475305556306333],[104.9575277777847,-4.483694444043332],[104.950444443956,-4.488194443818452],[104.9445555563939,-4.480333333116773],[104.9334444442058,-4.488444443656084],[104.9244717255898,-4.516497182398973],[104.8926587217227,-4.524642222560507],[104.8669588459741,-4.508878457874468],[104.8180388176374,-4.504009351150609],[104.7898398518278,-4.516855358088259],[104.7828087713078,-4.531708989078512],[104.7663447000479,-4.528386121821962],[104.7306744967307,-4.537263386396065],[104.7297932996211,-4.555437762242923],[104.7015870457056,-4.553156200198385],[104.6999399112979,-4.567412686746033],[104.7083333001418,-4.57138888898603],[104.6957021493348,-4.582848215073001],[104.6998401818789,-4.597834721794916],[104.644607991066,-4.633146750322206],[104.6382867040682,-4.656390208840991],[104.6101151909634,-4.676663633819603],[104.6109808792642,-4.690380096364313],[104.6344846510458,-4.705024203304278],[104.6238370917085,-4.715063873099171],[104.6236366184352,-4.74054916431246],[104.6353428866649,-4.743299708414808],[104.63381228371,-4.762134567056611],[104.6457802978226,-4.779276676777114],[104.6214125734316,-4.796091989054021],[104.6220733431103,-4.822420132083385],[104.6118024189465,-4.831973342395804],[104.6027777995559,-4.823611110564199],[104.5488901770401,-4.831914094160064],[104.5568163518932,-4.844708524978428],[104.5447573515706,-4.856414643920617],[104.5465452550595,-4.86641570132347],[104.5269443997643,-4.894444444355608],[104.5095699933606,-4.942924116954364],[104.4784290330735,-4.931758724385629],[104.442407211024,-4.943107242305336],[104.4369584498726,-4.929127368333377],[104.4419228487605,-4.919952626912119],[104.4225413381123,-4.902635941695246],[104.4121293597822,-4.864088859313378],[104.3514535087725,-4.874760383784674],[104.3394895479044,-4.867235779607507],[104.3690494145988,-4.821730527441817],[104.3471980508495,-4.824581322569957],[104.32831068529,-4.811570913266985],[104.3141760640741,-4.773353693218299],[104.3041744706753,-4.765171691820028],[104.3059000439519,-4.730641032057894],[104.3125836893858,-4.723914869375692],[104.3079170857051,-4.704965629560112],[104.2899354012978,-4.704306530821681],[104.2872164782579,-4.683716852051026],[104.2963648236777,-4.667017072979521],[104.2952673414147,-4.646501635941716],[104.3162894070306,-4.626161974995105],[104.3243392026921,-4.627394852890079],[104.3407619159298,-4.602296628086913],[104.334620210954,-4.556548778403327],[104.3232777769479,-4.55646666670331],[104.3105651088927,-4.512674530405183],[104.3291972207752,-4.514238889413116],[104.3218061101638,-4.458264167057616],[104.3489216815904,-4.398031237551583],[104.3790604616711,-4.373952685667851],[104.3840101125766,-4.347673946895084],[104.4139367587744,-4.336221908014595],[104.4354562969705,-4.31584859173906],[104.4348553951605,-4.306505586263734],[104.4496828765635,-4.298486024910078],[104.4606780103819,-4.311438588919694],[104.4721319864021,-4.311832450607048],[104.4838753327805,-4.291408902698704],[104.4921881405703,-4.298210448353482],[104.5078724843278,-4.279835470630447],[104.5239898138788,-4.277674495981179],[104.524777778272,-4.264286110615403],[104.5848583329458,-4.243225000033737],[104.6210698858666,-4.213937242109969],[104.6281300747432,-4.219730518248779],[104.6211505298731,-4.225579916579816],[104.6274022462168,-4.244385376383944],[104.6495995099095,-4.242913203281676],[104.678653359565,-4.25736629781637],[104.6929775848477,-4.249980893403452],[104.7063966092162,-4.259328792989406],[104.7635220779816,-4.245822366209209],[104.7923187727932,-4.266616031904283],[104.7968507956278,-4.250515621298836],[104.8274197106512,-4.238724393216112],[104.8555628861184,-4.24129547760417],[104.8637214053187,-4.23135705168656],[104.8727314763766,-4.235641810421134],[104.8750705707503,-4.218069726736465],[104.8912062680549,-4.217368542424252],[104.892679175004,-4.208352697718778],[104.9021241141366,-4.210362336252762],[104.906062459415,-4.201037467405191],[104.9377851299798,-4.191335423790735]]]]}},{"type":"Feature","properties":{"kode":"18.09","nama":"Kabupaten Pesawaran","lat":-5.4734843036879495,"lng":105.1151924227345},"geometry":{"type":"MultiPolygon","coordinates":[[[[105.3103659996912,-5.845432999733084],[105.310078999946,-5.845296999756648],[105.3101939998533,-5.844981999619562],[105.3104370002675,-5.845117999595998],[105.3103659996912,-5.845432999733084]]],[[[105.2768658406861,-5.840241250433368],[105.2767758140526,-5.840092249857402],[105.2767948140295,-5.839972249719486],[105.2770168143745,-5.840120250249274],[105.2768658406861,-5.840241250433368]]],[[[105.2314461122484,-5.83851398822988],[105.2309877979485,-5.838037166781777],[105.2317102323414,-5.837707351213232],[105.2318030306854,-5.838164206812627],[105.2314461122484,-5.83851398822988]]],[[[105.2870309766983,-5.837557157236954],[105.2867399767685,-5.837557157236954],[105.2868459771602,-5.837275156822911],[105.2869859773211,-5.837319157053392],[105.2870309766983,-5.837557157236954]]],[[[105.2896215170195,-5.836151429644668],[105.2902420717143,-5.836238633306205],[105.290163748858,-5.836886340332263],[105.2895519382714,-5.836807885275589],[105.2896215170195,-5.836151429644668]]],[[[105.2343585720905,-5.83607266072466],[105.234005223962,-5.836967711890376],[105.2331307699692,-5.836286811786876],[105.2333877521431,-5.836129767674584],[105.2343585720905,-5.83607266072466]]],[[[105.3191528266417,-5.823765182217392],[105.3193602013123,-5.830771857834875],[105.310740167125,-5.829199084769935],[105.3111029653297,-5.82655060832387],[105.3191528266417,-5.823765182217392]]],[[[105.3219387230936,-5.821355361560591],[105.3216876962302,-5.821374580072795],[105.3218463986924,-5.821086273612578],[105.3219919377778,-5.821135068128828],[105.3219387230936,-5.821355361560591]]],[[[105.3952773918382,-5.821652561416516],[105.394313011936,-5.821477690043312],[105.3939719422514,-5.820169807790324],[105.3942860295767,-5.8201127008404],[105.3952773918382,-5.821652561416516]]],[[[105.3415265211321,-5.811733003275402],[105.3476822141629,-5.820093607334068],[105.3460182552383,-5.826428159332035],[105.3394357718435,-5.819797511845674],[105.3415265211321,-5.811733003275402]]],[[[105.3081085277864,-5.807125228746272],[105.3071126338411,-5.807178081003598],[105.3068756337036,-5.806888081120024],[105.3075686341852,-5.806695081212946],[105.3081085277864,-5.807125228746272]]],[[[105.2767162330678,-5.807574321397783],[105.2765673817793,-5.80698799220201],[105.2774498883018,-5.806689982057004],[105.2773540907187,-5.807372705985506],[105.2767162330678,-5.807574321397783]]],[[[105.204395676919,-5.794085112138151],[105.2039598267846,-5.793905126320435],[105.2039015543133,-5.793630815109977],[105.2044351850359,-5.793539239844029],[105.204395676919,-5.794085112138151]]],[[[105.204452007754,-5.793309992761912],[105.204317069877,-5.793512694555129],[105.2036688205597,-5.793365426073541],[105.2037282441632,-5.793302376403523],[105.204452007754,-5.793309992761912]]],[[[105.1954838675865,-5.79320938380599],[105.1954064494482,-5.793159920194117],[105.1953971243779,-5.793110183188314],[105.1955623640119,-5.79312886660384],[105.1954838675865,-5.79320938380599]]],[[[105.2045067656747,-5.793091260553211],[105.2041121206779,-5.793296388717265],[105.2034020717482,-5.793137733919255],[105.2041431931539,-5.792576040751633],[105.2045067656747,-5.793091260553211]]],[[[105.2032277489616,-5.792725384868528],[105.2031854448525,-5.792648043172636],[105.203381830707,-5.792548982849225],[105.2033070098107,-5.792669562150524],[105.2032277489616,-5.792725384868528]]],[[[105.2475023580474,-5.796764618792042],[105.2443788390123,-5.797158420224927],[105.2420184136189,-5.797158420224927],[105.2490728018684,-5.792315026916909],[105.2475023580474,-5.796764618792042]]],[[[105.1979651079035,-5.792249121000096],[105.1981081405783,-5.792745773398681],[105.1977804204301,-5.793548235762439],[105.1971773260728,-5.7925346674409],[105.1979651079035,-5.792249121000096]]],[[[105.2037678269237,-5.792428575318435],[105.2035363989857,-5.792419707103739],[105.2038077927955,-5.792140508977254],[105.2038711293492,-5.792240618809411],[105.2037678269237,-5.792428575318435]]],[[[105.198275593444,-5.791615407425058],[105.1982577742769,-5.791613147428779],[105.1982283547548,-5.791603620910361],[105.1982588759464,-5.791593931614595],[105.198275593444,-5.791615407425058]]],[[[105.2031618169644,-5.791504224240533],[105.2038251236307,-5.791815091093592],[105.2029537489165,-5.792701229977729],[105.2023036209154,-5.791952907700519],[105.2031618169644,-5.791504224240533]]],[[[105.2151445520795,-5.790611709162955],[105.2151358574339,-5.790654566355061],[105.2150584042221,-5.790612269440646],[105.215103612242,-5.790577289410307],[105.2151445520795,-5.790611709162955]]],[[[105.2146717829765,-5.79024928057981],[105.214592010413,-5.790192868805803],[105.2145731956964,-5.790142374570876],[105.2146807977807,-5.790126815400213],[105.2146717829765,-5.79024928057981]]],[[[105.2784578358605,-5.791007313736499],[105.2789368966206,-5.793660104230351],[105.2759095555815,-5.793784761957158],[105.2773221126255,-5.790079312310396],[105.2784578358605,-5.791007313736499]]],[[[105.2201180251268,-5.789987122807431],[105.2201722803265,-5.790025318813345],[105.2201600774257,-5.790060645981913],[105.2200568541406,-5.789966281019047],[105.2201180251268,-5.789987122807431]]],[[[105.2198131252756,-5.789697874757031],[105.2197881160288,-5.789693702802071],[105.2197503795764,-5.789668172847832],[105.2198216904187,-5.78963645016202],[105.2198131252756,-5.789697874757031]]],[[[105.2200157857,-5.789670841136355],[105.220012836823,-5.789618641786801],[105.2200653059691,-5.789620619395989],[105.220071689357,-5.78965271619987],[105.2200157857,-5.789670841136355]]],[[[105.219868468655,-5.789581490793142],[105.2198324921758,-5.789568729413278],[105.2198544779019,-5.789534801589794],[105.2198898230569,-5.789565165400016],[105.219868468655,-5.789581490793142]]],[[[105.2200015377408,-5.789501448433024],[105.2200451908329,-5.789499919585576],[105.2199563018419,-5.789541419700654],[105.219967396778,-5.789495995843445],[105.2200015377408,-5.789501448433024]]],[[[105.2141436812859,-5.789181664801982],[105.2140301130993,-5.789139859816642],[105.2140552968145,-5.789029291768414],[105.2141716672887,-5.7891241135869],[105.2141436812859,-5.789181664801982]]],[[[105.2201172831862,-5.78899707985128],[105.2201724368086,-5.789070887211593],[105.2201155987559,-5.789116062855974],[105.220068477878,-5.789026306918447],[105.2201172831862,-5.78899707985128]]],[[[105.213261930194,-5.789063512770801],[105.2132273152884,-5.78904996268557],[105.2132163498547,-5.788978057391406],[105.2132614967208,-5.789005093710013],[105.213261930194,-5.789063512770801]]],[[[105.2923174102204,-5.799688520708627],[105.3062902730777,-5.807786827599929],[105.3075124679261,-5.820073734115531],[105.2954663360027,-5.818529337359005],[105.2845170577161,-5.838645314429662],[105.228089980868,-5.830593139161947],[105.2496061798813,-5.814187960905563],[105.2511680001032,-5.821174999826332],[105.2598480028831,-5.819033866020077],[105.2714532619585,-5.805186153717993],[105.2718284033582,-5.814964859140907],[105.2780244246875,-5.814290294761263],[105.2913257322967,-5.788101232785595],[105.2923174102204,-5.799688520708627]]],[[[105.2089479318017,-5.78621143700813],[105.2089095406428,-5.786118181808567],[105.209019133826,-5.786057697005091],[105.2090231753793,-5.786128530307425],[105.2089479318017,-5.78621143700813]]],[[[105.2092702137494,-5.785822562061486],[105.2090800808811,-5.785826428246991],[105.2089084030004,-5.78600262342233],[105.2091138243436,-5.78569011710515],[105.2092702137494,-5.785822562061486]]],[[[105.2062140872104,-5.785629072923352],[105.2063068136086,-5.785624347885302],[105.2063742645607,-5.785710768237332],[105.2060712254068,-5.785631796969851],[105.2062140872104,-5.785629072923352]]],[[[105.220997235634,-5.784859219077613],[105.2209516597914,-5.785065564923889],[105.2206670018807,-5.784862417966145],[105.220830309771,-5.784744954815738],[105.220997235634,-5.784859219077613]]],[[[105.3127740927503,-5.783572343189095],[105.3300715936292,-5.806487418759313],[105.3341860891167,-5.821393919993304],[105.3247781193148,-5.823204409955522],[105.3215850044444,-5.806544373723791],[105.3063705510602,-5.794533750631973],[105.3127740927503,-5.783572343189095]]],[[[105.2223512009472,-5.781473026059273],[105.2223745806224,-5.781382694555663],[105.2224439327414,-5.781388784764533],[105.2224249687373,-5.781438548749999],[105.2223512009472,-5.781473026059273]]],[[[105.2221670072016,-5.781387283796028],[105.2223555365788,-5.781367157867993],[105.2214848687318,-5.781957868560798],[105.2215680749068,-5.781379163817294],[105.2221670072016,-5.781387283796028]]],[[[105.3115318493154,-5.781024530557558],[105.3124816404154,-5.781706823710912],[105.3122322449222,-5.78285486496],[105.3113194726157,-5.781907859959715],[105.3115318493154,-5.781024530557558]]],[[[105.1804163130624,-5.752172206382137],[105.1824237662439,-5.752882540396857],[105.1829065906667,-5.756050728758026],[105.1776700991958,-5.755351445612681],[105.1804163130624,-5.752172206382137]]],[[[105.1732553362648,-5.7447327590096],[105.1757263980549,-5.745265038050976],[105.1769449929171,-5.747346616952757],[105.1735735361898,-5.747668722633462],[105.1732553362648,-5.7447327590096]]],[[[105.1741881553591,-5.739826387977391],[105.1743159580151,-5.740429776413051],[105.1734751089891,-5.740612203890087],[105.1734959696634,-5.740093828367402],[105.1741881553591,-5.739826387977391]]],[[[105.2390950000343,-5.730388000405887],[105.2389739998503,-5.730380000036898],[105.2390790001958,-5.730146000037876],[105.2392160002183,-5.730251000383272],[105.2390950000343,-5.730388000405887]]],[[[105.2401209996844,-5.729725000408407],[105.2399839996619,-5.72979800017757],[105.2398630003773,-5.729732999877938],[105.2400000003997,-5.7295959998555],[105.2401209996844,-5.729725000408407]]],[[[105.231047416705,-5.729294676607991],[105.2326097090708,-5.732267983680454],[105.2269611671242,-5.732254651231087],[105.2290804851763,-5.729745056189354],[105.231047416705,-5.729294676607991]]],[[[105.2204384832494,-5.727745528733123],[105.2208225863933,-5.731787136866799],[105.2043955393228,-5.734528003364651],[105.2067549017174,-5.730451836982623],[105.2204384832494,-5.727745528733123]]],[[[105.2005838320783,-5.719438581825002],[105.2004504059615,-5.719001989749976],[105.2010646168387,-5.718733308295469],[105.20100061029,-5.71915105687573],[105.2005838320783,-5.719438581825002]]],[[[105.2443595791314,-5.716997586169618],[105.2437573211435,-5.718937487674828],[105.2427385592372,-5.718985202105368],[105.2429605865619,-5.717266613863074],[105.2443595791314,-5.716997586169618]]],[[[105.2406432503858,-5.672251901404105],[105.243541627744,-5.673032078567512],[105.2426488212862,-5.675824602123639],[105.2405308261367,-5.67554099911776],[105.2406432503858,-5.672251901404105]]],[[[105.2401910829522,-5.672215974387632],[105.2401714966174,-5.672386205259076],[105.2399836381345,-5.672287395846602],[105.2400159642654,-5.672219922411407],[105.2401910829522,-5.672215974387632]]],[[[105.2172838278864,-5.661400410900156],[105.2405613113555,-5.668279962849957],[105.2266035562092,-5.687517224939923],[105.2158049179627,-5.690113252924237],[105.2048002117605,-5.673080953123381],[105.2172838278864,-5.661400410900156]]],[[[105.233117666847,-5.64331302917294],[105.2327489879755,-5.644479028983954],[105.2319385270414,-5.644912404184125],[105.232372897791,-5.643197404236825],[105.233117666847,-5.64331302917294]]],[[[105.1890832675788,-5.630502851225553],[105.1889451128267,-5.630687875944655],[105.1886654290664,-5.630226973396083],[105.1888388813094,-5.630216864116981],[105.1890832675788,-5.630502851225553]]],[[[105.2237835916395,-5.617498496158627],[105.2422002952075,-5.634072511337322],[105.2420808040859,-5.641602572600649],[105.2128207272948,-5.637699827884716],[105.2126475979084,-5.622615218617425],[105.2237835916395,-5.617498496158627]]],[[[105.2430104161978,-5.591609466903317],[105.2524529118725,-5.597173336780052],[105.2532462542113,-5.598708332923223],[105.2448477482251,-5.595963871835145],[105.2430104161978,-5.591609466903317]]],[[[105.2381684546105,-5.590076038278439],[105.2382884772315,-5.590355139278173],[105.2378668606672,-5.590248486878106],[105.2379741057205,-5.59003333756836],[105.2381684546105,-5.590076038278439]]],[[[105.2383705673479,-5.589889891205483],[105.2382900096763,-5.589879809805324],[105.2383674386065,-5.589742444658067],[105.2384452551445,-5.589804028433124],[105.2383705673479,-5.589889891205483]]],[[[105.2401584051863,-5.588524878620208],[105.2399547204341,-5.589711594314543],[105.2386353547379,-5.589990242955326],[105.2386328672131,-5.589594027742154],[105.2401584051863,-5.588524878620208]]],[[[105.2441356191636,-5.588068891765889],[105.2441014584157,-5.58832097982929],[105.243824664177,-5.588289868682476],[105.243874382297,-5.588089013197343],[105.2441356191636,-5.588068891765889]]],[[[105.2477137122181,-5.573861884118595],[105.2476507228027,-5.574027535642204],[105.2474317828506,-5.573871038317683],[105.2476300680733,-5.573842631432217],[105.2477137122181,-5.573861884118595]]],[[[105.2404357857829,-5.568344772693105],[105.2403807265893,-5.568289828612619],[105.240415224583,-5.568226760056819],[105.2405048815951,-5.568291001328588],[105.2404357857829,-5.568344772693105]]],[[[105.2394749366191,-5.566804752936942],[105.239416228876,-5.566762979427934],[105.2394635637925,-5.566681526031551],[105.2395331470372,-5.566738457613666],[105.2394749366191,-5.566804752936942]]],[[[105.241517563185,-5.566674476245995],[105.2406444024173,-5.566396175642899],[105.240592603266,-5.565816958285978],[105.2415433863183,-5.565681354910605],[105.241517563185,-5.566674476245995]]],[[[105.2486209752778,-5.565236427019452],[105.2492812737118,-5.565361907625891],[105.2478309910075,-5.565266898748326],[105.2479894461561,-5.564835002932948],[105.2486209752778,-5.565236427019452]]],[[[105.2387196553878,-5.564996494192868],[105.2384231893788,-5.564897055254806],[105.238315903856,-5.56466747542366],[105.2387112269416,-5.564858421279054],[105.2387196553878,-5.564996494192868]]],[[[105.2382910124204,-5.564629819910198],[105.2382543155842,-5.564603065079313],[105.2382542292493,-5.564556839926186],[105.238314086326,-5.564572246212122],[105.2382910124204,-5.564629819910198]]],[[[105.27922011022,-5.561228495798413],[105.282496460943,-5.570839167393586],[105.2703816990562,-5.572435230201637],[105.2703762068965,-5.562068100162668],[105.27922011022,-5.561228495798413]]],[[[105.2629892466565,-5.543363350937883],[105.2640864834045,-5.543843124860341],[105.2638819451957,-5.544871178561976],[105.2629847797239,-5.544615022864966],[105.2629892466565,-5.543363350937883]]],[[[105.246045629902,-5.523467503622363],[105.2458220728304,-5.523450420100743],[105.245845213286,-5.523312708714538],[105.2460536437607,-5.523323870200406],[105.246045629902,-5.523467503622363]]],[[[105.2719471948072,-5.510233641569221],[105.2726563471128,-5.513868562783911],[105.2719131302868,-5.515602249744037],[105.2688613492719,-5.510814398565581],[105.2719471948072,-5.510233641569221]]],[[[105.0830513502396,-5.121439347048165],[105.0837129733751,-5.143341347125466],[105.0947795529341,-5.134620939604664],[105.1033597714363,-5.139743755869544],[105.0926485230111,-5.150701643366132],[105.0959341043754,-5.157247426327574],[105.1129226098906,-5.156464803008179],[105.1156340595643,-5.148089225237554],[105.115448012316,-5.157345660174053],[105.1357070076723,-5.164310431880883],[105.1483983411106,-5.130395910243005],[105.1534670523627,-5.13711438282243],[105.1659588837955,-5.135369775394752],[105.1905496049803,-5.121805380114155],[105.226601000336,-5.154290436554357],[105.2237500649137,-5.168753949734908],[105.2413240182889,-5.167730798237693],[105.2582345840589,-5.178975162973368],[105.2185983903036,-5.17937019917534],[105.1948187955511,-5.20038438133408],[105.1728569860611,-5.194691117900765],[105.1645464166839,-5.199813058226058],[105.1531518130058,-5.229654570102297],[105.1670103000853,-5.237665277630369],[105.171675800298,-5.270882777917833],[105.1449744691965,-5.252570172675312],[105.1156906565986,-5.301032498251138],[105.1164491574027,-5.314388723860456],[105.1412271390213,-5.312725942148492],[105.152295599962,-5.326666943824402],[105.1655133461641,-5.327058603971383],[105.1676175286261,-5.348308237634995],[105.2016351332549,-5.347126479003776],[105.2113547109512,-5.369802500385016],[105.2068642619762,-5.389065689929654],[105.1955765328308,-5.384540034295141],[105.1784436879259,-5.406475052081897],[105.1817837556159,-5.423434845841405],[105.1912399389721,-5.429246326956409],[105.1793932461015,-5.433010443876788],[105.1879776077805,-5.436218957838594],[105.1805791811843,-5.446477722269075],[105.1975925493567,-5.452844973616581],[105.2215631277362,-5.446075569731671],[105.2247949773065,-5.489704551923484],[105.2501798079518,-5.482841408104448],[105.2567772803472,-5.510114779073731],[105.2669607517374,-5.519324238822491],[105.254871268894,-5.52598585536284],[105.2508566638041,-5.515290783942443],[105.2467439642626,-5.514988320354667],[105.2469504468058,-5.545095616969124],[105.26170783325,-5.544860289570667],[105.2503264199284,-5.564746139122948],[105.2374626190047,-5.564239237150995],[105.2416471599885,-5.571893860812941],[105.2501109891309,-5.576300145835037],[105.2447280727424,-5.588291008123462],[105.2355570086491,-5.592063855662381],[105.2031220669299,-5.577067022025409],[105.1906403681585,-5.588451720570368],[105.1798816795959,-5.586202625850393],[105.1668924151529,-5.601118941386022],[105.191370132026,-5.62825377898866],[105.1901310299232,-5.650462126825654],[105.2028360348552,-5.642579128424056],[105.2098383001975,-5.647085999918903],[105.1736774807312,-5.66684422578028],[105.1927146481626,-5.679804442121287],[105.1831665702811,-5.684042011629468],[105.1930693425761,-5.70233036485435],[105.2143995536966,-5.7076995431993],[105.2186256001913,-5.719959693984648],[105.2088349760534,-5.729199389839915],[105.2013431296817,-5.71748821760714],[105.181305161604,-5.721164414106354],[105.1708807609384,-5.738943673711531],[105.1539013232875,-5.747493790106243],[105.1665945084298,-5.761487135023272],[105.1622853438936,-5.769834893165785],[105.1755715365972,-5.778357375192726],[105.1785220476544,-5.771125696393734],[105.2033404960671,-5.772933315719867],[105.2065030366859,-5.766404436415566],[105.222168197904,-5.778746496553548],[105.2187357734372,-5.786383957553535],[105.219820026673,-5.789923813233403],[105.2043595799308,-5.784934601150908],[105.1970052300074,-5.788278300303221],[105.1958571572821,-5.79029971096288],[105.19490041802,-5.795027601642459],[105.1508332996172,-5.792500000374704],[105.1386111002221,-5.784999999850075],[105.135426229437,-5.77034853105978],[105.1099042908504,-5.74977161816557],[105.0966667002082,-5.706388889235806],[105.0813889003775,-5.712500000174784],[105.0741667004329,-5.645555556143992],[105.0499999997002,-5.619722221902971],[105.0308333002167,-5.621111110589253],[104.9930556004357,-5.581944443880963],[104.9628849996431,-5.575613889369428],[104.9674990001787,-5.555042781599066],[104.9560770849895,-5.520841728762686],[104.9342953512496,-5.495407795133626],[104.9499789054023,-5.447273813835433],[104.9643471471032,-5.436497923940013],[104.9772981067223,-5.44115237598131],[105.0013434880116,-5.42294837466775],[105.0018504016748,-5.387574938632404],[105.0155211282975,-5.399665405334168],[105.0391502206062,-5.38623830865104],[105.0760373964087,-5.390957267263977],[105.0809360674456,-5.362922353084069],[105.0683538586438,-5.360893576077589],[105.0717491258216,-5.336940645994019],[105.0611714626929,-5.336939798832566],[105.0595529950747,-5.316372681354124],[105.0530546648409,-5.316229086603012],[105.0555049810701,-5.325140772728413],[105.0447356166555,-5.32098632575824],[105.0366551082467,-5.276525960804416],[105.0449619526321,-5.270397676411579],[105.03759002456,-5.258804462855585],[105.0548177803163,-5.25906157812928],[105.0695356226709,-5.228798721283904],[105.0978114562338,-5.229893998409255],[105.0794012772472,-5.21840419519746],[105.0749001892924,-5.225798715138533],[105.0538658254475,-5.211038914913926],[105.0491211660091,-5.205652066689462],[105.0585745533729,-5.194194321610615],[105.0408773407167,-5.185046087706693],[105.0661014760024,-5.152482290225427],[105.0801943362996,-5.146457948575359],[105.0715469159574,-5.133968878960518],[105.0830513502396,-5.121439347048165]]]]}},{"type":"Feature","properties":{"kode":"18.10","nama":"Kabupaten Pringsewu","lat":-5.336360914336617,"lng":104.93340517060112},"geometry":{"type":"MultiPolygon","coordinates":[[[[104.8025001208839,-5.171155634225125],[104.8117951978901,-5.173127038981631],[104.8288773201322,-5.202647762684068],[104.8613895612793,-5.201817209996198],[104.8718356445994,-5.232743098315299],[104.8878333328421,-5.245277777947059],[104.9103654635954,-5.247160878271887],[104.9247620627191,-5.266549773253341],[105.0489886922744,-5.206504045725049],[105.0749001892924,-5.225798715138533],[105.0794012772471,-5.21840419519746],[105.0978117871843,-5.229854528063952],[105.0695356226709,-5.228798721283904],[105.0548177803163,-5.25906157812928],[105.03759002456,-5.258804462855585],[105.0449113270962,-5.266280714982922],[105.0365404986451,-5.284164342710155],[105.0424287566819,-5.285597926802835],[105.0447356166555,-5.32098632575824],[105.0555049810701,-5.325140772728413],[105.0530546648409,-5.316229086603012],[105.0595529950747,-5.316372681354124],[105.0611714626929,-5.336939798832566],[105.0717491258216,-5.336940645994019],[105.0683538586438,-5.360893576077589],[105.0809360674456,-5.362922353084069],[105.0748382197081,-5.393382719936549],[105.0391502206062,-5.38623830865104],[105.0148441366477,-5.399615665630434],[105.0027304701351,-5.387036668307558],[105.0013434880116,-5.42294837466775],[104.9772981067223,-5.44115237598131],[104.9643471471032,-5.436497923940013],[104.9416926500957,-5.460500388682003],[104.9342953512496,-5.495407795133626],[104.9560770849895,-5.520841728762686],[104.9674990001787,-5.555042781599066],[104.9622416552282,-5.576249208234322],[104.9068728070344,-5.569056720091473],[104.8891161078222,-5.552889235349915],[104.8984679257542,-5.533863950660737],[104.8911673507927,-5.508252178795007],[104.9001299106669,-5.511743170710729],[104.9164722002319,-5.44788888896102],[104.8866694410419,-5.435243203311106],[104.8920949241415,-5.428361598209167],[104.9124639002888,-5.429041667339066],[104.9009555998211,-5.422316666580843],[104.9055861002184,-5.416700000204759],[104.884516699686,-5.386825000273524],[104.8681859169466,-5.37812210165363],[104.8685767533146,-5.337288097267815],[104.8553473797779,-5.336040475887208],[104.8222085144115,-5.312239848690029],[104.8098849955961,-5.299823028809651],[104.804072709588,-5.272220042820645],[104.7874456317106,-5.259534955173954],[104.7896628256789,-5.23917437869457],[104.7797726852612,-5.234555219647667],[104.7864274678534,-5.207761779982059],[104.771994717782,-5.180044958707766],[104.7829547402691,-5.170025875293829],[104.7863415763028,-5.16319351436916],[104.7909921621586,-5.157747908938839],[104.7927069660537,-5.156928375644013],[104.8025001208839,-5.171155634225125]]]]}},{"type":"Feature","properties":{"kode":"18.11","nama":"Kabupaten Mesuji","lat":-4.024841985201618,"lng":105.3783745759004},"geometry":{"type":"MultiPolygon","coordinates":[[[[105.3570996466315,-3.796313044411439],[105.3666468332848,-3.798051273847117],[105.3872477301986,-3.779104322806218],[105.4163560697769,-3.777110377441931],[105.4367334455921,-3.787956847030818],[105.4330533721154,-3.826323834777126],[105.4799621773127,-3.821732848791884],[105.4927187205925,-3.840957452924057],[105.524228046787,-3.840506818834546],[105.5122445544427,-3.873039053709329],[105.5246330222962,-3.894089798705183],[105.5321303833106,-3.895676272042328],[105.5479560105615,-3.880781272237835],[105.5731579937465,-3.900039478638975],[105.5631246866551,-3.929157648706452],[105.5830826276612,-3.937108684418236],[105.5977448091757,-3.923270658713898],[105.6101768617728,-3.938356598078466],[105.5897142922808,-3.953201548812382],[105.610959048921,-3.964866743205578],[105.6306431112906,-4.00442908643315],[105.6044034786377,-4.05255349984415],[105.6188511205828,-4.056512700400708],[105.6247708270121,-4.039267349408584],[105.6391239996729,-4.048749772284113],[105.6610793052658,-4.045953094759438],[105.662501500344,-4.054965426713045],[105.6451969559749,-4.064395559407499],[105.650305804869,-4.084212204329754],[105.6650540146312,-4.089869743993438],[105.6789020947559,-4.073979561607446],[105.6849783093016,-4.097845681033332],[105.7084772247441,-4.101704783448914],[105.7003266213765,-4.135344522631515],[105.7267009409956,-4.130400680446991],[105.7433785238998,-4.144269548400883],[105.7601627780898,-4.13723249997984],[105.7547222223527,-4.194888888911022],[105.7216666665835,-4.198361111076368],[105.7198214097304,-4.185451237884211],[105.682916666571,-4.188972222190282],[105.652429009791,-4.19617077715955],[105.6526984053072,-4.217646021946367],[105.6163155917912,-4.223117792252287],[105.6058808929888,-4.219344424905172],[105.6049444442308,-4.195916667420166],[105.5297177450779,-4.16592325465446],[105.5070308742754,-4.166109474572524],[105.5031111107892,-4.135555555744277],[105.4672063462959,-4.135013328402318],[105.4670260520107,-4.162383693952235],[105.4593339823775,-4.166487997423099],[105.4225097995877,-4.162450367890161],[105.4246507049661,-4.122087842979541],[105.4138315666735,-4.119111631996189],[105.4001746806171,-4.119720220311843],[105.4006976291923,-4.138298272147514],[105.3902491311925,-4.141082583094738],[105.3877859015982,-4.131266229352962],[105.3660120243355,-4.129556337554943],[105.3671547415981,-4.15898972089879],[105.3121865854426,-4.156780077638425],[105.2761496601787,-4.18450109514932],[105.2321629690458,-4.190661175972446],[105.2126788943155,-4.175711141256125],[105.1954794222376,-4.178893717870727],[105.1011584981663,-4.226929995922537],[105.0980124556104,-4.217566955350696],[105.0688889237848,-4.216954902846462],[105.0496361915571,-4.140253797574614],[105.0657564960655,-4.120277120092977],[105.0614457792993,-4.097198374205549],[105.07823964994,-4.085859393596072],[105.0947295272459,-4.045894176574974],[105.119651607236,-4.04738994878702],[105.1210251022267,-4.034549993387396],[105.1082834885922,-4.030415543742352],[105.1055187423961,-4.019612970062505],[105.1155962889376,-3.99771437841572],[105.1282669001973,-3.998552856828821],[105.1346623398951,-3.989510997434545],[105.1437335216848,-3.958410885254152],[105.1358807917652,-3.948733646740335],[105.1387162183788,-3.936179042628643],[105.1510494130001,-3.93124774868461],[105.1653741517957,-3.937630032200159],[105.1777396599574,-3.907099193572863],[105.2045195594302,-3.891081695963441],[105.2303147866981,-3.8896842709123],[105.2449826896994,-3.906174251640396],[105.275964921444,-3.878482721999957],[105.2929695464075,-3.842702174565618],[105.2820724548799,-3.828524885015375],[105.2840203351704,-3.79781913274673],[105.3051787317132,-3.79067025362925],[105.3082029494067,-3.758322074903811],[105.3250075831335,-3.726399193667776],[105.334584454609,-3.723908871097484],[105.3427309022095,-3.731938408630578],[105.3570996466315,-3.796313044411439]]]]}},{"type":"Feature","properties":{"kode":"18.12","nama":"Kabupaten Tulang Bawang Barat","lat":-4.425704117530834,"lng":105.08743965872556},"geometry":{"type":"MultiPolygon","coordinates":[[[[105.0431738773726,-4.138668814414162],[105.0534751563535,-4.143143055807366],[105.0666539376291,-4.213852040339352],[105.0980124556104,-4.217566955350696],[105.1011584981663,-4.226929995922537],[105.1954794222376,-4.178893717870727],[105.2126788943155,-4.175711141256125],[105.2321629690458,-4.190661175972446],[105.2216275102015,-4.195729762218717],[105.2266459151769,-4.209925582299759],[105.2154874186095,-4.214612073588311],[105.2194573993396,-4.225346565891266],[105.1903426233135,-4.238458157018313],[105.1891388888487,-4.268638887774381],[105.1562783987291,-4.267613256846284],[105.1559763641179,-4.296731932332756],[105.1781335926912,-4.296770736280367],[105.2020873501511,-4.325414745094383],[105.1946422928076,-4.354614899158163],[105.2228505576072,-4.34360745811764],[105.2184577156511,-4.330355286767043],[105.235391048658,-4.328242317928568],[105.2253843489087,-4.348012458907816],[105.2377606786125,-4.367418190996622],[105.2072254737766,-4.352441528253939],[105.1954371181286,-4.356618877359233],[105.2162171950676,-4.391836713593447],[105.2453410497497,-4.385504809199483],[105.2552787193375,-4.401622681041831],[105.2442453148694,-4.397302065437961],[105.2249724189421,-4.417156614985698],[105.213047464369,-4.41578503824889],[105.2128707988484,-4.428396205220578],[105.2018760166649,-4.434606666064747],[105.2045317722235,-4.463603935772989],[105.1843518110873,-4.47347112369332],[105.1778584783862,-4.52311553795173],[105.1588517341203,-4.543419209828661],[105.1755082531034,-4.546527559998806],[105.1711003708855,-4.56319653279367],[105.1802777769978,-4.564861111351151],[105.1989204478205,-4.602775160944875],[105.1842270796161,-4.597937793993959],[105.1720197541084,-4.610281876707203],[105.1800986320462,-4.640243114428147],[105.1665604960701,-4.667752755285351],[105.1551588282174,-4.677024475998762],[105.1431405339086,-4.675614901106753],[105.1422829502979,-4.70589767793548],[105.1253830010247,-4.726212830557655],[105.0858570686489,-4.702164761194785],[105.0720092826024,-4.705949891674058],[105.0450405515803,-4.669631388677578],[105.0381939094214,-4.671783165960244],[105.0163735012361,-4.651474144016523],[105.0023138960695,-4.651994569993326],[105.0109812292004,-4.638687283691104],[105.0054328123745,-4.629321275356515],[104.9949864916334,-4.636492397406203],[104.9806309429637,-4.629627579948783],[104.9858365544136,-4.61527963055042],[105.0003237467436,-4.608263848397856],[104.9880218350397,-4.58852988984251],[104.9944378539239,-4.58450550912193],[104.9886729639862,-4.584694751661436],[104.9940686390565,-4.582285618086759],[104.9882838174443,-4.582536133235918],[104.9812647293838,-4.535601465335295],[104.9512402315515,-4.516929260776672],[104.9263151990873,-4.515440386364647],[104.9334444442058,-4.488444443656084],[104.9445555563939,-4.480333333116773],[104.950444443956,-4.488194443818452],[104.9575277777847,-4.483694444043332],[104.967388888986,-4.475305556306333],[104.9655833327047,-4.459694444343112],[104.9856111105644,-4.446138889398179],[105.0095277781845,-4.449416667345288],[105.0083611110764,-4.464444443955864],[105.0169176198523,-4.465625433666778],[105.0701388887987,-4.436361111176248],[105.04889630582,-4.400886860240385],[105.0445703347532,-4.406541365591535],[105.0389096780392,-4.399611853604116],[105.0337546777363,-4.410911529343567],[105.0258767452157,-4.401059905989849],[105.0263547366818,-4.40946434390426],[105.0104166671955,-4.387888888561323],[104.9805277781345,-4.385083332929421],[104.9816666669831,-4.351166667307796],[105.0032086306738,-4.352719830655596],[104.9962215296999,-4.332180965379242],[104.9889663785955,-4.334358755552062],[104.9980833331793,-4.310166666958073],[104.994305555557,-4.279749999962482],[104.9855555558443,-4.257027777709668],[104.954444444056,-4.248833333291627],[104.9419166667208,-4.232000000399674],[104.9525555556944,-4.223750000362239],[104.9438591618709,-4.207668104099652],[104.9531728476489,-4.178199157964782],[104.9676577970697,-4.171044353214251],[105.0138101842926,-4.174736977629381],[105.026938822069,-4.146453720163004],[105.0431738773726,-4.138668814414162]]]]}},{"type":"Feature","properties":{"kode":"18.13","nama":"Kabupaten Pesisir Barat","lat":-5.335530555285279,"lng":104.16283965328627},"geometry":{"type":"MultiPolygon","coordinates":[[[[104.6110934797803,-5.93369372888242],[104.610813894046,-5.933485526835528],[104.6112778893632,-5.933396297001518],[104.6112897855952,-5.933568807654303],[104.6110934797803,-5.93369372888242]]],[[[104.6029726178921,-5.933007095600899],[104.6030558987108,-5.933494886080108],[104.6020862685665,-5.934161135328146],[104.6020684233192,-5.933411605261333],[104.6029726178921,-5.933007095600899]]],[[[104.6063992813018,-5.933584274194884],[104.6072710040536,-5.933613881675263],[104.603808046704,-5.933891225399694],[104.6050018436602,-5.932810933677572],[104.6063992813018,-5.933584274194884]]],[[[104.6074819337443,-5.932948958027921],[104.607220195056,-5.932925163765272],[104.6071345328325,-5.93278239639046],[104.6074581403809,-5.932777637178147],[104.6074819337443,-5.932948958027921]]],[[[104.6086859416029,-5.933001305765621],[104.6091713515767,-5.933163109989507],[104.6078483706059,-5.932925163765272],[104.6081386663664,-5.932582521166355],[104.6086859416029,-5.933001305765621]]],[[[104.6025740581464,-5.932911916751475],[104.6023480090534,-5.932721560851276],[104.6027287226525,-5.932531204051798],[104.6027584659305,-5.932757253144664],[104.6025740581464,-5.932911916751475]]],[[[104.6062541334216,-5.932454029629656],[104.6055926415872,-5.93221608430479],[104.6056164367493,-5.93186868339293],[104.6063731056343,-5.932296986416733],[104.6062541334216,-5.932454029629656]]],[[[104.6032700506723,-5.931609163332111],[104.6039600941831,-5.933120119697736],[104.6028952851893,-5.932138593321382],[104.6014735568592,-5.932882175272151],[104.6032700506723,-5.931609163332111]]],[[[104.445352962869,-5.897086171189851],[104.4394986677294,-5.892618313184598],[104.4389508331145,-5.887351862598304],[104.446901940772,-5.892427029183959],[104.445352962869,-5.897086171189851]]],[[[103.8525009303737,-5.11873445163358],[103.8501568663464,-5.126401627133317],[103.838282614651,-5.122077325208332],[103.8468052909315,-5.115315570057513],[103.8525009303737,-5.11873445163358]]],[[[103.7991789814249,-4.791276454944418],[103.8262703449005,-4.80154457861939],[103.8252849181646,-4.822625522849558],[103.8454070537925,-4.8228690673535],[103.8694706373602,-4.856423981581395],[103.8652082861336,-4.882547488375868],[103.8557027812584,-4.891922500722748],[103.8123175773944,-4.891820520300685],[103.831555556244,-4.943055555569378],[103.8584166671955,-4.945444443606187],[103.8676111109641,-4.96086111135117],[103.8972387631585,-4.972931462916621],[103.9726388893733,-4.969083333129268],[103.9749444444306,-4.986499999575303],[104.0048055561316,-5.006333333216764],[104.0190723444133,-5.043740490730977],[104.0187500004123,-5.066083333079321],[104.0031388902477,-5.098499998775877],[104.0238333328421,-5.091972222040367],[104.0631111107892,-5.099333333066783],[104.0814444436063,-5.118888888611275],[104.0836515246981,-5.14088705409417],[104.120777778072,-5.1747777778721],[104.2226358419706,-5.21805297486482],[104.2910072753655,-5.331710308583818],[104.3149444448303,-5.354249999937525],[104.3341202589428,-5.360813889849129],[104.3903817031531,-5.430853530565897],[104.4186002543982,-5.452058465225988],[104.4166597269649,-5.482950605585905],[104.4429514303643,-5.522836673273782],[104.4530811375844,-5.519988312610539],[104.4785480259706,-5.539263077329152],[104.4815485438302,-5.563162758554422],[104.4869658889647,-5.559510521793047],[104.4905345130574,-5.568369188387282],[104.4835080010934,-5.580115116719212],[104.4943040987552,-5.582135001229264],[104.4859555968734,-5.594703757972023],[104.4902520270095,-5.607594791266538],[104.4999681980739,-5.601180635777662],[104.5088177113683,-5.611786348760876],[104.5198589606226,-5.600018638849028],[104.5342975194151,-5.616979089113609],[104.5682021853826,-5.620402567124731],[104.5895049959589,-5.65409345884598],[104.627961525604,-5.691688450561542],[104.6137487667923,-5.745357784234332],[104.5885542605707,-5.754503047677487],[104.6176527480759,-5.80131576660932],[104.6537455581111,-5.821092701067236],[104.6393244884345,-5.828800239039803],[104.6344014700518,-5.843043038805166],[104.6451176530573,-5.88055589723682],[104.6601404492224,-5.899574248152976],[104.6581050073403,-5.913407297908416],[104.6649450961393,-5.915187425858973],[104.6585962925848,-5.918747445238352],[104.6585686456265,-5.936374574626838],[104.6120603337175,-5.938195487731583],[104.6126439406654,-5.93474610744689],[104.6092195669295,-5.932799790178115],[104.6107592746208,-5.932010517271528],[104.6025313376511,-5.929838284908921],[104.5930754897421,-5.93750865659917],[104.6123064817587,-5.936065924602722],[104.5845214289209,-5.943141124063604],[104.5563389485837,-5.926024876147088],[104.5550536141331,-5.912949591550357],[104.5666317298705,-5.91457320598863],[104.5762428978914,-5.903666351420948],[104.5653533786556,-5.867388085891338],[104.4528109758459,-5.764086286352991],[104.4449579392576,-5.7461966781341],[104.4212826038092,-5.72540458805129],[104.4160250529139,-5.707203348555615],[104.3734636424332,-5.676625999690081],[104.3010302627365,-5.641870700072697],[104.299249942331,-5.629203026898181],[104.3124877137371,-5.631292930824009],[104.3202335673253,-5.614515271362634],[104.2990553317381,-5.576090909567792],[104.2726256930214,-5.552147255991073],[104.2131755280283,-5.525085140266998],[104.2129324934399,-5.509471208929088],[104.1899540381484,-5.489897763171196],[104.1200284323663,-5.457236326295404],[104.1083333597968,-5.429117337195314],[104.0691998349045,-5.407679950269432],[104.0559258801753,-5.376577905445926],[104.0265135607523,-5.358033920828723],[104.0318988864245,-5.345341530687068],[104.0264166084398,-5.332728009290103],[103.9947670275763,-5.317962383257306],[103.992174193984,-5.309172048950898],[104.0079353821123,-5.289893853318598],[103.9928369646543,-5.263395256385976],[103.9411740796201,-5.236330824907646],[103.906532162929,-5.23202186541674],[103.9033548275633,-5.211895543444525],[103.9200304490461,-5.203858156628607],[103.9361409572395,-5.178557947691134],[103.9310770186895,-5.151747500946405],[103.9130974207094,-5.128622608146818],[103.8820350359882,-5.110310314069702],[103.8669482440663,-5.110168276045071],[103.8425916802619,-5.081252742120304],[103.8389200586139,-5.06606942056729],[103.7948278167504,-5.046534796743421],[103.7813274756826,-5.030658109584055],[103.7680587307259,-5.030954660129419],[103.7571585482284,-5.045529105583649],[103.7478082519493,-5.042468128101588],[103.7396492561083,-5.023847372857906],[103.7494942442641,-5.015338639666458],[103.7479447600427,-4.995515887448201],[103.7109712007604,-4.96311397512981],[103.6862742327697,-4.962222016732623],[103.6687904247384,-4.989096029358178],[103.6557880535759,-4.989631361598049],[103.652476955747,-4.974901825358893],[103.6590217854272,-4.962056906600923],[103.6413237615824,-4.934131192600402],[103.5959904040339,-4.922387835430156],[103.590706375299,-4.910377312163197],[103.5986676021282,-4.907265190236279],[103.6038238219119,-4.888838180437618],[103.6125202598022,-4.894321742654276],[103.6260358659625,-4.889813524874212],[103.6375230215703,-4.867525201226977],[103.6498342844248,-4.869691077181384],[103.6681257430087,-4.849310835226886],[103.698533880834,-4.83702443502956],[103.7311411587375,-4.79925453057202],[103.7667316371553,-4.795003920894183],[103.7904880446875,-4.779014734842038],[103.7991789814249,-4.791276454944418]],[[104.2603371461425,-5.542219499630167],[104.2603440529357,-5.542250900358762],[104.2607250678077,-5.541981246737108],[104.2603990114053,-5.542110044942542],[104.2603371461425,-5.542219499630167]],[[104.2617386469211,-5.544011234231031],[104.2618364392003,-5.544143752931844],[104.2617485781345,-5.543640770205353],[104.2617219896781,-5.543918434987719],[104.2617386469211,-5.544011234231031]]]]}},{"type":"Feature","properties":{"kode":"18.71","nama":"Kota Bandar Lampung","lat":-5.414197179985902,"lng":105.26213192728358},"geometry":{"type":"MultiPolygon","coordinates":[[[[105.2594444662891,-5.48809711089289],[105.2607170483532,-5.48843659597205],[105.2609472550118,-5.488861934830406],[105.2600250847899,-5.489083495406958],[105.2594444662891,-5.48809711089289]]],[[[105.2643620302835,-5.461999503674146],[105.2664079007042,-5.464507223629393],[105.2646366904309,-5.466307607909719],[105.2632089357438,-5.462749085901545],[105.2643620302835,-5.461999503674146]]],[[[105.266020956602,-5.460179054619622],[105.2654260011091,-5.460272853009744],[105.2656676876138,-5.459632330667467],[105.265955804317,-5.459940826008295],[105.266020956602,-5.460179054619622]]],[[[105.2549666383997,-5.326577762553678],[105.2621810682018,-5.329671112032112],[105.2605563502954,-5.350704761815254],[105.2711806990301,-5.353151735264276],[105.2770177379782,-5.341608524913414],[105.2950274191801,-5.347474772042985],[105.2907740269998,-5.36892872717896],[105.3060406653445,-5.358309852617519],[105.3156854662114,-5.387921712716873],[105.3238466006402,-5.388796018321588],[105.32506517212,-5.40580253725718],[105.3419436078113,-5.419959839375092],[105.3260540792324,-5.465480800898241],[105.3506735157702,-5.51495026464293],[105.3450624027078,-5.518265079369903],[105.3252731673229,-5.502302175105259],[105.3248056403681,-5.486797165156946],[105.315325287732,-5.478822052795421],[105.3201959889538,-5.469327873082789],[105.2897750339907,-5.445059199122663],[105.2547204876605,-5.461148429356459],[105.2515477550249,-5.49023156993094],[105.245313222927,-5.48143466607696],[105.2247949773065,-5.489704551923484],[105.221118981356,-5.445728116659224],[105.1975925493567,-5.452844973616581],[105.1811403878187,-5.447858687928057],[105.1879776077805,-5.436218957838594],[105.1793932461015,-5.433010443876788],[105.1912399389721,-5.429246326956409],[105.1817837556159,-5.423434845841405],[105.1784436879259,-5.406475052081897],[105.1955765328308,-5.384540034295141],[105.2068642619762,-5.389065689929654],[105.2066438309481,-5.372287549330927],[105.2238070135828,-5.367705888416],[105.2549666383997,-5.326577762553678]]]]}},{"type":"Feature","properties":{"kode":"18.72","nama":"Kota Metro","lat":-5.117295169703863,"lng":105.30795827899183},"geometry":{"type":"MultiPolygon","coordinates":[[[[105.3169893356894,-5.061876181340688],[105.3088820427721,-5.069041053102088],[105.3138146614175,-5.075661960031377],[105.342400947246,-5.071009198715506],[105.3489473273574,-5.062448752707718],[105.359233744142,-5.069213186039592],[105.3348727709617,-5.090968196425097],[105.3490502044035,-5.108491145649799],[105.3363968259528,-5.112150284707775],[105.3223213405575,-5.132127628587194],[105.3343321021448,-5.145859304962899],[105.3299289359717,-5.167608868154685],[105.3055439652818,-5.170688783560509],[105.3001327688123,-5.178750156194736],[105.2994017548871,-5.172268157649265],[105.279116029881,-5.169620068811101],[105.2747555689144,-5.158760801869436],[105.2629638201242,-5.162109000330053],[105.2911923052807,-5.109987726352452],[105.2716539411765,-5.105313062048181],[105.2687835237407,-5.095674295632227],[105.3023347408556,-5.062485711246525],[105.3166137877961,-5.054534027123639],[105.3169893356894,-5.061876181340688]]]]}}]}