{"type":"FeatureCollection","features":[{"type":"Feature","properties":{"kode":"35.01","nama":"Kabupaten Pacitan","lat":-8.124952119730581,"lng":111.1780856391636},"geometry":{"type":"MultiPolygon","coordinates":[[[[111.3903790559487,-8.277211041256543],[111.3903062450372,-8.277135374098137],[111.3904917661822,-8.276970976229485],[111.3904729406737,-8.27710988011681],[111.3903790559487,-8.277211041256543]]],[[[111.3276846388351,-8.275786870367678],[111.3273928789782,-8.275516527865427],[111.32743571009,-8.275145331791549],[111.3275832357778,-8.275245268953917],[111.3276846388351,-8.275786870367678]]],[[[111.3748374831634,-8.273649009194344],[111.3745947831228,-8.27433760389729],[111.3739023600059,-8.273942612661394],[111.3741119847803,-8.273607606206017],[111.3748374831634,-8.273649009194344]]],[[[111.2842475800619,-8.273086667615619],[111.2841387989665,-8.272964437159018],[111.2842369518739,-8.27290792466096],[111.2843053624026,-8.27300607666908],[111.2842475800619,-8.273086667615619]]],[[[111.2814396969844,-8.271985089839955],[111.2807883198251,-8.271080895267051],[111.2809047937213,-8.270417706412019],[111.28125505088,-8.270806033671434],[111.2814396969844,-8.271985089839955]]],[[[111.2265751373328,-8.269974064551349],[111.2263909669696,-8.269778472798244],[111.2265722819852,-8.269361592063778],[111.2267307542209,-8.269581453821022],[111.2265751373328,-8.269974064551349]]],[[[111.2265605773089,-8.267859617227451],[111.226638623174,-8.268272692031058],[111.2259095562811,-8.268314569861417],[111.2259533379762,-8.268067106112014],[111.2265605773089,-8.267859617227451]]],[[[111.209675549587,-8.266953751714183],[111.2093965430161,-8.266933482793952],[111.2094074436986,-8.266734577938433],[111.2096200551215,-8.266722292299882],[111.209675549587,-8.266953751714183]]],[[[111.2870645759694,-8.264982258824176],[111.2868827339511,-8.264807714804139],[111.2875690929393,-8.264574856944034],[111.2874817381917,-8.264759923031999],[111.2870645759694,-8.264982258824176]]],[[[111.1286918403563,-8.260797051442719],[111.1284545137648,-8.260539578238895],[111.1288465048624,-8.260057038901163],[111.1291999069502,-8.26033172602834],[111.1286918403563,-8.260797051442719]]],[[[111.1232321758243,-8.25937867128859],[111.1244317868975,-8.260098485956284],[111.1218318540569,-8.260499617763077],[111.1226599057302,-8.259264677722626],[111.1232321758243,-8.25937867128859]]],[[[111.0012935240769,-8.256462832693483],[111.0010288086327,-8.256255818651042],[111.0012667548569,-8.25579063532949],[111.0013552616361,-8.255973765177131],[111.0012935240769,-8.256462832693483]]],[[[110.9936585029377,-8.255278078420574],[110.9935171627869,-8.255677827070045],[110.9931716648406,-8.255646418247569],[110.9932100110332,-8.255422764948577],[110.9936585029377,-8.255278078420574]]],[[[110.9971152019051,-8.25510456682224],[110.9976361737704,-8.255206292736155],[110.9978399646427,-8.255413876948818],[110.9969857391006,-8.255792211841122],[110.9971152019051,-8.25510456682224]]],[[[111.0028513477116,-8.254555010905023],[111.0028513477116,-8.25572094686418],[111.0014504395861,-8.255179619743629],[111.001522343981,-8.254831994001304],[111.0028513477116,-8.254555010905023]]],[[[110.99404421317,-8.254800757848706],[110.9940227976141,-8.254546155280789],[110.9940775258573,-8.25452236101805],[110.994156048363,-8.254660370080007],[110.99404421317,-8.254800757848706]]],[[[111.2549970001115,-8.25451400002109],[111.2552513445739,-8.254968084809171],[111.2544439422342,-8.254621010351286],[111.2545539796825,-8.254533327351137],[111.2549970001115,-8.25451400002109]]],[[[110.9962475935517,-8.25357295572731],[110.9961571748138,-8.253501572039816],[110.9963522899263,-8.253154171128045],[110.9964141560885,-8.253458741827462],[110.9962475935517,-8.25357295572731]]],[[[110.992428597302,-8.252969057376074],[110.9922382396031,-8.252978574001961],[110.9923421427758,-8.252700178070675],[110.9924880829587,-8.252757285020689],[110.992428597302,-8.252969057376074]]],[[[110.9923335767332,-8.252057961405761],[110.9918219928907,-8.252257835730497],[110.9922693858236,-8.251464262265866],[110.9924602660285,-8.251594441829972],[110.9923335767332,-8.252057961405761]]],[[[110.9755331554309,-8.242930666417063],[110.975399904682,-8.242821210830158],[110.9755141185818,-8.242597541343404],[110.9756235741686,-8.242687960980604],[110.9755331554309,-8.242930666417063]]],[[[110.9769798669274,-8.243006809316782],[110.9760661539299,-8.243211441954461],[110.9758995922924,-8.242845005092896],[110.9770512506148,-8.242421461281406],[110.9769798669274,-8.243006809316782]]],[[[110.9754046638942,-8.242116889682709],[110.9752000303572,-8.242097854632195],[110.9753761104192,-8.24176948877085],[110.9755046010566,-8.241974123207179],[110.9754046638942,-8.242116889682709]]],[[[110.9775069182098,-8.240945005607507],[110.9777817447318,-8.241105619129012],[110.9774248262948,-8.24164099813352],[110.977054820024,-8.241159156669724],[110.9775069182098,-8.240945005607507]]],[[[110.9758472436555,-8.241507748283965],[110.9754338828675,-8.241630421206896],[110.9760280829298,-8.240670178186154],[110.9760851898796,-8.240760596923984],[110.9758472436555,-8.241507748283965]]],[[[110.9729905615652,-8.240943251030135],[110.9726345937115,-8.240876625655673],[110.972746904646,-8.24040644390223],[110.9730800297196,-8.240513044141622],[110.9729905615652,-8.240943251030135]]],[[[110.9721922513714,-8.240078373018438],[110.9722040163024,-8.240391927045803],[110.9713085289655,-8.240523273929927],[110.9715962769467,-8.240045003673906],[110.9721922513714,-8.240078373018438]]],[[[110.9702689702369,-8.23783279644637],[110.9699239480319,-8.237716797392274],[110.9701797404028,-8.237246853059759],[110.9704623010944,-8.23762161764348],[110.9702689702369,-8.23783279644637]]],[[[110.9608300448708,-8.235420220266914],[110.9603374960787,-8.235872317553365],[110.9601780723602,-8.235739067703811],[110.9602423181286,-8.235422599873026],[110.9608300448708,-8.235420220266914]]],[[[110.9633855862758,-8.235439256216619],[110.9632332995772,-8.23567244322863],[110.9624195246414,-8.235401185216489],[110.9628525868775,-8.235077577668086],[110.9633855862758,-8.235439256216619]]],[[[110.9174484652745,-8.222296238280684],[110.9173324671197,-8.22231110857075],[110.9173324671197,-8.222192136357958],[110.9173889787184,-8.222198085373282],[110.9174484652745,-8.222296238280684]]],[[[110.9170290853241,-8.221653783295473],[110.9171778017142,-8.22193336992905],[110.9163866312381,-8.221662706368775],[110.9167494986905,-8.221433683217843],[110.9170290853241,-8.221653783295473]]],[[[110.9173741066298,-8.221463425596536],[110.916972572826,-8.221353375557765],[110.916907138154,-8.22123737830232],[110.9171480584362,-8.221073789823468],[110.9173741066298,-8.221463425596536]]],[[[110.9178708201822,-8.21966395862475],[110.9175674383866,-8.219562831659282],[110.917570413344,-8.219527140265264],[110.9179154337504,-8.219556882643957],[110.9178708201822,-8.21966395862475]]],[[[111.1851145617876,-7.918143693076888],[111.1931106256549,-7.923175557306087],[111.1913238103456,-7.934418441757688],[111.2221740926603,-7.930363344692618],[111.2318524166558,-7.948701147140173],[111.2505665566014,-7.945808654945433],[111.2830549162514,-7.919005963054707],[111.2866827544056,-7.939088873852444],[111.3163151541211,-7.936343403725025],[111.3270028367115,-7.967449964044508],[111.3493379349978,-7.97897064457949],[111.3438390177565,-8.006391796644046],[111.3598907543549,-8.014499464578577],[111.35824710482,-8.025911428769366],[111.3670597171323,-8.033028218277565],[111.3463379549327,-8.066240894601577],[111.3545006101152,-8.079029237009632],[111.3488551393533,-8.084158833263437],[111.3594644136518,-8.088102927907741],[111.3624786488706,-8.099615019017818],[111.3472135744469,-8.114164790672511],[111.3685051938596,-8.12152583335049],[111.3687898949377,-8.130860508405728],[111.3798906631237,-8.136505591559722],[111.3803487427004,-8.163274852952078],[111.3932383433749,-8.159482644808218],[111.4047170048859,-8.172378850103783],[111.4226565812363,-8.169427105176723],[111.4265594185823,-8.175374931607742],[111.424266161754,-8.191369445243684],[111.4035109735526,-8.197026748385632],[111.4089126300139,-8.212659807404137],[111.3921737664062,-8.23318095963355],[111.4065399000964,-8.25922674072153],[111.3985750858716,-8.277459211873044],[111.3874689523303,-8.273221392353296],[111.3775073382931,-8.276292086110875],[111.3673927765554,-8.260409603720191],[111.3577785652286,-8.270292696150943],[111.33703474176,-8.26196111141611],[111.3248709371441,-8.27328068285718],[111.3119530096238,-8.267812587181105],[111.3143826576336,-8.258881815643253],[111.3021165362492,-8.256944934061465],[111.2956401908422,-8.263598122155518],[111.2876166481898,-8.260036544251097],[111.2949016064241,-8.266148904348452],[111.2919331952608,-8.274078621630991],[111.2844957192021,-8.272836540973554],[111.2778912572758,-8.26666040275537],[111.2847128829933,-8.26105123492649],[111.2848842047423,-8.259174317440703],[111.2612609157588,-8.247463560694683],[111.2315647658014,-8.256509796190041],[111.2245313722251,-8.268544902425283],[111.2166620192368,-8.25905180369773],[111.2151028133443,-8.265808412028512],[111.2014221141393,-8.264346716028097],[111.1943384583532,-8.277995304040058],[111.1767649492431,-8.272558235873788],[111.1716752819887,-8.280479460858352],[111.1585918153601,-8.276117909014218],[111.1535973269552,-8.284655416014601],[111.1515355241452,-8.276988791799305],[111.1436047798368,-8.281010318970932],[111.1331503795864,-8.272674591059452],[111.1372792210592,-8.26167196408985],[111.0938904936514,-8.246794892270408],[111.105617300598,-8.231288807632335],[111.0931308731913,-8.220832043963604],[111.0752968133973,-8.223313822075156],[111.0766150342565,-8.245595095037555],[111.0280507012789,-8.25664028961766],[111.0174516297889,-8.248302657841382],[110.9987814271212,-8.254685323568793],[110.9556103896079,-8.226095624813183],[110.9405817136752,-8.227382436849933],[110.9002622231232,-8.211639923143892],[110.8952862373701,-8.166718546823386],[110.9079166372431,-8.116531995155434],[110.9392610898275,-8.086833583403124],[110.9517541326472,-8.062980701098414],[110.982880847673,-8.078854975376775],[111.004699976123,-8.0728540160999],[111.0323539437796,-8.07978080673875],[111.0660288788297,-8.061309526913067],[111.079561276232,-8.04270089093329],[111.0910487645889,-8.063436411860874],[111.1153527441339,-8.060939386643344],[111.1199911729543,-8.035033037344768],[111.134994453831,-8.021206942946062],[111.1232838976338,-7.97996022888137],[111.1295254390478,-7.962786178839013],[111.1448381739426,-7.952297151092561],[111.1410125056228,-7.934521190200686],[111.154390691777,-7.922033510038399],[111.1851145617876,-7.918143693076888]]]]}},{"type":"Feature","properties":{"kode":"35.02","nama":"Kabupaten Ponorogo","lat":-7.931327949447231,"lng":111.4995304316846},"geometry":{"type":"MultiPolygon","coordinates":[[[[111.6628274404341,-7.768378161023274],[111.6777291257985,-7.774078912211983],[111.6759703954175,-7.783728365271773],[111.6883842196561,-7.785682480561976],[111.6937987858853,-7.805333166392429],[111.7194065350836,-7.811145259046429],[111.7505353122549,-7.799096458834479],[111.7670974338995,-7.823229732665985],[111.776664693421,-7.820202772040278],[111.7847518640074,-7.829776702732597],[111.7714004317846,-7.855962197097614],[111.7786254753855,-7.865139411654435],[111.7711944213855,-7.886666222668008],[111.7558593572236,-7.893874582945574],[111.7585830565629,-7.905978149172181],[111.7529849809721,-7.884559237019121],[111.7433531600204,-7.879027830869648],[111.6996458064089,-7.897472222764782],[111.7067121970103,-7.906455345637634],[111.6885069177601,-7.93272644826695],[111.6678328322195,-7.944592562896417],[111.6555732471077,-7.940750543102996],[111.6471290645547,-7.953800546857685],[111.6634872577308,-7.967737833434255],[111.6536900001934,-7.981615998579431],[111.653301960717,-8.020480939144008],[111.648162065427,-8.020895219938389],[111.6477086047684,-8.00377949542737],[111.6361052891278,-8.002152670409384],[111.6062737480352,-8.019347553246874],[111.5904570186765,-8.019376387310366],[111.5732691721346,-8.047946515019593],[111.5352964228917,-8.059702391652017],[111.5435063707225,-8.066501973187528],[111.5268681799226,-8.081057078721159],[111.5278747973841,-8.10736156688277],[111.4832783928836,-8.108461056432574],[111.4731560007489,-8.158139116127288],[111.4774120414326,-8.173129659006477],[111.4649537223365,-8.175518790759533],[111.437828170234,-8.163226590834398],[111.4313967657482,-8.170381343424165],[111.4055486403575,-8.172654359211222],[111.3932383433749,-8.159482644808218],[111.3803487427004,-8.163274852952078],[111.3798906631237,-8.136505591559722],[111.3687898949377,-8.130860508405728],[111.3685051938596,-8.12152583335049],[111.3470324258059,-8.113454885634468],[111.3624786488706,-8.099615019017818],[111.3594644136518,-8.088102927907741],[111.3488551393533,-8.084158833263437],[111.3545006101152,-8.079029237009632],[111.3463379549327,-8.066240894601577],[111.3670597171323,-8.033028218277565],[111.35824710482,-8.025911428769366],[111.3598907543549,-8.014499464578577],[111.3438390177565,-8.006391796644046],[111.3495577868624,-7.979454333250827],[111.3270028367115,-7.967449964044508],[111.3163151541211,-7.936343403725025],[111.2866827544056,-7.939088873852444],[111.2862782681277,-7.920776225442409],[111.2792939676426,-7.917116034177577],[111.2971623329754,-7.876933165932857],[111.2941908632178,-7.861346223249547],[111.314506283838,-7.851638171264578],[111.3027447576645,-7.837580951999338],[111.3056485741225,-7.823153024992084],[111.2887011361485,-7.793481065898415],[111.3076780004395,-7.797705999931885],[111.3147229997666,-7.792174000229827],[111.327628000432,-7.800406000336561],[111.3436649998399,-7.783323000356094],[111.4132229996418,-7.775852000269516],[111.4554506312417,-7.783988850305138],[111.4685785567551,-7.777058042394706],[111.5086837118839,-7.799450074061624],[111.549789832235,-7.804410987177305],[111.5855244270108,-7.796893691790422],[111.5988575904055,-7.776998561234531],[111.6083445548574,-7.782377819180989],[111.6628274404341,-7.768378161023274]]]]}},{"type":"Feature","properties":{"kode":"35.03","nama":"Kabupaten Trenggalek","lat":-8.160655712373636,"lng":111.62732146474757},"geometry":{"type":"MultiPolygon","coordinates":[[[[111.7087698476504,-8.406615543572453],[111.7087127407005,-8.40662268329016],[111.7086984648623,-8.406529884046847],[111.7087662791405,-8.40653345255678],[111.7087698476504,-8.406615543572453]]],[[[111.7076144427524,-8.40008691607828],[111.7074859916853,-8.40002439790764],[111.7075145460595,-8.399724586420447],[111.7076549338282,-8.399750760289297],[111.7076144427524,-8.40008691607828]]],[[[111.7067436004369,-8.39800899382002],[111.7071481469695,-8.39817837213415],[111.7069815457617,-8.398480127955548],[111.7067436004369,-8.398396847136684],[111.7067436004369,-8.39800899382002]]],[[[111.7484813245536,-8.3882997358441],[111.7485759790982,-8.38797496637154],[111.7487936348185,-8.388132498815697],[111.7486866730516,-8.388243317774862],[111.7484813245536,-8.3882997358441]]],[[[111.6685359401815,-8.377917626697045],[111.6682028160072,-8.37774630494799],[111.6684693148071,-8.3772704133988],[111.6686882259809,-8.377479806148074],[111.6685359401815,-8.377917626697045]]],[[[111.6516082630109,-8.377833576058684],[111.6511002899465,-8.377435140419358],[111.6514340778205,-8.376396650984557],[111.6516658537962,-8.376713994755018],[111.6516082630109,-8.377833576058684]]],[[[111.6512405679979,-8.378071656281865],[111.6520272400652,-8.382313681031555],[111.6506138403565,-8.384155383763918],[111.6499571086337,-8.376288885223797],[111.6512405679979,-8.378071656281865]]],[[[111.7146243856069,-8.37376599010831],[111.7137698246178,-8.372949099920994],[111.7139658471462,-8.372386370734368],[111.7143316931532,-8.372708775889208],[111.7146243856069,-8.37376599010831]]],[[[111.7254662416737,-8.369725954888878],[111.726642797727,-8.37083360218898],[111.7257308240184,-8.371462265171363],[111.7250717837358,-8.371128443123137],[111.7254662416737,-8.369725954888878]]],[[[111.6698834465639,-8.369756212579098],[111.6698397098348,-8.369680368254322],[111.6699476716478,-8.369558477741528],[111.6700302932635,-8.369686222840826],[111.6698834465639,-8.369756212579098]]],[[[111.6718338269696,-8.369509542931013],[111.67172092608,-8.369506111118046],[111.6716969069867,-8.369317124885338],[111.671876972844,-8.369349878194292],[111.6718338269696,-8.369509542931013]]],[[[111.5151881350245,-8.369462011962252],[111.514609248618,-8.370121093613552],[111.5114190682354,-8.37152738418137],[111.5132848386245,-8.368880769332048],[111.5151881350245,-8.369462011962252]]],[[[111.6694103923758,-8.369282563039775],[111.6691666671081,-8.36916666740775],[111.6693449568044,-8.368747184035268],[111.6695353136039,-8.36896728411281],[111.6694103923758,-8.369282563039775]]],[[[111.6547458096715,-8.366426392663833],[111.6546401986863,-8.366383628101897],[111.6548251001982,-8.36609868960279],[111.6548516571783,-8.36639300982947],[111.6547458096715,-8.366426392663833]]],[[[111.4872222330197,-8.364694890157036],[111.4871365716955,-8.364345109639064],[111.4873578615761,-8.364109543020941],[111.4874292461628,-8.364245171577327],[111.4872222330197,-8.364694890157036]]],[[[111.4839100227294,-8.363923945433687],[111.4833675058058,-8.364102405101885],[111.4832675686434,-8.364073850727642],[111.4837458397987,-8.363788315977931],[111.4839100227294,-8.363923945433687]]],[[[111.6681306544063,-8.360177250179905],[111.6679930959047,-8.359872112008286],[111.6682200020515,-8.35977655004772],[111.6682923570067,-8.359823922735803],[111.6681306544063,-8.360177250179905]]],[[[111.4860692446,-8.360052736344663],[111.4875791523561,-8.361239913391199],[111.486415596003,-8.364616367651205],[111.4848726390611,-8.357814793218115],[111.4860692446,-8.360052736344663]]],[[[111.6590718769656,-8.357516398163138],[111.6589407207377,-8.357646282749691],[111.6588526150562,-8.357456127398315],[111.6590768700017,-8.35741955556804],[111.6590718769656,-8.357516398163138]]],[[[111.6586939296812,-8.357507820429504],[111.6584719167456,-8.357553982630144],[111.658489038938,-8.35727952572947],[111.6586394847245,-8.35729722978325],[111.6586939296812,-8.357507820429504]]],[[[111.6302859704213,-8.35637418991693],[111.6304566707389,-8.356462759648569],[111.6304850812216,-8.356588456092311],[111.6302803739401,-8.356538230754733],[111.6302859704213,-8.35637418991693]]],[[[111.6301829683694,-8.356050595858271],[111.6300127599809,-8.356055299312608],[111.630316238004,-8.355677960869183],[111.6303367614325,-8.355857803694615],[111.6301829683694,-8.356050595858271]]],[[[111.6262501719079,-8.356401836875254],[111.6258635821387,-8.357283921615615],[111.6245144210038,-8.3565072158353],[111.6258660004157,-8.355398000117624],[111.6262501719079,-8.356401836875254]]],[[[111.6283749353551,-8.355116330654049],[111.6282513361303,-8.354859599390956],[111.6284004005582,-8.354770188793097],[111.6284291347968,-8.355024583617592],[111.6283749353551,-8.355116330654049]]],[[[111.6313856146544,-8.354538267127314],[111.631300798693,-8.35538950871884],[111.6298852001419,-8.35537933288986],[111.6304892037139,-8.354686553641493],[111.6313856146544,-8.354538267127314]]],[[[111.6275371170443,-8.35481975402839],[111.6272599639762,-8.354626070636577],[111.6272578595627,-8.354246778865697],[111.6273635946543,-8.354250362664022],[111.6275371170443,-8.35481975402839]]],[[[111.6267237935683,-8.354378155427504],[111.6267274969765,-8.354181965625145],[111.6268005480069,-8.354184971159455],[111.6268406892465,-8.35432621508268],[111.6267237935683,-8.354378155427504]]],[[[111.6241631170343,-8.349182941039839],[111.6239811751912,-8.349265147168765],[111.6238164068018,-8.349165034638588],[111.6241367956767,-8.348969748654937],[111.6241631170343,-8.349182941039839]]],[[[111.6242059850183,-8.34884063838473],[111.6239952972453,-8.348778809094686],[111.6240048651325,-8.348724560190206],[111.6243032565901,-8.348712902278592],[111.6242059850183,-8.34884063838473]]],[[[111.7480752914416,-8.345276497412417],[111.7476965581497,-8.345338545237606],[111.7489498443599,-8.343744691164527],[111.7490571469698,-8.344333801063968],[111.7480752914416,-8.345276497412417]]],[[[111.7536114550047,-8.340148268127994],[111.7534961169523,-8.340146093567373],[111.7534863224359,-8.340050390413083],[111.7536401011098,-8.34005009813346],[111.7536114550047,-8.340148268127994]]],[[[111.5685827204163,-8.338801885898288],[111.5683501620304,-8.33861571184558],[111.568362060061,-8.338556226188825],[111.5687130303821,-8.338728736841698],[111.5685827204163,-8.338801885898288]]],[[[111.5631786591679,-8.3382451381026],[111.5634677561321,-8.338255393071918],[111.5625680716593,-8.338522912602269],[111.5627274962769,-8.338080332841074],[111.5631786591679,-8.3382451381026]]],[[[111.5679318864475,-8.338474749410167],[111.5678178685998,-8.338103955333214],[111.5681628314496,-8.338024073951793],[111.5681916978886,-8.338135105150872],[111.5679318864475,-8.338474749410167]]],[[[111.569319793074,-8.338234998246534],[111.5689331295603,-8.338092230871723],[111.5694423346961,-8.337818593253381],[111.5695042008583,-8.338038693331011],[111.569319793074,-8.338234998246534]]],[[[111.5683598414336,-8.337537575798386],[111.568251662884,-8.337555361690523],[111.5681136277418,-8.337289130888585],[111.5684140786468,-8.337466569826262],[111.5683598414336,-8.337537575798386]]],[[[111.5693265964453,-8.337551721234853],[111.5691106080682,-8.337442262950017],[111.5692280424403,-8.337253524930226],[111.5693624047512,-8.33736005412316],[111.5693265964453,-8.337551721234853]]],[[[111.7585029881224,-8.337784760757998],[111.7581514539266,-8.337539083961492],[111.7584139489446,-8.337223142234134],[111.7586588262439,-8.337523833258302],[111.7585029881224,-8.337784760757998]]],[[[111.5635801246231,-8.337382476020387],[111.5632757481773,-8.337288747777443],[111.5632136382988,-8.337122869624718],[111.563382056137,-8.337039218285263],[111.5635801246231,-8.337382476020387]]],[[[111.5693234551134,-8.336890500995757],[111.5691309228538,-8.336964921693717],[111.5690776802908,-8.336834877027925],[111.5694593678556,-8.336699776373528],[111.5693234551134,-8.336890500995757]]],[[[111.6308648784114,-8.336435523180779],[111.6307771279621,-8.33651205009101],[111.6306668602874,-8.336426552443381],[111.6309269136461,-8.336293224352769],[111.6308648784114,-8.336435523180779]]],[[[111.5701712073354,-8.336505932902387],[111.5698262570761,-8.336448233299247],[111.5698202172293,-8.336253196427794],[111.5701536282873,-8.33621308216797],[111.5701712073354,-8.336505932902387]]],[[[111.5166489721724,-8.335570678443975],[111.5164202377038,-8.33558317722181],[111.5164716618378,-8.335405392944466],[111.5166598305868,-8.3354237903756],[111.5166489721724,-8.335570678443975]]],[[[111.5701885786401,-8.336015430967318],[111.5699130821231,-8.335830372973323],[111.5702663493127,-8.33537979733972],[111.5703847216776,-8.335532324157384],[111.5701885786401,-8.336015430967318]]],[[[111.5699679263787,-8.33513045670518],[111.5686773380887,-8.336170815830428],[111.5677434002378,-8.33639091590797],[111.5673210453301,-8.335843639772094],[111.5699679263787,-8.33513045670518]]],[[[111.5696090321312,-8.334658152551615],[111.5695073628746,-8.334727578414984],[111.5693437779931,-8.334678634611219],[111.5695772366003,-8.33445147035901],[111.5696090321312,-8.334658152551615]]],[[[111.5168532963427,-8.33485447815157],[111.5166752557585,-8.334624376713577],[111.5169101802607,-8.334319487654156],[111.516973630129,-8.334461756804572],[111.5168532963427,-8.33485447815157]]],[[[111.5706550659786,-8.334376108070867],[111.5705051957582,-8.33433933569177],[111.5704981171944,-8.334292519683988],[111.570702305567,-8.334266665973793],[111.5706550659786,-8.334376108070867]]],[[[111.5719983464466,-8.33445619359841],[111.5719092623027,-8.33410025632169],[111.5720205588018,-8.33393895931545],[111.5722181479492,-8.334214202223649],[111.5719983464466,-8.33445619359841]]],[[[111.5744030355717,-8.333930403165528],[111.5743734649635,-8.333935578763878],[111.5740824983088,-8.333485569703196],[111.5744559157081,-8.333592501792424],[111.5744030355717,-8.333930403165528]]],[[[111.535396994076,-8.33279753617731],[111.5351834419623,-8.332736349902596],[111.5352559659901,-8.332474159754604],[111.5353659287946,-8.332498689662753],[111.535396994076,-8.33279753617731]]],[[[111.5905071342969,-8.332312584857853],[111.5899835876725,-8.332357566248643],[111.5898628392987,-8.332326694321495],[111.5902792586809,-8.332111718580908],[111.5905071342969,-8.332312584857853]]],[[[111.5759226973747,-8.330499304299437],[111.5758028078533,-8.33044054079826],[111.5759100915775,-8.330313177011455],[111.5759605633294,-8.33042237629165],[111.5759226973747,-8.330499304299437]]],[[[111.4770675840018,-8.329904870413412],[111.4767899488971,-8.32982154013198],[111.4770799487806,-8.329307539811097],[111.4773744066036,-8.329594192417993],[111.4770675840018,-8.329904870413412]]],[[[111.4622201205621,-8.329234352083663],[111.4619846708559,-8.329142319962006],[111.4625945452022,-8.328675389257771],[111.4625470340185,-8.329089181720288],[111.4622201205621,-8.329234352083663]]],[[[111.6015993823057,-8.328709082358259],[111.6015213912992,-8.328496736235351],[111.6019275763966,-8.328277729733351],[111.6018879216903,-8.32850043964351],[111.6015993823057,-8.328709082358259]]],[[[111.4635148700153,-8.32806189783824],[111.4639467928103,-8.328307049430776],[111.4622701777266,-8.328372202615046],[111.4630210522798,-8.327906690141589],[111.4635148700153,-8.32806189783824]]],[[[111.4815460108398,-8.327987058056223],[111.480827000166,-8.330036999707673],[111.4778623625581,-8.331223620973276],[111.4790876186987,-8.328005901551077],[111.4815460108398,-8.327987058056223]]],[[[111.463330230206,-8.327690950876647],[111.4632352833816,-8.327538416864382],[111.4634910748533,-8.327502724571083],[111.4634494353432,-8.327663338991869],[111.463330230206,-8.327690950876647]]],[[[111.5089494093878,-8.327202040741515],[111.5088589888513,-8.327173487266553],[111.5090207930752,-8.326640487868158],[111.5092016323495,-8.326945058567574],[111.5089494093878,-8.327202040741515]]],[[[111.5077783688767,-8.326847557668575],[111.5076882936798,-8.326650006292695],[111.5078120260043,-8.326416818381404],[111.5078596163282,-8.326826086354782],[111.5077783688767,-8.326847557668575]]],[[[111.5902404664244,-8.32616988972859],[111.5902037363134,-8.326043686966571],[111.59028767004,-8.325973182816053],[111.5903084929426,-8.326166868006517],[111.5902404664244,-8.32616988972859]]],[[[111.5374060777283,-8.32527754911954],[111.5369924291574,-8.325007679660672],[111.5377655484414,-8.32458065007689],[111.5379919455719,-8.324972822837466],[111.5374060777283,-8.32527754911954]]],[[[111.4375652309507,-8.323692504805162],[111.4373260013939,-8.32349211067232],[111.4378877152459,-8.323046000172756],[111.437932035635,-8.323277435305325],[111.4375652309507,-8.323692504805162]]],[[[111.4634518140501,-8.32336008300139],[111.4631186898757,-8.323461210866139],[111.4628807427522,-8.323306546359959],[111.4637254516683,-8.32303885595838],[111.4634518140501,-8.32336008300139]]],[[[111.7385630506444,-8.323576932029724],[111.7383432770207,-8.323528023299591],[111.7381562090418,-8.32294108526284],[111.7384917362047,-8.323012398803158],[111.7385630506444,-8.323576932029724]]],[[[111.456187529431,-8.321549962660573],[111.4560261326001,-8.32154194430526],[111.4561313595747,-8.320858970365101],[111.456261894371,-8.321421743618522],[111.456187529431,-8.321549962660573]]],[[[111.467847593192,-8.320797388388694],[111.4677489519526,-8.320286318059082],[111.4679983969086,-8.319910771964505],[111.4682873086124,-8.320396727826633],[111.467847593192,-8.320797388388694]]],[[[111.4566873375507,-8.319952315247097],[111.4563153060066,-8.319612330144892],[111.4563885962567,-8.319434310245182],[111.4567084959004,-8.319605411660351],[111.4566873375507,-8.319952315247097]]],[[[111.4881286336295,-8.318078007593925],[111.4881104781162,-8.317710280205208],[111.4885490163241,-8.317681864326492],[111.4884708733321,-8.317822286269454],[111.4881286336295,-8.318078007593925]]],[[[111.5371094381501,-8.316970997913202],[111.5365607509779,-8.31693935796494],[111.5365574612578,-8.316890328725695],[111.5369938815624,-8.316766808641223],[111.5371094381501,-8.316970997913202]]],[[[111.4522317148218,-8.317297809746087],[111.4522330170402,-8.316767278087394],[111.4527133206633,-8.316909781061526],[111.4526728268895,-8.317043739576917],[111.4522317148218,-8.317297809746087]]],[[[111.4814069468732,-8.316299845561375],[111.481191070012,-8.316202734068927],[111.4812339011237,-8.315738738751737],[111.481473514691,-8.315926373303455],[111.4814069468732,-8.316299845561375]]],[[[111.538776642728,-8.31431909415084],[111.5386155777468,-8.31425948258902],[111.5386993990581,-8.314058342918145],[111.5388123961752,-8.314108446847328],[111.538776642728,-8.31431909415084]]],[[[111.545849379845,-8.314019620808804],[111.5461553112187,-8.314128690586546],[111.5463040518905,-8.314319354954218],[111.5456755345984,-8.314424108885436],[111.545849379845,-8.314019620808804]]],[[[111.5460062297038,-8.313803690887571],[111.5455451949549,-8.313801176383144],[111.5455353257947,-8.313671926717952],[111.5456877123181,-8.313582931606938],[111.5460062297038,-8.313803690887571]]],[[[111.5439424061172,-8.3134780940388],[111.5439269161943,-8.313565472168776],[111.543422889355,-8.313536257692071],[111.5435826431246,-8.313415967073183],[111.5439424061172,-8.3134780940388]]],[[[111.7441057693658,-8.308611580959617],[111.7437274263797,-8.308179542152132],[111.7438149879714,-8.307748131071317],[111.74388930165,-8.307738181871542],[111.7441057693658,-8.308611580959617]]],[[[111.4457169998397,-8.30707300011884],[111.4454050034382,-8.306969734565577],[111.4455190797418,-8.306692482571947],[111.4459827773833,-8.306853866812407],[111.4457169998397,-8.30707300011884]]],[[[111.7325420553716,-8.296981839640143],[111.7316735521927,-8.299104319708555],[111.7311476907135,-8.299251846295679],[111.7313570825634,-8.297291169551784],[111.7325420553716,-8.296981839640143]]],[[[111.444054224423,-8.296785176794401],[111.4452142113668,-8.297784551116099],[111.4424572326153,-8.295782851797089],[111.4427871605991,-8.295625189850568],[111.444054224423,-8.296785176794401]]],[[[111.441879396617,-8.295839341812155],[111.4417624622679,-8.295927035604205],[111.4414450996118,-8.295353358970274],[111.4419317452539,-8.295644225800363],[111.441879396617,-8.295839341812155]]],[[[111.4441339358325,-8.289610150787823],[111.4436342491213,-8.290086043236293],[111.4433915436849,-8.290083662730812],[111.4438887239855,-8.289325366072724],[111.4441339358325,-8.289610150787823]]],[[[111.4154568958191,-8.277618579833561],[111.415245076699,-8.278232338351703],[111.4147026793852,-8.278134541575781],[111.4150017048648,-8.277040394898254],[111.4154568958191,-8.277618579833561]]],[[[111.4159853590371,-8.27728580369687],[111.4155454115916,-8.277298305172636],[111.4155334587022,-8.27693767703213],[111.4157654559111,-8.276862723935512],[111.4159853590371,-8.27728580369687]]],[[[111.415755857447,-8.274104755929628],[111.4157154311223,-8.273933827184337],[111.4158886819172,-8.273948065250973],[111.4158521370665,-8.274098769142828],[111.415755857447,-8.274104755929628]]],[[[111.4356672729264,-8.27263160256642],[111.4355558217438,-8.2726260492527],[111.4355512343021,-8.272491135657294],[111.4356973894231,-8.272555404808006],[111.4356672729264,-8.27263160256642]]],[[[111.4390839259824,-8.270722781631061],[111.4370518673499,-8.272369369250914],[111.4365188670522,-8.271584146890802],[111.4386373910029,-8.269476449878237],[111.4390839259824,-8.270722781631061]]],[[[111.4411987905918,-8.269389990855363],[111.4410940366605,-8.268894548944221],[111.4413058665725,-8.268815946398771],[111.4414129425533,-8.269172864835799],[111.4411987905918,-8.269389990855363]]],[[[111.4199880589019,-8.262373457768817],[111.4196244324217,-8.262145147780302],[111.4196766146841,-8.261886707805282],[111.4200046837692,-8.261992790035215],[111.4199880589019,-8.262373457768817]]],[[[111.4232113028594,-8.26028573559821],[111.4235011210799,-8.260401376722086],[111.4236852914431,-8.26137790826376],[111.4232227242494,-8.261279399224879],[111.4232113028594,-8.26028573559821]]],[[[111.4227502519227,-8.259059092702863],[111.4229227625754,-8.259111441339844],[111.42304292639,-8.259333921023586],[111.4225230139261,-8.259337490432799],[111.4227502519227,-8.259059092702863]]],[[[111.7526502838836,-7.88695320982267],[111.7612321814201,-7.922897086731132],[111.7441753436172,-7.932147614021082],[111.7381059729124,-7.958453365730182],[111.760537601729,-7.98793775772129],[111.7546177001468,-8.031249870085393],[111.7802161449592,-8.039231453069089],[111.8131530387818,-8.087645154999805],[111.8383363673295,-8.091597946088296],[111.8469305675917,-8.106417265244552],[111.8222763731562,-8.134702420280409],[111.7336124797322,-8.142207047816967],[111.718465926961,-8.168646482848878],[111.7168648369427,-8.191118854551487],[111.7302377350834,-8.205558586059851],[111.7401328631412,-8.203175703695713],[111.727261317256,-8.242154847368326],[111.7479057926183,-8.257875444596046],[111.7500037238928,-8.289813422751173],[111.777586716154,-8.28965118865133],[111.7684855545647,-8.294299405693],[111.7762679017423,-8.306857470395883],[111.7689602823912,-8.31666202143511],[111.7776766348688,-8.321321104985007],[111.7817225255741,-8.326068168311256],[111.7493239317541,-8.340917388126883],[111.7389979726784,-8.332647150645371],[111.7466066922451,-8.306045019262136],[111.7293176890602,-8.287459456288886],[111.7128844699424,-8.290880876651112],[111.7065624284134,-8.302866941056468],[111.7131935903121,-8.322371629147334],[111.6953865911183,-8.321802889791456],[111.6884203679057,-8.335260890777434],[111.7134812879311,-8.351710982975451],[111.7240492347845,-8.368680286166246],[111.7037098427351,-8.367065787256216],[111.7019254978635,-8.383153156792726],[111.6884658439236,-8.366276208580175],[111.6825065421433,-8.374927837749429],[111.6733238147423,-8.370329693160787],[111.6673059742914,-8.355804160033902],[111.6527073595571,-8.366532304921819],[111.6476483546879,-8.351559707114724],[111.6347452210152,-8.347430917802594],[111.6260378932343,-8.35394929302538],[111.6342918439935,-8.34046046867563],[111.6283396540518,-8.325204170735816],[111.6172737849573,-8.31987764633622],[111.6054030765908,-8.339433495059705],[111.5988871790001,-8.3218849781092],[111.5875934819537,-8.334281586625885],[111.577791674746,-8.328940105601372],[111.5760942772292,-8.333173665032572],[111.5702705653344,-8.333698995911902],[111.5736298479392,-8.31776508578999],[111.5542684452326,-8.306155790557206],[111.5319561096868,-8.316719051043346],[111.5336427549093,-8.332864291953417],[111.5118652686673,-8.332834989343212],[111.4908741109515,-8.313725597358328],[111.4820006280267,-8.31944419469382],[111.4783708140619,-8.305327087774899],[111.4638974128354,-8.322450450228107],[111.4553732113047,-8.320033826200106],[111.4578804159485,-8.310398738910667],[111.4457724142656,-8.30384508058593],[111.4498618753253,-8.296782245903938],[111.4448517998707,-8.294254861372767],[111.4545406864036,-8.288609431979648],[111.4551300058451,-8.274005805323608],[111.4423087275658,-8.262178229341792],[111.4221161255589,-8.258384515732757],[111.4157784313296,-8.276240942565387],[111.4042884896221,-8.27252327293067],[111.4063949419731,-8.258376073796718],[111.3921737664062,-8.23318095963355],[111.4089126300139,-8.212659807404137],[111.4035109735526,-8.197026748385632],[111.424266161754,-8.191369445243684],[111.4248050310274,-8.170368300556579],[111.437828170234,-8.163226590834398],[111.4649537223365,-8.175518790759533],[111.4774120414326,-8.173129659006477],[111.4731560007489,-8.158139116127288],[111.4832783928836,-8.108461056432574],[111.5278747973841,-8.10736156688277],[111.5268681799226,-8.081057078721159],[111.5435063707225,-8.066501973187528],[111.5352964228917,-8.059702391652017],[111.5732691721346,-8.047946515019593],[111.5904570186765,-8.019376387310366],[111.6062737480352,-8.019347553246874],[111.6372292519285,-8.002077603098883],[111.6477086047684,-8.00377949542737],[111.648162065427,-8.020895219938389],[111.653301960717,-8.020480939144008],[111.6536900001934,-7.981615998579431],[111.6635032395829,-7.968127997109312],[111.6473624314311,-7.958144765168721],[111.6547902038049,-7.941497567658543],[111.6678328322195,-7.944592562896417],[111.6885069177601,-7.93272644826695],[111.7067121970103,-7.906455345637634],[111.7012500449537,-7.896221713661137],[111.7409399237385,-7.879155408695108],[111.7526502838836,-7.88695320982267]]]]}},{"type":"Feature","properties":{"kode":"35.04","nama":"Kabupaten Tulungagung","lat":-8.113471029366075,"lng":111.88772275127678},"geometry":{"type":"MultiPolygon","coordinates":[[[[111.7619323809746,-8.388183297021516],[111.7614041407885,-8.387929885156069],[111.7611150357303,-8.387301706908161],[111.7614826632943,-8.387365952676511],[111.7619323809746,-8.388183297021516]]],[[[111.7588659697888,-8.387301706908161],[111.7603793066597,-8.387458751919823],[111.7608682860426,-8.38818686733001],[111.7593478103533,-8.387926315746856],[111.7588659697888,-8.387301706908161]]],[[[111.7623035770485,-8.387562257592123],[111.7616825376191,-8.386930510834372],[111.7618895507622,-8.386512916038207],[111.7623571145892,-8.386948356981065],[111.7623035770485,-8.387562257592123]]],[[[111.7630102769029,-8.387387368232417],[111.7624748978983,-8.386827005162072],[111.7622643162453,-8.386437962941589],[111.7630316915594,-8.386851989227821],[111.7630102769029,-8.387387368232417]]],[[[111.7623329875774,-8.386050819189865],[111.7621608087743,-8.385995383180305],[111.7621536708553,-8.38589901542715],[111.7624748978983,-8.385884737790388],[111.7623329875774,-8.386050819189865]]],[[[111.7831202923676,-8.37008154772521],[111.7829846620126,-8.369788874157162],[111.783284474399,-8.369753181863775],[111.7834415194107,-8.370031578694341],[111.7831202923676,-8.37008154772521]]],[[[111.777909272395,-8.367568837431865],[111.7793440867602,-8.368175600123777],[111.777445277078,-8.369474785033297],[111.7772525406723,-8.368097076718666],[111.777909272395,-8.367568837431865]]],[[[111.7812143429676,-8.366655124434335],[111.7839697586975,-8.367069149821376],[111.7843320002217,-8.370362000405933],[111.7820852257527,-8.368211292417165],[111.7788301233116,-8.367233332752093],[111.7812143429676,-8.366655124434335]]],[[[111.7868822194389,-8.365577227606895],[111.7870035721572,-8.365934146943292],[111.7853931004114,-8.366326856599109],[111.7859042606731,-8.36564861219367],[111.7868822194389,-8.365577227606895]]],[[[111.7977496935935,-8.355932558940431],[111.7997769939133,-8.357881336754218],[111.79889183529,-8.358944956844265],[111.7959003682075,-8.357094740230036],[111.7977496935935,-8.355932558940431]]],[[[111.7964005387539,-8.354665496015805],[111.7962470640508,-8.354665496015805],[111.7962113717575,-8.354579834691549],[111.796389832325,-8.354576266181706],[111.7964005387539,-8.354665496015805]]],[[[111.7465953949615,-8.346492058861337],[111.7473790929708,-8.347012545992154],[111.7466809951319,-8.351451218299015],[111.7452575868682,-8.347558584660923],[111.7465953949615,-8.346492058861337]]],[[[111.756591971942,-8.343266813912269],[111.7564129358084,-8.343410993222715],[111.7562909238871,-8.343249417426684],[111.7565489034092,-8.342990555669587],[111.756591971942,-8.343266813912269]]],[[[111.7592388493935,-8.341648939846706],[111.7591499028458,-8.341939215822052],[111.7605200721437,-8.343793774363188],[111.7574711824492,-8.342463757996015],[111.7592388493935,-8.341648939846706]]],[[[111.7575466940248,-8.340480671046073],[111.7577012829879,-8.340996682251038],[111.7571444893268,-8.340197183153446],[111.7580600369412,-8.33906423882354],[111.7575466940248,-8.340480671046073]]],[[[111.7837624406841,-8.326992650690173],[111.7836024863657,-8.327027486829035],[111.7833192179077,-8.326733906744348],[111.7837884140041,-8.326622592258808],[111.7837624406841,-8.326992650690173]]],[[[111.9249783707553,-8.307017849194303],[111.9246575313201,-8.306747339418123],[111.9250519101176,-8.306517077900804],[111.9251941576843,-8.306585303169172],[111.9249783707553,-8.307017849194303]]],[[[111.925493306371,-8.306197259196129],[111.9249824590733,-8.305712027288141],[111.9256117893527,-8.3047459737476],[111.9257919874104,-8.305277232058543],[111.925493306371,-8.306197259196129]]],[[[111.8937543562785,-8.300777358188487],[111.8935121517645,-8.30077774759495],[111.8935456308263,-8.300448692852829],[111.8937153077153,-8.300522656695168],[111.8937543562785,-8.300777358188487]]],[[[111.8769155123411,-8.291853693992728],[111.876675796251,-8.291802956940835],[111.8766414367529,-8.291503617597833],[111.8769143989804,-8.291568590018343],[111.8769155123411,-8.291853693992728]]],[[[111.8455960366279,-8.28307616063622],[111.8454620754145,-8.28306653339375],[111.8455200007475,-8.282903487206088],[111.8456841477053,-8.282975184756918],[111.8455960366279,-8.28307616063622]]],[[[111.8638565999022,-8.278898512955983],[111.8635522774157,-8.278431215328279],[111.8643940311597,-8.277724053222428],[111.8644791708771,-8.277959466955824],[111.8638565999022,-8.278898512955983]]],[[[111.8629680058689,-8.27555498107742],[111.8627967542669,-8.275580323073388],[111.8627545014192,-8.275452733556747],[111.8629204371285,-8.275438158244324],[111.8629680058689,-8.27555498107742]]],[[[111.8059915970346,-8.268837157808555],[111.8057276181351,-8.268573519752103],[111.8058780711162,-8.26825490434036],[111.8060678388597,-8.268653439804368],[111.8059915970346,-8.268837157808555]]],[[[111.7891311486836,-7.834342897106942],[111.7992019503098,-7.836567333315684],[111.8027114655618,-7.865668245393191],[111.8303756432214,-7.877436097397953],[111.8630296202209,-7.90765969883596],[111.8836288219127,-7.947909775215915],[111.9276847662391,-7.962937260446149],[111.9452438052574,-7.953571738644775],[111.9565163844236,-8.008926514247232],[111.9724820199293,-8.043613045405689],[111.9962237514251,-8.062654224712666],[111.9881682315787,-8.07643106234364],[111.9968735826497,-8.092109692708132],[112.0336521859997,-8.098850046692245],[112.0789417096922,-8.118921179069076],[112.095782732687,-8.110909127953807],[112.1220086686652,-8.125288452899753],[112.1165389739944,-8.157614617120839],[112.1036529049577,-8.158392794192064],[112.0785827273111,-8.187517067058963],[112.0288390881534,-8.168212786590772],[112.0219268341562,-8.226737895437424],[112.0316665908406,-8.310933675448755],[111.9934570033381,-8.296989865190056],[111.974475164897,-8.280825337419344],[111.9498648007201,-8.27720901958056],[111.9364224461391,-8.286657526323697],[111.944100837084,-8.295957667412406],[111.9369675324257,-8.306436781032538],[111.9115260049213,-8.29674535931078],[111.8992148967502,-8.304223500913803],[111.8854103582015,-8.292808937682299],[111.8751911369615,-8.290882420787042],[111.862464837882,-8.268717219723847],[111.8528416720057,-8.271121799131702],[111.8397785048742,-8.258543712822046],[111.8350269458369,-8.264239836998826],[111.8425975800144,-8.281864459976855],[111.8086695937268,-8.264107502659073],[111.7999335398011,-8.26985114161685],[111.8036193914218,-8.262572795198313],[111.7911971810051,-8.255180457911742],[111.7709189860225,-8.264776172881998],[111.7787156117362,-8.277228406265884],[111.7696759970496,-8.28883481017833],[111.7500037238928,-8.289813422751173],[111.7479057926183,-8.257875444596046],[111.727261317256,-8.242154847368326],[111.7401328631412,-8.203175703695713],[111.7302377350834,-8.205558586059851],[111.7168648369427,-8.191118854551487],[111.7215561423021,-8.161722755300875],[111.7423547120004,-8.1386886625517],[111.8222763731562,-8.134702420280409],[111.8469305675917,-8.106417265244552],[111.8383363673295,-8.091597946088296],[111.8131530387818,-8.087645154999805],[111.7802161449592,-8.039231453069089],[111.7546177001468,-8.031249870085393],[111.760537601729,-7.98793775772129],[111.738133307806,-7.958909107069604],[111.7441753436172,-7.932147614021082],[111.7612321814201,-7.922897086731132],[111.7558593572236,-7.893874582945574],[111.7711944213855,-7.886666222668008],[111.7786254753855,-7.865139411654435],[111.7730788913778,-7.85118428522649],[111.7891311486836,-7.834342897106942]]]]}},{"type":"Feature","properties":{"kode":"35.05","nama":"Kabupaten Blitar","lat":-8.131008442675247,"lng":112.23722109650977},"geometry":{"type":"MultiPolygon","coordinates":[[[[112.2388950002041,-8.352151999714934],[112.2390170004343,-8.35230999980661],[112.2386200064083,-8.352403255905454],[112.2385400476851,-8.35225673206244],[112.2388950002041,-8.352151999714934]]],[[[112.2409768551978,-8.35230435026551],[112.2409050002655,-8.352427999852257],[112.240641671576,-8.352362403302198],[112.2409801224347,-8.35200757668824],[112.2409768551978,-8.35230435026551]]],[[[112.3482664519353,-8.352252524134656],[112.3479383792528,-8.35216305687954],[112.347904523375,-8.351996390021359],[112.3481118261,-8.351926894910182],[112.3482664519353,-8.352252524134656]]],[[[112.2419230004461,-8.351186000133719],[112.2416878349257,-8.351188789830726],[112.2416860758518,-8.350591872916517],[112.2419909999848,-8.350739000204648],[112.2419230004461,-8.351186000133719]]],[[[112.2371236127645,-8.350827821746503],[112.2368314212332,-8.350775788771596],[112.2368347927915,-8.350453758634018],[112.2372342581545,-8.350499455885156],[112.2371236127645,-8.350827821746503]]],[[[112.3459980748513,-8.350582091889951],[112.3454794277335,-8.350296451919696],[112.3454612920051,-8.350178193768514],[112.345904091201,-8.350190966839559],[112.3459980748513,-8.350582091889951]]],[[[112.2413130001948,-8.350311000252457],[112.2411679998034,-8.350347000113949],[112.2411220003801,-8.35014299969961],[112.2413520001948,-8.3501609996304],[112.2413130001948,-8.350311000252457]]],[[[112.3462390374017,-8.34992772538417],[112.3458959856113,-8.349894314670863],[112.3458059140118,-8.349788746853175],[112.3459580298393,-8.349720589933245],[112.3462390374017,-8.34992772538417]]],[[[112.2381385039888,-8.350927185141437],[112.2376295866362,-8.349470698014265],[112.2385822097012,-8.349391636814545],[112.2385410000671,-8.350234000298844],[112.2381385039888,-8.350927185141437]]],[[[112.2407781706761,-8.3489717640356],[112.2404564669924,-8.351001228124115],[112.2390218046127,-8.350738543349028],[112.2400855110376,-8.348165163891146],[112.2407781706761,-8.3489717640356]]],[[[112.2422590114443,-8.349055835358481],[112.241827051777,-8.348423032796664],[112.2420855547046,-8.348041123998655],[112.2424007742763,-8.348533108915817],[112.2422590114443,-8.349055835358481]]],[[[112.3470602614221,-8.347100157046565],[112.3468956027499,-8.347048601611622],[112.3472555842778,-8.346924103964142],[112.3471964349676,-8.347084945014132],[112.3470602614221,-8.347100157046565]]],[[[112.2378421189187,-8.346041990445467],[112.2375058803921,-8.34602429538485],[112.2372730144381,-8.345652113654083],[112.237914817415,-8.345712395210807],[112.2378421189187,-8.346041990445467]]],[[[112.2286467632376,-8.345240136023406],[112.2282561364116,-8.344910601043392],[112.2291471918895,-8.343907677097544],[112.2291094221622,-8.344391865791927],[112.2286467632376,-8.345240136023406]]],[[[112.3188054441161,-8.343283836279962],[112.319305672219,-8.343705190242261],[112.3181383531025,-8.343691319099005],[112.3184303341926,-8.34319876221306],[112.3188054441161,-8.343283836279962]]],[[[112.2205230001364,-8.343978999631112],[112.2200786001473,-8.343866143707572],[112.2199610632525,-8.34310053016532],[112.2204809999982,-8.343313000394641],[112.2205230001364,-8.343978999631112]]],[[[112.2233408800776,-8.343125662619215],[112.2238853143558,-8.343258449317918],[112.2223218852468,-8.344139765137975],[112.2231503101387,-8.342894261660732],[112.2233408800776,-8.343125662619215]]],[[[112.3071954384189,-8.342939902254614],[112.3056030259589,-8.34261983173981],[112.308493801348,-8.341477645976507],[112.3087906963336,-8.341993292056742],[112.3071954384189,-8.342939902254614]]],[[[112.310985999904,-8.34050100022095],[112.310620000113,-8.340618000220505],[112.3104044919738,-8.339916869867618],[112.310552027554,-8.339918819597774],[112.310985999904,-8.34050100022095]]],[[[112.2177649997549,-8.339733999924164],[112.2175646928564,-8.339585716107916],[112.2178352377061,-8.339485579296007],[112.2178429997547,-8.339706000431573],[112.2177649997549,-8.339733999924164]]],[[[112.3032953287166,-8.338979876120316],[112.3032048865963,-8.339043454591692],[112.3026178334464,-8.339086952101109],[112.3034629848289,-8.338750336758576],[112.3032953287166,-8.338979876120316]]],[[[112.2933102279846,-8.33344970833732],[112.2934848241653,-8.333646947648425],[112.2932339996493,-8.333753000200765],[112.2930335407654,-8.333368220766673],[112.2933102279846,-8.33344970833732]]],[[[112.2069408270576,-8.330041365016942],[112.2067894109026,-8.329666710150523],[112.2068285107273,-8.329454811889985],[112.2070808946675,-8.329821374656703],[112.2069408270576,-8.330041365016942]]],[[[112.2055008137116,-8.32905530785613],[112.2052945793815,-8.328945673304116],[112.2055267789378,-8.328721013663802],[112.2056305831849,-8.328880756641581],[112.2055008137116,-8.32905530785613]]],[[[112.1813558468949,-8.327911580654828],[112.1808715781609,-8.327957628641585],[112.1806529997363,-8.327302000386965],[112.180994991226,-8.327196860646584],[112.1813558468949,-8.327911580654828]]],[[[112.2028137698397,-8.326912092119336],[112.202778314068,-8.326740963724415],[112.2029525307348,-8.326673931856448],[112.2029175561004,-8.326837496952848],[112.2028137698397,-8.326912092119336]]],[[[112.1801540001071,-8.326718000435367],[112.1795654289014,-8.326888263682335],[112.1792859951527,-8.326114016648472],[112.1794336026787,-8.326116028431922],[112.1801540001071,-8.326718000435367]]],[[[112.1503163544163,-8.324948041119189],[112.1502759029106,-8.324888553663783],[112.1503353903661,-8.32478147768299],[112.1503758409723,-8.324893312876007],[112.1503163544163,-8.324948041119189]]],[[[112.1861918396817,-8.324829935852822],[112.1859886351674,-8.32457875970201],[112.1860488924425,-8.324495298119476],[112.1863271840524,-8.324746184688685],[112.1861918396817,-8.324829935852822]]],[[[112.1498849999928,-8.32229000038323],[112.1496947403201,-8.321842688389296],[112.1501936716007,-8.321644149557788],[112.150241583882,-8.322020443888327],[112.1498849999928,-8.32229000038323]]],[[[112.456547571913,-7.932125121077397],[112.4780148630955,-7.970603768649002],[112.4683753079742,-7.999415609842479],[112.4744976649354,-8.013797594982979],[112.4534254108541,-8.05694712520964],[112.4546196520754,-8.141725227037604],[112.4155258178623,-8.16634519867197],[112.4118617739018,-8.160330463580028],[112.3920587564066,-8.161764929008157],[112.3668102297085,-8.17488122179089],[112.3671951359469,-8.183473996627626],[112.382708093204,-8.191248304765413],[112.3892426948945,-8.215237032363092],[112.3876593511982,-8.236210227919631],[112.3781411299093,-8.240105635066968],[112.3884349822887,-8.285285703172622],[112.3599009443732,-8.348407164259157],[112.3488486568401,-8.351461496650696],[112.3478980572496,-8.341332758000402],[112.3370732253492,-8.342279200924345],[112.32834152684,-8.331608848269738],[112.3162915494155,-8.342518926007596],[112.2963324249015,-8.331247584308503],[112.2859624970717,-8.331926224415636],[112.2634639622921,-8.350295985171545],[112.2548010897985,-8.342971052072361],[112.2208549785745,-8.342465857013597],[112.216556500682,-8.325940651639723],[112.1701395508997,-8.32027248558667],[112.1555036268909,-8.328614549222007],[112.1405502152203,-8.314655018814037],[112.1298406997884,-8.325506253011099],[112.1103789264464,-8.312369579792271],[112.065364877687,-8.322254442088788],[112.0291149866673,-8.317167999803292],[112.034355613221,-8.300846942332534],[112.0244826786329,-8.287785454235301],[112.0306319657926,-8.262681857781455],[112.0219268341562,-8.226737895437424],[112.0288390881534,-8.168212786590772],[112.0785827273111,-8.187517067058963],[112.1036529049577,-8.158392794192064],[112.1165389739944,-8.157614617120839],[112.1220086686652,-8.125288452899753],[112.095782732687,-8.110909127953807],[112.0789417096922,-8.118921179069076],[112.0336521859997,-8.098850046692245],[111.9968735826497,-8.092109692708132],[111.9881682315787,-8.07643106234364],[111.9947263694265,-8.059230154048329],[111.9724820199293,-8.043613045405689],[111.9557012793906,-7.998078011291091],[111.9753779996951,-8.012607999659398],[111.9812418600239,-7.996855024139985],[112.0142307022851,-8.001720027257413],[112.0368281606911,-7.993264191289366],[112.0908014193501,-7.991578145914672],[112.0962517561137,-7.970012783662987],[112.1784314368613,-7.974099051230147],[112.2513866616652,-7.944756581251137],[112.3028086677858,-7.937659149650037],[112.3111610349539,-7.928259764776228],[112.3705120919595,-7.957216332967291],[112.4072124659825,-7.950262765913844],[112.4322452821941,-7.930334562789802],[112.4521447681665,-7.92650689257897],[112.456547571913,-7.932125121077397]],[[112.184912858042,-8.056441359980742],[112.172130880136,-8.058188288558625],[112.1613215345612,-8.084917699192467],[112.1442679747872,-8.076675424331352],[112.1334953512295,-8.083633807254369],[112.1415984901783,-8.099935674991325],[112.1359431916251,-8.109040271091565],[112.1475552315887,-8.109471147075702],[112.1422240478016,-8.11778479842971],[112.1489803539603,-8.127566248583467],[112.1596067927194,-8.126640930734279],[112.1564474662777,-8.134868418043055],[112.167662584161,-8.131373786570943],[112.1707871733893,-8.118809724289271],[112.2005135036953,-8.092817639022769],[112.1908504573828,-8.085328344027758],[112.1985001122904,-8.065368756362972],[112.1872892706833,-8.065452726062432],[112.184912858042,-8.056441359980742]]]]}},{"type":"Feature","properties":{"kode":"35.06","nama":"Kabupaten Kediri","lat":-7.828693403789815,"lng":112.08922074799715},"geometry":{"type":"MultiPolygon","coordinates":[[[[112.1139697790822,-7.598704450150232],[112.1359245891486,-7.610905694442208],[112.1654214196628,-7.612981423254065],[112.2178420491713,-7.676069645397802],[112.2149835549471,-7.689052327702742],[112.2518539080316,-7.725828055020648],[112.3017959169481,-7.72681702418632],[112.3972625431319,-7.77607475964233],[112.4173428890631,-7.764451556394184],[112.3962173015873,-7.785391202741802],[112.3818587608732,-7.784899124295101],[112.3491396846487,-7.761517637828667],[112.3287353066891,-7.777274976858609],[112.2878430001543,-7.770674999851294],[112.3068623106472,-7.799282676054612],[112.3076323920213,-7.83892475767141],[112.3193511608275,-7.839082142626789],[112.3181991193939,-7.861470113854611],[112.3259810933529,-7.872871766418824],[112.306139640632,-7.936069516095205],[112.2513866616652,-7.944756581251137],[112.1784314368614,-7.974099051230147],[112.0962517561137,-7.970012783662987],[112.092739253314,-7.991000227178694],[112.0368281606911,-7.993264191289366],[112.0142307022851,-8.001720027257413],[111.9812418600239,-7.996855024139985],[111.9749370836795,-8.012561786197452],[111.9567388892884,-7.997738055866569],[111.945202549758,-7.953523330837057],[111.9276847662391,-7.962937260446149],[111.8836288219127,-7.947909775215915],[111.8630296202209,-7.90765969883596],[111.8303756432214,-7.877436097397953],[111.8027114655618,-7.865668245393191],[111.7970809784045,-7.842472960858408],[111.8140075880798,-7.812970455621996],[111.8247235651405,-7.811220716662674],[111.900298709318,-7.739726844318343],[111.9280465248273,-7.722563262384589],[111.9541056716395,-7.679608276200937],[111.9850610469298,-7.686362413194806],[111.9822370857729,-7.710955617407737],[111.9975617852483,-7.729300530794862],[112.0022433806276,-7.752345122229513],[112.0222770436506,-7.761949950030082],[112.0272179045827,-7.725688802196443],[112.0590689668594,-7.723520627574824],[112.0763084039098,-7.70149675317258],[112.0758696282807,-7.678756881724683],[112.0983510120895,-7.644113662815214],[112.1104779912663,-7.593147717293273],[112.1139697790822,-7.598704450150232]],[[112.0084865084457,-7.771302251797411],[111.9986455591453,-7.7714372796067],[111.9926602255891,-7.784057045895913],[111.9831981462775,-7.782128521713875],[111.9812987205596,-7.793779889030609],[111.9554788725519,-7.80632031173301],[111.958089244723,-7.822861516945404],[111.9839266996575,-7.826248880881152],[111.9870056635806,-7.839577816562907],[112.0080461203322,-7.840367433010512],[111.9982491964434,-7.851597459854779],[112.0306279907892,-7.867405147429522],[112.0482758027862,-7.872808249101374],[112.0578107298813,-7.864317032005345],[112.0742841585872,-7.875803324264012],[112.0657787178136,-7.854584245066824],[112.0692734742914,-7.843959118418534],[112.077546546436,-7.849607627090264],[112.0819410368494,-7.844802027791235],[112.0769468686031,-7.832185553920094],[112.0558743564165,-7.834365478184217],[112.0332758044349,-7.8188339957922],[112.0376945873354,-7.810563212422287],[112.0292911161921,-7.809594319721994],[112.0312958965884,-7.800290080422804],[112.0030966555862,-7.789873148626806],[112.0084865084457,-7.771302251797411]]]]}},{"type":"Feature","properties":{"kode":"35.07","nama":"Kabupaten Malang","lat":-8.125916993732273,"lng":112.64091218224341},"geometry":{"type":"MultiPolygon","coordinates":[[[[112.7056109490861,-8.463936483581751],[112.7057420000933,-8.4635570002553],[112.7061635923759,-8.463719625560167],[112.7056862376299,-8.463884911059765],[112.7056109490861,-8.463936483581751]]],[[[112.7046445259243,-8.463782492667864],[112.7045210849801,-8.463433796732271],[112.7047373539458,-8.463268645231707],[112.704829463409,-8.463452832682066],[112.7046445259243,-8.463782492667864]]],[[[112.7013669997873,-8.462350000352163],[112.7011650723103,-8.46318062228784],[112.7003161392784,-8.462589461934105],[112.7007530937803,-8.46206408069266],[112.7013669997873,-8.462350000352163]]],[[[112.6988616513442,-8.461154017144139],[112.699347776279,-8.461408993829949],[112.6984067814478,-8.463040758823919],[112.6978944673558,-8.462536322793017],[112.6988616513442,-8.461154017144139]]],[[[112.6919027800893,-8.460954424307214],[112.6915675263204,-8.460967577791472],[112.6917290859286,-8.460584709416779],[112.6918284106526,-8.460616078669041],[112.6919027800893,-8.460954424307214]]],[[[112.6917610226532,-8.460425322570568],[112.6915346776833,-8.460444997938303],[112.6915211150075,-8.460068379851808],[112.6917390207393,-8.460081551322478],[112.6917610226532,-8.460425322570568]]],[[[112.6966025741495,-8.46139073669308],[112.6961585257953,-8.461075990164773],[112.6959256031842,-8.459959007002542],[112.6967191074009,-8.460524536677987],[112.6966025741495,-8.46139073669308]]],[[[112.672748538914,-8.459599548879986],[112.6726418451451,-8.459500127029145],[112.6727220637723,-8.459390181311814],[112.6728068095866,-8.459536150273088],[112.672748538914,-8.459599548879986]]],[[[112.6952613882025,-8.459341263588342],[112.6946722000621,-8.459145819324103],[112.6946744043004,-8.458817526307776],[112.6952668300003,-8.458914162958191],[112.6952613882025,-8.459341263588342]]],[[[112.6928553482958,-8.459300561171883],[112.6925429696824,-8.459228815957047],[112.6926289026019,-8.45830394776888],[112.6929837768799,-8.459199113148479],[112.6928553482958,-8.459300561171883]]],[[[112.6770814212706,-8.45875441098725],[112.6768604731324,-8.45846198473275],[112.6772825321632,-8.458300279434265],[112.6772587163167,-8.458603567700411],[112.6770814212706,-8.45875441098725]]],[[[112.6775250577353,-8.458145560069479],[112.6773497591841,-8.458004603929297],[112.6779229942508,-8.457455259352713],[112.6778944398766,-8.458008483604633],[112.6775250577353,-8.458145560069479]]],[[[112.6809342023517,-8.45743741320602],[112.6807008462671,-8.457450513630231],[112.6812286601746,-8.456664087977188],[112.6812584025534,-8.457172697761699],[112.6809342023517,-8.45743741320602]]],[[[112.6799000881186,-8.456822917243816],[112.6794177376386,-8.45665802294933],[112.6796380976201,-8.456146207981057],[112.6799143648561,-8.456358921926626],[112.6799000881186,-8.456822917243816]]],[[[112.6792203733217,-8.455745569002797],[112.6789074056524,-8.455534939685698],[112.6791014928397,-8.455267930070836],[112.679374220344,-8.455537556712827],[112.6792203733217,-8.455745569002797]]],[[[112.6820442202646,-8.455566561647458],[112.6815742768315,-8.45576584241961],[112.6815089968428,-8.455628295609312],[112.6819460673572,-8.4552215403418],[112.6820442202646,-8.455566561647458]]],[[[112.6763915333427,-8.455067203188875],[112.6761674267854,-8.455032395828326],[112.6764431948976,-8.454783021019612],[112.6765157557976,-8.454850273221464],[112.6763915333427,-8.455067203188875]]],[[[112.6785987754132,-8.455008126723644],[112.6783682557905,-8.454907107676828],[112.6784606431442,-8.454677830017747],[112.6786558032228,-8.454838484008835],[112.6785987754132,-8.455008126723644]]],[[[112.6787500944414,-8.453816730057966],[112.6785273773366,-8.453822440752994],[112.6784759801824,-8.45363684316574],[112.6786232450667,-8.4535739625683],[112.6787500944414,-8.453816730057966]]],[[[112.6768534782055,-8.454900684718751],[112.6771183330447,-8.453378554276796],[112.6777943606213,-8.452828615248347],[112.6773619701788,-8.45453893332511],[112.6768534782055,-8.454900684718751]]],[[[112.6552551378144,-8.45239100604001],[112.6551129702874,-8.452088930959327],[112.6555247185909,-8.451760169396287],[112.6554510047602,-8.452202974887317],[112.6552551378144,-8.45239100604001]]],[[[112.6495312947335,-8.451663109165146],[112.6494599110462,-8.45164169360924],[112.6495455705718,-8.451527479709391],[112.6495776943551,-8.451570309921834],[112.6495312947335,-8.451663109165146]]],[[[112.6774570950689,-8.452248426623559],[112.6767810000432,-8.452251999630072],[112.6779168024185,-8.451287517205124],[112.6779686789115,-8.45150484557216],[112.6774570950689,-8.452248426623559]]],[[[112.6789148241599,-8.45173383814604],[112.6786899073135,-8.451720899599806],[112.6785940566705,-8.451298308170312],[112.6791312046414,-8.451314088574318],[112.6789148241599,-8.45173383814604]]],[[[112.641906033037,-8.451126692342896],[112.641661167429,-8.451168955083137],[112.6416583318666,-8.450964512202379],[112.6419141242375,-8.450946666055774],[112.641906033037,-8.451126692342896]]],[[[112.6524768280433,-8.451861888115602],[112.6521142492732,-8.451165584424096],[112.6525432996336,-8.449845959723206],[112.6529138463969,-8.45022002013776],[112.6524768280433,-8.451861888115602]]],[[[112.6725904021254,-8.449704231964699],[112.6723464016653,-8.44951323214989],[112.6724754022181,-8.449365231620103],[112.6726204017102,-8.449383231550804],[112.6725904021254,-8.449704231964699]]],[[[112.6496649555733,-8.449715798145512],[112.6492808794092,-8.449568803957135],[112.6495455705718,-8.449061169037702],[112.6498382450391,-8.44930387357488],[112.6496649555733,-8.449715798145512]]],[[[112.6372615517793,-8.44850857161326],[112.6370091003897,-8.448519003748949],[112.6370931393371,-8.44818116892581],[112.6372989033218,-8.448255055426461],[112.6372615517793,-8.44850857161326]]],[[[112.6546985815744,-8.448666107654716],[112.6545935542492,-8.448952815120307],[112.6537547152081,-8.448950306011742],[112.6542600523596,-8.448018156013042],[112.6546985815744,-8.448666107654716]]],[[[112.6372781388751,-8.44780832079735],[112.6371752186615,-8.44764293367442],[112.6372833153728,-8.447480581763394],[112.6373133644203,-8.447749666114106],[112.6372781388751,-8.44780832079735]]],[[[112.6561385130819,-8.446989630167216],[112.6560552313639,-8.447007476313999],[112.6559927707497,-8.44696286094722],[112.656090922758,-8.44688552914377],[112.6561385130819,-8.446989630167216]]],[[[112.6778517499583,-8.447049831684321],[112.6775906102185,-8.44708298609092],[112.6773309849371,-8.446932219246488],[112.6777713874396,-8.446693311647007],[112.6778517499583,-8.447049831684321]]],[[[112.6594841430788,-8.447163022155717],[112.659191617899,-8.446948120159519],[112.6596186798583,-8.446546991950115],[112.6596682091206,-8.446753717310145],[112.6594841430788,-8.447163022155717]]],[[[112.6467729049457,-8.446432856291235],[112.6465230606908,-8.446200858183044],[112.6466717770809,-8.445945065812115],[112.6468561857645,-8.446064038924188],[112.6467729049457,-8.446432856291235]]],[[[112.6708477462265,-8.446081468684756],[112.6703026950134,-8.446046948208057],[112.6705913612024,-8.445388212795795],[112.6708834376207,-8.445767379560891],[112.6708477462265,-8.446081468684756]]],[[[112.6477960726308,-8.445623838769105],[112.6475224350124,-8.445576250243718],[112.6474688965724,-8.445427533853582],[112.6477008937812,-8.445379944428826],[112.6477960726308,-8.445623838769105]]],[[[112.6693593934214,-8.445503260367087],[112.668672752046,-8.445557527257979],[112.6681185826066,-8.445947395056201],[112.6686844980911,-8.444712044924856],[112.6693593934214,-8.445503260367087]]],[[[112.6646243261517,-8.445509457595328],[112.6641069920442,-8.444724582373535],[112.6643003184051,-8.444298759679985],[112.6647731909301,-8.445161941570305],[112.6646243261517,-8.445509457595328]]],[[[112.6448978886267,-8.444423401218941],[112.6447979523637,-8.444390089431035],[112.6449645140012,-8.444209250156725],[112.6450025859006,-8.444261597894336],[112.6448978886267,-8.444423401218941]]],[[[112.6672208406693,-8.442764845421173],[112.6670744058592,-8.442772953708815],[112.6670122294309,-8.442698051873592],[112.6671169060206,-8.442595200907803],[112.6672208406693,-8.442764845421173]]],[[[112.6683907471353,-8.4427081098913],[112.6681010458266,-8.442626478429176],[112.6681746553361,-8.442336313070413],[112.6684213879367,-8.442448704044452],[112.6683907471353,-8.4427081098913]]],[[[112.6419850627605,-8.443492859208028],[112.6413252760406,-8.442894633780256],[112.6421948251312,-8.442298006447828],[112.6422580897391,-8.442889463577856],[112.6419850627605,-8.443492859208028]]],[[[112.6227961473244,-8.441899360367149],[112.6226105488378,-8.441806561123837],[112.6226890713436,-8.441535302212415],[112.6228818068499,-8.441670931668082],[112.6227961473244,-8.441899360367149]]],[[[112.6410852793622,-8.440823248693867],[112.6406302071184,-8.440847042956605],[112.6405480864251,-8.440282337060161],[112.640970693143,-8.44022463026242],[112.6410852793622,-8.440823248693867]]],[[[112.6211976806285,-8.440864139968056],[112.6207168553986,-8.440738731307356],[112.6211564404175,-8.440091445164004],[112.6212791493133,-8.440276555318764],[112.6211976806285,-8.440864139968056]]],[[[112.7352288022674,-8.433931787921605],[112.7352020780136,-8.434482261147362],[112.7341193788063,-8.435255364243659],[112.7353269551749,-8.432593342208943],[112.7352288022674,-8.433931787921605]]],[[[112.6157146723942,-8.432708889803369],[112.6156254425601,-8.432626798787695],[112.6157218112126,-8.432455477937921],[112.6157467952785,-8.432558983610132],[112.6157146723942,-8.432708889803369]]],[[[112.6987990000739,-8.42989700024635],[112.7124327933389,-8.434252564404314],[112.7123971010454,-8.458368401280651],[112.7064960366628,-8.46377572616877],[112.6920374643576,-8.456203282555368],[112.6884537739226,-8.458023140755326],[112.6887711078004,-8.450998445421902],[112.6801968769844,-8.45598312222327],[112.6801372168592,-8.451592509686527],[112.6783812303096,-8.448596203352015],[112.6987990000739,-8.42989700024635]]],[[[112.7341037180122,-8.427054432116314],[112.7337815952446,-8.427043985591425],[112.7337756246454,-8.426719371701612],[112.734126951098,-8.426768847903947],[112.7341037180122,-8.427054432116314]]],[[[112.7548554833939,-8.423048343606148],[112.7547817263956,-8.424516142405984],[112.7542487260979,-8.424654150568571],[112.7538470816776,-8.423437033292451],[112.7548554833939,-8.423048343606148]]],[[[112.5932057846193,-8.418510253045657],[112.5929457483477,-8.418579957698817],[112.5929779233924,-8.41834617173836],[112.5931659716324,-8.418330316690774],[112.5932057846193,-8.418510253045657]]],[[[112.5950754850456,-8.418401906322863],[112.594783468882,-8.418456344084984],[112.5946919691592,-8.418397874662169],[112.594984969181,-8.418162377291853],[112.5950754850456,-8.418401906322863]]],[[[112.7392646421496,-8.418270952442501],[112.73899578173,-8.418271322963182],[112.7387208284036,-8.417926064236418],[112.7391971714123,-8.417791798152923],[112.7392646421496,-8.418270952442501]]],[[[112.5847912536135,-8.418203308136167],[112.5845851227053,-8.418120859190275],[112.5848678407783,-8.417512858131797],[112.5849937341735,-8.41775042843949],[112.5847912536135,-8.418203308136167]]],[[[112.7462702044064,-8.417803700680153],[112.7459566557751,-8.417840502736933],[112.7461271879195,-8.417401970824283],[112.7462762172737,-8.417460849438623],[112.7462702044064,-8.417803700680153]]],[[[112.7508682167948,-8.417318821306523],[112.7507293641689,-8.41739958042627],[112.750574733837,-8.417148513093391],[112.7509168881039,-8.417199140427982],[112.7508682167948,-8.417318821306523]]],[[[112.7487985799906,-8.416192734307142],[112.7486239388437,-8.415902420560233],[112.7488386250026,-8.415812595374899],[112.7489807826371,-8.415927454988008],[112.7487985799906,-8.416192734307142]]],[[[112.7982678629716,-8.412957236187495],[112.7986205213201,-8.413826743009771],[112.7961739372774,-8.413404575161003],[112.7981441306472,-8.412452790263973],[112.7982678629716,-8.412957236187495]]],[[[112.7988107666037,-8.408547254052472],[112.7985447669275,-8.40851325428325],[112.7985031220215,-8.408206125012612],[112.7989218022994,-8.408181834324129],[112.7988107666037,-8.408547254052472]]],[[[112.7977215383184,-8.40930619102787],[112.7992919830387,-8.410981332122773],[112.7952468990252,-8.407535871982912],[112.79684349693,-8.407834595290335],[112.7977215383184,-8.40930619102787]]],[[[112.8484254133023,-8.406818832623024],[112.84848503026,-8.407174936274302],[112.848357707842,-8.407658716676352],[112.8476772484064,-8.406866629791026],[112.8484254133023,-8.406818832623024]]],[[[112.5211976781305,-8.405196902614946],[112.5216939995785,-8.405422000225098],[112.5215969996019,-8.405829000108227],[112.5210432627365,-8.405593643931457],[112.5211976781305,-8.405196902614946]]],[[[112.5298313910059,-8.405168261905676],[112.5295782786147,-8.405133911400835],[112.5297819570717,-8.404860375406003],[112.5298452531559,-8.40488787487546],[112.5298313910059,-8.405168261905676]]],[[[112.5216819225827,-8.403607626090963],[112.521000351585,-8.403980893303569],[112.520840979128,-8.403839722225364],[112.5209457312605,-8.40362641112991],[112.5216819225827,-8.403607626090963]]],[[[112.5336076847469,-8.403810412420558],[112.5333766138396,-8.403708128926972],[112.5334643759802,-8.403411567589707],[112.5336708333424,-8.403495173963087],[112.5336076847469,-8.403810412420558]]],[[[112.5301106835612,-8.404185100561872],[112.529614911599,-8.403895830927848],[112.530139649825,-8.403255528020175],[112.5303526614463,-8.403723240235266],[112.5301106835612,-8.404185100561872]]],[[[112.7941237932784,-8.404985089789978],[112.7934629876269,-8.404612312708064],[112.7933528476559,-8.403224289169557],[112.7940199233808,-8.403351545037712],[112.7941237932784,-8.404985089789978]]],[[[112.4974525067279,-8.40340523906045],[112.4972175210718,-8.403219354589524],[112.4975784576798,-8.402906225941535],[112.4977543156092,-8.403116732950782],[112.4974525067279,-8.40340523906045]]],[[[112.4941024871401,-8.402852947405552],[112.4936302504358,-8.402596877144113],[112.493788282903,-8.402102134905558],[112.4944057574199,-8.402297222139037],[112.4941024871401,-8.402852947405552]]],[[[112.8103505280545,-8.40262664830112],[112.8100709414209,-8.40261475027047],[112.8101866230142,-8.401874772802458],[112.8106422330527,-8.402263303308715],[112.8103505280545,-8.40262664830112]]],[[[112.8126538455985,-8.401786697697915],[112.8125289243704,-8.401797405026183],[112.812486094158,-8.401643930323104],[112.8125753239921,-8.401658207060585],[112.8126538455985,-8.401786697697915]]],[[[112.5210973371725,-8.401493632924755],[112.5209138727771,-8.40148987375862],[112.5208882636825,-8.401321139359013],[112.5210954198178,-8.401320314680731],[112.5210973371725,-8.401493632924755]]],[[[112.4450935851009,-8.400620200561786],[112.4448295846177,-8.40048320143854],[112.4448785850788,-8.400203201116767],[112.4452435848236,-8.4002782009782],[112.4450935851009,-8.400620200561786]]],[[[112.8162047827246,-8.400543227587836],[112.8159040404392,-8.400455695673763],[112.8159734501147,-8.40004839002118],[112.8160879670861,-8.40011408819457],[112.8162047827246,-8.400543227587836]]],[[[112.8094853415753,-8.400283590615203],[112.8092961251162,-8.400375457261493],[112.8096360301787,-8.399861515396605],[112.8096727809741,-8.400110233700246],[112.8094853415753,-8.400283590615203]]],[[[112.5213589382645,-8.399808654146028],[112.5208978621466,-8.399729633415802],[112.5210128206852,-8.399230176931098],[112.5214008736515,-8.3994829898481],[112.5213589382645,-8.399808654146028]]],[[[112.4849304706647,-8.400128614943618],[112.4846868740001,-8.400183616580552],[112.4845357591181,-8.399293767992937],[112.4852590478669,-8.399487478364414],[112.4849304706647,-8.400128614943618]]],[[[112.5190463586026,-8.399092107614674],[112.5189308433838,-8.398974265849617],[112.5191648110073,-8.398916252383142],[112.5191963142586,-8.398962890325095],[112.5190463586026,-8.399092107614674]]],[[[112.4554393454494,-8.398379017177842],[112.4558934320363,-8.398516987568865],[112.45563211513,-8.399071300899745],[112.4554038456111,-8.398967407619722],[112.4554393454494,-8.398379017177842]]],[[[112.5130328151124,-8.39780051388253],[112.5128954517637,-8.397661798852845],[112.5131317333429,-8.39741105617529],[112.5131798443743,-8.397562428263399],[112.5130328151124,-8.39780051388253]]],[[[112.44639311535,-8.398435180738932],[112.4458137028401,-8.398126796014775],[112.4462753797051,-8.397354294565034],[112.4467651639812,-8.397835062238261],[112.44639311535,-8.398435180738932]]],[[[112.5187110301899,-8.397403625077153],[112.5184894831032,-8.397439415396661],[112.5184619836337,-8.397263967558004],[112.5186999658308,-8.397211216924099],[112.5187110301899,-8.397403625077153]]],[[[112.517113451125,-8.39760051904868],[112.5168827471412,-8.397259863052202],[112.517403561625,-8.397014813982455],[112.5173678441507,-8.39722949474531],[112.517113451125,-8.39760051904868]]],[[[112.4817997660464,-8.396833239962014],[112.4814727878389,-8.396683506438656],[112.4820193732955,-8.39620711036984],[112.4820475319681,-8.39642972944839],[112.4817997660464,-8.396833239962014]]],[[[112.4492808492318,-8.396510294314545],[112.4490636926354,-8.396464284998721],[112.4490947057562,-8.396006491406443],[112.4494982522426,-8.396104295376876],[112.4492808492318,-8.396510294314545]]],[[[112.4630018011923,-8.395812405118335],[112.4628947252114,-8.39578028223416],[112.4629054334391,-8.39574102143093],[112.4630303546673,-8.395737452021805],[112.4630018011923,-8.395812405118335]]],[[[112.4770751273153,-8.396116182615714],[112.4769352359724,-8.39606434299494],[112.4769299866297,-8.39561981620152],[112.4770960914116,-8.395810324087165],[112.4770751273153,-8.396116182615714]]],[[[112.8181955471869,-8.395781081731517],[112.8180905891095,-8.395980266276197],[112.8177471730936,-8.395203852775506],[112.8181224880624,-8.395504509625411],[112.8181955471869,-8.395781081731517]]],[[[112.4244798647541,-8.390101812648503],[112.4245231797011,-8.3897243159244],[112.424844406744,-8.389596419738936],[112.4248325096126,-8.389893851619927],[112.4244798647541,-8.390101812648503]]],[[[112.9267511393537,-8.390606436637675],[112.9262134382996,-8.390471499659995],[112.9262696261424,-8.38905687687335],[112.9269198566661,-8.389870953082017],[112.9267511393537,-8.390606436637675]]],[[[112.425056401232,-8.387401313120062],[112.4258634123666,-8.387712481245995],[112.4250635400503,-8.38859342294807],[112.4246233650763,-8.388183134244258],[112.425056401232,-8.387401313120062]]],[[[112.423664790298,-8.387216363943999],[112.4235434366803,-8.387216363943999],[112.4234542068462,-8.387169964322343],[112.4238111261826,-8.387119996190844],[112.423664790298,-8.387216363943999]]],[[[112.4242644141715,-8.38725562474723],[112.4240431242908,-8.387155687584862],[112.4240359863718,-8.387030766356744],[112.4244714273145,-8.387016488719983],[112.4242644141715,-8.38725562474723]]],[[[112.8362677636464,-8.383905871358781],[112.8359919568634,-8.383777362735039],[112.8364127514474,-8.383008569190036],[112.8362358413112,-8.383349893382857],[112.8362677636464,-8.383905871358781]]],[[[112.8383872489724,-8.383443910308213],[112.8383300619828,-8.383121432308176],[112.8384907492488,-8.382913292314491],[112.8385822822466,-8.383119387249831],[112.8383872489724,-8.383443910308213]]],[[[112.8366649330403,-8.382811113142346],[112.8365262063194,-8.382850971095372],[112.8364616646742,-8.382615990835234],[112.8366231487394,-8.382624172867263],[112.8366649330403,-8.382811113142346]]],[[[112.8374196728796,-8.382718727587228],[112.8370823398782,-8.382431281778207],[112.8371152730515,-8.38227855261307],[112.8373770072432,-8.382345960397668],[112.8374196728796,-8.382718727587228]]],[[[112.9327523594339,-8.383159897211439],[112.9325808272434,-8.38396602611116],[112.9317664533592,-8.382632664265959],[112.9327119187201,-8.382175371596094],[112.9327523594339,-8.383159897211439]]],[[[112.8378122836101,-8.382581909227653],[112.8375207998451,-8.3820316590338],[112.8375505431232,-8.381918634936962],[112.8378955653281,-8.382106016779272],[112.8378122836101,-8.382581909227653]]],[[[112.3960746025609,-8.38023533968915],[112.3959101561288,-8.380150136119795],[112.3961402953385,-8.379904464719239],[112.3962607694191,-8.38013801235931],[112.3960746025609,-8.38023533968915]]],[[[112.373652003837,-8.378898395844274],[112.3735248001296,-8.37887481741884],[112.3735259800399,-8.378706962556208],[112.3736755570814,-8.378754015085725],[112.373652003837,-8.378898395844274]]],[[[112.3745365284381,-8.377077869448062],[112.3745244811199,-8.377336995605749],[112.374081038909,-8.377708900345464],[112.3743145469788,-8.377155451263079],[112.3745365284381,-8.377077869448062]]],[[[112.8369986741496,-8.375157110012559],[112.8364440253715,-8.375323493584279],[112.8368798062581,-8.374386684198036],[112.8371403443515,-8.374810074225518],[112.8369986741496,-8.375157110012559]]],[[[112.8253238812921,-8.373377956027799],[112.8249699360138,-8.373125137714936],[112.8256559928299,-8.372921818986683],[112.8256425227842,-8.373131681182127],[112.8253238812921,-8.373377956027799]]],[[[112.8266273226929,-8.373016774804292],[112.8264199237406,-8.372922462001924],[112.8268318635997,-8.372848526038617],[112.8268105838414,-8.372881712820739],[112.8266273226929,-8.373016774804292]]],[[[112.9464365821826,-8.367108373752412],[112.9459434020664,-8.366449410811665],[112.9463974023183,-8.365753411091053],[112.9469044023164,-8.366307410558509],[112.9464365821826,-8.367108373752412]]],[[[112.9476881785667,-8.365466546244065],[112.9477129998551,-8.36589550037699],[112.9475490003861,-8.365940499754192],[112.9473130938243,-8.36561799567395],[112.9476881785667,-8.365466546244065]]],[[[112.9480092868991,-8.362977629314088],[112.9478010839529,-8.362822963908627],[112.9480390301771,-8.362632608008429],[112.9481223109959,-8.362763478251871],[112.9480092868991,-8.362977629314088]]],[[[112.949927020116,-8.360866307134334],[112.9498040000547,-8.360807000442687],[112.9498187480369,-8.360670028299104],[112.9499458105507,-8.360761399419019],[112.949927020116,-8.360866307134334]]],[[[112.3525542809553,-7.763930698742686],[112.3818587608732,-7.784899124295101],[112.3962173015873,-7.785391202741802],[112.4180450212608,-7.764218690440109],[112.4302085956502,-7.770786086808438],[112.4362851123681,-7.765358074815224],[112.4424769185751,-7.776206362833341],[112.4556225157666,-7.779216080757471],[112.4630273851058,-7.769033109390459],[112.4891753867349,-7.764940144572011],[112.4996128572476,-7.815657286354653],[112.4877782863389,-7.877586021577602],[112.4773400612948,-7.892018778843538],[112.484050459761,-7.924184310657338],[112.4746274730795,-7.939368583693155],[112.4844491687942,-7.931238697108149],[112.5413854049126,-7.926311924055955],[112.5671054677432,-7.912906503732112],[112.5801744876626,-7.917515298991854],[112.5824743967761,-7.909320397718104],[112.5950471141331,-7.905952120094265],[112.5833412443031,-7.88846639470833],[112.572465678948,-7.889179189268151],[112.5643478297887,-7.879483841106331],[112.5716741163675,-7.817136771844505],[112.5833896727952,-7.770906326165931],[112.5927611723903,-7.764761950203861],[112.6324477425693,-7.797595732257249],[112.654197232916,-7.796973593856275],[112.6614274781956,-7.805929888153766],[112.7111129294181,-7.823918563890579],[112.7328934625633,-7.818081637357625],[112.7390382576095,-7.838596310870986],[112.7600133102661,-7.854358568293288],[112.7619821519548,-7.876095145274657],[112.7793885040763,-7.872390798196686],[112.7836676339543,-7.900266853432462],[112.8055098426053,-7.925488635192294],[112.840533705866,-7.938675927651921],[112.853194114317,-7.933747700396036],[112.8849841171234,-7.952345770241002],[112.9039191476506,-7.946978770054151],[112.9128502429444,-7.956732888911659],[112.9153916434096,-7.951348208952672],[112.9352122444495,-7.956013004996158],[112.9261429467397,-7.966484470781658],[112.9456561846852,-7.979743554321565],[112.9386369959007,-7.999148954560535],[112.9251320017405,-8.000549610875822],[112.9337454726755,-8.013838883757423],[112.900134144875,-8.061862275423586],[112.9053894519617,-8.080889344367641],[112.9203372006014,-8.087864338668265],[112.9266140044328,-8.114154583367288],[112.9042138536864,-8.192206580069588],[112.9227002996791,-8.239709532269028],[112.9137500749061,-8.281578108642744],[112.940958111028,-8.31516166357991],[112.9375094367113,-8.334905419349585],[112.9479874252795,-8.345042419172248],[112.9458511028461,-8.350347805906537],[112.9491026520658,-8.355873702809085],[112.9480238307352,-8.363551305048649],[112.930600654097,-8.38209900386591],[112.932211246352,-8.388242199917588],[112.9112473803624,-8.399130949333848],[112.907707118189,-8.383447916787894],[112.8985771000533,-8.380735011111788],[112.8927027761123,-8.388869647016577],[112.8982749548254,-8.402068270034562],[112.8717394506152,-8.40845010388918],[112.8632132139187,-8.394222689725321],[112.8474637637418,-8.405440270851798],[112.8482015153877,-8.377613363565821],[112.8394248948431,-8.385832542038134],[112.8388158478731,-8.37229860139928],[112.8312200353765,-8.368836646793802],[112.8200933271454,-8.372958900732623],[112.8126181038425,-8.401376476443172],[112.8041724760789,-8.395340227769204],[112.7991100897588,-8.404796053195245],[112.7929868577573,-8.402398866214682],[112.7924697008161,-8.403147505053248],[112.7831725481747,-8.39728556387767],[112.7833826010262,-8.38683607482496],[112.7736501882057,-8.385919264562318],[112.7663350316364,-8.392344231700903],[112.7660784280771,-8.412010215898729],[112.753744583246,-8.412453184167106],[112.7568599517254,-8.420853238785835],[112.7502010493391,-8.414553720777533],[112.7426770333185,-8.42480097838239],[112.7394276829412,-8.415823357561862],[112.7086988792499,-8.41752961699818],[112.6716240554059,-8.44508074807802],[112.6676863486461,-8.440736240185291],[112.6515836195884,-8.448551723783009],[112.6328893933308,-8.429599652901647],[112.6158798490758,-8.433806657151504],[112.6106452183022,-8.421153310177125],[112.5863119271538,-8.418156425578598],[112.5575206678446,-8.402373106033938],[112.5224113563991,-8.404704486922459],[112.5222188736022,-8.398065171770224],[112.5163206160037,-8.395471436157802],[112.5112381109501,-8.397737332911586],[112.5103410147261,-8.395393894812369],[112.5060086449831,-8.403487904743017],[112.5026739417491,-8.404557123112681],[112.5005870010893,-8.401356792082275],[112.4710811036101,-8.392830035577585],[112.4644391075788,-8.396414023688141],[112.4523468233473,-8.394729883077616],[112.4433092780008,-8.398206600054507],[112.4207923511862,-8.381115462108806],[112.3718630904093,-8.37455828203904],[112.3600081336685,-8.347096307048911],[112.3884291663731,-8.285339557274689],[112.3781411299093,-8.240105635066968],[112.3870278787336,-8.23754647209201],[112.3896056909499,-8.22611140341845],[112.382708093204,-8.191248304765413],[112.3671951359469,-8.183473996627626],[112.3668102297085,-8.17488122179089],[112.3920587564066,-8.161764929008157],[112.4118617739018,-8.160330463580028],[112.4155258178623,-8.16634519867197],[112.4535255818402,-8.144109839697293],[112.4591579180036,-8.114940662781294],[112.4534254108541,-8.05694712520964],[112.4744976649354,-8.013797594982979],[112.4683753079742,-7.999415609842479],[112.4779889347416,-7.966094804431626],[112.4652925776903,-7.955945199711127],[112.4678850758356,-7.947075967881537],[112.4521447681666,-7.92650689257897],[112.4322452821941,-7.930334562789802],[112.4072124659825,-7.950262765913844],[112.3705120919595,-7.957216332967291],[112.3065795350176,-7.929297327009958],[112.3259810933529,-7.872871766418824],[112.3181991193939,-7.861470113854611],[112.3193511608275,-7.839082142626789],[112.3076323920213,-7.83892475767141],[112.3068623106472,-7.799282676054612],[112.28740688472,-7.771668794779067],[112.3286361222592,-7.777287356925892],[112.3525542809553,-7.763930698742686]],[[112.5738728868244,-7.94081301540828],[112.5992100848775,-7.958752169077314],[112.6033278431055,-7.97053468632665],[112.5911108363961,-7.974061588171714],[112.5974947144095,-7.979086940409878],[112.5968682385784,-7.98378833526339],[112.5764677672737,-7.983746427755348],[112.601400023992,-7.995511092562849],[112.5973597747339,-8.005967029754562],[112.6064811458882,-8.013450678805683],[112.6186576228511,-8.010990391793076],[112.6135834805932,-8.020818845912974],[112.6308729046609,-8.034963951425205],[112.6316879854122,-8.04599023955788],[112.645840244132,-8.05157467692979],[112.6652149999723,-8.040750114825883],[112.6768088736306,-8.025647100033577],[112.6720799820056,-8.009000230776024],[112.6831545970072,-8.005459893958893],[112.6937706027312,-7.981695413212701],[112.6574133020823,-7.965173752966307],[112.6688903358204,-7.946242576933375],[112.6628815119723,-7.926907208700732],[112.6460081808329,-7.91401328858237],[112.6399816043676,-7.921569010201583],[112.6254704522996,-7.911091180813282],[112.6097700079796,-7.917906572430392],[112.6131022353799,-7.925216592072085],[112.5914973254414,-7.917811352212104],[112.5989652912152,-7.936381287666253],[112.5706547896868,-7.935985376423974],[112.5738728868244,-7.94081301540828]]]]}},{"type":"Feature","properties":{"kode":"35.08","nama":"Kabupaten Lumajang","lat":-8.125443593037627,"lng":113.1384962451385},"geometry":{"type":"MultiPolygon","coordinates":[[[[112.9495836247845,-8.35726752517612],[112.9489297466106,-8.357467823081581],[112.9490490093044,-8.356783981295717],[112.9491820729943,-8.356792684934415],[112.9495836247845,-8.35726752517612]]],[[[113.3684638624173,-8.123417420577432],[113.3684638291424,-8.123418513253782],[113.368463411857,-8.123417420577432],[113.3684638624173,-8.123417420577432]]],[[[113.2648662272946,-7.899212223864963],[113.2747213202329,-7.925307053077971],[113.3037431846003,-7.924912945875721],[113.34167258742,-7.943003370009442],[113.3614475982281,-8.027822140079692],[113.3499978382297,-8.063197892768486],[113.3667417290476,-8.08590303689563],[113.3624100257021,-8.118493537946385],[113.3759013546639,-8.130828479051004],[113.372361792163,-8.146374732807597],[113.3794825440843,-8.150133694814148],[113.3775752888685,-8.161788832988197],[113.3659181281192,-8.16856198884464],[113.3679861002783,-8.18513723159791],[113.3532590605572,-8.203601390591668],[113.3333673213449,-8.208271450367093],[113.313059095301,-8.228828399211157],[113.3200482278435,-8.262780763421489],[113.3079110647439,-8.301720435849429],[113.3035352199745,-8.30720565911383],[113.2632138039739,-8.290505787412066],[113.2173549302859,-8.283085931770344],[113.1246764776374,-8.291191804658009],[113.07994284019,-8.287073021202911],[112.9836367499361,-8.32087586862638],[112.9491121264236,-8.356052970068433],[112.9375094367113,-8.334905419349585],[112.940958111028,-8.31516166357991],[112.9137500749061,-8.281578108642744],[112.9227002996791,-8.239709532269028],[112.9042138536864,-8.192206580069588],[112.9266140044328,-8.114154583367288],[112.9203372006014,-8.087864338668265],[112.9053894519617,-8.080889344367641],[112.900134144875,-8.061862275423586],[112.9337454726755,-8.013838883757423],[112.9251320017405,-8.000549610875822],[112.9386369959007,-7.999148954560535],[112.9407272730453,-7.981936230072932],[112.9501026900872,-7.987032718684953],[112.9724503249226,-7.981001409987058],[112.9934730308558,-7.959994220956527],[113.0226547101468,-7.969503564138129],[113.0591312905768,-8.010445821717287],[113.0787535155623,-7.984163821103411],[113.1058735683106,-7.984319284207579],[113.1126336147496,-7.995253715586407],[113.1359823802827,-7.976462656626263],[113.1495280633696,-7.979759089210584],[113.1903532472047,-7.945064420986173],[113.2105489006114,-7.914956028997525],[113.207381837302,-7.899875165406537],[113.2484938949773,-7.907737804056384],[113.2648662272946,-7.899212223864963]]]]}},{"type":"Feature","properties":{"kode":"35.09","nama":"Kabupaten Jember","lat":-8.23513638687671,"lng":113.6559519968585},"geometry":{"type":"MultiPolygon","coordinates":[[[[113.8180313559623,-8.562401375722821],[113.8178845560275,-8.562126179579437],[113.8180701536147,-8.562029810927001],[113.8181451067113,-8.562090488185419],[113.8180313559623,-8.562401375722821]]],[[[113.8115379872884,-8.561586232918277],[113.811307968588,-8.561514999417668],[113.8115728432121,-8.561328310952714],[113.8115419541979,-8.561556875449376],[113.8115379872884,-8.561586232918277]]],[[[113.8132316391289,-8.561527864219514],[113.8131138558199,-8.561463619350533],[113.8131031493909,-8.561231621242253],[113.8131995171441,-8.56127802086391],[113.8132316391289,-8.561527864219514]]],[[[113.8137114364337,-8.560300768065936],[113.8136725974125,-8.559791697828505],[113.8139892523022,-8.559679446249362],[113.8140114862412,-8.559871180810301],[113.8137114364337,-8.560300768065936]]],[[[113.8160897997045,-8.55963808013323],[113.8158840761892,-8.559365241112875],[113.8163380737432,-8.558927533878506],[113.8164925835659,-8.559156046214493],[113.8160897997045,-8.55963808013323]]],[[[113.81731441283,-8.559733650187766],[113.8167409106645,-8.559821417724205],[113.8167371802767,-8.558928599575193],[113.8174242497293,-8.559160597683384],[113.81731441283,-8.559733650187766]]],[[[113.800758503702,-8.560332902641292],[113.8005477826541,-8.559595115022471],[113.8008104413488,-8.55882025375168],[113.8012484435609,-8.559419394689254],[113.800758503702,-8.560332902641292]]],[[[113.8177605404166,-8.558436548108155],[113.8176697403663,-8.558715219231932],[113.8174775372586,-8.558563479321073],[113.8175224583948,-8.558448777988641],[113.8177605404166,-8.558436548108155]]],[[[113.8072175569448,-8.55875272275986],[113.8070563507701,-8.558779091781581],[113.8068309536857,-8.55819296942995],[113.8072871545786,-8.55826184580744],[113.8072175569448,-8.55875272275986]]],[[[113.8069670885603,-8.557494317608665],[113.8067559691127,-8.55754941907037],[113.8067960833726,-8.557221956128362],[113.8070372113982,-8.557270566283552],[113.8069670885603,-8.557494317608665]]],[[[113.8088938545678,-8.557394849892379],[113.8085464806356,-8.557362618190183],[113.8083437869363,-8.557010009304449],[113.809182395751,-8.557098579036175],[113.8088938545678,-8.557394849892379]]],[[[113.8040222684131,-8.553322350046315],[113.8041542646077,-8.55359983856168],[113.8035304966352,-8.553364768369303],[113.8037017158615,-8.553103211344109],[113.8040222684131,-8.553322350046315]]],[[[113.8006954369449,-8.550334026993749],[113.8002688759079,-8.549905870559442],[113.8011982326124,-8.549155915113342],[113.8015639203387,-8.54969302711142],[113.8006954369449,-8.550334026993749]]],[[[113.7431945021246,-8.546559306166994],[113.7428540331871,-8.546266968046083],[113.7442237177504,-8.545207969572104],[113.7442997032688,-8.545303408325626],[113.7431945021246,-8.546559306166994]]],[[[113.8236780650907,-8.543606278806664],[113.8234965306405,-8.543533622578607],[113.8235917481608,-8.543081391293121],[113.8238344041345,-8.54342613920494],[113.8236780650907,-8.543606278806664]]],[[[113.7470217406609,-8.543637948432519],[113.7469420769154,-8.544407501005296],[113.7442648473449,-8.544743417574612],[113.7465888762757,-8.542666483671173],[113.7470217406609,-8.543637948432519]]],[[[113.8350407689164,-8.538956211859698],[113.8351647269707,-8.539714564275673],[113.8341262447304,-8.539461761251204],[113.834575178202,-8.538946564831988],[113.8350407689164,-8.538956211859698]]],[[[113.8308568151899,-8.534612137440138],[113.8304431882026,-8.53467175979377],[113.8305348534008,-8.534074073059976],[113.8308158312857,-8.534237299112029],[113.8308568151899,-8.534612137440138]]],[[[113.7033497007282,-8.531815823241633],[113.7029373687647,-8.531989423872748],[113.702110413365,-8.532040027824976],[113.7027533126153,-8.531570070902],[113.7033497007282,-8.531815823241633]]],[[[113.7065992759359,-8.531077913315048],[113.7089333377035,-8.531460234002601],[113.7098657862771,-8.533176519980383],[113.7038605732069,-8.532732432955363],[113.7065992759359,-8.531077913315048]]],[[[113.7126613018777,-8.528796568906465],[113.7125347816549,-8.528620272107883],[113.7126057390636,-8.528380817720542],[113.7127195635571,-8.528463319726391],[113.7126613018777,-8.528796568906465]]],[[[113.7558496504411,-8.522628005677895],[113.7557092779608,-8.522607826689814],[113.7555666580748,-8.52240587583049],[113.7559730464191,-8.522423677910389],[113.7558496504411,-8.522628005677895]]],[[[113.7553479564431,-8.52123683181432],[113.7548127950745,-8.521021201367311],[113.7547898012084,-8.520912092918724],[113.7553092801992,-8.520736824944457],[113.7553479564431,-8.52123683181432]]],[[[113.7904145213132,-8.514436789825979],[113.7892631552704,-8.514932972778393],[113.7886699687441,-8.514643088008071],[113.7910220439322,-8.513020190329517],[113.7904145213132,-8.514436789825979]]],[[[113.3146878772439,-8.508331010068009],[113.314380926039,-8.507924122600112],[113.3147307065569,-8.507303083170719],[113.314959135256,-8.507845600094281],[113.3146878772439,-8.508331010068009]]],[[[113.6653624741989,-8.50663582668199],[113.6648825096202,-8.507063628783378],[113.6646702714159,-8.506995309985559],[113.6648447183091,-8.506619086701477],[113.6653624741989,-8.50663582668199]]],[[[113.2987577820461,-8.506671202414022],[113.2986211192693,-8.506674123412044],[113.2985652515851,-8.504819277987234],[113.2992387808451,-8.505617417309868],[113.2987577820461,-8.506671202414022]]],[[[113.6875833477933,-8.50529012793702],[113.6872432026117,-8.504926583295074],[113.6872374235682,-8.504329917291802],[113.6876624980259,-8.5046322333908],[113.6875833477933,-8.50529012793702]]],[[[113.3333418012832,-8.504460620261405],[113.3331211616124,-8.504123638894772],[113.3334174045895,-8.503955886554841],[113.3334959270954,-8.504087946601473],[113.3333418012832,-8.504460620261405]]],[[[113.66603925181,-8.50408092739288],[113.6664780184459,-8.503969612907252],[113.666138804962,-8.50466476096992],[113.6657411490349,-8.503960277944405],[113.6659617302497,-8.50361447332924],[113.66603925181,-8.50408092739288]]],[[[113.7150684236688,-8.504274236666625],[113.7148660771078,-8.504507427275847],[113.7132127814448,-8.504726858257854],[113.7144257609402,-8.503279726777961],[113.7150684236688,-8.504274236666625]]],[[[113.6340792636472,-8.50378313758167],[113.6332287873787,-8.504553146110787],[113.632844865898,-8.50330197330738],[113.6336710020152,-8.502985024339331],[113.6340792636472,-8.50378313758167]]],[[[113.2785424361846,-8.501168832675425],[113.2788327301464,-8.501787493398076],[113.2788089358837,-8.502187242047547],[113.2776239639748,-8.502187242047547],[113.2785424361846,-8.501168832675425]]],[[[113.6651272996852,-8.500427451365749],[113.6647727545591,-8.500445531336158],[113.6644884096124,-8.500132670686149],[113.6652464652523,-8.500027918553581],[113.6651272996852,-8.500427451365749]]],[[[113.6616362241325,-8.50163403668141],[113.6618735813008,-8.501807673285438],[113.6604582597409,-8.503438628889608],[113.6614259770273,-8.499877565397256],[113.6616362241325,-8.50163403668141]]],[[[113.6158454965724,-8.50048061478848],[113.6158395493558,-8.500251591637635],[113.6163094918896,-8.49961508566766],[113.6162455069247,-8.50005906117664],[113.6158454965724,-8.50048061478848]]],[[[113.6149565940716,-8.499455536044103],[113.6151450470065,-8.499546907163928],[113.6144407267582,-8.499524064383994],[113.6144845093527,-8.49946505266999],[113.6149565940716,-8.499455536044103]]],[[[113.6160510833909,-8.499520319607061],[113.6159996862366,-8.499447985336221],[113.616117707866,-8.499398492046755],[113.6161405497467,-8.499446080572142],[113.6160510833909,-8.499520319607061]]],[[[113.614249988646,-8.499531725708547],[113.6141909787308,-8.499455582808917],[113.6143356499704,-8.499390862198446],[113.6143718180051,-8.499495557673846],[113.614249988646,-8.499531725708547]]],[[[113.6162422010168,-8.499460452637724],[113.6161622512869,-8.499370985382608],[113.6162707535925,-8.499315782297483],[113.6163145370862,-8.499393828162543],[113.6162422010168,-8.499460452637724]]],[[[113.6175361518719,-8.499436753703176],[113.6177288882776,-8.499615213371285],[113.6175290130536,-8.500243390719824],[113.6171042803384,-8.499497430062313],[113.6175361518719,-8.499436753703176]]],[[[113.616554386276,-8.499073076860935],[113.616759972195,-8.499177296594933],[113.6166757389942,-8.499407153417309],[113.6163102536153,-8.499298650212488],[113.616554386276,-8.499073076860935]]],[[[113.6168189821104,-8.499147791637256],[113.6167885247706,-8.499083071026874],[113.6168989318403,-8.499043096161945],[113.6168989318403,-8.499083071026874],[113.6168189821104,-8.499147791637256]]],[[[113.6173281872461,-8.498961575316404],[113.6173246178368,-8.498743854844975],[113.617506620834,-8.498783669630576],[113.61749413015,-8.498888961356403],[113.6173281872461,-8.498961575316404]]],[[[113.6617416453607,-8.499747157405384],[113.6614150961299,-8.499445685769729],[113.6624770911449,-8.498684891694346],[113.6626076870952,-8.499000906266723],[113.6617416453607,-8.499747157405384]]],[[[113.2743422119236,-8.498704543679718],[113.2742327563367,-8.498652195942018],[113.2742898632866,-8.498290518292677],[113.2743945596612,-8.498361901980171],[113.2743422119236,-8.498704543679718]]],[[[113.6191420928334,-8.497281609358769],[113.6190214640694,-8.498526745912542],[113.6177186548921,-8.49856516764838],[113.6184653763761,-8.496797470127131],[113.6191420928334,-8.497281609358769]]],[[[113.6459273450709,-8.496035914325955],[113.6456965682421,-8.49585003974747],[113.6458760279565,-8.495613614276802],[113.6461432731936,-8.495974667796684],[113.6459273450709,-8.496035914325955]]],[[[113.6454395626858,-8.49606858129997],[113.6449490859316,-8.496031799028252],[113.6450383679264,-8.495631912782535],[113.6454099830842,-8.49566631095147],[113.6454395626858,-8.49606858129997]]],[[[113.4046584478292,-8.493503072708624],[113.4049499315941,-8.493627994836022],[113.4049360739407,-8.493955497348242],[113.4042488578986,-8.493518021239659],[113.4046584478292,-8.493503072708624]]],[[[113.2694790506177,-8.492006494703901],[113.2690526703445,-8.494007488055093],[113.2682436528224,-8.494281125673346],[113.2673791768076,-8.491806370367687],[113.2694790506177,-8.492006494703901]]],[[[113.4156164774186,-8.474994762398307],[113.4141500599773,-8.474499834000042],[113.4139597040771,-8.474347548200782],[113.415177987774,-8.474347548200782],[113.4156164774186,-8.474994762398307]]],[[[113.6239876696952,-8.4729051399602],[113.6235008567792,-8.472549156818125],[113.6236600223922,-8.471862743870489],[113.6241194392608,-8.472296141553652],[113.6239876696952,-8.4729051399602]]],[[[113.6234014879883,-8.471796769605149],[113.6233623647813,-8.471337466950484],[113.6234385796268,-8.471302560664622],[113.6237833401291,-8.471598568019427],[113.6234014879883,-8.471796769605149]]],[[[113.6241082067284,-8.469564157659697],[113.6240604428352,-8.469656571093847],[113.623740591755,-8.469577936172783],[113.6239077316566,-8.469495644608287],[113.6241082067284,-8.469564157659697]]],[[[113.2681663210189,-8.469230160243661],[113.2677737102885,-8.469258713718624],[113.2682024863557,-8.468766364576013],[113.2683404954177,-8.468823472425218],[113.2681663210189,-8.469230160243661]]],[[[113.5830201105897,-8.444838464423547],[113.5825914379445,-8.444880039182383],[113.5826214681064,-8.444531862155618],[113.5833591037396,-8.444527372740023],[113.5830201105897,-8.444838464423547]]],[[[113.2962549058393,-8.444439865107682],[113.3164952420618,-8.452777728909027],[113.3321776288945,-8.448488517630963],[113.342508493772,-8.458018347368839],[113.3531763723918,-8.449113363890586],[113.368081316,-8.450548179155053],[113.3717401492885,-8.458628299956032],[113.3973486862928,-8.455045361354312],[113.4042784941572,-8.472005808920962],[113.4202509977854,-8.470207286237201],[113.4123490182926,-8.472752867650684],[113.4104047892497,-8.490690875583411],[113.4019071833699,-8.489230530364615],[113.3993385811107,-8.496338972365685],[113.3101987457755,-8.509273877287598],[113.3144885299217,-8.501012177969596],[113.3125891500692,-8.499255906334984],[113.3071258118068,-8.509055035361506],[113.2995598172319,-8.502449389927307],[113.2959811072424,-8.507834111255157],[113.2941845396848,-8.508036540553903],[113.2866375378921,-8.498824461979275],[113.2689872347732,-8.496892584225328],[113.2632976963317,-8.48658996525467],[113.268893737656,-8.467561700212194],[113.2878503770933,-8.461483373159044],[113.2962549058393,-8.444439865107682]]],[[[113.5799272899126,-8.444673595310164],[113.5797278814366,-8.444713553087961],[113.5795395373199,-8.44452698693086],[113.5800509673783,-8.444322214898285],[113.5799272899126,-8.444673595310164]]],[[[113.5899239514292,-8.44370987730894],[113.5895560648605,-8.443595327961955],[113.5896707401127,-8.44308805097274],[113.5902445777251,-8.443476047281688],[113.5899239514292,-8.44370987730894]]],[[[113.6048132980954,-8.443302703856652],[113.604360017301,-8.443794732840608],[113.6035104223681,-8.443623345440958],[113.6050300598894,-8.442887105555457],[113.6048132980954,-8.443302703856652]]],[[[113.5896141916417,-8.44311811440937],[113.5890502600615,-8.442943224150472],[113.5892356786837,-8.442593938259595],[113.5895844618535,-8.44277235925695],[113.5896141916417,-8.44311811440937]]],[[[113.5919903767545,-8.442589028860574],[113.5912917123427,-8.443050299231896],[113.5900389261556,-8.442782609729598],[113.5901985351344,-8.442528092597339],[113.5919903767545,-8.442589028860574]]],[[[113.5925403337694,-8.442376316713567],[113.5928318184337,-8.442477443679035],[113.5921227794428,-8.442261334792693],[113.5924005413519,-8.442197857045457],[113.5925403337694,-8.442376316713567]]],[[[113.5900002337239,-8.441991488716187],[113.5898132349929,-8.441666656291051],[113.5906811868874,-8.441314047405317],[113.5907307179483,-8.441419530686716],[113.5900002337239,-8.441991488716187]]],[[[113.5798574377705,-8.440561524394834],[113.5802078729949,-8.441682216361173],[113.5783207958681,-8.44185139142855],[113.5782488671915,-8.44088707178086],[113.5798574377705,-8.440561524394834]]],[[[113.5493620648075,-8.439685868907691],[113.5491669487957,-8.439710852973441],[113.5490943753052,-8.439638280382304],[113.5492752145795,-8.439570465204742],[113.5493620648075,-8.439685868907691]]],[[[113.5490146638957,-8.439624002745454],[113.5488849825559,-8.439538342320567],[113.5488599993895,-8.439412231289438],[113.5490110935872,-8.439491942699],[113.5490146638957,-8.439624002745454]]],[[[113.5496365109164,-8.438359668363908],[113.5499862914343,-8.438445327889514],[113.5495219345896,-8.438730368012042],[113.5494045128081,-8.438598804391333],[113.5496365109164,-8.438359668363908]]],[[[113.5507567262419,-8.437826023252342],[113.5514669964048,-8.437947375071246],[113.5514848407528,-8.438175803770225],[113.5505497130988,-8.438275740932593],[113.5507567262419,-8.437826023252342]]],[[[113.5522136918084,-8.437333046382971],[113.552185765161,-8.437001953777106],[113.5525637016536,-8.437222055653297],[113.5525596106376,-8.437294672311229],[113.5522136918084,-8.437333046382971]]],[[[113.5552362997155,-8.436932694288384],[113.5546652293169,-8.436822644249524],[113.5546622552589,-8.436498442249256],[113.5548883043518,-8.436397315283877],[113.5552362997155,-8.436932694288384]]],[[[113.5541405576408,-8.436225994434015],[113.5539508564469,-8.436128573574724],[113.5539597192656,-8.435957115128705],[113.5542428753085,-8.436018981290854],[113.5541405576408,-8.436225994434015]]],[[[113.5560711970281,-8.436241085957334],[113.5558619220901,-8.436088581622663],[113.5560304838199,-8.435924097419072],[113.5562273580063,-8.435975840812375],[113.5560711970281,-8.436241085957334]]],[[[113.5588993832,-8.435557302627377],[113.5578504922065,-8.43587046814756],[113.5577067436713,-8.435773251434302],[113.5584726387013,-8.435143112664516],[113.5588993832,-8.435557302627377]]],[[[113.556724658816,-8.434578976038924],[113.5567226047644,-8.435073062671687],[113.5558963679231,-8.434846971310588],[113.5563103132704,-8.434525118339469],[113.556724658816,-8.434578976038924]]],[[[113.5475581695739,-8.433955267421638],[113.5474484567809,-8.43391302536574],[113.5472792646265,-8.433467197253357],[113.5478657188279,-8.433595856063807],[113.5475581695739,-8.433955267421638]]],[[[113.547834842404,-8.432614701107504],[113.5473692040256,-8.432665974155356],[113.5470971474155,-8.432462542112589],[113.5473291554163,-8.43235923069388],[113.547834842404,-8.432614701107504]]],[[[113.5352856090438,-8.432629610967783],[113.5351686414198,-8.432228506140564],[113.5358516009707,-8.432403783108082],[113.5356380002935,-8.432548753821916],[113.5352856090438,-8.432629610967783]]],[[[113.5400807420327,-8.432311115165785],[113.5397105819779,-8.432498783891766],[113.5392708359804,-8.432146648948606],[113.5397887042853,-8.431799986380177],[113.5400807420327,-8.432311115165785]]],[[[113.5364357529078,-8.431655612816229],[113.537314564116,-8.432707846589764],[113.5369821468087,-8.433701583061541],[113.5358712961235,-8.432978229561598],[113.5364357529078,-8.431655612816229]]],[[[113.5353673061563,-8.430337796651948],[113.5360817203952,-8.430404188202694],[113.5361615631057,-8.430502940957911],[113.5347710088751,-8.430545265751359],[113.5353673061563,-8.430337796651948]]],[[[113.5275905113931,-8.430568690392697],[113.5270989914254,-8.430314262293308],[113.5271666546176,-8.430083700402395],[113.5278425176182,-8.430030288766748],[113.5275905113931,-8.430568690392697]]],[[[113.5300457568063,-8.429694849737484],[113.5295909336747,-8.429553891798562],[113.5295922475842,-8.428414062259098],[113.5300692947623,-8.428995313882552],[113.5300457568063,-8.429694849737484]]],[[[113.5164456782255,-8.42568715503809],[113.5165253608568,-8.425812423404615],[113.5160124694001,-8.425886985296032],[113.5162590617064,-8.425697008909765],[113.5164456782255,-8.42568715503809]]],[[[113.5039492854312,-8.42395661570519],[113.5038398909983,-8.423755530893011],[113.5042058764002,-8.423753403996308],[113.5042288900513,-8.423810187190366],[113.5039492854312,-8.42395661570519]]],[[[113.4805700517666,-8.414253580138524],[113.4802509552175,-8.414298111868295],[113.4801890782634,-8.41413660711872],[113.480498734629,-8.413932654368477],[113.4805700517666,-8.414253580138524]]],[[[113.4786862886414,-8.410404014133892],[113.4780416222232,-8.410108882718674],[113.4781986672347,-8.409732928331941],[113.4789648527458,-8.409866178181495],[113.4786862886414,-8.410404014133892]]],[[[113.4744666309304,-8.397868199557728],[113.4743322497336,-8.397527945558174],[113.4747509695817,-8.397417800191302],[113.4748323294485,-8.397619065767241],[113.4744666309304,-8.397868199557728]]],[[[113.4747524111949,-8.396370822055736],[113.4745280537267,-8.396081958015849],[113.4746297733454,-8.395859480130845],[113.4747747269721,-8.396241537317088],[113.4747524111949,-8.396370822055736]]],[[[113.6651645612955,-7.968540473863754],[113.6872420307951,-8.011513753157189],[113.7101917644385,-8.011217658568075],[113.726188268274,-8.023573323649984],[113.7475621981369,-8.064984989565609],[113.7492480636473,-8.049430749829227],[113.7602242487501,-8.050791617439117],[113.7728793835768,-8.036769586846919],[113.7818998831731,-8.050137364247938],[113.802189773839,-8.057665667336593],[113.8125854186821,-8.04612653181394],[113.8570345421104,-8.041692956864459],[113.8437603553561,-8.02059763427339],[113.857821438109,-8.01866117897017],[113.8720348039631,-8.03253494193397],[113.8849667456188,-8.029900258390192],[113.8854427981466,-8.018993877765173],[113.8932165639933,-8.015488969740119],[114.0028450662469,-8.074302081076183],[114.0276256873757,-8.112704545278486],[114.039882573622,-8.113513546612854],[114.0468482527448,-8.124246185413124],[114.0411221892377,-8.137181096630268],[114.022050759435,-8.141866834286908],[113.9902785757957,-8.182951176655422],[113.9707494774065,-8.189589048395778],[113.9575248675786,-8.206493805444719],[113.968119441559,-8.220612361171469],[113.9667033528775,-8.23227223607475],[113.9497718032262,-8.26071974482037],[113.9349964438309,-8.270795694165916],[113.9211503700935,-8.308446156065212],[113.928371117633,-8.319962092676363],[113.9242233885985,-8.334911264942928],[113.9090080583752,-8.346860431063945],[113.9212238869728,-8.35732431466532],[113.9236747239095,-8.384262652199563],[113.9472731349473,-8.401818784609176],[113.934415757881,-8.423239159959266],[113.9102711597862,-8.44196734012062],[113.8992368506002,-8.43443379758158],[113.890406947023,-8.410400425838898],[113.8546520941189,-8.429976193646365],[113.8422079798145,-8.49446361880089],[113.8551169222083,-8.519632882851251],[113.8375928677167,-8.553683816354933],[113.8373705463138,-8.529867550846753],[113.8296407231409,-8.527208647660949],[113.814740295928,-8.55836915920925],[113.8058776759141,-8.554274686227785],[113.8165538363905,-8.536189513235364],[113.8044542316775,-8.520399437084318],[113.8124388561683,-8.502309832232928],[113.792041354425,-8.487732241849404],[113.7878111386732,-8.498559417383138],[113.7588674910419,-8.502178331564707],[113.75607213642,-8.518594709078524],[113.7348089751541,-8.52573609864196],[113.731833071739,-8.514813352154409],[113.7125184166916,-8.528219476647507],[113.7222274471391,-8.49667241489998],[113.7181715919455,-8.484923020580908],[113.7031487562102,-8.482505356037322],[113.6895740879739,-8.505016021771965],[113.6842033277214,-8.491133800684274],[113.6694668496154,-8.497876682662735],[113.6465529035937,-8.4944115633429],[113.6500798333177,-8.484527182183648],[113.6379461137222,-8.475143471593842],[113.6390233657359,-8.454566594672546],[113.6247826434044,-8.45435963998538],[113.6245004271531,-8.446459106602404],[113.6003121013225,-8.435609439923635],[113.5826635455863,-8.444029765261423],[113.5813412166238,-8.431980913788077],[113.569434798877,-8.425217098290432],[113.5574209373264,-8.426671416252844],[113.5532082421666,-8.436223846852968],[113.50484308564,-8.422971161989494],[113.4948173634307,-8.412789392116675],[113.4858246771672,-8.415649801896823],[113.4724443236466,-8.383353533838527],[113.4316296510876,-8.37901785818758],[113.3886365822126,-8.400313600991876],[113.359800599618,-8.351220695078947],[113.3035352199745,-8.30720565911383],[113.3198187361459,-8.265092260299483],[113.313059095301,-8.228828399211157],[113.3333673213449,-8.208271450367093],[113.3532590605572,-8.203601390591668],[113.3679861002783,-8.18513723159791],[113.3659942979985,-8.168363469798194],[113.3795276342929,-8.157756745077709],[113.372361792163,-8.146374732807597],[113.376001922251,-8.131015029020343],[113.3623413642627,-8.118146944625764],[113.3667417290476,-8.08590303689563],[113.3486908058361,-8.054734814560032],[113.3550790257765,-8.035204967035519],[113.3789319080812,-8.020456125050117],[113.3909786020808,-7.997172646700238],[113.4402059476464,-8.015217132564505],[113.4448483937384,-8.025175250037702],[113.4540307281357,-8.01954263418521],[113.4654311234476,-8.027497995635962],[113.4759120393092,-8.025493439170788],[113.4822014282534,-7.994014167419809],[113.4946262017379,-8.004963784750867],[113.5146493678741,-8.001504389615803],[113.5331038096931,-8.009174917788169],[113.5594923206142,-7.994688920657093],[113.5628433213623,-7.982712353092562],[113.5903274853253,-7.983396720082484],[113.5952688921457,-7.976032197927533],[113.6139719632356,-7.992144541637262],[113.6288744112252,-7.975658169888592],[113.6651645612955,-7.968540473863754]],[[113.368463411857,-8.123417420577432],[113.3684638291424,-8.123418513253782],[113.3684638624173,-8.123417420577432],[113.368463411857,-8.123417420577432]]]]}},{"type":"Feature","properties":{"kode":"35.10","nama":"Kabupaten Banyuwangi","lat":-8.364660048320326,"lng":114.20589727388659},"geometry":{"type":"MultiPolygon","coordinates":[[[[114.203882139749,-8.656279732623489],[114.20381789488,-8.655944228843087],[114.2039820769114,-8.655805029978119],[114.2040463226797,-8.656161949314516],[114.203882139749,-8.656279732623489]]],[[[114.051806643262,-8.648591380787511],[114.0519483476382,-8.648653662436505],[114.0515768538887,-8.648736845229159],[114.0517376077045,-8.648573639861539],[114.051806643262,-8.648591380787511]]],[[[114.0505637424228,-8.647005355312825],[114.0498685916623,-8.647444568911649],[114.0494341066987,-8.647258369677928],[114.050612277035,-8.646787026899787],[114.0505637424228,-8.647005355312825]]],[[[114.0273771417418,-8.64595139843825],[114.0292405451151,-8.649241767793274],[114.0249036922516,-8.65172159077872],[114.0246966791085,-8.646765174273323],[114.0273771417418,-8.64595139843825]]],[[[114.0270892750501,-8.64388991129033],[114.0264300063397,-8.645474708291072],[114.0245643555606,-8.646001851304312],[114.0250933556739,-8.644157509061738],[114.0270892750501,-8.64388991129033]]],[[[114.0570231473004,-8.639348404205442],[114.0569170380908,-8.63909422791627],[114.0570325712961,-8.63891809659279],[114.0571162460181,-8.639112490449001],[114.0570231473004,-8.639348404205442]]],[[[114.0332565225705,-8.634224518646576],[114.0329867988018,-8.634318036448168],[114.0333078432824,-8.633804250165937],[114.0333667605675,-8.633948115613048],[114.0332565225705,-8.634224518646576]]],[[[114.0836250709403,-8.631725096735803],[114.0839106065892,-8.6346768182805],[114.0825697659819,-8.635065962124404],[114.0826720971396,-8.630415202699364],[114.0836250709403,-8.631725096735803]]],[[[114.0880927400879,-8.62023775676704],[114.0871549774203,-8.620378836114355],[114.0873518992707,-8.619127834182176],[114.0881770982945,-8.619258388763544],[114.0880927400879,-8.62023775676704]]],[[[114.1122119161471,-8.619733802772682],[114.1116408448491,-8.619223408733294],[114.1118589646196,-8.618999180767588],[114.1121690859346,-8.619394729583068],[114.1122119161471,-8.619733802772682]]],[[[113.9932155367677,-8.615790084045098],[113.9951831751634,-8.616223712854048],[113.9952706522189,-8.617873077580445],[113.9918026460754,-8.616065362926122],[113.9932155367677,-8.615790084045098]]],[[[113.993516549749,-8.612991249946127],[113.9923273798047,-8.614609201353556],[113.9903778987212,-8.614401677395449],[113.9948549271133,-8.611627517096192],[113.993516549749,-8.612991249946127]]],[[[113.9959594510679,-8.61001527008856],[113.9953033299847,-8.609318055383923],[113.9954439947446,-8.60876843201746],[113.9958961837619,-8.609167063708938],[113.9959594510679,-8.61001527008856]]],[[[113.9937885452052,-8.608057258935347],[113.9943497680274,-8.60830028363118],[113.9947350124109,-8.609375236977517],[113.9929389205947,-8.60896080060039],[113.9937885452052,-8.608057258935347]]],[[[114.0249245826035,-8.607296178875483],[114.024802975377,-8.606544434677836],[114.0252771564157,-8.606441718610363],[114.0252860570061,-8.60685424842476],[114.0249245826035,-8.607296178875483]]],[[[113.9926834429866,-8.605372206162336],[113.9927999222786,-8.60582722984276],[113.9921879462169,-8.605777029686106],[113.9922675937745,-8.605428556782417],[113.9926834429866,-8.605372206162336]]],[[[114.0273393864036,-8.605263134585943],[114.0264382531229,-8.606362153790297],[114.0240305638595,-8.606060626396754],[114.0264642021613,-8.60414649136743],[114.0273393864036,-8.605263134585943]]],[[[114.0161061903485,-8.601804802449635],[114.0156563638502,-8.601445412675606],[114.0156978288918,-8.60125635539644],[114.0158920392862,-8.601290839000946],[114.0161061903485,-8.601804802449635]]],[[[113.9027416417134,-8.58625615829503],[113.9025505141949,-8.586137517032704],[113.9028008063122,-8.58547514386279],[113.9029047193774,-8.585985022590652],[113.9027416417134,-8.58625615829503]]],[[[113.9142047377585,-8.583568109880328],[113.9132931129868,-8.585209011986255],[113.9119853251627,-8.583398906933919],[113.9146987857205,-8.581957639933062],[113.9142047377585,-8.583568109880328]]],[[[113.89352601981,-8.58298373041471],[113.8943885595844,-8.581855906824636],[113.8950863363654,-8.58180814023342],[113.8945891182932,-8.582014795446451],[113.89352601981,-8.58298373041471]]],[[[113.8708881063011,-8.578932620044348],[113.8714991821416,-8.57907738391404],[113.8706884082435,-8.579569076551579],[113.8705387799408,-8.578929785381266],[113.8708881063011,-8.578932620044348]]],[[[113.8957678210281,-8.579930561745979],[113.894832519805,-8.57965442221376],[113.8962170431821,-8.57875553364094],[113.896497242254,-8.579273326402852],[113.8957678210281,-8.579930561745979]]],[[[113.9234007562399,-8.57406151502687],[113.9235837943566,-8.57414184157264],[113.9235340321699,-8.574507103020306],[113.9230960704274,-8.57432794997484],[113.9234007562399,-8.57406151502687]]],[[[113.8909235481833,-8.568900497360037],[113.890763896037,-8.56875103992845],[113.8909739461907,-8.568238913794772],[113.8911333429295,-8.568493521758551],[113.8909235481833,-8.568900497360037]]],[[[113.9251194649914,-8.563751461360862],[113.9248934446767,-8.56364211459189],[113.9250828751747,-8.563374756040147],[113.9252790478898,-8.563612920799617],[113.9251194649914,-8.563751461360862]]],[[[113.8672321877153,-8.561757631109739],[113.867110524731,-8.561808503059947],[113.8671934314318,-8.562239338574589],[113.8669995627797,-8.561872128296049],[113.8671339062049,-8.561738671602352],[113.8672321877153,-8.561757631109739]]],[[[113.8572423448583,-8.560004955864002],[113.8567880541254,-8.559776621593755],[113.8570467279241,-8.559267313935308],[113.8572093100617,-8.559349888786265],[113.8572423448583,-8.560004955864002]]],[[[114.3824783331087,-8.200467888182477],[114.3841067274437,-8.202187741770821],[114.381489578881,-8.208388358635759],[114.3806439121869,-8.203856586712082],[114.3824783331087,-8.200467888182477]]],[[[114.4614375416094,-8.037841817945495],[114.460766588907,-8.037722902389959],[114.459910874987,-8.036455148786086],[114.4623948438471,-8.036661779717296],[114.4614375416094,-8.037841817945495]]],[[[114.3049542654271,-7.88533180232072],[114.3328396826054,-7.906915317387923],[114.3965298767524,-7.926803204804037],[114.4128948966822,-7.94013939082017],[114.4240335236283,-7.935486488310754],[114.4258140868507,-8.014741959573684],[114.4341126098091,-8.031015997789996],[114.4298485588639,-8.065789971829744],[114.3984722891648,-8.121131154179366],[114.4018259617987,-8.150013408691752],[114.3801797846694,-8.204139331764697],[114.3802882051366,-8.208750172082695],[114.3832651292824,-8.21024422299244],[114.3833517708676,-8.206380632959824],[114.3854910358826,-8.202134098110108],[114.3902290951967,-8.23436263462785],[114.3657901058287,-8.279184480279493],[114.3606233396954,-8.335766507618185],[114.3406980989382,-8.417095314597027],[114.3553653993937,-8.470179769680524],[114.3706606388774,-8.479873317399615],[114.3597644889401,-8.49357654642045],[114.3513118122904,-8.529331126829991],[114.3645096304152,-8.538107144828793],[114.376442034972,-8.532002193346493],[114.3883437465668,-8.481208178414672],[114.382592824899,-8.448689460350316],[114.3891784145522,-8.447654559210509],[114.3994841712575,-8.46099345038736],[114.3970489366592,-8.494622166579706],[114.4093627769706,-8.50953905768133],[114.4011343957359,-8.540113139309895],[114.4078982526023,-8.56942947229225],[114.4421020807465,-8.634440882940346],[114.4580028544482,-8.638451531912565],[114.4699952977449,-8.620054956071304],[114.480995625148,-8.617908805846657],[114.5143883979063,-8.650114863809826],[114.5683709321728,-8.659336051617466],[114.5973408642896,-8.700423928321559],[114.6052621351395,-8.717526488556508],[114.5952690061598,-8.75068926239944],[114.5869666916596,-8.763758033206575],[114.5666761112136,-8.773095024016069],[114.5323760852882,-8.780203437238825],[114.4460731640454,-8.752647458813083],[114.3694658490697,-8.750397880257914],[114.344553543811,-8.742313622575608],[114.3428292844439,-8.734763757341462],[114.3670716361471,-8.722315142829533],[114.3764556444125,-8.70535040729548],[114.3698177537864,-8.67056024186164],[114.3285120298063,-8.62935816834474],[114.2590090397354,-8.601820367915618],[114.2265090149791,-8.603588679673795],[114.2296149189934,-8.620752855160134],[114.220592986777,-8.644904952701342],[114.0955164511234,-8.614668418112963],[114.0844714561928,-8.629026109867048],[114.0597523675778,-8.626207735298657],[114.0497496752074,-8.64652089142595],[114.0479535339285,-8.637224958265204],[114.0327461833897,-8.633079825573446],[114.029857165276,-8.599410627298525],[114.0149694068127,-8.58975213335425],[113.9965453207101,-8.591431219774908],[113.9968916343415,-8.607643935918912],[113.99006783856,-8.598713412593888],[113.9883370231351,-8.6058194992704],[113.9564865607062,-8.61350997260713],[113.9474872266543,-8.599411548204365],[113.9660166422543,-8.596314943180055],[113.968687402102,-8.583247825326872],[113.9463174613817,-8.558668914039096],[113.9347464619796,-8.560217614051595],[113.9353929935918,-8.566685586770344],[113.9254487445639,-8.560263898559999],[113.9258854571482,-8.568501622851592],[113.923685781074,-8.573293685555043],[113.9093037770477,-8.57906976215979],[113.876087730964,-8.557048302437202],[113.8641062018398,-8.56141624576308],[113.8532745036155,-8.549717636159908],[113.8375928677167,-8.553683816354933],[113.8551169222083,-8.519632882851251],[113.8422079798145,-8.49446361880089],[113.8546520941189,-8.429976193646365],[113.890406947023,-8.410400425838898],[113.8992368506002,-8.43443379758158],[113.9102711597862,-8.44196734012062],[113.934415757881,-8.423239159959266],[113.9472731349473,-8.401818784609176],[113.9236747239095,-8.384262652199563],[113.9212238869728,-8.35732431466532],[113.9090080583752,-8.346860431063945],[113.9242233885985,-8.334911264942928],[113.928371117633,-8.319962092676363],[113.9211503700935,-8.308446156065212],[113.9349964438309,-8.270795694165916],[113.9497718032262,-8.26071974482037],[113.9667033528775,-8.23227223607475],[113.968119441559,-8.220612361171469],[113.9578697683752,-8.205847139833526],[113.9707494774065,-8.189589048395778],[113.9902785757957,-8.182951176655422],[114.022050759435,-8.141866834286908],[114.0411221892377,-8.137181096630268],[114.0467833126997,-8.125204133364043],[114.0785749252926,-8.126810359410523],[114.0917432663387,-8.116151161047185],[114.1464917828696,-8.101012477343854],[114.1727445132487,-8.107336277946846],[114.1764600397991,-8.120318651784313],[114.184379330342,-8.120910881432035],[114.1952130709266,-8.10355782133632],[114.2137448832199,-8.099783162562861],[114.2197491870754,-8.073735445234558],[114.2311398849978,-8.07042523503652],[114.2487637957127,-8.045647814594918],[114.2358166986818,-8.031208256655624],[114.2407071661029,-8.013435562101439],[114.2250821659093,-7.98295187402969],[114.2831342070781,-7.897236067990113],[114.3049542654271,-7.88533180232072]]]]}},{"type":"Feature","properties":{"kode":"35.11","nama":"Kabupaten Bondowoso","lat":-7.943685821878538,"lng":113.9476982116547},"geometry":{"type":"MultiPolygon","coordinates":[[[[114.0078180680494,-7.755020956052209],[114.0148972020442,-7.761001456651843],[114.0662847587347,-7.759367158267664],[114.0793511157615,-7.770710818049834],[114.0748948680039,-7.783171713703555],[114.0884364996448,-7.802736754397603],[114.0955954745516,-7.840616933724468],[114.0925317361508,-7.87544200724282],[114.1111400052072,-7.909598586805337],[114.1276397022106,-7.993019447989073],[114.1766812577339,-7.969501722326625],[114.2167432121296,-7.980488038292303],[114.2382581242131,-8.006146637856997],[114.2357938253249,-8.031092846657444],[114.2485196540589,-8.044055171009283],[114.2467191123971,-8.054665761015993],[114.2197491870754,-8.073735445234558],[114.2140500312839,-8.099483697314707],[114.1952130709266,-8.10355782133632],[114.184379330342,-8.120910881432035],[114.1764600397991,-8.120318651784313],[114.1727445132487,-8.107336277946846],[114.1464917828696,-8.101012477343854],[114.0917432663387,-8.116151161047185],[114.0785749252926,-8.126810359410523],[114.0640714516363,-8.12189322978865],[114.0485042679577,-8.127024158837841],[114.040069754016,-8.113641290812872],[114.0276256873757,-8.112704545278486],[114.0028450662469,-8.074302081076183],[113.8932165639933,-8.015488969740119],[113.8854427981466,-8.018993877765173],[113.8849667456188,-8.029900258390192],[113.8720348039631,-8.03253494193397],[113.857821438109,-8.01866117897017],[113.8437603553561,-8.02059763427339],[113.8570345421104,-8.041692956864459],[113.8125854186821,-8.04612653181394],[113.802189773839,-8.057665667336593],[113.7818998831731,-8.050137364247938],[113.7728793835768,-8.036769586846919],[113.7602242487501,-8.050791617439117],[113.7492480636473,-8.049430749829227],[113.7475621981369,-8.064984989565609],[113.726188268274,-8.023573323649984],[113.7101917644385,-8.011217658568075],[113.6872420307951,-8.011513753157189],[113.6716857109269,-7.985948808090963],[113.6701260796549,-7.967979004627316],[113.646026167074,-7.974149669571577],[113.6356733632352,-7.965575740028345],[113.6295164588175,-7.972459827259185],[113.6232603456885,-7.962204512628083],[113.660438365838,-7.93845801472555],[113.6629155169376,-7.921591688405697],[113.7224603652537,-7.879028185202478],[113.7397154091388,-7.788903711836762],[113.7473633940055,-7.796251320442042],[113.760398521175,-7.792145519599972],[113.7934339690026,-7.802810190337953],[113.8015821675829,-7.816534494071607],[113.8342969999066,-7.81312605812106],[113.8532484016925,-7.794362980666917],[113.8721982620402,-7.797538063230983],[113.8772894122766,-7.79108003791336],[113.9039912811727,-7.803612105913852],[113.9182287425625,-7.788808041058174],[113.9348142483789,-7.792744545424383],[113.9357019233052,-7.776708025355087],[113.950843429081,-7.765230768585044],[113.9924076550893,-7.777794772410721],[114.0078180680494,-7.755020956052209]]]]}},{"type":"Feature","properties":{"kode":"35.12","nama":"Kabupaten Situbondo","lat":-7.801438530042718,"lng":114.05136405329577},"geometry":{"type":"MultiPolygon","coordinates":[[[[114.4359253930425,-7.679599149880793],[114.4356725747296,-7.679765712417622],[114.4355417053855,-7.679619970085553],[114.4358986238225,-7.679408793081314],[114.4359253930425,-7.679599149880793]]],[[[114.0391302799385,-7.604774263321516],[114.0465857055659,-7.609014537091222],[114.0684906698086,-7.636954982886105],[114.1075142372924,-7.706889592680514],[114.1656409932372,-7.715332555752833],[114.1944610677242,-7.708619069914117],[114.2080851051436,-7.717825283110339],[114.2400176459976,-7.697956226598527],[114.2925821220673,-7.747224120796473],[114.309549182349,-7.746285716012905],[114.3284362610247,-7.758362943794753],[114.3712417142337,-7.757720949262374],[114.3638783099361,-7.749550023015121],[114.3714109693408,-7.750433992734499],[114.3929900147774,-7.770949105117068],[114.4038049847124,-7.770031749865306],[114.4301298488135,-7.792405506408943],[114.4388589096111,-7.789625828768879],[114.4670359355601,-7.834627162913214],[114.4578389916763,-7.847485471677177],[114.464612123251,-7.855497402283244],[114.4570889606871,-7.863031933177104],[114.4635058411218,-7.889851523329109],[114.4240058892604,-7.916518287189137],[114.4240335236283,-7.935486488310754],[114.4132229909484,-7.940177063420676],[114.2991330509496,-7.88574617304734],[114.24969456795,-7.939357968095687],[114.2243420967104,-7.986662128754211],[114.1745374367533,-7.969399685247217],[114.1276397022106,-7.993019447989073],[114.1111400052072,-7.909598586805337],[114.0925317361508,-7.87544200724282],[114.0955954745516,-7.840616933724468],[114.0884364996448,-7.802736754397603],[114.0748948680039,-7.783171713703555],[114.0793511157615,-7.770710818049834],[114.0662847587347,-7.759367158267664],[114.0148972020442,-7.761001456651843],[114.0078180680494,-7.755020956052209],[113.9924076550893,-7.777794772410721],[113.950843429081,-7.765230768585044],[113.9357019233052,-7.776708025355087],[113.9348142483789,-7.792744545424383],[113.9182287425625,-7.788808041058174],[113.9039912811727,-7.803612105913852],[113.8772894122766,-7.79108003791336],[113.8721982620402,-7.797538063230983],[113.8532484016925,-7.794362980666917],[113.8342969999066,-7.81312605812106],[113.8015821675829,-7.816534494071607],[113.7934339690026,-7.802810190337953],[113.760398521175,-7.792145519599972],[113.7473633940055,-7.796251320442042],[113.7397154091388,-7.788903711836762],[113.7224603652537,-7.879028185202478],[113.6629155169376,-7.921591688405697],[113.660438365838,-7.93845801472555],[113.6237791456911,-7.961456344134969],[113.615661462007,-7.95814520223919],[113.6226194869999,-7.953161303351378],[113.6110380581599,-7.949026139644547],[113.62551865756,-7.923737082300501],[113.6234510748074,-7.895541243433594],[113.6029244043379,-7.843072157553958],[113.6117273552334,-7.824052124905626],[113.5921543330561,-7.805414742096576],[113.6060865609461,-7.798938805881121],[113.6007078569822,-7.775304857233304],[113.5763929587681,-7.756195618133236],[113.5727003550375,-7.742631986376995],[113.5793074124072,-7.725923150233153],[113.5982389760479,-7.715444995290247],[113.611000577115,-7.723083292659786],[113.6499035302238,-7.724359955847219],[113.6667587301314,-7.736880616846945],[113.7134410320779,-7.708301530091503],[113.7253317773398,-7.722220501974578],[113.7635777604054,-7.738014338191127],[113.7958124968493,-7.727535479978335],[113.8308658263968,-7.68847109586435],[113.868179612699,-7.680073386677381],[113.8963092731545,-7.69678366623319],[113.9309196704065,-7.700837936821329],[113.9275162140022,-7.693243617199101],[113.9336002103814,-7.697340521947441],[113.9403102221392,-7.676763659415346],[113.9558055418923,-7.677673726561166],[113.9721844689382,-7.651602458686461],[114.0032816133558,-7.636315483073001],[114.0391302799385,-7.604774263321516]]]]}},{"type":"Feature","properties":{"kode":"35.13","nama":"Kabupaten Probolinggo","lat":-7.866411109808781,"lng":113.32023406480856},"geometry":{"type":"MultiPolygon","coordinates":[[[[113.4910823431757,-7.698152298589704],[113.5454171499815,-7.713495451253997],[113.5769746690458,-7.706776259216922],[113.5976609709772,-7.715072008666172],[113.5786741691776,-7.726545873193461],[113.5725553969141,-7.742067895616848],[113.5763929587681,-7.756195618133236],[113.6007078569822,-7.775304857233304],[113.6060865609461,-7.798938805881121],[113.5921543330561,-7.805414742096576],[113.6117273552334,-7.824052124905626],[113.6029244043379,-7.843072157553958],[113.6262891930918,-7.91702991959509],[113.6111296037483,-7.950123367399423],[113.62232954827,-7.952441737795971],[113.615661462007,-7.95814520223919],[113.6295164588175,-7.972459827259185],[113.6356733632352,-7.965575740028345],[113.6435600002938,-7.973123055684431],[113.6284328234161,-7.975913451444575],[113.6139719632356,-7.992144541637262],[113.5939281081956,-7.97591349910867],[113.5903274853253,-7.983396720082484],[113.5628433213623,-7.982712353092562],[113.5594923206142,-7.994688920657093],[113.5331038096931,-8.009174917788169],[113.5146493678741,-8.001504389615803],[113.4946262017379,-8.004963784750867],[113.4822014282534,-7.994014167419809],[113.4759120393092,-8.025493439170788],[113.4654311234476,-8.027497995635962],[113.4540307281357,-8.01954263418521],[113.4448483937384,-8.025175250037702],[113.4402059476464,-8.015217132564505],[113.3909786020808,-7.997172646700238],[113.3789319080812,-8.020456125050117],[113.3616576034158,-8.027884799443878],[113.3412920698731,-7.942468423578823],[113.3037431846003,-7.924912945875721],[113.2747213202329,-7.925307053077971],[113.2625263397189,-7.895912282126075],[113.2545727220535,-7.907315861937451],[113.207381837302,-7.899875165406537],[113.2118549536433,-7.911044325235376],[113.2061072335621,-7.925724182025266],[113.1495280633696,-7.979759089210584],[113.1359823802827,-7.976462656626263],[113.1126336147496,-7.995253715586407],[113.1058735683106,-7.984319284207579],[113.0787535155623,-7.984163821103411],[113.05995975324,-8.010559505916408],[113.036053250657,-7.980475412710034],[113.0089631246485,-7.963390034922106],[112.9931439824089,-7.9600100544204],[112.9759802314026,-7.979231385919653],[112.9501026900872,-7.987032718684953],[112.9407266687009,-7.981935516910514],[112.9451201563702,-7.975138969687626],[112.9261429467397,-7.966484470781658],[112.9379288472386,-7.949922285285175],[112.9525586216831,-7.94545185881617],[112.9567219431631,-7.917229562794041],[112.9474268841434,-7.908790619691234],[112.9537296657915,-7.900362627633121],[112.9681658359846,-7.900537575448733],[112.9692608756889,-7.887739112969675],[113.0472326016034,-7.819969812556752],[113.0547137712237,-7.74815224632908],[113.0881203063071,-7.707421334826651],[113.1009462736516,-7.702332898744294],[113.1079255918926,-7.720574477330259],[113.1401340249654,-7.725567809207038],[113.1510801960942,-7.741029410678716],[113.163241431347,-7.741900538079331],[113.1675368065783,-7.727879708082045],[113.1767493240222,-7.725865527072332],[113.1805008036693,-7.743755032768521],[113.1698989919449,-7.75443277065582],[113.1639673362237,-7.779251550918235],[113.1830721623505,-7.790665466637917],[113.1785887523691,-7.810146563712887],[113.2002703555924,-7.812548682575552],[113.2078889506147,-7.8043036189168],[113.2040778396207,-7.812711658616037],[113.2171051723659,-7.820161920336303],[113.2259339023278,-7.80163884495673],[113.2370746139023,-7.808235186904326],[113.2358187673223,-7.797582817093288],[113.2424804306274,-7.794850002225732],[113.2339986321312,-7.780489824745621],[113.2364676839366,-7.739301866088225],[113.2486450125573,-7.745179856565069],[113.2563977153823,-7.735560779006682],[113.2631155593357,-7.764749589022272],[113.2773068027668,-7.782572031374072],[113.2871229442685,-7.783720639196082],[113.3074339348283,-7.768262543281671],[113.3241321265964,-7.776219509122998],[113.3451620639781,-7.771207386811411],[113.3819689204293,-7.736368363908833],[113.3884125107288,-7.744625301316503],[113.4105072247287,-7.734325297574411],[113.4388641573551,-7.734563659285402],[113.4910823431757,-7.698152298589704]]],[[[113.2615724207307,-7.676307464817604],[113.2578028449255,-7.680858906713154],[113.2427719368754,-7.680366699663369],[113.2500589977247,-7.67740369162702],[113.2615724207307,-7.676307464817604]]]]}},{"type":"Feature","properties":{"kode":"35.14","nama":"Kabupaten Pasuruan","lat":-7.742430912511771,"lng":112.8318441016922},"geometry":{"type":"MultiPolygon","coordinates":[[[[112.7058425371034,-7.545104690728869],[112.7239002061297,-7.568952383945308],[112.7390115747245,-7.573233098428726],[112.7709364767371,-7.574802025992681],[112.7831769296716,-7.563067252851389],[112.8320298676843,-7.552370463725903],[112.8451100652774,-7.577428311667215],[112.8696015255901,-7.571631690949746],[112.8883217566438,-7.615969227397893],[112.9026117429377,-7.625071132726528],[112.8859042746626,-7.62341095904853],[112.8843380648499,-7.631862400928994],[112.8746661521213,-7.626794431617671],[112.872443909359,-7.633932898384525],[112.8721796930384,-7.662551801724219],[112.8783397468819,-7.655258227085485],[112.8869831580464,-7.660079706613113],[112.8811255587975,-7.671858089679055],[112.8936752975771,-7.675508213033559],[112.8952254068271,-7.684915278117525],[112.9313633007758,-7.668707991180738],[112.9543552162203,-7.621143508266285],[112.9683679109504,-7.646827513678804],[112.9847357673418,-7.656368421265628],[113.0171409522931,-7.65152294422851],[113.0279953017418,-7.641262302013522],[113.0286705163313,-7.648659457867683],[113.0633734403321,-7.669014231921238],[113.0876678187149,-7.703302457842102],[113.100176017809,-7.701874358714615],[113.0850256186375,-7.709762264716672],[113.0547137712237,-7.74815224632908],[113.0472326016034,-7.819969812556752],[112.9692608756889,-7.887739112969675],[112.9681658359846,-7.900537575448733],[112.9550052839668,-7.899542097889504],[112.9474268841434,-7.908790619691234],[112.9567219431631,-7.917229562794041],[112.9521118393899,-7.946210402787805],[112.9346704361917,-7.956230094143527],[112.9153916434096,-7.951348208952672],[112.9129685739406,-7.956755844106826],[112.9039191476506,-7.946978770054151],[112.8849841171234,-7.952345770241002],[112.853194114317,-7.933747700396036],[112.8405337058659,-7.938675927651921],[112.8055098426053,-7.925488635192294],[112.7836676339542,-7.900266853432462],[112.7793885040763,-7.872390798196686],[112.7619821519548,-7.876095145274657],[112.7600133102661,-7.854358568293288],[112.7390382576095,-7.838596310870986],[112.7328934625633,-7.818081637357625],[112.7111129294181,-7.823918563890579],[112.6614274781956,-7.805929888153766],[112.654197232916,-7.796973593856275],[112.6324477425693,-7.797595732257249],[112.5877511481969,-7.762554573234918],[112.5748073130071,-7.732521244959471],[112.623585375265,-7.666805293729321],[112.6287090126109,-7.643215126776663],[112.6207684144308,-7.615218730559973],[112.6305992508548,-7.616543763783649],[112.652137004819,-7.59784605714973],[112.6571169826627,-7.568103120862339],[112.674139306284,-7.558614618569751],[112.674053754677,-7.550367887567936],[112.7058425371034,-7.545104690728869]]]]}},{"type":"Feature","properties":{"kode":"35.15","nama":"Kabupaten Sidoarjo","lat":-7.451472833864771,"lng":112.70030279079559},"geometry":{"type":"MultiPolygon","coordinates":[[[[112.8389297542049,-7.330238035257056],[112.8314893535509,-7.40491186988688],[112.8411399316626,-7.481082455191127],[112.835586062247,-7.485013275841971],[112.8187722896096,-7.472119230717825],[112.8129826503291,-7.478745359110998],[112.8365478449072,-7.510567894892421],[112.8614889068877,-7.521275262743091],[112.8580053748481,-7.525212423614373],[112.8729922655807,-7.537588806378252],[112.8661279112741,-7.540507440965597],[112.8675945994112,-7.552711215050482],[112.8778483357322,-7.563818954780891],[112.8685779900823,-7.562572427875195],[112.8650552970644,-7.573461946211849],[112.8451100652774,-7.577428311667215],[112.8320298676843,-7.552370463725903],[112.7831769296716,-7.563067252851389],[112.7709364767371,-7.574802025992681],[112.7390115747245,-7.573233098428726],[112.7239002061296,-7.568952383945308],[112.705700116867,-7.545039089682141],[112.6743101522918,-7.550185740679342],[112.6696255450829,-7.562387378874361],[112.5689086282307,-7.478739116017311],[112.4566878814406,-7.446969383929839],[112.4850615873224,-7.409224873628943],[112.5250585279287,-7.39723939468229],[112.5439560935989,-7.40471131117804],[112.5662844802446,-7.397923443312208],[112.5678918897989,-7.387938651047835],[112.583559530448,-7.383379060395238],[112.5889299390654,-7.370105767567096],[112.6534221989754,-7.362178722170291],[112.6623594510279,-7.351607088096638],[112.7042767436768,-7.336509805583073],[112.7258029251649,-7.348335804153975],[112.7554118516757,-7.336743237210523],[112.8125244016798,-7.346391209086959],[112.8389297542049,-7.330238035257056]]]]}},{"type":"Feature","properties":{"kode":"35.16","nama":"Kabupaten Mojokerto","lat":-7.5506917534365625,"lng":112.48443825629958},"geometry":{"type":"MultiPolygon","coordinates":[[[[112.4475283349648,-7.306412195566362],[112.4588061715676,-7.312106689272272],[112.4693112684004,-7.303954922181858],[112.4801550022517,-7.308129004949552],[112.4762794116656,-7.329601601232908],[112.4855292365851,-7.340848834805839],[112.4730126054475,-7.353208172718943],[112.4799264332583,-7.364982611358321],[112.4756896380664,-7.385187716639833],[112.4946065337646,-7.408522238710339],[112.4835128279547,-7.41032539020459],[112.4566878814406,-7.446969383929839],[112.5689086282307,-7.478739116017311],[112.663768596044,-7.557262253150458],[112.652137004819,-7.59784605714973],[112.6305992508548,-7.616543763783649],[112.6207684144308,-7.615218730559973],[112.6287090126109,-7.643215126776663],[112.623585375265,-7.666805293729321],[112.5836599037816,-7.72318564540118],[112.5622329939576,-7.737832308214435],[112.5279066943386,-7.735067605185789],[112.4894598360026,-7.765538147867161],[112.4630273851058,-7.769033109390459],[112.4556225157666,-7.779216080757471],[112.4304027943536,-7.700050310573284],[112.4116775711631,-7.673535748875685],[112.4100010702932,-7.64498344393079],[112.3896667782992,-7.650746396728784],[112.3834240515788,-7.643639025820351],[112.3872566275913,-7.614307607609908],[112.3715956680057,-7.571497396987218],[112.3752568961889,-7.563002341584805],[112.3636765303477,-7.552814493194297],[112.3704643604419,-7.540264048447013],[112.3666868013548,-7.524144723300345],[112.3739344566099,-7.525524929032183],[112.3780150809313,-7.512183415432253],[112.3742841705781,-7.487198905405172],[112.404887622266,-7.461320667115049],[112.3326721177241,-7.454433130084829],[112.3459296993961,-7.441598701019173],[112.3412870950235,-7.432251891411638],[112.3529435821806,-7.413252579143118],[112.3318751322316,-7.379657767391982],[112.3489440533254,-7.337403530248635],[112.3585517958288,-7.326479460858407],[112.3746242591023,-7.323631316931748],[112.3911963452353,-7.333511381345107],[112.4109387322367,-7.311898939584331],[112.4417151676209,-7.314232745045127],[112.4475283349648,-7.306412195566362]],[[112.4550854694189,-7.447384435443264],[112.4339347773681,-7.459830504873891],[112.415814030793,-7.457281526721075],[112.407655936972,-7.4916422766697],[112.4221136063579,-7.494052132399957],[112.428652200139,-7.48046029340779],[112.4352896626878,-7.487542367286419],[112.4437563741573,-7.481857956779229],[112.4497756418325,-7.493439551993645],[112.4684799836643,-7.46069793875879],[112.4671050830332,-7.453243665162982],[112.4575516532863,-7.456921986760249],[112.4550854694189,-7.447384435443264]]]]}},{"type":"Feature","properties":{"kode":"35.17","nama":"Kabupaten Jombang","lat":-7.544634889859412,"lng":112.26408497780137},"geometry":{"type":"MultiPolygon","coordinates":[[[[112.334820000043,-7.345579999916988],[112.3457962067296,-7.345062833083275],[112.3321944203362,-7.370798944315808],[112.33387667327,-7.388527650330693],[112.3439459055792,-7.391939011775931],[112.3459243826043,-7.409940081069858],[112.3529705366611,-7.4129057546968],[112.3412870950235,-7.432251891411638],[112.3459296993961,-7.441598701019173],[112.3326721177241,-7.454433130084829],[112.404887622266,-7.461320667115049],[112.3742841705781,-7.487198905405172],[112.3780150809313,-7.512183415432253],[112.3739344566099,-7.525524929032183],[112.3666868013548,-7.524144723300345],[112.3704643604419,-7.540264048447013],[112.3636765303477,-7.552814493194297],[112.3752568961889,-7.563002341584805],[112.3715956680057,-7.571497396987218],[112.3872566275913,-7.614307607609908],[112.3834240515788,-7.643639025820351],[112.3896667782992,-7.650746396728784],[112.4100010702932,-7.64498344393079],[112.4116775711631,-7.673535748875685],[112.4304027943536,-7.700050310573284],[112.4556225157666,-7.779216080757471],[112.4424769185751,-7.776206362833341],[112.4362851123681,-7.765358074815224],[112.4302085956502,-7.770786086808438],[112.4180450212608,-7.764218690440109],[112.3972625431319,-7.77607475964233],[112.3017959169481,-7.72681702418632],[112.2518539080316,-7.725828055020648],[112.2149835549471,-7.689052327702742],[112.2178420491713,-7.676069645397802],[112.1654214196628,-7.612981423254065],[112.1214976262146,-7.606741008690569],[112.1104779912663,-7.593147717293273],[112.1118697730716,-7.565367608028665],[112.1341399645878,-7.535344020310201],[112.1507873086874,-7.529247684333099],[112.1520919246027,-7.506109633552675],[112.1690978553818,-7.489644892297934],[112.1548537803777,-7.463254357902275],[112.1251906903981,-7.452071583236978],[112.1235732605976,-7.462427051766944],[112.09812921679,-7.460980309693425],[112.0794753682936,-7.473585533945196],[112.0808944256374,-7.452210329742818],[112.0626305627503,-7.417329429009881],[112.0756072663623,-7.383953010423098],[112.1066131277938,-7.383774199119912],[112.1696853240186,-7.357180498880903],[112.21135707387,-7.348574065140915],[112.250671349903,-7.363285456658434],[112.2754592285606,-7.356897706164104],[112.2948286361327,-7.359508695270093],[112.2933637511362,-7.364699503878994],[112.3022728301271,-7.357108170905295],[112.3063238892362,-7.364482063996006],[112.3140476204014,-7.365038857657139],[112.3077849880868,-7.351835606727856],[112.327644316632,-7.344264864631692],[112.334820000043,-7.345579999916988]],[[112.3286021081009,-7.34745422573189],[112.3306273094028,-7.350787886651559],[112.3321234071696,-7.350235909759365],[112.3311285807195,-7.346163998070025],[112.3286021081009,-7.34745422573189]]]]}},{"type":"Feature","properties":{"kode":"35.18","nama":"Kabupaten Nganjuk","lat":-7.597495579235766,"lng":111.9385462072378},"geometry":{"type":"MultiPolygon","coordinates":[[[[112.0484237340681,-7.394113932212213],[112.0723265782091,-7.399570351090804],[112.0626358984281,-7.417428903021398],[112.0808944256374,-7.452210329742818],[112.0794753682936,-7.473585533945196],[112.09812921679,-7.460980309693425],[112.1235732605976,-7.462427051766944],[112.1251906903981,-7.452071583236978],[112.1548537803777,-7.463254357902275],[112.1691131123802,-7.489770312649727],[112.1520919246027,-7.506109633552675],[112.1507873086874,-7.529247684333099],[112.1341399645878,-7.535344020310201],[112.1116103744193,-7.56589832764563],[112.1133956581831,-7.589356323935163],[112.0983510120895,-7.644113662815214],[112.0758696282807,-7.678756881724683],[112.0750868008152,-7.703604596774642],[112.0590689668594,-7.723520627574824],[112.0272179045827,-7.725688802196443],[112.0179261020081,-7.76218992962148],[112.0039983536411,-7.75549058022598],[111.9975617852483,-7.729300530794862],[111.9822370857729,-7.710955617407737],[111.9850610469298,-7.686362413194806],[111.9541056716395,-7.679608276200937],[111.9280465248273,-7.722563262384589],[111.900298709318,-7.739726844318343],[111.8247235651405,-7.811220716662674],[111.8140075880798,-7.812970455621996],[111.800025921759,-7.836208771817325],[111.7858125019455,-7.833471018772435],[111.776664693421,-7.820202772040278],[111.7670974338995,-7.823229732665985],[111.7253452891538,-7.776607652021442],[111.7295202874314,-7.737284053616093],[111.7541505931754,-7.702808821769639],[111.7570136379691,-7.681586359322949],[111.7829354663987,-7.650435748411048],[111.7857150379188,-7.603031021964028],[111.8021200183243,-7.548801595017522],[111.8143728630173,-7.541926638603495],[111.8331040361225,-7.548814350102155],[111.8497014894322,-7.508216637187973],[111.8256260995649,-7.495261311360383],[111.8213076531257,-7.472285724006936],[111.8012389696028,-7.459015320700394],[111.8209991128188,-7.439554616652159],[111.8776321074358,-7.440965595385832],[111.9053573139889,-7.43332236343626],[111.9403609766777,-7.440121090615807],[111.9598083078072,-7.426879336112417],[111.9431838613462,-7.406306658125742],[111.9580230474257,-7.413319039042391],[111.9986724542705,-7.403382722034983],[112.0196532868697,-7.409832875586701],[112.0241851451284,-7.395594022945743],[112.0353622162933,-7.401836788337039],[112.0484237340681,-7.394113932212213]]]]}},{"type":"Feature","properties":{"kode":"35.19","nama":"Kabupaten Madiun","lat":-7.623615892933428,"lng":111.64585875830551},"geometry":{"type":"MultiPolygon","coordinates":[[[[111.6915355718093,-7.42264079713502],[111.767311060657,-7.46875660443365],[111.8131385605961,-7.463104515560896],[111.8250772729978,-7.494661525608918],[111.8495772112194,-7.507216183679847],[111.8331040361225,-7.548814350102155],[111.8143728630173,-7.541926638603495],[111.8021200183243,-7.548801595017522],[111.7857150379188,-7.603031021964028],[111.7829354663987,-7.650435748411048],[111.7570136379691,-7.681586359322949],[111.7541505931754,-7.702808821769639],[111.7309097489857,-7.732037935802064],[111.7253452891538,-7.776607652021442],[111.7505353122549,-7.799096458834479],[111.7194065350836,-7.811145259046429],[111.6937987858853,-7.805333166392429],[111.6883842196561,-7.785682480561976],[111.6759703954175,-7.783728365271773],[111.6777291257985,-7.774078912211983],[111.6602770260639,-7.76658542187965],[111.6116413525664,-7.781898154076464],[111.5988575904055,-7.776998561234531],[111.5855244270108,-7.796893691790422],[111.549789832235,-7.804410987177305],[111.5086837118839,-7.799450074061624],[111.4689817291236,-7.777093496367708],[111.4507466481394,-7.781399181427044],[111.4587206228585,-7.724979005076963],[111.4809911803987,-7.700438898636167],[111.4981622509871,-7.698712452117976],[111.4986547997793,-7.674073133368412],[111.5106887072182,-7.659249719598885],[111.5290806479536,-7.664270105780683],[111.5442359691148,-7.659069116846221],[111.5389346733965,-7.648635740946633],[111.5512456142937,-7.642343665727561],[111.5486255708135,-7.625973173423154],[111.5590144941237,-7.605072018059182],[111.5580330522836,-7.596322641576573],[111.5496045296254,-7.594871239216231],[111.5331579681657,-7.602668513341174],[111.5204038269751,-7.597145107560602],[111.511983693193,-7.608211827413828],[111.5008831750186,-7.607601870330053],[111.4968611406293,-7.645098490602801],[111.5106121290466,-7.634107049400799],[111.5116653205981,-7.648859849302506],[111.4997068950572,-7.646045744715283],[111.5014129521461,-7.65872743382399],[111.484133306407,-7.662765379019002],[111.4869424269515,-7.632348417045768],[111.4695698983322,-7.641512799176268],[111.4600730952972,-7.626300139939505],[111.4507205039482,-7.627916031899299],[111.4516623909066,-7.620227723230836],[111.4745268562295,-7.608642726780416],[111.4791723600165,-7.575405448602516],[111.4879360339209,-7.565253678314558],[111.5005212446598,-7.567408666176937],[111.5037770746523,-7.552892623595645],[111.5134511529484,-7.553587338185056],[111.5114338144191,-7.53833239372497],[111.5321009239186,-7.546903383384399],[111.5410869803799,-7.535850986134011],[111.5615018911994,-7.546759666325523],[111.5598418722047,-7.536425901134417],[111.5475102451018,-7.537631082608324],[111.5504055611678,-7.52701073675606],[111.5871466780768,-7.521275989395341],[111.5803885193148,-7.5124827970434],[111.5907831434274,-7.506949263097943],[111.6129518788262,-7.466262181854137],[111.6227423752605,-7.468805244266522],[111.6371428522608,-7.462776904230654],[111.6417825401321,-7.450975982355671],[111.6516780504017,-7.451014245810742],[111.6506057833303,-7.438674864753184],[111.6736061640932,-7.410661356236562],[111.6915355718093,-7.42264079713502]],[[111.5070806208741,-7.677644614607252],[111.515378519703,-7.671281238438413],[111.5117916258829,-7.661569419193341],[111.5039325530449,-7.672919644925606],[111.5070806208741,-7.677644614607252]]]]}},{"type":"Feature","properties":{"kode":"35.20","nama":"Kabupaten Magetan","lat":-7.663380036623219,"lng":111.35743424446322},"geometry":{"type":"MultiPolygon","coordinates":[[[[111.4661944441184,-7.509277777847138],[111.479222222028,-7.51711111118876],[111.5032222226276,-7.516027777959592],[111.5118055545827,-7.523611110564302],[111.507892732064,-7.547400739952152],[111.5145695003822,-7.551284019741703],[111.5037770746523,-7.552892623595645],[111.5004491720917,-7.567458849246459],[111.4864444435564,-7.5658888892608],[111.4753041312808,-7.586474125380586],[111.4745268562295,-7.608642726780416],[111.4516623909066,-7.620227723230836],[111.4507205039482,-7.627916031899299],[111.4600730952972,-7.626300139939505],[111.4695698983322,-7.641512799176268],[111.4869424269515,-7.632348417045768],[111.484133306407,-7.662765379019002],[111.5012106982153,-7.658888048244775],[111.504584772869,-7.649281171788561],[111.5124695780086,-7.652123639194545],[111.4986547997793,-7.674073133368412],[111.4981622509871,-7.698712452117976],[111.4809911803987,-7.700438898636167],[111.4587206228585,-7.724979005076963],[111.448272999899,-7.779761999816407],[111.4132229996418,-7.775852000269516],[111.3436649998399,-7.783323000356094],[111.327628000432,-7.800406000336561],[111.3147229997666,-7.792174000229827],[111.2902049995611,-7.794134999830308],[111.2819072104494,-7.784575398935515],[111.2889217866112,-7.741532576866898],[111.2719383712589,-7.737483784948632],[111.2565161007375,-7.746063360435666],[111.2438110886109,-7.740485480920149],[111.2364922214389,-7.750321412003539],[111.2119976980354,-7.722202217858047],[111.1815266166601,-7.710836783690559],[111.182506348889,-7.689340623371058],[111.1955688784011,-7.673190605262174],[111.1858297377523,-7.657707214116608],[111.1940212476825,-7.618359137963785],[111.2591705037158,-7.598370040844652],[111.2911071643641,-7.603694871820802],[111.3015060359749,-7.586820092773009],[111.3149490128867,-7.58296391225464],[111.3159866119926,-7.589053595946708],[111.3543929891452,-7.570409272170123],[111.3695135470127,-7.573848090816674],[111.3742500001375,-7.560722222052866],[111.3680131037218,-7.555136999572801],[111.3835629151964,-7.537130046914146],[111.420381085119,-7.536506182714112],[111.4391784474275,-7.517371142064525],[111.4602126691794,-7.51762480933749],[111.4661944441184,-7.509277777847138]],[[111.4149491260014,-7.5409108390639],[111.4131444537536,-7.543647219743369],[111.4140380003535,-7.546411000067525],[111.4178851246988,-7.543159762912736],[111.4149491260014,-7.5409108390639]]]]}},{"type":"Feature","properties":{"kode":"35.21","nama":"Kabupaten Ngawi","lat":-7.438824403789792,"lng":111.34341383304817},"geometry":{"type":"MultiPolygon","coordinates":[[[[111.4156808099215,-7.5409108390639],[111.4178851246988,-7.543159762912736],[111.4140380003535,-7.546411000067525],[111.4135727567774,-7.541205297786195],[111.4156808099215,-7.5409108390639]]],[[[111.2058871950381,-7.245349313220188],[111.2223725325664,-7.253127509127192],[111.2438875552665,-7.285260754380277],[111.286546879435,-7.289219938749073],[111.2955052952332,-7.301640169757987],[111.3153655401876,-7.304878557399411],[111.3331472315596,-7.320775007160822],[111.3445294533717,-7.319002396643252],[111.3470530679448,-7.336232847667715],[111.3607464260068,-7.330071217312798],[111.3719928888608,-7.340598180261696],[111.4201895133354,-7.345667756661615],[111.4330255216106,-7.365209200044446],[111.4624884368919,-7.378121597633561],[111.4560683557701,-7.36726510510051],[111.4709014804191,-7.357692673577957],[111.5130462565795,-7.362768113557542],[111.5278549043804,-7.372188988630838],[111.5451125931717,-7.37014814811852],[111.5537337973769,-7.358652555970639],[111.5664748849081,-7.359950498017013],[111.5749129988359,-7.348562192291278],[111.6735051648316,-7.411821719097026],[111.6506057833303,-7.438674864753184],[111.6516780504017,-7.451014245810742],[111.6417825401321,-7.450975982355671],[111.6371428522608,-7.462776904230654],[111.6227423752605,-7.468805244266522],[111.6126484448699,-7.466611860748777],[111.5907831434274,-7.506949263097943],[111.5803885193148,-7.5124827970434],[111.5871466780768,-7.521275989395341],[111.5504055611678,-7.52701073675606],[111.5475102451018,-7.537631082608324],[111.5598418722047,-7.536425901134417],[111.5615018911994,-7.546759666325523],[111.5410869803799,-7.535850986134011],[111.5302106371113,-7.546714666048952],[111.5081666655592,-7.536888889210828],[111.5118055545827,-7.523611110564302],[111.5020277781595,-7.515166666308541],[111.479222222028,-7.51711111118876],[111.4617690916703,-7.50926489236086],[111.4602126691794,-7.51762480933749],[111.4391784474275,-7.517371142064525],[111.420381085119,-7.536506182714112],[111.3835629151964,-7.537130046914146],[111.3680131037218,-7.555136999572801],[111.3742500001375,-7.560722222052866],[111.3695135470127,-7.573848090816674],[111.3543929891452,-7.570409272170123],[111.3159866119926,-7.589053595946708],[111.3149490128867,-7.58296391225464],[111.3015060359749,-7.586820092773009],[111.2911071643641,-7.603694871820802],[111.2584991301308,-7.598478752692265],[111.195086497344,-7.620091064950677],[111.1930131733193,-7.60404361542049],[111.1683328068136,-7.590218108279049],[111.1523481245663,-7.561421196730826],[111.1463494963323,-7.527304646891845],[111.1526803907875,-7.499529225793093],[111.1351530771529,-7.483595400207469],[111.137167106177,-7.465494969317347],[111.1286070019117,-7.461073799616073],[111.1184241015911,-7.414884611235787],[111.1452757840502,-7.368481437268474],[111.1419036870056,-7.332356192284432],[111.1552798290009,-7.313331099150825],[111.1343568084201,-7.297741377562498],[111.1500401116619,-7.26058478376073],[111.1777558726355,-7.264554396668003],[111.1998826600568,-7.255870883834151],[111.1979517068059,-7.246504373677868],[111.2058871950381,-7.245349313220188]]]]}},{"type":"Feature","properties":{"kode":"35.22","nama":"Kabupaten Bojonegoro","lat":-7.255575904171538,"lng":111.80986997600675},"geometry":{"type":"MultiPolygon","coordinates":[[[[111.6277936720404,-6.991795957417483],[111.6513904418156,-6.999804404949276],[111.6575657382682,-7.036975512010172],[111.6938432978299,-7.054127560138727],[111.6941256678654,-7.06864825581233],[111.711853041085,-7.080951224219571],[111.816545757281,-7.087163400970179],[111.8242445025818,-7.100428895776893],[111.8565716830368,-7.115117699022536],[111.8619873356471,-7.129703795193957],[111.8645190827895,-7.124102543197778],[111.8779303424115,-7.133273100972718],[111.8863460002678,-7.121732000431428],[111.9003080002141,-7.128756999735656],[111.8992079252057,-7.136328901957238],[111.9304317391335,-7.132775837934505],[111.9333584757131,-7.1601919870705],[111.9535353530741,-7.131731531684763],[111.9746078607643,-7.141582500332148],[111.9778391680432,-7.162626452748525],[111.9843255786626,-7.163011925559885],[111.9950664660447,-7.114454264652518],[112.010563894708,-7.130265784238502],[112.0032327760719,-7.109250384397718],[112.0144257598411,-7.102161970298652],[112.0063022809256,-7.093425778776633],[112.0204077263356,-7.087358152756521],[112.0189107229515,-7.067807843856925],[112.0313246928804,-7.079053833667429],[112.0442894382071,-7.071234448810752],[112.0395174510697,-7.079305951408425],[112.0413061000964,-7.081740300174636],[112.082765322162,-7.0659234916757],[112.0866057717391,-7.0861251156815],[112.1245676931447,-7.089437325971718],[112.1174150332773,-7.097575083423261],[112.1218551067278,-7.107683033345306],[112.1312920499881,-7.097018288862937],[112.1442913014025,-7.106275925293718],[112.1513903958502,-7.100925013978169],[112.1462306111539,-7.106725377674009],[112.1541017852693,-7.119806884679906],[112.1654437237489,-7.112915966198833],[112.1600722692199,-7.14170210207035],[112.1513213647891,-7.15816011999351],[112.1396102609049,-7.157994659126191],[112.1184463164444,-7.212126629240493],[112.087081869233,-7.22966233894569],[112.0843429119958,-7.25957958273156],[112.0944213542622,-7.269315639605071],[112.08531186585,-7.288401992757691],[112.0900268125875,-7.303996479853562],[112.0771255099343,-7.313287657399385],[112.0725631367794,-7.333467875741809],[112.0893325413638,-7.368489648078728],[112.0697783842651,-7.39669934639771],[112.0463027621628,-7.393775392320449],[112.0478744191691,-7.399611867393733],[112.0351791026335,-7.401842495434766],[112.0241851451284,-7.395594022945743],[112.0196532868697,-7.409832875586701],[111.9986724542705,-7.403382722034983],[111.9580230474257,-7.413319039042391],[111.9436568885547,-7.406123568747684],[111.9598083078072,-7.426879336112417],[111.9403609766777,-7.440121090615807],[111.9053573139889,-7.43332236343626],[111.8776321074359,-7.440965595385832],[111.8209991128188,-7.439554616652159],[111.8004149972544,-7.461098137968651],[111.7704620162091,-7.469639719797153],[111.7167052954132,-7.443213885212589],[111.5749129988359,-7.348562192291278],[111.5664748849081,-7.359950498017013],[111.5537337973769,-7.358652555970639],[111.5451125931717,-7.37014814811852],[111.5278549043804,-7.372188988630838],[111.4851531708822,-7.358177138364201],[111.4625778070202,-7.363020867119267],[111.4568924135541,-7.351840985573047],[111.4437138580082,-7.36015247405735],[111.4455273373169,-7.345130721105856],[111.4627359743858,-7.345534431268933],[111.4461631553054,-7.337050202804533],[111.4576400847222,-7.32156020074262],[111.4235145443608,-7.308803863407557],[111.4419309052871,-7.289592606113863],[111.4385145040412,-7.268885020827013],[111.4514315610178,-7.2741340362567],[111.4516098803918,-7.248133619670742],[111.4616401657611,-7.262418901611038],[111.4772536231562,-7.251903584882483],[111.4888044408723,-7.260962864144797],[111.4878374070707,-7.242929337418928],[111.5027495659398,-7.248256281801861],[111.5280092550232,-7.227142667899748],[111.5416392891219,-7.227513935020084],[111.5366728190953,-7.215919632385041],[111.5544541282555,-7.201866596765941],[111.5660963539636,-7.207253613163703],[111.5641038259308,-7.189325969917507],[111.5872211041707,-7.185557130657009],[111.5866201996626,-7.165812528625252],[111.5986579750855,-7.14534137060772],[111.6106380014427,-7.143308599712021],[111.6060465118371,-7.127911054251682],[111.6134051848015,-7.110678022172915],[111.6219965998633,-7.108428181015717],[111.6126421244345,-7.08218933437024],[111.6191237857342,-7.0734648421287],[111.6281203939411,-7.075416855703302],[111.6298978221269,-7.059535807731335],[111.6140739620438,-7.03748246794154],[111.6132292027656,-7.006695634595842],[111.6221478325565,-6.986354737980686],[111.6277936720404,-6.991795957417483]]]]}},{"type":"Feature","properties":{"kode":"35.23","nama":"Kabupaten Tuban","lat":-6.9534129686812065,"lng":111.89224221212113},"geometry":{"type":"MultiPolygon","coordinates":[[[[111.6952686288442,-6.757138010710565],[111.7219667529633,-6.77057327143931],[111.7661027558376,-6.771816118319211],[111.8374970426544,-6.800968640690178],[111.9024720190685,-6.787880482298351],[111.9606295417201,-6.762339148033262],[111.9538165270111,-6.760346862817438],[111.9677311812491,-6.764040327199242],[111.9802125391774,-6.773286803942805],[111.9901109587538,-6.799953369952031],[111.9996141397807,-6.798966847841718],[111.9945332364198,-6.804367997085396],[112.0034616688211,-6.797759436049126],[111.9980119220127,-6.807423173040909],[112.0104695441343,-6.834549223367929],[112.0532372060323,-6.887088299885117],[112.1234871819879,-6.902598094226579],[112.1421686477649,-6.901371648282931],[112.1425614878225,-6.896706540174672],[112.1431445084124,-6.895292886857155],[112.1435750030841,-6.895005608322061],[112.1435274046661,-6.900927190737231],[112.1668930369841,-6.898755917951219],[112.1696951176357,-6.892911886774104],[112.1803583080894,-6.913147201182372],[112.198819383308,-6.912833035616099],[112.2145725099134,-7.009444101264232],[112.2033295616101,-7.029416614884879],[112.2224644871465,-7.03733807369307],[112.2157590178645,-7.042943005715045],[112.2169420400431,-7.074527023303449],[112.1898349654113,-7.084381039753111],[112.1793171656548,-7.075096751913516],[112.1745134243552,-7.086559052058553],[112.1835631959848,-7.089226151665499],[112.157936040316,-7.110536014725247],[112.1462306111539,-7.106725377674009],[112.150818471995,-7.100564212268504],[112.1442913014025,-7.106275925293718],[112.1312920499881,-7.097018288862937],[112.1218551067278,-7.107683033345306],[112.1174150332773,-7.097575083423261],[112.1245676931447,-7.089437325971718],[112.0866057717391,-7.0861251156815],[112.082765322162,-7.0659234916757],[112.0413061000964,-7.081740300174636],[112.0442894382071,-7.071234448810752],[112.0313246928804,-7.079053833667429],[112.017785559556,-7.06805596501077],[112.0204077263356,-7.087358152756521],[112.0063022809256,-7.093425778776633],[112.0144257598411,-7.102161970298652],[112.0032327760719,-7.109250384397718],[112.010563894708,-7.130265784238502],[111.9950664660447,-7.114454264652518],[111.9805850662479,-7.165039226778872],[111.9700821259894,-7.137813434442445],[111.9527215781384,-7.13181719210965],[111.9425669902744,-7.154890548360075],[111.9326113252525,-7.159949281634041],[111.9304317391335,-7.132775837934505],[111.8992079252057,-7.136328901957238],[111.9003080002141,-7.128756999735656],[111.8863460002678,-7.121732000431428],[111.8779303424115,-7.133273100972718],[111.8645190827895,-7.124102543197778],[111.8619873356471,-7.129703795193957],[111.8565716830368,-7.115117699022536],[111.8242445025818,-7.100428895776893],[111.8140140101385,-7.086287759872149],[111.7748730658394,-7.081980340020592],[111.7624641770802,-7.0878516602259],[111.7022162243994,-7.075169132949081],[111.6912964807481,-7.063432441553878],[111.6938432978299,-7.054127560138727],[111.6575657382682,-7.036975512010172],[111.6513904418156,-6.999804404949276],[111.6236744802931,-6.989438878401514],[111.6146877601321,-6.971109624909192],[111.567219807748,-6.951618628996473],[111.5774744128139,-6.917079019181375],[111.6023360295841,-6.911712468655455],[111.6077225648445,-6.903748094199162],[111.6191955804118,-6.821665456595464],[111.6355315117699,-6.828787152804842],[111.6564359505587,-6.826324217288774],[111.6681280778485,-6.801727633423552],[111.660750563188,-6.776910366720016],[111.6694527657326,-6.763424028995661],[111.6759041756372,-6.775364039119029],[111.6952686288442,-6.757138010710565]]]]}},{"type":"Feature","properties":{"kode":"35.24","nama":"Kabupaten Lamongan","lat":-7.131410514989188,"lng":112.30074592146252},"geometry":{"type":"MultiPolygon","coordinates":[[[[112.3292974657055,-7.345957701686493],[112.3325823123239,-7.348117973965244],[112.3321234071696,-7.350235909759365],[112.3306273094028,-7.350787886651559],[112.3292974657055,-7.345957701686493]]],[[[112.4469456462247,-6.874399401810897],[112.4549942448886,-6.878538723083575],[112.45582483265,-6.884052008793144],[112.4486119361919,-6.879341921992114],[112.4469456462247,-6.874399401810897]]],[[[112.3336781146534,-6.861206804250556],[112.3427185926889,-6.870100744054034],[112.3603973989209,-6.863483351675352],[112.3880514151408,-6.876087476955454],[112.4182980239347,-6.861676577711843],[112.4399492786364,-6.871021069766562],[112.440627210977,-6.882601124442348],[112.448436250033,-6.884191558393641],[112.4240682900196,-6.910869671697898],[112.4213810222165,-6.92450228415307],[112.4300627193191,-6.93006964789589],[112.4253385500341,-6.951525618412528],[112.4051565960002,-6.960463243683694],[112.3766372242286,-6.952808790892976],[112.3673078497775,-6.987742420676105],[112.3911856280143,-6.985756733786167],[112.4279210630067,-7.00239244155794],[112.4521921021839,-7.001119058197939],[112.4515524198084,-7.015530727261225],[112.4810714473895,-7.002883151236431],[112.48035889115,-7.010659758041341],[112.4957566587428,-7.008596480343313],[112.4974620206558,-7.017225568005506],[112.5112701412042,-7.01252850608565],[112.4965017299708,-7.024888383592013],[112.4990054902113,-7.031277563109021],[112.5192246536949,-7.047057395982018],[112.5235775387724,-7.038969426797585],[112.5414304033905,-7.053425371283843],[112.552476919974,-7.050530736904007],[112.5317434153264,-7.082025816038565],[112.5356169806393,-7.096143354632093],[112.5172499061583,-7.107466417241318],[112.5013274507013,-7.106814817949462],[112.4980284271702,-7.125571922106459],[112.4759998394211,-7.125659249874409],[112.4700022993667,-7.158877615309648],[112.505897770266,-7.163614455142912],[112.501635208598,-7.191621388716011],[112.4556601074281,-7.207197765264598],[112.4347836150718,-7.228485324238213],[112.4191043578799,-7.231792151186748],[112.3968905430642,-7.264753493978463],[112.4124053853003,-7.272912029366622],[112.4102201919084,-7.305261261198196],[112.3888352372565,-7.321484753918187],[112.3585517958288,-7.326479460858407],[112.3457962067296,-7.345062833083275],[112.32890313727,-7.343983533313362],[112.3077849880868,-7.351835606727856],[112.3140476204014,-7.365038857657139],[112.3022728301271,-7.357108170905295],[112.2933637511362,-7.364699503878994],[112.2948286361327,-7.359508695270093],[112.2754592285606,-7.356897706164104],[112.250671349903,-7.363285456658434],[112.21135707387,-7.348574065140915],[112.1696853240186,-7.357180498880903],[112.1066131277938,-7.383774199119912],[112.0815276688669,-7.382554915376963],[112.0890044713793,-7.358473226657995],[112.0725631367794,-7.333253787632169],[112.0771255099343,-7.313287657399385],[112.0900268125875,-7.303996479853562],[112.08531186585,-7.288401992757691],[112.0944213542622,-7.269315639605071],[112.0843429119958,-7.25957958273156],[112.087081869233,-7.22966233894569],[112.1095275319701,-7.222361950143855],[112.1396102609049,-7.157994659126191],[112.1513213647891,-7.15816011999351],[112.1656821843853,-7.117840341658414],[112.1640826726773,-7.112868377673446],[112.1541017852693,-7.119806884679906],[112.1522003432712,-7.109419368808804],[112.1783449688453,-7.097754031423412],[112.18386607416,-7.088720950311504],[112.1746219266606,-7.086907405352409],[112.1786089297584,-7.075724947248466],[112.1898349654113,-7.084381039753111],[112.2188110371997,-7.068676035870317],[112.2157590178645,-7.042943005715045],[112.2224644871465,-7.03733807369307],[112.2033295616101,-7.029416614884879],[112.2145725099134,-7.009444101264232],[112.203003291169,-6.918303510898286],[112.1803583080894,-6.913147201182372],[112.1789773900945,-6.905083448042663],[112.1721391736839,-6.902716960319458],[112.1710186031261,-6.899755976656933],[112.1703804882689,-6.894858124003171],[112.2238747158455,-6.872410415308376],[112.2505298847464,-6.878581981373325],[112.2675424246432,-6.876146882572502],[112.2654042891767,-6.87043556255114],[112.2697691945927,-6.878403395800063],[112.2870377678786,-6.864932199960964],[112.2985408136077,-6.874155005648922],[112.3336781146534,-6.861206804250556]]]]}},{"type":"Feature","properties":{"kode":"35.25","nama":"Kabupaten Gresik","lat":-6.926256532331929,"lng":112.55864603414607},"geometry":{"type":"MultiPolygon","coordinates":[[[[112.6481647802805,-7.087631727422287],[112.6385041684326,-7.092438238633728],[112.639122828256,-7.081159592641021],[112.6484503150301,-7.080778879941344],[112.6481647802805,-7.087631727422287]]],[[[112.5563495832668,-6.847038272298426],[112.5671794936388,-6.856271609946844],[112.5775897200895,-6.850852201767647],[112.5753702301521,-6.878890922777784],[112.5835101171982,-6.889926069232714],[112.6068987442817,-6.87651998161181],[112.6170691008584,-6.890889063279618],[112.6194866098192,-6.913753130202752],[112.6082902967598,-6.925742003190897],[112.5959989287077,-6.917536046551279],[112.5940788806359,-6.937693888861832],[112.6152797035955,-6.993214974291532],[112.6503668395581,-7.018662335698237],[112.6426950289525,-7.032251289665207],[112.6529972612148,-7.041831512014588],[112.6506697024449,-7.056113682300572],[112.6341420527136,-7.064940151366875],[112.6343292645839,-7.097997194614773],[112.6269605659773,-7.098506387159968],[112.6226233722708,-7.110832766718803],[112.6476183486079,-7.111448368847099],[112.6225497771505,-7.111189954053091],[112.6264955238493,-7.120404698218223],[112.6464235102369,-7.123646713724855],[112.6248563952065,-7.128575486869141],[112.6301722779283,-7.136284401703711],[112.6477750437833,-7.128237884071068],[112.6501247618484,-7.133561928140412],[112.6395549138283,-7.137713987410591],[112.6489350307271,-7.135049091142579],[112.6474815797112,-7.142018629256323],[112.6568554427246,-7.144121567955945],[112.6522376038823,-7.146600461941758],[112.6664757406629,-7.157882472298186],[112.6603845595998,-7.162410622652064],[112.6662180956886,-7.15949110672918],[112.6762821497014,-7.182123736721095],[112.6668942788479,-7.182076604151958],[112.6632134967056,-7.193248417880119],[112.6267246180467,-7.196347341356705],[112.6209721783234,-7.208653853992145],[112.6202766939143,-7.201715448609018],[112.6152673046424,-7.207732595682685],[112.6135408671175,-7.200849314244432],[112.6103418832713,-7.207990913349941],[112.5976195789805,-7.20384058077819],[112.5992199729235,-7.223307082755674],[112.5942511592637,-7.215430627821177],[112.5901076804251,-7.215151106838017],[112.6071938496166,-7.237234916558125],[112.6041303225564,-7.249565666822003],[112.6311176191829,-7.260280662722422],[112.6217498670628,-7.28271358116677],[112.630080916701,-7.314613941580087],[112.64923719574,-7.314558528053609],[112.6481863523183,-7.333467902721472],[112.6577553906988,-7.330504748095627],[112.6645857713164,-7.351435510939978],[112.6534221989754,-7.362178722170291],[112.5885109143472,-7.37030263725689],[112.583559530448,-7.383379060395238],[112.5678918897989,-7.387938651047835],[112.5662844802446,-7.397923443312208],[112.5439560935989,-7.40471131117804],[112.5250585279287,-7.39723939468229],[112.4946065337646,-7.408522238710339],[112.4756896380664,-7.385187716639833],[112.4799264332583,-7.364982611358321],[112.4730126054475,-7.353208172718943],[112.4855596408649,-7.34022047309633],[112.4762794116656,-7.329601601232908],[112.4782931601014,-7.304873816173688],[112.4588061715676,-7.312106689272272],[112.4474549080177,-7.303135180244328],[112.441801585275,-7.31421167392952],[112.4289173409626,-7.310807719300775],[112.4215505579119,-7.317175369947363],[112.4109387322367,-7.311898939584331],[112.3911963452353,-7.333511381345107],[112.3704482257051,-7.321648647267213],[112.3888352372565,-7.321484753918187],[112.410727307919,-7.304503875553418],[112.4124053853003,-7.272912029366622],[112.3968905430642,-7.264753493978463],[112.4191043578799,-7.231792151186748],[112.4347836150718,-7.228485324238213],[112.4556601074281,-7.207197765264598],[112.5015223050105,-7.191822469930979],[112.505897770266,-7.163614455142912],[112.4700022993667,-7.158877615309648],[112.4759998394211,-7.125659249874409],[112.4980284271702,-7.125571922106459],[112.5013274507013,-7.106814817949462],[112.5172499061583,-7.107466417241318],[112.5356169806393,-7.096143354632093],[112.5317434153264,-7.082025816038565],[112.552476919974,-7.050530736904007],[112.5414304033905,-7.053425371283843],[112.5235775387724,-7.038969426797585],[112.5192246536949,-7.047057395982018],[112.4985126446429,-7.030819908911638],[112.4966994513187,-7.024600732737588],[112.5117577931878,-7.012709350755912],[112.4974620206558,-7.017225568005506],[112.4957566587428,-7.008596480343313],[112.48035889115,-7.010659758041341],[112.4810714473895,-7.002883151236431],[112.4509937429669,-7.015413014998621],[112.4521921021839,-7.001119058197939],[112.4279210630067,-7.00239244155794],[112.3911856280143,-6.985756733786167],[112.3673078497775,-6.987742420676105],[112.367083840347,-6.977746313141767],[112.3767776137959,-6.952741524301834],[112.4051565960002,-6.960463243683694],[112.4253385500341,-6.951525618412528],[112.4300627193191,-6.93006964789589],[112.4213810222165,-6.92450228415307],[112.4240682900196,-6.910869671697898],[112.4484486822609,-6.884807325997214],[112.4400279108595,-6.874289539730486],[112.4786902008922,-6.900263481174632],[112.5197389606845,-6.905913155367819],[112.5417812370146,-6.877537137328974],[112.5219924539887,-6.866645337412328],[112.5563495832668,-6.847038272298426]]],[[[112.7059706392336,-5.870766662551378],[112.707602402429,-5.870860076930987],[112.7079295775879,-5.871330020364133],[112.7047589457689,-5.87169883683181],[112.7059706392336,-5.870766662551378]]],[[[112.6901641171803,-5.867482680181516],[112.6906183980207,-5.867528111233326],[112.6908053463896,-5.867941712140271],[112.6900917514332,-5.868101367883741],[112.6901641171803,-5.867482680181516]]],[[[112.6250237158719,-5.860638316005388],[112.6244454976617,-5.86050057674015],[112.6245024031634,-5.860197783101188],[112.6251660380823,-5.860488285705826],[112.6250237158719,-5.860638316005388]]],[[[112.6891860001339,-5.862369000129223],[112.6894507299672,-5.866903985330633],[112.6856000002399,-5.868695999620658],[112.686052811588,-5.858613222622092],[112.6891860001339,-5.862369000129223]]],[[[112.7680110720534,-5.81346298682737],[112.7679039960726,-5.812308947999493],[112.768843028583,-5.810792896974596],[112.7686664475986,-5.811938365263262],[112.7680110720534,-5.81346298682737]]],[[[112.7777673528811,-5.80297524960807],[112.7774764069108,-5.802904677109114],[112.7784416852356,-5.802542401410697],[112.7783669443791,-5.802763164288542],[112.7777673528811,-5.80297524960807]]],[[[112.768724999759,-5.795156999695709],[112.7760960024286,-5.803355920938972],[112.7750700000805,-5.804960000303686],[112.770385999914,-5.803758999777989],[112.768724999759,-5.795156999695709]]],[[[112.5813084473271,-5.775371734817706],[112.5809728536144,-5.775606774433032],[112.5804210646804,-5.774940149268452],[112.581811528979,-5.775043377050152],[112.5813084473271,-5.775371734817706]]],[[[112.5852432429813,-5.767068798885936],[112.5883415747039,-5.767492070202777],[112.586263999584,-5.775170604140082],[112.5809265682066,-5.768624560375083],[112.5852432429813,-5.767068798885936]]],[[[112.6071898719151,-5.73732581043778],[112.606713924608,-5.738940703250853],[112.6059394095762,-5.739062055069758],[112.605242199368,-5.737452608551034],[112.6071898719151,-5.73732581043778]]],[[[112.7042542255521,-5.733770097911676],[112.7041231583571,-5.734605843285027],[112.7038698687994,-5.734817112919347],[112.7037266598576,-5.733801247729335],[112.7042542255521,-5.733770097911676]]],[[[112.6863013716111,-5.715772062031003],[112.7044026478639,-5.735397942760815],[112.7262442323855,-5.737061460118279],[112.7242298481291,-5.760017250695507],[112.7356111544312,-5.765228376788104],[112.7303940667328,-5.771781503613464],[112.7414695423855,-5.788501306090391],[112.727612222626,-5.817345324127369],[112.7329607327516,-5.83230044720782],[112.6850860179055,-5.855874583744995],[112.6651919332612,-5.85058768887066],[112.6557797888063,-5.856558160230899],[112.6329488708937,-5.844281788373777],[112.6206648601952,-5.871442336694414],[112.621014257602,-5.855667736077112],[112.5916998752491,-5.855619244632385],[112.5762301735837,-5.844957427443268],[112.5847104459303,-5.831697685599639],[112.5745151943208,-5.827138057175566],[112.5799972591663,-5.814697479904733],[112.5695471783597,-5.809228171043194],[112.582475804215,-5.80584766803545],[112.5793217379079,-5.78936228014502],[112.5889991050248,-5.787081004084963],[112.5900598472842,-5.775634775724273],[112.5977968830198,-5.768931164441663],[112.6106066679635,-5.771713475296617],[112.6129148868126,-5.750531903224746],[112.6282252438999,-5.747387072955038],[112.6458799312139,-5.730561678378691],[112.6728270002659,-5.735847000338782],[112.6743874562162,-5.722774044986138],[112.6863013716111,-5.715772062031003]]]]}},{"type":"Feature","properties":{"kode":"35.26","nama":"Kabupaten Bangkalan","lat":-7.044336159120006,"lng":112.92953638360994},"geometry":{"type":"MultiPolygon","coordinates":[[[[112.8468750009806,-6.898148011321651],[112.8464466979569,-6.897986207997046],[112.8463610366326,-6.897386583224189],[112.8468559650309,-6.89745320769937],[112.8468750009806,-6.898148011321651]]],[[[113.0343297008551,-6.879638157774685],[113.1246907219993,-6.892963384652421],[113.1179395419764,-6.932976903361324],[113.095952888715,-6.937795594091404],[113.0993567651027,-6.957262770560372],[113.1104402015541,-6.987112718077419],[113.1283768650004,-6.976855933954144],[113.1474547933042,-6.990027044912121],[113.1328147252194,-7.032823876320808],[113.1103377022232,-7.030135484365089],[113.1123259710668,-7.058024802802335],[113.1219635773573,-7.074581241630965],[113.1078305488409,-7.081006034300933],[113.1154004626612,-7.115998342149758],[113.1078400978423,-7.107636974566648],[113.1062331901097,-7.124466747042638],[113.0930825414261,-7.132717151775107],[113.0974928347267,-7.157090579666451],[113.0728648636226,-7.149199211274552],[113.0675133380702,-7.163801434088838],[113.0572972941348,-7.163708698697472],[113.0483669857478,-7.184387255667239],[113.0601679390992,-7.189340727792252],[113.0597175784036,-7.198629114741787],[113.0469532622833,-7.199568176030428],[113.0404622983964,-7.2127817817538],[113.0138864380088,-7.205396243341936],[113.0012685360142,-7.209541789721711],[112.8918227544167,-7.178059075365954],[112.865006454884,-7.162130432573369],[112.7769153621543,-7.159344301398355],[112.7228527459575,-7.176133974003633],[112.691819162924,-7.155180343198245],[112.706386838282,-7.098077984311483],[112.686050934703,-7.095500462576235],[112.6737549063639,-7.073483709905285],[112.6810408979191,-7.034623471895677],[112.6884911416529,-7.029784707398238],[112.7234816481595,-7.0389009533163],[112.7820573276835,-6.991850834948003],[112.8290305890905,-6.929481924750983],[112.8221666781497,-6.911939366708334],[112.8271969209012,-6.907034090151124],[112.8412281713431,-6.915646541254787],[112.8527511766256,-6.903090735648902],[112.8469712068558,-6.899250572056185],[112.8636047328722,-6.892049956740002],[112.8754517180224,-6.898085760249621],[112.8792830322862,-6.890951821569295],[112.9207675244018,-6.894068399636825],[113.0343297008551,-6.879638157774685]]]]}},{"type":"Feature","properties":{"kode":"35.27","nama":"Kabupaten Sampang","lat":-7.052024464132133,"lng":113.25634302531333},"geometry":{"type":"MultiPolygon","coordinates":[[[[113.204984288794,-7.30705972003001],[113.2191441359931,-7.308151042836267],[113.2243209754327,-7.310872429119256],[113.2138918065617,-7.314554331816917],[113.204984288794,-7.30705972003001]]],[[[113.4167805158082,-6.886782131090444],[113.4833093930141,-6.899962444810884],[113.476026705568,-6.908180332756134],[113.4778354481475,-6.924319508638347],[113.4610995918728,-6.93549607168629],[113.4599979160711,-6.950712850717426],[113.4344009281603,-6.96138272763072],[113.4210972589315,-6.98920701788948],[113.4214596677296,-7.01142869008187],[113.3945023661913,-7.030482216181237],[113.3952792140645,-7.070669708740044],[113.3802342298259,-7.07740254169387],[113.3846004626413,-7.088857712013733],[113.3632746339173,-7.101581871606014],[113.3700265468878,-7.112334951996394],[113.3610349892734,-7.150023751095239],[113.3762621293938,-7.147173679921329],[113.3812829958136,-7.153304041748036],[113.381437174686,-7.178663111313525],[113.3719346843382,-7.194619160945485],[113.3789874178351,-7.210869841070248],[113.3824174860782,-7.188953984238892],[113.3966579323178,-7.19948851318433],[113.393412347402,-7.217645211057614],[113.2796190218005,-7.215176703342133],[113.2615426522716,-7.224522002988002],[113.2250597747888,-7.219750909776649],[113.1718928365853,-7.227490873704826],[113.1672821320648,-7.214128944595081],[113.153213961755,-7.205490566036747],[113.1444232758135,-7.211231204856165],[113.1501239550565,-7.224067060246568],[113.1003222619629,-7.229039479288505],[113.0408206071853,-7.214361398659523],[113.0452771652091,-7.200963791645591],[113.0601401833229,-7.197848829659729],[113.0601679390992,-7.189340727792252],[113.0483669857478,-7.184387255667239],[113.0573322139106,-7.163673293287757],[113.0675133380702,-7.163801434088838],[113.0728648636226,-7.149199211274552],[113.0976451978677,-7.156903067422586],[113.0930825414261,-7.132717151775107],[113.1062331901097,-7.124466747042638],[113.1078400978423,-7.107636974566648],[113.1154290467132,-7.11578690074484],[113.1078305488409,-7.081006034300933],[113.1219635773573,-7.074581241630965],[113.1123259710668,-7.058024802802335],[113.1105729756623,-7.029347564938141],[113.1304104992452,-7.035351545037719],[113.1462392507409,-6.997910134145328],[113.1474547933042,-6.990027044912121],[113.134564384139,-6.978673905376435],[113.1093325614486,-6.98591786531713],[113.0960638812431,-6.942580576432426],[113.0970081990692,-6.935717742879514],[113.1183601629912,-6.932296256866691],[113.1246907219993,-6.892963384652421],[113.1674881928258,-6.890249957369558],[113.1986244091892,-6.897424064269123],[113.2270028751826,-6.890912484323656],[113.4167805158082,-6.886782131090444]]]]}},{"type":"Feature","properties":{"kode":"35.28","nama":"Kabupaten Pamekasan","lat":-7.065223893199625,"lng":113.5040466553042},"geometry":{"type":"MultiPolygon","coordinates":[[[[113.6425301119751,-6.887702400145627],[113.6356073493997,-6.917171006336868],[113.6497173435806,-6.919648375072444],[113.6253658762342,-6.948462121929281],[113.6264950712906,-6.964836244796827],[113.6084196721302,-6.973749152201573],[113.6091954920783,-7.000419187795241],[113.6190098466271,-7.009492794157061],[113.5922624108817,-7.009444779353017],[113.5762418267988,-7.031373342705542],[113.582045972144,-7.043544164731389],[113.6055943044336,-7.043429535344695],[113.5911447190537,-7.0611402513215],[113.6211873022522,-7.084828789716794],[113.6227050997607,-7.104016446102061],[113.6114587843955,-7.105555490093777],[113.5737427016644,-7.161420559910851],[113.5520469817828,-7.233779353434392],[113.5378339468793,-7.234744113749762],[113.5091727304372,-7.254023861611873],[113.5035920819091,-7.252320587924802],[113.4984876190084,-7.24365814260917],[113.5168626111207,-7.245832161924674],[113.5162849900603,-7.241264548420093],[113.4971465220943,-7.226896561227284],[113.3936949413685,-7.217641815217561],[113.3976662701823,-7.201691436710415],[113.3834616205575,-7.188855108276541],[113.3789874178351,-7.210869841070248],[113.3719346843382,-7.194619160945485],[113.381437174686,-7.178663111313525],[113.3812829958136,-7.153304041748036],[113.3762621293938,-7.147173679921329],[113.3610349892734,-7.150023751095239],[113.3700265468878,-7.112334951996394],[113.3633865437541,-7.101230231290127],[113.3846004626413,-7.088857712013733],[113.3802342298259,-7.07740254169387],[113.3952792140645,-7.070669708740044],[113.3924277039754,-7.034540592174547],[113.4214596677296,-7.01142869008187],[113.4210972589315,-6.98920701788948],[113.4344009281603,-6.96138272763072],[113.4599979160711,-6.950712850717426],[113.4610995918728,-6.93549607168629],[113.4778354481475,-6.924319508638347],[113.483386189721,-6.896718128838567],[113.6425301119751,-6.887702400145627]]]]}},{"type":"Feature","properties":{"kode":"35.29","nama":"Kabupaten Sumenep","lat":-6.966307060923299,"lng":114.40313360696307},"geometry":{"type":"MultiPolygon","coordinates":[[[[113.6646222512159,-7.25169800885597],[113.6640265366954,-7.252018336576941],[113.6674113195768,-7.248585964270741],[113.6668278223461,-7.249538053138664],[113.6646222512159,-7.25169800885597]]],[[[113.7279813248783,-7.250311830726356],[113.7244728177664,-7.251172200436677],[113.7245346839286,-7.248012275945718],[113.7271348811699,-7.249345982231218],[113.7279813248783,-7.250311830726356]]],[[[113.697980295754,-7.241901819713163],[113.6976733454486,-7.241775708681945],[113.6976471706804,-7.241490173033042],[113.6980017113099,-7.241730498863389],[113.697980295754,-7.241901819713163]]],[[[113.673828131663,-7.238269811402612],[113.6743930542961,-7.238611524102526],[113.674061318675,-7.239716522899168],[113.6734662651561,-7.238259274046203],[113.673828131663,-7.238269811402612]]],[[[113.7632399435686,-7.209286745586744],[113.8038111543614,-7.21404197925393],[113.8122473221563,-7.220733143919381],[113.792923390602,-7.235893959938248],[113.7493914812319,-7.21854760878509],[113.7547880978925,-7.2060316440451],[113.7632399435686,-7.209286745586744]]],[[[114.0460749733813,-7.206336928806215],[114.0448757238356,-7.204459533780464],[114.0470814847227,-7.201425721220004],[114.0479650002847,-7.203297999103312],[114.0460749733813,-7.206336928806215]]],[[[113.922593635388,-7.17396615011772],[113.9401750180628,-7.19954193111512],[113.9394050464058,-7.214447569000074],[113.9546257500783,-7.232253929674996],[113.9292447568402,-7.203607799360404],[113.8906669752008,-7.212136011867435],[113.8821830390161,-7.205538641994717],[113.8834083715991,-7.193280872614131],[113.922593635388,-7.17396615011772]]],[[[114.6113830298031,-7.166186060238448],[114.6177523810676,-7.168952790338937],[114.6050277942974,-7.171029967059254],[114.6126070619664,-7.161742260896612],[114.6113830298031,-7.166186060238448]]],[[[114.6767277885566,-7.158462277811831],[114.6855189736218,-7.164074509630928],[114.656718572704,-7.170047552152762],[114.6583354161467,-7.16282350769866],[114.6767277885566,-7.158462277811831]]],[[[115.869719088865,-7.157464268661044],[115.8688715425877,-7.15644348597804],[115.8698975260501,-7.154926211875149],[115.8702092229774,-7.156880078053155],[115.869719088865,-7.157464268661044]]],[[[115.8414145579355,-7.152064196805234],[115.8400849273776,-7.152183958622763],[115.839447059834,-7.151549709051767],[115.8407891675861,-7.150772228955108],[115.8414145579355,-7.152064196805234]]],[[[115.8598291642845,-7.152214889905188],[115.854849868127,-7.149106492970229],[115.8569417136893,-7.14502141520608],[115.8645908838622,-7.148142418837526],[115.8598291642845,-7.152214889905188]]],[[[115.8527521967566,-7.142131374563191],[115.8545938752072,-7.145816935702935],[115.8519407798432,-7.147846272087736],[115.8505530296986,-7.14254692340173],[115.8527521967566,-7.142131374563191]]],[[[115.8414296296738,-7.140990868733591],[115.8433830398954,-7.144064988908009],[115.8417041216479,-7.145926736629508],[115.8404659431489,-7.144631747057399],[115.8414296296738,-7.140990868733591]]],[[[115.8415204728916,-7.139970289297341],[115.8362223778606,-7.140239224360626],[115.8349634448072,-7.138183890374154],[115.8397515136215,-7.135638169565865],[115.8415204728916,-7.139970289297341]]],[[[114.7706047631993,-7.132082600931237],[114.7736416163675,-7.132504710324098],[114.7690783393939,-7.132775024048125],[114.7677149078167,-7.13031228188619],[114.7681256156048,-7.12931870999041],[114.7706047631993,-7.132082600931237]]],[[[114.5760274147335,-7.128540834192147],[114.5781986731304,-7.133335448272219],[114.6131720727331,-7.139298648613738],[114.6156632856322,-7.153471636706658],[114.5756462047086,-7.16635691434007],[114.5514600003788,-7.141800999616414],[114.5071330003877,-7.145045999972836],[114.51038353787,-7.153363867348598],[114.496347952696,-7.158926029412686],[114.4815522641258,-7.157553324026614],[114.4749849513945,-7.147638109611058],[114.4810908489636,-7.138207269150047],[114.4991235950779,-7.13575880372577],[114.5076753779164,-7.144310586564266],[114.5230047376785,-7.133294871760913],[114.5760274147335,-7.128540834192147]]],[[[114.586629260632,-7.128690028122246],[114.5805561631365,-7.130252806122054],[114.579648719313,-7.129709103891972],[114.5848599056602,-7.126208975763574],[114.586629260632,-7.128690028122246]]],[[[115.7658960728455,-7.120274301917443],[115.7710029234462,-7.128094622968443],[115.7606080718051,-7.12938768259546],[115.7624300649956,-7.121956571938241],[115.7658960728455,-7.120274301917443]]],[[[115.7678195752132,-7.12020994463323],[115.7673373308532,-7.120039321657305],[115.7673387589766,-7.119640183647461],[115.7677880836532,-7.119583002053868],[115.7678195752132,-7.12020994463323]]],[[[114.5344476052728,-7.119867970230568],[114.5387429346388,-7.121937375009749],[114.5376436177589,-7.125230085300131],[114.5328390895525,-7.122580555748018],[114.5344476052728,-7.119867970230568]]],[[[114.7814451785522,-7.117293606914358],[114.7843281793021,-7.120100606857508],[114.775473140573,-7.133660183570515],[114.7738313130648,-7.123114413099677],[114.7814451785522,-7.117293606914358]]],[[[115.7596735709786,-7.115030769654211],[115.7621818530101,-7.115064106623129],[115.7641623993753,-7.116041974557489],[115.7574565235998,-7.117961388607145],[115.7596735709786,-7.115030769654211]]],[[[115.7614466653314,-7.105854506580193],[115.7704391330597,-7.109656048787619],[115.7702584070999,-7.115471783695763],[115.7572705977599,-7.112176547209862],[115.7614466653314,-7.105854506580193]]],[[[114.7951644892498,-7.104057903949083],[114.7956927303353,-7.105499858031975],[114.7943864048088,-7.107998291587839],[114.7929699995659,-7.105045999873009],[114.7951644892498,-7.104057903949083]]],[[[114.7003184663242,-7.106956356850328],[114.6984839024102,-7.106870696425442],[114.6964566011912,-7.105450157898455],[114.6998259184315,-7.102958862261647],[114.7003184663242,-7.106956356850328]]],[[[115.7583472670128,-7.103888376347437],[115.7580325816384,-7.103792400698675],[115.7580750386322,-7.102674296981152],[115.7588953633305,-7.103222949979119],[115.7583472670128,-7.103888376347437]]],[[[115.9058378542336,-7.105364198898626],[115.8977679488319,-7.180498767903813],[115.8796491618793,-7.202077039923419],[115.8280477625943,-7.20599828189508],[115.7570050432483,-7.17322382811714],[115.7415901921337,-7.154614963709508],[115.7629263010081,-7.129394637052825],[115.7753765990509,-7.150020637642277],[115.7714457073535,-7.136713193059378],[115.7828386913526,-7.109507094077098],[115.7969707728829,-7.12103958720716],[115.7935688875941,-7.138841716571934],[115.8089221153634,-7.153888795331546],[115.8355466065907,-7.148936870939763],[115.8431805953083,-7.162698822092909],[115.8690274580508,-7.163223108859355],[115.872279598125,-7.156680239701244],[115.8851993557657,-7.164477580375975],[115.8924228992974,-7.149915450237802],[115.8876281512182,-7.146887003931982],[115.8799101892039,-7.159863338821974],[115.8704774259924,-7.131729710557603],[115.8881177016707,-7.120292335123128],[115.8922402748689,-7.13834006034542],[115.8991185192043,-7.116339260748265],[115.8913025931403,-7.110040982905001],[115.9058378542336,-7.105364198898626]]],[[[114.6871433902553,-7.097276352021956],[114.6831268597168,-7.099265582240814],[114.6777849704001,-7.09821671462965],[114.6762859102667,-7.097331556006451],[114.6847258579121,-7.092170029323412],[114.6871433902553,-7.097276352021956]]],[[[115.7617421717639,-7.084662669646472],[115.7661274890924,-7.092118338990153],[115.7574299243516,-7.098556378673918],[115.7553172747724,-7.107986826131078],[115.7486466389313,-7.100319094850319],[115.7617421717639,-7.084662669646472]]],[[[115.1956055681425,-7.092663458551733],[115.1924979922886,-7.088404224375359],[115.1977464492393,-7.082509029867782],[115.2009881841574,-7.087264411023656],[115.1956055681425,-7.092663458551733]]],[[[114.6485457569812,-7.086182591353455],[114.6437332967543,-7.080644396221895],[114.6459105041665,-7.073291861130463],[114.6509133211929,-7.079240514038413],[114.6485457569812,-7.086182591353455]]],[[[114.5769513062578,-7.075515135415137],[114.5741237927789,-7.076488334968615],[114.5712850962302,-7.075976751126126],[114.5786276371558,-7.071101234934022],[114.5769513062578,-7.075515135415137]]],[[[115.6955466966228,-7.059220030579886],[115.7103361034285,-7.059406421369178],[115.7120520188856,-7.069445950869894],[115.6897753198752,-7.070503424993006],[115.6861215902393,-7.056464275805644],[115.6955466966228,-7.059220030579886]]],[[[113.9515310021541,-7.055361999256852],[113.9784890006669,-7.072502999214051],[114.0489674997503,-7.074399855568884],[114.0647208332,-7.110339856399221],[113.9868100003813,-7.106254998969045],[113.9415550016621,-7.08963399871008],[113.9362709999068,-7.068728998744226],[113.9515310021541,-7.055361999256852]]],[[[114.3313616773995,-7.055436149258813],[114.3729485600281,-7.09178272279443],[114.3759169379164,-7.115253725978635],[114.3916415263354,-7.132856502625432],[114.3961387076353,-7.157933642823337],[114.4072745853539,-7.165271900277918],[114.3902804752638,-7.180250607179754],[114.363410410662,-7.179078723104552],[114.3125000000751,-7.159445000286516],[114.2764589999829,-7.110735999666566],[114.2708363711017,-7.094071763600932],[114.2756405018078,-7.082664627870265],[114.2980429997847,-7.062044999876774],[114.3313616773995,-7.055436149258813]]],[[[115.5938456516556,-7.054671830740381],[115.5936729998092,-7.053633999609391],[115.5947259998051,-7.052691000189419],[115.5948480000352,-7.053068999634585],[115.5938456516556,-7.054671830740381]]],[[[115.8010177023052,-7.059774798967736],[115.8004202134222,-7.057399521270805],[115.8042638771762,-7.051566974436322],[115.8017796457142,-7.05855725901026],[115.8010177023052,-7.059774798967736]]],[[[115.6001309999458,-7.051519000101773],[115.6021820000993,-7.054640000135829],[115.5963649998449,-7.053483999886615],[115.5968479996356,-7.050262999737615],[115.6001309999458,-7.051519000101773]]],[[[115.5997759997626,-7.048632000066649],[115.5989700003653,-7.048365000344496],[115.5995900001784,-7.045787000169827],[115.600334000314,-7.047782999585709],[115.5997759997626,-7.048632000066649]]],[[[115.662804522211,-7.044202485556265],[115.6751796099511,-7.062051483089408],[115.667992960207,-7.066519862701418],[115.6534438909228,-7.064316429259757],[115.6483376131904,-7.055047610658675],[115.6497588819669,-7.044463067716381],[115.662804522211,-7.044202485556265]]],[[[115.6365810000132,-7.041639999586272],[115.6359929998771,-7.060830999650917],[115.6256549997785,-7.064981000372831],[115.6154700004403,-7.062266000175724],[115.6181709999916,-7.04716299977262],[115.6028209998894,-7.052450999913677],[115.6001659997611,-7.043678000039647],[115.5955879999863,-7.040373999660313],[115.6272349997955,-7.04222999981459],[115.6316069999631,-7.033964999984724],[115.6365810000132,-7.041639999586272]]],[[[115.5338100001314,-7.034234999845327],[115.5333759999026,-7.034116999799681],[115.5332199999032,-7.033688999847402],[115.5338520002697,-7.033901999777451],[115.5338100001314,-7.034234999845327]]],[[[115.813305908341,-7.038793892623988],[115.8109472546122,-7.035720073722355],[115.8163814431491,-7.03232219671193],[115.8166796484471,-7.034115059961969],[115.813305908341,-7.038793892623988]]],[[[115.6977658870861,-7.027125970586993],[115.692291390935,-7.02539967785281],[115.690246884786,-7.023235848755308],[115.6961707074123,-7.020323420389544],[115.6977658870861,-7.027125970586993]]],[[[115.5018880002312,-7.014445000036654],[115.5012440002105,-7.014258000406385],[115.5020030001385,-7.013415000201987],[115.5023869998602,-7.014088999807448],[115.5018880002312,-7.014445000036654]]],[[[115.5488814999813,-7.011057000280267],[115.5550870001651,-7.018180999653349],[115.54146499971,-7.027877999869751],[115.540350999599,-7.014060000268766],[115.5488814999813,-7.011057000280267]]],[[[115.6919347548851,-7.009267099397024],[115.6917225409626,-7.010813796619323],[115.6900203824348,-7.00986408196174],[115.6902434250941,-7.009318937219148],[115.6919347548851,-7.009267099397024]]],[[[115.542911195895,-7.009615341175016],[115.5417276718946,-7.011151799615759],[115.5392944149054,-7.010514777434977],[115.5421074996614,-7.008792500173725],[115.542911195895,-7.009615341175016]]],[[[115.6619361952993,-7.010994221306247],[115.6603397439841,-7.008565612013377],[115.661991668181,-7.007150010764355],[115.6638970707932,-7.009284103778305],[115.6619361952993,-7.010994221306247]]],[[[115.5964510002135,-7.005072000372507],[115.5949239999427,-7.00385800014656],[115.5986229996518,-7.001754000246833],[115.5980589997231,-7.00448100009801],[115.5964510002135,-7.005072000372507]]],[[[115.7061359304289,-7.010966121089516],[115.7046771095609,-7.003971064712803],[115.7088163939614,-7.000663060551719],[115.7118624292079,-7.004864148161864],[115.7061359304289,-7.010966121089516]]],[[[115.60472200032,-7.000556999905586],[115.6053070003179,-7.002457000290256],[115.6016780002395,-7.001987000199853],[115.6021709995919,-7.000606000366608],[115.60472200032,-7.000556999905586]]],[[[115.5885749688598,-6.999959460660569],[115.5874334081253,-6.999691646152487],[115.5875063206603,-6.99850971844869],[115.5887457177407,-6.998977565562185],[115.5885749688598,-6.999959460660569]]],[[[115.6008177438439,-6.995654256738496],[115.6005932092093,-6.99504828275204],[115.6018408980391,-6.994685898235601],[115.601408718038,-6.995413316671221],[115.6008177438439,-6.995654256738496]]],[[[114.4897009996015,-6.999438999610134],[114.4851429998496,-6.99977699990855],[114.4922819999144,-6.985604000124449],[114.4955779999247,-6.991684999962703],[114.4897009996015,-6.999438999610134]]],[[[115.5847756156022,-6.986015530792126],[115.5875964749975,-6.989721736768643],[115.5851330961155,-6.995521854050216],[115.5778518107126,-6.99134803208599],[115.5847756156022,-6.986015530792126]]],[[[115.5453954831151,-6.987809411175387],[115.5449889122086,-6.998799218309219],[115.5406623880589,-6.990229969737242],[115.5360107589894,-7.002495993994876],[115.5384649998599,-7.022622000305016],[115.5286559998746,-7.034104000099521],[115.5169010000811,-7.017705000185596],[115.504358999968,-7.014236000291144],[115.5194360000714,-7.006744000135416],[115.5169344143918,-6.999869303625398],[115.5290463685951,-6.990157291026104],[115.5429236703911,-6.981545118712233],[115.5453954831151,-6.987809411175387]]],[[[115.2928338124305,-6.977751531008351],[115.2918218808752,-6.976227529077121],[115.295490329715,-6.976730056746642],[115.2951982946656,-6.977470831013991],[115.2928338124305,-6.977751531008351]]],[[[115.4666894922264,-6.977570384165847],[115.4633042686772,-6.988406491766134],[115.4756887120644,-7.00617255292089],[115.4468850556009,-7.003756344379734],[115.4277414938749,-6.992945136308907],[115.4301357733473,-6.978722511934325],[115.4512780819179,-6.98296703679924],[115.4492834179954,-6.976648841670644],[115.4574219326761,-6.980990287371806],[115.4622501544211,-6.972041527594434],[115.4666894922264,-6.977570384165847]]],[[[115.2543197702413,-6.968876487759682],[115.2631318186785,-6.975603191833794],[115.2617718503907,-6.985072194126455],[115.244387578424,-6.970560860395362],[115.2543197702413,-6.968876487759682]]],[[[115.7584224800135,-6.96639987085728],[115.7579809731435,-6.976059521329762],[115.7480912985747,-6.971355728883725],[115.7496851211714,-6.969573533391741],[115.7584224800135,-6.96639987085728]]],[[[114.1825847700711,-6.967700249167112],[114.1824355770404,-7.002581223644525],[114.16297158597,-7.000521800440732],[114.1690741623428,-6.96913708700693],[114.1825847700711,-6.967700249167112]]],[[[115.3235033939665,-6.970389069200137],[115.3217954393082,-6.96981987478729],[115.3251760133623,-6.964200923234002],[115.3250388595558,-6.967434334926529],[115.3235033939665,-6.970389069200137]]],[[[115.5560008930269,-6.963415585760639],[115.5554499341672,-6.967586773610694],[115.552285828728,-6.968340379404906],[115.5533985293187,-6.963871772264411],[115.5560008930269,-6.963415585760639]]],[[[114.4348029995589,-6.967870999846663],[114.4367680002431,-6.968541000166954],[114.4320320003766,-6.980709000120181],[114.428440000206,-6.969927000230828],[114.4324770002135,-6.962600999636396],[114.4348029995589,-6.967870999846663]]],[[[115.4987545922507,-6.965967001975474],[115.4961142582665,-6.96452594631534],[115.5000439844424,-6.96264955673163],[115.5009903500247,-6.964319002419987],[115.4987545922507,-6.965967001975474]]],[[[115.7073620670059,-6.966980311292285],[115.7070343819313,-6.967032176093983],[115.7099018639799,-6.962126530814742],[115.7094110391881,-6.964986990956826],[115.7073620670059,-6.966980311292285]]],[[[115.4159178749101,-6.985003708953989],[115.4089489123625,-6.979066850654617],[115.4151129663903,-6.959903606366317],[115.4181307035692,-6.966007638741515],[115.4159178749101,-6.985003708953989]]],[[[115.2595324611543,-6.969816736153404],[115.2517911716253,-6.964696443386113],[115.249687278745,-6.96037724871104],[115.2549396774242,-6.961172259292318],[115.2595324611543,-6.969816736153404]]],[[[115.3086977220224,-6.963793483582385],[115.3061194943193,-6.962789011004026],[115.3053231005807,-6.959598930446268],[115.3079284959034,-6.960662242068753],[115.3086977220224,-6.963793483582385]]],[[[115.5256308765638,-6.959482940385334],[115.524588731385,-6.959260541640581],[115.5244959807049,-6.958384207165373],[115.5255538244495,-6.958520546186246],[115.5256308765638,-6.959482940385334]]],[[[115.5073970888046,-6.957302321844664],[115.5074347146405,-6.959437605560995],[115.503198091219,-6.958416293177353],[115.5040085836294,-6.957145696816339],[115.5073970888046,-6.957302321844664]]],[[[115.4378271567979,-6.958863097953553],[115.4362810324437,-6.95811167121663],[115.4376010933158,-6.956630805267387],[115.4382119722048,-6.957605625399292],[115.4378271567979,-6.958863097953553]]],[[[115.5008605787527,-6.958324025433419],[115.4977128787464,-6.957131424575528],[115.4982779182914,-6.954257968330494],[115.5026292619309,-6.956332026201987],[115.5008605787527,-6.958324025433419]]],[[[115.5247931023199,-6.957506429278197],[115.5208522245506,-6.960421757058358],[115.5181539229652,-6.96026738483189],[115.5228034206414,-6.952993061980165],[115.5247931023199,-6.957506429278197]]],[[[115.5014979345821,-6.951281971385796],[115.501189890701,-6.951333198568203],[115.5011142514216,-6.951216522324603],[115.5014746646241,-6.950980998873905],[115.5014979345821,-6.951281971385796]]],[[[115.5037562482523,-6.950939262237092],[115.5045126428443,-6.953906479100683],[115.5016829566032,-6.954005189587845],[115.5015164300392,-6.953360053723471],[115.5037562482523,-6.950939262237092]]],[[[115.5010476916977,-6.951064625032347],[115.5007798376195,-6.950912597338447],[115.5012520842164,-6.950689844260864],[115.5012379180955,-6.950916478812434],[115.5010476916977,-6.951064625032347]]],[[[115.500618109838,-6.950817885237174],[115.5003630504145,-6.950777958036251],[115.5005043384045,-6.950508897967182],[115.500730612328,-6.950591135572352],[115.500618109838,-6.950817885237174]]],[[[115.9141560003992,-6.95001300009979],[115.9312950002641,-6.954872000242566],[115.9353969996719,-6.961337999848708],[115.9025399998212,-6.961444000240372],[115.9009910003345,-6.951910000346188],[115.9141560003992,-6.95001300009979]]],[[[115.5074306730871,-6.952363774868235],[115.5055863560256,-6.95035595296483],[115.5079417587052,-6.948871256802994],[115.5089467915613,-6.95075259625522],[115.5074306730871,-6.952363774868235]]],[[[115.4166907927459,-6.947564012169386],[115.4152581142706,-6.949853928915654],[115.4163202064125,-6.95366545809433],[115.413654585291,-6.948616744167317],[115.4166907927459,-6.947564012169386]]],[[[115.5173645520325,-6.946711211153359],[115.522362013596,-6.950463150354017],[115.5088796760563,-6.948752237825476],[115.5098152857468,-6.947216226347734],[115.5173645520325,-6.946711211153359]]],[[[115.4625049773228,-6.946774909234658],[115.4613489797716,-6.948685445177087],[115.457872911206,-6.947768728444074],[115.4613451090896,-6.945898642208518],[115.4625049773228,-6.946774909234658]]],[[[115.3643188480364,-6.945328579050595],[115.3637638332345,-6.944926220568596],[115.3645233439772,-6.943813128772795],[115.3652976080982,-6.944598092128177],[115.3643188480364,-6.945328579050595]]],[[[115.4343125190076,-6.94751024889884],[115.4328982586478,-6.946933344598064],[115.4323661819537,-6.942261837813549],[115.4341937770213,-6.944685563787693],[115.4343125190076,-6.94751024889884]]],[[[115.4882804905523,-6.943309917618538],[115.492916507391,-6.943471883720401],[115.4987533655754,-6.953091162726891],[115.4898726718864,-6.949566619803597],[115.4882804905523,-6.943309917618538]]],[[[115.4741290466183,-6.941946028286487],[115.4771920439777,-6.9412369191485],[115.481821854595,-6.943040397096548],[115.4740231181725,-6.945409378639837],[115.4741290466183,-6.941946028286487]]],[[[115.8713480003101,-6.940191999561111],[115.8711330002878,-6.940191999561111],[115.8710970004263,-6.939927999977139],[115.8713399999412,-6.9399560003691],[115.8713480003101,-6.940191999561111]]],[[[115.5879754313212,-6.940275480928707],[115.6738525451588,-6.989261937688233],[115.6852479294485,-7.012822063687255],[115.6482449056779,-6.997355590587943],[115.6319956932467,-7.005511758061082],[115.5899067146232,-6.993085129275282],[115.5916455484035,-6.978212756413508],[115.5724678717948,-6.975368758361426],[115.5651924670588,-6.960523902056329],[115.5704171324448,-6.955740242618073],[115.5763196699169,-6.962043651992892],[115.5722007758452,-6.945412650373476],[115.5879754313212,-6.940275480928707]]],[[[115.8755941520485,-6.938837229354603],[115.8839850003076,-6.95068999984361],[115.8687389996052,-6.961460000078893],[115.8675250002787,-6.951378000094603],[115.8755941520485,-6.938837229354603]]],[[[115.3869554521325,-6.938746183789294],[115.3841781118305,-6.939176099297465],[115.384438105834,-6.937152256871108],[115.3868776382924,-6.937183377910542],[115.3869554521325,-6.938746183789294]]],[[[115.7909975280135,-6.936886476629559],[115.7944196129748,-6.957574405434367],[115.7785875007127,-6.962582997906956],[115.7886294385978,-6.937173041102954],[115.7909975280135,-6.936886476629559]]],[[[115.3601679830661,-6.936615860733379],[115.3585602542525,-6.936101805553888],[115.3584351288781,-6.934817847065914],[115.3605030605679,-6.935397827047999],[115.3601679830661,-6.936615860733379]]],[[[115.6368837459881,-6.937294881253723],[115.6353923201995,-6.935603651287429],[115.636724194566,-6.933394889362602],[115.6375720897802,-6.936267002020528],[115.6368837459881,-6.937294881253723]]],[[[115.3839630245739,-6.933562737030633],[115.3832726150392,-6.932869724857919],[115.3843001687179,-6.931728970815313],[115.3844719832955,-6.933257850669231],[115.3839630245739,-6.933562737030633]]],[[[115.7467820259698,-6.936003839705388],[115.7453810530932,-6.936014284431628],[115.748371038093,-6.928380558316042],[115.7495787970239,-6.931863834048694],[115.7467820259698,-6.936003839705388]]],[[[116.2556659121522,-6.928675427129231],[116.2624510002135,-6.931674999801344],[116.2695179996561,-6.937889000377043],[116.266133000038,-6.944110000376184],[116.2355990002938,-6.946113000114788],[116.2368139996665,-6.937578000424319],[116.2534089996256,-6.930343999575842],[116.2651159999035,-6.934887000434723],[116.2556659121522,-6.928675427129231]]],[[[115.3735703465943,-6.930741555678192],[115.3707803033684,-6.928807858595735],[115.371324671996,-6.927745504751196],[115.3746165612054,-6.929635340998156],[115.3735703465943,-6.930741555678192]]],[[[115.405481238968,-6.927864809713106],[115.405047995069,-6.92741422958301],[115.4056608893386,-6.926973056361411],[115.4060384741963,-6.927517400707454],[115.405481238968,-6.927864809713106]]],[[[115.2080329181847,-6.922492167179754],[115.2073875565905,-6.922272871096061],[115.2075250836158,-6.921681268275818],[115.2081026776965,-6.92184694498044],[115.2080329181847,-6.922492167179754]]],[[[115.440083403826,-6.923104387857197],[115.435129590858,-6.933245572225281],[115.4371007941663,-6.946246069200671],[115.431160648845,-6.923411477557621],[115.440083403826,-6.923104387857197]]],[[[115.235986208097,-6.874875444446164],[115.2362559588455,-6.873317825856943],[115.2370360002113,-6.873137891300622],[115.2372669479114,-6.87399696418847],[115.235986208097,-6.874875444446164]]],[[[113.9094720986585,-6.863724141555831],[113.9672865245535,-6.873092792098649],[114.0915993073623,-6.929333138213759],[114.1061116402401,-6.941011531956568],[114.1246372328221,-6.977486042147055],[114.0929710657622,-6.979962118556919],[114.0431035117178,-7.007772070024902],[113.9889525137476,-7.008282516225143],[113.9617147451395,-7.04068710402657],[113.9469805926802,-7.041992085965968],[113.9503694800675,-7.034702155380116],[113.9388263614474,-7.035350107921071],[113.9396582900981,-7.023172121895874],[113.9236005829007,-7.018168206797241],[113.9201615367255,-7.030348680347291],[113.9451220078744,-7.043063397058073],[113.9479086399719,-7.052178102437415],[113.9410993547515,-7.057287821875472],[113.9156488556103,-7.043147229161288],[113.8783380757417,-7.076771223912796],[113.8687683053131,-7.096166058017132],[113.8880869056862,-7.104531073250334],[113.8918542979376,-7.132826986875854],[113.815968161002,-7.133107702158695],[113.6833600172511,-7.10856459917684],[113.6538201766599,-7.127686111324908],[113.6020158498517,-7.12845225726582],[113.6114587843955,-7.105555490093777],[113.6227038928704,-7.10401988780747],[113.6213215962148,-7.085156478388725],[113.5911536870931,-7.061166713872672],[113.6049077206149,-7.042546125902919],[113.5820562846699,-7.043548280928372],[113.5762440643121,-7.031355251043951],[113.5922624108817,-7.009444779353017],[113.6190098466271,-7.009492794157061],[113.6091954920783,-7.000419187795241],[113.6084196721302,-6.973749152201573],[113.6264950712906,-6.964836244796827],[113.6253658762342,-6.948462121929281],[113.6497173435806,-6.919648375072444],[113.6356073493997,-6.917171006336868],[113.6425326057952,-6.8875820231918],[113.7957310569429,-6.885858599294873],[113.9094720986585,-6.863724141555831]]],[[[115.2168892960043,-6.845678920046065],[115.2161813802665,-6.843085655678375],[115.2192037102831,-6.839055363714034],[115.2211411377534,-6.843763748098456],[115.2168892960043,-6.845678920046065]]],[[[115.2667072371493,-6.827330725932227],[115.392987493778,-6.834549247649572],[115.4361243237786,-6.846461748410863],[115.5568868016846,-6.904197561867934],[115.5755785548065,-6.933531001754271],[115.5530715259303,-6.952017563759475],[115.5481624560327,-6.966060505387953],[115.5191953873573,-6.945173542225084],[115.4972671252777,-6.948651229570561],[115.4936037737951,-6.93600394582539],[115.4853770059441,-6.927448584584432],[115.4843338526253,-6.934014843310336],[115.4762354728888,-6.930964817772071],[115.4756134810774,-6.923125290799507],[115.453922523106,-6.931532522907594],[115.4619507988903,-6.921766692179058],[115.4490915791132,-6.911041560919243],[115.4458619850426,-6.924703410334113],[115.421773662025,-6.915671528018556],[115.4245251144425,-6.932191907630417],[115.4096669032051,-6.933421823158507],[115.4169508074338,-6.941957739258235],[115.4123016667886,-6.942512975293517],[115.4065717173109,-6.924149022359475],[115.3971725392813,-6.923764491138299],[115.397749681003,-6.907301907357048],[115.3899384871715,-6.903740957179386],[115.3813806491977,-6.923400985167286],[115.3786211298613,-6.899413798108237],[115.3722150511838,-6.899426158390457],[115.3645831030278,-6.911656324879426],[115.3689521372314,-6.929192417695943],[115.3537405526844,-6.915822481022608],[115.3520492498731,-6.924599948728608],[115.3336468518208,-6.920067864740157],[115.3385829112724,-6.932089347145602],[115.3304309742101,-6.931036401109018],[115.3386056641201,-6.93672555284193],[115.3366941901848,-6.94766300594292],[115.3506655763554,-6.936512649139352],[115.3639932251073,-6.94687515756243],[115.3619477027244,-6.955234862298968],[115.3705926022668,-6.950533953079389],[115.3848739011097,-6.957781337638539],[115.3906557999253,-6.975927667227992],[115.3748416911911,-6.97335301792739],[115.3863622692035,-6.981392201588824],[115.396719370003,-6.97871465995357],[115.4035090985662,-6.988787092050578],[115.3332390119709,-6.995667343672966],[115.3149828014152,-6.96971828736899],[115.323334285449,-6.972346771885966],[115.3252850777442,-6.969692087419847],[115.3256666286121,-6.961705710150382],[115.3029432678176,-6.948157544035353],[115.2980945379327,-6.95614123143267],[115.3093687844419,-6.977668501999704],[115.285992811719,-6.97006705435104],[115.3005145946729,-6.988357045241393],[115.2926775561244,-7.012662410641627],[115.264442991551,-6.991210773058735],[115.2627241712836,-6.963578794725559],[115.2557140026991,-6.954711650222371],[115.2737288720898,-6.948838837142527],[115.2696460003628,-6.935457499763745],[115.2472865556301,-6.948035063567274],[115.2400810830755,-6.933220041371761],[115.2357016041458,-6.944312078939222],[115.2242969901142,-6.934727002049427],[115.2112754732846,-6.942453344845915],[115.2026937709008,-6.936938238009275],[115.2101815352497,-6.923466009748473],[115.197547411284,-6.921913406678363],[115.2065702563124,-6.889669023206827],[115.2200770482173,-6.882676714258976],[115.2394738707226,-6.885960015841945],[115.2383557759983,-6.872700266803803],[115.2436593452027,-6.87655970017003],[115.2530525067678,-6.862236242008882],[115.248389089385,-6.844452941749849],[115.236230319174,-6.838026702070613],[115.2268897391701,-6.843123244641961],[115.2273502729968,-6.837733955657458],[115.2461951401936,-6.827046674164609],[115.2667072371493,-6.827330725932227]]],[[[115.7987770000585,-6.796753000250692],[115.7984860001288,-6.796691000089509],[115.7984860001288,-6.796457000090398],[115.7987659995513,-6.79650699969823],[115.7987770000585,-6.796753000250692]]],[[[115.7990730002189,-6.794694999774346],[115.7987559999895,-6.79457899982097],[115.7988279997124,-6.79436599989092],[115.7991459999881,-6.794393000236702],[115.7990730002189,-6.794694999774346]]],[[[115.6555529998711,-6.721491000009631],[115.6549489998966,-6.719382999925453],[115.6558629997777,-6.718196000045377],[115.6563149999373,-6.718920000157861],[115.6555529998711,-6.721491000009631]]],[[[115.6353768329745,-6.674193479945049],[115.6349300003193,-6.671966000430522],[115.636284999853,-6.670229000367981],[115.6367339998743,-6.672038000153505],[115.6353768329745,-6.674193479945049]]],[[[115.736910999743,-6.655381000033048],[115.736738999905,-6.655206000056849],[115.737285999949,-6.65283000020425],[115.7374919995561,-6.653443999740797],[115.736910999743,-6.655381000033048]]],[[[115.7131019998575,-6.634848000135011],[115.713461000225,-6.633021999565595],[115.7155749996865,-6.631463999663793],[115.7153589996181,-6.633279999772127],[115.7131019998575,-6.634848000135011]]],[[[115.5127680001432,-6.608327000190854],[115.5124469997293,-6.606819999942974],[115.5130630002572,-6.605052000249571],[115.513344999772,-6.606568000013161],[115.5127680001432,-6.608327000190854]]],[[[115.5453410003869,-6.562613500112916],[115.5441850001378,-6.56257300004384],[115.5438600004387,-6.562176999768691],[115.5460069996234,-6.561349000256093],[115.5453410003869,-6.562613500112916]]],[[[115.7497233594455,-6.486639619023186],[115.7486549999284,-6.485947999900236],[115.7482766470497,-6.483032355558719],[115.7510343245745,-6.484985090389531],[115.7497233594455,-6.486639619023186]]],[[[114.4135412394368,-5.532833678331509],[114.4183764749944,-5.551942216859799],[114.4217429233973,-5.545951340781733],[114.4292574299865,-5.552293642237752],[114.4312777245874,-5.545914611570061],[114.4518237646551,-5.546995951901649],[114.4548451009207,-5.565246530902605],[114.4348354569907,-5.588044800726947],[114.4223186639752,-5.590030995733811],[114.4172168450814,-5.5741391666891],[114.3945394486367,-5.567969760795747],[114.3938701542843,-5.54252048473252],[114.4135412394368,-5.532833678331509]]],[[[114.416801000366,-5.428179999906994],[114.4377820002391,-5.445792000000774],[114.4373700001255,-5.458452000159645],[114.4252770000336,-5.460572999943984],[114.4142529997762,-5.450147000283748],[114.4095299996099,-5.439787000069955],[114.416801000366,-5.428179999906994]]],[[[114.5956572263999,-5.10279412035233],[114.5944377529001,-5.10400169582155],[114.5932420736629,-5.103275960916756],[114.5932973388012,-5.10272732770394],[114.5956572263999,-5.10279412035233]]],[[[114.6085385056476,-5.053816621739651],[114.6120696379036,-5.074141694783377],[114.6041550768954,-5.096932317672279],[114.5959867128167,-5.095890911736126],[114.5896232826884,-5.090684731015463],[114.5882842182422,-5.061155549189225],[114.6094705540229,-5.042965329086593],[114.6085385056476,-5.053816621739651]]]]}},{"type":"Feature","properties":{"kode":"35.71","nama":"Kota Kediri","lat":-7.826370090103971,"lng":112.01612339924802},"geometry":{"type":"MultiPolygon","coordinates":[[[[112.0094797278072,-7.771883426079266],[112.0023439131411,-7.788401462057752],[112.0312958965884,-7.800290080422804],[112.0292911161921,-7.809594319721994],[112.0376945873354,-7.810563212422287],[112.0332758044349,-7.8188339957922],[112.0558743564165,-7.834365478184217],[112.0769468686031,-7.832185553920094],[112.0819410368494,-7.844802027791235],[112.077546546436,-7.849607627090264],[112.0692734742914,-7.843959118418534],[112.0657787178136,-7.854584245066824],[112.0742841585872,-7.875803324264012],[112.0578107298813,-7.864317032005345],[112.0482758027862,-7.872808249101374],[112.0306279907892,-7.867405147429522],[111.9982491964434,-7.851597459854779],[112.0080461203322,-7.840367433010512],[111.9870056635806,-7.839577816562907],[111.9839266996575,-7.826248880881152],[111.958089244723,-7.822861516945404],[111.9554788725519,-7.80632031173301],[111.9812987205596,-7.793779889030609],[111.9831981462775,-7.782128521713875],[111.9926602255891,-7.784057045895913],[111.9986455591453,-7.7714372796067],[112.0094797278072,-7.771883426079266]]]]}},{"type":"Feature","properties":{"kode":"35.72","nama":"Kota Blitar","lat":-8.094766713715375,"lng":112.16697121377153},"geometry":{"type":"MultiPolygon","coordinates":[[[[112.1864531925609,-8.056481551582255],[112.1872892706833,-8.065452726062432],[112.1985001122904,-8.065368756362972],[112.1908504573828,-8.085328344027758],[112.2005135036953,-8.092817639022769],[112.1707871733893,-8.118809724289271],[112.167662584161,-8.131373786570943],[112.1564474662777,-8.134868418043055],[112.1596067927194,-8.126640930734279],[112.1489803539603,-8.127566248583467],[112.1422240478016,-8.11778479842971],[112.1475552315887,-8.109471147075702],[112.1359431916251,-8.109040271091565],[112.1415984901783,-8.099935674991325],[112.1334953512295,-8.083633807254369],[112.1442679747872,-8.076675424331352],[112.1613215345612,-8.084917699192467],[112.172130880136,-8.058188288558625],[112.1864531925609,-8.056481551582255]]]]}},{"type":"Feature","properties":{"kode":"35.73","nama":"Kota Malang","lat":-7.978300291719902,"lng":112.63590685472691},"geometry":{"type":"MultiPolygon","coordinates":[[[[112.6342425609455,-7.914992483915987],[112.6399816043676,-7.921569010201583],[112.6460081808329,-7.91401328858237],[112.6628815119723,-7.926907208700732],[112.6688903358204,-7.946242576933375],[112.6574133020823,-7.965173752966307],[112.6937706027312,-7.981695413212701],[112.6831545970072,-8.005459893958893],[112.6720799820056,-8.009000230776024],[112.6731475429249,-8.031368029311086],[112.645840244132,-8.05157467692979],[112.6316879854122,-8.04599023955788],[112.6308729046609,-8.034963951425205],[112.6137143418434,-8.021111507789751],[112.6186576228511,-8.010990391793076],[112.6064811458882,-8.013450678805683],[112.5973597747339,-8.005967029754562],[112.601400023992,-7.995511092562849],[112.5764677672737,-7.983746427755348],[112.5968682385784,-7.98378833526339],[112.5911108363961,-7.974061588171714],[112.6033278431055,-7.97053468632665],[112.5990002397693,-7.958544598354481],[112.5689472460187,-7.938946057914257],[112.598203589724,-7.937253352160471],[112.6000442177665,-7.926258120315913],[112.5920571498177,-7.917497864734616],[112.6125449354005,-7.925253464275865],[112.6101498816118,-7.917688410391825],[112.6342425609455,-7.914992483915987]]]]}},{"type":"Feature","properties":{"kode":"35.74","nama":"Kota Probolinggo","lat":-7.773810528662421,"lng":113.20546894160377},"geometry":{"type":"MultiPolygon","coordinates":[[[[113.2175883322357,-7.722469476585018],[113.2162882210247,-7.736428070798843],[113.2168508728696,-7.736476574834032],[113.2177420776348,-7.724692337181586],[113.2181801419001,-7.722506747188599],[113.2279584138498,-7.72468592231739],[113.2256392583452,-7.732738090390504],[113.2289289711952,-7.725031134279429],[113.2290601732884,-7.725072073217535],[113.225116279193,-7.737958171932106],[113.2370750338857,-7.74028675502965],[113.2339986321312,-7.780489824745621],[113.2424981742514,-7.794546984655585],[113.2358187673223,-7.797582817093288],[113.2370746139023,-7.808235186904326],[113.2259339023278,-7.80163884495673],[113.2170677281931,-7.820162117287825],[113.2040778396207,-7.812711658616037],[113.2078889506147,-7.8043036189168],[113.2002703555924,-7.812548682575552],[113.1785887523691,-7.810146563712887],[113.1830721623505,-7.790665466637917],[113.1629396422507,-7.771679067734708],[113.1763055598537,-7.747087999411554],[113.2104804001504,-7.738239971797237],[113.2175883322357,-7.722469476585018]]]]}},{"type":"Feature","properties":{"kode":"35.75","nama":"Kota Pasuruan","lat":-7.649572436747946,"lng":112.91000464212},"geometry":{"type":"MultiPolygon","coordinates":[[[[112.9464135370551,-7.617444585898862],[112.9531420595585,-7.621795381851352],[112.9451803560886,-7.651561508057084],[112.9232190870913,-7.675378129696834],[112.8977511159213,-7.685848790589115],[112.8936752975771,-7.675508213033559],[112.8811255587975,-7.671858089679055],[112.8869831580464,-7.660079706613113],[112.8783397468819,-7.655258227085485],[112.8721796930384,-7.662551801724219],[112.8746661521213,-7.626794431617671],[112.9351003229216,-7.631785823656826],[112.9464135370551,-7.617444585898862]]]]}},{"type":"Feature","properties":{"kode":"35.76","nama":"Kota Mojokerto","lat":-7.471389237257247,"lng":112.43750790606278},"geometry":{"type":"MultiPolygon","coordinates":[[[[112.4575129221837,-7.456762912878093],[112.4671050830332,-7.453243665162982],[112.4684799836643,-7.46069793875879],[112.4497756418325,-7.493439551993645],[112.4437563741573,-7.481857956779229],[112.4352896626878,-7.487542367286419],[112.428652200139,-7.48046029340779],[112.4221136063579,-7.494052132399957],[112.407655936972,-7.4916422766697],[112.415814030793,-7.457281526721075],[112.4339347773681,-7.459830504873891],[112.4550854694189,-7.447384435443264],[112.4575129221837,-7.456762912878093]]]]}},{"type":"Feature","properties":{"kode":"35.77","nama":"Kota Madiun","lat":-7.629454061309314,"lng":111.52726721367931},"geometry":{"type":"MultiPolygon","coordinates":[[[[111.5070806208741,-7.677644614607252],[111.5101766566274,-7.678428730801182],[111.5087369904198,-7.680507226826964],[111.5065996373634,-7.67984365935737],[111.5070806208741,-7.677644614607252]]],[[[111.5070806208741,-7.677644614607252],[111.503932553045,-7.672919644925606],[111.5117916258829,-7.661569419193341],[111.515378519703,-7.671281238438413],[111.5070806208741,-7.677644614607252]]],[[[111.5016585291179,-7.646492731154612],[111.5049323410548,-7.646172087771567],[111.5049608792413,-7.64934049556734],[111.498731788941,-7.647467276093848],[111.5016585291179,-7.646492731154612]]],[[[111.5515776197115,-7.595126476705508],[111.5590144941237,-7.605072018059182],[111.5486255708135,-7.625973173423154],[111.5512456142937,-7.642343665727561],[111.5389346733965,-7.648635740946633],[111.5442359691148,-7.659069116846221],[111.5127243271661,-7.661321723418783],[111.5106121290466,-7.634107049400799],[111.4968611406293,-7.645098490602801],[111.5001650097075,-7.608375379020486],[111.511983693193,-7.608211827413828],[111.5204038269751,-7.597145107560602],[111.5331579681657,-7.602668513341174],[111.5515776197115,-7.595126476705508]]]]}},{"type":"Feature","properties":{"kode":"35.78","nama":"Kota Surabaya","lat":-7.274322819003532,"lng":112.72358412445607},"geometry":{"type":"MultiPolygon","coordinates":[[[[112.6795148869026,-7.192164142161398],[112.6814303448346,-7.198420395584718],[112.662000614337,-7.211096879417393],[112.6699930827147,-7.221368707399892],[112.7092806911511,-7.225058169798685],[112.712951790293,-7.207498891560497],[112.7222029552023,-7.21122489341404],[112.7175052682536,-7.199122946866491],[112.7268723827543,-7.209475218306664],[112.7244055297914,-7.20327880757086],[112.7304628666681,-7.208743938182208],[112.7319760929224,-7.199719126336549],[112.723619164393,-7.198032979338524],[112.7342723139162,-7.196298972219743],[112.7372105492274,-7.209259005998251],[112.7357322499435,-7.195963297568112],[112.7383127529313,-7.203675922106071],[112.744651922948,-7.202001088579361],[112.7394439471804,-7.195016207132169],[112.7634214323533,-7.195754215984244],[112.7818924810532,-7.210635748440967],[112.8040257561837,-7.251465126714133],[112.8161047727172,-7.249342391238293],[112.8338430861895,-7.259740924703876],[112.8462999888535,-7.300361598209085],[112.827878028748,-7.342839733267041],[112.7935796728636,-7.346377796597973],[112.7554118516757,-7.336743237210523],[112.7268867737057,-7.348429945185745],[112.7042767436768,-7.336509805583073],[112.6645857713164,-7.351435510939978],[112.6577553906988,-7.330504748095627],[112.6481863523183,-7.333467902721472],[112.64923719574,-7.314558528053609],[112.630080916701,-7.314613941580087],[112.6217498670628,-7.28271358116677],[112.6311176191829,-7.260280662722422],[112.6041303225564,-7.249565666822003],[112.6071938496166,-7.237234916558125],[112.5901076804251,-7.215151106838017],[112.5992199729235,-7.223307082755674],[112.5974467886384,-7.203955544712563],[112.6103418832713,-7.207990913349941],[112.6135408671175,-7.200849314244432],[112.6152673046424,-7.207732595682685],[112.6202766939143,-7.201715448609018],[112.6209721783234,-7.208653853992145],[112.625150340416,-7.197329760759867],[112.6400609587463,-7.192450695842893],[112.6632134967056,-7.193248417880119],[112.6622869737649,-7.210135283816292],[112.6795148869026,-7.192164142161398]]]]}},{"type":"Feature","properties":{"kode":"35.79","nama":"Kota Batu","lat":-7.8346737976087795,"lng":112.53375557411108},"geometry":{"type":"MultiPolygon","coordinates":[[[[112.5757053957874,-7.734705541727286],[112.589773291804,-7.764957739807769],[112.5716362351242,-7.817303438702687],[112.5643478297887,-7.879483841106331],[112.572465678948,-7.889179189268151],[112.5833412443031,-7.88846639470833],[112.5950861474079,-7.905873682124724],[112.5824743967761,-7.909320397718104],[112.5801744876626,-7.917515298991854],[112.5671054677432,-7.912906503732112],[112.5413854049126,-7.926311924055955],[112.4844491687942,-7.931238697108149],[112.4746274730795,-7.939368583693155],[112.484050459761,-7.924184310657338],[112.4773400612948,-7.892018778843538],[112.4877782863389,-7.877586021577602],[112.4996128572476,-7.815657286354653],[112.4894598360026,-7.765538147867161],[112.5279066943386,-7.735067605185789],[112.5757053957874,-7.734705541727286]]]]}}]}