{"type":"FeatureCollection","features":[{"type":"Feature","properties":{"kode":"74.01","nama":"Kabupaten Kolaka","lat":-4.07450927175776,"lng":121.52199096111119},"geometry":{"type":"MultiPolygon","coordinates":[[[[121.4900770182399,-4.192650712860127],[121.4859196934392,-4.200980046591843],[121.503800803964,-4.200842319017697],[121.4811335311875,-4.20404772132528],[121.4721542259369,-4.226186440951432],[121.4684333987824,-4.207589238052803],[121.4900770182399,-4.192650712860127]]],[[[121.4896400376577,-4.181424598066721],[121.4894154490638,-4.181678456895169],[121.4891361223342,-4.181486781689594],[121.4895123357258,-4.181359992569591],[121.4896400376577,-4.181424598066721]]],[[[121.4451998786715,-4.174155733200527],[121.4449596023038,-4.174143958376922],[121.44492103218,-4.173976972259455],[121.4451585188506,-4.173998178273289],[121.4451998786715,-4.174155733200527]]],[[[121.4896051538549,-4.174380141030623],[121.4835531535552,-4.174320150854241],[121.4838062020946,-4.165093917849985],[121.4852721968545,-4.160377376614546],[121.4896051538549,-4.174380141030623]]],[[[121.4850053796946,-4.159332462423107],[121.4817767892675,-4.154329734429643],[121.4842225926985,-4.151621755239779],[121.4857526236847,-4.155057919987007],[121.4850053796946,-4.159332462423107]]],[[[121.4789745908048,-4.116283999806639],[121.48197965114,-4.118991482570847],[121.4828021288152,-4.121706955811336],[121.478378702715,-4.120838154956877],[121.4767276013978,-4.112854463062979],[121.4789745908048,-4.116283999806639]]],[[[121.4265772132678,-4.085531936949296],[121.4154443455801,-4.111926081223574],[121.4397130447214,-4.116995001118331],[121.4502005193386,-4.102400243576268],[121.4629471862637,-4.103876415064425],[121.4708454857306,-4.11117263820662],[121.4556378501068,-4.117291992331554],[121.4628831590307,-4.134680149369332],[121.4292329913096,-4.13004891692397],[121.438250190394,-4.159259584961797],[121.4454973941895,-4.160792096278135],[121.4417389088236,-4.168677022826264],[121.4273646569534,-4.169446996281836],[121.4167394169906,-4.154150227051259],[121.3901068597438,-4.170026829674425],[121.4036777903978,-4.136407598631722],[121.3978678768011,-4.12485538516785],[121.3863119293521,-4.124776791615561],[121.383252043647,-4.10489347995007],[121.4038523479075,-4.114165554096941],[121.4139427160835,-4.103400593662412],[121.4118651733392,-4.084568125418622],[121.4265772132678,-4.085531936949296]]],[[[121.411252819562,-4.08395318968793],[121.4083711677951,-4.084272126157698],[121.408309726113,-4.082545622982073],[121.4095994051884,-4.082535523595501],[121.411252819562,-4.08395318968793]]],[[[121.3687684468065,-4.088187775245514],[121.3759861402482,-4.094281037339956],[121.37775879843,-4.100760166148712],[121.355044235703,-4.090091809089616],[121.3681068983147,-4.081948143092331],[121.3687684468065,-4.088187775245514]]],[[[121.3357515331068,-4.077071261729317],[121.337652746677,-4.084034363395153],[121.3288104774217,-4.086402900673283],[121.3341691957519,-4.076729474385646],[121.3357515331068,-4.077071261729317]]],[[[121.2298075712624,-3.911860777352929],[121.2285899683523,-3.910317670224186],[121.2292089843072,-3.909867744800513],[121.2314532820434,-3.911132956920385],[121.2298075712624,-3.911860777352929]]],[[[121.2269732912845,-3.866439734106367],[121.2253223311607,-3.873584875641425],[121.2238414876946,-3.874082581146146],[121.2218429512912,-3.869317168052858],[121.2269732912845,-3.866439734106367]]],[[[121.3743541396319,-3.634328644051601],[121.3872384657826,-3.639439611748665],[121.4060323027486,-3.628202432596142],[121.4200074885548,-3.630046713684878],[121.4273430120705,-3.669824753009879],[121.4181316583495,-3.695151991970816],[121.4258155441521,-3.712026790803671],[121.4496475091253,-3.707600998587138],[121.4587224473831,-3.719343213618378],[121.4871677060248,-3.724027370266894],[121.5357866080656,-3.760372432042017],[121.5594962544486,-3.795598552830873],[121.5774829363885,-3.796650790201708],[121.5964324172224,-3.818851957851502],[121.609241168845,-3.821123356657521],[121.6017463304289,-3.863167057113939],[121.6060980257034,-3.876582991411828],[121.6376208534196,-3.909567069964284],[121.6567997081401,-3.909798427755165],[121.6724551072175,-3.931297767178224],[121.6547016527592,-3.977114621842295],[121.6806096918839,-3.988640665034618],[121.7001454047866,-4.014693718939968],[121.7275204027444,-4.027078174917767],[121.7321210231667,-4.037925778551779],[121.7251582335657,-4.052908410095027],[121.7560960253114,-4.042759880963656],[121.7844987298325,-4.053972380920603],[121.7800151642684,-4.111199170904969],[121.7635005286265,-4.132896293728974],[121.7733273819532,-4.144775604110842],[121.7803674502976,-4.181109877618708],[121.7392635728556,-4.203330006574538],[121.747642874719,-4.217907036680371],[121.7462605906538,-4.244520939289911],[121.7341649339646,-4.251289594039489],[121.7406753888582,-4.267087470010702],[121.7532227219512,-4.26987871742879],[121.7728254280511,-4.295805422881907],[121.7393558343043,-4.28873490259363],[121.7016153565635,-4.293319432345902],[121.7265104523955,-4.356789814198494],[121.7827946971177,-4.390886444953404],[121.7961806956826,-4.389175555807226],[121.8114152767937,-4.415833881328515],[121.7928745693061,-4.431813664069287],[121.7821100009759,-4.455743222571654],[121.7544019786684,-4.466262599739126],[121.7527222402392,-4.480259207396456],[121.7372438772033,-4.491609823434553],[121.72414031972,-4.491746616613026],[121.7236377713662,-4.524090492981861],[121.7103718718645,-4.527177697392817],[121.6695816806502,-4.615229037390092],[121.6547848760212,-4.598353555072412],[121.6501457448303,-4.568411290348687],[121.6220707038,-4.559721089256799],[121.6128387798858,-4.572693244097861],[121.5968513807867,-4.570344907391524],[121.5928134337931,-4.577337318862165],[121.5773546885681,-4.570577206772588],[121.5662629010121,-4.578991914045519],[121.557936394749,-4.568548918997342],[121.5101259148792,-4.587507675438809],[121.504381049246,-4.582004243600915],[121.4915923183309,-4.592083487163181],[121.4702344449637,-4.590986361931007],[121.477022777779,-4.549456311059854],[121.4955414851515,-4.512572878235657],[121.5251723209459,-4.402419194390264],[121.5166199706352,-4.355093860992801],[121.5338008087603,-4.282507124404214],[121.5268916340417,-4.244156604143948],[121.5607678157822,-4.244098492651263],[121.5403391363422,-4.254244587317826],[121.5498959538353,-4.266629981288508],[121.5664998975523,-4.262557574072703],[121.5804386464265,-4.243678236761175],[121.585082007129,-4.2291077294381],[121.5785325315511,-4.20950631296593],[121.6007810458087,-4.187691515650885],[121.5894553805614,-4.176596650614853],[121.5963140430586,-4.182103277744067],[121.5997381622863,-4.178934921209601],[121.6060485917692,-4.183798375694428],[121.6070623903171,-4.183569555790337],[121.6075367970855,-4.162271375823304],[121.6172532172622,-4.151019439695316],[121.6060236391796,-4.102281353201834],[121.6091465017098,-4.066542215950422],[121.5911949032223,-4.062017905701756],[121.5875593192073,-4.05131020060521],[121.5645292284412,-4.039228382683715],[121.5552731253544,-4.045081856742241],[121.5049833683878,-4.017987343840781],[121.4545498979595,-4.007875950414766],[121.4520475856276,-4.023865876608815],[121.4188009985673,-3.999477216000694],[121.3732021242787,-4.002686067208197],[121.3493290647846,-3.990751550143903],[121.3178046236845,-3.943098544262361],[121.3148242281557,-3.917258324811781],[121.3003439237332,-3.889314678329717],[121.2819802459916,-3.884172189394944],[121.2892254442988,-3.883729134791716],[121.2907866601763,-3.879509992392174],[121.2806105551331,-3.88209494522547],[121.2820034170241,-3.889511521939129],[121.272984543402,-3.889759985734711],[121.2772877454331,-3.896628160361251],[121.2703722089104,-3.897148821960508],[121.2660898585603,-3.911538551163199],[121.2546243541307,-3.911082710898375],[121.2562316269881,-3.919310111872123],[121.2427963806486,-3.912696356351722],[121.2411248215533,-3.902781598791696],[121.2626345040792,-3.883678876179156],[121.2343951533137,-3.869821053698599],[121.2596739143197,-3.854109669125874],[121.24563080182,-3.828671515877671],[121.2159616683963,-3.822337687833935],[121.1886786620907,-3.829700689235407],[121.1712988570566,-3.825726087788686],[121.151035982025,-3.787391218429972],[121.1026509756621,-3.745308020648588],[121.1329644814257,-3.709467510916811],[121.2526666667334,-3.657138611357771],[121.2659058761553,-3.67567682592467],[121.3061756980501,-3.694440459159834],[121.3325396610766,-3.696560402240737],[121.3431429719707,-3.685814102738652],[121.3358263611976,-3.668873068836989],[121.3506781063096,-3.64513632678001],[121.3698429343041,-3.628049607203534],[121.3743541396319,-3.634328644051601]]]]}},{"type":"Feature","properties":{"kode":"74.02","nama":"Kabupaten Konawe","lat":-3.5308759531152187,"lng":121.86331694045843},"geometry":{"type":"MultiPolygon","coordinates":[[[[122.7616923542188,-3.980625749578584],[122.7608901355713,-3.979367157368399],[122.7646055973705,-3.977856067903199],[122.7636666323093,-3.979991520692108],[122.7616923542188,-3.980625749578584]]],[[[122.6654277595835,-3.938976861392954],[122.6646714531251,-3.942478920365813],[122.6622826873962,-3.943123627253511],[122.658916765996,-3.939755444957774],[122.6654277595835,-3.938976861392954]]],[[[122.7128384242539,-3.891310713718424],[122.7263591817309,-3.900059036195527],[122.7091172868333,-3.911397273065623],[122.697014975161,-3.896783029912834],[122.7128384242539,-3.891310713718424]]],[[[122.8202295526518,-3.87920362844463],[122.8174064305624,-3.878677817327317],[122.8161569098135,-3.87753488332814],[122.8216532100276,-3.87827810375139],[122.8202295526518,-3.87920362844463]]],[[[121.6397283831584,-2.895020681759044],[121.6827026004448,-2.902678165265085],[121.6950712364485,-2.921152168237898],[121.7273987559479,-2.916160376000468],[121.7382646616848,-2.925932009154833],[121.7515341656693,-2.923404694770751],[121.7717653980547,-2.943500620557129],[121.795784861782,-2.946915320285795],[121.834179779773,-2.972962670690629],[121.8656209760272,-2.967893516972156],[121.8842034777084,-3.009632089149575],[121.9412448913386,-3.028318978737834],[121.9509633799561,-3.048295818996818],[121.9266479025787,-3.123025938596127],[121.8461109495607,-3.201071650835965],[121.8341320797317,-3.226438171284565],[121.797578420208,-3.241796223017237],[121.7831302323743,-3.238534963817477],[121.7744051133054,-3.242456088877324],[121.7745093708108,-3.251222216132346],[121.765698513076,-3.252043844847455],[121.7522111573192,-3.234824165003117],[121.7336416418484,-3.247185280875955],[121.7098765522611,-3.238890947858922],[121.7113282109283,-3.229815309029219],[121.7038473326883,-3.226484609577065],[121.6752928603772,-3.223977000238312],[121.6823078115563,-3.202387600007642],[121.6653671157997,-3.192108596334611],[121.655140252121,-3.169844936594471],[121.6334633721369,-3.157958750895576],[121.6154450637388,-3.167615293311046],[121.5953535788046,-3.159395140873025],[121.5852293700394,-3.177006119336914],[121.5735557921662,-3.180110178841636],[121.5467914437702,-3.209822096612383],[121.5461390611688,-3.225199912745749],[121.5559537916342,-3.250901942370701],[121.5739640519995,-3.265824343618531],[121.5835047302592,-3.299128590711822],[121.6076711656918,-3.318964039558717],[121.6135504143202,-3.335715372266604],[121.6092242705837,-3.371298112917545],[121.5879690152579,-3.398363558831166],[121.6189475139168,-3.425492940246924],[121.662377211739,-3.417666835655877],[121.6703769295517,-3.422941110343894],[121.6757672329715,-3.436479233729608],[121.6605239473224,-3.456672499436289],[121.6746358804416,-3.474329265083467],[121.7323015692621,-3.493680090863441],[121.7499095224066,-3.483530345848765],[121.7683351040818,-3.489544483790821],[121.7662840265866,-3.508158797190644],[121.7788493632077,-3.539599184954392],[121.7749655402276,-3.551845168719561],[121.8008260645713,-3.585067449802962],[121.8232105680133,-3.565095093563711],[121.8532513408768,-3.559584236922911],[121.8911590691358,-3.57368798171496],[121.9058815978575,-3.557999162930939],[121.9165418888971,-3.56778184785396],[121.9533790354142,-3.56375492744794],[121.9751773472568,-3.581045538620645],[121.983170794097,-3.572172275130361],[122.003726902075,-3.586804875244789],[122.0173441244318,-3.618589345421944],[122.0392943461572,-3.616425108931567],[122.0637398717977,-3.645529637182923],[122.0706327454049,-3.630688192905732],[122.0876220567126,-3.642245749241882],[122.093727061255,-3.659824569748052],[122.0872568078555,-3.686157499868672],[122.1062556605703,-3.69654316043844],[122.102027708412,-3.717549669581535],[122.1210319777436,-3.719115773274309],[122.1225598395651,-3.728691449550661],[122.1450644888351,-3.718951641604898],[122.1621234031726,-3.723137529773071],[122.1811974697875,-3.740531260809002],[122.2113927668628,-3.745001591949817],[122.2216726545694,-3.761246561379641],[122.2312221578764,-3.757166657415281],[122.251811649588,-3.769089325012301],[122.2565532522309,-3.761907520815358],[122.2681297132158,-3.767637059302745],[122.2900802398112,-3.786658359095954],[122.2886152567887,-3.806411620699704],[122.3126816201607,-3.823655594829825],[122.336224380251,-3.828226117641156],[122.3602095168558,-3.857280145362354],[122.4233207283689,-3.869334435935359],[122.4424536277328,-3.859156407242351],[122.4489801418201,-3.87041290023509],[122.4562385331818,-3.867036747248045],[122.4515339349432,-3.852970415152493],[122.4594557678695,-3.821443777008662],[122.4787022983725,-3.820162559654319],[122.5070547658649,-3.857033498197351],[122.506923894722,-3.881422972692031],[122.5227568289646,-3.893315519295795],[122.5679808649251,-3.899404559972444],[122.5685138643235,-3.905457909255075],[122.5830924286727,-3.895454727653449],[122.5884918188423,-3.901098736117683],[122.5879325718308,-3.894175604820285],[122.6510065990753,-3.892132863141098],[122.6663617441992,-3.897764424088804],[122.6647201172397,-3.925220862852521],[122.6470844838619,-3.924655381740452],[122.6481535340585,-3.93395623509212],[122.6278006368899,-3.937700833126881],[122.6259062932409,-3.948414032181782],[122.5954295155598,-3.944258632829614],[122.5912836301355,-3.931766280689233],[122.5745510590841,-3.940807099567925],[122.5606238287268,-3.932319995071667],[122.5491107816373,-3.943122917688482],[122.5242472807874,-3.94135835700247],[122.512917833891,-3.908748563695211],[122.4947224957466,-3.901425925665849],[122.4567878453828,-3.935361239629456],[122.4574187557711,-3.962311170324176],[122.4493980037149,-3.965032859678688],[122.4429444444307,-4.011555461815044],[122.37304681296,-4.013394489963654],[122.3631538522685,-3.996392679878261],[122.3495456528097,-4.00893790136301],[122.3539506742843,-4.024989526445458],[122.3393495063747,-4.022517204705236],[122.3353145496268,-4.012508753076441],[122.3136972119569,-4.021971282049],[122.3116655706096,-4.00210407094608],[122.2961463216955,-4.02448921740344],[122.2940507295576,-4.01016729168713],[122.3027029558768,-3.99753718769105],[122.2846256546503,-4.005237966359035],[122.2716126382128,-3.983319058127924],[122.2693825947311,-4.003107676577924],[122.2226215976087,-4.005498017019773],[122.1796557062459,-4.043450045882915],[122.1792015926794,-4.064896298325474],[122.0919936575812,-4.102821316050845],[122.0867801356948,-4.118718194788842],[122.0649706147021,-4.114722340563473],[122.0403973043922,-4.12722229287448],[121.9867753703871,-4.128559555978642],[121.9813085967145,-4.122152728165831],[121.9919940849591,-4.114884757225726],[121.9887695118037,-4.098755169015858],[121.9668019340621,-4.083449000970576],[121.9513355077276,-4.056738796258388],[121.9527205679999,-4.029160537129053],[121.9655734934221,-3.997364228276437],[121.9515092225727,-3.979873643853507],[121.9692230969684,-3.950846722598092],[121.9574082203132,-3.924547964916572],[121.971985909622,-3.906530992910964],[121.9640550717842,-3.900006424057148],[121.9725218605954,-3.888151008662069],[121.9630265027709,-3.87289166561782],[121.9535515136915,-3.872140960137108],[121.9528780635718,-3.834360690993035],[121.9037479437127,-3.830186982343323],[121.8973453508074,-3.817242594070416],[121.8849184881978,-3.813802543352621],[121.8742850572097,-3.784406218372263],[121.8274915019313,-3.78056209056801],[121.8304688307721,-3.767077212443295],[121.82283779273,-3.755219797855316],[121.7740353048855,-3.767426011800959],[121.7581412716025,-3.758623768671912],[121.7008873976354,-3.777942465272568],[121.6961188189284,-3.763527273564796],[121.6794595462211,-3.753191353598043],[121.6853517828585,-3.744176918130185],[121.6689292530827,-3.729918010607649],[121.6484126972882,-3.732225920090107],[121.64951027398,-3.738131785053758],[121.6106939004032,-3.734334062267111],[121.608826129922,-3.68691942798918],[121.5903967522084,-3.685825946809887],[121.5861869339799,-3.657641860283592],[121.5747696404067,-3.652750287595621],[121.5754819996946,-3.635477059418671],[121.5628924488275,-3.606992321438421],[121.5673661236478,-3.588123061929663],[121.5308491312825,-3.532718745373733],[121.5349843255662,-3.51076529957888],[121.5224235628972,-3.467757962060228],[121.4927073085955,-3.440142836122975],[121.423995062722,-3.316489655673019],[121.4416186748621,-3.169527198021774],[121.4168913160814,-3.143071398925892],[121.4120562513949,-3.109663765770135],[121.3882108793287,-3.097401611295217],[121.3854031149618,-3.077699673101433],[121.3609422558804,-3.051478013399558],[121.3696034943059,-3.011693425211417],[121.3612181660855,-2.987570317316182],[121.3954636121561,-3.016378760871044],[121.4175306108491,-3.015949696121536],[121.4326631827597,-3.001770587242694],[121.4436610019537,-3.011638205938441],[121.46155591977,-3.01139920480942],[121.4827886776555,-2.98424171598233],[121.4811910770066,-2.97491922044564],[121.4721344012817,-2.97261146384791],[121.483824393581,-2.948906473255056],[121.5114166668458,-2.936805556431279],[121.5162214936271,-2.925177975283313],[121.5236632684451,-2.931516477103704],[121.5400882641622,-2.928912407381626],[121.547810804625,-2.917784407724147],[121.5616576562759,-2.922010676351563],[121.5940960666803,-2.90352821165756],[121.6397283831584,-2.895020681759044]]]]}},{"type":"Feature","properties":{"kode":"74.03","nama":"Kabupaten Muna","lat":-4.944657307859865,"lng":122.6296044204845},"geometry":{"type":"MultiPolygon","coordinates":[[[[122.3344030669481,-5.090008144959837],[122.336064345893,-5.092216936562346],[122.3328873711553,-5.094189117433759],[122.3325110237648,-5.09094741309262],[122.3344030669481,-5.090008144959837]]],[[[122.2723088501733,-5.019376232327202],[122.2710947573173,-5.021921948638999],[122.2694439320918,-5.022543998007015],[122.2698986625933,-5.020141367430123],[122.2723088501733,-5.019376232327202]]],[[[122.792149427754,-4.966138064220241],[122.7955787774386,-4.975584844265127],[122.7935434641596,-4.97804510339879],[122.7855497430263,-4.971944636835504],[122.792149427754,-4.966138064220241]]],[[[122.799981670218,-4.932766401248381],[122.802268525672,-4.933617881160204],[122.8017700278646,-4.936002793294206],[122.7990781141636,-4.933663431821847],[122.799981670218,-4.932766401248381]]],[[[122.8161183819578,-4.910531003602861],[122.8174487040944,-4.913692614322665],[122.8158525009921,-4.915860970607236],[122.8133064240523,-4.914464300087287],[122.8161183819578,-4.910531003602861]]],[[[122.76281261541,-4.910645398266469],[122.7621871018534,-4.911353278031319],[122.7603970435888,-4.910692156717625],[122.7611065700122,-4.909646139058024],[122.76281261541,-4.910645398266469]]],[[[122.7675891989824,-4.906798386336389],[122.7672690763069,-4.906545468198756],[122.7676180393411,-4.905898487824947],[122.7678873907905,-4.90628016639654],[122.7675891989824,-4.906798386336389]]],[[[122.7444090671248,-4.885196871338485],[122.7439394051795,-4.885043759961485],[122.744205662961,-4.884657255627792],[122.7445730746877,-4.884737187371238],[122.7444090671248,-4.885196871338485]]],[[[122.7583040468943,-4.883660145799043],[122.7578236641309,-4.883468511062874],[122.7580082050146,-4.882992094309627],[122.7586132832765,-4.8832979960056],[122.7583040468943,-4.883660145799043]]],[[[122.7400132124399,-4.870119095120076],[122.7397167617193,-4.870459313146716],[122.7377036500035,-4.870360973180324],[122.7388122388937,-4.869776028041242],[122.7400132124399,-4.870119095120076]]],[[[122.7325159152773,-4.674212443449457],[122.732184008785,-4.673957635836226],[122.7325585125653,-4.673440112870855],[122.7329032586786,-4.673790891636356],[122.7325159152773,-4.674212443449457]]],[[[122.671454479041,-4.610732873223425],[122.69803065599,-4.616546777112054],[122.740264713246,-4.649449398670738],[122.7293369062733,-4.652187187688542],[122.7350549478276,-4.683100266064402],[122.7249697669413,-4.682313506762872],[122.7262373964387,-4.690532139346695],[122.7201111058429,-4.690523903355428],[122.7292889517238,-4.730472948767497],[122.7414955631697,-4.741751635229699],[122.7435241234396,-4.754697968736179],[122.7353791489286,-4.756275680877911],[122.7455875819014,-4.779097923930012],[122.7387161031656,-4.784323470651566],[122.7455722133871,-4.793436658874642],[122.7264857999797,-4.850124833194494],[122.7380381384494,-4.866583157786478],[122.7330188152661,-4.87140358240932],[122.7381871390253,-4.883023215349061],[122.7456691171361,-4.888679291815803],[122.7556379329443,-4.881554811305458],[122.7530406647949,-4.88964277059736],[122.7695204678953,-4.902318284960819],[122.7555308389771,-4.901895770873102],[122.764985603203,-4.929583840821541],[122.7559183235718,-4.926212628709761],[122.7626033035997,-4.953320386826368],[122.755991007679,-4.951568125268649],[122.7532128130209,-4.954471073880898],[122.7626400328113,-4.968222704414218],[122.7359387547698,-4.958865731568165],[122.7208365412735,-4.964614201683995],[122.7051127262714,-5.006051652062096],[122.678007632846,-5.035883914411057],[122.6365384112188,-5.059773141017645],[122.6128782410381,-5.093986480391679],[122.6202361513773,-5.109395062332192],[122.5884585619131,-5.159820003590257],[122.5850953627609,-5.18658659759337],[122.5954256727566,-5.200759329379492],[122.6247984157144,-5.192285578017033],[122.6172075827637,-5.217793248859318],[122.5614342689765,-5.227875018617192],[122.5510836127186,-5.210314597340718],[122.5281694040948,-5.195109841346016],[122.4715620266662,-5.229445463337416],[122.4497185751521,-5.234585098723325],[122.4073165793967,-5.209814909730229],[122.4076021150456,-5.191612032569173],[122.3756839129823,-5.192868218193672],[122.373552027804,-5.183617044291092],[122.3673416353083,-5.186258246121136],[122.3533504037981,-5.151137401769626],[122.3168310129409,-5.142288794092467],[122.3280043995834,-5.103665762165102],[122.3484929702744,-5.103010129413901],[122.3817967767,-5.087830989708378],[122.3904742937538,-5.074294721624087],[122.3818753792455,-5.067246654709281],[122.3853006226257,-5.044227976340013],[122.3726733775744,-5.039444312405086],[122.384473454986,-4.991687853911289],[122.3757926572054,-4.976866903384883],[122.3780199928285,-4.958236496616999],[122.3603747951608,-4.944651453801521],[122.3590497403533,-4.9237306752304],[122.3650692634358,-4.926179942850053],[122.3645075037184,-4.917931414103441],[122.3776675925854,-4.924625536639196],[122.4177724869108,-4.906505735251423],[122.4562576212922,-4.916159058094019],[122.5533880571133,-4.965790028387021],[122.5840917589276,-5.002948285934641],[122.5963225288617,-4.98539625982948],[122.5924559054158,-4.965765706222294],[122.6030147637205,-4.947622315617275],[122.6181838274217,-4.932601968306097],[122.6341486049743,-4.932508096171675],[122.6595584088936,-4.897146877426353],[122.6116388889236,-4.858861111051363],[122.6064352388952,-4.832218457116058],[122.5802611677188,-4.832218457116058],[122.5656621249072,-4.806197720348473],[122.591611111064,-4.768916666670789],[122.6587811419362,-4.729615957810188],[122.6369468113463,-4.695988622077232],[122.6533175033002,-4.6793323935751],[122.6339011007552,-4.67442118688817],[122.626022448777,-4.639826536765204],[122.6303370218361,-4.632129532551835],[122.6395792232026,-4.637290272328157],[122.6582411476109,-4.627389929101946],[122.656733301101,-4.618681470873101],[122.671454479041,-4.610732873223425]]],[[[122.8951167478397,-4.610928328279654],[122.9279770032361,-4.61020597392652],[122.922515371887,-4.658258017093766],[122.9021189376388,-4.671079323252128],[122.8947119863691,-4.750607193766923],[122.8797784937825,-4.775350901322975],[122.9015093249955,-4.820360888743982],[122.9137796291267,-4.827030268232216],[122.9161324606446,-4.850426954140532],[122.9115805007396,-4.883119130743266],[122.8881391589951,-4.915894652016542],[122.8945172040059,-4.925652970707953],[122.8843632636538,-4.953538908593716],[122.8911090531404,-5.010212607425826],[122.8722593673759,-5.032217037586209],[122.8639767552231,-5.02677725166876],[122.8564420633507,-5.041806809836372],[122.8493429787954,-5.038015106212137],[122.8405068716949,-5.068788143957617],[122.7892206668004,-5.082306771839987],[122.7611067723598,-5.113060785326942],[122.7643481556429,-5.089480150288653],[122.8026862193935,-5.044535662290953],[122.8029385745556,-5.026344851333755],[122.7891998034282,-5.019355707999454],[122.7627869793357,-5.040848913146759],[122.7544928243844,-5.039503328615671],[122.741176336219,-5.056253245790623],[122.7396045533075,-5.041004259339024],[122.7667673508327,-5.00766390716352],[122.8128163196174,-4.980937475084415],[122.8189980201425,-4.926828962886345],[122.8319791250367,-4.920860658892215],[122.8320730016677,-4.912505778119128],[122.8281027502418,-4.88714209683028],[122.805731660188,-4.867779527703034],[122.8180997431088,-4.838697924969251],[122.8132756339634,-4.829172239307391],[122.8395002182606,-4.83500738788061],[122.856167047971,-4.784602907997717],[122.8412948954432,-4.740369720785933],[122.8400149749112,-4.692798156609593],[122.8287326291076,-4.680473919235942],[122.8316453515518,-4.66207370473766],[122.8418191201563,-4.649500215762339],[122.8494191891443,-4.606020039892902],[122.8580313425724,-4.606221092329557],[122.8621281690798,-4.621498885864897],[122.8865289291668,-4.605401434928227],[122.8951167478397,-4.610928328279654]]],[[[122.7318034606613,-4.604374672652936],[122.7315659020448,-4.603866306584761],[122.7323980834049,-4.603768085328833],[122.7323049667009,-4.603970314078667],[122.7318034606613,-4.604374672652936]]],[[[122.7267515307586,-4.59660346987423],[122.7254802671007,-4.596073970637152],[122.7264472001782,-4.594985192012915],[122.7269531794458,-4.596416842563203],[122.7267515307586,-4.59660346987423]]],[[[122.7101110691706,-4.590747713336254],[122.7192236557472,-4.594104476040675],[122.7326526212215,-4.602695802069581],[122.719479531755,-4.602407537877509],[122.7101110691706,-4.590747713336254]]],[[[122.6972805971219,-4.583954847038532],[122.6968864593426,-4.584220253162099],[122.6964376841518,-4.584099960744561],[122.6968723867514,-4.583678076182165],[122.6972805971219,-4.583954847038532]]],[[[122.6988147613922,-4.583234267947025],[122.698491149347,-4.58310401373925],[122.6987797345971,-4.582311906169492],[122.6993657562248,-4.582866628691898],[122.6988147613922,-4.583234267947025]]],[[[122.6949042564264,-4.582271404301855],[122.6945120476929,-4.58196838583225],[122.6953540442538,-4.581692233709569],[122.6953358797471,-4.581924337937762],[122.6949042564264,-4.582271404301855]]],[[[122.6977059728524,-4.581426254717849],[122.6977633909678,-4.583245458211296],[122.6954743609531,-4.582284975970799],[122.6971514229998,-4.580978591988385],[122.6977059728524,-4.581426254717849]]],[[[122.6959493001202,-4.579043732981861],[122.6948155014342,-4.581406749321973],[122.6921857093031,-4.579770835755406],[122.6937490143056,-4.578870700722229],[122.6959493001202,-4.579043732981861]]],[[[122.7054976657847,-4.568105037017814],[122.7048867788019,-4.566839788025748],[122.7050750051075,-4.566198351073039],[122.7063741225678,-4.56678901500103],[122.7054976657847,-4.568105037017814]]],[[[122.6904006638595,-4.566074581876459],[122.6991837055637,-4.576920866204917],[122.6841218932109,-4.579341976051301],[122.6842009454174,-4.566399095042131],[122.6904006638595,-4.566074581876459]]],[[[122.7479663111964,-4.534121719941345],[122.7492026469846,-4.534596774221702],[122.7474928792929,-4.535493969371165],[122.7471342926137,-4.534350164828174],[122.7479663111964,-4.534121719941345]]],[[[122.7487076232583,-4.532509392894093],[122.7481606016305,-4.532514920127431],[122.7455742467541,-4.530769899910927],[122.7486280773239,-4.531857462651681],[122.7487076232583,-4.532509392894093]]],[[[122.7156257614198,-4.514451962188273],[122.7429971836732,-4.531243381276953],[122.7287109016868,-4.541996663115436],[122.7424051069103,-4.548737662812899],[122.7368254872065,-4.555499831651824],[122.7428578049438,-4.575655277269133],[122.7312689108316,-4.564320120577106],[122.7258873731039,-4.568153505080177],[122.7245250665787,-4.558478132659685],[122.7118876133228,-4.563441792304859],[122.7146977626917,-4.553772724131891],[122.7092612161323,-4.549001296372682],[122.7093902436649,-4.564867760938343],[122.7006853188724,-4.562955430848417],[122.6884175328429,-4.546951283674685],[122.6920749290148,-4.528378884078135],[122.7046989715804,-4.519462032247004],[122.7030285474296,-4.532496928290611],[122.7093010111328,-4.529355269929772],[122.7156257614198,-4.514451962188273]]]]}},{"type":"Feature","properties":{"kode":"74.04","nama":"Kabupaten Buton","lat":-5.316502795108744,"lng":122.9229364946953},"geometry":{"type":"MultiPolygon","coordinates":[[[[122.8469135897904,-5.526118865992816],[122.8449605536866,-5.524503570283538],[122.8446348992812,-5.523886753171129],[122.8461836190789,-5.524362473849091],[122.8469135897904,-5.526118865992816]]],[[[123.1629359692197,-5.362669276665669],[123.162210711855,-5.36241576137824],[123.1624447559208,-5.361770104806477],[123.1631376269001,-5.362194290733927],[123.1629359692197,-5.362669276665669]]],[[[123.1820189723977,-5.246807341285712],[123.181867451022,-5.246789589567839],[123.1817105822776,-5.246548172859792],[123.1822923033472,-5.246683081958618],[123.1820189723977,-5.246807341285712]]],[[[122.6826924046308,-5.295148361807359],[122.6801541517927,-5.289403757877124],[122.7127074460918,-5.24028072557499],[122.6989961537496,-5.283464094592264],[122.6826924046308,-5.295148361807359]]],[[[122.8103700980017,-5.218380888367305],[122.8093831846863,-5.218148663629821],[122.810488920927,-5.217096997328488],[122.8107342352968,-5.217938514550793],[122.8103700980017,-5.218380888367305]]],[[[122.7375626542931,-5.18875776066208],[122.737186539827,-5.198935250661199],[122.717465827386,-5.212814691944414],[122.7257573149481,-5.19916625411925],[122.7375626542931,-5.18875776066208]]],[[[122.8416519316913,-5.082848648446328],[122.8535741748084,-5.112506248964158],[122.880688889181,-5.112624999943785],[122.8859138891147,-5.122261110661677],[122.9038583325961,-5.122472222015409],[122.928082320143,-5.140987699922375],[122.95008346508,-5.146691576255227],[122.9198397718881,-5.177983944603318],[122.9445420899456,-5.216282324869306],[122.9631533609389,-5.210160707150882],[122.9600841609554,-5.205805839068114],[122.9597213897303,-5.202947536399607],[123.0029086402217,-5.149859547879812],[123.0333637964021,-5.135767542837824],[123.0680617507493,-5.161217480802074],[123.0591962852805,-5.192095568355695],[123.0685812648136,-5.191047777233118],[123.0824837611167,-5.172983628591579],[123.1046185444104,-5.188523786743263],[123.105729762019,-5.201662138097143],[123.0918545439521,-5.216732776396407],[123.1147694603423,-5.205593090948371],[123.15204446518,-5.248343965201822],[123.1810374082498,-5.246796702305882],[123.1970552682861,-5.260266582436727],[123.1961790021593,-5.271405473783534],[123.218132938984,-5.271821737583053],[123.2245104938643,-5.27906573259738],[123.2168876261631,-5.302893279201441],[123.1309554549304,-5.399352113908921],[123.1141719408825,-5.400473546916621],[123.0155557656862,-5.444179895086058],[122.9969439317171,-5.4011710530016],[122.9762654907598,-5.394088130163047],[122.9238395732377,-5.436472858035905],[122.8943542990118,-5.439150065123392],[122.8718861613173,-5.454715930395863],[122.8486985803753,-5.484845324252222],[122.8438720574495,-5.522574087424185],[122.8626132310158,-5.522503177679442],[122.8769522654348,-5.506092945233191],[122.8925641589089,-5.514022147204293],[122.8980385471413,-5.52273224489717],[122.8934246590208,-5.565608786816049],[122.8963236659045,-5.560443677233876],[122.8975848769405,-5.561219404551813],[122.8227845877386,-5.651997552844782],[122.8002029007434,-5.629096071426502],[122.7913513064177,-5.603683428347476],[122.7889329736779,-5.487653182148548],[122.7524402890881,-5.488130685282825],[122.7416408846192,-5.47855734274714],[122.7518194699926,-5.459511731581105],[122.7487052688332,-5.448755805735831],[122.755128717916,-5.450170046310524],[122.7624157517856,-5.431968710587468],[122.7603741828224,-5.422135175298041],[122.7701938757469,-5.413480816686248],[122.7600745583942,-5.375821861589606],[122.7486871340041,-5.360765167278617],[122.7260825439742,-5.354831602296509],[122.7202453926109,-5.320145913802835],[122.683795154223,-5.322171314754324],[122.7141381379647,-5.261732840698023],[122.7324013038772,-5.24213840026693],[122.7539562762611,-5.238995421701346],[122.7476169335747,-5.244196498769397],[122.7552202311288,-5.254830129406932],[122.7711636362929,-5.253984443826968],[122.793577374896,-5.242270498084948],[122.8113462383382,-5.221089363982914],[122.8124792429228,-5.218291100953445],[122.8023772060432,-5.195752013044943],[122.7841812050985,-5.184421092159644],[122.7543870362328,-5.228506827428061],[122.7473438976028,-5.217080694418444],[122.7565317538374,-5.184964335735456],[122.7517689613685,-5.173519579564958],[122.7409590438249,-5.180152278404895],[122.7371413461963,-5.169898265092757],[122.7710585747934,-5.111170923898969],[122.7910776292292,-5.105962883380302],[122.789064077745,-5.082403805091465],[122.8236743562866,-5.068678226119141],[122.8416519316913,-5.082848648446328]]]]}},{"type":"Feature","properties":{"kode":"74.05","nama":"Kabupaten Konawe Selatan","lat":-4.262727784653138,"lng":122.423309754776},"geometry":{"type":"MultiPolygon","coordinates":[[[[122.2190278275723,-4.487418376556798],[122.2185314305812,-4.489667122339805],[122.2166526532974,-4.490445243653054],[122.2191530437779,-4.485803551192882],[122.2190278275723,-4.487418376556798]]],[[[122.6827185991841,-4.481222440663027],[122.6831708295702,-4.482162402173076],[122.6820362610647,-4.483589674823543],[122.6810240192431,-4.482108138879484],[122.6827185991841,-4.481222440663027]]],[[[122.4111155468451,-4.457998833779156],[122.4105779501124,-4.456804293083641],[122.4111912508756,-4.456309501382341],[122.4116798417514,-4.456791607246815],[122.4111155468451,-4.457998833779156]]],[[[122.399530571079,-4.454449313085254],[122.3982696577186,-4.454113795814932],[122.3982247518709,-4.453084067575633],[122.3998125166344,-4.453269005060426],[122.399530571079,-4.454449313085254]]],[[[122.4108932272408,-4.453316640350627],[122.4100854840579,-4.452375178771442],[122.4118843979466,-4.451982654375966],[122.4118311517863,-4.452635301378008],[122.4108932272408,-4.453316640350627]]],[[[122.4098812156457,-4.449736953697395],[122.4092443013834,-4.449049829386079],[122.4098256942004,-4.44786952855585],[122.4102655580092,-4.448696939012445],[122.4098812156457,-4.449736953697395]]],[[[122.4206838190031,-4.448569709224673],[122.4196315042906,-4.448015245706996],[122.4197549740129,-4.446879126770201],[122.4209945761388,-4.447672559940655],[122.4206838190031,-4.448569709224673]]],[[[122.4715871986903,-4.445829808598736],[122.4708401399605,-4.445703636413681],[122.4712436927423,-4.444804842269592],[122.4718811070276,-4.445091906766033],[122.4715871986903,-4.445829808598736]]],[[[122.8813718532286,-4.415787567142429],[122.8810729383655,-4.417243539857443],[122.8800957098492,-4.417320507435443],[122.8800922186811,-4.415936633368903],[122.8813718532286,-4.415787567142429]]],[[[122.8801091403246,-4.410294589923394],[122.8792713570875,-4.410309879297428],[122.8798064474097,-4.409072504792258],[122.8805152166041,-4.409821962013874],[122.8801091403246,-4.410294589923394]]],[[[122.5693116502125,-4.411420307301286],[122.5657317153465,-4.407867344002694],[122.5674975998344,-4.406275961266529],[122.5696826907036,-4.408597662751903],[122.5693116502125,-4.411420307301286]]],[[[122.5675493747039,-4.403209890024387],[122.5669236830815,-4.402767151083056],[122.5666395899452,-4.401921587810945],[122.5674909322608,-4.401981790227419],[122.5675493747039,-4.403209890024387]]],[[[122.9074262723046,-4.246328903955712],[122.9081919272158,-4.246204635635367],[122.9083803351844,-4.246336922311025],[122.9075505406251,-4.246621537054265],[122.9071496750175,-4.246180584166551],[122.9074262723046,-4.246328903955712]]],[[[122.9111302794389,-4.246389034426359],[122.9109819578512,-4.246228688003464],[122.9112224779351,-4.246092393049475],[122.9112906249625,-4.246168558432187],[122.9111302794389,-4.246389034426359]]],[[[122.9047997213301,-4.226782915399133],[122.9046883339995,-4.226723508882804],[122.9046675416738,-4.226684895591395],[122.9047462548358,-4.226678954669952],[122.9047997213301,-4.226782915399133]]],[[[122.9041210083778,-4.226533410188685],[122.9040526913786,-4.226436876060882],[122.9041150665571,-4.22618588606978],[122.904238333932,-4.226365588600947],[122.9041210083778,-4.226533410188685]]],[[[122.9040437799965,-4.226078954879833],[122.9039219983016,-4.225928955157057],[122.9039888287214,-4.2258264801079],[122.9040764532659,-4.22598687599354],[122.9040437799965,-4.226078954879833]]],[[[122.9030142936748,-4.176315484771711],[122.9074310153292,-4.178421885861264],[122.907269210206,-4.186271262208921],[122.9040958903131,-4.18219406520384],[122.9030142936748,-4.176315484771711]]],[[[122.8361310368179,-4.152077939944901],[122.8355738528511,-4.150871035369954],[122.8379004385544,-4.151212979195565],[122.8377755236216,-4.151380880822922],[122.8361310368179,-4.152077939944901]]],[[[122.8984469067994,-4.148192282347887],[122.8998857681138,-4.149406541578562],[122.9007693754064,-4.159510814172654],[122.8952390412488,-4.147472221265927],[122.8984469067994,-4.148192282347887]]],[[[122.896118380359,-4.146074226944021],[122.8942960472249,-4.145270852667673],[122.894900023817,-4.141575532085076],[122.8969151059474,-4.143945851819611],[122.896118380359,-4.146074226944021]]],[[[122.8110946862709,-4.137917060323984],[122.810323271202,-4.138310952588389],[122.8100930177787,-4.138052285984164],[122.8108189739165,-4.137445195039716],[122.8110946862709,-4.137917060323984]]],[[[122.8154158801389,-4.134679648447007],[122.8124098818107,-4.134461068223663],[122.8130241916132,-4.131760869968096],[122.8146114680449,-4.132679804429332],[122.8154158801389,-4.134679648447007]]],[[[122.8310638930842,-4.132264481320716],[122.829894614345,-4.132163697896354],[122.8299914218667,-4.130942962647557],[122.8317255162196,-4.131822996034343],[122.8310638930842,-4.132264481320716]]],[[[122.8299521008089,-4.130878325674095],[122.8289652171711,-4.130666277226849],[122.828893730961,-4.130522642905612],[122.8295553792774,-4.12996267463768],[122.8299521008089,-4.130878325674095]]],[[[122.7270986339949,-4.125699038279931],[122.7300111486957,-4.1255287408587],[122.7223305067475,-4.130475123628033],[122.7242690268942,-4.123827487048873],[122.7270986339949,-4.125699038279931]]],[[[122.6677347562541,-4.123511216169609],[122.6666383801572,-4.123055970356651],[122.6674016590594,-4.121973183015973],[122.6676518720364,-4.122188712738842],[122.6677347562541,-4.123511216169609]]],[[[122.6719795311305,-4.119749030093603],[122.6732368588941,-4.120096621661753],[122.67067325057,-4.122507124903832],[122.6705965977548,-4.120508429320482],[122.6719795311305,-4.119749030093603]]],[[[122.6687828864211,-4.103102266955963],[122.6682529366239,-4.102802416798015],[122.6680785230055,-4.100703010635412],[122.6696260161279,-4.101689872689443],[122.6687828864211,-4.103102266955963]]],[[[122.7970802486546,-4.099913429261262],[122.7953439779423,-4.103331096752674],[122.7938137688903,-4.102583888735436],[122.7948775796367,-4.100089994957282],[122.7970802486546,-4.099913429261262]]],[[[122.7787532596552,-4.037972613445342],[122.7785629028557,-4.037698499186318],[122.7789816883543,-4.037576670726731],[122.7791187450341,-4.037820327645905],[122.7787532596552,-4.037972613445342]]],[[[122.7781006270423,-4.036598579760645],[122.7783550974099,-4.03858587104107],[122.7767192171183,-4.038949400394445],[122.7769979233155,-4.036659167986192],[122.7781006270423,-4.036598579760645]]],[[[122.2803329576,-4.000575423117228],[122.2898698712976,-4.006291898951966],[122.3027029558768,-3.99753718769105],[122.2940507295576,-4.01016729168713],[122.2966391933441,-4.024552966745956],[122.3116655706096,-4.00210407094608],[122.3136972119569,-4.021971282049],[122.3353145496268,-4.012508753076441],[122.3393495063747,-4.022517204705236],[122.3539506742843,-4.024989526445458],[122.3495456528097,-4.00893790136301],[122.3631538522685,-3.996392679878261],[122.37304681296,-4.013394489963654],[122.4429444444307,-4.011555461815044],[122.4662004188143,-4.026687799002707],[122.4815569992562,-4.054624698770828],[122.4910888668578,-4.057189941162756],[122.4911406642103,-4.06774368592229],[122.513987614337,-4.06811170918793],[122.5070800781831,-4.08551025429478],[122.5227050783767,-4.091674804748349],[122.6049487359954,-4.052471139031846],[122.6147501762797,-4.026487561351802],[122.6389244070358,-4.018342442050018],[122.6512730717949,-4.002856409595593],[122.6626547153429,-4.015623599049858],[122.6641809673777,-4.033474879062362],[122.672611107017,-4.036220004749394],[122.6493468237969,-4.05816184928989],[122.6521272910417,-4.08622476835834],[122.6616898318204,-4.080887645448497],[122.6629148181644,-4.08563600469776],[122.6571357126431,-4.094775102389006],[122.6677417277986,-4.11393165482197],[122.6633991318645,-4.125713315017412],[122.6706751481396,-4.127968945110696],[122.6632482840811,-4.133264393436933],[122.6767420574002,-4.157766408193167],[122.6960595498084,-4.156606732414739],[122.7101909730351,-4.165253632948732],[122.7081243588522,-4.146737139707193],[122.6956698672706,-4.137265368401957],[122.7126118085882,-4.137639630264703],[122.7150656366698,-4.131114112626191],[122.7222020233048,-4.140997499135215],[122.7312452127964,-4.138147760710511],[122.7290874406329,-4.146995907035469],[122.7373335825788,-4.139429494275662],[122.7459108567008,-4.14228400000656],[122.7490513396477,-4.152774654626581],[122.7650293929922,-4.15946434800121],[122.7744226148119,-4.151502622048289],[122.8003290009827,-4.156052423580439],[122.8162435001375,-4.136323824984503],[122.8180625426522,-4.144978501956212],[122.8309013738993,-4.153336954836531],[122.834567819949,-4.153705928685605],[122.8382610801848,-4.151514761097344],[122.825668715339,-4.134939095662629],[122.831604837993,-4.135607305432723],[122.8377769130741,-4.125881875847861],[122.8259596055514,-4.122736005062569],[122.8255128970027,-4.110212826860485],[122.8094479169879,-4.1149562191541],[122.8093633348501,-4.102523048699672],[122.8007328307556,-4.106524940973236],[122.8027511747269,-4.096340533388856],[122.7845226830755,-4.097448335372336],[122.7624287415932,-4.065609579418508],[122.7688257901781,-4.057140675401774],[122.8133188059183,-4.06300097441539],[122.8345755253403,-4.056031793332496],[122.8438724171783,-4.062108945871115],[122.88851786171,-4.127119145132399],[122.9009057342123,-4.194824503747776],[122.8940502742008,-4.220240235098752],[122.9061845693625,-4.230565249886345],[122.8794950157824,-4.29480786788872],[122.8883309583072,-4.318659090944246],[122.9066558303024,-4.323460960754646],[122.8932553733369,-4.334867263713152],[122.9007208596799,-4.377599380806688],[122.8831399302636,-4.414013196651625],[122.8801154292837,-4.407581725616064],[122.8762379150478,-4.418500222806967],[122.8468937876182,-4.420288262093555],[122.8316531387814,-4.448827784074963],[122.8135508337041,-4.435582523114936],[122.8168041995542,-4.425580480055105],[122.80583125291,-4.428791332254159],[122.7693276811276,-4.408839199069783],[122.7333526822805,-4.368814500888421],[122.717493668598,-4.361310075699423],[122.714843201053,-4.347793837315697],[122.6983210470787,-4.339570176622301],[122.6957139853122,-4.328230872256869],[122.6803688829177,-4.324996432639219],[122.6594880081651,-4.338858094325529],[122.6665205968482,-4.361984594213622],[122.6857905268114,-4.36868391213279],[122.7006088351298,-4.389538225408687],[122.7017444441508,-4.4043337134301],[122.740840261369,-4.432104414886753],[122.757014203243,-4.426035266314424],[122.7612867527815,-4.435470005336375],[122.7615675481039,-4.480458587993377],[122.7435680634154,-4.510115067955914],[122.7199930095698,-4.496154766828989],[122.7125657983729,-4.500003963212309],[122.7058114707229,-4.473490417748474],[122.6917153899534,-4.468809754066852],[122.6760654884316,-4.483333988572705],[122.6774384699094,-4.494364296674894],[122.6948490002812,-4.501377645262108],[122.6712747153559,-4.507543085145274],[122.6567448636846,-4.47132011892826],[122.6648249638011,-4.477723353050214],[122.6681844055859,-4.472908911616871],[122.6632336718965,-4.452788741906913],[122.6139157672989,-4.409512168951382],[122.584758623312,-4.396151778581705],[122.5671617408217,-4.400334251124674],[122.5636131868992,-4.408271869850891],[122.5631058523532,-4.417124678261233],[122.5327107277179,-4.42751033433442],[122.5204815172083,-4.443176971340071],[122.5067361999158,-4.445309739652695],[122.5044900783545,-4.455826929668996],[122.5021626221074,-4.447707437448203],[122.4894825742615,-4.456000274892771],[122.4701296737455,-4.452816893384862],[122.4677548097368,-4.43664227701939],[122.4564443070592,-4.436379359319956],[122.4499825747361,-4.452024202155139],[122.4451487394229,-4.436020678211674],[122.4366009315878,-4.436335357290913],[122.4363668668375,-4.446444709255884],[122.4195314232367,-4.432219764630377],[122.4004524966854,-4.439810045397222],[122.3900985129361,-4.456077173222964],[122.3524383095804,-4.466858209039051],[122.3415755991347,-4.477373819845878],[122.3096523177004,-4.476099753001142],[122.2584350458408,-4.493791016642026],[122.2492961460004,-4.485226725133165],[122.2175227770545,-4.479606236638459],[122.1626942946061,-4.528712459712184],[122.1184195767022,-4.536716131843901],[122.1042893900434,-4.530600453248271],[122.1051538759507,-4.501019135924336],[122.0998571775667,-4.505934654860402],[122.093253890155,-4.495113902284745],[122.0800338138096,-4.49782870193294],[122.0508792400849,-4.486602323638314],[122.0471402196455,-4.468816173427628],[122.0017394327287,-4.430953181943734],[121.8818888889611,-4.377277777847135],[121.9713877246638,-4.406492720362712],[121.9974647329111,-4.39348867915921],[121.9893611002346,-4.372361111376202],[122.0041944002514,-4.34627777819683],[122.0136928562404,-4.291095733581221],[122.0070018768353,-4.269474029702705],[122.0287990573307,-4.197019577091757],[122.0247516629589,-4.175626755170539],[121.9977945502783,-4.128946790561885],[122.0403973043922,-4.12722229287448],[122.0649706147021,-4.114722340563473],[122.0867801356948,-4.118718194788842],[122.0919936575812,-4.102821316050845],[122.1792015926794,-4.064896298325474],[122.1796557062459,-4.043450045882915],[122.2226215976087,-4.005498017019773],[122.2329819359676,-4.006347797213008],[122.2269919538156,-4.002762025746856],[122.2348743101014,-4.0012533473641],[122.2370680119792,-4.008599147432681],[122.2689696791075,-4.003306323328085],[122.2716126382128,-3.983319058127924],[122.2803329576,-4.000575423117228]]]]}},{"type":"Feature","properties":{"kode":"74.06","nama":"Kabupaten Bombana","lat":-4.800873597695884,"lng":121.85239830645126},"geometry":{"type":"MultiPolygon","coordinates":[[[[121.766201243093,-5.341834976902574],[121.7680750687096,-5.342846248355641],[121.752785842093,-5.347632533814365],[121.7596236421175,-5.342006519884971],[121.766201243093,-5.341834976902574]]],[[[122.0564152138911,-5.318624656602625],[122.0584161505849,-5.319043552717754],[122.0537082770154,-5.325188291106712],[122.0529024853615,-5.321356730428731],[122.0564152138911,-5.318624656602625]]],[[[121.7730358478262,-5.307085607414822],[121.7724397933619,-5.306600195642445],[121.7733856292434,-5.304501511635421],[121.7736925786496,-5.305465193663731],[121.7730358478262,-5.307085607414822]]],[[[122.0764090423435,-5.285956863318545],[122.0664390843963,-5.306148149617299],[122.0597154910771,-5.306063519815555],[122.0565901680019,-5.296221717058528],[122.0764090423435,-5.285956863318545]]],[[[121.7668186627511,-5.256433619715732],[121.7740914459636,-5.2572105539239],[121.7674900893961,-5.277549063738255],[121.763263801883,-5.273175407019418],[121.7668186627511,-5.256433619715732]]],[[[122.0748628046748,-5.225472055291005],[122.0743591600473,-5.224124340266004],[122.0755781344234,-5.221622427233166],[122.0754763356645,-5.223999336300247],[122.0748628046748,-5.225472055291005]]],[[[121.8173654333681,-5.186772154711131],[121.8184791142199,-5.187654904050534],[121.8157138832891,-5.188084493104819],[121.8165515523123,-5.186668286612031],[121.8173654333681,-5.186772154711131]]],[[[121.8113515966989,-5.163153585369587],[121.8116257900982,-5.169403389754537],[121.8099763093593,-5.169820934188676],[121.8090231835731,-5.167634342350949],[121.8113515966989,-5.163153585369587]]],[[[121.8184781636364,-5.148566412709757],[121.8182735813607,-5.14823602517234],[121.8187076571327,-5.147996742555597],[121.8187195830424,-5.148362567878165],[121.8184781636364,-5.148566412709757]]],[[[121.8196083101754,-5.141388053815612],[121.8225547023377,-5.14265449440934],[121.8219851428001,-5.147668140172426],[121.8160091567973,-5.1456288599838],[121.8196083101754,-5.141388053815612]]],[[[121.8668634865608,-5.142447606271963],[121.8687140889841,-5.144459915792401],[121.8643072913485,-5.144392745428819],[121.8659277392738,-5.141111755103436],[121.8668634865608,-5.142447606271963]]],[[[121.8592697550952,-5.136250239556864],[121.8630777499383,-5.137408087013531],[121.8626884370218,-5.139770201333674],[121.8571224663288,-5.13693563716984],[121.8592697550952,-5.136250239556864]]],[[[121.8390611280687,-5.11951611537638],[121.8440058533875,-5.135783473428448],[121.8359110493556,-5.152248677834129],[121.8245183567368,-5.152628052342736],[121.8390611280687,-5.11951611537638]]],[[[121.9133374056968,-5.090796039205772],[121.9138891883354,-5.091083528182219],[121.9114401176673,-5.093080959318799],[121.9115723305987,-5.091080661143524],[121.9133374056968,-5.090796039205772]]],[[[121.9000738507278,-5.06548747916378],[121.8957873652948,-5.089380148375058],[121.9381997689042,-5.110924973708533],[121.9331774761597,-5.084207426931167],[121.938885696218,-5.074473248741443],[121.9477936060902,-5.06412569334598],[121.968207342395,-5.062906079551935],[121.9847976406986,-5.090241594573877],[121.9753645564292,-5.121825237144931],[121.9842019018963,-5.126181544142907],[121.9915019516539,-5.158737496837931],[122.0127859663993,-5.168563752115388],[122.017717661441,-5.163214707792443],[122.0105524911046,-5.161417540387061],[122.0100804459559,-5.151491845272441],[122.0173331176294,-5.156405194144289],[122.0350464182577,-5.148201548762435],[122.0358122332481,-5.162224543427898],[122.050725483894,-5.182100336761122],[122.0589748562047,-5.181330472123571],[122.0559138067768,-5.200510513949011],[122.0706985838727,-5.201402449863116],[122.0627171366867,-5.214037709672573],[122.0748266177543,-5.232880984170033],[122.0492269822394,-5.244330881764706],[122.0338929028353,-5.241404461746483],[122.0511278019065,-5.266579885253434],[122.0539190088552,-5.28609020759692],[122.0504124658627,-5.317622897278866],[122.0391251917743,-5.325426952292015],[122.0350768432218,-5.333509697314635],[122.0411882806147,-5.340729494270739],[122.0333787298446,-5.34596046300491],[122.0415408966951,-5.356974773966598],[122.0378984319672,-5.3697070283566],[122.0479010595863,-5.365196368917217],[122.0429396293605,-5.383679180749538],[122.0489318346365,-5.41363577077412],[121.9424617936769,-5.412123506794301],[121.932397502243,-5.428772532626239],[121.9226385387376,-5.420374621991168],[121.9205208187808,-5.421659531062487],[121.9193406060841,-5.419736926218181],[121.9225703179659,-5.402419172606691],[121.9052455550384,-5.405749723670698],[121.8735371477212,-5.385022678853505],[121.8239028967014,-5.312645560744026],[121.8228716665942,-5.293638257099857],[121.7951724486497,-5.277159093417331],[121.7932325300572,-5.264097126880855],[121.8045346123825,-5.254239077871129],[121.8126098318783,-5.226746723782208],[121.8080210249504,-5.207236439210286],[121.8318243096443,-5.2028359683052],[121.8390495753777,-5.192354653144696],[121.8242433917192,-5.185563633155057],[121.8230867016901,-5.168836161259785],[121.8416752971773,-5.146478025040738],[121.8601446452592,-5.16052973236121],[121.8745652895566,-5.149847333287807],[121.8833453428134,-5.153002464392189],[121.8826387481797,-5.140007892150392],[121.8639088080452,-5.137703580855549],[121.8661622725709,-5.128753849810222],[121.8434315903956,-5.121746373796013],[121.8409843246669,-5.107965813871187],[121.8517531719714,-5.09768728414082],[121.8538435912088,-5.108313104166376],[121.8689989960069,-5.119340097367589],[121.8673559121457,-5.112184917599885],[121.8767834970609,-5.109430061248313],[121.8566123708642,-5.106422694151982],[121.8545004884069,-5.09824150664018],[121.850074636835,-5.094924797941028],[121.8555863397379,-5.084225068032458],[121.8869812937518,-5.057382252888567],[121.8967977823918,-5.057305127029979],[121.9000738507278,-5.06548747916378]]],[[[121.9479794437964,-4.911799025204802],[121.9462427468055,-4.910272361280457],[121.94666072831,-4.90831184641454],[121.9490240072522,-4.909753920107265],[121.9479794437964,-4.911799025204802]]],[[[122.0613459898256,-4.884167492036065],[122.0632006167151,-4.884524745020949],[122.0642672989967,-4.886153187019973],[122.0608277851742,-4.885488079011571],[122.0613459898256,-4.884167492036065]]],[[[122.0506841843277,-4.880202504342071],[122.0583196137592,-4.884295647226258],[122.0381352153679,-4.894806695772294],[122.047652700112,-4.888124166397104],[122.0506841843277,-4.880202504342071]]],[[[122.1187798469125,-4.839271770675582],[122.1162195471944,-4.846119859843581],[122.111246473446,-4.846833697617006],[122.1186688049215,-4.836778591858495],[122.1187798469125,-4.839271770675582]]],[[[122.1432929008467,-4.841484763910644],[122.1430162271173,-4.845676164023674],[122.1417883296677,-4.842416350933812],[122.14342692861,-4.836566733168082],[122.1432929008467,-4.841484763910644]]],[[[121.5088812396775,-4.838533271693082],[121.508564278119,-4.83761464569932],[121.5111291985537,-4.836388954286777],[121.5098255880805,-4.838304557908993],[121.5088812396775,-4.838533271693082]]],[[[122.141109540273,-4.816615771800395],[122.1360063121416,-4.827589490062836],[122.1209696223503,-4.832514086755671],[122.1210058749213,-4.820109205375525],[122.141109540273,-4.816615771800395]]],[[[121.6530745489513,-4.812108420966846],[121.655077392208,-4.813129329554824],[121.6505261067944,-4.811779882435621],[121.6512735756151,-4.810796452194468],[121.6530745489513,-4.812108420966846]]],[[[122.1519978607127,-4.80857194943585],[122.1525534106115,-4.814612965415924],[122.1426231019746,-4.816605452079939],[122.149719615368,-4.807873017026035],[122.1519978607127,-4.80857194943585]]],[[[121.506534399443,-4.723206799853832],[121.5054512002128,-4.730046323878659],[121.5034289666735,-4.714550076025128],[121.5041148975845,-4.715008654725564],[121.506534399443,-4.723206799853832]]],[[[122.1098804248417,-4.541374061563699],[122.1086031860882,-4.540519162429371],[122.1096392581454,-4.539156701220717],[122.1099449781783,-4.539340045106924],[122.1098804248417,-4.541374061563699]]],[[[122.1130106177459,-4.539880907277974],[122.1120062171133,-4.541389474144866],[122.1109078697025,-4.540365934140469],[122.1113931276908,-4.538816538952053],[122.1130106177459,-4.539880907277974]]],[[[121.9800588448398,-4.423155420386296],[122.0017394327287,-4.430953181943734],[122.0471402196455,-4.468816173427628],[122.052529617448,-4.48770990438854],[122.0800338138096,-4.49782870193294],[122.0931571114117,-4.495077058859101],[122.1077532970771,-4.508090369375031],[122.1071791213194,-4.539336770675353],[122.0892970323322,-4.542851538867312],[122.0697237259692,-4.577524129634794],[122.0629238674425,-4.609627270082386],[122.0304197723546,-4.656367822017307],[122.0362548507808,-4.662101018946865],[122.0307690060848,-4.66747159303951],[122.0318097833948,-4.718249438160951],[122.0473866123024,-4.770093306360915],[122.0650969406713,-4.773521324149746],[122.0753147463785,-4.791428981762083],[122.0954931346006,-4.79523306995018],[122.0944652328842,-4.808795115302258],[122.120250060392,-4.8186724008106],[122.0917128118969,-4.82550141985463],[122.0750898259348,-4.842938471233429],[122.0752029543529,-4.858476686849558],[122.0676082570155,-4.849504768630178],[122.0449717275633,-4.866086401965822],[122.0438344502998,-4.875487842689699],[122.0345322794412,-4.879416521155447],[122.0257895381567,-4.87100957413247],[122.0225939618419,-4.893081198938168],[122.0013711243779,-4.899941038647951],[122.0051987891929,-4.884544406898852],[121.983842963582,-4.901151207762025],[121.973630668021,-4.890899086623504],[121.8944088997509,-4.880057310596422],[121.834993482763,-4.85266171906307],[121.8159551183341,-4.834353095119218],[121.7923446851592,-4.834388517615976],[121.7840343873771,-4.844903016860671],[121.7794672577079,-4.836572372816741],[121.7560187366754,-4.844239143621534],[121.7347273996498,-4.836333753000213],[121.7096016394042,-4.855240561902344],[121.6841481293328,-4.85101633113876],[121.6596825640992,-4.817782742879187],[121.6637232063609,-4.810664972210679],[121.6467404592049,-4.806672346551524],[121.6396693066932,-4.812230964387412],[121.6322048716575,-4.805042656293493],[121.6282590853885,-4.777213265979421],[121.6168198609479,-4.795638638112612],[121.5504271887638,-4.772628361209888],[121.5210135050693,-4.739256239583758],[121.5067479371676,-4.736239965601888],[121.5080717859842,-4.714063612045985],[121.5003666518996,-4.713057938872714],[121.4928812320833,-4.693989621623709],[121.4668464317175,-4.684103416639365],[121.4706882662506,-4.591350303173927],[121.4915923183309,-4.592083487163181],[121.504381049246,-4.582004243600915],[121.5101259148792,-4.587507675438809],[121.557936394749,-4.568548918997342],[121.5662629010121,-4.578991914045519],[121.5773546885681,-4.570577206772588],[121.5928134337931,-4.577337318862165],[121.5968513807867,-4.570344907391524],[121.6128387798858,-4.572693244097861],[121.6220707038,-4.559721089256799],[121.6501457448303,-4.568411290348687],[121.6547848760212,-4.598353555072412],[121.6695816806502,-4.615229037390092],[121.7103718718645,-4.527177697392817],[121.7236377713662,-4.524090492981861],[121.72414031972,-4.491746616613026],[121.7372438772033,-4.491609823434553],[121.7527222402392,-4.480259207396456],[121.7544019786684,-4.466262599739126],[121.7821100009759,-4.455743222571654],[121.8031343940371,-4.420703172413434],[121.8818888889611,-4.377277777847135],[121.9800588448398,-4.423155420386296]]]]}},{"type":"Feature","properties":{"kode":"74.07","nama":"Kabupaten Wakatobi","lat":-5.571246753098584,"lng":123.78541247676996},"geometry":{"type":"MultiPolygon","coordinates":[[[[124.6108085462775,-6.108840693043475],[124.6154312477539,-6.119686219243618],[124.5995986201802,-6.133490735309159],[124.6012166543252,-6.115559117059525],[124.6108085462775,-6.108840693043475]]],[[[123.9918944333815,-5.878140509776645],[124.0413583653962,-5.90839427627479],[124.080629381341,-5.999735517979746],[124.0820334254023,-6.013627908601008],[124.0734530890888,-6.023882197105638],[124.0450228122531,-6.034766842915377],[124.0380981026454,-6.018226234852778],[124.0496670426001,-6.001688981261458],[124.0454646752546,-5.981900012975209],[123.981350599151,-5.96192313044808],[123.9689437644433,-5.933970040185147],[123.9773882311819,-5.899456750828306],[123.9918944333815,-5.878140509776645]]],[[[123.9242100109833,-5.801535113054949],[123.9460767099722,-5.808856548690659],[123.9407534294273,-5.823714572869213],[123.9224835707602,-5.822960876243392],[123.9022630879712,-5.804934970372492],[123.9242100109833,-5.801535113054949]]],[[[124.3337997770382,-5.80275706418714],[124.3312649901873,-5.799689938939493],[124.33335812178,-5.797631546358754],[124.3347102102081,-5.800044275422937],[124.3337997770382,-5.80275706418714]]],[[[123.8684872112159,-5.787731570055924],[123.8684169130102,-5.781592971338493],[123.8699990498164,-5.780194083989691],[123.8702674776621,-5.783844585958845],[123.8684872112159,-5.787731570055924]]],[[[123.9015029000389,-5.759823042998916],[123.902908401002,-5.763171351176836],[123.9250233236674,-5.783426503730097],[123.8949255571688,-5.777098257778305],[123.8927373690344,-5.76526950368457],[123.9015029000389,-5.759823042998916]]],[[[123.925917408062,-5.721048365589602],[123.963636947787,-5.731608526112523],[124.0056459658887,-5.763176289354258],[123.9497365064346,-5.780404646757002],[123.9199331446989,-5.773306484006983],[123.8939652601887,-5.742103725006834],[123.8937637437019,-5.729241988027293],[123.9044873191345,-5.71969191005353],[123.925917408062,-5.721048365589602]]],[[[124.4909119698116,-5.715557053015522],[124.4872330852387,-5.718246320011548],[124.4845573809185,-5.719333970885979],[124.4875249943831,-5.716193621038705],[124.4909119698116,-5.715557053015522]]],[[[124.0439846366817,-5.654628632805085],[124.0434111866769,-5.654147506302269],[124.0428758085718,-5.652213955809397],[124.0438204546503,-5.653412728714428],[124.0439846366817,-5.654628632805085]]],[[[123.8606880727964,-5.593282002662273],[123.8604703586202,-5.5932536182598],[123.8604836685866,-5.593066270591843],[123.8605625787,-5.593111689053191],[123.8606880727964,-5.593282002662273]]],[[[123.8723344560703,-5.592942119183401],[123.8721466893183,-5.592962817080308],[123.8721829346947,-5.59278244905073],[123.8723225724289,-5.59274992416963],[123.8723344560703,-5.592942119183401]]],[[[123.824253761402,-5.592547929243511],[123.8241765150342,-5.592521317404823],[123.8242389064005,-5.59242669703444],[123.8243012968674,-5.592456265843974],[123.824253761402,-5.592547929243511]]],[[[123.82460433782,-5.592249285975707],[123.8244825273469,-5.592199020168635],[123.824708322831,-5.592101442827317],[123.8246726710071,-5.592210847152827],[123.82460433782,-5.592249285975707]]],[[[123.824871727848,-5.591489373235951],[123.8251331760553,-5.591545553884173],[123.8250796978698,-5.591731835855533],[123.8248598442065,-5.591782102561885],[123.824871727848,-5.591489373235951]]],[[[123.8253258153341,-5.590076149794391],[123.8252701976615,-5.590037828782694],[123.8252887371856,-5.590002346930659],[123.8253714496327,-5.59003924881221],[123.8253258153341,-5.590076149794391]]],[[[123.8255696746009,-5.589904415256512],[123.8255354491017,-5.589931382327399],[123.8254484576803,-5.589904415256512],[123.8254912402286,-5.589854740304005],[123.8255696746009,-5.589904415256512]]],[[[123.8229012439973,-5.589345685355055],[123.8227586358024,-5.589239238000391],[123.8228418239911,-5.589132790645727],[123.8229666058243,-5.589221497074418],[123.8229012439973,-5.589345685355055]]],[[[123.8266180799605,-5.588894585416674],[123.8265539061379,-5.588922970718516],[123.8265230081304,-5.588835446898325],[123.8265871810536,-5.588828351247325],[123.8266180799605,-5.588894585416674]]],[[[123.8237194328056,-5.588153804854183],[123.8236295896339,-5.588121161262531],[123.8236652423572,-5.588045938369283],[123.8237308416051,-5.588092775061496],[123.8237194328056,-5.588153804854183]]],[[[123.8241700740897,-5.588030326138575],[123.8240959177925,-5.588036002659339],[123.8240773791678,-5.58802464781916],[123.8242171338137,-5.58798348944645],[123.8241700740897,-5.588030326138575]]],[[[123.8240274658949,-5.587990585097361],[123.823987535996,-5.58799484338726],[123.8240017956464,-5.587930975334191],[123.8240616922933,-5.587939490115338],[123.8240274658949,-5.587990585097361]]],[[[123.8227223265742,-5.587421741420221],[123.8225160211974,-5.587307722673155],[123.8226947560583,-5.587167685640074],[123.822854476553,-5.587285014791536],[123.8227223265742,-5.587421741420221]]],[[[123.8311698321221,-5.586990323144806],[123.8310172405533,-5.586974710914187],[123.8309915721035,-5.586795878926657],[123.8312611007193,-5.586767491826254],[123.8311698321221,-5.586990323144806]]],[[[123.8336512082367,-5.586462815006924],[123.8335713484391,-5.586438214052317],[123.8335580375734,-5.586387119070294],[123.8336474050038,-5.586354947622655],[123.8336512082367,-5.586462815006924]]],[[[123.8300790929758,-5.583933150694324],[123.8299103396905,-5.583947343794796],[123.8298723109584,-5.583812510239098],[123.8300363104274,-5.583779391805414],[123.8300790929758,-5.583933150694324]]],[[[123.8274028193847,-5.583122250891107],[123.8270498651592,-5.582980318986478],[123.8275311661305,-5.582710650076343],[123.8276095996034,-5.582774519028781],[123.8274028193847,-5.583122250891107]]],[[[123.8194919393017,-5.58032791340242],[123.8268839474362,-5.583322950793494],[123.8193829108927,-5.598124669317953],[123.8162207596804,-5.59515181010786],[123.8194919393017,-5.58032791340242]]],[[[123.8284508254453,-5.57555712326259],[123.8280304571399,-5.575591221057933],[123.8281157398496,-5.575083721036814],[123.8284218393965,-5.575327406734391],[123.8284508254453,-5.57555712326259]]],[[[123.882825888604,-5.574926099559788],[123.8827467167876,-5.574744291715631],[123.8829138746756,-5.574637293975896],[123.8830062152647,-5.574687191960307],[123.882825888604,-5.574926099559788]]],[[[123.8244624715658,-5.57409419339228],[123.827437874958,-5.5761767633469],[123.8180508287828,-5.577329312897365],[123.8218734097302,-5.574322783969236],[123.8244624715658,-5.57409419339228]]],[[[123.8787900118497,-5.57057404905306],[123.8786911367866,-5.57056269511225],[123.8786835312201,-5.570481319057556],[123.87876719515,-5.57047564163751],[123.8787900118497,-5.57057404905306]]],[[[123.8790486083067,-5.570526738418184],[123.8789725499433,-5.570496459144251],[123.8790181842419,-5.570403728249377],[123.8791075516721,-5.570460501550904],[123.8790486083067,-5.570526738418184]]],[[[123.8586480776468,-5.566104244914952],[123.8583565938818,-5.565812762049286],[123.8585201823606,-5.565628353365763],[123.8586956679707,-5.565928760204101],[123.8586480776468,-5.566104244914952]]],[[[123.8566759507346,-5.562966925783001],[123.8564296758888,-5.562742067392427],[123.8564689375914,-5.562538622759198],[123.8568758259587,-5.562820588998888],[123.8566759507346,-5.562966925783001]]],[[[123.8563446341977,-5.559762879653166],[123.8557592870615,-5.560257808051342],[123.8552786354008,-5.560010344301939],[123.8562637320856,-5.559477344903455],[123.8563446341977,-5.559762879653166]]],[[[123.8743977373657,-5.551839615006208],[123.8742378280134,-5.551714824179736],[123.8743192139606,-5.551500540917135],[123.8744584128255,-5.551746815762896],[123.8743977373657,-5.551839615006208]]],[[[123.8708512689709,-5.551062364236684],[123.8708125972237,-5.551089986013994],[123.8707954804271,-5.551073297294788],[123.870847884822,-5.551015425021769],[123.8708512689709,-5.551062364236684]]],[[[123.8707539533324,-5.551071365551045],[123.8706668611868,-5.551005850839345],[123.8707590650788,-5.550916621904526],[123.8708032415764,-5.551014968166238],[123.8707539533324,-5.551071365551045]]],[[[123.8413357109744,-5.550467275644237],[123.8588991063087,-5.568285947138722],[123.8801418268839,-5.571388985912921],[123.8823337418088,-5.582783634557024],[123.8639922350536,-5.594017782994224],[123.8475233641121,-5.58697682522025],[123.832090653361,-5.586079864793873],[123.8279895892482,-5.560955415759831],[123.8413357109744,-5.550467275644237]]],[[[123.8692555883748,-5.547955200272251],[123.8699575299161,-5.548285350388563],[123.8702311666351,-5.548799909188399],[123.8690057450192,-5.54869878132365],[123.8692555883748,-5.547955200272251]]],[[[123.8644199490214,-5.547558752134644],[123.8645579580833,-5.54783714896521],[123.8641129978166,-5.547879979177654],[123.8641225162412,-5.547508783103775],[123.8644199490214,-5.547558752134644]]],[[[123.8651242692697,-5.547208970717391],[123.8648744259141,-5.546966266180212],[123.8651552023508,-5.546792564824957],[123.8653027289379,-5.546947230230418],[123.8651242692697,-5.547208970717391]]],[[[123.8732950291424,-5.545315273680877],[123.876967124733,-5.54640902465671],[123.8737758516743,-5.551516207107258],[123.8703875902152,-5.549838063176064],[123.8732950291424,-5.545315273680877]]],[[[123.865271637576,-5.544308669709234],[123.8652559507017,-5.544187310695817],[123.8652958806004,-5.544149695651849],[123.8653194122611,-5.544267506839943],[123.865271637576,-5.544308669709234]]],[[[123.872949187655,-5.544583474647594],[123.87272383104,-5.544106164867538],[123.8729833591946,-5.54373997801754],[123.8732193493935,-5.54399169106368],[123.872949187655,-5.544583474647594]]],[[[123.8772596328259,-5.544029628964146],[123.8771275727793,-5.543794062346111],[123.8772810483817,-5.543462127075464],[123.8773524320692,-5.543669140218625],[123.8772596328259,-5.544029628964146]]],[[[123.8729617772644,-5.543700704623759],[123.8727561922445,-5.543502733264453],[123.8729198994339,-5.543297148244689],[123.8730683766044,-5.543489408009775],[123.8729617772644,-5.543700704623759]]],[[[123.8521840169789,-5.543049126915615],[123.8523920652417,-5.544217287797507],[123.8509098017461,-5.545622477595184],[123.8508295129717,-5.543266790729787],[123.8521840169789,-5.543049126915615]]],[[[123.8714989067492,-5.542213261932431],[123.8720328162615,-5.543610701372685],[123.8709293409164,-5.54503242880349],[123.8697485328686,-5.542447738572224],[123.8714989067492,-5.542213261932431]]],[[[123.8696940717241,-5.542166870404656],[123.8696382166305,-5.542166870404656],[123.8696108844347,-5.542120738780979],[123.869752303726,-5.542101814347226],[123.8696940717241,-5.542166870404656]]],[[[123.869866945703,-5.539237827963354],[123.8697754396849,-5.539234279238573],[123.8698277289666,-5.539106531441255],[123.8699228007966,-5.539183417180896],[123.869866945703,-5.539237827963354]]],[[[123.8691919379577,-5.53920790392162],[123.8701258758087,-5.539716514605412],[123.8695577803674,-5.542095975049203],[123.8683264088368,-5.540430352378748],[123.8691919379577,-5.53920790392162]]],[[[123.8690587429666,-5.538307768888354],[123.8689743667736,-5.538299488830293],[123.8689470336788,-5.538188301149186],[123.8690587429666,-5.538259272047678],[123.8690587429666,-5.538307768888354]]],[[[123.8690789462364,-5.538224969206932],[123.8689387149498,-5.538055821119218],[123.8690076416893,-5.537839359698608],[123.8691431191597,-5.537936353379961],[123.8690789462364,-5.538224969206932]]],[[[123.8605728759376,-5.537620964735694],[123.8592433523989,-5.537692942874965],[123.8619827071362,-5.535869086289295],[123.8617447600127,-5.536817896228889],[123.8605728759376,-5.537620964735694]]],[[[123.7399590127983,-5.533267158752312],[123.7494768572713,-5.538311616188078],[123.7546640820818,-5.546354193890827],[123.7463835572554,-5.550875170352824],[123.7364850000828,-5.542261521352091],[123.7399590127983,-5.533267158752312]]],[[[123.8628159344078,-5.53268748094247],[123.8627631693848,-5.532664770362831],[123.8627802816848,-5.532551214766705],[123.8628900898059,-5.532595217695117],[123.8628159344078,-5.53268748094247]]],[[[123.8652137257329,-5.532148180893762],[123.8603383057683,-5.547779122008815],[123.8674553911534,-5.552761832892176],[123.8635954118988,-5.557133329439593],[123.8591716341637,-5.559329186092991],[123.8468228479961,-5.555212805626367],[123.8449423988727,-5.549450199966691],[123.850833102166,-5.548191711178489],[123.8556539027055,-5.540657233344585],[123.8652137257329,-5.532148180893762]]],[[[123.7505259362231,-5.497534903113247],[123.7504207632077,-5.497497048849612],[123.7504142260358,-5.497347998811079],[123.750547326598,-5.497444999686944],[123.7505259362231,-5.497534903113247]]],[[[123.7585581447427,-5.496642192882887],[123.7594794453201,-5.496845053856062],[123.7597494325903,-5.499191576629928],[123.7586836181544,-5.498358659624428],[123.7585581447427,-5.496642192882887]]],[[[123.7568346363095,-5.495443947879845],[123.7567804449615,-5.49542691382097],[123.7567897151733,-5.495360906280736],[123.7568738530459,-5.495364455005517],[123.7568346363095,-5.495443947879845]]],[[[123.7602800856575,-5.484142234276649],[123.7715016238009,-5.491537598681155],[123.7461746411468,-5.490566778733789],[123.7475452097437,-5.48542714334788],[123.7602800856575,-5.484142234276649]]],[[[123.7845603950463,-5.476747387881601],[123.7844794938336,-5.476724545101578],[123.7844794938336,-5.476695990727335],[123.784555635834,-5.476676004194196],[123.7845603950463,-5.476747387881601]]],[[[123.7899714242419,-5.475751860859627],[123.789913786692,-5.47570690824715],[123.7899256712328,-5.475651899415616],[123.7899922210642,-5.475691528940877],[123.7899714242419,-5.475751860859627]]],[[[123.7786610780464,-5.474172097364408],[123.7785909633023,-5.47417801220547],[123.7785838316786,-5.474109399329289],[123.778678904408,-5.474095202631516],[123.7786610780464,-5.474172097364408]]],[[[123.7772746526032,-5.474258967377369],[123.7771591409816,-5.474223477431543],[123.7771848103309,-5.474073002866734],[123.7773416790753,-5.474156756728891],[123.7772746526032,-5.474258967377369]]],[[[123.7779955752357,-5.473800641386432],[123.7783402107322,-5.473805372719712],[123.778430528746,-5.47404906741045],[123.7779599234118,-5.474067995441593],[123.7779955752357,-5.473800641386432]]],[[[123.777762649027,-5.473821934634574],[123.7776414321065,-5.473776982022097],[123.7777174895706,-5.473668147866721],[123.7778101853918,-5.473750955642024],[123.777762649027,-5.473821934634574]]],[[[123.7766874798434,-5.47353119730685],[123.7765947849215,-5.47350138568035],[123.7766618113936,-5.473410534368631],[123.7767559317409,-5.473471574953218],[123.7766874798434,-5.47353119730685]]],[[[123.778430528746,-5.473474138920301],[123.778365166919,-5.473456394397028],[123.7783829932806,-5.473364122156425],[123.7784638036617,-5.473405526044121],[123.778430528746,-5.473474138920301]]],[[[123.7769313400093,-5.473481511562443],[123.7768543310627,-5.473419050948428],[123.7769270610351,-5.473333876157386],[123.7769669918333,-5.473410534368631],[123.7769313400093,-5.473481511562443]]],[[[123.7766717929689,-5.473265737223957],[123.7765548550226,-5.473218890639301],[123.7765762462969,-5.473120940079283],[123.7767003149676,-5.473206114870236],[123.7766717929689,-5.473265737223957]]],[[[123.7777758160011,-5.472806976860482],[123.7777057003579,-5.472792781061989],[123.7777223378157,-5.472722984677939],[123.7777888876471,-5.472740730100582],[123.7777758160011,-5.472806976860482]]],[[[123.7758208085835,-5.472735793721898],[123.7757578227654,-5.472697938558983],[123.7757970413005,-5.472643520582014],[123.7758445758666,-5.472662448613067],[123.7758208085835,-5.472735793721898]]],[[[123.6903357766748,-5.469626404834641],[123.6902632850227,-5.469631137067291],[123.6901979231957,-5.469540047435188],[123.6902834873931,-5.469487995574499],[123.6903357766748,-5.469626404834641]]],[[[123.6916424547355,-5.46947473597024],[123.7321239275773,-5.479883092730534],[123.732903200922,-5.489412835234101],[123.770845059352,-5.508554334814678],[123.8104785083765,-5.557783672378561],[123.8254833891472,-5.558402333101124],[123.8271625753926,-5.571103062656205],[123.8073120413177,-5.577979941820813],[123.8183540478011,-5.601586337939128],[123.7804748136619,-5.589856783563699],[123.7594537633805,-5.555156509864982],[123.7632736904284,-5.550943674410983],[123.7495697797216,-5.533320196269979],[123.7136988090529,-5.506627403331946],[123.6916424547355,-5.46947473597024]]],[[[123.6902069550869,-5.469381684916711],[123.6901327978903,-5.469341935781617],[123.6901917430546,-5.469194298577999],[123.6902278697205,-5.469340042708807],[123.6902069550869,-5.469381684916711]]],[[[123.6908193133606,-5.469035668061543],[123.6907603681965,-5.469048917773271],[123.690691916299,-5.468941028805378],[123.6907394517644,-5.468920208600706],[123.6908193133606,-5.469035668061543]]],[[[123.7805713738699,-5.464580333115857],[123.7808508849604,-5.464974034723883],[123.7800541827544,-5.464497049599152],[123.7802424252478,-5.464379697065328],[123.7805713738699,-5.464580333115857]]],[[[123.7800674927207,-5.464383482311844],[123.7799610120912,-5.4643664473536],[123.7799686176577,-5.464305878013834],[123.7800865070867,-5.464324806044977],[123.7800674927207,-5.464383482311844]]],[[[123.7792974931848,-5.463624815133076],[123.7788910598746,-5.46351834529533],[123.7788827420449,-5.463150431746992],[123.779089523163,-5.463235608336595],[123.7792974931848,-5.463624815133076]]],[[[123.7789029444155,-5.463100746002584],[123.7788958136909,-5.463117307917357],[123.7788649156834,-5.463100746002584],[123.7788791762331,-5.463083000579942],[123.7789029444155,-5.463100746002584]]],[[[123.7785690036567,-5.462635235327777],[123.7777418791844,-5.462152570084981],[123.7775493577168,-5.461627317446708],[123.7779843121264,-5.4616415132452],[123.7785690036567,-5.462635235327777]]],[[[123.7763761471415,-5.45982873540776],[123.7762164257475,-5.459732202179327],[123.7762264082222,-5.459578883958275],[123.7763704418425,-5.459681096405403],[123.7763761471415,-5.45982873540776]]],[[[123.7761779221735,-5.459517840675757],[123.7760795219524,-5.459446859884646],[123.7760766702022,-5.459279345865101],[123.7761650870492,-5.459392914951059],[123.7761779221735,-5.459517840675757]]],[[[123.77614797385,-5.459277926734866],[123.7761023395514,-5.459279345865101],[123.7760895053265,-5.459221141742247],[123.776166513374,-5.459218302582584],[123.77614797385,-5.459277926734866]]],[[[123.7737617837794,-5.457439442676097],[123.7736881032234,-5.457386207307628],[123.7737059286857,-5.457306944659716],[123.773765348692,-5.457345985129062],[123.7737617837794,-5.457439442676097]]],[[[123.7739150867119,-5.457180363283135],[123.7738093201441,-5.457147238554131],[123.7738378412435,-5.457095185794073],[123.7739590581641,-5.457131860147139],[123.7739150867119,-5.457180363283135]]],[[[123.7683312581811,-5.457105677285127],[123.7682718381749,-5.457109226009908],[123.7682706492712,-5.457042976552077],[123.7683074899987,-5.457031146869865],[123.7683312581811,-5.457105677285127]]],[[[123.7731823730682,-5.456528974432543],[123.7863599933192,-5.474136382587939],[123.7863447408172,-5.477084987082462],[123.772921282791,-5.469905288198421],[123.7613543366334,-5.476348211200913],[123.7613981713885,-5.460006388384001],[123.7731823730682,-5.456528974432543]]],[[[123.6050786878312,-5.425370497150687],[123.6049331091757,-5.425391200443456],[123.604820210984,-5.425240358056075],[123.6050697746504,-5.425264020118429],[123.6050786878312,-5.425370497150687]]],[[[123.6036886659993,-5.424882582565064],[123.6032896745788,-5.42472080442156],[123.603263078928,-5.424558617086443],[123.6038471841003,-5.424634214996952],[123.6036886659993,-5.424882582565064]]],[[[123.5967124009565,-5.42215170393792],[123.596566822301,-5.422018607872373],[123.5966024741249,-5.421959454065543],[123.5967272559581,-5.422042269035447],[123.5967124009565,-5.42215170393792]]],[[[123.5947743169812,-5.421311899024842],[123.5949848986343,-5.421358298646498],[123.5949741913059,-5.421608142901472],[123.5944745045948,-5.421126302336957],[123.5947743169812,-5.421311899024842]]],[[[123.5948956688002,-5.420812213213003],[123.5955773845886,-5.421012088437108],[123.5959485797632,-5.421590296754778],[123.59512052809,-5.421369005974767],[123.5948956688002,-5.420812213213003]]],[[[123.5969629700651,-5.420457140184868],[123.5968249610033,-5.420438104235074],[123.5967440588913,-5.420242989122563],[123.597020077015,-5.42034292628493],[123.5969629700651,-5.420457140184868]]],[[[123.5952202997771,-5.420112894094745],[123.5954357719434,-5.420246179917213],[123.5953620077505,-5.420569786566335],[123.5949099113634,-5.42020334970477],[123.5952202997771,-5.420112894094745]]],[[[123.5955459101156,-5.419962077787569],[123.5954199393788,-5.419876895802104],[123.5956362281295,-5.419827205561027],[123.5956552415962,-5.419898191748088],[123.5955459101156,-5.419962077787569]]],[[[123.612543148048,-5.402331695551225],[123.6426571266252,-5.419286225578793],[123.6433895120165,-5.426806038168123],[123.6280516626541,-5.434948981110547],[123.5852086933267,-5.411858244562299],[123.612543148048,-5.402331695551225]]],[[[123.6002306324378,-5.388171048854743],[123.6042242419553,-5.394561623220254],[123.5920613276682,-5.397207083340198],[123.5907787082708,-5.389601995235863],[123.6002306324378,-5.388171048854743]]],[[[123.6133444601787,-5.387380213825725],[123.613583417241,-5.387528366340958],[123.613036942401,-5.38792622461555],[123.61286003856,-5.387742109111019],[123.6133444601787,-5.387380213825725]]],[[[123.6065481836519,-5.387100369086698],[123.6070615841249,-5.387060965291272],[123.6071400382822,-5.387907561884457],[123.6057451547152,-5.387068258793074],[123.6065481836519,-5.387100369086698]]],[[[123.6038932051074,-5.387080379855628],[123.6038361620093,-5.387023588567689],[123.6039302832559,-5.386897228424274],[123.6039374130812,-5.386979574847465],[123.6038932051074,-5.387080379855628]]],[[[123.6151650522254,-5.385417127798212],[123.6150105603891,-5.385260359777781],[123.6153195440618,-5.385230781075626],[123.6153195440618,-5.385337265302485],[123.6151650522254,-5.385417127798212]]],[[[123.6015852155852,-5.386364928698465],[123.6013784353665,-5.385385279207248],[123.6023196460349,-5.384831563026164],[123.602034431444,-5.38580411506782],[123.6015852155852,-5.386364928698465]]],[[[123.6156493245568,-5.385272192157923],[123.6155108757264,-5.385245571325984],[123.6155215722628,-5.384804845966843],[123.6156879477406,-5.38490541355399],[123.6156493245568,-5.385272192157923]]],[[[123.5826100896839,-5.384917423999872],[123.5825186358265,-5.384744491564923],[123.5828269755846,-5.38464206777716],[123.5827835401284,-5.38484589102504],[123.5826100896839,-5.384917423999872]]],[[[123.6151828776877,-5.385139087099126],[123.6150343276721,-5.384997109329141],[123.6152928054187,-5.384615541374131],[123.6153908477095,-5.384822593188047],[123.6151828776877,-5.385139087099126]]],[[[123.5831888933528,-5.384638008237434],[123.5830320237089,-5.384552820855929],[123.5833292640343,-5.384432167810242],[123.5833323927758,-5.384505685588862],[123.5831888933528,-5.384638008237434]]],[[[123.6400914894308,-5.383945468208732],[123.6388641342724,-5.393194909117741],[123.6290988908013,-5.391068722043783],[123.6327220506821,-5.385698924965324],[123.6400914894308,-5.383945468208732]]],[[[123.6018427211648,-5.379603151064564],[123.6023305098451,-5.380180169579133],[123.6009266276618,-5.380525191784073],[123.601134830608,-5.379609099180519],[123.6018427211648,-5.379603151064564]]],[[[123.5379618491601,-5.363540262872827],[123.5376861404031,-5.363426675800368],[123.5378810378797,-5.363024389264107],[123.5380046308092,-5.363426675800368],[123.5379618491601,-5.363540262872827]]],[[[123.535802528364,-5.361769016626798],[123.5344952900257,-5.361934664553107],[123.5338892072213,-5.361538292857818],[123.5342160163561,-5.361419972653517],[123.535802528364,-5.361769016626798]]],[[[123.5386094581601,-5.35766486514138],[123.5375529768885,-5.358428671945584],[123.5353186643249,-5.357350776017426],[123.5379955566497,-5.356108697158638],[123.5386094581601,-5.35766486514138]]],[[[123.5367580202664,-5.356229964441254],[123.5364750818596,-5.35580174685311],[123.5372460265829,-5.355773193378147],[123.5372353192546,-5.355948083637045],[123.5367580202664,-5.356229964441254]]],[[[123.5396231092192,-5.354401909820242],[123.5391831123109,-5.354371660223904],[123.539419664586,-5.353962898568891],[123.5398800895945,-5.354216312232988],[123.5396231092192,-5.354401909820242]]],[[[123.5307925005735,-5.351974124306373],[123.5307563739076,-5.351969392073722],[123.5307497189244,-5.351935314962723],[123.5308048608557,-5.351938155021755],[123.5307925005735,-5.351974124306373]]],[[[123.5349092011987,-5.3515906219096],[123.5390036741803,-5.353955173392481],[123.5304734283061,-5.355401216692782],[123.5310773167648,-5.352152174782957],[123.5349092011987,-5.3515906219096]]],[[[124.3463655138574,-5.334904722075232],[124.3463031206925,-5.334899514101269],[124.3463369918587,-5.334770304905571],[124.3463731203233,-5.334785450388128],[124.3463655138574,-5.334904722075232]]],[[[124.3443264692912,-5.332471025317512],[124.344262285576,-5.332485678870905],[124.3442185533435,-5.332351261701333],[124.3443250330739,-5.332377765621369],[124.3443264692912,-5.332471025317512]]],[[[123.4694537826661,-5.326260302770684],[123.4969940688213,-5.336845214435097],[123.5074050246222,-5.353542837831674],[123.5271570559534,-5.362555012403884],[123.5283431529142,-5.376314099216265],[123.5375903706991,-5.369398773134807],[123.5412606622498,-5.377236675931822],[123.528049219396,-5.380910762621553],[123.4791520113563,-5.359725677797726],[123.4638027181209,-5.334123603321554],[123.4694537826661,-5.326260302770684]]],[[[124.3282523521643,-5.322603587385614],[124.3476520471044,-5.334897392600605],[124.3502450569639,-5.349985445371956],[124.3338487730025,-5.343135153764304],[124.3221406575653,-5.32405211011671],[124.3282523521643,-5.322603587385614]]],[[[123.6502558187512,-5.302620532811345],[123.64971230358,-5.303473161157405],[123.6490346536265,-5.30392383391776],[123.6505368308102,-5.301911786999351],[123.6502558187512,-5.302620532811345]]],[[[123.6507765801751,-5.301257199260315],[123.6507124063526,-5.300944803559807],[123.650855013648,-5.300426510774762],[123.6508871005593,-5.300927053640584],[123.6507765801751,-5.301257199260315]]],[[[124.2967548952223,-5.298655924631194],[124.2966990401287,-5.298646459266613],[124.296708546862,-5.298593208609662],[124.2967667788638,-5.298625158823959],[124.2967548952223,-5.298655924631194]]],[[[124.2964637370119,-5.298880756042016],[124.2962949846259,-5.298749408258522],[124.2964423457378,-5.298484343877322],[124.2965576208376,-5.298626342331739],[124.2964637370119,-5.298880756042016]]],[[[124.2959893284448,-5.298357176142669],[124.2958828478153,-5.2983325625976],[124.2957839727522,-5.298181097879321],[124.2959855261111,-5.298200031306325],[124.2959893284448,-5.298357176142669]]],[[[123.6509087661267,-5.299501707337909],[123.6478480656358,-5.295328649797319],[123.6487518096484,-5.294296176827088],[123.6506500959253,-5.296973094332794],[123.6509087661267,-5.299501707337909]]],[[[123.6485301843206,-5.292760870417793],[123.6484767061352,-5.292758503402143],[123.6484755172314,-5.292686320217469],[123.6485218646924,-5.292715903416116],[123.6485301843206,-5.292760870417793]]],[[[124.2998395824309,-5.292244700932151],[124.2997742197046,-5.29221452597957],[124.2997546108867,-5.292130510414665],[124.299816407801,-5.292164825845961],[124.2998395824309,-5.292244700932151]]],[[[124.2971540494199,-5.291125527920729],[124.3005877050587,-5.293679616920669],[124.2983249802137,-5.298555609753545],[124.2931884492876,-5.294393033811388],[124.2971540494199,-5.291125527920729]]],[[[123.5239655607621,-5.282088404356315],[123.5238561060745,-5.282174064781201],[123.5237561680129,-5.281926601031798],[123.5238426144452,-5.28186501006214],[123.5239655607621,-5.282088404356315]]],[[[123.5907684353151,-5.247843413342838],[123.5905973060209,-5.247845307315017],[123.590064902873,-5.247434424159251],[123.5904356843594,-5.247508269291127],[123.5907684353151,-5.247843413342838]]],[[[123.5899241967444,-5.247406021770455],[123.5897454618836,-5.247356791982297],[123.5897416586507,-5.247324603447615],[123.5898405337138,-5.247301881176795],[123.5899241967444,-5.247406021770455]]],[[[123.5749297319216,-5.245186476074951],[123.5748156457255,-5.245200677269394],[123.5746492702477,-5.245049199061195],[123.5748726888236,-5.245063400255638],[123.5749297319216,-5.245186476074951]]],[[[123.5832067080232,-5.246944191121442],[123.6240648601052,-5.267172607729601],[123.6443442269046,-5.295075462762337],[123.6337831157982,-5.340935796949412],[123.6389045830801,-5.368367995386584],[123.6176726966377,-5.383911935187572],[123.6155019220761,-5.37374740981507],[123.5997081748924,-5.377762778429388],[123.6049765221488,-5.382266660577865],[123.5996552767697,-5.386083055088856],[123.5818170270342,-5.382597898873857],[123.5388602170254,-5.350018026011031],[123.5379232529558,-5.330928668223382],[123.5293483827218,-5.32106774498036],[123.5222847449451,-5.256505840671969],[123.5329848049049,-5.247760047088405],[123.5832067080232,-5.246944191121442]]]]}},{"type":"Feature","properties":{"kode":"74.08","nama":"Kabupaten Kolaka Utara","lat":-3.2627120717445273,"lng":121.13404661467743},"geometry":{"type":"MultiPolygon","coordinates":[[[[121.0441370256033,-3.031221489380156],[121.0429694870522,-3.030600911302963],[121.0431307993469,-3.029797616167043],[121.0443658446081,-3.030579032596206],[121.0441370256033,-3.031221489380156]]],[[[121.0549213619314,-3.021674318914583],[121.0552586130946,-3.021687359084327],[121.0554390188957,-3.022023361988582],[121.0550113678804,-3.021955348060848],[121.0549213619314,-3.021674318914583]]],[[[121.0735343002678,-2.988250229964054],[121.0727182536446,-2.987828665560402],[121.0727424310184,-2.987580452675756],[121.0735348578475,-2.987930362696003],[121.0735343002678,-2.988250229964054]]],[[[121.0646602651592,-2.980238301156637],[121.0641495968265,-2.981836132931173],[121.0630553125527,-2.981781285078158],[121.0628616948114,-2.98118556066507],[121.0646602651592,-2.980238301156637]]],[[[121.0760144982705,-2.965398275110223],[121.0757654031509,-2.96545468598495],[121.0757490300936,-2.965171409432957],[121.0759808726192,-2.965178532063531],[121.0760144982705,-2.965398275110223]]],[[[121.0649721329577,-2.962025935248638],[121.0645369905896,-2.961709102293211],[121.0648339332395,-2.961102015845343],[121.0652044683117,-2.961567484251917],[121.0649721329577,-2.962025935248638]]],[[[121.070427168679,-2.96132098367641],[121.0696678746727,-2.961042158768537],[121.0699034269017,-2.960412981373997],[121.0705584472146,-2.960921379817785],[121.070427168679,-2.96132098367641]]],[[[121.0640068474381,-2.960389491981433],[121.0637127232636,-2.960223870135417],[121.063706326386,-2.960075119571018],[121.0639996600563,-2.960266021359795],[121.0640068474381,-2.960389491981433]]],[[[121.0703889393981,-2.957686602054979],[121.0698638648256,-2.957548428417203],[121.0709060279908,-2.957293638790384],[121.070947366228,-2.957416049111286],[121.0703889393981,-2.957686602054979]]],[[[121.0659598115961,-2.956685354445446],[121.0658493352787,-2.956415956231309],[121.0659019806919,-2.956359861918026],[121.066040895371,-2.956588214174685],[121.0659598115961,-2.956685354445446]]],[[[120.9676191985672,-2.81041341964359],[120.9576929746511,-2.815026125155454],[120.9550601068386,-2.81105669391131],[120.9648132544282,-2.807481723302788],[120.9676191985672,-2.81041341964359]]],[[[121.0990891801216,-2.786598917705854],[121.1305212770353,-2.795296841276221],[121.1532071280067,-2.812703815728471],[121.1650699996808,-2.846811000027552],[121.1865900001285,-2.842016000138228],[121.2010030001884,-2.857131000195492],[121.2092219996957,-2.853581000162977],[121.2130200759158,-2.870413829434673],[121.2259472637553,-2.869825485757518],[121.2307149997975,-2.88666599973604],[121.2454310003404,-2.892703000243182],[121.2517159996937,-2.906512000328545],[121.2973190000719,-2.926495000044119],[121.2999629996927,-2.944133000437501],[121.3190379998039,-2.963966000430476],[121.3612181660855,-2.987570317316182],[121.3696034943059,-3.011693425211417],[121.3609422558804,-3.051478013399558],[121.3854031149618,-3.077699673101433],[121.3882108793287,-3.097401611295217],[121.4120562513949,-3.109663765770135],[121.4168913160814,-3.143071398925892],[121.4416186748621,-3.169527198021774],[121.4309722342813,-3.275444164916211],[121.3799866862366,-3.247975952228346],[121.3378498133183,-3.248684923770176],[121.2818055445903,-3.227068496214061],[121.2474030121393,-3.225888216967546],[121.2264210257098,-3.229360246677951],[121.2208022099541,-3.254353337136775],[121.185535635861,-3.274671969235923],[121.1701288291822,-3.296164742708621],[121.1601367137384,-3.292900041803451],[121.1581828907278,-3.32431853737061],[121.1515581113179,-3.327832594198801],[121.1581498019718,-3.339238324289154],[121.1414360744153,-3.365275508757717],[121.1341767369669,-3.365776988717053],[121.1356503750648,-3.389922523905289],[121.1228622278096,-3.411155772820587],[121.1548907227287,-3.438706601728272],[121.1438884482933,-3.460042948023625],[121.1239174392386,-3.468412672107116],[121.1271785419563,-3.480219166181511],[121.1205715862099,-3.490351216135659],[121.1503843386664,-3.505737229589448],[121.1571727551186,-3.536087576080751],[121.1734407013274,-3.542838356804692],[121.1865214250238,-3.563453796655283],[121.2358961092182,-3.602632540359421],[121.2527283026691,-3.65702173816265],[121.1329644814257,-3.709467510916811],[121.1026509756621,-3.745308020648588],[121.0840323464158,-3.714760198324443],[121.0113695415712,-3.679255258023753],[120.9847311540197,-3.645566275563075],[120.9446974716111,-3.620285479391308],[120.9345040438266,-3.595056759361873],[120.9057936758376,-3.576547118054998],[120.89926239984,-3.565888252440866],[120.9108218456517,-3.568111077963801],[120.9063344148014,-3.557764931806132],[120.8804629268227,-3.529562045851689],[120.8644975440265,-3.435366013330812],[120.8963607867209,-3.402653167609573],[120.8946968448836,-3.386802287395588],[120.9146157939837,-3.369395386687726],[120.9208083646143,-3.353118013785286],[120.9380704097217,-3.335418699413387],[120.9569945089895,-3.330337206996406],[120.9555422747562,-3.296472317143698],[120.9724635928206,-3.264182072744395],[121.0203944451475,-3.24435016902507],[121.036444827367,-3.205038849063582],[121.0497164186778,-3.199352933990676],[121.0608132622224,-3.208035409906154],[121.0694936310263,-3.204258072052271],[121.0558830609546,-3.184875176448168],[121.0561582049372,-3.117788404810964],[121.0444697792569,-3.10810264971744],[121.0559763368385,-3.097555198413618],[121.0600618031097,-3.067525071724633],[121.0432209941537,-3.04467501084307],[121.0561395709844,-3.02284616521831],[121.0643256238285,-3.037124365896718],[121.0731312457104,-3.032378697418883],[121.075779304871,-3.00896578324428],[121.0896421698503,-3.015732588088474],[121.0915208068399,-2.996702877835469],[121.0732848921841,-2.998375159086278],[121.0786852788026,-2.981417326748195],[121.0663273339394,-2.983483663939859],[121.062855887889,-2.958382367052506],[121.0814945837081,-2.971901957209491],[121.0822153948246,-2.947599032569295],[121.0903087977129,-2.944854069659522],[121.0849818821082,-2.932517216596223],[121.0906631773638,-2.923342387940833],[121.0785619349853,-2.906730690269102],[121.0801020158953,-2.895806398746251],[121.0725615296909,-2.898343971696862],[121.0782923002495,-2.865180338102016],[121.0656369298005,-2.853955792625731],[121.0643378474137,-2.877547904811964],[121.0462366179256,-2.865268229744958],[121.0369734281812,-2.807440718714174],[121.0273180377973,-2.849491520217454],[121.0163640920293,-2.837915921682368],[120.9916201452536,-2.840774579583163],[121.0101943587826,-2.866442845061171],[120.9899040616232,-2.839592168044083],[120.9967338459902,-2.82729290394437],[121.0214444441059,-2.816944443830918],[121.0331138401317,-2.791338030125948],[121.0683327942231,-2.787015819124663],[121.0824598611338,-2.773288753573036],[121.0990891801216,-2.786598917705854]]]]}},{"type":"Feature","properties":{"kode":"74.09","nama":"Kabupaten Konawe Utara","lat":-3.3906967981068687,"lng":122.03045499885641},"geometry":{"type":"MultiPolygon","coordinates":[[[[122.2612376552936,-3.651733307246266],[122.2604924689523,-3.652588360164691],[122.258664709309,-3.65173716443852],[122.2605248778209,-3.649375143647918],[122.2612376552936,-3.651733307246266]]],[[[122.2786988426775,-3.567852132569874],[122.2784637841763,-3.566861042802818],[122.2790284163284,-3.566778912217019],[122.2793461351162,-3.567159727439487],[122.2786988426775,-3.567852132569874]]],[[[122.2496317199279,-3.560557562381542],[122.2499816839077,-3.563755531792337],[122.2485706539125,-3.564759635648576],[122.246467600999,-3.561387900131388],[122.2496317199279,-3.560557562381542]]],[[[122.2431765265756,-3.562624831270947],[122.2416038101678,-3.563262589097141],[122.2404184065842,-3.562177367291566],[122.2422851203621,-3.560319182684138],[122.2431765265756,-3.562624831270947]]],[[[122.2526359663768,-3.561536151572112],[122.2518328529039,-3.560482368266696],[122.2520718171607,-3.559549106705864],[122.2529698819546,-3.561015843406404],[122.2526359663768,-3.561536151572112]]],[[[122.2823324221037,-3.560746802223116],[122.278754183359,-3.559577170949593],[122.281467937995,-3.555838269220748],[122.2818773651484,-3.55622274378449],[122.2823324221037,-3.560746802223116]]],[[[122.324420559861,-3.531450650027404],[122.3470229168741,-3.542347337759358],[122.3357391123702,-3.548657581082429],[122.3344329154468,-3.564874128338305],[122.3536302719195,-3.573980614813513],[122.3674856653313,-3.570984619644404],[122.368179875401,-3.577371647983155],[122.3535583774173,-3.574707239147726],[122.333922646413,-3.584599162021698],[122.3081774853027,-3.576158859143932],[122.2816552982534,-3.590916171843775],[122.2782780346037,-3.570339448706575],[122.2960585712461,-3.543086252228703],[122.2939801372736,-3.535456603639345],[122.324420559861,-3.531450650027404]]],[[[122.3198000401399,-3.500703965115884],[122.3185357399325,-3.499956266068763],[122.3202586512158,-3.498945064762873],[122.3210013509316,-3.49961339594145],[122.3198000401399,-3.500703965115884]]],[[[122.4794942215812,-3.493732998878743],[122.4790588876576,-3.494839790024232],[122.4772186364309,-3.495054185702065],[122.4784222719703,-3.493786257629663],[122.4794942215812,-3.493732998878743]]],[[[122.4653325181812,-3.493873406432504],[122.4651253503547,-3.493751214646837],[122.465215974138,-3.493562173555434],[122.4653612497219,-3.493612522100234],[122.4653325181812,-3.493873406432504]]],[[[122.4887050177224,-3.493943926770784],[122.4884763722869,-3.493886354871359],[122.4886290124191,-3.493536974551661],[122.4887433036606,-3.49362320694542],[122.4887050177224,-3.493943926770784]]],[[[122.4654783720293,-3.493323923360306],[122.4650115843173,-3.493160893360495],[122.4649354710951,-3.492962181859196],[122.4651451120574,-3.492924004738976],[122.4654783720293,-3.493323923360306]]],[[[122.4667977359269,-3.493233674594334],[122.4665927831306,-3.492844316711777],[122.4669917799468,-3.492835569006283],[122.4671762380929,-3.493101958988179],[122.4667977359269,-3.493233674594334]]],[[[122.4174163877562,-3.493260813435731],[122.4215725911023,-3.494390042666298],[122.4217959692087,-3.497167214795097],[122.420299575565,-3.496678738133221],[122.4168478732308,-3.492673203605426],[122.4174163877562,-3.493260813435731]]],[[[122.4885198617023,-3.492753015739039],[122.4881193603203,-3.493340422322591],[122.4876906166287,-3.493292315787658],[122.4878099431744,-3.492880684396019],[122.4885198617023,-3.492753015739039]]],[[[122.4661422218862,-3.492268205613128],[122.4658803114273,-3.492067593844331],[122.465993980338,-3.491968047887076],[122.4661423217109,-3.492091678588041],[122.4661422218862,-3.492268205613128]]],[[[122.4660886870434,-3.490805603096073],[122.4656321093345,-3.491698566035931],[122.4650310681294,-3.491274329746455],[122.4652352052405,-3.490867775027764],[122.4660886870434,-3.490805603096073]]],[[[122.4660384041491,-3.489053903614694],[122.4655079102619,-3.488998642972943],[122.4654260152984,-3.488751289840122],[122.4655956139464,-3.488652462441147],[122.4660384041491,-3.489053903614694]]],[[[122.4647041591696,-3.490690102266372],[122.462997449173,-3.489279349262533],[122.463164607061,-3.487979027609958],[122.4643999481991,-3.488572145787819],[122.4647041591696,-3.490690102266372]]],[[[122.418148911643,-3.48860097535473],[122.4169585923651,-3.487489622847731],[122.4175760246139,-3.486689345836583],[122.4178736480504,-3.486896589206159],[122.418148911643,-3.48860097535473]]],[[[122.4618425847676,-3.487005883814456],[122.4614925659292,-3.486761538014507],[122.4615536002186,-3.48624815013199],[122.461696455727,-3.486363123958894],[122.4618425847676,-3.487005883814456]]],[[[122.4630078282487,-3.486241802716952],[122.4620466499329,-3.486298698326243],[122.4620720431904,-3.485627313949349],[122.4629651194448,-3.48594736827639],[122.4630078282487,-3.486241802716952]]],[[[122.4672946509274,-3.485926047149304],[122.4664549719195,-3.485954292156793],[122.4662836195935,-3.485681327231374],[122.4667124280362,-3.485602581693728],[122.4672946509274,-3.485926047149304]]],[[[122.4645520586307,-3.48609358634995],[122.4641471937381,-3.485952731833011],[122.4646596840973,-3.485324710067308],[122.4649988741987,-3.48576472406277],[122.4645520586307,-3.48609358634995]]],[[[122.3229890379139,-3.484256839781244],[122.3226958085647,-3.485783628711461],[122.3219450734065,-3.486369498353595],[122.3216784271178,-3.484520313261788],[122.3229890379139,-3.484256839781244]]],[[[122.414849025662,-3.48450561384295],[122.413958418946,-3.484083792233131],[122.4138108716744,-3.483863491606856],[122.4144303471828,-3.483610161579589],[122.414849025662,-3.48450561384295]]],[[[122.4882796329987,-3.48277916372737],[122.4878524082622,-3.482677326297503],[122.4877405667739,-3.48230927515292],[122.4884427115619,-3.482419455593336],[122.4882796329987,-3.48277916372737]]],[[[122.4862481031675,-3.482025355585597],[122.4882714392755,-3.484690321101327],[122.4838364991551,-3.488537142375117],[122.4844793948083,-3.47937941432839],[122.4862481031675,-3.482025355585597]]],[[[122.4831471490217,-3.472560714105624],[122.4828493879889,-3.472581493840801],[122.4826291359259,-3.472428781762796],[122.4830788320226,-3.472255494095736],[122.4831471490217,-3.472560714105624]]],[[[122.4835970852373,-3.471944611954283],[122.483275589297,-3.471809796384909],[122.4831299054208,-3.471417765717247],[122.4837074851124,-3.471516818846057],[122.4835970852373,-3.471944611954283]]],[[[122.3998338377614,-3.467771577796055],[122.4000676758826,-3.467924644206891],[122.3998921632928,-3.46894048691391],[122.3993983095844,-3.467991713846422],[122.3998338377614,-3.467771577796055]]],[[[122.4004386120523,-3.465974038071343],[122.3998811771746,-3.466230684798235],[122.3992254616858,-3.467591752956947],[122.3988232758735,-3.466354893763304],[122.4004386120523,-3.465974038071343]]],[[[122.3998128583768,-3.460770851193809],[122.4014900220469,-3.465314882675655],[122.3950159339383,-3.467274709560167],[122.3952534367967,-3.464430644058927],[122.3998128583768,-3.460770851193809]]],[[[122.3987493111319,-3.459616049740857],[122.3942085585782,-3.459935674191941],[122.3942749600215,-3.452783044002208],[122.3969330727031,-3.455456828269979],[122.3987493111319,-3.459616049740857]]],[[[122.4132433787789,-3.397879583276067],[122.4242817340149,-3.427984071307735],[122.4689334827941,-3.469947271649223],[122.4659474638045,-3.485658959293472],[122.4607485127338,-3.477230175831883],[122.4541409148713,-3.490440764329763],[122.4398727443318,-3.478136492804909],[122.4517977798437,-3.500013541191985],[122.4440212368907,-3.507645998364042],[122.4289534008788,-3.503352545883212],[122.4257789784172,-3.494557777019727],[122.4091421626808,-3.477237544876724],[122.410172641854,-3.451415633824409],[122.3990047707537,-3.43875610041369],[122.4046410270618,-3.402602583442407],[122.4132433787789,-3.397879583276067]]],[[[122.1993678220674,-3.091789376778278],[122.2235630888655,-3.101803502229819],[122.243950699865,-3.092606906383624],[122.2647839860922,-3.100993721183245],[122.2534654911396,-3.123915287160697],[122.2565394341476,-3.140334114427803],[122.2898298280842,-3.148655502649225],[122.3180727212791,-3.170702626325086],[122.312001956625,-3.19012587990535],[122.3163910061401,-3.203225271728874],[122.3015732329184,-3.211538100203162],[122.3133016352623,-3.221101173380417],[122.2956673112974,-3.226160442650253],[122.311870149288,-3.260515194120808],[122.3104274838414,-3.277078045115614],[122.2750843450665,-3.312958755442155],[122.2927655596829,-3.312399986869854],[122.2925161812768,-3.359974354233033],[122.3043382965752,-3.355668720435093],[122.3133577070926,-3.370473979590452],[122.3243278307648,-3.362406385446251],[122.3374050677898,-3.365097417811549],[122.3535957946104,-3.385853393819074],[122.3713616803973,-3.379688926103055],[122.3905027959674,-3.408798956406647],[122.3812305797276,-3.462357140169805],[122.3768293812711,-3.457274874335939],[122.3595515575583,-3.464486355261068],[122.3644845988851,-3.440477665411892],[122.3504068328092,-3.429698341005574],[122.3582712745997,-3.417372267216281],[122.3499473341022,-3.417697611355644],[122.3442463347006,-3.407291224110656],[122.3264569361387,-3.426126553097911],[122.3152514706789,-3.424512829403506],[122.3259343778693,-3.414262950274852],[122.3196228584083,-3.408342104404552],[122.328006054336,-3.401375480993599],[122.3202450345807,-3.396629011219845],[122.3304425650724,-3.391432426265409],[122.3231958478102,-3.386738374376444],[122.3281586548981,-3.373390774164855],[122.3093365792198,-3.384999539696912],[122.2895714681488,-3.377080646654454],[122.294168776368,-3.367886954719149],[122.2760279434349,-3.364163702093117],[122.2746062645675,-3.380820990895986],[122.2637983785923,-3.383158443107595],[122.27113957683,-3.390036816046196],[122.2644361211302,-3.391848385194754],[122.2677172580451,-3.399289862337243],[122.2522494503518,-3.388155430728526],[122.2390279117088,-3.389367635907606],[122.248731191891,-3.416195939590841],[122.2618855062112,-3.41632824605165],[122.2589048579729,-3.427024831031103],[122.2788547023826,-3.436545660353898],[122.3022107092569,-3.467858107865299],[122.2802127407255,-3.502858980857207],[122.2825608642924,-3.548938404283922],[122.2665130523356,-3.559090956082647],[122.2646953390188,-3.556284340150098],[122.2497511436004,-3.559202197723168],[122.2459338416735,-3.560635155887651],[122.2451461947412,-3.562539713137161],[122.242552281063,-3.560244311425789],[122.2417591977288,-3.560049785369282],[122.2318621559139,-3.562919302583703],[122.2314905263668,-3.565815085397864],[122.2354173297461,-3.576032489108075],[122.2352261716505,-3.576740795151492],[122.2300750564187,-3.5649765836024],[122.2010676612437,-3.564377818581457],[122.1954664928844,-3.607720277668649],[122.2462295792318,-3.65748626587841],[122.2465484662388,-3.667876581339138],[122.2611732593385,-3.667310798054826],[122.2718097201426,-3.681709158950477],[122.302050259412,-3.691396283711493],[122.3048655070376,-3.706243926116295],[122.3417340578805,-3.745071266026015],[122.3699276313551,-3.75154576062833],[122.3871361883845,-3.733140783320435],[122.3844842612398,-3.726370009768035],[122.3925913131386,-3.726082450644499],[122.4045086792322,-3.74978668400823],[122.442980164603,-3.749390359977125],[122.4513028019828,-3.782412130915061],[122.464316479422,-3.794960721260201],[122.4736973688386,-3.821710666114322],[122.4594557678695,-3.821443777008662],[122.4515339349432,-3.852970415152493],[122.4562385331818,-3.867036747248045],[122.4489801418201,-3.87041290023509],[122.4424536277328,-3.859156407242351],[122.4233207283689,-3.869334435935359],[122.3712494845761,-3.86281749333264],[122.336224380251,-3.828226117641156],[122.3126816201607,-3.823655594829825],[122.2886152567887,-3.806411620699704],[122.2900802398112,-3.786658359095954],[122.2681297132158,-3.767637059302745],[122.2565532522309,-3.761907520815358],[122.251811649588,-3.769089325012301],[122.2312221578764,-3.757166657415281],[122.2216726545694,-3.761246561379641],[122.2113927668628,-3.745001591949817],[122.1811974697875,-3.740531260809002],[122.1621234031726,-3.723137529773071],[122.1450644888351,-3.718951641604898],[122.1225598395651,-3.728691449550661],[122.1210319777436,-3.719115773274309],[122.102027708412,-3.717549669581535],[122.1062556605703,-3.69654316043844],[122.0872568078555,-3.686157499868672],[122.093727061255,-3.659824569748052],[122.0876220567126,-3.642245749241882],[122.0706327454049,-3.630688192905732],[122.0637398717977,-3.645529637182923],[122.0392943461572,-3.616425108931567],[122.0173441244318,-3.618589345421944],[122.003726902075,-3.586804875244789],[121.983170794097,-3.572172275130361],[121.9751773472568,-3.581045538620645],[121.9533790354142,-3.56375492744794],[121.9165418888971,-3.56778184785396],[121.9058815978575,-3.557999162930939],[121.8911590691358,-3.57368798171496],[121.8532513408768,-3.559584236922911],[121.8232105680133,-3.565095093563711],[121.8008260645713,-3.585067449802962],[121.7749655402276,-3.551845168719561],[121.7788493632077,-3.539599184954392],[121.7662840265866,-3.508158797190644],[121.7683351040818,-3.489544483790821],[121.7499095224066,-3.483530345848765],[121.7323015692621,-3.493680090863441],[121.6746358804416,-3.474329265083467],[121.6605239473224,-3.456672499436289],[121.6757672329715,-3.436479233729608],[121.6703769295517,-3.422941110343894],[121.662377211739,-3.417666835655877],[121.6189475139168,-3.425492940246924],[121.5879690152579,-3.398363558831166],[121.6092242705837,-3.371298112917545],[121.6135504143202,-3.335715372266604],[121.6076711656918,-3.318964039558717],[121.5835047302592,-3.299128590711822],[121.5739640519995,-3.265824343618531],[121.5559537916342,-3.250901942370701],[121.5461372418403,-3.225055431263149],[121.5557800803865,-3.197459656937587],[121.5852293700394,-3.177006119336914],[121.5952110029855,-3.159454738945014],[121.6154450637388,-3.167615293311046],[121.6334633721369,-3.157958750895576],[121.655140252121,-3.169844936594471],[121.6653671157997,-3.192108596334611],[121.6824103072899,-3.202587838557827],[121.6752928603772,-3.223977000238312],[121.7038473326883,-3.226484609577065],[121.7113282109283,-3.229815309029219],[121.7098765522611,-3.238890947858922],[121.7336416418484,-3.247185280875955],[121.7522111573192,-3.234824165003117],[121.7655993529279,-3.251969685852243],[121.773962834817,-3.251358710735877],[121.7831302323743,-3.238534963817477],[121.797578420208,-3.241796223017237],[121.8341965818069,-3.226377823177964],[121.8461109495607,-3.201071650835965],[121.9266479025787,-3.123025938596127],[121.9509633799561,-3.048295818996818],[121.9622835017823,-3.042896197701308],[122.030264385693,-3.048236952972941],[122.0386553949306,-3.052309845822679],[122.035268310684,-3.071831421382923],[122.0821502216554,-3.092383916784305],[122.1264707483265,-3.082660256165839],[122.1505941880714,-3.039353419224858],[122.1861953297507,-3.062082411573977],[122.1993678220674,-3.091789376778278]]]]}},{"type":"Feature","properties":{"kode":"74.10","nama":"Kabupaten Buton Utara","lat":-4.70375789474286,"lng":123.01238162438166},"geometry":{"type":"MultiPolygon","coordinates":[[[[122.9646061149803,-4.96699269985317],[122.9638067696668,-4.966889805719957],[122.9636437720425,-4.966387438129763],[122.9640658058923,-4.966105286629643],[122.9646061149803,-4.96699269985317]]],[[[123.1000927259986,-4.840687246918909],[123.100696342862,-4.841027212235963],[123.0980393246551,-4.841382493007609],[123.0990720458383,-4.840507342040182],[123.1000927259986,-4.840687246918909]]],[[[123.0946371929522,-4.836388789710869],[123.0950246082991,-4.836461317335841],[123.0948328989192,-4.837114792613553],[123.09431828616,-4.836392443656282],[123.0946371929522,-4.836388789710869]]],[[[123.0990581710978,-4.834085349858944],[123.0987059902893,-4.835551900399862],[123.0971753684485,-4.835422989779106],[123.0973376825881,-4.834146546925558],[123.0990581710978,-4.834085349858944]]],[[[123.0518507298274,-4.826394181346386],[123.0504144216883,-4.825016419072428],[123.0514250663138,-4.823639268337468],[123.0529404986051,-4.824746944415883],[123.0518507298274,-4.826394181346386]]],[[[123.0552801082904,-4.824497122644081],[123.0543580091149,-4.824214290357157],[123.0549112486552,-4.823226350015977],[123.0554227560555,-4.823742809982681],[123.0552801082904,-4.824497122644081]]],[[[123.051441305372,-4.811963799189892],[123.0488873683574,-4.805079415182847],[123.0517187201428,-4.801821780250906],[123.0568520234023,-4.804427147694648],[123.051441305372,-4.811963799189892]]],[[[123.1030195579064,-4.794839166893963],[123.1033401482293,-4.796022105435751],[123.1006257550746,-4.795777490738542],[123.1016458084074,-4.794670544010307],[123.1030195579064,-4.794839166893963]]],[[[123.0850561072537,-4.795184499365115],[123.1178543139255,-4.797127745448984],[123.1135161660383,-4.847291181842531],[123.0984235662946,-4.848362247419738],[123.1054274666044,-4.838579525624523],[123.0989233672196,-4.833506310567673],[123.0931599458748,-4.834177810957188],[123.0910663574265,-4.838760054632798],[123.0970848849595,-4.849412285948132],[123.0885097683113,-4.853419158667174],[123.0646175982237,-4.839603621409941],[123.0560549182999,-4.847694388385262],[123.0341831768123,-4.833331208968053],[123.038574987246,-4.823179553793347],[123.051816640126,-4.828532779963782],[123.0576457839259,-4.826540686303618],[123.0603259425883,-4.81275808221964],[123.0470646062467,-4.822051369574945],[123.0458858180761,-4.81310848237049],[123.0514124883958,-4.81335110776733],[123.0683393166063,-4.800046246936665],[123.0747874781597,-4.806556594810976],[123.0764131691325,-4.79650425266909],[123.0850561072537,-4.795184499365115]]],[[[123.1671393941678,-4.785310376772392],[123.1661130887482,-4.786881067906881],[123.1656056282972,-4.790085024104565],[123.164816504678,-4.787566457425976],[123.1671393941678,-4.785310376772392]]],[[[123.1159865857124,-4.787738579571757],[123.1129996017503,-4.795799411713444],[123.1017322899133,-4.792769934784571],[123.1149887429363,-4.784906401309355],[123.1159865857124,-4.787738579571757]]],[[[123.1158707818112,-4.784762293045366],[123.1149261609137,-4.783843935948864],[123.1155976289275,-4.782882994154816],[123.1161487586583,-4.783634199658573],[123.1158707818112,-4.784762293045366]]],[[[123.0457912705508,-4.781862421013885],[123.0445206400156,-4.781077921708723],[123.0444580948653,-4.779035574831861],[123.0465853701188,-4.781045505645556],[123.0457912705508,-4.781862421013885]]],[[[123.0506084926879,-4.783585438417218],[123.0483645681703,-4.778855859710143],[123.0496890420157,-4.776960577168834],[123.052136082914,-4.780540437391226],[123.0506084926879,-4.783585438417218]]],[[[123.1256802413501,-4.773773147812468],[123.1255165656371,-4.773463700988925],[123.1260664408137,-4.773101687892536],[123.1260875290163,-4.77346929567142],[123.1256802413501,-4.773773147812468]]],[[[123.0749110387135,-4.774099263570156],[123.0697258211898,-4.775707876417259],[123.0710057102453,-4.770141695282939],[123.074286348936,-4.771762838384211],[123.0749110387135,-4.774099263570156]]],[[[123.0401667962606,-4.770633226941781],[123.0410413878498,-4.773261806786946],[123.0455110552911,-4.773903350759026],[123.0452803620991,-4.778171535887646],[123.0396226839398,-4.777745616067344],[123.0401667962606,-4.770633226941781]]],[[[123.0371819670742,-4.770147361911173],[123.0361632924021,-4.769796134384022],[123.0362138334018,-4.768533540190647],[123.0374840043834,-4.768402339896019],[123.0371819670742,-4.770147361911173]]],[[[123.1199928783687,-4.77284592429992],[123.1249999950538,-4.775478278599612],[123.1126969268217,-4.780919121220409],[123.1137451945851,-4.768878767441079],[123.1199928783687,-4.77284592429992]]],[[[123.1659526901645,-4.765014203442666],[123.1715547947181,-4.770521972710798],[123.168244953242,-4.773345182933822],[123.1604724806206,-4.770070862879974],[123.1659526901645,-4.765014203442666]]],[[[123.144419718795,-4.766222215083163],[123.1428531231731,-4.765669167098332],[123.1429445500509,-4.76455989202538],[123.1445509685524,-4.764310456062651],[123.144419718795,-4.766222215083163]]],[[[123.1120388254314,-4.7657778222886],[123.1118910083633,-4.769408409670353],[123.1108404320404,-4.769637360875459],[123.1092563922688,-4.765240916235294],[123.1120388254314,-4.7657778222886]]],[[[123.1438655412618,-4.77196338540187],[123.1481038302277,-4.773817636374725],[123.1567627250198,-4.773318155608377],[123.1481640587244,-4.77650545636166],[123.1363547084031,-4.773363548888623],[123.1378895516615,-4.760868737102511],[123.1438655412618,-4.77196338540187]]],[[[123.1537736762142,-4.760798516238454],[123.1532897681084,-4.760576746119918],[123.1536575116848,-4.759586453152201],[123.1538866076809,-4.760535921395606],[123.1537736762142,-4.760798516238454]]],[[[123.0447773505943,-4.767143727001313],[123.0469799000025,-4.774228869366739],[123.0370855057916,-4.759589306701153],[123.0399310902477,-4.761106376657922],[123.0447773505943,-4.767143727001313]]],[[[123.0714700293185,-4.756203652376614],[123.0722162516787,-4.756547249156176],[123.0722802429389,-4.757170613333075],[123.0703931388324,-4.755835237006492],[123.0714700293185,-4.756203652376614]]],[[[123.0376182425879,-4.766935231775518],[123.0298464984172,-4.766431938782903],[123.0330464427392,-4.753885910606284],[123.0370272629979,-4.759114910724518],[123.0376182425879,-4.766935231775518]]],[[[123.0304009727267,-4.759109218915272],[123.0305545103824,-4.75466499059676],[123.0319017946322,-4.752439914970077],[123.0324608186119,-4.753586376110322],[123.0304009727267,-4.759109218915272]]],[[[123.1139394976097,-4.741752343895447],[123.1262029471084,-4.760223474433792],[123.1221936642063,-4.765519048665093],[123.1094186362611,-4.749578540217383],[123.1139394976097,-4.741752343895447]]],[[[123.1144505607449,-4.740891695395336],[123.1157338492378,-4.741045029804239],[123.1153278772798,-4.742238047048167],[123.113543358839,-4.740731509951138],[123.1144505607449,-4.740891695395336]]],[[[123.1074514376338,-4.738516681199803],[123.106771840648,-4.738191105934744],[123.1068798986885,-4.737214048289642],[123.1078798296904,-4.737791432828311],[123.1074514376338,-4.738516681199803]]],[[[123.1274764177026,-4.726206202554176],[123.1355554503238,-4.736122996179295],[123.1341051613242,-4.747346847379033],[123.121681530878,-4.740997047375808],[123.1284427023689,-4.738498924085979],[123.1230893134212,-4.735741115260231],[123.1274764177026,-4.726206202554176]]],[[[123.1268404018631,-4.719071116338894],[123.1262282180579,-4.718939915144896],[123.1262969559398,-4.718298375669486],[123.1272146520346,-4.718500908390213],[123.1268404018631,-4.719071116338894]]],[[[123.1903728603193,-4.682499532427434],[123.1898328803832,-4.682084527678734],[123.1909894238229,-4.681271715017557],[123.1912602357713,-4.681997454418932],[123.1903728603193,-4.682499532427434]]],[[[123.1943012959681,-4.672839000619325],[123.1956246042921,-4.673677809982893],[123.1936682029253,-4.675888804924336],[123.1930444529393,-4.673229873859588],[123.1943012959681,-4.672839000619325]]],[[[123.1818939036809,-4.666997026191735],[123.1815407318194,-4.666648314068381],[123.1821782971907,-4.666253179840377],[123.1823266610466,-4.666668627954776],[123.1818939036809,-4.666997026191735]]],[[[123.1880153918969,-4.668434428805826],[123.1833773273019,-4.675049003608558],[123.177799714885,-4.671524838400456],[123.1837222829571,-4.668339283231296],[123.1854081340782,-4.662009049777785],[123.1880153918969,-4.668434428805826]]],[[[123.1998253060931,-4.651268431293046],[123.199290126738,-4.650737118123496],[123.1999538210121,-4.650238250694619],[123.2002803522565,-4.650627753368111],[123.1998253060931,-4.651268431293046]]],[[[123.1992811497054,-4.635228732120281],[123.2014826064373,-4.641483478279865],[123.1987586795695,-4.650394237204194],[123.1959507362376,-4.6403694547865],[123.1992811497054,-4.635228732120281]]],[[[123.1856791043073,-4.632627140030435],[123.1854244936455,-4.632492302877436],[123.1855465316472,-4.63196274158715],[123.1858920268956,-4.632322735705666],[123.1856791043073,-4.632627140030435]]],[[[123.1865453816642,-4.632444133390015],[123.1862769736035,-4.63236657495745],[123.1860836301555,-4.631928232801632],[123.1866596279395,-4.632084353310242],[123.1865453816642,-4.632444133390015]]],[[[122.9421619747953,-4.433477871206717],[122.9408162760503,-4.433677748229472],[122.9401185487321,-4.433269393067965],[122.941696884104,-4.43241126087093],[122.9421619747953,-4.433477871206717]]],[[[123.0754173543276,-4.366528300140862],[123.0842652623321,-4.388817890932886],[123.0784270398761,-4.401884914357248],[123.0668063969976,-4.412613337135765],[123.0515494101772,-4.413306835841782],[123.0451061283452,-4.424355472127298],[123.0721948927801,-4.434398996416514],[123.0805627588643,-4.459529287446598],[123.1001100820147,-4.454443087978069],[123.1144240496302,-4.483323864005031],[123.1142088724416,-4.474655410318887],[123.1389503595715,-4.482307091399099],[123.1478699255567,-4.516801848426491],[123.1796463306137,-4.555302677776288],[123.1983201656431,-4.609650040916582],[123.2090734214013,-4.613068227316733],[123.2053067234266,-4.623004737678452],[123.1982684546256,-4.6162925747425],[123.1853910703417,-4.631549096613499],[123.1851530063062,-4.637826365394362],[123.1918944421749,-4.642077061407226],[123.1819840867962,-4.643171863690457],[123.1863850442345,-4.658001453104513],[123.1774268586627,-4.670851363099862],[123.1789920486442,-4.674076364332683],[123.1833549521694,-4.675480707868276],[123.187691453398,-4.671091484784176],[123.189506805095,-4.684701552134898],[123.2000692058292,-4.685786397124472],[123.1931419412476,-4.679226397680017],[123.1976494080937,-4.675738485942274],[123.1967393022771,-4.66743106958816],[123.1907170182758,-4.664700675695579],[123.200794756373,-4.657162008819585],[123.2114657709286,-4.698043959660916],[123.2021478979073,-4.777108261137267],[123.2139419714449,-4.826082476325125],[123.2131894673202,-4.85829914538918],[123.2048475646634,-4.866831456106782],[123.1745046528676,-4.838303872625607],[123.1684978201183,-4.780100946801172],[123.1760672006409,-4.771026592203478],[123.1642800860571,-4.763239589235615],[123.1538802242929,-4.758628054640981],[123.1333487703295,-4.75711777276693],[123.1471015555923,-4.740759495054617],[123.1525075998458,-4.74413418394535],[123.1427983616551,-4.736322383970817],[123.1507458801183,-4.733650249059698],[123.1210340378906,-4.716113943103986],[123.1122208473143,-4.693796608226799],[123.1067295689145,-4.714386680001217],[123.1155643072471,-4.727257805903021],[123.1030490844478,-4.735566459724241],[123.1025552873967,-4.761391828669906],[123.110262434164,-4.772087635735803],[123.1006833809333,-4.794301554872751],[123.0754408248343,-4.788834602235051],[123.0836213981091,-4.759881378622646],[123.0786662379565,-4.749087770284335],[123.0751492547344,-4.756585030574614],[123.0628815181676,-4.752626860641021],[123.0560299270396,-4.770119015280263],[123.0335680774049,-4.745777809198495],[123.0236093690773,-4.76507676208289],[123.0396602459237,-4.802366165965724],[123.0080733981689,-4.815615510747209],[123.0080236611631,-4.825497652594526],[122.9939840137513,-4.826139038285929],[123.0086999279594,-4.882284942995677],[123.0016419163415,-4.936165585873001],[122.9693854657666,-4.952044092360966],[122.9552875072128,-5.001956427247281],[122.9528003898262,-5.025452849769144],[122.9691490645778,-5.027184670636034],[122.980153083698,-5.058664728394449],[122.9690382042498,-5.090588419020284],[122.973817593707,-5.115341514599139],[122.95008346508,-5.146691576255227],[122.928082320143,-5.140987699922375],[122.9038583325961,-5.122472222015409],[122.8859138891147,-5.122261110661677],[122.880688889181,-5.112624999943785],[122.8535741748084,-5.112506248964158],[122.8321577717638,-5.073581823642195],[122.8410259603799,-5.068051253862185],[122.8493429787954,-5.038015106212137],[122.8564420633507,-5.041806809836372],[122.8639767552231,-5.02677725166876],[122.8722593673759,-5.032217037586209],[122.8911090531404,-5.010212607425826],[122.8843632636538,-4.953538908593716],[122.8945172040059,-4.925652970707953],[122.8881391589951,-4.915894652016542],[122.9115805007396,-4.883119130743266],[122.9161324606446,-4.850426954140532],[122.9137796291267,-4.827030268232216],[122.9015093249955,-4.820360888743982],[122.8797784937825,-4.775350901322975],[122.8947119863691,-4.750607193766923],[122.9021189376388,-4.671079323252128],[122.922515371887,-4.658258017093766],[122.9279770032361,-4.61020597392652],[122.8935421527482,-4.610928092657288],[122.8877456993046,-4.605114596161622],[122.8621281690798,-4.621498885864897],[122.8580313425724,-4.606221092329557],[122.8478997989366,-4.604625307411927],[122.8478030876425,-4.590817694081275],[122.8665075086147,-4.55067602288011],[122.8665169622881,-4.52575541058369],[122.8803772812865,-4.516394603927745],[122.8790816720816,-4.504961500273],[122.90773839641,-4.460433284168699],[122.9932156428876,-4.394408879865866],[123.0107659476904,-4.393939362711377],[123.0421529346102,-4.369478630434356],[123.0754173543276,-4.366528300140862]]]]}},{"type":"Feature","properties":{"kode":"74.11","nama":"Kabupaten Kolaka Timur","lat":-3.7954606806055877,"lng":121.60859193731001},"geometry":{"type":"MultiPolygon","coordinates":[[[[121.2743875649343,-3.226097330927027],[121.3376069612923,-3.248639306558657],[121.3824283527863,-3.248703357174135],[121.4318026493728,-3.275857087734371],[121.423819270443,-3.313501707637625],[121.4287542632986,-3.332951656693586],[121.4409006957106,-3.34066887316993],[121.4568136075621,-3.382801593019094],[121.4927073085955,-3.440142836122975],[121.5224235628972,-3.467757962060228],[121.5349843255662,-3.51076529957888],[121.5308491312825,-3.532718745373733],[121.5673661236478,-3.588123061929663],[121.5628924488275,-3.606992321438421],[121.5754819996946,-3.635477059418671],[121.5747696404067,-3.652750287595621],[121.5861869339799,-3.657641860283592],[121.5903967522084,-3.685825946809887],[121.608826129922,-3.68691942798918],[121.6106939004032,-3.734334062267111],[121.64951027398,-3.738131785053758],[121.6484126972882,-3.732225920090107],[121.6689292530827,-3.729918010607649],[121.6853517828585,-3.744176918130185],[121.6794595462211,-3.753191353598043],[121.6961188189284,-3.763527273564796],[121.7008873976354,-3.777942465272568],[121.7581412716025,-3.758623768671912],[121.7740353048855,-3.767426011800959],[121.82283779273,-3.755219797855316],[121.8304688307721,-3.767077212443295],[121.8274915019313,-3.78056209056801],[121.8742850572097,-3.784406218372263],[121.8849184881978,-3.813802543352621],[121.8973453508074,-3.817242594070416],[121.9037479437127,-3.830186982343323],[121.9528780635718,-3.834360690993035],[121.9535515136915,-3.872140960137108],[121.9630265027709,-3.87289166561782],[121.9725218605954,-3.888151008662069],[121.9640550717842,-3.900006424057148],[121.971985909622,-3.906530992910964],[121.9574082203132,-3.924547964916572],[121.9692230969684,-3.950846722598092],[121.9515092225727,-3.979873643853507],[121.9655734934221,-3.997364228276437],[121.9527205679999,-4.029160537129053],[121.9513355077276,-4.056738796258388],[121.9717024226288,-4.088856522810216],[121.9875359018605,-4.096439296036605],[121.9920056790189,-4.114841859564125],[121.9813085967145,-4.122152728165831],[121.9977945502783,-4.128946790561885],[122.0247516629589,-4.175626755170539],[122.0287990573307,-4.197019577091757],[122.0070018768353,-4.269474029702705],[122.0136928562404,-4.291095733581221],[122.0041944002514,-4.34627777819683],[121.9893611002346,-4.372361111376202],[121.9949332528674,-4.397984875701402],[121.9713877246638,-4.406492720362712],[121.9482114284147,-4.402192498684856],[121.8826490795914,-4.376315085972385],[121.8114152767937,-4.415833881328515],[121.7961806956826,-4.389175555807226],[121.7827946971177,-4.390886444953404],[121.7265104523955,-4.356789814198494],[121.701582406303,-4.292026013889386],[121.7393558343043,-4.28873490259363],[121.7728254280511,-4.295805422881907],[121.7532227219512,-4.26987871742879],[121.7406753888582,-4.267087470010702],[121.7341649339646,-4.251289594039489],[121.7462605906538,-4.244520939289911],[121.747642874719,-4.217907036680371],[121.7392635728556,-4.203330006574538],[121.7803674502976,-4.181109877618708],[121.7733273819532,-4.144775604110842],[121.7635005286265,-4.132896293728974],[121.7800151642684,-4.111199170904969],[121.7843610238423,-4.053698865610114],[121.7560960253114,-4.042759880963656],[121.7255658054177,-4.053161498204519],[121.7321210231667,-4.037925778551779],[121.7275204027444,-4.027078174917767],[121.7001454047866,-4.014693718939968],[121.6806096918839,-3.988640665034618],[121.6547016527592,-3.977114621842295],[121.6724551072175,-3.931297767178224],[121.6567997081401,-3.909798427755165],[121.6376208534196,-3.909567069964284],[121.6060980257034,-3.876582991411828],[121.6017463304289,-3.863167057113939],[121.609241168845,-3.821123356657521],[121.5964324172224,-3.818851957851502],[121.5774829363885,-3.796650790201708],[121.5594962544486,-3.795598552830873],[121.5357866080656,-3.760372432042017],[121.4871677060248,-3.724027370266894],[121.4587224473831,-3.719343213618378],[121.4496475091253,-3.707600998587138],[121.4258155441521,-3.712026790803671],[121.4181316583495,-3.695151991970816],[121.4273430120705,-3.669824753009879],[121.4200074885548,-3.630046713684878],[121.4060323027486,-3.628202432596142],[121.3872384657826,-3.639439611748665],[121.3691323080097,-3.628488231746443],[121.3361179825589,-3.668289807228733],[121.3431429719707,-3.685814102738652],[121.3271234257056,-3.698716237264479],[121.2659058761553,-3.67567682592467],[121.2545686033584,-3.665699746246245],[121.2358961092182,-3.602632540359421],[121.1865214250238,-3.563453796655283],[121.1734407013274,-3.542838356804692],[121.1571727551186,-3.536087576080751],[121.1503843386664,-3.505737229589448],[121.1205715862099,-3.490351216135659],[121.1271785419563,-3.480219166181511],[121.1239174392386,-3.468412672107116],[121.1438884482933,-3.460042948023625],[121.1548907227287,-3.438706601728272],[121.1228622278096,-3.411155772820587],[121.1356503750648,-3.389922523905289],[121.1341767369669,-3.365776988717053],[121.1414360744153,-3.365275508757717],[121.1581498019718,-3.339238324289154],[121.1515581113179,-3.327832594198801],[121.1581828907278,-3.32431853737061],[121.1573189021456,-3.297696289951782],[121.1701288291822,-3.296164742708621],[121.185535635861,-3.274671969235923],[121.2208022099541,-3.254353337136775],[121.2267756131041,-3.22913480372822],[121.2743875649343,-3.226097330927027]]]]}},{"type":"Feature","properties":{"kode":"74.12","nama":"Kabupaten Konawe Kepulauan","lat":-4.114584025871563,"lng":123.0962508903555},"geometry":{"type":"MultiPolygon","coordinates":[[[[122.9760006772895,-4.160167017993446],[122.9755690449755,-4.15993479055812],[122.9761968760851,-4.159027602142087],[122.9765244523417,-4.159732351366843],[122.9760006772895,-4.160167017993446]]],[[[122.9755484424068,-4.159520807439224],[122.9751850947163,-4.159418593193534],[122.9752321346554,-4.158931513178723],[122.9757565437295,-4.158931212805131],[122.9755484424068,-4.159520807439224]]],[[[123.0227803533307,-3.980483539783533],[123.0880379695767,-4.022250098862903],[123.1204952549521,-4.020132773708498],[123.1397415273497,-4.008277673975405],[123.189155832076,-4.009754337392726],[123.2219173410125,-4.024421305099127],[123.2258908857558,-4.040620034087253],[123.2541206884191,-4.065054541234028],[123.2595354300162,-4.089672199812158],[123.2481973631179,-4.124368796183012],[123.2312929666971,-4.145487314088195],[123.2122337326008,-4.154306417706957],[123.2041450709384,-4.17586157984802],[123.1856940672274,-4.185153063163296],[123.1825588363213,-4.199779905817971],[123.1667021851578,-4.206394399681715],[123.1522543417646,-4.239215352006889],[123.1357850400476,-4.255848590240221],[123.1176575386645,-4.26084255164241],[123.0694378178011,-4.248089283693426],[123.0246917993871,-4.220520532196728],[123.014129228681,-4.205118383106823],[122.9909911284379,-4.20076883991001],[122.9835395303252,-4.16748067988946],[122.9573823987787,-4.142842628284596],[122.9486049688443,-4.122810189238793],[122.9388192109379,-4.095937668588492],[122.9461488160151,-4.082518090237633],[122.9370173068034,-4.069283817194405],[122.9488015435564,-4.063711458616906],[122.9465978061439,-4.053610571070967],[122.9718091036073,-4.057135228208145],[122.9884320508985,-4.021577474320972],[122.9998257732409,-4.020926569305663],[122.9965789319722,-4.004425206757814],[123.0124893985669,-3.97837549203526],[123.0227803533307,-3.980483539783533]]]]}},{"type":"Feature","properties":{"kode":"74.13","nama":"Kabupaten Muna Barat","lat":-4.816925426784389,"lng":122.4925515256564},"geometry":{"type":"MultiPolygon","coordinates":[[[[122.1742303166758,-4.973676762572479],[122.172778845967,-4.971130739591858],[122.1747062100236,-4.969369938971438],[122.1758245556587,-4.970750025992812],[122.1742303166758,-4.973676762572479]]],[[[122.1629016818672,-4.959117148737382],[122.1605460156861,-4.958546078338768],[122.1604032483114,-4.956333180431896],[122.162687530805,-4.955762109133913],[122.1629016818672,-4.959117148737382]]],[[[122.2742158868538,-4.929706664830727],[122.2728024880445,-4.929549620718346],[122.2730594693192,-4.927993452735604],[122.2746299140393,-4.928193327959621],[122.2742158868538,-4.929706664830727]]],[[[122.3347796382698,-4.913230019249928],[122.3414552572543,-4.926389125157884],[122.3269287681481,-4.9322303477523],[122.3271142209446,-4.920788163642767],[122.3347796382698,-4.913230019249928]]],[[[122.3390745881218,-4.911740686183721],[122.3365684212957,-4.910542473556292],[122.3375889503699,-4.908194582014305],[122.3397376591657,-4.91049455318098],[122.3390745881218,-4.911740686183721]]],[[[122.2952181925656,-4.889487475666401],[122.2929187582941,-4.887773655629671],[122.2951163533371,-4.886468284283898],[122.2971443713158,-4.888339791448162],[122.2952181925656,-4.889487475666401]]],[[[122.3396303817368,-4.880655669123771],[122.3388377426678,-4.88059187391581],[122.3386126225745,-4.880357622106571],[122.3398171844156,-4.880306802317039],[122.3396303817368,-4.880655669123771]]],[[[122.2509854999809,-4.87043663494269],[122.2480407859535,-4.872231652968376],[122.2470414134306,-4.871946118218753],[122.2484690889773,-4.870286443664343],[122.2509854999809,-4.87043663494269]]],[[[122.2520078978463,-4.869752428931376],[122.2514575981896,-4.86965659987211],[122.251010004708,-4.868771711944911],[122.2528632493395,-4.868952980195809],[122.2520078978463,-4.869752428931376]]],[[[122.2644803336005,-4.874885328395154],[122.2619939743426,-4.869635040424727],[122.2698593784077,-4.866612185204103],[122.2721332593424,-4.870881335305357],[122.2644803336005,-4.874885328395154]]],[[[122.2222763433786,-4.845986437324237],[122.2218941180192,-4.845804285039693],[122.2217967088511,-4.845533883182076],[122.222281602614,-4.845645161694792],[122.2222763433786,-4.845986437324237]]],[[[122.1966802260117,-4.83409395816963],[122.1935094188246,-4.83875242298584],[122.1851268389326,-4.837593665415321],[122.1850111780235,-4.835337740344395],[122.1966802260117,-4.83409395816963]]],[[[122.2637522748477,-4.769799966395263],[122.2623849968702,-4.76967227165799],[122.2658766596802,-4.767872946779031],[122.2656055230765,-4.76895519542582],[122.2637522748477,-4.769799966395263]]],[[[122.4097939966956,-4.746633239832112],[122.4106083022315,-4.748122382242117],[122.4090848416921,-4.749785645990714],[122.4082294110586,-4.747197559919394],[122.4097939966956,-4.746633239832112]]],[[[122.444064337799,-4.742945725364914],[122.4435716316256,-4.742607242130495],[122.4438648043173,-4.742186718242428],[122.4442310891935,-4.742359742408178],[122.444064337799,-4.742945725364914]]],[[[122.4453195161827,-4.743032357057578],[122.4449653136982,-4.742474016562495],[122.445838247837,-4.742114485595009],[122.4458748592374,-4.742337442818625],[122.4453195161827,-4.743032357057578]]],[[[122.4242660831133,-4.737898864041304],[122.4244978923639,-4.738518010397799],[122.4235546312412,-4.738727052411454],[122.423580282604,-4.737737739704853],[122.4242660831133,-4.737898864041304]]],[[[122.4226475633344,-4.738556334107516],[122.420982661021,-4.738569885991398],[122.4208081205984,-4.737442551632379],[122.4223701287785,-4.73705908520852],[122.4226475633344,-4.738556334107516]]],[[[122.4217493132802,-4.73007978315543],[122.4211323208,-4.729969789773916],[122.4206730442256,-4.72950047676555],[122.4218586717403,-4.729793099971483],[122.4217493132802,-4.73007978315543]]],[[[122.3585140259017,-4.73040328278527],[122.3564646885945,-4.741011014746535],[122.3491677136191,-4.738786922978091],[122.348382231355,-4.729008654625646],[122.3585140259017,-4.73040328278527]]],[[[122.4757974935595,-4.72955854778874],[122.4746380740879,-4.72726470010574],[122.4760626029068,-4.725579499194479],[122.476496726343,-4.726170369966523],[122.4757974935595,-4.72955854778874]]],[[[122.4981184500064,-4.714828558291265],[122.4990964393493,-4.714866453923674],[122.500117338944,-4.717753347838707],[122.4962915564102,-4.716480212691623],[122.4981184500064,-4.714828558291265]]],[[[122.3996523671631,-4.719022937858222],[122.3976438141108,-4.716179422742142],[122.4008702848358,-4.713911741733481],[122.4021582569981,-4.715744482721698],[122.3996523671631,-4.719022937858222]]],[[[122.4671559269045,-4.716399697288123],[122.4642555899236,-4.714366090022962],[122.4636616353762,-4.71234394461735],[122.4668731081075,-4.713693130933263],[122.4671559269045,-4.716399697288123]]],[[[122.480066864894,-4.699604293303386],[122.4810054468439,-4.701710924619443],[122.4761826830844,-4.704401954286721],[122.4762347862065,-4.700701212590877],[122.480066864894,-4.699604293303386]]],[[[122.3900251813171,-4.695899921044491],[122.3851441738645,-4.699457029318379],[122.380700199155,-4.698170799143034],[122.3816454342895,-4.69597051242914],[122.3900251813171,-4.695899921044491]]],[[[122.3036299563574,-4.716194777766772],[122.2916271627634,-4.70415449773183],[122.3078938921895,-4.684868957336422],[122.3181789743802,-4.692528835737145],[122.3036299563574,-4.716194777766772]]],[[[122.3283726899478,-4.694566219255572],[122.3268815078754,-4.688924076884573],[122.335766724255,-4.683281355350191],[122.334888728732,-4.688797637600819],[122.3283726899478,-4.694566219255572]]],[[[122.4301962657452,-4.680065582060935],[122.4327624830023,-4.682081683123121],[122.4326286081239,-4.682845586154796],[122.4304784712045,-4.681583223087207],[122.4301962657452,-4.680065582060935]]],[[[122.4236626838858,-4.670701102573796],[122.426536394639,-4.670377693775476],[122.4254063883943,-4.67361107758906],[122.4218456027923,-4.672185182699964],[122.4236626838858,-4.670701102573796]]],[[[122.3300325452658,-4.725248540587648],[122.3243992063583,-4.719974830673815],[122.3481469390301,-4.683630632247818],[122.3675484928687,-4.665819364871806],[122.3787246143495,-4.665026623279969],[122.3654039389408,-4.695474967995297],[122.3300325452658,-4.725248540587648]]],[[[122.4040250058493,-4.665462853827565],[122.4014263869183,-4.663163318832078],[122.4066139633637,-4.662914110397834],[122.4045106199692,-4.665241498296416],[122.4040250058493,-4.665462853827565]]],[[[122.3048697851126,-4.666759739170592],[122.3039227270523,-4.665593288799188],[122.3062975505916,-4.662185350173756],[122.3064570201755,-4.665972674099608],[122.3048697851126,-4.666759739170592]]],[[[122.2984580119278,-4.667710284801688],[122.2972161821811,-4.657664341336234],[122.3030683783031,-4.65053540918168],[122.3038597142545,-4.659394085668447],[122.2984580119278,-4.667710284801688]]],[[[122.5909907982867,-4.642023079601445],[122.5902228294201,-4.646559595448954],[122.5876721101798,-4.647026000949131],[122.5899531596106,-4.638969936113638],[122.5909907982867,-4.642023079601445]]],[[[122.3884729343784,-4.644058772394358],[122.3911385842783,-4.638731086970063],[122.3947533274041,-4.636231730709797],[122.3911523241205,-4.641720148366149],[122.3884729343784,-4.644058772394358]]],[[[122.3511352243112,-4.635732636651804],[122.36236605425,-4.638032799374139],[122.3635381469679,-4.646149305845773],[122.3572751935953,-4.659648602800795],[122.3433117907066,-4.665162234749312],[122.3401921207699,-4.655663302119686],[122.3511352243112,-4.635732636651804]]],[[[122.6006479396508,-4.641411771735784],[122.626402190209,-4.642020349259626],[122.6339011007552,-4.67442118688817],[122.6533175033002,-4.6793323935751],[122.6369468113463,-4.695988622077232],[122.6587811419362,-4.729615957810188],[122.591611111064,-4.768916666670789],[122.5656008540961,-4.808271122614174],[122.5802611677188,-4.832218457116058],[122.6064352388952,-4.832218457116058],[122.6116388889236,-4.858861111051363],[122.6595584088936,-4.897146877426353],[122.6341486049743,-4.932508096171675],[122.6181838274217,-4.932601968306097],[122.6030147637205,-4.947622315617275],[122.5924559054158,-4.965765706222294],[122.5963225288617,-4.98539625982948],[122.5840917589276,-5.002948285934641],[122.5533880571133,-4.965790028387021],[122.4562576212922,-4.916159058094019],[122.4177724869108,-4.906505735251423],[122.3776675925854,-4.924625536639196],[122.3642558806045,-4.917960204100138],[122.3610869970674,-4.930036500184334],[122.3530048743756,-4.928165230440998],[122.3182818550237,-4.831471795886591],[122.3352629771048,-4.81282642799721],[122.37362139701,-4.73878336166276],[122.4088282237436,-4.749894677097613],[122.4096822703206,-4.749737597012407],[122.4113110171897,-4.748164458822648],[122.4151830392659,-4.743090604347858],[122.4291257370631,-4.738381955562756],[122.4674844861201,-4.741499165853805],[122.4754234412389,-4.737803269705035],[122.4782300580709,-4.723541910630649],[122.4924529126719,-4.724267579884847],[122.5567706411522,-4.692414551690119],[122.5953145372361,-4.656864780185435],[122.5958331178042,-4.634610746788484],[122.6006479396508,-4.641411771735784]]],[[[122.3349819236769,-4.620848333383856],[122.3356894320217,-4.622136585235184],[122.3343003868534,-4.622782468436151],[122.3331721954405,-4.621193478796018],[122.3349819236769,-4.620848333383856]]],[[[122.3461570109374,-4.627770097711783],[122.3218813987077,-4.661491813696175],[122.3138697199117,-4.662984343852353],[122.3145426511226,-4.647533477587887],[122.323750912075,-4.646606754997753],[122.3488866386075,-4.619740291281341],[122.3461570109374,-4.627770097711783]]],[[[122.331036715672,-4.610093234015514],[122.3239014396998,-4.624768515054869],[122.3117387826188,-4.623704233063888],[122.3142991264036,-4.609747183885363],[122.331036715672,-4.610093234015514]]],[[[122.3229154679746,-4.586807188101163],[122.3234204786722,-4.587763776277212],[122.3218686903878,-4.587597872943475],[122.3221807920101,-4.586009826692086],[122.3229154679746,-4.586807188101163]]],[[[122.3229603036752,-4.584599809333659],[122.3221105630521,-4.585210754772431],[122.3209613841605,-4.584019376992623],[122.3228313489876,-4.583372029695346],[122.3229603036752,-4.584599809333659]]],[[[122.3524899279679,-4.583920709672975],[122.3497848050248,-4.590131585104531],[122.3474041763617,-4.590730646002397],[122.3479978080525,-4.584051158134431],[122.3524899279679,-4.583920709672975]]],[[[122.3209531562632,-4.582507059952848],[122.3202940557262,-4.582312666096636],[122.3203933903427,-4.581796046949973],[122.3211231461164,-4.582145060346202],[122.3209531562632,-4.582507059952848]]],[[[122.3007885456549,-4.581292485060098],[122.297552265125,-4.579331989079963],[122.2984234069147,-4.576202960797973],[122.3011477573632,-4.577825794624671],[122.3007885456549,-4.581292485060098]]],[[[122.3318270129064,-4.579615765655001],[122.3277428128806,-4.58497875306694],[122.3211480402499,-4.581003746025994],[122.331550833804,-4.571095859286414],[122.3318270129064,-4.579615765655001]]]]}},{"type":"Feature","properties":{"kode":"74.14","nama":"Kabupaten Buton Tengah","lat":-5.3170044552150335,"lng":122.3986699722414},"geometry":{"type":"MultiPolygon","coordinates":[[[[121.9393834835609,-5.492915652335454],[121.9399003167463,-5.492869098030421],[121.9384503002413,-5.494053998892826],[121.9385551081318,-5.492679323092257],[121.9393834835609,-5.492915652335454]]],[[[121.9361148912892,-5.49458481473735],[121.9350497756267,-5.494443740785985],[121.9363990545728,-5.492507894323832],[121.936480622183,-5.49329008416997],[121.9361148912892,-5.49458481473735]]],[[[122.0571496893068,-5.492459250893659],[122.0634246468301,-5.491079621627185],[122.0291606108735,-5.518892497690579],[121.9932281877308,-5.523118072041359],[122.0477203444184,-5.489923029624125],[122.0571496893068,-5.492459250893659]]],[[[121.9401515630443,-5.486685381225324],[121.9404167884041,-5.490921713266398],[121.9355639621072,-5.486108701755103],[121.9399067720799,-5.485194733350233],[121.9401515630443,-5.486685381225324]]],[[[122.0847004831409,-5.473540632993749],[122.092003880175,-5.486261969614129],[122.0843159321346,-5.494157250056978],[122.07076497992,-5.487165175832124],[122.0741175104148,-5.473213617014742],[122.0847004831409,-5.473540632993749]]],[[[122.5595800593723,-5.421543739751725],[122.5594968460028,-5.421389640019817],[122.5595451710728,-5.421257111426473],[122.5596314493319,-5.421416614285216],[122.5595800593723,-5.421543739751725]]],[[[122.5951893102386,-5.41929073927612],[122.5946747820156,-5.418805731299407],[122.5947084148615,-5.418683999966571],[122.5950582151646,-5.418668394031093],[122.5951893102386,-5.41929073927612]]],[[[122.5943851994175,-5.417575696161395],[122.594191282202,-5.417466567028376],[122.5941736599865,-5.417293021255868],[122.5943888012023,-5.417372391822343],[122.5943851994175,-5.417575696161395]]],[[[121.9764607580575,-5.412569780071212],[122.0489318346365,-5.41363577077412],[122.0430509456447,-5.4365506898624],[122.0495336771376,-5.46051371393668],[122.0309246445568,-5.4745953848691],[122.0151030660537,-5.476301593044023],[122.0100848067686,-5.467337153586697],[121.9985035622897,-5.466236312355902],[121.9911431590296,-5.475156085185144],[121.9631243777878,-5.476765979566237],[121.9528827022749,-5.484058432750397],[121.9576430863594,-5.495963362119464],[121.9496897366921,-5.493899179703269],[121.946575022919,-5.45493962056696],[121.932792326205,-5.428860355021285],[121.9424617936769,-5.412123506794301],[121.9764607580575,-5.412569780071212]]],[[[122.6037162277218,-5.408610051612487],[122.6034384873964,-5.408327979252795],[122.603436093401,-5.408053820927065],[122.6036970829541,-5.408401838773783],[122.6037162277218,-5.408610051612487]]],[[[122.4835521290275,-5.377561168413151],[122.4835184656048,-5.377407789038172],[122.483671348554,-5.37727573618623],[122.4837216548305,-5.377451708329576],[122.4835521290275,-5.377561168413151]]],[[[122.483095605278,-5.377386562339907],[122.4830230182977,-5.377366905857953],[122.4830568004311,-5.377239836149509],[122.4830907894085,-5.377253859278123],[122.483095605278,-5.377386562339907]]],[[[122.482919346251,-5.377356839746276],[122.482812119184,-5.377303403828985],[122.4827618542762,-5.377110733073812],[122.4828129168827,-5.377138764942017],[122.482919346251,-5.377356839746276]]],[[[122.4838841389419,-5.375746483113612],[122.483842379822,-5.375731159565315],[122.4838271740849,-5.375674699227932],[122.4838938102512,-5.375687221388129],[122.4838841389419,-5.375746483113612]]],[[[122.4834929059729,-5.375425185923514],[122.4838868450019,-5.376230698787658],[122.4834860837159,-5.376943585977648],[122.4829374100335,-5.376572255904825],[122.4834929059729,-5.375425185923514]]],[[[122.6485650098674,-5.336489020851579],[122.64825730593,-5.336203585926639],[122.6482423079362,-5.335596476096408],[122.6486701100376,-5.335855464657938],[122.6485650098674,-5.336489020851579]]],[[[122.6434058906694,-5.321258471401239],[122.6431346551403,-5.321181735848394],[122.6435640841153,-5.320006020661231],[122.6436317068378,-5.320338929897676],[122.6434058906694,-5.321258471401239]]],[[[122.4251598806241,-5.318517386368241],[122.4248596779318,-5.318438766735659],[122.4247987794402,-5.317572883281922],[122.4254021157151,-5.31789709607409],[122.4251598806241,-5.318517386368241]]],[[[122.4234577571698,-5.318422739917476],[122.4224918025547,-5.317688967771587],[122.4225657367195,-5.317250971854807],[122.4235751348847,-5.31715141420637],[122.4234577571698,-5.318422739917476]]],[[[122.4299329046799,-5.31734241492046],[122.4291189615709,-5.316938379202777],[122.4296411682054,-5.315888782241433],[122.4302184538186,-5.316436902840741],[122.4299329046799,-5.31734241492046]]],[[[122.6001017202183,-5.22643715195297],[122.6000566893648,-5.226539771792973],[122.5998214896701,-5.226501473264269],[122.5999814556797,-5.2262581383024],[122.6001017202183,-5.22643715195297]]],[[[122.2978479667103,-5.213555649673454],[122.2973811016566,-5.213342849392946],[122.2974398822448,-5.213112695794189],[122.297935209942,-5.213216400216661],[122.2978479667103,-5.213555649673454]]],[[[122.3168310129409,-5.142288794092467],[122.3533504037981,-5.151137401769626],[122.3673416353083,-5.186258246121136],[122.373552027804,-5.183617044291092],[122.3756839129823,-5.192868218193672],[122.4076021150456,-5.191612032569173],[122.4073165793967,-5.209814909730229],[122.4497185751521,-5.234585098723325],[122.4715620266662,-5.229445463337416],[122.5281694040948,-5.195109841346016],[122.5510836127186,-5.210314597340718],[122.5614342689765,-5.227875018617192],[122.6068842407152,-5.223236705809223],[122.5917642341321,-5.230960538597954],[122.5785607511778,-5.253659991815133],[122.6236690120154,-5.250429284383954],[122.639960470999,-5.265160907050229],[122.6461090566877,-5.295475399370168],[122.6419321131765,-5.308908784113057],[122.6394917938113,-5.356809388642318],[122.6181608263611,-5.371355563008765],[122.6247186026815,-5.345561096567301],[122.6168150646636,-5.345611558426614],[122.5945049126716,-5.364607473056341],[122.593472731981,-5.391731663585356],[122.6034275012782,-5.407872084129365],[122.5937116431778,-5.41549753108617],[122.6000447166904,-5.426139850973292],[122.5954337108971,-5.433979136028259],[122.5662686771579,-5.411153935105943],[122.5465070158861,-5.440269436884896],[122.5198094178704,-5.437076318417303],[122.5125252402477,-5.406227295153502],[122.5246039303272,-5.396852104740794],[122.5395423161251,-5.331637279137062],[122.5204014370768,-5.311321988918642],[122.5398591077117,-5.260618511435115],[122.5110419955917,-5.287797644245788],[122.4796086216407,-5.299926781795498],[122.4802924544333,-5.31631421822654],[122.498173201632,-5.345832950829958],[122.4837707623109,-5.373681647789822],[122.4681378768616,-5.361275721397333],[122.4738493578616,-5.385954485311188],[122.4648421160708,-5.402882339648211],[122.4079650238669,-5.399253584185518],[122.3823665412829,-5.334302214075918],[122.3854821606733,-5.32697806428624],[122.4183202342914,-5.322638323699617],[122.4473905253525,-5.315753919907421],[122.4487244052071,-5.312992210721904],[122.3975338378165,-5.312892249277804],[122.37732026272,-5.324840380279276],[122.3703379560319,-5.340828232636755],[122.3816841968682,-5.368226687611503],[122.3613692340031,-5.390628020966374],[122.3037492514269,-5.396671448028893],[122.2732207609295,-5.388802552795528],[122.2659764601456,-5.327633769882548],[122.2755104339594,-5.296094051099568],[122.3158545524457,-5.2382120537432],[122.3034169834071,-5.201285340146258],[122.3158378628271,-5.186861674126922],[122.3070840149154,-5.150516716673151],[122.3168310129409,-5.142288794092467]]]]}},{"type":"Feature","properties":{"kode":"74.15","nama":"Kabupaten Buton Selatan","lat":-5.604707117758497,"lng":122.67155963836655},"geometry":{"type":"MultiPolygon","coordinates":[[[[122.6874642595679,-6.178001275238624],[122.6987191103987,-6.198947670098835],[122.7281072380587,-6.204012650962979],[122.7168143171271,-6.212714339994799],[122.6888079959923,-6.207665073883976],[122.6667043067585,-6.184778040973774],[122.6874642595679,-6.178001275238624]]],[[[122.4963746816463,-5.651199596983751],[122.4963414777771,-5.651168449864023],[122.4963938848699,-5.651130862699087],[122.4963956457425,-5.651182970317751],[122.4963746816463,-5.651199596983751]]],[[[122.4973039511165,-5.650654859634034],[122.4972021856325,-5.650650971864816],[122.4971978041354,-5.650600944378041],[122.4973055815874,-5.650595021443009],[122.4973039511165,-5.650654859634034]]],[[[122.4968390573766,-5.650794182605416],[122.496820311908,-5.650593190423407],[122.4970259104175,-5.650558848012358],[122.4969852736515,-5.650716694319939],[122.4968390573766,-5.650794182605416]]],[[[122.4986002761818,-5.65035350580965],[122.4984870857105,-5.650352368167225],[122.4984637716858,-5.650287849005035],[122.4985992914241,-5.650291086564322],[122.4986002761818,-5.65035350580965]]],[[[122.4983458193041,-5.650280764145935],[122.4983531649666,-5.650118120854567],[122.4984873627017,-5.650124134621119],[122.4984492899029,-5.65024281365483],[122.4983458193041,-5.650280764145935]]],[[[122.5095167157238,-5.624449287904269],[122.5444169293978,-5.628004216221497],[122.5564926013525,-5.653004217070893],[122.5477840891645,-5.681440058911561],[122.5341764400907,-5.694133174806097],[122.4990585877837,-5.699080229369073],[122.4749558216539,-5.690337741693411],[122.4570179863911,-5.693260604892973],[122.4573619204164,-5.684007083759893],[122.4829308719623,-5.672177390773906],[122.4942326539139,-5.651197077982743],[122.5052708373793,-5.647307896841961],[122.5028981299449,-5.631016650098245],[122.5095167157238,-5.624449287904269]]],[[[122.5127146473632,-5.589582243925387],[122.5120239401527,-5.597102366780752],[122.5001222222628,-5.599340109358567],[122.5020735559499,-5.595278183741107],[122.5127146473632,-5.589582243925387]]],[[[122.4767325402746,-5.55310100230935],[122.4772119050055,-5.553184524146441],[122.47701070508,-5.553616169950252],[122.4763909543791,-5.553166056568219],[122.4767325402746,-5.55310100230935]]],[[[122.4740823632105,-5.5494102970475],[122.4741698762389,-5.549532940292926],[122.4738414204453,-5.549616533176386],[122.4739370390631,-5.549414075998786],[122.4740823632105,-5.5494102970475]]],[[[122.4719849040801,-5.528602434654565],[122.4721509036413,-5.528815789816814],[122.471640289268,-5.528975713558263],[122.4719601736232,-5.528309075803221],[122.4719849040801,-5.528602434654565]]],[[[122.52453964319,-5.500953434853066],[122.5107087859817,-5.525749568387787],[122.5072332848882,-5.559919955241702],[122.4868352300618,-5.561560170265593],[122.4727798094407,-5.547793298022245],[122.4714505323162,-5.530514556101788],[122.4832167016894,-5.514241256228995],[122.52453964319,-5.500953434853066]]],[[[122.7438578753407,-5.481707693055585],[122.7652307889698,-5.490376989406513],[122.7889329736779,-5.487653182148548],[122.7913513064177,-5.603683428347476],[122.8002029007434,-5.629096071426502],[122.8227845877386,-5.651997552844782],[122.8051125138315,-5.691504520317351],[122.7783918014405,-5.702962158376827],[122.7545388660759,-5.695247335895796],[122.7658485000083,-5.666373806605821],[122.7571450617952,-5.655839613107609],[122.7589066664096,-5.64382690628669],[122.7492204733462,-5.638905245880358],[122.7268412777029,-5.674503363139642],[122.7245318132926,-5.69131259240219],[122.7099396673818,-5.674512848289285],[122.7227125171691,-5.628502375883907],[122.7131629715939,-5.619159168061109],[122.669090368226,-5.68720906144902],[122.6434027772165,-5.698403699071423],[122.6107028736387,-5.656334742054606],[122.6137767707815,-5.636023908876257],[122.5797449181935,-5.571657052231131],[122.5737353613979,-5.538144578809216],[122.605047176686,-5.52519002370058],[122.6214369468577,-5.506881193811956],[122.6386806988552,-5.513261767716386],[122.6611834631463,-5.509211161865649],[122.6704883175819,-5.49625955833191],[122.7273362861407,-5.49596232340244],[122.7438578753407,-5.481707693055585]]]]}},{"type":"Feature","properties":{"kode":"74.71","nama":"Kota Kendari","lat":-3.997707688452538,"lng":122.53288120476584},"geometry":{"type":"MultiPolygon","coordinates":[[[[122.6064782867436,-3.977018577845095],[122.6166510409129,-3.980110499200132],[122.6221314788848,-3.991790420891197],[122.6104863906345,-3.992621865706505],[122.6104465155943,-3.98498477522711],[122.599256407857,-3.983490521070612],[122.6064782867436,-3.977018577845095]]],[[[122.4966432713699,-3.902812334021968],[122.512917833891,-3.908748563695211],[122.5242472807874,-3.94135835700247],[122.5491107816373,-3.943122917688482],[122.5606238287268,-3.932319995071667],[122.5745510590841,-3.940807099567925],[122.5912836301355,-3.931766280689233],[122.5954295155598,-3.944258632829614],[122.6259062932409,-3.948414032181782],[122.624139872757,-3.958997411401358],[122.6088903988729,-3.962816317718845],[122.5990746899451,-3.979066560773139],[122.5890309758989,-3.970632320225389],[122.5345370385536,-3.967916768743843],[122.5342154922511,-3.978940172750692],[122.5373356676071,-3.97773875943617],[122.5392199379499,-3.97744306144803],[122.5407092053656,-3.97754365781349],[122.5422108681371,-3.977916573391107],[122.5447402455659,-3.978922895874939],[122.5454930680507,-3.977458754617727],[122.5452963656348,-3.979956871612236],[122.5445476287701,-3.981820464742627],[122.5341533742789,-3.979115214095843],[122.5356739920611,-3.989246496928248],[122.5532000097727,-3.992913720891503],[122.559208694226,-3.984782964662051],[122.5894326347084,-3.978642859580253],[122.6131968690403,-3.997204481701447],[122.6185539452085,-3.996133587894748],[122.6197460613317,-4.003628361559633],[122.6512730717949,-4.002856409595593],[122.6389244070358,-4.018342442050018],[122.6147501762797,-4.026487561351802],[122.6049487359954,-4.052471139031846],[122.5227050783767,-4.091674804748349],[122.5070800781831,-4.08551025429478],[122.513987614337,-4.06811170918793],[122.4911406642103,-4.06774368592229],[122.4910888668578,-4.057189941162756],[122.4815569992562,-4.054624698770828],[122.4662004188143,-4.026687799002707],[122.4429444444307,-4.011555461815044],[122.4493980037149,-3.965032859678688],[122.4574187557711,-3.962311170324176],[122.4567878453828,-3.935361239629456],[122.4842458183899,-3.906333610607573],[122.4966432713699,-3.902812334021968]]]]}},{"type":"Feature","properties":{"kode":"74.72","nama":"Kota Bau Bau","lat":-5.428768632037218,"lng":122.67579511286901},"geometry":{"type":"MultiPolygon","coordinates":[[[[122.6289158987498,-5.419340556321543],[122.6292196924349,-5.419383752558086],[122.6283131982954,-5.419579945058376],[122.628399449575,-5.419473306148141],[122.6289158987498,-5.419340556321543]]],[[[122.6305697735762,-5.419735402766594],[122.6305283786818,-5.430105078786322],[122.6229514753304,-5.437318780137516],[122.624054508209,-5.423143325204264],[122.6305697735762,-5.419735402766594]]],[[[122.6279409356257,-5.409517273303503],[122.6276285219389,-5.409307116130416],[122.6277810505551,-5.409027271391479],[122.6280235383557,-5.409397414359133],[122.6279409356257,-5.409517273303503]]],[[[122.6269433563509,-5.40926499098651],[122.6262689592452,-5.408956865267082],[122.6269461469471,-5.408392856345205],[122.6272558959429,-5.408589125287814],[122.6269433563509,-5.40926499098651]]],[[[122.6467513443991,-5.352326701715863],[122.6466010703831,-5.351613229067168],[122.6475560559673,-5.350448526977906],[122.6477866691196,-5.351002432016542],[122.6467513443991,-5.352326701715863]]],[[[122.6479279139421,-5.350335271755372],[122.6478116666751,-5.350298034426685],[122.6478202686905,-5.350155386661707],[122.6479811160358,-5.350200683714571],[122.6479279139421,-5.350335271755372]]],[[[122.6479347595815,-5.349696404165697],[122.647831384311,-5.349642764102195],[122.6478406122545,-5.349572441614806],[122.6479503340408,-5.349625255201288],[122.6479347595815,-5.349696404165697]]],[[[122.647330014069,-5.350282125419684],[122.6472520986056,-5.349000491679305],[122.6473878701542,-5.348923829870759],[122.6475991496811,-5.349491836279156],[122.647330014069,-5.350282125419684]]],[[[122.6470388126911,-5.348592379334764],[122.6469570247469,-5.348557151091597],[122.6469911333342,-5.348414952088357],[122.6471083599629,-5.348489389873449],[122.6470388126911,-5.348592379334764]]],[[[122.6468434088963,-5.348496492718961],[122.646712762584,-5.34846703542529],[122.646700140599,-5.348394476323985],[122.646868443324,-5.348392754122226],[122.6468434088963,-5.348496492718961]]],[[[122.6466273440767,-5.348467346590694],[122.6465223949926,-5.348450604811531],[122.6465890590379,-5.348322946047083],[122.6466777169031,-5.348371241439568],[122.6466273440767,-5.348467346590694]]],[[[122.6470197461645,-5.344063481644294],[122.6469788072262,-5.343823866278345],[122.6472364234222,-5.343698441429882],[122.6472007662025,-5.343977483074339],[122.6470197461645,-5.344063481644294]]],[[[122.6815306936867,-5.322410393225034],[122.7147015821124,-5.316331922280408],[122.726519749387,-5.33009337341042],[122.7260825439742,-5.354831602296509],[122.7486871340041,-5.360765167278617],[122.7600745583942,-5.375821861589606],[122.7701938757469,-5.413480816686248],[122.7603741828224,-5.422135175298041],[122.7553946312573,-5.449793823925812],[122.7486762728918,-5.448824519336063],[122.7518194699926,-5.459511731581105],[122.7401690730444,-5.489395142871504],[122.7229047778333,-5.496556236580989],[122.6704883175819,-5.49625955833191],[122.6611834631463,-5.509211161865649],[122.6386806988552,-5.513261767716386],[122.6214369468577,-5.506881193811956],[122.605047176686,-5.52519002370058],[122.5737353613979,-5.538144578809216],[122.5692488667419,-5.525052956228897],[122.5564395764254,-5.518134479822282],[122.5639672239083,-5.483076736402185],[122.5936933455715,-5.455372985874511],[122.6278455508316,-5.459679293264744],[122.6465773597574,-5.443709558649149],[122.6421595454267,-5.41284819398891],[122.6362688960927,-5.407453086390816],[122.6193350954384,-5.406446236904276],[122.6195922583761,-5.400456555125891],[122.6484421426908,-5.357181590158237],[122.6546483389498,-5.324427524010992],[122.6726031642047,-5.318775204012453],[122.6761344583386,-5.308246562928502],[122.6815306936867,-5.322410393225034]]]]}}]}