{"type":"FeatureCollection","features":[{"type":"Feature","properties":{"kode":"92.02","nama":"Kabupaten Manokwari","lat":-0.9357239360540539,"lng":133.80040997945267},"geometry":{"type":"MultiPolygon","coordinates":[[[[134.0425635187914,-0.932438639631508],[134.0424385669863,-0.932881310224223],[134.041962560324,-0.932833453700857],[134.0419209091228,-0.932420693660044],[134.0425635187914,-0.932438639631508]]],[[[134.0965858768368,-0.889030218869438],[134.1045919897286,-0.893428354235118],[134.1102199012275,-0.921798674169485],[134.0894784231907,-0.896730780800839],[134.0965858768368,-0.889030218869438]]],[[[134.0842457610331,-0.888662057108183],[134.0799251912946,-0.88920388784908],[134.0786096989785,-0.886656037446157],[134.0804323441775,-0.885857909814616],[134.0842457610331,-0.888662057108183]]],[[[133.9845636868647,-0.744748797618813],[133.9844343562607,-0.744436779633675],[133.9847756894466,-0.744083731878645],[133.9848770430412,-0.744422422856486],[133.9845636868647,-0.744748797618813]]],[[[133.9847877943213,-0.743859216129897],[133.9843593878756,-0.743757521692226],[133.9843867578427,-0.743607970731189],[133.9846014044313,-0.743544805048638],[133.9847877943213,-0.743859216129897]]],[[[133.9838258731656,-0.743638211334277],[133.983722366594,-0.743616795778459],[133.983603751412,-0.74311082820209],[133.9838722727872,-0.743420490862848],[133.9838258731656,-0.743638211334277]]],[[[133.9938403691379,-0.743469160373403],[133.9935726148844,-0.7431939867131],[133.993709467418,-0.743026489780599],[133.9937927680218,-0.743176040741636],[133.9938403691379,-0.743469160373403]]],[[[133.9952881130561,-0.742129203799704],[133.9925663211788,-0.739624516358253],[133.9938222109264,-0.736013247313474],[133.9956519463802,-0.738078434272252],[133.9952881130561,-0.742129203799704]]],[[[133.9872053419531,-0.729555886594804],[133.9879608210351,-0.730043676174644],[133.9875027747333,-0.731304790983225],[133.9865212465584,-0.730234032974211],[133.9872053419531,-0.729555886594804]]],[[[133.983423189129,-0.728769475330962],[133.9821454179768,-0.727398904935475],[133.9820883110268,-0.727027708861597],[133.9833303898857,-0.727291829854051],[133.983423189129,-0.728769475330962]]],[[[133.9466048771135,-0.713879146605281],[133.9638115032983,-0.718781388849957],[133.9664265447493,-0.727806980407733],[133.9753703186853,-0.721533815233302],[133.9855861189043,-0.732645617201369],[133.9817291712643,-0.742269862264225],[133.9912751717118,-0.759823304801602],[134.0313856778069,-0.796904513832233],[134.0825712836379,-0.814202237742981],[134.1261616714241,-0.862721727825447],[134.1360243393518,-0.863287306064267],[134.1213697337263,-0.880510550821237],[134.1091342981094,-0.870067847153402],[134.0862817056362,-0.877647353142732],[134.0695398751652,-0.858340470935984],[134.0691884956526,-0.87543646612003],[134.0508448961752,-0.869081488719717],[134.0529492647968,-0.895294238838032],[134.0498619137964,-0.902420724836508],[134.0380370339821,-0.902176472566099],[134.0448593719624,-0.927997371881142],[134.0207580861169,-0.931546434820055],[134.0090369475971,-0.955667665830065],[134.0222000231127,-0.980528011858242],[134.069066720253,-1.028431576056368],[134.0710104789504,-1.071576913643549],[134.0972434818013,-1.102906228839354],[134.1042100071861,-1.131383681411682],[134.1565113254374,-1.181345468218778],[134.1851962758875,-1.197684523821676],[134.1771716711357,-1.213244288093376],[134.1282676399397,-1.229063395259436],[134.101653063738,-1.224197151077602],[134.0918220015842,-1.211704685622708],[134.0764081280328,-1.229032776941066],[134.0388767210839,-1.242169674990448],[134.0174022982775,-1.238624371217758],[134.0184909132252,-1.226964089820884],[134.0058786472819,-1.226155220686811],[133.9962201353511,-1.202271161584781],[133.9825259193357,-1.191917429645597],[133.9745331119136,-1.199131018581559],[133.9616438709679,-1.18387277990484],[133.9400971831385,-1.192964610128636],[133.9390403978961,-1.176724452071801],[133.927693395334,-1.163374206954051],[133.9182967443993,-1.1637050477497],[133.9001701198553,-1.109572307815723],[133.8874722708287,-1.100880908826765],[133.9010205628487,-1.096024400705423],[133.9032968090006,-1.086719793583571],[133.8967510638106,-1.04318341997878],[133.9041962740389,-1.014812124280054],[133.8971514680659,-1.002589641598631],[133.8915337530803,-1.023696524974563],[133.8687212101159,-1.030968120182576],[133.8723711176331,-1.053167962231585],[133.8611154214397,-1.059860212378874],[133.8623592189028,-1.076357074719139],[133.8549431206286,-1.084082433657299],[133.8334123597927,-1.061158123848285],[133.8029940092662,-1.061626104960725],[133.7893486812967,-1.073665714101393],[133.7803223891669,-1.128182594051433],[133.7736523549722,-1.131549847347538],[133.7677916143915,-1.115343660281701],[133.7518134459339,-1.11792537555562],[133.7428548943379,-1.111016854644101],[133.7110520231325,-1.12260556259656],[133.6973985122316,-1.069878309236552],[133.6884186862734,-1.071949014435416],[133.6704018509647,-1.045772229105049],[133.6537275532841,-1.055409679812838],[133.6493866723571,-1.037497894312336],[133.632382318989,-1.050834952670845],[133.5992871471842,-1.059453154039749],[133.5890108648596,-1.076067398591521],[133.5768666753569,-1.065163128675442],[133.528902829602,-1.062183165720468],[133.5334630947462,-1.036634362585767],[133.5279056253444,-1.033914513244197],[133.5071196542488,-1.034897396697401],[133.4980035279406,-1.043282468611009],[133.4976090762978,-1.029584516811946],[133.4809147147423,-1.009929194077033],[133.4883793206492,-0.960357068224107],[133.4769783722541,-0.9520382538623],[133.453358401769,-0.958785922032648],[133.4522026937994,-0.948180014795843],[133.4682051979117,-0.941328980348091],[133.4690476504288,-0.901143293628051],[133.4571870639319,-0.876364587155967],[133.4469139463216,-0.876624016385177],[133.4370686452018,-0.805822776699719],[133.4262634526963,-0.8001046739915],[133.4741560298769,-0.799589932629255],[133.4687201281316,-0.774016771356825],[133.4931616122187,-0.761911707759014],[133.4858320539063,-0.740601984993619],[133.5450573847906,-0.747342259837394],[133.5693829372728,-0.737784376647602],[133.5661973883988,-0.726046580884956],[133.5725430416281,-0.720824090059649],[133.6042035762341,-0.734613215127736],[133.6550567018054,-0.735994217659],[133.7184992370502,-0.752310065357145],[133.738791609845,-0.737479575721769],[133.7400252467678,-0.728339377260381],[133.7303408406574,-0.721760168297061],[133.7543377961524,-0.719099052778985],[133.7663750859415,-0.730100235437517],[133.7947080588299,-0.725359919724403],[133.8020290043352,-0.741862568302823],[133.8172898231669,-0.74851028042511],[133.830992142973,-0.73530331889298],[133.8630107633361,-0.729334794565053],[133.8714864860126,-0.714889900048801],[133.9025251349271,-0.727403290929088],[133.9179701079343,-0.720236104312713],[133.9334690816329,-0.733141436827792],[133.9466048771135,-0.713879146605281]]]]}},{"type":"Feature","properties":{"kode":"92.03","nama":"Kabupaten Fak Fak","lat":-3.111657023876423,"lng":132.84269659275427},"geometry":{"type":"MultiPolygon","coordinates":[[[[132.8299410614309,-3.968455453656164],[132.8293402468549,-3.968181816037911],[132.8289654822712,-3.96631988665346],[132.8294354257044,-3.966432911649489],[132.8299410614309,-3.968455453656164]]],[[[132.8265262250052,-3.964105737789472],[132.8266682261577,-3.964158276183463],[132.8267230290446,-3.964313611583828],[132.826495475386,-3.964168469099574],[132.8265262250052,-3.964105737789472]]],[[[132.8280672358143,-3.963006488358703],[132.8293521448857,-3.9652253352809],[132.8290309169434,-3.966105735591155],[132.8279780059803,-3.964880313975241],[132.8280672358143,-3.963006488358703]]],[[[132.8275449437442,-3.961806049909258],[132.827183266095,-3.961753702171558],[132.8267835174454,-3.961116006398482],[132.8277067470687,-3.961372987673231],[132.8275449437442,-3.961806049909258]]],[[[132.8348760632798,-3.960905423846198],[132.834858217133,-3.960905423846198],[132.8348403709863,-3.960769795289723],[132.8349117546738,-3.960848316896273],[132.8348760632798,-3.960905423846198]]],[[[132.8346940351017,-3.960077371273554],[132.8345584047467,-3.959859650802214],[132.8347761261174,-3.959695467871496],[132.8349010482449,-3.959963157373705],[132.8346940351017,-3.960077371273554]]],[[[132.8346190820052,-3.959541993168417],[132.8345298521711,-3.959524147021723],[132.8345369900901,-3.959449193925105],[132.8346083737775,-3.959434917187624],[132.8346190820052,-3.959541993168417]]],[[[132.8335269093394,-3.957978687266531],[132.8344513296652,-3.958549757665144],[132.8340301645606,-3.959170797094538],[132.8332770659839,-3.958371297996946],[132.8335269093394,-3.957978687266531]]],[[[132.8323576422914,-3.955567817101072],[132.8322648430482,-3.955589231757608],[132.8321970278706,-3.955464309630122],[132.8323005353415,-3.955435757054529],[132.8323576422914,-3.955567817101072]]],[[[132.8299270221145,-3.955571385610915],[132.8295843804149,-3.955471449347828],[132.8295879489248,-3.955164498143018],[132.8300519442418,-3.955221605092943],[132.8299270221145,-3.955571385610915]]],[[[132.8304481243815,-3.953936696021623],[132.8311512548266,-3.954807578806621],[132.8315260203096,-3.956306639839527],[132.8304338476441,-3.955050284243169],[132.8304481243815,-3.953936696021623]]],[[[132.8302268354003,-3.953551224109633],[132.8301304658484,-3.953551224109633],[132.8301268973384,-3.95348340893216],[132.8302089892535,-3.953497685669641],[132.8302268354003,-3.953551224109633]]],[[[132.8298235164421,-3.953743959616032],[132.8296450558747,-3.95369042207532],[132.8296914563956,-3.953494117159709],[132.8297985323765,-3.953476271013104],[132.8298235164421,-3.953743959616032]]],[[[132.8124448463526,-3.952604637294124],[132.812789227341,-3.952857781161681],[132.8127257028289,-3.953215221205467],[132.812431202738,-3.953063522663383],[132.8124448463526,-3.952604637294124]]],[[[132.8089611974015,-3.94530669644684],[132.8090599249756,-3.94572178932904],[132.8087288800339,-3.94584927542361],[132.8088990218725,-3.945592430846004],[132.8089611974015,-3.94530669644684]]],[[[132.8060888077523,-3.942828861862393],[132.8055213463331,-3.942859625870978],[132.8056890348212,-3.941880402658418],[132.805954047941,-3.942259358082881],[132.8060888077523,-3.942828861862393]]],[[[132.803990731687,-3.941287074938485],[132.8033898820375,-3.941278225609571],[132.8030386509131,-3.940883674142162],[132.8038003308206,-3.940805311715748],[132.803990731687,-3.941287074938485]]],[[[132.8034359399168,-3.939604251834686],[132.802648213844,-3.938872158723042],[132.8026845113811,-3.938328826114359],[132.803606265217,-3.939297715217352],[132.8034359399168,-3.939604251834686]]],[[[132.802719663182,-3.938137352356888],[132.802135313394,-3.937937299067043],[132.8016632610507,-3.936153223092711],[132.8023731337132,-3.936795223021042],[132.802719663182,-3.938137352356888]]],[[[132.8392612169318,-3.922649157932215],[132.8391362957035,-3.922625362770285],[132.8391481928348,-3.922548030966835],[132.8392552688157,-3.922589671376178],[132.8392612169318,-3.922649157932215]]],[[[132.8388745552167,-3.921298814188903],[132.8387317869425,-3.921286916158165],[132.8387972216145,-3.921144148783442],[132.8388388629232,-3.921215533370129],[132.8388745552167,-3.921298814188903]]],[[[132.8177675459356,-3.9209740168374],[132.8178317908046,-3.921395181942058],[132.8169823235754,-3.92116675414236],[132.8170893995562,-3.920981155655737],[132.8177675459356,-3.9209740168374]]],[[[132.8385176358803,-3.919532063653788],[132.8386247109616,-3.920257800357144],[132.8383689185908,-3.92062661592554],[132.837940615567,-3.919549909800393],[132.8385176358803,-3.919532063653788]]],[[[132.8077404972262,-3.919501130572625],[132.8070028642908,-3.919120416973579],[132.8078178299289,-3.918281657072756],[132.8083115676248,-3.918936009189425],[132.8077404972262,-3.919501130572625]]],[[[132.8094406223869,-3.918218602006876],[132.8093870839469,-3.918225739925932],[132.8093977921744,-3.91813294068262],[132.8094620370434,-3.918157924748369],[132.8094406223869,-3.918218602006876]]],[[[132.8107719310798,-3.917883098226385],[132.8151548975806,-3.919760492352767],[132.8156474463727,-3.92051002241949],[132.8099652931638,-3.919924675283484],[132.8107719310798,-3.917883098226385]]],[[[132.8081866463966,-3.917984225191764],[132.807847573207,-3.917728432820835],[132.808460284015,-3.917240643240996],[132.8086922821232,-3.917698688643492],[132.8081866463966,-3.917984225191764]]],[[[132.8129634143302,-3.915598814833368],[132.816056714346,-3.916943209561444],[132.819703236815,-3.921178651273729],[132.8145100638884,-3.918448219609585],[132.8129634143302,-3.915598814833368]]],[[[132.8119461947612,-3.915408458033889],[132.8114643541967,-3.915253792628429],[132.8113037397758,-3.91476600394787],[132.811827221649,-3.914956359848068],[132.8119461947612,-3.915408458033889]]],[[[132.824577563204,-3.893336577820763],[132.8243919647174,-3.893103390808752],[132.8244919027792,-3.892917793221587],[132.824658465316,-3.893189051233639],[132.824577563204,-3.893336577820763]]],[[[132.8238066175815,-3.891799445787727],[132.8237257163688,-3.891894623737871],[132.8235115653066,-3.891832757575633],[132.8237161979443,-3.891632884150267],[132.8238066175815,-3.891799445787727]]],[[[132.8220838879611,-3.890152859067156],[132.8221505133356,-3.890343215866634],[132.8218507009491,-3.890014850005288],[132.8219506381115,-3.890000573267807],[132.8220838879611,-3.890152859067156]]],[[[132.8214045517788,-3.885234512662608],[132.8213629122687,-3.8852880511026],[132.8212439382573,-3.885228563647283],[132.8213272199753,-3.885127436681815],[132.8214045517788,-3.885234512662608]]],[[[132.8061501496099,-3.884033072368334],[132.8055104105771,-3.883996061668851],[132.8050715827874,-3.883314026621035],[132.8061871594099,-3.883234720805698],[132.8061501496099,-3.884033072368334]]],[[[132.8046644767843,-3.881558712764368],[132.8049446929433,-3.881817779566779],[132.8046380412127,-3.882193163783468],[132.8041939254094,-3.881643305693919],[132.8046644767843,-3.881558712764368]]],[[[132.8139128187216,-3.879741527349514],[132.8137700513469,-3.879693937924847],[132.8138057427409,-3.879539273418667],[132.813883076343,-3.879610657106072],[132.8139128187216,-3.879741527349514]]],[[[132.811824842043,-3.877463192972],[132.8116701766374,-3.877463192972],[132.811592844834,-3.877362066006443],[132.8119795074484,-3.877332322728469],[132.811824842043,-3.877463192972]]],[[[132.8008400603206,-3.853700706022758],[132.800711568784,-3.853729260397001],[132.8007068113703,-3.853629322335353],[132.8008305427953,-3.853600768860391],[132.8008400603206,-3.853700706022758]]],[[[132.7978455085635,-3.840848046799897],[132.7975718709451,-3.840764765981122],[132.7976967921732,-3.840508973610193],[132.7979228412662,-3.840651741884374],[132.7978455085635,-3.840848046799897]]],[[[132.7977265363507,-3.840152055173165],[132.7979644816755,-3.840342411972733],[132.7974469488176,-3.84041379566005],[132.7973815141456,-3.840205592713877],[132.7977265363507,-3.840152055173165]]],[[[132.7978217143008,-3.840003338783029],[132.7976016142232,-3.839979543621011],[132.797655151764,-3.839747547311381],[132.7978693028261,-3.839777289690074],[132.7978217143008,-3.840003338783029]]],[[[132.7943988586205,-3.832780485031309],[132.7941609132956,-3.832675788656628],[132.794513074319,-3.832513985332112],[132.7945416268947,-3.832770966606772],[132.7943988586205,-3.832780485031309]]],[[[132.779015643857,-3.826700961879828],[132.7797723127421,-3.82698649662945],[132.7791726879692,-3.827828826838855],[132.7786515857021,-3.827093572610243],[132.779015643857,-3.826700961879828]]],[[[132.784766801147,-3.822172848398145],[132.7846240337722,-3.822268026348288],[132.7843194630729,-3.822182365923402],[132.7846525872472,-3.822011044174259],[132.784766801147,-3.822172848398145]]],[[[132.7837864627751,-3.82160177710025],[132.7842052482737,-3.821735026949893],[132.7841291062733,-3.822096704599145],[132.7834628570253,-3.82185875927428],[132.7837864627751,-3.82160177710025]]],[[[132.7781637970217,-3.821736216752994],[132.7777592891599,-3.8217183706063],[132.7776760074418,-3.821456630119327],[132.7780448239096,-3.821343606022578],[132.7781637970217,-3.821736216752994]]],[[[132.7809239719638,-3.819588752618833],[132.7807217180329,-3.819559010240051],[132.7807812036897,-3.819338910162509],[132.7809537152418,-3.819338910162509],[132.7809239719638,-3.819588752618833]]],[[[132.7811262258947,-3.819309165985166],[132.7810250989293,-3.819279422707192],[132.7810607912226,-3.819184244757048],[132.7811857115514,-3.819237783197041],[132.7811262258947,-3.819309165985166]]],[[[132.7804266639595,-3.819926636904716],[132.7836722488753,-3.822448864723318],[132.7810929132075,-3.826646233636735],[132.7782946672652,-3.824076417292746],[132.7804266639595,-3.819926636904716]]],[[[132.7798175216614,-3.817369905696546],[132.7796390628926,-3.81723308733706],[132.7799127014101,-3.816965396935482],[132.7799483928042,-3.81723308733706],[132.7798175216614,-3.817369905696546]]],[[[132.7853973581018,-3.814484808626942],[132.7852962311363,-3.814496706657591],[132.7852843340049,-3.814449117232924],[132.7854092561323,-3.814383681661562],[132.7853973581018,-3.814484808626942]]],[[[132.7858185232063,-3.811261829070103],[132.7860374325816,-3.811423633293989],[132.7859708090057,-3.811623506719355],[132.7855044340824,-3.811147615170254],[132.7858185232063,-3.811261829070103]]],[[[132.7449523033063,-3.706613648201243],[132.7448095359314,-3.706994361800289],[132.7443098492202,-3.706589853039224],[132.7447857407694,-3.706351906814989],[132.7449523033063,-3.706613648201243]]],[[[132.7316929086009,-3.675976269589112],[132.7321783185746,-3.676047654175887],[132.7322996712929,-3.676383157956289],[132.7319570286939,-3.676404572612915],[132.7316929086009,-3.675976269589112]]],[[[132.7330492013596,-3.674819852054492],[132.7329064339848,-3.67471277697298],[132.7329492641973,-3.674619977729757],[132.7331063083095,-3.674627115648812],[132.7330492013596,-3.674819852054492]]],[[[132.7327065587606,-3.670972263658959],[132.7325709302044,-3.670936572264941],[132.7327136966799,-3.670750973778317],[132.7327065587606,-3.670865187678165],[132.7327065587606,-3.670972263658959]]],[[[132.7305007987729,-3.662629873569736],[132.7301486377495,-3.662563249094644],[132.7297488891001,-3.66217301707106],[132.7305007987729,-3.662058803171211],[132.7305007987729,-3.662629873569736]]],[[[132.7297704296617,-3.657258051217996],[132.729346047682,-3.657120380301285],[132.7290831191907,-3.656688474593375],[132.7297008949804,-3.656610684135744],[132.7297704296617,-3.657258051217996]]],[[[132.7294633543504,-3.649352480732373],[132.729292031702,-3.649304892206898],[132.7294157640263,-3.649152607306918],[132.7294728709763,-3.64925730278223],[132.7294633543504,-3.649352480732373]]],[[[132.8615638901615,-3.644398442933719],[132.8614211227866,-3.644331819357907],[132.8614972647869,-3.644189051083815],[132.8616209971113,-3.644246158033651],[132.8615638901615,-3.644398442933719]]],[[[132.8540257583821,-3.640629377044105],[132.8540162399576,-3.640772145318197],[132.853882990108,-3.64072455589344],[132.853882990108,-3.640629377044105],[132.8540257583821,-3.640629377044105]]],[[[132.8218697216105,-3.638316541075495],[132.8216912619422,-3.638257055418739],[132.8217745427609,-3.638114287144559],[132.8219411061972,-3.638126184275928],[132.8218697216105,-3.638316541075495]]],[[[132.7255301046307,-3.636358244837082],[132.725394475175,-3.636351106018745],[132.7253302303059,-3.636144092875584],[132.7254373062867,-3.636151231693921],[132.7255301046307,-3.636358244837082]]],[[[132.8269022819149,-3.635770518094875],[132.8266286442965,-3.635484983345252],[132.8269379742082,-3.635247036221736],[132.8269855627336,-3.635330317939703],[132.8269022819149,-3.635770518094875]]],[[[132.9393849130834,-3.552989002040777],[132.9392326281833,-3.553531518964428],[132.9375479686639,-3.55260828844173],[132.9381951828614,-3.552246609893109],[132.9393849130834,-3.552989002040777]]],[[[132.8943479028335,-3.532074729165371],[132.8941765819838,-3.532008104690279],[132.8942812783584,-3.531732086566455],[132.8945097061581,-3.531827265415968],[132.8943479028335,-3.532074729165371]]],[[[132.8966988107017,-3.531684498041068],[132.8957089548045,-3.53185581889093],[132.8954424551052,-3.531684498041068],[132.8970890418259,-3.530875481418219],[132.8966988107017,-3.531684498041068]]],[[[132.8974602378998,-3.530884998943476],[132.8972508460499,-3.530723195618959],[132.8977267375989,-3.530475731869467],[132.8976505946993,-3.530818373569014],[132.8974602378998,-3.530884998943476]]],[[[132.895956418554,-3.517883624229848],[132.8954710085802,-3.517778927855167],[132.8956994372793,-3.517379178306415],[132.8960611149286,-3.517626642055818],[132.895956418554,-3.517883624229848]]],[[[132.6974868564333,-3.513320304988079],[132.6976153470707,-3.513413103332022],[132.6974440262209,-3.513527318131151],[132.6974011960084,-3.513234643663823],[132.6974868564333,-3.513320304988079]]],[[[132.6936892361693,-3.511485740174772],[132.6935964369261,-3.511592816155476],[132.6932537952265,-3.51152143156879],[132.6937963121502,-3.511207343344116],[132.6936892361693,-3.511485740174772]]],[[[132.8576785401326,-3.4808410698594],[132.8574501123329,-3.480755410333883],[132.8575548078082,-3.480165303086194],[132.8579355223065,-3.480327107310169],[132.8576785401326,-3.4808410698594]]],[[[132.6727951890468,-3.474213863179257],[132.672623868197,-3.473509542031719],[132.6740229911682,-3.473033649583249],[132.673927813218,-3.473576167406181],[132.6727951890468,-3.474213863179257]]],[[[132.6734995101944,-3.471977170110277],[132.67341384887,-3.472062829635794],[132.6731568666961,-3.472034277060201],[132.6735661346695,-3.471796329936597],[132.6734995101944,-3.471977170110277]]],[[[132.6879095263036,-3.442276736681984],[132.687838141717,-3.442145867337823],[132.6880522927792,-3.442110175044524],[132.6881117802346,-3.442193455863299],[132.6879095263036,-3.442276736681984]]],[[[132.6846104029478,-3.436188885808436],[132.6841345113986,-3.435836725684263],[132.6845818485735,-3.435475048035011],[132.6847055808979,-3.435836725684263],[132.6846104029478,-3.436188885808436]]],[[[132.7508653052898,-3.442814495292692],[132.7551007452033,-3.456491636779527],[132.7470962394,-3.474946736902298],[132.7395200348218,-3.464791196656305],[132.7403861592938,-3.441881747244826],[132.7488284856462,-3.435247809139044],[132.7508653052898,-3.442814495292692]]],[[[132.6301778533254,-3.421881187366862],[132.6297138580082,-3.421360085099836],[132.6295996441083,-3.420739045670354],[132.6302135447194,-3.421474298999685],[132.6301778533254,-3.421881187366862]]],[[[132.6293212472778,-3.419811055935432],[132.6290428504473,-3.419661149742195],[132.6292784170654,-3.419211432061855],[132.6293355240152,-3.419304231305167],[132.6293212472778,-3.419811055935432]]],[[[132.6494514866968,-3.399994904740991],[132.6818407095811,-3.421474298999685],[132.6868566144412,-3.431001660997859],[132.6818692639554,-3.444926267133466],[132.7121562334235,-3.462918560842867],[132.7246246087387,-3.492519056209423],[132.7182595508376,-3.505427631679828],[132.694467319711,-3.50866845828264],[132.6939224240807,-3.499764515320061],[132.6772067099218,-3.489378167668258],[132.6737231787818,-3.460705662935906],[132.6837764022593,-3.451616122386072],[132.6303563129936,-3.422452257765388],[132.630463388075,-3.405491460362578],[132.6494514866968,-3.399994904740991]]],[[[132.7507899888669,-3.42028865619646],[132.7385990481076,-3.420559565271633],[132.7437173084071,-3.392830013194528],[132.7551438955744,-3.414086755998971],[132.7507899888669,-3.42028865619646]]],[[[132.7979064790009,-3.37100990898003],[132.7976209442512,-3.370924248555143],[132.7978113010507,-3.370629195380983],[132.79807780075,-3.370752926806089],[132.7979064790009,-3.37100990898003]]],[[[132.7990605178287,-3.355900331834752],[132.8005381633056,-3.356549924739197],[132.8007737299238,-3.357113857218666],[132.798318125681,-3.355393507204576],[132.7990605178287,-3.355900331834752]]],[[[132.7981334552948,-3.354700694681226],[132.7979731916095,-3.35481350923599],[132.7974297501829,-3.35458505985258],[132.7978797781293,-3.354281175335919],[132.7981334552948,-3.354700694681226]]],[[[132.6993212242951,-3.33180098582673],[132.6992355629709,-3.331820021776524],[132.6992070103953,-3.331743878876894],[132.6993402602449,-3.331677254401713],[132.6993212242951,-3.33180098582673]]],[[[132.6978221641616,-3.331115700628986],[132.6981076989113,-3.331453584914959],[132.6972701288134,-3.331272745640648],[132.6973129590259,-3.331177566791224],[132.6978221641616,-3.331115700628986]]],[[[132.8255994979185,-3.331914620563195],[132.8251702371168,-3.33151393482021],[132.8254721701047,-3.330413806751745],[132.8259129116516,-3.331046931270778],[132.8255994979185,-3.331914620563195]]],[[[132.6974604847137,-3.330520835967812],[132.6973557892383,-3.330511318442555],[132.6973081998137,-3.330425658017669],[132.6974366913503,-3.330425658017669],[132.6974604847137,-3.330520835967812]]],[[[132.6972177801765,-3.33043993475515],[132.696851343315,-3.330520835967812],[132.6967323702027,-3.330306684905507],[132.6970940478522,-3.330206746843858],[132.6972177801765,-3.33043993475515]]],[[[132.6838983593219,-3.325491820790807],[132.6841712109328,-3.325681907793745],[132.6839305910241,-3.325971068609837],[132.6836708443341,-3.325730644753369],[132.6838983593219,-3.325491820790807]]],[[[132.7315465016697,-3.323000550335101],[132.73143228777,-3.322986272698339],[132.7314251498508,-3.322943443385176],[132.7315072408666,-3.322932735157538],[132.7315465016697,-3.323000550335101]]],[[[132.6733701499126,-3.322108230410395],[132.6727204131166,-3.321871609786944],[132.672610670646,-3.32171145941629],[132.6733931680603,-3.321593436887563],[132.6733701499126,-3.322108230410395]]],[[[132.6704440851265,-3.318692536031678],[132.6701728271144,-3.31878533527499],[132.6700443355777,-3.318428415039223],[132.6703370091457,-3.318442691776704],[132.6704440851265,-3.318692536031678]]],[[[132.6670747678863,-3.318335615796],[132.6667678175807,-3.318164294946227],[132.6671961206045,-3.317893036933997],[132.6672460896353,-3.318249956270394],[132.6670747678863,-3.318335615796]]],[[[132.8214167438877,-3.311955255930313],[132.8213417907911,-3.311726828130615],[132.8215844962276,-3.31155193787154],[132.8215952026566,-3.3118089191462],[132.8214167438877,-3.311955255930313]]],[[[132.8239865620303,-3.311198587944444],[132.8239187468527,-3.311162895651057],[132.8239687158835,-3.311030835604514],[132.8240293922427,-3.311109358110345],[132.8239865620303,-3.311198587944444]]],[[[132.8218628930581,-3.310695331824023],[132.8221091670046,-3.310927329032934],[132.8216951407182,-3.311091511963651],[132.8216451716874,-3.310841668608047],[132.8218628930581,-3.310695331824023]]],[[[132.8016887748173,-3.309499124684814],[132.8015962687528,-3.309340206385317],[132.8017379119751,-3.309243048128144],[132.801819165722,-3.309397422153262],[132.8016887748173,-3.309499124684814]]],[[[132.8126307200317,-3.308362127110412],[132.812039003897,-3.30857211700957],[132.8117573389301,-3.308429287581552],[132.8125259544094,-3.308120153722063],[132.8126307200317,-3.308362127110412]]],[[[132.6525041391548,-3.307556658313063],[132.652807520051,-3.306224159817075],[132.6532774643835,-3.306087340558308],[132.6534380770057,-3.306682206118852],[132.6525041391548,-3.307556658313063]]],[[[132.6532953096309,-3.30471320165289],[132.6531465932408,-3.304707252637565],[132.653033569144,-3.304576383293403],[132.6532239259435,-3.304504998706717],[132.6532953096309,-3.30471320165289]]],[[[132.6537355097859,-3.304582332308728],[132.6535927424112,-3.304588280424772],[132.6535808452799,-3.304058850435501],[132.6537474069173,-3.304308693791105],[132.6537355097859,-3.304582332308728]]],[[[132.8128117922305,-3.303746925979814],[132.8132065109718,-3.305427917164552],[132.8109304761606,-3.304852474262246],[132.8118186547072,-3.303748453927893],[132.8128117922305,-3.303746925979814]]],[[[132.6541400176477,-3.304171875431708],[132.6537176636393,-3.303904185030129],[132.6543660667407,-3.303630547411787],[132.6545504754241,-3.303826853226679],[132.6541400176477,-3.304171875431708]]],[[[132.6567895480993,-3.307235431270142],[132.655504639028,-3.305874379299103],[132.6555617459778,-3.302210008884712],[132.6570274943234,-3.306559663597566],[132.6567895480993,-3.307235431270142]]],[[[132.6514785909643,-3.301163046037717],[132.6512596806898,-3.300991725187943],[132.6514310024389,-3.3008584753383],[132.6515261803889,-3.300867992863557],[132.6514785909643,-3.301163046037717]]],[[[132.7330348553743,-3.3010000529101],[132.7329099332469,-3.300696672013784],[132.733344185286,-3.300696672013784],[132.7332668525833,-3.300904874959956],[132.7330348553743,-3.3010000529101]]],[[[132.7974218802157,-3.300468244214086],[132.7972196262848,-3.300545576017536],[132.7975468023432,-3.299784148819354],[132.7977371591426,-3.300200553812507],[132.7974218802157,-3.300468244214086]]],[[[132.8020225680871,-3.298590849188335],[132.8017751043377,-3.298429045863729],[132.8019083541873,-3.298048332264683],[132.802051121562,-3.298143510214826],[132.8020225680871,-3.298590849188335]]],[[[132.8429489211559,-3.298179377875934],[132.8414361679448,-3.298774605863366],[132.8412096467079,-3.298722643934829],[132.841447067728,-3.298258918414357],[132.8429489211559,-3.298179377875934]]],[[[132.7970887560414,-3.298517085894728],[132.7969995262073,-3.298112577133663],[132.7974456753777,-3.297987655905546],[132.7972612666942,-3.298433805076042],[132.7970887560414,-3.298517085894728]]],[[[132.7985937651902,-3.297791350090653],[132.7984747920781,-3.297773503944049],[132.7986532508469,-3.297600993291175],[132.7986770460089,-3.297779452959373],[132.7985937651902,-3.297791350090653]]],[[[132.8162222462597,-3.298208399897698],[132.8148837789633,-3.298982744957682],[132.8144137779735,-3.298682984731885],[132.8156276082276,-3.297039840616092],[132.8162222462597,-3.298208399897698]]],[[[132.8071533028827,-3.297465480747322],[132.8104750297988,-3.305793594099063],[132.8039648249167,-3.310219391711458],[132.8015282566237,-3.301415385911335],[132.8071533028827,-3.297465480747322]]],[[[132.8063347678354,-3.296599357174548],[132.8062705229663,-3.296642187386992],[132.8061991392789,-3.296542250224624],[132.8064489817352,-3.296535112305568],[132.8063347678354,-3.296599357174548]]],[[[132.7973207532502,-3.296220906269712],[132.7971779858755,-3.296068619571082],[132.7973588251497,-3.295745013821241],[132.7975682169997,-3.296087656420157],[132.7973207532502,-3.296220906269712]]],[[[132.8009184982901,-3.295678389346149],[132.8008804272899,-3.296687280293733],[132.7998905713928,-3.295849710195922],[132.8007376590158,-3.295354781797657],[132.8009184982901,-3.295678389346149]]],[[[132.8020320856122,-3.295764048871755],[132.8015752291136,-3.295383336171989],[132.8012135505649,-3.295221531948103],[132.801756068388,-3.294907442824149],[132.8020320856122,-3.295764048871755]]],[[[132.7973588251497,-3.295145389048384],[132.7971684683502,-3.295097799623717],[132.7973968961498,-3.294688533448989],[132.7976729133743,-3.294907442824149],[132.7973588251497,-3.295145389048384]]],[[[132.7793295513178,-3.286320086402819],[132.779215337418,-3.286358157403038],[132.7792058189934,-3.286220148341082],[132.7792438908929,-3.286196354078433],[132.7793295513178,-3.286320086402819]]],[[[132.7784935676241,-3.285192221443792],[132.7784253558456,-3.285044693957387],[132.7785919183824,-3.285001863744943],[132.7786347485949,-3.285173184594717],[132.7784935676241,-3.285192221443792]]],[[[132.7286673536155,-3.283645454074405],[132.7285816940899,-3.283640694862092],[132.7285626581403,-3.283564552861742],[132.7286483185651,-3.283545516912037],[132.7286673536155,-3.283645454074405]]],[[[132.7996527339866,-3.282112281756325],[132.7995527941262,-3.28204190800763],[132.7997145380955,-3.281967791280563],[132.7997258119968,-3.282064909068241],[132.7996527339866,-3.282112281756325]]],[[[132.7285912116151,-3.281718090917154],[132.7285055511903,-3.281689537442192],[132.7284341666036,-3.281522974905362],[132.7287434974145,-3.281594358592679],[132.7285912116151,-3.281718090917154]]],[[[132.7283485070779,-3.281551529279605],[132.7282295339658,-3.281542010855068],[132.7282057388039,-3.281394484268032],[132.7283770596537,-3.281423037742995],[132.7283485070779,-3.281551529279605]]],[[[132.643714410092,-3.281330239398963],[132.6436668206672,-3.281349275348758],[132.6436477847176,-3.281296925812496],[132.643714410092,-3.281273132449039],[132.643714410092,-3.281330239398963]]],[[[132.7281010433286,-3.281394484268032],[132.7279868294287,-3.281399242580976],[132.7279487566299,-3.281232680943427],[132.7281581502784,-3.281318342267594],[132.7281010433286,-3.281394484268032]]],[[[132.7315369841446,-3.280647333807332],[132.7314418061944,-3.280656851332589],[132.7314275285577,-3.280609261907832],[132.7315036723567,-3.280575950119927],[132.7315369841446,-3.280647333807332]]],[[[132.6438000714162,-3.280564052089277],[132.643714410092,-3.280663990150925],[132.6435002581304,-3.280492669301241],[132.6436049554043,-3.280373695289798],[132.6438000714162,-3.280564052089277]]],[[[132.7282152572284,-3.28059498517044],[132.7281153200661,-3.28045221779554],[132.728300916754,-3.280333244683467],[132.7284151315531,-3.280537878220427],[132.7282152572284,-3.28059498517044]]],[[[132.7306851373093,-3.279981083660102],[132.7306185128342,-3.280009638034256],[132.7305661641972,-3.279900183346721],[132.7307517617844,-3.279876388184702],[132.7306851373093,-3.279981083660102]]],[[[132.7911045178593,-3.279570784164301],[132.7914618293,-3.27986737517916],[132.790060835739,-3.28086485642787],[132.7903517196562,-3.279597301574169],[132.7911045178593,-3.279570784164301]]],[[[132.7896489345508,-3.278573391049092],[132.7900887147225,-3.278940833352786],[132.790131481083,-3.279241616107667],[132.7892066866393,-3.279030977797317],[132.7896489345508,-3.278573391049092]]],[[[132.7878944516676,-3.279221000948398],[132.787645864665,-3.278382087263479],[132.788036703731,-3.27815337078137],[132.7880734167548,-3.278865655425614],[132.7878944516676,-3.279221000948398]]],[[[132.7493627171158,-3.277970439683989],[132.7492139998264,-3.27795854255262],[132.7492258978569,-3.27786931271852],[132.7493865113784,-3.277857414687871],[132.7493627171158,-3.277970439683989]]],[[[132.7764950995693,-3.277222690274842],[132.7762051878192,-3.277208195002215],[132.7761665331591,-3.277010087845225],[132.7764032940767,-3.277010087845225],[132.7764950995693,-3.277222690274842]]],[[[132.7539860094469,-3.274636814737145],[132.7539443690374,-3.274636814737145],[132.7538789343654,-3.274553533918459],[132.7540276498563,-3.274535687771765],[132.7539860094469,-3.274636814737145]]],[[[132.7532662217588,-3.274595174327802],[132.7530699168433,-3.274416714659603],[132.7533316582295,-3.274250153022054],[132.753468476589,-3.274410765644278],[132.7532662217588,-3.274595174327802]]],[[[132.7548188212317,-3.273827798114295],[132.7546998481196,-3.273786157704953],[132.7547295913976,-3.273726671148916],[132.7548307183629,-3.273702876886178],[132.7548188212317,-3.273827798114295]]],[[[132.7624350150639,-3.26801448508032],[132.7629880882298,-3.268031976894184],[132.7630442589854,-3.268141343448219],[132.7620697787974,-3.26831055358914],[132.7624350150639,-3.26801448508032]]],[[[132.7628058424158,-3.266297246720542],[132.7630679183499,-3.266327312855102],[132.7630069317246,-3.266536121045041],[132.7628097265877,-3.266496654297127],[132.7628058424158,-3.266297246720542]]],[[[132.7625832629073,-3.265940047694984],[132.7625258987513,-3.26587376406289],[132.7626094520647,-3.265664961268902],[132.7626675725505,-3.265795232563898],[132.7625832629073,-3.265940047694984]]],[[[132.7672634022842,-3.265773323280177],[132.7671301524347,-3.265801875855859],[132.7671777409601,-3.265630555006085],[132.7672634022842,-3.265649590955791],[132.7672634022842,-3.265773323280177]]],[[[132.8003089180222,-3.266037667304447],[132.7995981811113,-3.266028618325992],[132.7995655186338,-3.265174865827339],[132.8003775210059,-3.265487595176333],[132.8003089180222,-3.266037667304447]]],[[[132.7629201489458,-3.265195010641245],[132.7628682760502,-3.265086106338691],[132.7629392010833,-3.264999045669351],[132.7629496988695,-3.265132256848149],[132.7629201489458,-3.265195010641245]]],[[[132.7622570158487,-3.265544894581199],[132.7622284623737,-3.264716842008644],[132.7624664076986,-3.264488414208946],[132.7626186943972,-3.265145145032358],[132.7622570158487,-3.265544894581199]]],[[[132.5961949463398,-3.229136503446808],[132.5960913021719,-3.229059677062443],[132.5961387126315,-3.228933659560676],[132.5962056140979,-3.228986298678718],[132.5961949463398,-3.229136503446808]]],[[[132.5512738497084,-3.173250188045687],[132.5507991515597,-3.172829776572852],[132.5509019413715,-3.17222655720977],[132.5515992316194,-3.172502515978318],[132.5512738497084,-3.173250188045687]]],[[[132.5961674162933,-3.171298821982996],[132.5964059632646,-3.171718040954799],[132.5965754342089,-3.172431132290823],[132.5957556670905,-3.17192123107988],[132.5961674162933,-3.171298821982996]]],[[[132.5925244596361,-3.167809375102573],[132.5927325978312,-3.167996752448124],[132.5923524436105,-3.16829894444062],[132.5921247523555,-3.167891825847027],[132.5925244596361,-3.167809375102573]]],[[[132.5931396903446,-3.167243066614203],[132.5930564356061,-3.167204673656768],[132.593089984815,-3.167116024784702],[132.5931942809914,-3.167158110358484],[132.5931396903446,-3.167243066614203]]],[[[132.595786961699,-3.166211487570061],[132.5956586140538,-3.166164024050458],[132.5956871360525,-3.166083336876449],[132.5958297442473,-3.166088082598931],[132.595786961699,-3.166211487570061]]],[[[132.6062618503043,-3.166288055849067],[132.6060236756522,-3.166435818058558],[132.6060721392179,-3.166031627657409],[132.606231410951,-3.166040982405407],[132.6062618503043,-3.166288055849067]]],[[[132.6021918325871,-3.164556431933788],[132.6017546712411,-3.164443439313194],[132.6018789368636,-3.163884632070049],[132.6022819680385,-3.1639370733372],[132.6021918325871,-3.164556431933788]]],[[[132.6044091776415,-3.16473645642226],[132.6039516637384,-3.164302699909596],[132.6046501141116,-3.163526522031271],[132.6049047940211,-3.163975552629575],[132.6044091776415,-3.16473645642226]]],[[[132.6047785256085,-3.163254574239163],[132.6046985183221,-3.163126033239807],[132.6048849729632,-3.163116060657581],[132.6048901170853,-3.163229513731006],[132.6047785256085,-3.163254574239163]]],[[[132.5515036777527,-3.145775248428942],[132.5512848628063,-3.14563464931952],[132.5514640266435,-3.145180692235064],[132.5517213703451,-3.145380160965574],[132.5515036777527,-3.145775248428942]]],[[[132.5466469457002,-3.139765715915013],[132.5464918441233,-3.138738786365883],[132.5470096350866,-3.138429743337914],[132.5471382759108,-3.139326219929009],[132.5466469457002,-3.139765715915013]]],[[[132.5514032423658,-3.140505137602004],[132.5500281672662,-3.139861096212629],[132.5514249169264,-3.138272095780595],[132.5516827156848,-3.138530713821355],[132.5514032423658,-3.140505137602004]]],[[[132.570754878435,-3.136901528982319],[132.5704780599147,-3.137285948687543],[132.5700751816244,-3.137156674740707],[132.5702805696926,-3.136891409810685],[132.570754878435,-3.136901528982319]]],[[[132.5703810230658,-3.136708589329887],[132.5699967238697,-3.135317047643563],[132.5702724883847,-3.13490974828621],[132.570821323945,-3.135786752756323],[132.5703810230658,-3.136708589329887]]],[[[132.5515690701566,-3.134539481212054],[132.5510339942235,-3.13421286273339],[132.5510299922404,-3.133985140002141],[132.5514514226451,-3.134116840319903],[132.5515690701566,-3.134539481212054]]],[[[132.570833303814,-3.133911130294356],[132.5709470473683,-3.133960386162896],[132.5709060940411,-3.134125459422402],[132.5707902101002,-3.134084360404879],[132.570833303814,-3.133911130294356]]],[[[132.5723012276196,-3.131984825639192],[132.5726200813517,-3.133754078088183],[132.5714926804429,-3.133831283087199],[132.5713888636052,-3.132721334422042],[132.5723012276196,-3.131984825639192]]],[[[132.5709695762849,-3.131618342912093],[132.5707193237379,-3.131889795177825],[132.5701337715563,-3.132077695928873],[132.5710911646256,-3.131244424590454],[132.5709695762849,-3.131618342912093]]],[[[132.5620138674462,-3.131439665608029],[132.5734010993812,-3.141777538902238],[132.577665112555,-3.161376255609641],[132.5522963986599,-3.144281884601233],[132.5534467781464,-3.133220139797535],[132.5620138674462,-3.131439665608029]]],[[[132.5557937370913,-3.130255305238075],[132.5561306321231,-3.130462740163312],[132.555993806569,-3.130840964438944],[132.5555534454352,-3.130554694943191],[132.5557937370913,-3.130255305238075]]],[[[132.5300349611446,-3.129439100334144],[132.5297005896105,-3.129184233365637],[132.5298024827985,-3.12850890905885],[132.5302373463764,-3.128682630199167],[132.5300349611446,-3.129439100334144]]],[[[132.4963252430156,-3.111416989602292],[132.4960281591723,-3.111470909354955],[132.495955407616,-3.111122984138406],[132.4961789997611,-3.111157699767977],[132.4963252430156,-3.111416989602292]]],[[[132.4998149551961,-3.111157771713716],[132.4988689007792,-3.112664726096151],[132.49728355789,-3.111589170203979],[132.4975286051611,-3.111053062748661],[132.4998149551961,-3.111157771713716]]],[[[132.4967822479025,-3.111133016975101],[132.4964556707927,-3.111114328163714],[132.4963922110318,-3.11051681589827],[132.496865151006,-3.110887975999235],[132.4967822479025,-3.111133016975101]]],[[[132.491898984051,-3.110127544350652],[132.4914018720988,-3.110079203992003],[132.491392928341,-3.109583654162209],[132.4917676245762,-3.109624037319383],[132.491898984051,-3.110127544350652]]],[[[132.4419959976173,-3.098425474156288],[132.5039558718661,-3.114077641070237],[132.5424490902534,-3.140222847606269],[132.5469819638466,-3.134381270679024],[132.5429008089253,-3.143458493214871],[132.5453401363383,-3.149847767160699],[132.5144691579253,-3.134915881662506],[132.4718129831827,-3.129836697805358],[132.4419959976173,-3.098425474156288]]],[[[132.2696641326936,-2.977237112402767],[132.2693139555746,-2.977116710267927],[132.2692740571521,-2.976721919580852],[132.2696417476686,-2.976771400279857],[132.2696641326936,-2.977237112402767]]],[[[132.1322911397244,-2.965910721402645],[132.1437348427888,-2.970558665050296],[132.1098919629438,-2.970586940634748],[132.1147624240467,-2.968465517269772],[132.1322911397244,-2.965910721402645]]],[[[132.1754306766844,-2.965641178397574],[132.1959727111718,-2.975162853083171],[132.2486323067356,-2.967788042684008],[132.2543904868316,-2.974959081096598],[132.2666854377829,-2.971819787053478],[132.2649009831939,-2.975576512446024],[132.2680271777122,-2.979039857403423],[132.3028624873139,-2.977961960575984],[132.3208352702315,-2.99228530901974],[132.2462765254413,-2.97690310059753],[132.1797591487658,-2.979069355166589],[132.1697106629169,-2.968950779754634],[132.1754306766844,-2.965641178397574]]],[[[132.1237789513376,-2.961080433914878],[132.1234139488947,-2.960933953239289],[132.123711253072,-2.960598629323188],[132.1239418761168,-2.960723967836801],[132.1237789513376,-2.961080433914878]]],[[[132.1273385669213,-2.960760066623694],[132.1270635020791,-2.960508483979288],[132.1274633676404,-2.960292099900455],[132.1275434666577,-2.960569459812648],[132.1273385669213,-2.960760066623694]]],[[[132.1248788033142,-2.961811641194226],[132.1244688077893,-2.961571967372281],[132.1245718170358,-2.959936562822099],[132.1252070666528,-2.96092641512187],[132.1248788033142,-2.961811641194226]]],[[[132.1238430370266,-2.958713159284779],[132.1235117321808,-2.958614267134665],[132.1236818272546,-2.958247808689388],[132.1238969612758,-2.958329600230838],[132.1238430370266,-2.958713159284779]]],[[[132.1222243742555,-2.958425742254159],[132.1220152566987,-2.958039337745236],[132.1224244167535,-2.957630177690509],[132.1225117786956,-2.958223407384322],[132.1222243742555,-2.958425742254159]]],[[[132.13440773373,-2.957611533845197],[132.1340946482495,-2.957300541986355],[132.1343428476443,-2.957036501932977],[132.1345709507888,-2.957290754664557],[132.13440773373,-2.957611533845197]]],[[[132.1027266460179,-2.956266268573396],[132.10296137177,-2.957546843811778],[132.0996573363171,-2.958009788720764],[132.1014425724168,-2.956388490936027],[132.1027266460179,-2.956266268573396]]],[[[132.130148522936,-2.958621854714741],[132.1280781648754,-2.959792280988951],[132.1297089756887,-2.956163966194028],[132.1301407267132,-2.956450545056535],[132.130148522936,-2.958621854714741]]],[[[132.1329913662586,-2.956143754830334],[132.132809356067,-2.956104247612837],[132.13280837041,-2.955966956210057],[132.1330018766354,-2.955998333556201],[132.1329913662586,-2.956143754830334]]],[[[132.1296508327198,-2.955832926648208],[132.1294360961989,-2.956193760733397],[132.1281616039749,-2.956043245699183],[132.1294500069125,-2.955075917819341],[132.1296508327198,-2.955832926648208]]],[[[132.1252014099172,-2.958209690025074],[132.1237965150972,-2.955545776716198],[132.1240521329996,-2.954746017714507],[132.1255960863904,-2.957258566129875],[132.1252014099172,-2.958209690025074]]],[[[132.1271340511956,-2.957114982170664],[132.1261933954089,-2.955484557166502],[132.1273125288503,-2.954440846267994],[132.12793412496,-2.955454992853637],[132.1271340511956,-2.957114982170664]]],[[[132.1232145080431,-2.954691105110355],[132.1229347181628,-2.95443553487196],[132.1229134995584,-2.954079493273889],[132.1233160450995,-2.954248396746076],[132.1232145080431,-2.954691105110355]]],[[[132.1326585181761,-2.954536625864515],[132.1321565121134,-2.954354436707865],[132.1322996104387,-2.954056395086527],[132.132672472057,-2.954159701109285],[132.1326585181761,-2.954536625864515]]],[[[132.1215523351721,-2.956541764191003],[132.1204787209162,-2.955759406171657],[132.1225401019443,-2.954013154783278],[132.1218845968967,-2.956251447746075],[132.1215523351721,-2.956541764191003]]],[[[132.1306044639249,-2.953372218752895],[132.1312815356145,-2.954476977430501],[132.1290822903156,-2.953677359622445],[132.1295142922508,-2.952600414277631],[132.1306044639249,-2.953372218752895]]],[[[132.3233608714072,-2.950915076669405],[132.3238668668624,-2.95293490272355],[132.3221324037875,-2.954178746052241],[132.3223270818293,-2.952041256298868],[132.3233608714072,-2.950915076669405]]],[[[132.3604881428135,-2.947724720019787],[132.3610830083742,-2.948438558692493],[132.3586802150199,-2.948093008585387],[132.3595211296965,-2.94791675135693],[132.3602026071646,-2.94721313617721],[132.3604881428135,-2.947724720019787]]],[[[132.3593572273542,-2.94777390304313],[132.3592642689309,-2.946890902792878],[132.3601386329916,-2.94690063255805],[132.3599780968118,-2.94726711708371],[132.3593572273542,-2.94777390304313]]],[[[132.1169591881161,-2.945464170634951],[132.116675475393,-2.945480700174111],[132.1165390878087,-2.945165516575246],[132.1171104828626,-2.945116376719328],[132.1169591881161,-2.945464170634951]]],[[[132.3220912004487,-2.943577848938508],[132.3217366319401,-2.943088876750169],[132.3223671358347,-2.942678087123943],[132.3223029719047,-2.943420697806934],[132.3220912004487,-2.943577848938508]]],[[[132.115700509571,-2.941649688082551],[132.1173341829262,-2.941977073682958],[132.1180976371963,-2.944022915325275],[132.1161795037811,-2.942953749116198],[132.115700509571,-2.941649688082551]]],[[[132.1214456234169,-2.941103382315172],[132.1213481459002,-2.941849906847674],[132.1204460962105,-2.941713684738703],[132.1205724608504,-2.9411162696001],[132.1214456234169,-2.941103382315172]]],[[[132.153190652027,-2.938759937021443],[132.1529789920869,-2.938706163858365],[132.1529312326903,-2.938557256811938],[132.1531309703181,-2.93856744613066],[132.153190652027,-2.938759937021443]]],[[[132.3510737248725,-2.936794778955834],[132.351114323867,-2.937105057652259],[132.3507553378886,-2.936974468896539],[132.3508055920045,-2.936807579006542],[132.3510737248725,-2.936794778955834]]],[[[131.9800491418545,-2.936268995717553],[132.0093037903378,-2.941607076405431],[132.013287008189,-2.945875829006253],[131.9981682417711,-2.947355386441844],[131.97561144801,-2.939136245741095],[131.9800491418545,-2.936268995717553]]],[[[132.3502407566057,-2.935932299436031],[132.3506897557276,-2.936196710010089],[132.3504708688357,-2.936577681714583],[132.3498551452988,-2.9363703798891],[132.3502407566057,-2.935932299436031]]],[[[132.1089821619972,-2.933163478411752],[132.1091657064323,-2.933029533386192],[132.1103643768146,-2.935115785165257],[132.1091661920661,-2.93537152987218],[132.1089821619972,-2.933163478411752]]],[[[132.146721131575,-2.931657363996079],[132.1460358643637,-2.931635239774424],[132.145923158627,-2.931006392430982],[132.1465480462554,-2.931164917726717],[132.146721131575,-2.931657363996079]]],[[[132.1483380181851,-2.930609949689325],[132.147862191387,-2.930193344147439],[132.1478058722432,-2.92966649071589],[132.1488034982828,-2.930140960436914],[132.1483380181851,-2.930609949689325]]],[[[132.2820984731661,-2.928016251848467],[132.2809441357633,-2.928634125664312],[132.2806624627026,-2.928294691846547],[132.2814376324409,-2.927380921292391],[132.2820984731661,-2.928016251848467]]],[[[132.2333609946143,-2.92142761709078],[132.2332039424081,-2.921342701304555],[132.233303791437,-2.92115083094602],[132.2334236872534,-2.921243346003591],[132.2333609946143,-2.92142761709078]]],[[[131.9904084909591,-2.914858366320486],[131.9898731119546,-2.914584726903582],[131.9908605882456,-2.914370575841366],[131.9908486911142,-2.914525241246826],[131.9904084909591,-2.914858366320486]]],[[[131.989563782043,-2.914513344115546],[131.9873649108619,-2.915303531632654],[131.9857447471225,-2.91509631164544],[131.9869939639004,-2.91446575379142],[131.989563782043,-2.914513344115546]]],[[[131.9927961721057,-2.914371906838012],[131.9932638438514,-2.914751290339693],[131.9911699181573,-2.914418165266033],[131.9921217021549,-2.914156424779149],[131.9927961721057,-2.914371906838012]]],[[[131.9854439301933,-2.909716917901386],[131.9852094022922,-2.909748187328967],[131.9850710613805,-2.90956773026643],[131.9854595640078,-2.909544930653921],[131.9854439301933,-2.909716917901386]]],[[[132.0246568175581,-2.860566458974814],[132.0242074946803,-2.860503849972654],[132.0242176947909,-2.860266556656191],[132.0247847946825,-2.860095370704732],[132.0246568175581,-2.860566458974814]]],[[[132.00946369969,-2.832689769717048],[132.0101235997245,-2.833174969249422],[132.0100687968375,-2.833535827616254],[132.0093784691411,-2.833216482854331],[132.00946369969,-2.832689769717048]]],[[[132.045160459088,-2.806195914010148],[132.0449952320444,-2.806071731125462],[132.045046448435,-2.805882767375747],[132.0452086636489,-2.806039611838587],[132.045160459088,-2.806195914010148]]],[[[132.043500701796,-2.803163684256551],[132.0428297338052,-2.802733819110406],[132.0430443714007,-2.802332215159511],[132.0436252830804,-2.802409701646338],[132.043500701796,-2.803163684256551]]],[[[132.0434976656847,-2.798706412171173],[132.0426046901543,-2.797949514858169],[132.0426941232353,-2.797590661979468],[132.0433575531087,-2.798098667419493],[132.0434976656847,-2.798706412171173]]],[[[132.0483629772697,-2.793621799106718],[132.0486018300105,-2.793857873841768],[132.048430920151,-2.794065736844223],[132.0481071732075,-2.793746920883658],[132.0483629772697,-2.793621799106718]]],[[[132.0563246708469,-2.785525137075309],[132.0558737660615,-2.78534041902512],[132.0559289277778,-2.785032957005365],[132.0562977829165,-2.785165208607479],[132.0563246708469,-2.785525137075309]]],[[[132.0530619898191,-2.786686636678917],[132.0522120189697,-2.785241754403403],[132.0528412035587,-2.783611568618907],[132.0534184855748,-2.786202429998033],[132.0530619898191,-2.786686636678917]]],[[[132.05021679387,-2.783667340075604],[132.050168485887,-2.783390563823376],[132.050288720748,-2.783259586560652],[132.0503195288233,-2.78357115758279],[132.05021679387,-2.783667340075604]]],[[[132.0546095962559,-2.783567569287884],[132.054930653327,-2.784153419144955],[132.0547942684408,-2.784748156102504],[132.0538457184052,-2.783305148913387],[132.0546095962559,-2.783567569287884]]],[[[132.6932526413964,-2.783858355178895],[132.6928988867743,-2.782766786857652],[132.6937838808215,-2.781977108356839],[132.6940218270457,-2.782345923925236],[132.6932526413964,-2.783858355178895]]],[[[132.0493754879884,-2.780698615948365],[132.0498418008585,-2.781229406611788],[132.0488722093849,-2.78214813063167],[132.0487671658721,-2.780983524769789],[132.0493754879884,-2.780698615948365]]],[[[132.0092972603603,-2.779161097206797],[132.0088197446356,-2.778826055677877],[132.0094318430053,-2.778452437729742],[132.0095742029871,-2.778890525377411],[132.0092972603603,-2.779161097206797]]],[[[132.0071084364053,-2.778332551805798],[132.0079874571555,-2.778691609729902],[132.0063078131551,-2.778993146116784],[132.006350524657,-2.778320537762527],[132.0071084364053,-2.778332551805798]]],[[[132.6868800273915,-2.77737178627884],[132.687705027665,-2.777816761834087],[132.6875471984444,-2.778201751709444],[132.686615962157,-2.778136388083821],[132.6868800273915,-2.77737178627884]]],[[[132.6984000352335,-2.77718487298351],[132.6977861346224,-2.776984997759405],[132.6977147509351,-2.776585249109933],[132.6987284010949,-2.776756569959707],[132.6984000352335,-2.77718487298351]]],[[[132.048880469658,-2.775219040426327],[132.0491461150013,-2.775586412582845],[132.0488657531521,-2.775873891666761],[132.0486766221285,-2.775642327031738],[132.048880469658,-2.775219040426327]]],[[[132.6743435248338,-2.769857947885937],[132.6740406880274,-2.769433382444644],[132.6744445213976,-2.769256441731363],[132.6746338313863,-2.769517255916545],[132.6743435248338,-2.769857947885937]]],[[[132.6668636988008,-2.756741476138183],[132.6669061081304,-2.75783189692447],[132.6662793876837,-2.75783188972987],[132.6660937280432,-2.756857843914309],[132.6668636988008,-2.756741476138183]]],[[[131.9752748281709,-2.755797985688416],[131.974547900765,-2.755457308108225],[131.9753904513084,-2.754714754981949],[131.9757548826818,-2.755140006605997],[131.9752748281709,-2.755797985688416]]],[[[132.6621505390163,-2.75383313698965],[132.6628119049456,-2.754375313969495],[132.6623201430602,-2.754894282145395],[132.661600293319,-2.754295644828078],[132.6621505390163,-2.75383313698965]]],[[[131.9917566016859,-2.752931578329656],[131.9914488698695,-2.753426772927162],[131.9898834649501,-2.753486351214088],[131.9901641622464,-2.752594715673487],[131.9917566016859,-2.752931578329656]]],[[[132.0668691220125,-2.74692642461474],[132.0667086883554,-2.746908618937541],[132.0666552101698,-2.746783980995884],[132.0668988320156,-2.746724629338162],[132.0668691220125,-2.74692642461474]]],[[[132.0675524565806,-2.74690488675107],[132.0674543153645,-2.746789328364743],[132.06758698695,-2.746676607339518],[132.0676790316621,-2.746772336574013],[132.0675524565806,-2.74690488675107]]],[[[132.0605875922437,-2.747495944582104],[132.059680083669,-2.747084414813886],[132.0610047868415,-2.746201089009029],[132.0613987726354,-2.746658421249107],[132.0605875922437,-2.747495944582104]]],[[[132.0628555529415,-2.746740642666426],[132.062534014733,-2.746294265068252],[132.0626138358599,-2.746085893948782],[132.0631225265834,-2.746322924663216],[132.0628555529415,-2.746740642666426]]],[[[132.0960857552535,-2.746462951803677],[132.0957221818332,-2.746337971220283],[132.095647288092,-2.745862396232537],[132.0960722033695,-2.745954394179842],[132.0960857552535,-2.746462951803677]]],[[[132.0970377308067,-2.746055853894516],[132.0968550551167,-2.745993325831256],[132.0967683649682,-2.745635642970504],[132.0971027823676,-2.745830117765616],[132.0970377308067,-2.746055853894516]]],[[[132.1057239640898,-2.743627654692451],[132.1053555604109,-2.743639525743438],[132.1051891840336,-2.743176580834453],[132.1057120804482,-2.742998525861287],[132.1057239640898,-2.743627654692451]]],[[[132.0166497810626,-2.74241724006348],[132.0164213532629,-2.742488623750974],[132.0163214161005,-2.742317302901112],[132.0167068880126,-2.742145982051428],[132.0166497810626,-2.74241724006348]]],[[[132.0161893857316,-2.741704437409778],[132.0161038224335,-2.741754293126045],[132.0160574740732,-2.741561992891642],[132.0161679953567,-2.741586920300135],[132.0161893857316,-2.741704437409778]]],[[[132.6523599238715,-2.740066506663899],[132.6522594066464,-2.739779286584712],[132.6525602469579,-2.73953956509885],[132.6526380230264,-2.739830102776944],[132.6523599238715,-2.740066506663899]]],[[[132.0869519356834,-2.739199494560987],[132.087160371554,-2.740093352326303],[132.0868593549753,-2.740256950697598],[132.0860131603791,-2.739103339047835],[132.0869519356834,-2.739199494560987]]],[[[132.6522756313155,-2.738128527909181],[132.6528295543405,-2.738504133359035],[132.6523350962877,-2.738908989258418],[132.6518144508763,-2.738326396745785],[132.6522756313155,-2.738128527909181]]],[[[131.9910489746306,-2.737833381205482],[131.9925220470549,-2.739202588228798],[131.9949609940547,-2.747792442966881],[131.987259054362,-2.742347857367713],[131.9910489746306,-2.737833381205482]]],[[[132.0955628876173,-2.73738237569601],[132.0954327053552,-2.737424678905745],[132.0953386398664,-2.737344928825339],[132.0954851241392,-2.737268411807728],[132.0955628876173,-2.73738237569601]]],[[[132.0997481291729,-2.737834154622456],[132.1040131423927,-2.739963536987558],[132.1043566807162,-2.74122220294222],[132.0960706952064,-2.737674941345405],[132.0997481291729,-2.737834154622456]]],[[[132.6505118611335,-2.738579491150597],[132.6489814110633,-2.738602661283698],[132.650643929274,-2.736883799647652],[132.6513052502372,-2.737755731042116],[132.6505118611335,-2.738579491150597]]],[[[132.1046604905892,-2.736703464892967],[132.1045079619729,-2.736565764298485],[132.1046258532007,-2.736268907983666],[132.1047776506681,-2.736434283415415],[132.1046604905892,-2.736703464892967]]],[[[132.1031316718891,-2.736126244030926],[132.1030529740156,-2.736180311272276],[132.1030084638696,-2.736178911027912],[132.1030135693209,-2.736077138349271],[132.1031316718891,-2.736126244030926]]],[[[132.1024021679258,-2.73630210825562],[132.1024038001953,-2.737006159606528],[132.1005719603278,-2.736929069720764],[132.1020858466846,-2.736032054435691],[132.1024021679258,-2.73630210825562]]],[[[132.6493035203412,-2.735750624191871],[132.6493122032956,-2.735954471721483],[132.6491417152181,-2.73607239082814],[132.649106691121,-2.735884119556411],[132.6493035203412,-2.735750624191871]]],[[[132.6540280196774,-2.737539793027002],[132.6530860041158,-2.736999104425111],[132.653053806588,-2.735704203885872],[132.6543325166324,-2.73728078737834],[132.6540280196774,-2.737539793027002]]],[[[132.6504161211072,-2.736201296952226],[132.6497490813551,-2.73558050933296],[132.6502124597373,-2.735134969003619],[132.6505807860744,-2.735754836616325],[132.6504161211072,-2.736201296952226]]],[[[132.0239583752789,-2.735409252335133],[132.023756121348,-2.735242688898934],[132.0239940666729,-2.735016639805979],[132.0242082186345,-2.735171305211528],[132.0239583752789,-2.735409252335133]]],[[[132.4402559578463,-2.734255027347634],[132.4399996051977,-2.7340346268965],[132.4401722390577,-2.73382997807097],[132.4403798574446,-2.734085340565942],[132.4402559578463,-2.734255027347634]]],[[[132.4393426450471,-2.734026075243159],[132.4391255657923,-2.734315648848076],[132.4388416354332,-2.734193885139627],[132.4390206149095,-2.733845083983402],[132.4393426450471,-2.734026075243159]]],[[[132.0574950710408,-2.733971801157578],[132.0576684783177,-2.734319765944429],[132.0570887456491,-2.734455860349597],[132.0571354636309,-2.733912528640284],[132.0574950710408,-2.733971801157578]]],[[[132.1066075668857,-2.734338938591099],[132.1064731937829,-2.734228578286205],[132.1065883834472,-2.733739212194822],[132.1068569911573,-2.734163630147338],[132.1066075668857,-2.734338938591099]]],[[[132.648914646294,-2.733042896812224],[132.6492169551985,-2.733228286656056],[132.6489060658623,-2.733617222756537],[132.6484465968331,-2.73322841615842],[132.648914646294,-2.733042896812224]]],[[[132.4521443621726,-2.732681542918838],[132.4523733637398,-2.732898938735032],[132.4517496623171,-2.732757327888338],[132.4518769919297,-2.732579700992302],[132.4521443621726,-2.732681542918838]]],[[[132.642614540129,-2.732103020737744],[132.6421948687983,-2.731756725092696],[132.6426909816035,-2.731163930670791],[132.6430108236906,-2.731342457788147],[132.642614540129,-2.732103020737744]]],[[[132.6404435677165,-2.72591996043772],[132.6393125632243,-2.725776525765935],[132.6405218959688,-2.724559897721049],[132.6410334636236,-2.725108785442012],[132.6404435677165,-2.72591996043772]]],[[[132.6298702905815,-2.72271486839635],[132.6299778144247,-2.722828415898595],[132.629737624392,-2.722993516137853],[132.6296120610479,-2.72284827742604],[132.6298702905815,-2.72271486839635]]],[[[132.6324492952988,-2.722248961120568],[132.6321305297002,-2.722563054741192],[132.6318877316335,-2.722425221946326],[132.6323458930487,-2.722143799796475],[132.6324492952988,-2.722248961120568]]],[[[132.6254325418784,-2.720756094618062],[132.6259125388326,-2.721363196354412],[132.6253480208946,-2.721837592330958],[132.6246876028506,-2.721070365404968],[132.6254325418784,-2.720756094618062]]],[[[132.4483435187385,-2.720509219025205],[132.4481440437127,-2.72001266465274],[132.448474380888,-2.719825961798675],[132.448711092343,-2.720314686673378],[132.4483435187385,-2.720509219025205]]],[[[132.6240966628308,-2.717442270044648],[132.6233074222997,-2.718573577608455],[132.6219436094101,-2.718030271979435],[132.6221992767752,-2.717661877293745],[132.6240966628308,-2.717442270044648]]],[[[132.0973021009113,-2.716278979890932],[132.0971838301697,-2.716243820895572],[132.0972309213699,-2.716149928976],[132.0973160170206,-2.716173708849537],[132.0973021009113,-2.716278979890932]]],[[[132.0968348698334,-2.715194210444396],[132.097349827033,-2.715417447357263],[132.0972396636796,-2.715960898676498],[132.0964417249057,-2.715501334319084],[132.0968348698334,-2.715194210444396]]],[[[132.0941740043268,-2.715028479780448],[132.0936439079401,-2.716026627426851],[132.092529463564,-2.715745865379374],[132.0925271172328,-2.715119784350486],[132.0941740043268,-2.715028479780448]]],[[[132.1414037307976,-2.715030657938458],[132.1412670662222,-2.714983174633703],[132.1412432980399,-2.714401513818723],[132.1414690926246,-2.714514285206063],[132.1414037307976,-2.715030657938458]]],[[[132.4548934979366,-2.714051421236066],[132.4551297120667,-2.714208415885613],[132.4550702372018,-2.714428325306953],[132.454762641183,-2.714262645904311],[132.4548934979366,-2.714051421236066]]],[[[132.0847596241574,-2.714059781333747],[132.0844426643976,-2.713843121163054],[132.0844683013711,-2.713707273172064],[132.0848245318267,-2.713804843318782],[132.0847596241574,-2.714059781333747]]],[[[132.4543381413922,-2.714065069347418],[132.4540134672478,-2.713487827800945],[132.4543436551356,-2.713247216885486],[132.4545849333481,-2.713694619710941],[132.4543381413922,-2.714065069347418]]],[[[132.4551665240159,-2.712916471418028],[132.4553924022376,-2.713047784127889],[132.4553180337004,-2.713208270844961],[132.4551296077452,-2.713068341730532],[132.4551665240159,-2.712916471418028]]],[[[132.0967723408709,-2.713682253133401],[132.0962464371234,-2.713230898686961],[132.096814164742,-2.712715982856276],[132.0969706791536,-2.713378263396107],[132.0967723408709,-2.713682253133401]]],[[[132.4562268112185,-2.713521375211217],[132.455731128289,-2.713122240798763],[132.4558079888477,-2.71265132519847],[132.4561351613087,-2.713031546868352],[132.4562268112185,-2.713521375211217]]],[[[132.0819811390184,-2.712688272945377],[132.0827513651834,-2.712644269117684],[132.0831658069565,-2.713413857663374],[132.080887858388,-2.712986236325746],[132.0819811390184,-2.712688272945377]]],[[[132.080432162914,-2.71230565728027],[132.0802340629517,-2.712323653613671],[132.0800700490936,-2.71219651735535],[132.0804250160018,-2.71211663777258],[132.080432162914,-2.71230565728027]]],[[[132.0794439329911,-2.712822645148874],[132.0791158827918,-2.712705455392397],[132.0793323019442,-2.712093267989848],[132.0797604466873,-2.712366812977931],[132.0794439329911,-2.712822645148874]]],[[[132.1517770148974,-2.712850439596062],[132.1515007503594,-2.712248581806501],[132.1521144288379,-2.711842722263816],[132.1521922390806,-2.712455622828694],[132.1517770148974,-2.712850439596062]]],[[[132.4572104878738,-2.712863913238975],[132.4566863476969,-2.712194695328909],[132.4576642695904,-2.711542730012953],[132.4580655587786,-2.712202183084214],[132.4572104878738,-2.712863913238975]]],[[[132.464438319373,-2.711846538087206],[132.4638094540431,-2.711979006425993],[132.4635679905704,-2.711635081393895],[132.4640863301202,-2.711291662679985],[132.464438319373,-2.711846538087206]]],[[[132.4744289869083,-2.713122151765804],[132.4735111244389,-2.71255899899854],[132.4746486481167,-2.711084927427423],[132.4751138206464,-2.711423256877746],[132.4744289869083,-2.713122151765804]]],[[[132.4909658690797,-2.711820735638407],[132.4907190546407,-2.71221360177625],[132.4893382526583,-2.712633565386716],[132.4910108792488,-2.710907941748067],[132.4909658690797,-2.711820735638407]]],[[[132.0840371771741,-2.711869638972589],[132.0827938059895,-2.711246355734678],[132.0827446220667,-2.710323061360123],[132.0839880903782,-2.710887420118338],[132.0840371771741,-2.711869638972589]]],[[[132.4773562361015,-2.710501415807601],[132.4783582211551,-2.71137313766017],[132.4770120898362,-2.711951687720118],[132.4761656371345,-2.710615741223402],[132.4773562361015,-2.710501415807601]]],[[[132.0886779487285,-2.710579893347356],[132.0917451081502,-2.711610922006427],[132.091993265277,-2.714390443164374],[132.0876416185659,-2.713015029020285],[132.0886779487285,-2.710579893347356]]],[[[132.4643791934451,-2.710014083083381],[132.4646873398489,-2.710098182285295],[132.4645870933198,-2.710476003664633],[132.4643224201436,-2.710275738134785],[132.4643791934451,-2.710014083083381]]],[[[132.6088249586051,-2.7105307660819],[132.6085954588133,-2.710244237581419],[132.6087736369938,-2.709946651017139],[132.6090052223133,-2.710310784714911],[132.6088249586051,-2.7105307660819]]],[[[132.4698331652683,-2.710136167849855],[132.4695923466096,-2.709913401282352],[132.4699973706822,-2.709589046397268],[132.4700343382142,-2.709904739911797],[132.4698331652683,-2.710136167849855]]],[[[132.4952452417745,-2.710935067998912],[132.4944848460989,-2.710223298666284],[132.4951093721998,-2.709320978280497],[132.4955979819614,-2.710414879443038],[132.4952452417745,-2.710935067998912]]],[[[132.4566476183929,-2.711554893343562],[132.4559165900787,-2.709687560832188],[132.4567362276948,-2.7091498121141],[132.457630741066,-2.710520822278076],[132.4566476183929,-2.711554893343562]]],[[[132.4815401169829,-2.70958807243156],[132.4798966661983,-2.711485686914886],[132.4783556041278,-2.710388776620645],[132.4810817793008,-2.709071756356421],[132.4815401169829,-2.70958807243156]]],[[[132.6119099497844,-2.709717365264178],[132.6116805606094,-2.709406014575835],[132.6122622771824,-2.709076856411732],[132.6123708055683,-2.709302698660546],[132.6119099497844,-2.709717365264178]]],[[[132.4511392573709,-2.70915779719452],[132.4510859851301,-2.709093884175376],[132.4512957708832,-2.708929951256225],[132.4513493452961,-2.709042789193353],[132.4511392573709,-2.70915779719452]]],[[[132.4717791758684,-2.709754659250033],[132.4708488074266,-2.709394417818059],[132.4716743859643,-2.708697854222544],[132.4720310948592,-2.709276130888652],[132.4717791758684,-2.709754659250033]]],[[[132.4735980663977,-2.708080001990412],[132.4739466697031,-2.708346159947242],[132.4733778323211,-2.708601338980523],[132.4732064790958,-2.708248981904918],[132.4735980663977,-2.708080001990412]]],[[[132.4852349492336,-2.709695241941803],[132.4832407988239,-2.710263755567846],[132.4826651050106,-2.709846942282537],[132.4855857082139,-2.707945512875101],[132.4852349492336,-2.709695241941803]]],[[[132.4716920171729,-2.708172205882489],[132.4715351133549,-2.70803464828038],[132.471692992038,-2.707797860382913],[132.4717982136168,-2.708027426724316],[132.4716920171729,-2.708172205882489]]],[[[132.4925228158753,-2.707512455135655],[132.49309801686,-2.707880141155597],[132.4926241460876,-2.709002557122256],[132.492367171108,-2.708552274667644],[132.4925228158753,-2.707512455135655]]],[[[132.4563015376859,-2.707837301050533],[132.4561559257554,-2.707656816109141],[132.4564121228213,-2.707485161610881],[132.4565081056646,-2.707656574191544],[132.4563015376859,-2.707837301050533]]],[[[132.1670039706568,-2.706913610075004],[132.1666765149094,-2.706627193090474],[132.1667512431754,-2.706397717580591],[132.1671189103096,-2.706548752422913],[132.1670039706568,-2.706913610075004]]],[[[132.6055545676892,-2.70594970141749],[132.606040217782,-2.706040071591945],[132.6056060565743,-2.706539782584885],[132.6053904117383,-2.706179196712524],[132.6055545676892,-2.70594970141749]]],[[[132.1685670310438,-2.706516452372368],[132.1682557199256,-2.706076019292849],[132.1688032568649,-2.705928154560658],[132.1689676556328,-2.706304893156267],[132.1685670310438,-2.706516452372368]]],[[[132.6071223009535,-2.705598492776209],[132.6064229593521,-2.70566329072828],[132.6062313812733,-2.705387685393282],[132.606572529199,-2.705037866204554],[132.6071223009535,-2.705598492776209]]],[[[132.1895269346204,-2.702884027675692],[132.1893968305993,-2.702860058944514],[132.1892104254208,-2.702568704681932],[132.1894056718344,-2.702524709847401],[132.1895269346204,-2.702884027675692]]],[[[132.5990927966952,-2.701294189075456],[132.5999041182805,-2.701712290189986],[132.6000049250873,-2.70222137571581],[132.5991168319763,-2.702337094181553],[132.5990927966952,-2.701294189075456]]],[[[132.4459003683074,-2.702361109677456],[132.445184380255,-2.701793034021252],[132.4462408606273,-2.700575928436313],[132.4464102056666,-2.701621588165695],[132.4459003683074,-2.702361109677456]]],[[[132.5977978979547,-2.699608653616428],[132.5980673798058,-2.700720579890772],[132.5970765508422,-2.700697684950162],[132.5967801702687,-2.699616367101568],[132.5977978979547,-2.699608653616428]]],[[[132.432452810249,-2.698518336252123],[132.432923012687,-2.699139992616464],[132.4327755544483,-2.699456362421129],[132.4321828652471,-2.699037304428023],[132.432452810249,-2.698518336252123]]],[[[132.5975450778432,-2.697789287345723],[132.5967516086998,-2.697962182908389],[132.596957191921,-2.696620290094279],[132.5977568448026,-2.697046672166151],[132.5975450778432,-2.697789287345723]]],[[[132.5932592534119,-2.696810555162957],[132.5930620221947,-2.696613977752785],[132.5932202129426,-2.696422771993293],[132.5934382904449,-2.696604458428967],[132.5932592534119,-2.696810555162957]]],[[[132.1150905875606,-2.697625723148603],[132.1144557930005,-2.696626695065943],[132.1149600491671,-2.695949547833346],[132.1156696025702,-2.69699005624611],[132.1150905875606,-2.697625723148603]]],[[[132.4711669911638,-2.695508824272766],[132.4709037011449,-2.695190957996266],[132.4713298430978,-2.69436752793897],[132.4718423028801,-2.694947031280462],[132.4711669911638,-2.695508824272766]]],[[[132.4666637079638,-2.691853492044929],[132.4664685811601,-2.69276775542753],[132.4659224462639,-2.693111522178951],[132.4657211959764,-2.692074665913038],[132.4666637079638,-2.691853492044929]]],[[[132.464407012174,-2.691154352791061],[132.4641476449979,-2.690983974430841],[132.4643368263835,-2.69064629519036],[132.4646059224254,-2.690827612903915],[132.464407012174,-2.691154352791061]]],[[[132.5795953913143,-2.690501814606952],[132.5794885410634,-2.691427894181933],[132.5782293463074,-2.690898632365959],[132.5792630927176,-2.690319558001145],[132.5795953913143,-2.690501814606952]]],[[[132.5922515153952,-2.690309721216602],[132.5917843886387,-2.690476794568378],[132.591549638605,-2.69007961168464],[132.5920837495654,-2.689883600847478],[132.5922515153952,-2.690309721216602]]],[[[132.5432711587371,-2.690783494862339],[132.5425387391715,-2.690347536809304],[132.5425235694073,-2.689695620956092],[132.5433037618592,-2.689587892966808],[132.5432711587371,-2.690783494862339]]],[[[132.5794446703353,-2.690231706827786],[132.5792286963473,-2.690043778197795],[132.5795160612173,-2.689295632187585],[132.5797916647535,-2.689593726868969],[132.5794446703353,-2.690231706827786]]],[[[132.5822019926279,-2.688895109221859],[132.582504825837,-2.689306915981307],[132.5819275591097,-2.689618415957076],[132.5816675821932,-2.68929540375982],[132.5822019926279,-2.688895109221859]]],[[[132.5850798015916,-2.690863755757691],[132.5837956641386,-2.691936745884041],[132.5861063021642,-2.688912039858662],[132.5864334422496,-2.689862553114233],[132.5850798015916,-2.690863755757691]]],[[[132.5721218308579,-2.689122672773061],[132.5717765343596,-2.688802401709436],[132.5720032984135,-2.688600735035854],[132.5724620470858,-2.688840272160833],[132.5721218308579,-2.689122672773061]]],[[[132.5787512345819,-2.688005258835593],[132.5782281313233,-2.687991252794022],[132.5785212113849,-2.687471769306685],[132.5787296760337,-2.687684394219383],[132.5787512345819,-2.688005258835593]]],[[[132.5148562809926,-2.688302074680918],[132.5142584071998,-2.687864114737051],[132.51434614326,-2.687489726969241],[132.5150362344348,-2.687887489016363],[132.5148562809926,-2.688302074680918]]],[[[132.5487918269813,-2.687438803757727],[132.5491478532909,-2.688466875445863],[132.5478735930919,-2.689376769921894],[132.5473482361323,-2.687575347824003],[132.5487918269813,-2.687438803757727]]],[[[132.4743963118403,-2.687526931023035],[132.4733909696176,-2.68743455895766],[132.4732244079801,-2.687101433884001],[132.4740945767034,-2.686720873169682],[132.4743963118403,-2.687526931023035]]],[[[132.5657828532962,-2.687740823080434],[132.5653938191695,-2.687204351399666],[132.5661512938471,-2.686704198839676],[132.5664758924485,-2.687271789761228],[132.5657828532962,-2.687740823080434]]],[[[132.5603562658291,-2.687147103256196],[132.5600571000551,-2.686832854052914],[132.5604002381805,-2.686504091590505],[132.5607240732575,-2.686842978620499],[132.5603562658291,-2.687147103256196]]],[[[132.5630184299566,-2.687317417764559],[132.5625928060133,-2.686870693028068],[132.563421140973,-2.686422848635475],[132.5635951436011,-2.686990960264593],[132.5630184299566,-2.687317417764559]]],[[[132.542298247866,-2.686979788886104],[132.5418502478907,-2.68819996565586],[132.5416096495658,-2.688294359397128],[132.5411752266554,-2.687225900954518],[132.542298247866,-2.686979788886104]]],[[[132.1135726929254,-2.687898433765648],[132.1130715789902,-2.687487729574991],[132.1133983476556,-2.685962926347932],[132.1139317976144,-2.686681070075261],[132.1135726929254,-2.687898433765648]]],[[[132.5485292816011,-2.686416826775043],[132.5480223778306,-2.68610075644469],[132.5484131647359,-2.685310973622526],[132.5489642566951,-2.685653391390888],[132.5485292816011,-2.686416826775043]]],[[[132.5502820242961,-2.685740204746592],[132.5496098674015,-2.685764121317094],[132.5501626141134,-2.684838675764281],[132.5505520682234,-2.685222454252825],[132.5502820242961,-2.685740204746592]]],[[[132.116038089886,-2.684848452294178],[132.1157538933276,-2.684628988936646],[132.1161738731258,-2.684343429006011],[132.1163070276473,-2.684609328857393],[132.116038089886,-2.684848452294178]]],[[[132.4767436826748,-2.685282228591904],[132.4764753960228,-2.684696070267359],[132.4769065849709,-2.684341839903917],[132.4770941322885,-2.684780805289913],[132.4767436826748,-2.685282228591904]]],[[[132.4776328918446,-2.683961531899095],[132.477338982608,-2.683592449232089],[132.4777111085808,-2.683328008081068],[132.4778693721738,-2.683736906433046],[132.4776328918446,-2.683961531899095]]],[[[132.5451514432846,-2.683548409431483],[132.5431469470739,-2.685534492922484],[132.5422790608301,-2.685425086798235],[132.5433240928327,-2.683547981354176],[132.5451514432846,-2.683548409431483]]],[[[132.4042671463118,-2.68289793699015],[132.4050956269618,-2.684088322817749],[132.4049808231066,-2.684352461796616],[132.4038610808243,-2.68315391731935],[132.4042671463118,-2.68289793699015]]],[[[132.5114964354123,-2.682651665741689],[132.5134546138394,-2.68378247238317],[132.5133205168285,-2.684495478283624],[132.5112594550599,-2.684327275383394],[132.5114964354123,-2.682651665741689]]],[[[132.5130741754329,-2.682361815145631],[132.5133512115893,-2.682611475039456],[132.5131570002954,-2.682796983593841],[132.5127423040142,-2.682542196664953],[132.5130741754329,-2.682361815145631]]],[[[132.5097202860624,-2.682256534211616],[132.5095601689667,-2.681965806776512],[132.5098180153892,-2.68180240265872],[132.5099000533448,-2.682084815861499],[132.5097202860624,-2.682256534211616]]],[[[132.4801442198799,-2.682180545096083],[132.4799627312951,-2.681938122945907],[132.4801527436542,-2.681722301842695],[132.4803303822414,-2.681953509446869],[132.4801442198799,-2.682180545096083]]],[[[132.4404700774322,-2.682105127049875],[132.4401946267807,-2.681893156843687],[132.4409056712598,-2.681641096659229],[132.4408449562298,-2.681919226391097],[132.4404700774322,-2.682105127049875]]],[[[132.48224022031,-2.681961625828302],[132.4819822560763,-2.681713340997829],[132.4821835396388,-2.681440039725993],[132.4825246228131,-2.681697388823403],[132.48224022031,-2.681961625828302]]],[[[132.5048254002722,-2.681536552269995],[132.5046905927967,-2.681419697960655],[132.5048663823777,-2.681280946958145],[132.504946380671,-2.681397970339974],[132.5048254002722,-2.681536552269995]]],[[[132.480938084725,-2.68139576160509],[132.4808029579902,-2.68133196909506],[132.4809012952586,-2.681199960309824],[132.4810545532251,-2.681297701327859],[132.480938084725,-2.68139576160509]]],[[[132.5294549020221,-2.682009633437746],[132.5286628520091,-2.681434692357135],[132.5289231535808,-2.68082781185395],[132.5298366030769,-2.681364168421554],[132.5294549020221,-2.682009633437746]]],[[[132.4131720758307,-2.681002732689899],[132.4130248819928,-2.680848187793552],[132.4132996221799,-2.68066134464531],[132.4133840739159,-2.680812456829321],[132.4131720758307,-2.681002732689899]]],[[[132.5072811879765,-2.681098026652576],[132.5069755219029,-2.680375239725466],[132.5078426787967,-2.680142556333889],[132.5077189491702,-2.680818032626034],[132.5072811879765,-2.681098026652576]]],[[[132.533018256987,-2.68005178236386],[132.5420807558223,-2.6814900771053],[132.5426594911427,-2.682849468028506],[132.532975899818,-2.682440636226316],[132.533018256987,-2.68005178236386]]],[[[132.5091172267787,-2.680744075078925],[132.508620160692,-2.681016247701587],[132.5080996097092,-2.680124136419673],[132.5087898996343,-2.680011283194153],[132.5091172267787,-2.680744075078925]]],[[[132.5445686430285,-2.681308108282535],[132.5435985677198,-2.680916613610831],[132.5435139208308,-2.679999297029914],[132.54478221133,-2.680209069293118],[132.5445686430285,-2.681308108282535]]],[[[132.549329895858,-2.680402533250328],[132.5490623322609,-2.680181582414034],[132.5492744481573,-2.679846994143434],[132.5495108907151,-2.680028545680793],[132.549329895858,-2.680402533250328]]],[[[132.4861209118507,-2.679776250773338],[132.4862941707395,-2.680053563021525],[132.4861147901655,-2.680322818243466],[132.4859180787564,-2.680077470598777],[132.4861209118507,-2.679776250773338]]],[[[132.5501779043868,-2.679343484414234],[132.5510430692823,-2.679244251421034],[132.5512923037968,-2.679493960777604],[132.5505861120595,-2.680348158440696],[132.5501779043868,-2.679343484414234]]],[[[132.4389771236954,-2.68001352430465],[132.4381770760114,-2.679493968871485],[132.4386948103173,-2.678927938273626],[132.4393673008604,-2.679342916042662],[132.4389771236954,-2.68001352430465]]],[[[132.4977054352577,-2.68006749441925],[132.4965584444168,-2.679875952313251],[132.4978165150202,-2.678838561850119],[132.4981114287995,-2.679443723748845],[132.4977054352577,-2.68006749441925]]],[[[132.5127126947351,-2.67883447533073],[132.5131829268506,-2.678937957620578],[132.5132501232947,-2.679311306671453],[132.5125328725941,-2.679314823919901],[132.5127126947351,-2.67883447533073]]],[[[132.4832446847944,-2.681936025726975],[132.4827562611925,-2.681460618912437],[132.4836142692832,-2.678758545570384],[132.48451428021,-2.680823657885492],[132.4832446847944,-2.681936025726975]]],[[[132.5355613598689,-2.678723043034006],[132.5364544253314,-2.679073698592285],[132.5364309152546,-2.679804930153365],[132.5346698969983,-2.679450375134687],[132.5355613598689,-2.678723043034006]]],[[[132.5470193468654,-2.679403244364201],[132.5474044932229,-2.680292581237589],[132.5462909778464,-2.680655533226231],[132.545893399261,-2.678815262214565],[132.5470193468654,-2.679403244364201]]],[[[132.4877187049543,-2.679326648206162],[132.4873297814444,-2.679019171797295],[132.4874342547871,-2.678618435692195],[132.4878505851365,-2.678995571788148],[132.4877187049543,-2.679326648206162]]],[[[131.6174873888321,-2.679006413115451],[131.6172345552307,-2.678757065286311],[131.6174245675897,-2.678506774967618],[131.6176500303247,-2.678706863331096],[131.6174873888321,-2.679006413115451]]],[[[131.6232368122292,-2.679242158698594],[131.622676491427,-2.67903347641372],[131.6228063463359,-2.678548202237677],[131.6234150668519,-2.678717059844418],[131.6232368122292,-2.679242158698594]]],[[[132.4990941332877,-2.67909246024878],[132.4984903806267,-2.678816478097959],[132.4985507116461,-2.678469189601332],[132.4993197318203,-2.678772816012634],[132.4990941332877,-2.67909246024878]]],[[[132.4837853419201,-2.677967633199676],[132.4839569415597,-2.678326449206184],[132.4837077520112,-2.678495340087819],[132.4835274028673,-2.678182411089372],[132.4837853419201,-2.677967633199676]]],[[[132.5364668143921,-2.678780644611026],[132.5360950841209,-2.678464939405403],[132.536556504679,-2.677796968854976],[132.5366634943249,-2.6785738571977],[132.5364668143921,-2.678780644611026]]],[[[132.5124959869004,-2.677767122154931],[132.5126356138426,-2.677879377331374],[132.5126069623414,-2.677958948446671],[132.5123342528236,-2.677907812095784],[132.5124959869004,-2.677767122154931]]],[[[132.5489845840714,-2.678866624295198],[132.5484097491107,-2.678613194443338],[132.5487460730729,-2.677749876755334],[132.5492543096388,-2.678443164120628],[132.5489845840714,-2.678866624295198]]],[[[132.4175056119944,-2.67748378265045],[132.4175448611066,-2.677676284333044],[132.4173124160352,-2.677580332965926],[132.4173628590088,-2.677487449186414],[132.4175056119944,-2.67748378265045]]],[[[132.5017882970923,-2.677244925412905],[132.5019442071594,-2.677455236369999],[132.5017889491008,-2.677832284332363],[132.5015351001649,-2.677594258068508],[132.5017882970923,-2.677244925412905]]],[[[132.5287775047781,-2.67701170062942],[132.5280903696749,-2.676472950066591],[132.5281438910279,-2.67591462755801],[132.5287232477797,-2.676193260910223],[132.5287775047781,-2.67701170062942]]],[[[131.5990804096334,-2.675959726759894],[131.5988438213853,-2.675878429845627],[131.5989342167408,-2.675649482237732],[131.5990941521734,-2.675691067788469],[131.5990804096334,-2.675959726759894]]],[[[131.6014785076271,-2.675881588264664],[131.6012482757874,-2.675818543990507],[131.601320386127,-2.6755826760996],[131.6015418172011,-2.675652887970317],[131.6014785076271,-2.675881588264664]]],[[[131.632788451426,-2.67556586327389],[131.6322547874286,-2.676176759250007],[131.6318708299749,-2.676097787083156],[131.6325230695841,-2.674999618637466],[131.632788451426,-2.67556586327389]]],[[[131.6159483331492,-2.675732833203684],[131.6149965491514,-2.675732833203684],[131.6141488257078,-2.677003032963546],[131.6152344953757,-2.674935713712115],[131.6159483331492,-2.675732833203684]]],[[[131.6131210561918,-2.677756084775476],[131.6119151471664,-2.676173034258047],[131.6128074446079,-2.674888125186817],[131.6135736103339,-2.677013662950126],[131.6131210561918,-2.677756084775476]]],[[[132.42893823721,-2.675944197266825],[132.4284937715704,-2.675841582822683],[132.428438911127,-2.674734242191404],[132.4291379280731,-2.67522855635274],[132.42893823721,-2.675944197266825]]],[[[132.5055179519919,-2.674712691737271],[132.505909659803,-2.675132220975199],[132.5057387967082,-2.675507294026394],[132.5050961312815,-2.674920674349648],[132.5055179519919,-2.674712691737271]]],[[[132.5040360446278,-2.674798798225966],[132.5039386219698,-2.674750624241875],[132.5039311629928,-2.674674847366257],[132.5040592030699,-2.674689171767833],[132.5040360446278,-2.674798798225966]]],[[[132.3665270525814,-2.675040700567857],[132.3667008969289,-2.675853415202914],[132.3660893642328,-2.676419479974948],[132.365985184069,-2.674539946361401],[132.3665270525814,-2.675040700567857]]],[[[131.6175068798387,-2.676149239096029],[131.6206953578046,-2.67500709829889],[131.6144834499513,-2.678268798166508],[131.6164480198603,-2.676756000888661],[131.6166145823971,-2.674483616425752],[131.6175068798387,-2.676149239096029]]],[[[131.6254423833594,-2.675066583955646],[131.6307482854052,-2.674858053656218],[131.6310460131631,-2.677588812673529],[131.6222022546305,-2.676260444763637],[131.6254423833594,-2.675066583955646]]],[[[131.5990877966645,-2.673604767446028],[131.598911729193,-2.673549423167268],[131.5989729667291,-2.673323014345621],[131.5992008126674,-2.673396639143524],[131.5990877966645,-2.673604767446028]]],[[[132.5092598790401,-2.673135506598337],[132.5095538035652,-2.673398198567936],[132.5093323850816,-2.673852268067625],[132.5090949496722,-2.673523332036057],[132.5092598790401,-2.673135506598337]]],[[[132.4967308021849,-2.673132288824023],[132.4965607646676,-2.673046012363558],[132.4965690393298,-2.67290608594706],[132.4967802801858,-2.672972952339839],[132.4967308021849,-2.673132288824023]]],[[[131.6103535382852,-2.672993378641467],[131.6101680108451,-2.673011598006772],[131.6101620600311,-2.672781627869794],[131.6103304733728,-2.672757633957604],[131.6103535382852,-2.672993378641467]]],[[[132.5056126559993,-2.672783052395891],[132.5058589173553,-2.67399243999902],[132.5039252940172,-2.674230647026723],[132.5040040647359,-2.673292619059067],[132.5056126559993,-2.672783052395891]]],[[[132.4937573143486,-2.673436300145118],[132.4933707731428,-2.673078225179884],[132.4937537170605,-2.672631264820938],[132.4941315995937,-2.672986719161743],[132.4937573143486,-2.673436300145118]]],[[[131.6066443438615,-2.674199679771297],[131.6097295832538,-2.674275817275065],[131.6038515190324,-2.678186366307747],[131.6031230375982,-2.674745356912636],[131.6066443438615,-2.674199679771297]]],[[[132.5132157907761,-2.672096221263567],[132.5129392609382,-2.67225599212029],[132.5127153207556,-2.671521144385272],[132.5131456778308,-2.671653503006757],[132.5132157907761,-2.672096221263567]]],[[[131.602670941211,-2.671866208858445],[131.6040986167579,-2.673008349655584],[131.6000416356131,-2.675018995430259],[131.5994705661138,-2.672472971550357],[131.602670941211,-2.671866208858445]]],[[[132.5115907257315,-2.671192205655684],[132.5125431032817,-2.671730139634201],[132.5118725139055,-2.672911129345115],[132.5101183862546,-2.671516347401484],[132.5115907257315,-2.671192205655684]]],[[[132.4847569550694,-2.671100705932774],[132.4837669372944,-2.671170225325595],[132.4844682133374,-2.670112252978088],[132.4849987144192,-2.670439720416676],[132.4847569550694,-2.671100705932774]]],[[[132.4837176346611,-2.670525286412742],[132.4835422911438,-2.67038459557252],[132.4837877134324,-2.66992444125991],[132.4839377554231,-2.670321923617871],[132.4837176346611,-2.670525286412742]]],[[[132.5054411615804,-2.670367091168282],[132.5050805487284,-2.670140473703844],[132.5053290826712,-2.669850863226733],[132.5057033319433,-2.670156559877304],[132.5054411615804,-2.670367091168282]]],[[[132.4581009560943,-2.669567279106635],[132.4581142192958,-2.670084326330516],[132.457521550779,-2.669962343187551],[132.4577499453038,-2.66965146284466],[132.4581009560943,-2.669567279106635]]],[[[132.5018635748441,-2.670109928230582],[132.501606159197,-2.669889124883154],[132.5015631248384,-2.669551041847098],[132.5019978813972,-2.669878771887715],[132.5018635748441,-2.670109928230582]]],[[[132.5041083806973,-2.669506456158002],[132.5045412118076,-2.669786899845475],[132.504462748657,-2.670222624074794],[132.5037237739331,-2.670035047978983],[132.5041083806973,-2.669506456158002]]],[[[132.3587511130735,-2.669197658644931],[132.3586555124421,-2.669113214103527],[132.3587725061464,-2.668981075815926],[132.3588356160708,-2.669084256832901],[132.3587511130735,-2.669197658644931]]],[[[132.3616295686498,-2.668862556861454],[132.3615182496677,-2.668491235781881],[132.3616462942412,-2.668398941058195],[132.3617962561923,-2.668551736773209],[132.3616295686498,-2.668862556861454]]],[[[132.5054430177811,-2.669013943338763],[132.5049110939718,-2.668613577754344],[132.504963088276,-2.66786539397266],[132.5057101892739,-2.668409047639367],[132.5054430177811,-2.669013943338763]]],[[[132.4841364219584,-2.669439433283197],[132.4838868717818,-2.668827707232849],[132.4842457093721,-2.667731314048874],[132.4852380797736,-2.668771058937194],[132.4841364219584,-2.669439433283197]]],[[[132.358410856376,-2.667699050870434],[132.3586387715622,-2.667871553429427],[132.35848622406,-2.668042096365555],[132.358236817775,-2.66777017015716],[132.358410856376,-2.667699050870434]]],[[[132.4939508691374,-2.668509133189881],[132.4914418721447,-2.673249163817795],[132.4852853301539,-2.671241356303502],[132.4860302889667,-2.668935188807867],[132.4939508691374,-2.668509133189881]]],[[[132.4834232586766,-2.666668865775515],[132.4834057722587,-2.666945873153439],[132.483125437389,-2.667170613732742],[132.4831042664488,-2.666691094318521],[132.4834232586766,-2.666668865775515]]],[[[132.3557551637698,-2.666532444017003],[132.3565022027146,-2.6670667357412],[132.3557225741376,-2.668308957592272],[132.3548873791493,-2.666969563994106],[132.3557551637698,-2.666532444017003]]],[[[132.5041930932367,-2.666876015615552],[132.4980617664374,-2.672212451443448],[132.4967438459517,-2.671641447594711],[132.4968169887132,-2.66785948902413],[132.5041930932367,-2.666876015615552]]],[[[132.5046000040871,-2.666039884433038],[132.5050178605859,-2.666293173091352],[132.5050182913611,-2.666767153581231],[132.5044882291485,-2.666553478260328],[132.5046000040871,-2.666039884433038]]],[[[132.3476688709217,-2.665049696686042],[132.3474007308592,-2.664807735888244],[132.3475458589543,-2.664504998906539],[132.3477995244285,-2.66469565787826],[132.3476688709217,-2.665049696686042]]],[[[132.4842678290971,-2.666281973834009],[132.4837429352883,-2.665650476188455],[132.4837777453467,-2.6640799226503],[132.4846307136365,-2.664960847265244],[132.4842678290971,-2.666281973834009]]],[[[132.4577828703832,-2.661576548219083],[132.4575859521301,-2.661182663149367],[132.457826466818,-2.660919381224394],[132.4579971167736,-2.661254990225606],[132.4577828703832,-2.661576548219083]]],[[[132.3265405261244,-2.660146022720669],[132.3263910336194,-2.65983317106391],[132.3265687819238,-2.659444368962374],[132.3267837297853,-2.659740897024745],[132.3265405261244,-2.660146022720669]]],[[[132.5569474386735,-2.660208890727647],[132.5566733558908,-2.660084683561228],[132.5565012778118,-2.658595567231606],[132.5570159858991,-2.659024670651958],[132.5569474386735,-2.660208890727647]]],[[[132.5688733051589,-2.657198671881103],[132.5684335978324,-2.656925634110666],[132.5685880896687,-2.656569498083774],[132.5688851888005,-2.656735694596593],[132.5688733051589,-2.657198671881103]]],[[[132.5632997163089,-2.656628854238166],[132.5630144999193,-2.656474527877053],[132.5633353681328,-2.656059034796579],[132.563394788139,-2.656438913824813],[132.5632997163089,-2.656628854238166]]],[[[132.5428900449397,-2.655598127751338],[132.5426491255568,-2.655445443552276],[132.5428490574381,-2.654798973993413],[132.5430425222946,-2.655027669791091],[132.5428900449397,-2.655598127751338]]],[[[132.546597169124,-2.655518044921815],[132.5461569689691,-2.654851795673776],[132.5468113210856,-2.65414985503172],[132.547180136654,-2.654649541742929],[132.546597169124,-2.655518044921815]]],[[[132.5680176577886,-2.654135895754964],[132.5675660668206,-2.653969699242145],[132.5678393986693,-2.65345923505558],[132.568279105996,-2.6537204026744],[132.5680176577886,-2.654135895754964]]],[[[132.5728378027225,-2.653451321021619],[132.5725169363076,-2.653166411300825],[132.5732299745837,-2.652608462910136],[132.5732418591245,-2.652952728785321],[132.5728378027225,-2.653451321021619]]],[[[132.1968191827591,-2.653059095201085],[132.1964564250241,-2.652526185734841],[132.1970454144144,-2.651961124606109],[132.1974832889227,-2.652535366014222],[132.1968191827591,-2.653059095201085]]],[[[132.4508298726006,-2.652227049638592],[132.4508016797538,-2.651138753050988],[132.4518453510822,-2.650821867035427],[132.4520136178343,-2.651416601295045],[132.4508298726006,-2.652227049638592]]],[[[132.5658821060743,-2.650922348287635],[132.5657109767802,-2.650922348287635],[132.5654447747567,-2.650770396136773],[132.5657965409776,-2.650627939927455],[132.5658821060743,-2.650922348287635]]],[[[132.5535104006846,-2.650771819763589],[132.5536173570555,-2.651523270782244],[132.5527189271369,-2.651729830667085],[132.5528615353317,-2.650789627239439],[132.5535104006846,-2.650771819763589]]],[[[132.5652831530951,-2.650456994094943],[132.5642944051627,-2.649716226122914],[132.5646842001158,-2.649032440094937],[132.5648173006779,-2.650010633583813],[132.5652831530951,-2.650456994094943]]],[[[132.5316723927667,-2.649462303442432],[132.5313728582709,-2.649282510979026],[132.5316211628864,-2.648994537268015],[132.5318855779572,-2.649349095883993],[132.5316723927667,-2.649462303442432]]],[[[132.4515287150782,-2.649677909607798],[132.4512553841288,-2.649375192411155],[132.451897118757,-2.648597623281626],[132.4517545105623,-2.649410805564203],[132.4515287150782,-2.649677909607798]]],[[[132.5428188537072,-2.647758304002481],[132.5426821882325,-2.647782047003824],[132.5425633482201,-2.647479328907901],[132.5427832018833,-2.647526814011217],[132.5428188537072,-2.647758304002481]]],[[[132.5750244566133,-2.648631587078023],[132.5746085165698,-2.647764982367987],[132.574976921148,-2.647266387433758],[132.5756661921412,-2.647788725369329],[132.5750244566133,-2.648631587078023]]],[[[132.5280221192255,-2.647020504692479],[132.526276909252,-2.649746056635108],[132.5228750779225,-2.648125724722375],[132.5256140270658,-2.647186133733006],[132.5280221192255,-2.647020504692479]]],[[[132.5421713724109,-2.64710664985193],[132.5415846313257,-2.647112930717091],[132.5419215281561,-2.64629763412845],[132.5424459066534,-2.646743135787036],[132.5421713724109,-2.64710664985193]]],[[[132.4421402686586,-2.647537011423909],[132.4417419139583,-2.646823811269863],[132.4421430754427,-2.646169076041962],[132.4428068767361,-2.646712385268282],[132.4421402686586,-2.647537011423909]]],[[[132.4502447637849,-2.646643936068729],[132.4497449529673,-2.646660381071689],[132.4497325288332,-2.646358798819451],[132.4505326223827,-2.646137562898135],[132.4502447637849,-2.646643936068729]]],[[[132.5118212606427,-2.647198948172916],[132.5109912520448,-2.646633721568906],[132.511603243395,-2.645375945043751],[132.5121745404227,-2.646574663090176],[132.5118212606427,-2.647198948172916]]],[[[132.4600550785791,-2.645845260750137],[132.4595702126952,-2.645674314018345],[132.4597270814397,-2.64503326287471],[132.4605542068113,-2.645603085913686],[132.4600550785791,-2.645845260750137]]],[[[132.5672475764146,-2.644461521581912],[132.5670407952965,-2.644376048216015],[132.5671691420423,-2.644197977954279],[132.5673046186133,-2.64434755679426],[132.5672475764146,-2.644461521581912]]],[[[132.4588856946192,-2.644563157563587],[132.4584008287353,-2.644634385668335],[132.4585862185792,-2.644093053151833],[132.4589142166179,-2.644164281256492],[132.4588856946192,-2.644563157563587]]],[[[132.5662493208496,-2.643685135960164],[132.5660568011805,-2.643599662594267],[132.5662493208496,-2.643421593231901],[132.5663847992191,-2.64351418922846],[132.5662493208496,-2.643685135960164]]],[[[132.5137031154065,-2.64390946285136],[132.514953297157,-2.644659361640203],[132.5145039805743,-2.645497617920681],[132.5127993120388,-2.643820221326079],[132.5137031154065,-2.64390946285136]]],[[[132.542014932643,-2.645389183963667],[132.5406653839004,-2.64431566323722],[132.541826350206,-2.643085361000511],[132.5424487332225,-2.643598036620068],[132.542014932643,-2.645389183963667]]],[[[132.5191238878572,-2.643980357307621],[132.5183839949255,-2.643616147167352],[132.5184852172191,-2.64297823285913],[132.5188894831632,-2.642939708600592],[132.5191238878572,-2.643980357307621]]],[[[132.5157705803481,-2.643488070218217],[132.5154581333862,-2.643251426212315],[132.5155122276072,-2.64287417410374],[132.5160193607049,-2.642959722113483],[132.5157705803481,-2.643488070218217]]],[[[132.5117624242965,-2.643151019603776],[132.5113932768783,-2.643016974753534],[132.5115242514432,-2.64283610310361],[132.5119800386479,-2.642996301138359],[132.5117624242965,-2.643151019603776]]],[[[132.4559435409617,-2.643575990639382],[132.4555241601119,-2.643480811789958],[132.4557573480232,-2.642552822055036],[132.4563855253718,-2.643209553777906],[132.4559435409617,-2.643575990639382]]],[[[132.5163470628668,-2.646529346252249],[132.5157216203566,-2.645853259320388],[132.5173504526613,-2.642440421188466],[132.5174309500784,-2.645670511684697],[132.5163470628668,-2.646529346252249]]],[[[132.4490695711039,-2.646179965932641],[132.4474358482859,-2.645467787408398],[132.4494557849566,-2.642203659371292],[132.4499485585792,-2.645838981683626],[132.4490695711039,-2.646179965932641]]],[[[132.513834457794,-2.642851957252004],[132.5134830000405,-2.642562782945992],[132.5136619741209,-2.642169784607765],[132.5140570004303,-2.642402220685883],[132.513834457794,-2.642851957252004]]],[[[132.5222413427638,-2.642398281655359],[132.5237832340091,-2.64232213875564],[132.5202674306975,-2.643241780983344],[132.5215560593647,-2.641846247206539],[132.5222413427638,-2.642398281655359]]],[[[132.5201902841544,-2.641585981607689],[132.5197514698546,-2.641515177983036],[132.5196257383372,-2.641361946996204],[132.5201569345949,-2.641303730282887],[132.5201902841544,-2.641585981607689]]],[[[132.5562182063053,-2.641377202196063],[132.5735207703673,-2.646583168878072],[132.5745201437897,-2.651948853356847],[132.5633009852524,-2.64710664985193],[132.5630273467347,-2.655708401721293],[132.5528551519437,-2.64870088883489],[132.5483737303634,-2.656470264191293],[132.5454312331649,-2.651246911815422],[132.5364130763025,-2.64740408263229],[132.5459881985965,-2.649735679358026],[132.5425877774041,-2.643025875343843],[132.5562182063053,-2.641377202196063]]],[[[132.5162883326405,-2.641306966043613],[132.5159931553599,-2.641127173580207],[132.5162451022297,-2.640903979834766],[132.5164799044241,-2.641136891654197],[132.5162883326405,-2.641306966043613]]],[[[132.5183655552263,-2.640809861285989],[132.5190619146757,-2.641042909802385],[132.519156545838,-2.641536978448736],[132.5179792496428,-2.6412854920318],[132.5183655552263,-2.640809861285989]]],[[[132.4415304482716,-2.641353717300168],[132.4411135378596,-2.641208633271821],[132.4411535990593,-2.6407454518411],[132.4416569936754,-2.641100496990292],[132.4415304482716,-2.641353717300168]]],[[[132.4544503489045,-2.641029601634751],[132.4540888214421,-2.642940798578922],[132.452432716297,-2.643568976826741],[132.4512593654274,-2.641573701365177],[132.4544503489045,-2.641029601634751]]],[[[132.5133188602773,-2.641377354181509],[132.5130501032798,-2.641027166270662],[132.5133030331085,-2.640594979974312],[132.5135110301101,-2.640901334928605],[132.5133188602773,-2.641377354181509]]],[[[132.5115478748346,-2.64074481242316],[132.511337794104,-2.640754583557106],[132.5112165798813,-2.640518323561716],[132.5118206787814,-2.64051954214313],[132.5115478748346,-2.64074481242316]]],[[[132.5136837413116,-2.640387063012531],[132.5134365950229,-2.640093733838691],[132.5138195281488,-2.639854113976162],[132.5139360362192,-2.64027392739983],[132.5136837413116,-2.640387063012531]]],[[[132.4586290011275,-2.639448979286898],[132.4580157866992,-2.639050100281873],[132.4593563008526,-2.63826658933162],[132.4595416906965,-2.638850661228956],[132.4586290011275,-2.639448979286898]]],[[[132.4455084851286,-2.63790110125475],[132.4483638380208,-2.641156202796482],[132.4432955863223,-2.647466534253143],[132.4419963996143,-2.638614939028175],[132.4455084851286,-2.63790110125475]]],[[[132.4558163102746,-2.636487700646819],[132.4551727248415,-2.636283132760278],[132.455659265263,-2.635659648074265],[132.4559162474368,-2.635830968924038],[132.4558163102746,-2.636487700646819]]],[[[132.5070226562705,-2.636276672930096],[132.5066973454063,-2.635952591438942],[132.5068589697657,-2.635542069810606],[132.5071713267954,-2.635822423565928],[132.5070226562705,-2.636276672930096]]],[[[132.4573010936707,-2.637501350806629],[132.4566300861097,-2.636530530859263],[132.4585860018426,-2.635516880699454],[132.4585288948927,-2.636187889159716],[132.4573010936707,-2.637501350806629]]],[[[132.4660945207457,-2.635058935121728],[132.465833074337,-2.635130164125668],[132.4656666979598,-2.634916478012952],[132.4663048308033,-2.634826944208049],[132.4660945207457,-2.635058935121728]]],[[[132.5052068881874,-2.634480725005409],[132.5044626416377,-2.635021185179445],[132.5029581909678,-2.634384257427483],[132.5044867938306,-2.633806193900659],[132.5052068881874,-2.634480725005409]]],[[[132.4572314438762,-2.63395014388397],[132.4564898836013,-2.635303485966991],[132.4554345858375,-2.634719412271005],[132.456504144151,-2.633793440614765],[132.4572314438762,-2.63395014388397]]],[[[132.4316654807774,-2.633593404412052],[132.4314049184023,-2.633505457011223],[132.4314663070245,-2.633234616284488],[132.4317573357326,-2.63330514561593],[132.4316654807774,-2.633593404412052]]],[[[132.4957843772472,-2.632849243297899],[132.4953068273483,-2.632594777427036],[132.495420552017,-2.632227881911112],[132.4959767386356,-2.632277081122394],[132.4957843772472,-2.632849243297899]]],[[[132.4910096912443,-2.631840389222509],[132.4906278498954,-2.631542414151047],[132.490884945384,-2.631197657246068],[132.491227864974,-2.63140376836917],[132.4910096912443,-2.631840389222509]]],[[[132.4822916399474,-2.631597889730733],[132.4819624404144,-2.63105527208303],[132.4825453243074,-2.630789857865581],[132.4826836679171,-2.631152895289881],[132.4822916399474,-2.631597889730733]]],[[[132.4602737451373,-2.63093242289292],[132.4600550785791,-2.630799461725777],[132.4600836005777,-2.630571530351824],[132.4603022662367,-2.630751975723092],[132.4602737451373,-2.63093242289292]]],[[[132.4399762839784,-2.629889703047253],[132.4405148852539,-2.630021931267093],[132.4390402264254,-2.630726893631133],[132.4392596124412,-2.629700296831208],[132.4399762839784,-2.629889703047253]]],[[[132.4408005540024,-2.629696054729072],[132.440544668102,-2.629442034921928],[132.4408322128365,-2.629088625639467],[132.4411255177286,-2.629320764042012],[132.4408005540024,-2.629696054729072]]],[[[132.4387125890148,-2.629627125291536],[132.4383651728145,-2.629504032385091],[132.4385137767895,-2.629089149044963],[132.4387829159988,-2.629238298908357],[132.4387125890148,-2.629627125291536]]],[[[132.4588921913216,-2.62962571335599],[132.4595917694446,-2.629675220135288],[132.4598994652881,-2.630562842900799],[132.4579982885903,-2.628959564832003],[132.4588921913216,-2.62962571335599]]],[[[132.431317491709,-2.628660221891701],[132.4313252510595,-2.629163287355743],[132.4306433032459,-2.629000167423692],[132.4308090842719,-2.628685843576742],[132.431317491709,-2.628660221891701]]],[[[132.4487907821689,-2.629324603247765],[132.448261355777,-2.628947656009453],[132.4483927269429,-2.628458438306216],[132.4489435203272,-2.629010245226551],[132.4487907821689,-2.629324603247765]]],[[[132.4401354109206,-2.628750849272235],[132.4398560086479,-2.628662857804612],[132.4399305597477,-2.628330862279407],[132.4403041201391,-2.62841903990674],[132.4401354109206,-2.628750849272235]]],[[[132.4740344947961,-2.629245389163318],[132.4735011329711,-2.628658648078089],[132.4742233479292,-2.628262404086604],[132.4743699841875,-2.628822127738919],[132.4740344947961,-2.629245389163318]]],[[[132.4860458634259,-2.629489375234398],[132.4853865290652,-2.628867417597183],[132.485553169843,-2.628120389444335],[132.4860998812046,-2.628558556232344],[132.4860458634259,-2.629489375234398]]],[[[132.482216025849,-2.628648838273209],[132.4818908768625,-2.628250463787809],[132.4824607808405,-2.627958785769271],[132.4824379632416,-2.628500689355276],[132.482216025849,-2.628648838273209]]],[[[132.4314559306468,-2.628425728164776],[132.4312477753646,-2.628007326676743],[132.4315222988152,-2.627645155299588],[132.4316911510259,-2.627955806315343],[132.4314559306468,-2.628425728164776]]],[[[132.4399121623165,-2.627850957955305],[132.4394037207052,-2.627843347892147],[132.4394437864017,-2.627375801152246],[132.4401519980164,-2.627447189336321],[132.4399121623165,-2.627850957955305]]],[[[132.4846922236673,-2.62726216281848],[132.4843032174197,-2.62877824711836],[132.4828002434366,-2.628010069609024],[132.4830059013013,-2.627311196554485],[132.4846922236673,-2.62726216281848]]],[[[132.4285122409473,-2.628430493672321],[132.4279658614354,-2.627852476010942],[132.4287242111535,-2.626778931902132],[132.4288005653939,-2.627692497410797],[132.4285122409473,-2.628430493672321]]],[[[132.4401134836504,-2.626896428327521],[132.439857304571,-2.626786648085291],[132.4400015036665,-2.626402347989901],[132.4402403204345,-2.626498987338335],[132.4401134836504,-2.626896428327521]]],[[[132.4302757836006,-2.626612275835852],[132.4298365088479,-2.626786182236421],[132.4298723072612,-2.626279294653669],[132.4302026246514,-2.626258124612749],[132.4302757836006,-2.626612275835852]]],[[[132.4398474228203,-2.625877498247922],[132.4395954237898,-2.625846385302369],[132.4396351315561,-2.625553649681114],[132.4398655072874,-2.625532270997402],[132.4398474228203,-2.625877498247922]]],[[[132.4473432136186,-2.626563150369046],[132.4467705226416,-2.626089965779313],[132.4469106819824,-2.625552684708568],[132.447475268269,-2.625733032953084],[132.4473432136186,-2.626563150369046]]],[[[132.4418209176014,-2.626061987870434],[132.44143496725,-2.6256591149761],[132.442057527433,-2.625109725433441],[132.4422171067341,-2.625708798022577],[132.4418209176014,-2.626061987870434]]],[[[132.4814526534173,-2.626259499676101],[132.4809780281136,-2.625631355602545],[132.4828487429751,-2.624647395660753],[132.4822293322181,-2.625791230780619],[132.4814526534173,-2.626259499676101]]],[[[132.4673615872675,-2.624765167278634],[132.4779591290106,-2.632286550084187],[132.5087069686518,-2.636763717871274],[132.5086471070784,-2.653554949900963],[132.461155891931,-2.667900980146046],[132.4512132356024,-2.64534676564068],[132.4520900736981,-2.644425582874346],[132.4603991519994,-2.646338669294115],[132.4635543172779,-2.645567723671485],[132.4560833333792,-2.6423791233978],[132.4622265779942,-2.629377870991936],[132.4647963961369,-2.634788766188548],[132.4674090435925,-2.636644744759112],[132.4673615872675,-2.624765167278634]]],[[[132.4701025697779,-2.62382670583772],[132.469516600311,-2.623467137997951],[132.4695561785749,-2.623235576960228],[132.4701692131388,-2.623105704064946],[132.4701025697779,-2.62382670583772]]],[[[131.6442103189511,-2.623349712619108],[131.6438716279734,-2.623209133294838],[131.6440787103643,-2.622857297825989],[131.6443214050089,-2.622936555977232],[131.6442103189511,-2.623349712619108]]],[[[132.46249458136,-2.622438879250824],[132.4615750398562,-2.623708818207307],[132.4636215523927,-2.626055576603539],[132.4592119749527,-2.623179532109601],[132.46249458136,-2.622438879250824]]],[[[132.4489770137781,-2.62094101791355],[132.4483646078404,-2.620764946844714],[132.4481828593515,-2.620384341164408],[132.4488952276327,-2.620551875868296],[132.4489770137781,-2.62094101791355]]],[[[132.460163975687,-2.621706501054158],[132.4589835651395,-2.620882446867403],[132.4591720576444,-2.620078657104299],[132.4603222320854,-2.620810875221638],[132.460163975687,-2.621706501054158]]],[[[132.4236860867436,-2.620548846052342],[132.4233386597514,-2.620438867959399],[132.4236006313642,-2.619836297906788],[132.4238568500137,-2.619924232717066],[132.4236860867436,-2.620548846052342]]],[[[132.4314184379107,-2.620931515676864],[132.4306417402242,-2.620418284276374],[132.4311200113794,-2.619805572569048],[132.4318089226437,-2.619978302656436],[132.4314184379107,-2.620931515676864]]],[[[131.6690103141747,-2.620208110915526],[131.6687578340069,-2.620173895309],[131.6688437507386,-2.619613245354982],[131.6691411844182,-2.619767909861073],[131.6690103141747,-2.620208110915526]]],[[[132.4591034762445,-2.61960650583555],[132.4584300719903,-2.61950898425212],[132.4582406154121,-2.618638876682747],[132.4592307806761,-2.618977416574422],[132.4591034762445,-2.61960650583555]]],[[[132.4457318659329,-2.618400050022254],[132.4473949291327,-2.619076508374077],[132.4468057805624,-2.620294652676039],[132.4442664062697,-2.618970108683508],[132.4457318659329,-2.618400050022254]]],[[[131.6668328963211,-2.620764701329817],[131.6375419422069,-2.641111675563293],[131.5876089525911,-2.658743482325823],[131.5937836536928,-2.647571912313909],[131.6668328963211,-2.620764701329817]]],[[[132.4427361549497,-2.618603959604984],[132.4419459764257,-2.618235219579715],[132.4423104887381,-2.617542432237466],[132.4426674080745,-2.617756584198963],[132.4427361549497,-2.618603959604984]]],[[[132.4239933976772,-2.618670297196404],[132.4231974050363,-2.618226772247636],[132.4239933976772,-2.617371111387603],[132.4241218892139,-2.61745677181249],[132.4239933976772,-2.618670297196404]]],[[[132.4291347300838,-2.617753915011159],[132.4315046810962,-2.619131096322993],[132.4252783067485,-2.6205548301413],[132.4265917701941,-2.617385388125085],[132.4291347300838,-2.617753915011159]]],[[[132.4449386485999,-2.61749267005065],[132.4447960413043,-2.617427376572115],[132.4448614031313,-2.61721368776138],[132.4450574886123,-2.617267110188928],[132.4449386485999,-2.61749267005065]]],[[[132.4360522568063,-2.617569134008304],[132.4364550316744,-2.620073566042239],[132.4332895169977,-2.620967351861728],[132.432944930964,-2.617528154600615],[132.4360522568063,-2.617569134008304]]],[[[132.4318783583996,-2.618333916576956],[132.4309604599573,-2.617156960325387],[132.4315458079927,-2.61630035427787],[132.432273923403,-2.617856521361331],[132.4318783583996,-2.618333916576956]]],[[[132.425135540273,-2.617199789638549],[132.4244047259974,-2.617157007090112],[132.4248785580991,-2.616143309266208],[132.4253925206484,-2.616514505340087],[132.425135540273,-2.617199789638549]]],[[[132.4433384731921,-2.617213791183451],[132.4422181526456,-2.616778822384694],[132.4422324509669,-2.6161538763003],[132.4434138345808,-2.616484083073958],[132.4433384731921,-2.617213791183451]]],[[[132.4287223216778,-2.615904398968796],[132.4292339612784,-2.616049084597519],[132.4290913530835,-2.616609424285413],[132.4284448637395,-2.616305510990527],[132.4287223216778,-2.615904398968796]]],[[[132.4272184366815,-2.615916123430287],[132.4269617431899,-2.615954111692867],[132.4269142068252,-2.615773662724299],[132.4272279443143,-2.615707182140683],[132.4272184366815,-2.615916123430287]]],[[[132.4409815713425,-2.616310024687854],[132.4402610057409,-2.615897720603291],[132.4410318983035,-2.615064553586224],[132.4413699669504,-2.615506657606106],[132.4409815713425,-2.616310024687854]]],[[[132.4438361022544,-2.615964657143158],[132.4429060782529,-2.615980239696272],[132.4428907690937,-2.614957529766107],[132.443780996296,-2.615343810168705],[132.4438361022544,-2.615964657143158]]],[[[132.4420151882504,-2.614785946314305],[132.4419379418826,-2.614809689315647],[132.4418844636971,-2.614738459412338],[132.442027071892,-2.614690973409653],[132.4420151882504,-2.614785946314305]]],[[[131.6267338206094,-2.613998864156189],[131.6258699102682,-2.613808364364514],[131.6257647984067,-2.613066953377155],[131.6270764047523,-2.613053430271497],[131.6267338206094,-2.613998864156189]]],[[[132.4023167317318,-2.605016440955923],[132.4022311666351,-2.605087670859321],[132.4023309922815,-2.604898911255729],[132.4023452528312,-2.604959456313763],[132.4023167317318,-2.605016440955923]]],[[[132.4127965774002,-2.604843184765107],[132.4117923809138,-2.604801634287915],[132.4117626709106,-2.603976550377476],[132.412410348259,-2.604154626035074],[132.4127965774002,-2.604843184765107]]],[[[132.4020902941319,-2.602599430219479],[132.4010777789164,-2.604387311225389],[132.3998228298598,-2.602606552850053],[132.4018977735635,-2.602314508807504],[132.4020902941319,-2.602599430219479]]],[[[132.4103330267478,-2.602468247911263],[132.4105707067728,-2.607620568234628],[132.4037017632259,-2.60688452260254],[132.40462158262,-2.601502482153764],[132.4103330267478,-2.602468247911263]]],[[[132.4006095486918,-2.600788989720096],[132.4004728841165,-2.600788989720096],[132.4003005659184,-2.600616849587903],[132.4005798386888,-2.600587171060978],[132.4006095486918,-2.600788989720096]]],[[[131.5778299378015,-2.597849880267658],[131.5774470649302,-2.597544603600513],[131.5787276545578,-2.596565117785923],[131.5786786891703,-2.597301613078942],[131.5778299378015,-2.597849880267658]]],[[[132.9853795340383,-2.57893210143523],[133.01677344304,-2.594588963709635],[133.0195315216624,-2.62079490056413],[133.0575108107754,-2.626247342640722],[133.066907120867,-2.637321675255036],[133.0839094831361,-2.677869047718298],[133.0476939669031,-2.69200026859753],[133.0431265260683,-2.703517330260555],[133.056524645696,-2.717817542745385],[133.0739185440056,-2.722367140131412],[133.0835024967429,-2.734409174743549],[133.1365819533945,-2.747040199645381],[133.1618531951688,-2.780006718934905],[133.1743601711851,-2.778443022727275],[133.2132181725807,-2.801924789897095],[133.2038095840451,-2.807488350406986],[133.1973410807263,-2.828118853901953],[133.2236557438176,-2.849526166599306],[133.1816287006042,-2.912967950010861],[133.1572992873323,-2.929221390154948],[133.2091793550432,-2.938874043901921],[133.2467192012302,-2.962303735828689],[133.2539426988965,-2.980791602750246],[133.2792056893911,-2.991641234355383],[133.2988880646326,-2.984298434425162],[133.3153802531962,-2.994711745550552],[133.3443764697984,-2.99334603599071],[133.3624986516915,-2.975163601319045],[133.3748446589538,-2.974326747980951],[133.3987634723564,-2.991307024699344],[133.4155530829085,-3.024477487745772],[133.4256298146643,-3.019250485021788],[133.4880674051867,-3.040741971564634],[133.4870613686872,-3.060040828221558],[133.5004774747557,-3.095995319828118],[133.4970585086434,-3.110565168847382],[132.8689460929878,-3.954132276982916],[132.8737526041994,-3.964316369804591],[132.8407970692295,-3.966749368688374],[132.843365800991,-3.961106490671964],[132.8346233888585,-3.948164444233695],[132.8370939587192,-3.957173953215312],[132.8271212065784,-3.951680961607076],[132.8229619086652,-3.961389162879561],[132.8066710189524,-3.940705043602824],[132.8121591560203,-3.920833629068701],[132.8450980346466,-3.957049025691964],[132.8375527640489,-3.930151598317513],[132.8431492568328,-3.924821606132214],[132.8302811310695,-3.906109523835413],[132.837840679304,-3.922109019715394],[132.8309687958733,-3.913381156814902],[132.8216972262461,-3.884805019835794],[132.7955576566605,-3.846533770317231],[132.7961358658775,-3.832028575358473],[132.7870320476909,-3.827812169595893],[132.7878482031321,-3.821599398393419],[132.7832082535581,-3.820867712674739],[132.7835923710911,-3.788688396052533],[132.7728643044442,-3.758584604995432],[132.7630940121789,-3.758243806006847],[132.7515778714216,-3.712966717240176],[132.7338391820327,-3.686786161951774],[132.7358093763018,-3.682227115389017],[132.7255872115807,-3.636153611300033],[132.7516042377455,-3.62493207315662],[132.7680106219926,-3.63649625299958],[132.827927829206,-3.635061437735112],[132.8556437907284,-3.64479819338184],[132.8912785994279,-3.644683978582711],[132.9018139611454,-3.634796601781678],[132.893852917778,-3.613043803728447],[132.9027043322392,-3.573773593576471],[132.9195135821861,-3.575020020657396],[132.9396323768328,-3.553864644038088],[132.9226525443795,-3.54501304881312],[132.9075967421961,-3.546865458873752],[132.9075681878216,-3.53772832889925],[132.9104996836136,-3.540193449767839],[132.9159343730729,-3.534292387183838],[132.9205695634347,-3.535900902904279],[132.9231774525774,-3.535415492930641],[132.9232155235776,-3.534416118608943],[132.9005280610214,-3.529983961890329],[132.8884540995771,-3.503180206101566],[132.8853178488397,-3.471474617259743],[132.8963680661334,-3.461671237137834],[132.8722179659864,-3.462065352434054],[132.8574567403364,-3.470284886138566],[132.872031449292,-3.468011016894915],[132.8691570595508,-3.473531365879781],[132.8520249403988,-3.477148146869416],[132.8159618286755,-3.443464497388574],[132.8175919712925,-3.405701628327476],[132.799562584146,-3.359797889261154],[132.809841855817,-3.343337966573825],[132.816285436224,-3.344584804644926],[132.8213013401847,-3.325396830799024],[132.8243660858263,-3.325120813574658],[132.8235761051532,-3.328080862841512],[132.8245183707263,-3.33165005530576],[132.8256414773723,-3.332306786129172],[132.825717620272,-3.33359169520058],[132.8260983329717,-3.333610731150285],[132.8290583831379,-3.3079173107353],[132.8416173057941,-3.30652770708795],[132.8436862815967,-3.297946127012066],[132.8374826169293,-3.301477590218552],[132.828796880072,-3.30228151038339],[132.8075714714463,-3.291956911981833],[132.7991291441947,-3.279212519442146],[132.8073430427474,-3.279022161743297],[132.8083007838542,-3.260612493571704],[132.7849332791477,-3.262413523565202],[132.7963761071717,-3.272143140393593],[132.7842438903433,-3.275859277583562],[132.7742471415924,-3.268161072775191],[132.7762006570348,-3.258882403899735],[132.7702805576018,-3.25662667488105],[132.7668350992604,-3.265982715130169],[132.7511743015528,-3.277548840206704],[132.7277603693456,-3.279305948210867],[132.7286125498293,-3.288525876068229],[132.7318881604103,-3.292466732253876],[132.7341056133835,-3.310672561889197],[132.7336297200357,-3.319125597368425],[132.7286209548932,-3.337073871961563],[132.7117981656529,-3.338729977106672],[132.6979769302911,-3.329826073714306],[132.6797819626676,-3.325097029204452],[132.6714302870782,-3.317930265269434],[132.6623356869425,-3.315583222687549],[132.6567895480993,-3.297460604623195],[132.6511835377901,-3.30240036568428],[132.6359976846455,-3.271644051731551],[132.6399059161251,-3.266588609976376],[132.5961728751782,-3.228727834421965],[132.5972864633996,-3.220887509750783],[132.6380704241109,-3.22063766729446],[132.6479094956267,-3.205206862206891],[132.645411062071,-3.190418512104623],[132.6333947840421,-3.176903173042936],[132.5980945150498,-3.174864678861836],[132.5979776958141,-3.168124152207843],[132.6024711494241,-3.169388464106307],[132.6089422526828,-3.165354458841099],[132.6028698683497,-3.159976877231044],[132.5934852737266,-3.167010563986297],[132.582082897208,-3.16369835369599],[132.5713943575635,-3.13481169790151],[132.5769622968726,-3.130899863737715],[132.5622307443534,-3.109849295908232],[132.515295875904,-3.07665581471406],[132.4803296960587,-3.035039042218004],[132.4187849371752,-2.999977684422531],[132.4217711612101,-2.990376559130839],[132.349820367616,-2.964810345121263],[132.3444174835801,-2.952634456315087],[132.3621656626153,-2.9483314827117],[132.3532920897581,-2.94936331896192],[132.3477391853152,-2.931967812664363],[132.3443614953868,-2.947083801975817],[132.338743003387,-2.937517959785987],[132.3279654794234,-2.943913767306475],[132.3123141192013,-2.93493207615432],[132.3127027657201,-2.923788878853697],[132.3077653842651,-2.934698708378638],[132.2365603220013,-2.918839417704946],[132.2163544244172,-2.9246568874054],[132.2070144181809,-2.904857659653162],[132.2028117837369,-2.928255149555506],[132.1885459145624,-2.922811165602715],[132.1891853981877,-2.917789140856167],[132.1866991801231,-2.911746447640409],[132.1856398641885,-2.911332806263969],[132.1794594290095,-2.920585857051597],[132.1860465151346,-2.928673933255402],[132.1606099977533,-2.923683291250859],[132.1654477199364,-2.931024862707224],[132.1527341750421,-2.925533980908382],[132.1549718780498,-2.931592808860975],[132.1492984356744,-2.927474768245888],[132.1444056947671,-2.929976465441511],[132.1537009363492,-2.94098197383901],[132.1329368664432,-2.941802885794489],[132.1000741585956,-2.928102549892733],[132.1199450092548,-2.937895810843008],[132.1095249451201,-2.940153312425389],[132.1182480676943,-2.948502710931303],[132.0869881271004,-2.959692931983129],[132.0751782758568,-2.936335776674673],[132.0796873551874,-2.91583672078797],[132.064130032575,-2.907496643755072],[132.0577293911985,-2.886593144757812],[132.0447684607959,-2.92345403067891],[132.0330686568931,-2.912507855053439],[132.0310318390482,-2.898021696044387],[132.0193322392915,-2.902575324191828],[132.00796447588,-2.88850558456504],[131.9986295283302,-2.900117604743604],[131.9966902680414,-2.891539648036259],[131.9880885161722,-2.890123867822217],[131.9875174448743,-2.898440084941869],[131.978320829243,-2.901283539803481],[131.9852331632798,-2.911550915242492],[131.9822945286696,-2.924221545387942],[131.9741567721174,-2.899153922715294],[131.9854711086049,-2.890421300602489],[131.9761317246993,-2.879273525752593],[132.0294405741232,-2.875900244300825],[132.0364042909253,-2.865997695936853],[132.0261926096013,-2.866941573095064],[132.027144393599,-2.856947837072957],[132.0217549148576,-2.851820097919136],[132.0394462081761,-2.83650826684301],[131.9928120028716,-2.828178449276011],[131.978415224783,-2.82975630710787],[131.9993046997522,-2.826942832945337],[132.0066334396815,-2.815687983013929],[132.0162583601353,-2.819923422927564],[132.0185783349223,-2.809739330105979],[132.0417840282104,-2.81003676288625],[132.0506337339597,-2.79290374980812],[132.0582736932764,-2.795807586051138],[132.0547002668039,-2.789159912599784],[132.0714172786846,-2.788539568346396],[132.0361399460018,-2.768945850970253],[132.0035570028534,-2.780423853278149],[131.971520656853,-2.778695563149627],[131.9500510481174,-2.768648418189892],[131.9829462952354,-2.750033134421573],[131.9839750567036,-2.756239404424912],[132.0088332515534,-2.752396700247475],[132.0239071373046,-2.737334710728215],[132.031259672396,-2.742283990213926],[132.049609743395,-2.729826484104938],[132.0575342769854,-2.730893859763819],[132.0538645520075,-2.742248297920538],[132.0564799432948,-2.748068358567826],[132.0669073081258,-2.748741101820398],[132.0713041673536,-2.739298484737221],[132.0661782619173,-2.730469966115992],[132.0744421061183,-2.724968541564879],[132.0857731241305,-2.725937093422084],[132.0809603023761,-2.741031727432278],[132.1062587432465,-2.744980876266359],[132.1101448244242,-2.731606236138775],[132.08691332509,-2.719124612910464],[132.0948534061598,-2.719672052722968],[132.1005008770139,-2.714101178026931],[132.094932937705,-2.708718837204474],[132.1213285343844,-2.725490257169641],[132.1288502436439,-2.70934918101984],[132.1363148009873,-2.708522277780803],[132.1329106089376,-2.716889275119952],[132.1398089027588,-2.713781506811033],[132.1424927801178,-2.722770170406966],[132.1702987170123,-2.705778851812537],[132.2072268407463,-2.701735118580809],[132.1339632366141,-2.68567375833724],[132.1209118946682,-2.697983347553448],[132.1120246062507,-2.69418033135709],[132.1423802236684,-2.66440695841437],[132.1680968169146,-2.658461871318243],[132.1824837681116,-2.667137999818772],[132.1809993723231,-2.658861448197205],[132.1910631403518,-2.653796252395038],[132.1998153946648,-2.65887666472622],[132.2280471245753,-2.653562931384082],[132.2406820633266,-2.659951784447204],[132.3222568168987,-2.659560224124993],[132.3290601728887,-2.666779451810244],[132.3467819631172,-2.665126979926116],[132.3469699852767,-2.672193124113312],[132.3543727097329,-2.665852847031205],[132.3547601790391,-2.670188108094676],[132.3660840969036,-2.678670387728202],[132.3935624332597,-2.686577952910143],[132.4386532193706,-2.677881023090725],[132.4362737580277,-2.681069501056557],[132.4389882932753,-2.688160892810901],[132.4160017251995,-2.694174771748317],[132.455197040711,-2.707121231159773],[132.4481472677822,-2.723804620087103],[132.4204916705543,-2.723756574706096],[132.4373883130203,-2.736710485900209],[132.4470884078038,-2.731406997634769],[132.4644822683421,-2.729551019064205],[132.4518211557219,-2.723959284593283],[132.4602801402164,-2.719105184856366],[132.4667349495584,-2.709541921922101],[132.4741800230896,-2.710989221575291],[132.4693821417725,-2.712373671207915],[132.4694053730596,-2.715226663379758],[132.4874895963679,-2.715600322696668],[132.4843023468759,-2.711725584667926],[132.488333378083,-2.71487583425232],[132.4972084950761,-2.711562158067052],[132.4967879900737,-2.709627044552379],[132.4879675986258,-2.703975926947402],[132.4749757423367,-2.697563278722262],[132.4767841332812,-2.694898282629568],[132.466876085563,-2.693861257291166],[132.4878962149385,-2.680169419083336],[132.4904120422819,-2.683663759175106],[132.5017732253541,-2.678914868426377],[132.5031987182463,-2.682507242714996],[132.5139141745996,-2.685802731910483],[132.5170922024433,-2.69163842097633],[132.5128112604314,-2.680124378337359],[132.5213887827662,-2.67840294104287],[132.5418208202746,-2.691780256653489],[132.5867532465652,-2.692303600930382],[132.5968199580747,-2.707403391653143],[132.6169010171683,-2.711338663948107],[132.6184269031791,-2.721784880367897],[132.6418045549364,-2.727784882766018],[132.6368195849559,-2.732900723889278],[132.654939180399,-2.742811179092611],[132.6676359043736,-2.769277809623174],[132.6865717487873,-2.775951792740974],[132.6853137941963,-2.778006727428453],[132.6911664741535,-2.78518937968604],[132.7031827521823,-2.778978987190397],[132.7054032457632,-2.792250270033916],[132.7330237712301,-2.803177558997108],[132.7699266330078,-2.78028055170603],[132.7908658899489,-2.787062016398847],[132.7887902070025,-2.771885019777789],[132.8078734835744,-2.768946386066842],[132.8111168435676,-2.75607963087017],[132.8845141544048,-2.692463943755977],[132.9853795340383,-2.57893210143523]]]]}},{"type":"Feature","properties":{"kode":"92.06","nama":"Kabupaten Teluk Bintuni","lat":-2.154376560436141,"lng":133.4536815663843},"geometry":{"type":"MultiPolygon","coordinates":[[[[133.5194571125558,-2.598519405745916],[133.528513551759,-2.608894880594262],[133.5246866082005,-2.64044766472791],[133.5126065988155,-2.645038157884619],[133.5100648566079,-2.641425071309891],[133.5034458796237,-2.636616086962798],[133.5139005136978,-2.62977410059422],[133.5155706950317,-2.621355001032446],[133.4992376271149,-2.60509128793254],[133.5160806870742,-2.593409350860812],[133.5194571125558,-2.598519405745916]]],[[[133.3977094048652,-2.589549689966189],[133.3994154781419,-2.605296962884454],[133.4100431031068,-2.613444712703286],[133.3991001596447,-2.61846716103056],[133.4049806007741,-2.637461605268834],[133.3950843035977,-2.664007189080467],[133.3889889577743,-2.655500119634782],[133.3898262508808,-2.58013178265564],[133.3977094048652,-2.589549689966189]]],[[[133.4004630786083,-2.549903749358487],[133.4187906386772,-2.564796794936155],[133.4192518577871,-2.588273351433992],[133.4325942095552,-2.598890505592324],[133.4316469446509,-2.626611540190352],[133.4188358961597,-2.641015553325035],[133.4079681036451,-2.637426096437137],[133.4009734798423,-2.619961050961697],[133.412723258172,-2.61401477765977],[133.4012645283353,-2.603156266148757],[133.4021239420663,-2.591796539078997],[133.3917352157077,-2.568458785744346],[133.4004630786083,-2.549903749358487]]],[[[133.5378748701292,-2.547583343796214],[133.5685937111309,-2.553615278422308],[133.5577644779484,-2.575255385127909],[133.5668248292026,-2.589560748030076],[133.5599796529387,-2.597491120019127],[133.5610254439691,-2.605973475195691],[133.5548481474241,-2.602618530021131],[133.5328363895878,-2.604283973726387],[133.5193837179843,-2.579970473058848],[133.5210236883925,-2.564307974733174],[133.5378748701292,-2.547583343796214]]],[[[133.5968304520637,-2.54224911580401],[133.6025660277,-2.543541957795073],[133.5918930706087,-2.552302339281523],[133.5924879361694,-2.54402181535445],[133.5968304520637,-2.54224911580401]]],[[[133.419516935658,-2.542401028384658],[133.4294678405685,-2.544249869935536],[133.4416853823746,-2.554802382623825],[133.4524909112266,-2.55736034320522],[133.4579401418241,-2.622100664014384],[133.4527256666563,-2.639521889123822],[133.4339501227999,-2.643559652655794],[133.4345056016523,-2.674855370079213],[133.4190308898637,-2.673267799569226],[133.4168620623344,-2.676205881995822],[133.4158222131247,-2.681072992224712],[133.4196547990298,-2.685762019601492],[133.4105041288625,-2.693804549640236],[133.3990657920528,-2.685880729212256],[133.4074585028077,-2.640011658111499],[133.4198685822694,-2.641757943674142],[133.4318704072935,-2.629427973122381],[133.4361707171051,-2.605519065752196],[133.4322398469914,-2.592560521251011],[133.4202482157827,-2.584188565949466],[133.4206943649531,-2.562510487169225],[133.4047047912932,-2.546243620146951],[133.419516935658,-2.542401028384658]]],[[[133.7197175630152,-2.5564412837382],[133.740942354706,-2.562123436946953],[133.7531534573663,-2.557400044676308],[133.7773900911799,-2.586998226986539],[133.7960233505972,-2.647290696108742],[133.7821238409425,-2.65954656971841],[133.7675778419439,-2.660800166194724],[133.758507983057,-2.672367383947607],[133.7433345090803,-2.663307356449332],[133.7546465433034,-2.65696548576855],[133.7575937718352,-2.630706089614312],[133.7524598903118,-2.6200692142228],[133.6933465645923,-2.610408098754727],[133.7024734656779,-2.573189913983301],[133.6936957767388,-2.538186058839445],[133.7070207590009,-2.551453934151729],[133.7197175630152,-2.5564412837382]]],[[[133.5964334049777,-2.535114967581611],[133.609823383942,-2.537771764555233],[133.5916754490628,-2.542578472718285],[133.590090727605,-2.552802778725185],[133.5739294292998,-2.562867899334067],[133.5964334049777,-2.535114967581611]]],[[[133.7640706712245,-2.512211627264696],[133.7848117301773,-2.516146727789151],[133.8013890161902,-2.542061097241779],[133.8062832742538,-2.587399519771941],[133.7979366393645,-2.633076449818253],[133.7838763776927,-2.583087594316938],[133.7607706989087,-2.548858883730512],[133.7640706712245,-2.512211627264696]]],[[[133.4790800635941,-2.508672560290373],[133.5146695302747,-2.588538298004009],[133.4971468202695,-2.604610870095561],[133.5138015891721,-2.627380343627886],[133.4952393330288,-2.642966680168149],[133.4757948581463,-2.637542591017697],[133.4634133330589,-2.618641937075664],[133.4705624082285,-2.568429548784559],[133.4622573022328,-2.515046320930894],[133.4725063171129,-2.502744780647051],[133.4790800635941,-2.508672560290373]]],[[[133.4448144637166,-2.502442549084341],[133.4518203901989,-2.554900146124764],[133.4255742221727,-2.541696397870366],[133.4137399723219,-2.541009329317026],[133.4034766573219,-2.544439016247571],[133.401516435635,-2.536762593019207],[133.4228826583081,-2.504174836699294],[133.4448144637166,-2.502442549084341]]],[[[133.70618556761,-2.49983945872401],[133.7351793002846,-2.505716727944643],[133.7480402872295,-2.55823143193499],[133.705662086636,-2.548246420236103],[133.6915994723379,-2.508307166642412],[133.6945024146548,-2.498575172006559],[133.70618556761,-2.49983945872401]]],[[[133.663572332797,-2.492817294982144],[133.6699968781535,-2.499063379771085],[133.6737359633441,-2.53321721190474],[133.638198840804,-2.507590028357034],[133.6510206757637,-2.490306964294911],[133.663572332797,-2.492817294982144]]],[[[133.4257314101765,-2.480979266180119],[133.4388660347398,-2.486711388419829],[133.4425280246488,-2.496084084113173],[133.422263345577,-2.499006063279088],[133.4186429960774,-2.487054030119376],[133.4257314101765,-2.480979266180119]]],[[[133.595383122733,-2.455788688197361],[133.5979719768253,-2.457416238968227],[133.5956510721392,-2.459852266768594],[133.5931119280731,-2.455567596167521],[133.595383122733,-2.455788688197361]]],[[[133.3785747806018,-2.469987440967605],[133.3714221207343,-2.467481868593316],[133.3706440371926,-2.451534721350226],[133.378703271239,-2.460614744374892],[133.3785747806018,-2.469987440967605]]],[[[133.5522476588025,-2.436840485300065],[133.5585532310468,-2.442985443123627],[133.5533859981653,-2.448129668649271],[133.5495112790223,-2.440605981780644],[133.5522476588025,-2.436840485300065]]],[[[133.3388669270671,-2.428194335699965],[133.3594475343763,-2.445600701311237],[133.3692380532936,-2.496029293816873],[133.3384668627555,-2.474319091252999],[133.3148501855876,-2.440603896252716],[133.3257121495961,-2.423039049412592],[133.3388669270671,-2.428194335699965]]],[[[133.4998052953781,-2.416994421755161],[133.5493180920564,-2.447851611762422],[133.5540218530261,-2.449282044630577],[133.5612066267846,-2.443930089202142],[133.5948121143876,-2.461491517719308],[133.5994900729086,-2.457925444103884],[133.6155371582133,-2.488097009869053],[133.6150846670238,-2.502373223945112],[133.5961568103887,-2.520596154189095],[133.5828416981859,-2.52172609118613],[133.540080051853,-2.489102559835191],[133.5193049778425,-2.482263036709734],[133.5046022872658,-2.449996894141274],[133.4842458332787,-2.429240108743949],[133.4897418277233,-2.414726810893589],[133.4998052953781,-2.416994421755161]]],[[[133.8284036342204,-2.408831410441151],[133.8410390478139,-2.413418297316541],[133.8693915153063,-2.454437826444503],[133.8646291104452,-2.463139875205014],[133.8654863442195,-2.469371481808372],[133.8586929832947,-2.468732000881049],[133.8538035500939,-2.47212921419189],[133.8542206781418,-2.467254480409922],[133.8524472573351,-2.463984318821202],[133.8377164098845,-2.449268543108721],[133.825704891068,-2.442587015578271],[133.8187187937374,-2.444233603198212],[133.8090010749397,-2.466038983712052],[133.7677389995552,-2.481194247316656],[133.7476683779933,-2.471958217997352],[133.7291881795909,-2.440727529651701],[133.7372077571323,-2.424569404154633],[133.8284036342204,-2.408831410441151]]],[[[133.8631336134256,-2.385058262029174],[133.9412180046073,-2.396022818897928],[133.9465384801667,-2.431200770199363],[133.9847145517352,-2.449065763074445],[133.9757796064438,-2.46954702317648],[133.9747327128445,-2.476453359634759],[133.9643251411924,-2.466678600437058],[133.9554342222117,-2.464797834752266],[133.8991063459811,-2.476449997968968],[133.8386126724369,-2.39536212206424],[133.8631336134256,-2.385058262029174]]],[[[133.835802740704,-2.353178049127605],[133.8056482953326,-2.353140248823385],[133.8051076939649,-2.342375295583368],[133.815185127192,-2.335422803219769],[133.8470601797835,-2.343407366556674],[133.835802740704,-2.353178049127605]]],[[[133.9342460392234,-2.327408454336657],[133.9466816972026,-2.328752967775197],[133.9557091341693,-2.350306126226689],[133.9860973888834,-2.365983126120311],[133.9858790739602,-2.37950084388874],[133.9866583473049,-2.384164586826179],[133.9889723730767,-2.386460767350476],[133.9881244922516,-2.388918353699035],[133.984046095551,-2.390217540407116],[133.9757846066743,-2.386791116217049],[133.9655053359026,-2.386305706243322],[133.9486098535619,-2.394609311270626],[133.8705842339753,-2.371578269921118],[133.822685684397,-2.374681086562871],[133.8983871257653,-2.332886091819633],[133.9342460392234,-2.327408454336657]]],[[[133.8302507562675,-2.318307751401585],[133.8230457477631,-2.331746945764904],[133.8111865138466,-2.32599816898025],[133.8162690431819,-2.321239247193388],[133.8302507562675,-2.318307751401585]]],[[[133.8053255628246,-2.318204878852084],[133.8050780990751,-2.317767058303025],[133.8066675788458,-2.31737682717881],[133.8065152939458,-2.317614773403045],[133.8053255628246,-2.318204878852084]]],[[[133.8775603893006,-2.307534642209921],[133.8810677147034,-2.308311060207194],[133.879368780245,-2.311052199199606],[133.87638255621,-2.307391873935741],[133.8775603893006,-2.307534642209921]]],[[[133.8713952057242,-2.307655994028826],[133.8704243857768,-2.306923120305695],[133.8699389758032,-2.306095067733141],[133.8714618310987,-2.306618548706998],[133.8713952057242,-2.307655994028826]]],[[[133.8911229436689,-2.304012258558854],[133.8913549408779,-2.30709009203405],[133.886910108215,-2.30598602223713],[133.8898701565826,-2.305138933714781],[133.8911229436689,-2.304012258558854]]],[[[133.902152999961,-2.268478631683449],[133.9260354492766,-2.275680795632143],[133.9210819906414,-2.300877390079473],[133.8666527891949,-2.290636365675683],[133.873277808724,-2.278430460197514],[133.902152999961,-2.268478631683449]]],[[[133.7274361230786,-2.249290403329399],[133.7478783418121,-2.253462513883855],[133.746749019052,-2.257455522654153],[133.7214154920314,-2.267405238660805],[133.7130576354016,-2.258240745014353],[133.7274361230786,-2.249290403329399]]],[[[133.764925645902,-2.242643005070624],[133.7626508809335,-2.243071308094338],[133.7632362280696,-2.240553521128044],[133.7649351634271,-2.242462165796224],[133.764925645902,-2.242643005070624]]],[[[133.8964049777077,-2.227856435625933],[133.9214583227434,-2.253514163747619],[133.9315567560395,-2.257330819061989],[133.9264042882273,-2.269638741834415],[133.8943935414288,-2.263151377034392],[133.8842340351727,-2.24360846685723],[133.8964049777077,-2.227856435625933]]],[[[133.9980364700072,-2.241987633122713],[133.9825278762605,-2.280145118402446],[133.9898625723998,-2.29923333764839],[133.9664215822903,-2.304484187695069],[133.9457613121349,-2.323441498026638],[133.8978627616572,-2.326701358780594],[133.8544528273362,-2.34252715510406],[133.8233110360756,-2.331999646266672],[133.8310788079407,-2.317908198804266],[133.8592885080583,-2.307284797954948],[133.8793188112142,-2.311716068841443],[133.9271050165834,-2.306038343894359],[133.9468429231624,-2.251343934175123],[133.961671089849,-2.24701120290465],[133.9542352739388,-2.239694361005887],[133.9481542642081,-2.244665947275662],[133.9542218902282,-2.233910783156093],[133.9804352869589,-2.242029349075183],[133.9858500303546,-2.227290958111164],[133.9980364700072,-2.241987633122713]]],[[[133.8268956941809,-2.226626852846961],[133.8417197356773,-2.232313765268026],[133.8193052128655,-2.243116517912894],[133.8092162979937,-2.236394539776112],[133.8068606318128,-2.237358221804511],[133.8056827987222,-2.24124864131168],[133.8084191794016,-2.247459033807322],[133.8029464180428,-2.250683204066542],[133.8029821103362,-2.265864164899225],[133.7935815851221,-2.278536735781669],[133.7714296643476,-2.271700031131532],[133.7629207117215,-2.246130343040845],[133.7659259708069,-2.242825271568963],[133.7635703046259,-2.239948503120884],[133.7678024143501,-2.234427598354996],[133.7965081472332,-2.222252300403296],[133.8103251270032,-2.230781392447303],[133.8168305726729,-2.227626226269289],[133.8189601906604,-2.221784650241412],[133.8268956941809,-2.226626852846961]]],[[[133.6191111764397,-2.232291911742282],[133.6012057311596,-2.234814139560884],[133.5951975916956,-2.231340126845341],[133.603494419432,-2.217543247822531],[133.6191111764397,-2.232291911742282]]],[[[133.7531122072626,-2.214875496207094],[133.7486393040607,-2.248577190584891],[133.720779755881,-2.245228930970347],[133.6761029960564,-2.264112334116833],[133.6801338033324,-2.252388728756818],[133.7531122072626,-2.214875496207094]]],[[[133.8334791326559,-2.210508986400564],[133.8283466360884,-2.216826454876911],[133.8273615394036,-2.22370071791376],[133.8178246589809,-2.220388507623452],[133.8121253637946,-2.229013409840944],[133.8015925786347,-2.219990146627973],[133.8334791326559,-2.210508986400564]]],[[[133.9020265615766,-2.206822821815704],[133.9007416534047,-2.206356447791771],[133.9021342410025,-2.204507361625454],[133.9019230630989,-2.205117099274714],[133.9020265615766,-2.206822821815704]]],[[[133.8440204029193,-2.201851365947752],[133.855419917795,-2.209731713148047],[133.8657559861498,-2.210899168062122],[133.8614773302147,-2.219610621932569],[133.8652376987609,-2.228566745359009],[133.8486401384317,-2.236996153849338],[133.8449995631794,-2.242349941196744],[133.8409449607414,-2.265364087882274],[133.8435262002741,-2.285254478111634],[133.8201006767049,-2.292349506724259],[133.7989128930157,-2.282480858304917],[133.8095493807994,-2.247634246023614],[133.8068653487569,-2.239624980108681],[133.8194455592652,-2.245149850884845],[133.8363064204051,-2.241466445420118],[133.8427309648622,-2.231344217861311],[133.8286543706027,-2.225393780698395],[133.8294395929629,-2.21851237974249],[133.8456151689049,-2.213215700244378],[133.8339421279268,-2.210706160960532],[133.8440204029193,-2.201851365947752]]],[[[133.7590263351973,-2.201220630927272],[133.7498475648133,-2.20462325995541],[133.7616908321662,-2.191250545276338],[133.7614464512928,-2.193662786908027],[133.7590263351973,-2.201220630927272]]],[[[133.9246092333296,-2.188602496008299],[133.9337909696776,-2.192378165619838],[133.9325170314359,-2.256880953892873],[133.8970143457356,-2.226109345170071],[133.9031687032731,-2.217516119773036],[133.905608253718,-2.193382786586342],[133.9246092333296,-2.188602496008299]]],[[[133.8949225703205,-2.186341961911944],[133.9047730632264,-2.195878842334656],[133.9006977799786,-2.218536307104804],[133.882537258188,-2.239896729150706],[133.8893191977229,-2.264985706225334],[133.8492220438622,-2.28384849511192],[133.8433457270237,-2.266275224322081],[133.8472290068132,-2.242504407852122],[133.8677484800085,-2.228520981557994],[133.8627062429988,-2.219904318929158],[133.8690438580876,-2.212101927661772],[133.854038977317,-2.204914766203439],[133.8883140641428,-2.194015997440227],[133.8949225703205,-2.186341961911944]]],[[[133.7216646833785,-2.175825113638011],[133.7656799531673,-2.176995808809481],[133.7472302067088,-2.204552346613456],[133.6859311902724,-2.239317810368638],[133.6729298146593,-2.22324455119505],[133.7032853187625,-2.210579759448342],[133.7216646833785,-2.175825113638011]]],[[[133.8660241352057,-2.17132973997545],[133.8901752183117,-2.186644396721496],[133.8553509730691,-2.200817537699143],[133.8512414058663,-2.19742204659015],[133.8660241352057,-2.17132973997545]]],[[[133.9237042230714,-2.168080610831494],[133.9368449513334,-2.172412058769416],[133.9338735166496,-2.188192754092258],[133.9195822038557,-2.185014145286493],[133.9055624188706,-2.190924726295032],[133.8951828143355,-2.183365872337076],[133.9237042230714,-2.168080610831494]]],[[[133.8601439279,-2.159591094353422],[133.8491371199822,-2.178107012028965],[133.8379064654112,-2.163120711251823],[133.8404034789374,-2.160963940033758],[133.8601439279,-2.159591094353422]]],[[[133.8343678453999,-2.146937619675418],[133.8592503570185,-2.152332518630809],[133.8349312023132,-2.160811483363181],[133.840682302946,-2.189545350637426],[133.775778050117,-2.195127829285839],[133.7818339058101,-2.176541286950753],[133.8343678453999,-2.146937619675418]]],[[[133.9261991177951,-2.134028760019183],[133.9388994912186,-2.137556311174718],[133.9301594730813,-2.161150064623721],[133.8858737061067,-2.174479806098153],[133.8713294589873,-2.162386072159419],[133.8810242567642,-2.14398006332919],[133.9261991177951,-2.134028760019183]]],[[[133.9687658837386,-2.10785955867159],[133.9679686788115,-2.106097733723436],[133.9682125740511,-2.105336305625974],[133.9696105072192,-2.105675378815677],[133.9687658837386,-2.10785955867159]]],[[[133.8478755159424,-2.099875713893054],[133.8734762360396,-2.112459989336982],[133.8692532022735,-2.140131646658075],[133.8361030971803,-2.130834181052579],[133.8478755159424,-2.099875713893054]]],[[[133.9578837110645,-2.096146061691309],[133.9577671166592,-2.096041366215998],[133.9580502727019,-2.095831974366094],[133.958045514389,-2.095972362134793],[133.9578837110645,-2.096146061691309]]],[[[133.9672927537576,-2.095537349269152],[133.9613113664264,-2.120447720985544],[133.9396697497592,-2.127732535328233],[133.9420875986637,-2.106597528353207],[133.9672927537576,-2.095537349269152]]],[[[133.9219613108659,-2.102924724096658],[133.9211869388263,-2.113205904129137],[133.899788889146,-2.13087998622237],[133.8782305766798,-2.134171421273992],[133.8767731569557,-2.113987643414974],[133.9158748395523,-2.107659764386563],[133.9117774078012,-2.102791387012884],[133.9217330728232,-2.092531151291579],[133.9219613108659,-2.102924724096658]]],[[[133.9517186479972,-2.086531155188601],[133.9526966067631,-2.087145055799658],[133.9506193374126,-2.088037354140473],[133.9503480794004,-2.086638231169394],[133.9517186479972,-2.086531155188601]]],[[[133.9467761682856,-2.082738652067098],[133.9473717479079,-2.092115393810337],[133.9524338212639,-2.099407464782635],[133.9391758906548,-2.106748972387054],[133.9361101009005,-2.126130846361443],[133.9017339248808,-2.135927611070334],[133.9289278308547,-2.118278479767957],[133.9265674063607,-2.089943659672125],[133.9367396020511,-2.089386866010992],[133.9467761682856,-2.082738652067098]]],[[[133.9452913848895,-2.083626191195689],[133.9454912601137,-2.082962321553852],[133.945969531269,-2.082598264298399],[133.9459552536321,-2.082976598291333],[133.9452913848895,-2.083626191195689]]],[[[133.9392511648094,-2.064414560683383],[133.9399507258454,-2.0647572032823],[133.9381842136306,-2.066079231871035],[133.9381708892752,-2.064419319895608],[133.9392511648094,-2.064414560683383]]],[[[133.9497220936997,-2.064275532689644],[133.9493035941856,-2.06513004511544],[133.9490953912393,-2.065159788393503],[133.949029955668,-2.064344822755329],[133.9497220936997,-2.064275532689644]]],[[[133.9494999000004,-2.064005749565625],[133.9491667749268,-2.063845136044121],[133.9492560047609,-2.063381140727019],[133.9498687155688,-2.063868931206139],[133.9494999000004,-2.064005749565625]]],[[[133.9484791110223,-2.065075456267243],[133.946989965015,-2.072139758642846],[133.9381026783959,-2.07078346588421],[133.9481345492701,-2.062989228769821],[133.9484791110223,-2.065075456267243]]],[[[133.9377274146885,-2.063447942368571],[133.9375201857081,-2.063171709306902],[133.9382007116935,-2.062277032259166],[133.9382126088249,-2.062945660213947],[133.9377274146885,-2.063447942368571]]],[[[134.1232718340279,-1.859947554735777],[134.1226411241886,-1.861496886072336],[134.1219747139619,-1.861425103086026],[134.1220044644346,-1.859247662749366],[134.1232718340279,-1.859947554735777]]],[[[133.1990611141791,-1.243250542278654],[133.2246360740957,-1.25447348156589],[133.2815190766441,-1.255604668620494],[133.2914994343516,-1.27721664723042],[133.3236814210607,-1.279126915174958],[133.3236159045504,-1.288334156296214],[133.3433829950293,-1.302638104564815],[133.353909689081,-1.300254170893192],[133.3600743600438,-1.309536881321963],[133.3767205494139,-1.309369853835632],[133.4294263683323,-1.336399532812107],[133.4737655145669,-1.334870789655154],[133.4748708362202,-1.378273789303888],[133.4615642280068,-1.395608852166744],[133.4685706796931,-1.414335496286048],[133.4624003241157,-1.425817271249999],[133.4631122742121,-1.470153252770315],[133.4872425649925,-1.498888628207576],[133.5098511282271,-1.5095060719476],[133.557224653595,-1.497247807939919],[133.5754688617986,-1.512981909387603],[133.6550299253908,-1.493937247006263],[133.6724282393718,-1.458668833799573],[133.6749039110867,-1.397419736931285],[133.6880874974402,-1.392142757082551],[133.6975980574045,-1.408986441171292],[133.7014797310049,-1.446582687441003],[133.6928252689711,-1.483471962261243],[133.6705407962209,-1.51160564538422],[133.6787804387664,-1.512555985070632],[133.6814358813609,-1.531738971276456],[133.6884369317191,-1.526673124365166],[133.7002466876346,-1.534203076810472],[133.6969185773305,-1.55159214126426],[133.72246419057,-1.588666355367943],[133.7125722919778,-1.611289686369924],[133.6970579812409,-1.618483696165621],[133.6624931148654,-1.613458323242936],[133.6516912759317,-1.619115506775229],[133.6561138818503,-1.627753872743012],[133.7088192007456,-1.621165201113131],[133.731995098595,-1.63291030566606],[133.7554775366591,-1.622246217688764],[133.781047915429,-1.639624152132837],[133.7650938766812,-1.652277108801472],[133.7750107017825,-1.667340728791514],[133.7845642376495,-1.671290634854897],[133.7860395044197,-1.661023260315167],[133.7997428197754,-1.657799090955228],[133.8298721362901,-1.681545067251003],[133.8533784072877,-1.683028337088002],[133.8537336736702,-1.696200671123973],[133.8631658721074,-1.695496277131417],[133.8699041873284,-1.705334578827758],[133.8795575677277,-1.701095857287951],[133.8889786991077,-1.71296154833678],[133.8881705467334,-1.730776643227452],[133.8981163425952,-1.737311682887801],[133.8852115595658,-1.752322039630341],[133.90049188829,-1.751647403304959],[133.9141730452499,-1.790712272153597],[133.9077993106897,-1.796833013932433],[133.9189268912632,-1.800679695811239],[133.9179269359794,-1.807506979163678],[133.88782513782,-1.820275789196282],[133.8766509588747,-1.838881618391921],[133.917522476681,-1.852748476361013],[133.9297631103793,-1.841358942161333],[133.939298535699,-1.849145831814683],[133.9873080301416,-1.832786494700914],[133.9951844976665,-1.841573846855551],[134.0083986222986,-1.838412538307901],[134.0325590916289,-1.85398283903673],[134.0425178719023,-1.887952919891303],[134.0543067869287,-1.888950632265887],[134.0636171389199,-2.024434885261675],[134.0558645566041,-2.037614906702492],[134.0663011745596,-2.057668340421495],[134.0693003218525,-2.093221485283239],[134.0837405641758,-2.112478577424406],[134.0769881520817,-2.195852375286814],[134.0806226910844,-2.217321704333111],[134.0921814003514,-2.2224044593983],[134.0895298743043,-2.265062556891431],[134.1047110266926,-2.309208685232614],[134.1006567830841,-2.392431388897423],[134.107106074186,-2.433468524952412],[134.1185427148745,-2.441493970570255],[134.1236572151085,-2.483972530108128],[134.1399669923828,-2.500586878081881],[134.1585305948111,-2.499794994443397],[134.1656118709911,-2.507759526281086],[134.1696778939197,-2.536206457661796],[134.1778975040666,-2.535939957962599],[134.1900478539254,-2.569956860220904],[134.2020990661191,-2.579263344227892],[134.2253073764343,-2.578897858849041],[134.2458754373016,-2.607937942581964],[134.2620367356069,-2.609222851653195],[134.2475600959217,-2.646999174572231],[134.2668622827682,-2.681920144598918],[134.2590671688149,-2.688772992979141],[134.2584104379914,-2.708417823323808],[134.2741719876471,-2.745052003646967],[134.2895052342793,-2.746536787942391],[134.3144324682838,-2.769179738554042],[134.3080900148423,-2.797684491845745],[134.3238005774348,-2.850340278780797],[134.3171304721936,-2.86649872263787],[134.3299319716832,-2.885772356908747],[134.3247685411353,-2.909947681240491],[134.3598344423058,-2.952863739370029],[134.3506973123311,-2.97304156821381],[134.3318900520843,-2.988003618771964],[134.3348976907758,-3.011265230106266],[134.3116360803409,-3.040313690124632],[134.3129685779375,-3.052458458790833],[134.2833434627307,-3.065426583769762],[134.2894986530405,-3.109709305639877],[134.2731279610866,-3.114658584226218],[134.2627535123648,-3.128483253199546],[134.2561148150467,-3.118394338328015],[134.2297820180257,-3.119627030063368],[134.2230509990045,-3.088012559631872],[134.2038069443351,-3.07774861060979],[134.1918586658448,-3.012792694427249],[134.1683696699243,-3.019438309330427],[134.1636347933111,-3.009439606352673],[134.1543785616213,-3.009260107068259],[134.1426544517416,-3.017394375150209],[134.1209946948494,-2.956731394338322],[134.1004431644205,-2.935633657966877],[134.0634510296413,-2.927652013829343],[134.0622392381504,-2.913831843264949],[134.0530869348143,-2.907071167300471],[134.05512315461,-2.893186402930128],[134.0230125470914,-2.828664568814768],[134.0365430109512,-2.821068317448885],[134.0322670727673,-2.813069356865297],[134.021532763926,-2.813710080655676],[134.0043461305695,-2.787521870338042],[133.9837067210884,-2.790355870626884],[133.9698555661815,-2.812240570445892],[133.9896749900089,-2.851698803656769],[133.961289630712,-2.865488525874651],[133.9377878176538,-2.848522291170744],[133.9295726753387,-2.817569118320121],[133.8970413209003,-2.801876900098835],[133.8798783001435,-2.811594421944966],[133.867958485196,-2.809945354894142],[133.868074969884,-2.794145685674801],[133.8601352872138,-2.788046389129553],[133.8095457673233,-2.806942058129438],[133.7977898241411,-2.793140544000819],[133.7782378766767,-2.808564227357182],[133.7593656916734,-2.804789206156924],[133.7497656941315,-2.812904253028828],[133.7352706741024,-2.811720289259847],[133.7337420433606,-2.822035090446986],[133.7227064778217,-2.822508626671707],[133.731040130098,-2.884386312778078],[133.7151867155945,-2.911132966113408],[133.6592888582942,-2.936740244966332],[133.648233423134,-2.965112987674237],[133.6045691812228,-2.972874842000264],[133.5832631249933,-3.008974118160948],[133.5912045577442,-3.022441006247403],[133.5708984226242,-3.040465596410138],[133.5704990957568,-3.063549756216213],[133.5100801549752,-3.067269159743871],[133.4976072218958,-3.081142222135805],[133.4870613686872,-3.060040828221558],[133.4880674051867,-3.040741971564634],[133.4256298146643,-3.019250485021788],[133.4155530829085,-3.024477487745772],[133.3987634723564,-2.991307024699344],[133.370851902893,-2.973042844351673],[133.3443764697984,-2.99334603599071],[133.3153802531962,-2.994711745550552],[133.2988880646326,-2.984298434425162],[133.2795260971517,-2.991634987664485],[133.2678997831485,-2.987848744723712],[133.2537697502738,-2.980632080106352],[133.2467192012302,-2.962303735828689],[133.2091793550432,-2.938874043901921],[133.1571860950624,-2.929014727747406],[133.1816287006042,-2.912967950010861],[133.2236557438176,-2.849526166599306],[133.1973410807263,-2.828118853901953],[133.2038095840451,-2.807488350406986],[133.2132181725807,-2.801924789897095],[133.1743601711851,-2.778443022727275],[133.1618531951688,-2.780006718934905],[133.1365819533945,-2.747040199645381],[133.0835024967429,-2.734409174743549],[133.0739185440056,-2.722367140131412],[133.056524645696,-2.717817542745385],[133.0431265260683,-2.703517330260555],[133.0476939669031,-2.69200026859753],[133.0839094831361,-2.677869047718298],[133.066907120867,-2.637321675255036],[133.0575108107754,-2.626247342640722],[133.0195138284005,-2.620782214727393],[133.01677344304,-2.594588963709635],[132.9844699417345,-2.578101716021289],[133.0423300999543,-2.496075448822824],[133.0818886390496,-2.464590421410742],[133.1009079810187,-2.461436248084306],[133.126967528029,-2.436798316089364],[133.18143313673,-2.432305673667903],[133.21666250587,-2.411534687076047],[133.2748760194127,-2.42769122706841],[133.3039768271689,-2.44515647129411],[133.3097070428459,-2.509837817261465],[133.2929063319617,-2.508067234715019],[133.2943353169215,-2.501438412852488],[133.2905720102902,-2.499513208967377],[133.2886400057317,-2.511762674008169],[133.3129557888786,-2.517341305356949],[133.323648983414,-2.467802840228808],[133.3766109337476,-2.509924610832018],[133.3728095372304,-2.620147784392726],[133.39718905623,-2.690532646064694],[133.4117643047789,-2.695183837164253],[133.420368312148,-2.686256932711187],[133.4196790402556,-2.673578715884942],[133.4387564055837,-2.675496738683483],[133.4375625106014,-2.644021227897289],[133.4502646691792,-2.645177646331279],[133.4628001456104,-2.632024619840292],[133.4929748374189,-2.646346134566427],[133.5031198439058,-2.638445762162148],[133.5125381487167,-2.647030572602807],[133.5286487207619,-2.642061779627427],[133.5349948982959,-2.609920687789449],[133.5642483326944,-2.608005258635762],[133.561700807846,-2.598800727171716],[133.5704024968778,-2.590163283908423],[133.5606831368173,-2.577945814947283],[133.5721239530581,-2.56491968909234],[133.5830766289833,-2.563960991106809],[133.6143040635817,-2.537506414189641],[133.6380501783731,-2.531771826008969],[133.6731328312153,-2.566856172274504],[133.6624372426846,-2.658172776152659],[133.6726324439322,-2.662689018583267],[133.6900098513736,-2.615969053029302],[133.7323222629622,-2.624770302407489],[133.7472960856459,-2.620959538551817],[133.7542838701046,-2.629970016103281],[133.7515362919664,-2.65622942844537],[133.7402417513559,-2.662611378312432],[133.7606492958285,-2.674418813077731],[133.8048696209363,-2.64657524764951],[133.7989453729307,-2.63600636370265],[133.807699942998,-2.6201775240734],[133.808498164159,-2.543915691755741],[133.7835893158942,-2.490044621262191],[133.8189377040119,-2.461955828698484],[133.8205557372576,-2.445775494443472],[133.839068499212,-2.452067027371355],[133.8534180772825,-2.473142865250979],[133.8667787500394,-2.47049690420871],[133.8715852621503,-2.455848941875141],[133.9054611722953,-2.482550935776986],[133.9561143030327,-2.467031119390553],[133.9761711235986,-2.478893052172529],[133.9865229426797,-2.450027066395924],[133.9692902964101,-2.434796498959171],[133.9521060507538,-2.433364584008293],[133.9463304337027,-2.419330304649828],[133.9488790296435,-2.395564069326264],[133.9651752433429,-2.386995529420124],[133.9838796975901,-2.391350846264542],[133.9885974762925,-2.389334748799568],[133.9891256337411,-2.386242865216007],[133.9863678222173,-2.381696678958514],[133.9864451540206,-2.366390795998344],[133.9897236882977,-2.364793394999134],[133.9719554858571,-2.350599503064624],[133.9595525452139,-2.35059355404921],[133.9490211737882,-2.324857277341399],[133.9659694841044,-2.307803535904343],[133.9915435123233,-2.299894243124781],[133.984988422278,-2.279158153825714],[134.0003790402606,-2.248631667017767],[133.9995067581305,-2.240355136080632],[133.9860041067042,-2.224070404925252],[133.979372761344,-2.239488138366832],[133.9545490114279,-2.228619022050163],[133.9419283503132,-2.232197732039667],[133.9413048161644,-2.134066968615647],[133.9658044603077,-2.121977165613645],[133.9731439075653,-2.099167275649252],[133.9683704806132,-2.092424069914836],[133.9498881193413,-2.092594541804596],[133.9564467464203,-2.087347117275653],[133.947503304334,-2.081787948155236],[133.9512809065886,-2.059645120425893],[133.9409121128039,-2.064040407638659],[133.9359557772374,-2.063340274633932],[133.9369387865957,-2.072020761249041],[133.9459829752342,-2.075050644671508],[133.9431558997251,-2.081759511592088],[133.9204875882317,-2.087755983251929],[133.9060633691293,-2.103694563553196],[133.8927570262158,-2.100558792154475],[133.873713336901,-2.108454390957329],[133.8407360401362,-2.096147587840827],[133.8171668255886,-2.137193142449492],[133.7729016935585,-2.149766451560422],[133.7701856357587,-2.161088670605674],[133.7528023836231,-2.168908075247414],[133.7194352001744,-2.16228222024826],[133.693717963913,-2.197831901820793],[133.6663256306234,-2.196748713382382],[133.6214906368834,-2.231661353888351],[133.6077548281229,-2.215019788832143],[133.5986932888643,-2.216213236851308],[133.5898557023788,-2.227532989955508],[133.5656208923904,-2.211721471268804],[133.5460141330459,-2.227556784218157],[133.5199590349815,-2.235171058897192],[133.4998406926939,-2.22572459901105],[133.4248638755674,-2.229662607043606],[133.4037223646955,-2.207605003567961],[133.3832389417238,-2.211334777178189],[133.3720755339588,-2.201977577703021],[133.3657342703203,-2.210151027447951],[133.3250097952659,-2.219062108329586],[133.2896272104275,-2.21002015720442],[133.2727449337318,-2.19461314727887],[133.2456428728204,-2.200335750194673],[133.2256791950389,-2.21513599832768],[133.2172440057063,-2.201977577703021],[133.1777568511978,-2.194232432780455],[133.1374368840051,-2.204880520919231],[133.1174494119608,-2.227461606268102],[133.0298852473064,-2.23889491586762],[132.9983454907518,-2.27145784010723],[132.9596911471288,-2.291659464112941],[132.9444943690199,-2.262242401665462],[132.9390017344425,-2.277085265072889],[132.9008589737626,-2.281106553924309],[132.8820017453843,-2.272980695402696],[132.8657738208052,-2.250744632258941],[132.8388431248104,-2.242632073811171],[132.7622974286835,-2.257904867115881],[132.7346015085529,-2.272005082068842],[132.7121788441785,-2.298394271078655],[132.6760481214237,-2.292760192029133],[132.6587009051227,-2.279927045396748],[132.6439029664488,-2.288077733300733],[132.6258393061391,-2.267387434782256],[132.5985741333896,-2.194383073719822],[132.6055599402391,-2.179640501807681],[132.6208489672061,-2.17607291733122],[132.6371885507111,-2.148172127141892],[132.6389908847216,-2.089760939016097],[132.6505263932785,-2.089677159972927],[132.6657241678361,-2.108934446367597],[132.6710009165591,-2.099061688046413],[132.6824831663651,-2.105033282659788],[132.6721385787325,-2.088088792663603],[132.6857292971693,-2.096341347675049],[132.6957585204394,-2.083727567273355],[132.6815938933435,-2.080860907205098],[132.6950869256213,-2.072939019420142],[132.6828610650862,-2.056664444308678],[132.6883695628051,-2.049062477751098],[132.6538841200563,-2.036068862388055],[132.6663792502024,-2.014944890094553],[132.6424655980091,-2.020902289808715],[132.6451846289675,-1.999998977870446],[132.6300265181094,-1.995553550755671],[132.6346597407546,-1.985187063731944],[132.6140716241062,-1.987216300291974],[132.6394076233632,-1.967959408699718],[132.6513143019135,-1.975691681625749],[132.6560525006225,-1.961981112338476],[132.6391010372831,-1.942055948023549],[132.6460036109779,-1.922033611062249],[132.6355525139375,-1.924885392746559],[132.6182077240073,-1.912821683573787],[132.6372262763716,-1.904080285876455],[132.6221707116091,-1.876112245283837],[132.6448392272486,-1.879911960068872],[132.6750913407928,-1.871721907040394],[132.6891460302652,-1.882954897150737],[132.7240521686728,-1.88581097669516],[132.7242915358257,-1.87744016263334],[132.7332377532197,-1.877063613794652],[132.7278083050093,-1.859037074801131],[132.7381846629919,-1.858081751971222],[132.7425472967205,-1.846612488375568],[132.7401677976059,-1.819372280806045],[132.7469914962606,-1.814444019375985],[132.7643341736832,-1.732619420649753],[132.7723707888808,-1.726336781117491],[132.7696360557594,-1.681831756730181],[132.7757507513961,-1.672850104248871],[132.769483786148,-1.651269482300746],[132.7738248739189,-1.62152122202677],[132.7806215326576,-1.620971007805741],[132.7861750648275,-1.605501024652581],[132.7871375813344,-1.572982656424385],[132.8025448943315,-1.562916650882665],[132.8239360093394,-1.563823296108138],[132.8489093273036,-1.502238181047202],[132.8577852383982,-1.501599517603649],[132.8542485636204,-1.480386656319046],[132.864630414662,-1.466358684805405],[132.8543626498165,-1.449821531938047],[132.8859645468265,-1.423475888101747],[132.8841391667891,-1.410131875285783],[132.9051310403652,-1.396901838948652],[132.8968575041705,-1.387348793212231],[132.9094923763721,-1.362140131661674],[132.8973672875703,-1.323845836116424],[132.9086618290802,-1.303771931129718],[132.9053820096721,-1.292198410927872],[132.9149830504275,-1.286527744759594],[132.935268111734,-1.294410522827308],[132.9629212322292,-1.327215638091131],[132.9594429801095,-1.33592086055925],[132.9742367801034,-1.33551793190694],[133.0070407334432,-1.356969498443553],[133.0375489658122,-1.338994017559772],[133.037514242988,-1.317535233064485],[133.0569484026467,-1.311949027625461],[133.0653540330622,-1.322066889874998],[133.089161682166,-1.289415956181353],[133.1174195283886,-1.290356730678502],[133.1499636010394,-1.252980643841608],[133.1990611141791,-1.243250542278654]]]]}},{"type":"Feature","properties":{"kode":"92.07","nama":"Kabupaten Teluk Wondama","lat":-2.8498678033310583,"lng":134.4041278331221},"geometry":{"type":"MultiPolygon","coordinates":[[[[134.4686252944219,-2.863438421445943],[134.4683683122479,-2.863400350445813],[134.468644328573,-2.863086261321859],[134.4687395083217,-2.86326710059617],[134.4686252944219,-2.863438421445943]]],[[[134.4582341875577,-2.856543933555658],[134.4584816522065,-2.857095968004478],[134.4576916706342,-2.856953200629667],[134.4577487775841,-2.856220326906536],[134.4582341875577,-2.856543933555658]]],[[[134.4907747447587,-2.85484166710919],[134.495552701596,-2.85565068373195],[134.495191024846,-2.858763018798241],[134.4907081202835,-2.859048554447144],[134.4907747447587,-2.85484166710919]]],[[[134.488928282814,-2.855165273758312],[134.4875767492676,-2.861408978941229],[134.4801813839638,-2.856954628753064],[134.4863489471462,-2.85153897524342],[134.488928282814,-2.855165273758312]]],[[[134.4595456257301,-2.851514360799071],[134.4565836528134,-2.851453649366389],[134.4547955451783,-2.847472722088431],[134.4590957461718,-2.850030998331901],[134.4595456257301,-2.851514360799071]]],[[[134.4537845956826,-2.845585325702229],[134.4536917964394,-2.845542494590417],[134.4537703189451,-2.845471111802381],[134.4537988724201,-2.84552107993388],[134.4537845956826,-2.845585325702229]]],[[[134.4698388189064,-2.845356897003162],[134.4714187811519,-2.847917197620545],[134.4693343738823,-2.849877872565701],[134.468078018286,-2.846004111200687],[134.4698388189064,-2.845356897003162]]],[[[134.4493445213327,-2.810468050759843],[134.4494872896068,-2.811324656807448],[134.4482023814349,-2.810030229311591],[134.4483261119606,-2.810001675836629],[134.4493445213327,-2.810468050759843]]],[[[134.4446832065649,-2.806140306230079],[134.4445689926649,-2.806073681754986],[134.444740314414,-2.805892841581306],[134.444740314414,-2.806092717704692],[134.4446832065649,-2.806140306230079]]],[[[134.4334323343348,-2.793459090164843],[134.4333849670427,-2.793325968019003],[134.4335491922415,-2.79330321786915],[134.4335170675587,-2.793417388601574],[134.4334323343348,-2.793459090164843]]],[[[134.4161962994198,-2.769991534981367],[134.4159202821953,-2.769867802656892],[134.4160440154191,-2.769353839208291],[134.4163200317441,-2.769639374857194],[134.4161962994198,-2.769991534981367]]],[[[134.4077706294111,-2.722687850064156],[134.4076992448244,-2.722637881932657],[134.4077849052492,-2.722559359426826],[134.4078277345624,-2.722659296589194],[134.4077706294111,-2.722687850064156]]],[[[134.4062004014274,-2.718046548809097],[134.4059791124461,-2.717932334909248],[134.4061861246899,-2.71770390621027],[134.4063074774082,-2.717910919353431],[134.4062004014274,-2.718046548809097]]],[[[134.4036448600224,-2.717611107866238],[134.4035520616784,-2.717546862097977],[134.4036377221032,-2.717289879923948],[134.4036876911342,-2.717525447441441],[134.4036448600224,-2.717611107866238]]],[[[134.3961281428996,-2.712221628225533],[134.3960424815754,-2.712164521275609],[134.3961588520494,-2.71210991084361],[134.3961997792965,-2.712147733630912],[134.3961281428996,-2.712221628225533]]],[[[134.3890730405884,-2.686268846929687],[134.3889778626383,-2.686278365354225],[134.3888636487385,-2.685878615805473],[134.3889873810629,-2.686049936655158],[134.3890730405884,-2.686268846929687]]],[[[134.3673033523679,-2.660306548108673],[134.3671819996496,-2.66026371789623],[134.3672605221554,-2.660156641915437],[134.3673104911862,-2.660220887683787],[134.3673033523679,-2.660306548108673]]],[[[134.3679243917973,-2.658150756252356],[134.3677173786542,-2.658150756252356],[134.3677887623416,-2.657808114552809],[134.3680029143032,-2.657958019846676],[134.3679243917973,-2.658150756252356]]],[[[134.3451658989871,-2.604883481587342],[134.3448478510476,-2.605183837164285],[134.3443260868795,-2.604949577261165],[134.344729689124,-2.604663369818619],[134.3451658989871,-2.604883481587342]]],[[[134.3471482026276,-2.602692292415368],[134.3495357263926,-2.605860588695188],[134.3483221803244,-2.608516901833527],[134.3460094441805,-2.607380895312053],[134.3471482026276,-2.602692292415368]]],[[[134.3370471603982,-2.580367753069337],[134.3369521380309,-2.580710008060352],[134.3370149799574,-2.581224037159549],[134.3362977859141,-2.58064457338836],[134.3370471603982,-2.580367753069337]]],[[[134.337980106297,-2.57826093559366],[134.3379143640567,-2.578204346653282],[134.3379821423621,-2.578115240026227],[134.3380154199757,-2.578189291102786],[134.337980106297,-2.57826093559366]]],[[[134.3387956933666,-2.573511649143237],[134.3385494850707,-2.57325142401397],[134.3389865771688,-2.573131424775424],[134.3390460637249,-2.573393166161589],[134.3387956933666,-2.573511649143237]]],[[[134.3372919315774,-2.569819528348452],[134.3369118663896,-2.56971010873446],[134.336814128969,-2.569438501785351],[134.3371900833557,-2.569471813573257],[134.3372919315774,-2.569819528348452]]],[[[134.4567465569081,-2.55523397626696],[134.4563658433091,-2.555205422791998],[134.4562040399846,-2.554777119768195],[134.4566704140085,-2.55479615481862],[134.4567465569081,-2.55523397626696]]],[[[134.3370259013243,-2.547882964627115],[134.3368831330503,-2.547968625052002],[134.3367689191503,-2.547702125352805],[134.3370068653747,-2.54775923230264],[134.3370259013243,-2.547882964627115]]],[[[134.3856049687944,-2.529351653256098],[134.385447924682,-2.529330238599561],[134.3855621385819,-2.529130363375545],[134.3856406610877,-2.529194609143895],[134.3856049687944,-2.529351653256098]]],[[[134.3210359229695,-2.526501127924677],[134.3209074323322,-2.526458297712233],[134.3210002306762,-2.526244145750736],[134.321107306657,-2.526365497569641],[134.3210359229695,-2.526501127924677]]],[[[134.3766998360287,-2.5212472093912],[134.3936035273809,-2.537227669321476],[134.3871736616352,-2.575957848276003],[134.3694903156256,-2.549014774911898],[134.3698279525981,-2.523978830858267],[134.3766998360287,-2.5212472093912]]],[[[134.3772447343571,-2.507044960956131],[134.377044859133,-2.506452475001611],[134.3772518722762,-2.506309707626889],[134.3772732878321,-2.506473890557606],[134.3772447343571,-2.507044960956131]]],[[[134.3748390991452,-2.504689294775078],[134.3755457989995,-2.504682155956653],[134.37588130278,-2.505724359591424],[134.3746891929519,-2.505317472123616],[134.3748390991452,-2.504689294775078]]],[[[134.3172954105548,-2.505504764033597],[134.3199437503039,-2.508203072813478],[134.3161532688583,-2.51298578886299],[134.3127982292549,-2.508024613145279],[134.3172954105548,-2.505504764033597]]],[[[134.307163621404,-2.498883187109316],[134.3015630052286,-2.493835387792823],[134.3038574914301,-2.475948922704577],[134.307163813859,-2.493171701612676],[134.307163621404,-2.498883187109316]]],[[[134.2871429679737,-2.475557500877892],[134.2882184842957,-2.476023875801195],[134.2881233054462,-2.477451552247325],[134.2860484157019,-2.476823373999506],[134.2871429679737,-2.475557500877892]]],[[[134.6281897396648,-2.474846771161568],[134.6281231151896,-2.474846771161568],[134.6280850441894,-2.474780146686387],[134.6281611861898,-2.474732557261719],[134.6281897396648,-2.474846771161568]]],[[[134.6280279363403,-2.474218593813029],[134.6279422759154,-2.474161486863105],[134.6280089012898,-2.474104379913181],[134.6280564898152,-2.474151968438568],[134.6280279363403,-2.474218593813029]]],[[[134.2767422563501,-2.473274964867736],[134.2756857759779,-2.473103643118593],[134.275314579904,-2.4716474131975],[134.2760284176774,-2.4716474131975],[134.2767422563501,-2.473274964867736]]],[[[134.2827076519366,-2.474025128057169],[134.2800045848438,-2.471331577590233],[134.2824792241369,-2.468200206574236],[134.285296506029,-2.469894383618845],[134.2827076519366,-2.474025128057169]]],[[[134.2815464751898,-2.467514923175143],[134.281498885765,-2.467809976349214],[134.2814322612899,-2.46763865460016],[134.2815464751898,-2.467514923175143]]],[[[134.5235112633342,-2.450895887934815],[134.5260525280019,-2.455578666821959],[134.5195613581702,-2.455121810323282],[134.5199515901939,-2.450952994884739],[134.5235112633342,-2.450895887934815]]],[[[134.5186857170723,-2.450048799412555],[134.5185143953231,-2.450105906362479],[134.5183145209984,-2.449982174937373],[134.5185048777979,-2.449906032037655],[134.5186857170723,-2.450048799412555]]],[[[134.5344610092682,-2.434255881403738],[134.5407339001495,-2.434818549436438],[134.5416005075573,-2.435875201579199],[134.5314125458524,-2.437112934014676],[134.5344610092682,-2.434255881403738]]],[[[134.5281846820775,-2.433234682334698],[134.5230807380857,-2.439100054423962],[134.5192260108717,-2.435364300322165],[134.5240920086394,-2.432318589731056],[134.5281846820775,-2.433234682334698]]],[[[134.5251032800924,-2.423455098274088],[134.5251794229921,-2.424292668371899],[134.5200778586063,-2.42587263061729],[134.5240658347705,-2.421837064129109],[134.5251032800924,-2.423455098274088]]],[[[134.2191368059189,-2.417249170912397],[134.2195722477611,-2.417420491762259],[134.2195151408112,-2.417727442067788],[134.2190368687566,-2.417441907318077],[134.2191368059189,-2.417249170912397]]],[[[134.2192724353747,-2.41645681063323],[134.2186728124004,-2.416535332239691],[134.2183301689022,-2.416328319096619],[134.2189868997256,-2.416085614559352],[134.2192724353747,-2.41645681063323]]],[[[134.2215353032117,-2.415707279667137],[134.2214853341809,-2.415550235554845],[134.2216066868992,-2.415400329361697],[134.2215709946059,-2.415621619242339],[134.2215353032117,-2.415707279667137]]],[[[134.2227202742214,-2.417142094931693],[134.22143536515,-2.417341970155709],[134.2224490162092,-2.414943472862932],[134.2233056222567,-2.415892878153761],[134.2227202742214,-2.417142094931693]]],[[[134.2211284148446,-2.413737086297443],[134.2210070621263,-2.413751363034924],[134.2210927225512,-2.413587180104207],[134.221135553663,-2.413651425872557],[134.2211284148446,-2.413737086297443]]],[[[134.2237910322304,-2.414429509414243],[134.2228416269396,-2.41414397376534],[134.2231057470327,-2.412687743844247],[134.2239337996052,-2.413665702610038],[134.2237910322304,-2.414429509414243]]],[[[134.2185157655901,-2.412430762569587],[134.218765609845,-2.413694256085],[134.2179375581718,-2.414343848989445],[134.2172951031865,-2.41279481982504],[134.2185157655901,-2.412430762569587]]],[[[134.220564482365,-2.412744850794171],[134.2202932243529,-2.412530699731954],[134.2203788847779,-2.412337963326275],[134.2207500808516,-2.41253783765101],[134.220564482365,-2.412744850794171]]],[[[134.523056943823,-2.410296679448168],[134.523056943823,-2.410023040930545],[134.5233424785726,-2.410011142899895],[134.5232710948853,-2.410237191992762],[134.523056943823,-2.410296679448168]]],[[[134.524746360756,-2.409987348637157],[134.5237707815964,-2.409808888968959],[134.5241395980641,-2.409106948326992],[134.5253174311546,-2.409428175369912],[134.524746360756,-2.409987348637157]]],[[[134.2177305450286,-2.410910286880233],[134.2168953536377,-2.409889497901998],[134.2170238451744,-2.408982922823524],[134.2182302317399,-2.410324938844768],[134.2177305450286,-2.410910286880233]]],[[[134.2099115243974,-2.408708885006996],[134.2096616810418,-2.408701746188571],[134.2097116500727,-2.408530425338798],[134.2098972476599,-2.408551840894704],[134.2099115243974,-2.408708885006996]]],[[[134.2179803883843,-2.408418991243424],[134.2178090666351,-2.40842612916248],[134.2178090666351,-2.408319054081057],[134.2179589728283,-2.408269085050188],[134.2179803883843,-2.408418991243424]]],[[[134.2170595365684,-2.408190563443727],[134.2169453226686,-2.408219116019319],[134.2168739389811,-2.408090625381989],[134.2169167691937,-2.408076348644508],[134.2170595365684,-2.408190563443727]]],[[[134.2185443199645,-2.408090625381989],[134.218465798358,-2.408090625381989],[134.2184872130145,-2.407876474319773],[134.2186299812887,-2.407997826138766],[134.2185443199645,-2.408090625381989]]],[[[134.2277004858888,-2.407819365571198],[134.2274684886798,-2.406701019936078],[134.2284321707081,-2.405820619625823],[134.2282775053027,-2.407212604677936],[134.2277004858888,-2.407819365571198]]],[[[134.2276172050701,-2.404297764330268],[134.2275934108073,-2.403262698614553],[134.2281644812059,-2.4028998311622],[134.2283191466114,-2.403310288039309],[134.2276172050701,-2.404297764330268]]],[[[134.2274387454019,-2.401632768237574],[134.2273614126991,-2.401698203809024],[134.2272305415563,-2.401662512415006],[134.2272781318804,-2.401585178812907],[134.2274387454019,-2.401632768237574]]],[[[134.2270758779495,-2.401674408647006],[134.2270639808181,-2.401745792334411],[134.2269212134433,-2.401525692256781],[134.2270282894241,-2.401519744140826],[134.2270758779495,-2.401674408647006]]],[[[134.2281644812059,-2.401763637581736],[134.2277540243289,-2.4016922547937],[134.2280217138311,-2.401222311360554],[134.2282299167773,-2.401400771028664],[134.2281644812059,-2.401763637581736]]],[[[134.5068254534321,-2.38451680720482],[134.5080544417591,-2.384765062357699],[134.5080782360218,-2.385121980794727],[134.5064007162201,-2.385502694393773],[134.5068254534321,-2.38451680720482]]],[[[134.503700027834,-2.372808269985585],[134.5033788007911,-2.372629811216756],[134.5036286441467,-2.371975459100087],[134.5038071038149,-2.372023049424213],[134.503700027834,-2.372808269985585]]],[[[134.5469943210312,-2.350703077984642],[134.5503731557966,-2.352642338273261],[134.5411289498412,-2.352154548693422],[134.5426518051368,-2.350798255934697],[134.5469943210312,-2.350703077984642]]],[[[134.5170425225944,-2.341232394859086],[134.5296893575778,-2.3517615098857],[134.5022898647855,-2.349084615762356],[134.5014094635759,-2.342422125080981],[134.5170425225944,-2.341232394859086]]],[[[134.514908146294,-2.340642289410047],[134.5147415837572,-2.340623252560972],[134.5147082710699,-2.34051855618638],[134.5149509774058,-2.340547109661342],[134.514908146294,-2.340642289410047]]],[[[134.5475829048272,-2.30367736182078],[134.546999936398,-2.303451312727914],[134.5467619901738,-2.302749372085858],[134.5474877259779,-2.302796960611245],[134.5475829048272,-2.30367736182078]]],[[[134.5160383899598,-2.297224262989308],[134.5257751447072,-2.300412740955229],[134.5328754559377,-2.306865838887331],[134.523747842589,-2.310311299027193],[134.5160383899598,-2.297224262989308]]],[[[134.5234368003681,-2.287860704407921],[134.5230013594253,-2.287882118165177],[134.5231227121435,-2.287289633110026],[134.5235010461364,-2.287582306678074],[134.5234368003681,-2.287860704407921]]],[[[134.5650186458938,-2.282942803167812],[134.5730327627518,-2.293372344358138],[134.5685879300889,-2.311332516082734],[134.5782485419367,-2.320498200431567],[134.5720333893295,-2.361677150580002],[134.5905574944329,-2.395846211833133],[134.5607862600778,-2.40404797673264],[134.5793573700466,-2.420085781033945],[134.5781628806125,-2.430748145910202],[134.5635172987844,-2.441241568643429],[134.5315393412676,-2.428116273647055],[134.5643167969827,-2.417577829053544],[134.5503731557966,-2.410403755428961],[134.532413017347,-2.4141600671334],[134.5301001481035,-2.400885910056674],[134.5113975842312,-2.399815152946941],[134.5092798642744,-2.385752538648747],[134.5250199983743,-2.382730622320286],[134.5107075407205,-2.37993475598415],[134.5028791140799,-2.360209024426821],[134.5631090758233,-2.36771239021463],[134.5582610689931,-2.352992118791144],[134.5661114031188,-2.351864771841663],[134.5691114110629,-2.340409529576062],[134.5510560613882,-2.333413913821028],[134.563795424919,-2.319858213185968],[134.5578232484443,-2.305669398823598],[134.5650186458938,-2.282942803167812]]],[[[134.5447424941708,-2.278073980629605],[134.5445354810277,-2.278038288336306],[134.5445711733211,-2.277838414011571],[134.5447710476458,-2.277931212355513],[134.5447424941708,-2.278073980629605]]],[[[134.1398481991351,-2.236564007123201],[134.1394811597278,-2.236963753074653],[134.1378678290372,-2.236445403632439],[134.1393876293357,-2.235871298921291],[134.1398481991351,-2.236564007123201]]],[[[134.1426358861374,-2.22625535639949],[134.1425064107422,-2.226261602191107],[134.1424951467338,-2.225996077356987],[134.1426229188126,-2.226093356123451],[134.1426358861374,-2.22625535639949]]],[[[134.7747921852113,-2.213743963812822],[134.7700058152163,-2.212139021998174],[134.7658109419215,-2.206820712006222],[134.7696218496687,-2.211158612579903],[134.7747921852113,-2.213743963812822]]],[[[134.7453032903146,-2.158958522018109],[134.739913774701,-2.157137063924333],[134.7349239861531,-2.1470758373799],[134.741303008727,-2.148791631428606],[134.7453032903146,-2.158958522018109]]],[[[134.1333878904389,-2.13233536358606],[134.1361467325858,-2.136323150892652],[134.1359488097899,-2.139255289699785],[134.1331879666514,-2.137685624691768],[134.1333878904389,-2.13233536358606]]],[[[134.8179366027921,-2.134230372733439],[134.814173375301,-2.130897183957783],[134.8153499628306,-2.127156075292616],[134.8194339173415,-2.130790318418432],[134.8179366027921,-2.134230372733439]]],[[[134.325695698098,-2.105103970271996],[134.3254672154397,-2.10502740109362],[134.3256766576517,-2.104567986923003],[134.3257528194372,-2.104979544570254],[134.325695698098,-2.105103970271996]]],[[[134.4024171568263,-2.078690138039432],[134.4022786315538,-2.078501849680572],[134.4023588726639,-2.078373905831013],[134.4024330694306,-2.078486475770161],[134.4024171568263,-2.078690138039432]]],[[[134.1506456457799,-2.074603996377247],[134.152435434248,-2.077255201366393],[134.1521403100273,-2.08543852296941],[134.1489034593272,-2.077465765932265],[134.1506456457799,-2.074603996377247]]],[[[134.1620507850158,-2.074692689316107],[134.1613177332268,-2.074305058131889],[134.1617175799024,-2.072448256681605],[134.1623316289016,-2.0737212191589],[134.1620507850158,-2.074692689316107]]],[[[134.7254255580432,-2.072007995372685],[134.7280233172223,-2.074922593802667],[134.7271455950933,-2.084924422823844],[134.7210765418491,-2.07897309443277],[134.7254255580432,-2.072007995372685]]],[[[134.1603558813188,-2.066510005332381],[134.1608604486509,-2.068242381080923],[134.1561289346027,-2.066328153421518],[134.1589849790736,-2.063839657374247],[134.1603558813188,-2.066510005332381]]],[[[134.1548246739196,-2.063753516711378],[134.154139224146,-2.068041387100264],[134.149788516327,-2.06609844588648],[134.1530816510974,-2.062825252683245],[134.1548246739196,-2.063753516711378]]],[[[134.7206636819834,-2.064467314914589],[134.7160189740965,-2.064924171413354],[134.7153717607982,-2.06435310101474],[134.7189314339386,-2.061440641172643],[134.7206636819834,-2.064467314914589]]],[[[134.1584708906191,-2.062604979935825],[134.1575950381805,-2.06221256435837],[134.157229291099,-2.059601679573822],[134.1579166681198,-2.059998417293032],[134.1584708906191,-2.062604979935825]]],[[[134.1586327344132,-2.059503931361276],[134.1582424079608,-2.059427362182989],[134.15862321419,-2.058661671299047],[134.1587850561855,-2.059111514884451],[134.1586327344132,-2.059503931361276]]],[[[134.1386085538418,-2.047027047560126],[134.1378874027815,-2.047651564667932],[134.1369092083933,-2.047106009834446],[134.1384968211715,-2.046497222768531],[134.1386085538418,-2.047027047560126]]],[[[134.1459616788884,-2.045181970571422],[134.1457379563417,-2.044425851172063],[134.1466138087804,-2.044645987222518],[134.1466185688919,-2.044770412024802],[134.1459616788884,-2.045181970571422]]],[[[134.4120839937814,-2.044506505970459],[134.4119937603039,-2.04438084100296],[134.4122072665522,-2.044251469929373],[134.4121941490408,-2.044370302747181],[134.4120839937814,-2.044506505970459]]],[[[134.1366450226498,-2.04435430740533],[134.1365165014356,-2.044325592951671],[134.1364974609891,-2.043971460614349],[134.1367069041004,-2.044115028385798],[134.1366450226498,-2.04435430740533]]],[[[134.1385585731196,-2.043918819697746],[134.138896539244,-2.045498057988906],[134.1387346963492,-2.04576126437084],[134.137608939401,-2.044198775952635],[134.1385585731196,-2.043918819697746]]],[[[134.147903790028,-2.044636415737935],[134.146756612128,-2.044602916891039],[134.148022791019,-2.043239030257007],[134.1477562265686,-2.044162644790129],[134.147903790028,-2.044636415737935]]],[[[134.1366204342857,-2.042613532888174],[134.1364895316666,-2.042631478859638],[134.1364002802488,-2.04252380393031],[134.136614484371,-2.042428091782947],[134.1366204342857,-2.042613532888174]]],[[[134.1591401975622,-2.041110632649515],[134.1587236909457,-2.040943139314402],[134.1587058412017,-2.040673949742969],[134.1593663006144,-2.04056627481364],[134.1591401975622,-2.041110632649515]]],[[[134.119521354427,-2.04068714189807],[134.1192976300816,-2.040648856859198],[134.1192881098584,-2.040591429750618],[134.1194213920836,-2.040462219655639],[134.119521354427,-2.04068714189807]]],[[[134.1362634277151,-2.041285537297613],[134.13582312144,-2.041076168830072],[134.1358588218272,-2.040232711770143],[134.1363229286603,-2.040741178562458],[134.1362634277151,-2.041285537297613]]],[[[134.1593127495838,-2.039836474973258],[134.1587474906043,-2.0397228177538],[134.1585570879394,-2.039381846095337],[134.1593425009557,-2.039339971862189],[134.1593127495838,-2.039836474973258]]],[[[134.1349358763896,-2.036204711278325],[134.1371999727006,-2.038256270810182],[134.1373856161533,-2.038981285357957],[134.1347223539535,-2.03852187028806],[134.1349358763896,-2.036204711278325]]],[[[134.1231654289414,-2.035426482945793],[134.123111877911,-2.035522195093156],[134.1228203230995,-2.035420501554855],[134.1231059279962,-2.035336753987929],[134.1231654289414,-2.035426482945793]]],[[[134.1612227297452,-2.037778680441685],[134.1595686040079,-2.038047868214468],[134.1599672608804,-2.035194472247051],[134.1604902454285,-2.035368957811093],[134.1612227297452,-2.037778680441685]]],[[[134.1358136551761,-2.034089977070755],[134.1358421771749,-2.034802566585173],[134.1352147021968,-2.035263374704924],[134.1353668171249,-2.033453397356391],[134.1358136551761,-2.034089977070755]]],[[[134.1260452739702,-2.033039680436824],[134.1255395159361,-2.032896112665375],[134.1262237768059,-2.03238764587306],[134.1263487286109,-2.032710671560237],[134.1260452739702,-2.033039680436824]]],[[[134.1484860003287,-2.032404000044499],[134.1481097131928,-2.032283900981183],[134.1484131678335,-2.031697668912249],[134.1486030003283,-2.031896000000335],[134.1484860003287,-2.032404000044499]]],[[[134.1604596900627,-2.034550813069538],[134.1593934340598,-2.033182139344161],[134.1602407267283,-2.03166032816158],[134.160755424923,-2.03290506721501],[134.1604596900627,-2.034550813069538]]],[[[134.1218588866783,-2.03091309226531],[134.1217398856873,-2.031044694556952],[134.1212757779549,-2.030984875251798],[134.1216684840134,-2.030823362408254],[134.1218588866783,-2.03091309226531]]],[[[134.158362914417,-2.028931009858217],[134.1586009181979,-2.029104487282199],[134.1585295156248,-2.029529207406958],[134.15820821124,-2.028542182575579],[134.158362914417,-2.028931009858217]]],[[[134.135970622846,-2.025645819698754],[134.1367502127521,-2.028624458851683],[134.13517094928,-2.032415419635905],[134.132110703846,-2.028111392027101],[134.135970622846,-2.025645819698754]]],[[[134.1608869426783,-2.025061876404413],[134.160591819357,-2.024798669123198],[134.1606870197903,-2.024564176295643],[134.1609202643588,-2.02493745070276],[134.1608869426783,-2.025061876404413]]],[[[134.1589353131143,-2.024085619155949],[134.1587687101078,-2.024071263278129],[134.1588163112239,-2.023851126328394],[134.158844870994,-2.023951622869083],[134.1589353131143,-2.024085619155949]]],[[[134.1601110507844,-2.023808055996914],[134.1599920488939,-2.023788913927207],[134.16003965001,-2.023535279029856],[134.1602062530162,-2.023726700626652],[134.1601110507844,-2.023808055996914]]],[[[134.1368657252731,-2.021856242971223],[134.1364497852295,-2.021982134567748],[134.1363055528591,-2.021469344734397],[134.1368372032743,-2.021281416104406],[134.1368657252731,-2.021856242971223]]],[[[134.1368013140295,-2.020802552295889],[134.1363832767669,-2.020859257248889],[134.1362950559721,-2.020570957983272],[134.1367442709314,-2.020503262415543],[134.1368013140295,-2.020802552295889]]],[[[134.7377343513593,-2.016709769140482],[134.7452858416683,-2.037303595584453],[134.7389496142333,-2.052566258026348],[134.7237096048145,-2.024884944684382],[134.7377343513593,-2.016709769140482]]],[[[134.7374022901836,-2.016410649232084],[134.7373108992787,-2.01634336375516],[134.7374584105773,-2.01623204567232],[134.7374661906123,-2.016302550722118],[134.7374022901836,-2.016410649232084]]],[[[134.737830829729,-2.016056628410626],[134.7377700544445,-2.016108321441815],[134.7375534914006,-2.016014280234815],[134.737737355095,-2.015978274078092],[134.737830829729,-2.016056628410626]]],[[[134.1357449298847,-2.016012585912089],[134.1356821832862,-2.01593990090563],[134.1357534869339,-2.015845838114918],[134.1358076782819,-2.015884318306574],[134.1357449298847,-2.016012585912089]]],[[[134.1342619604212,-2.019206134255638],[134.1361495168868,-2.020762170937454],[134.1336253582238,-2.023702813733832],[134.1312299420083,-2.020564002626626],[134.1347662210843,-2.014795358918578],[134.1342619604212,-2.019206134255638]]],[[[134.1373627445951,-2.01374573857496],[134.1373388109375,-2.01377455195402],[134.137319962946,-2.013587542431042],[134.1373777192065,-2.013653814371954],[134.1373627445951,-2.01374573857496]]],[[[134.1372294776584,-2.014183107664261],[134.1363444143633,-2.015082773251356],[134.1357894319368,-2.014942629198904],[134.1369794607336,-2.013363345941668],[134.1372294776584,-2.014183107664261]]],[[[134.1554144376263,-2.013201023708236],[134.1551526341868,-2.013135222112775],[134.1552359347907,-2.012812196425687],[134.1553251862084,-2.012842106078308],[134.1554144376263,-2.013201023708236]]],[[[134.1554917892148,-2.012130252209301],[134.1548372788175,-2.012142215890458],[134.1550038809245,-2.011065462101305],[134.1556940917091,-2.01171151437485],[134.1554917892148,-2.012130252209301]]],[[[134.1490569619093,-2.011605833242561],[134.1484500517286,-2.011288788946411],[134.1486821055947,-2.010893979373554],[134.1492652152176,-2.011546013038037],[134.1490569619093,-2.011605833242561]]],[[[134.4076146429016,-2.00765060139412],[134.4073817238875,-2.007317587836413],[134.407488958149,-2.007196411385229],[134.4078033530424,-2.007474810913726],[134.4076146429016,-2.00765060139412]]],[[[134.1561033488905,-2.005412550348831],[134.155624538142,-2.005337336448834],[134.1557292776841,-2.00469048737604],[134.1564923830172,-2.004986331953587],[134.1561033488905,-2.005412550348831]]],[[[134.1552953556961,-2.004143925301863],[134.1552404916553,-2.004199081622263],[134.155031011672,-2.003998509423679],[134.1551756532339,-2.003988481083477],[134.1552953556961,-2.004143925301863]]],[[[134.6986861271631,-2.004819642612324],[134.6976211140233,-2.003560693371201],[134.6989197908158,-2.002044460683264],[134.6995307191674,-2.00357232070594],[134.6986861271631,-2.004819642612324]]],[[[134.1568664542235,-2.001762117627573],[134.1566519866,-2.001807247406509],[134.1565921349192,-2.001716988748006],[134.1567367755818,-2.001551516189506],[134.1568664542235,-2.001762117627573]]],[[[134.1515387454168,-2.000473435001007],[134.1579505662657,-2.012454115165221],[134.156891121728,-2.051668543068777],[134.1480258100431,-2.035697635737302],[134.1517386692043,-2.03153418925133],[134.1515387454168,-2.000473435001007]]],[[[134.4029158605786,-1.999808388146532],[134.4028778714166,-1.999918844678897],[134.4029896472545,-2.000139827890715],[134.4026541668563,-1.999896669195847],[134.4029158605786,-1.999808388146532]]],[[[134.1418716359673,-2.000534024125836],[134.1412706757012,-2.001120257094138],[134.1415741312413,-1.999319684855541],[134.1418835357966,-1.999481197699085],[134.1418716359673,-2.000534024125836]]],[[[134.4013238429211,-1.999209419878747],[134.4010329706951,-1.999072795772852],[134.4010873859742,-1.998768574010493],[134.4015877183985,-1.998909175817756],[134.4013238429211,-1.999209419878747]]],[[[134.1515117954331,-1.99824249399583],[134.1509620065914,-1.998335812147969],[134.150851335121,-1.998152764138686],[134.1512726009498,-1.997732830205903],[134.1515117954331,-1.99824249399583]]],[[[134.1510929280962,-1.996994056930104],[134.1507240225957,-1.997023966582725],[134.1509025254313,-1.996527464370937],[134.1510988780109,-1.996826561796341],[134.1510929280962,-1.996994056930104]]],[[[134.1526518534004,-1.994529487345956],[134.1525685509979,-1.994535468736805],[134.1525626010832,-1.994493595403027],[134.1527173042602,-1.994469668040713],[134.1526518534004,-1.994529487345956]]],[[[134.3899260295627,-1.994556538953043],[134.4084047377885,-2.00442486631445],[134.4125224258693,-2.042097217712316],[134.4052634193714,-2.042279202722932],[134.3993298606846,-2.066228234245562],[134.4111879713479,-2.073298845365359],[134.3848230811203,-2.081850060731652],[134.3928502624298,-2.102902541419096],[134.3821066132297,-2.106075972827862],[134.372891146909,-2.143648935649781],[134.3679763699135,-2.141040803690045],[134.3496500841841,-2.167181944391208],[134.3370020261227,-2.13605760807212],[134.3394397329574,-2.111246051164331],[134.3139787000571,-2.098244161139087],[134.3164627480575,-2.089801526319304],[134.3264775291148,-2.095404174962637],[134.33036084128,-2.088892129168388],[134.3156542980075,-2.078530223291144],[134.3435788905534,-2.046661769025418],[134.3626772460581,-2.002150578886111],[134.3899260295627,-1.994556538953043]]],[[[134.1544190302142,-1.994032984234797],[134.1539668232103,-1.993973164030274],[134.1538002211034,-1.993757814171706],[134.1540084744117,-1.993626210081414],[134.1544190302142,-1.994032984234797]]],[[[134.153508666292,-1.993877452782192],[134.1532766133251,-1.993763795562645],[134.1535027163773,-1.993279256132732],[134.1536276681823,-1.993763795562645],[134.153508666292,-1.993877452782192]]],[[[134.6983150381086,-1.992262348628485],[134.6980727238772,-1.994585287580877],[134.6963398373138,-1.993985283294178],[134.6972537157865,-1.992060869913173],[134.6983150381086,-1.992262348628485]]],[[[134.702260655305,-1.988560522350172],[134.7023394323191,-1.989367253795729],[134.7007299390355,-1.99023788656916],[134.7008158036065,-1.988488795121748],[134.702260655305,-1.988560522350172]]],[[[134.7011909513014,-1.988286199448533],[134.7010628230909,-1.988237777251614],[134.7011451614201,-1.988091339743539],[134.7012360514027,-1.988128459260954],[134.7011909513014,-1.988286199448533]]],[[[134.1409981622355,-1.988540182383483],[134.1407077981264,-1.988343972796061],[134.1410267229051,-1.988075981121609],[134.1411742845657,-1.988214762701082],[134.1409981622355,-1.988540182383483]]],[[[134.7012262541883,-1.987963516403093],[134.7011882920062,-1.987785229404773],[134.7013808053799,-1.987640089618361],[134.7013731548473,-1.987888407723817],[134.7012262541883,-1.987963516403093]]],[[[134.7014529957592,-1.987600630064959],[134.7013732195985,-1.987529294940929],[134.7014327583153,-1.987488554752906],[134.7014871933793,-1.987559883581705],[134.7014529957592,-1.987600630064959]]],[[[134.1442912412479,-1.987065925551937],[134.1438211836008,-1.986916377288919],[134.1439104350186,-1.98585756767258],[134.1445768461446,-1.986742899864938],[134.1442912412479,-1.987065925551937]]],[[[134.1408044869376,-1.985582397609489],[134.1406795351324,-1.985582397609489],[134.140643833846,-1.985349100880265],[134.1408401873248,-1.985450795317847],[134.1408044869376,-1.985582397609489]]],[[[134.1410841410203,-1.984966254988654],[134.1407390360777,-1.984834651797732],[134.1411019907643,-1.984457788196339],[134.1411733924382,-1.984756885621744],[134.1410841410203,-1.984966254988654]]],[[[134.7032178397316,-1.984237767259136],[134.703154118268,-1.984082830258396],[134.7033435982286,-1.984065941889648],[134.7032638931143,-1.984221759326646],[134.7032178397316,-1.984237767259136]]],[[[134.6951586758323,-1.975402515413707],[134.695182358579,-1.975207463253772],[134.6952691188748,-1.975175755856442],[134.6952659460665,-1.975224917296073],[134.6951586758323,-1.975402515413707]]],[[[134.1517950090325,-1.97375615802027],[134.1512714012542,-1.972816988812978],[134.1515034551203,-1.972386287297281],[134.1518664107064,-1.972894754988877],[134.1517950090325,-1.97375615802027]]],[[[134.1396538970098,-1.969446878370709],[134.139392092671,-1.970051056411107],[134.1390469877284,-1.970080966063639],[134.1390945879449,-1.969446878370709],[134.1396538970098,-1.969446878370709]]],[[[134.1399673476151,-1.969530864257932],[134.1397959853965,-1.969569149296804],[134.1397436250683,-1.969449509787038],[134.1398721471819,-1.969377725901269],[134.1399673476151,-1.969530864257932]]],[[[134.1539191870209,-1.969532089134487],[134.1538953873623,-1.969717530239803],[134.1535681321637,-1.969873061692409],[134.1538537361611,-1.969191116576743],[134.1539191870209,-1.969532089134487]]],[[[134.7043915323434,-1.969237460440423],[134.7039074101989,-1.969504247023293],[134.7033660857763,-1.969159382199662],[134.7036884648509,-1.969016264089232],[134.7043915323434,-1.969237460440423]]],[[[134.7022184672086,-1.970705250247098],[134.6990661950489,-1.978343627656256],[134.7021855610149,-1.985682589280005],[134.6946822536831,-1.977409543215794],[134.7022184672086,-1.970705250247098]]],[[[134.1568543511474,-1.965628124038668],[134.1565616074323,-1.965642480815768],[134.156518766428,-1.96546302200076],[134.1566472876422,-1.96536970294934],[134.1568543511474,-1.965628124038668]]],[[[134.1559547233319,-1.965026801345784],[134.1561689256555,-1.965500573192871],[134.1560261241064,-1.96573028072782],[134.1554263536433,-1.964919126416456],[134.1559547233319,-1.965026801345784]]],[[[134.1523870327354,-1.962012888084244],[134.152094288121,-1.962005708796324],[134.1520228873465,-1.961919569032824],[134.1522442311864,-1.961776002160745],[134.1523870327354,-1.962012888084244]]],[[[134.1474816617493,-1.960742859195522],[134.1562521003542,-1.967269187123202],[134.1449935110418,-1.972242803162752],[134.1464820473088,-1.965008002817006],[134.1376045084415,-1.965085768093713],[134.1474816617493,-1.960742859195522]]],[[[134.1535732367156,-1.960019696351869],[134.1531733909393,-1.960369043396584],[134.1525783823865,-1.960168049415925],[134.15323527239,-1.959799559402045],[134.1535732367156,-1.960019696351869]]],[[[134.1531543513922,-1.959684706084255],[134.1528735057078,-1.959718204931152],[134.1526973833776,-1.959196576560698],[134.1531353100466,-1.959416712611153],[134.1531543513922,-1.959684706084255]]],[[[134.1635007259778,-1.960428299726205],[134.1628045652785,-1.959877958700742],[134.1628045652785,-1.958914862131136],[134.1630009178581,-1.959806174815062],[134.1635007259778,-1.960428299726205]]],[[[134.1367805477842,-1.958300674636407],[134.1362950199992,-1.958760089706304],[134.1358237734485,-1.958537560559906],[134.1362236192247,-1.958257605204297],[134.1367805477842,-1.958300674636407]]],[[[134.1556993896152,-1.958645517876237],[134.1553959349745,-1.9585617703094],[134.1552233820534,-1.957748222902092],[134.1558719434356,-1.957957591369633],[134.1556993896152,-1.958645517876237]]],[[[134.1375823437502,-1.958282499337807],[134.1372541613505,-1.957993805269867],[134.1373826825649,-1.957706669726969],[134.1378396496801,-1.958094301810556],[134.1375823437502,-1.958282499337807]]],[[[134.1540690950128,-1.957879826093103],[134.1538786923478,-1.957909735745636],[134.1537477897288,-1.9577542051924],[134.1541583473299,-1.957628583392326],[134.1540690950128,-1.957879826093103]]],[[[134.1537743817824,-1.95905401872796],[134.1526914649392,-1.958802776027271],[134.1515490471509,-1.955847682924164],[134.1527095907751,-1.95609817738889],[134.1537743817824,-1.95905401872796]]],[[[134.1543487356057,-1.956252265429706],[134.1541523830262,-1.956611183059545],[134.1534502724122,-1.956288155573896],[134.1541999832428,-1.955594247676354],[134.1543487356057,-1.956252265429706]]],[[[134.1564848278126,-1.955672146952006],[134.1562884752331,-1.955785804171464],[134.1563360754495,-1.955474742165533],[134.15645507734,-1.955516614600031],[134.1564848278126,-1.955672146952006]]],[[[134.14419827563,-1.95548252939515],[134.1454989920849,-1.957881283894094],[134.1422621413848,-1.957948281587887],[134.1424715853954,-1.955880913773081],[134.14419827563,-1.95548252939515]]],[[[134.1367258186417,-1.955292281413604],[134.1364330740272,-1.955184604685714],[134.1365972974275,-1.954947718762215],[134.1367400989765,-1.955041037813634],[134.1367258186417,-1.955292281413604]]],[[[134.1649236656947,-1.952608377974199],[134.1648760645788,-1.953966285016032],[134.163620595714,-1.953523618919808],[134.1637038972171,-1.952626323945664],[134.1649236656947,-1.952608377974199]]],[[[134.1525708280814,-1.948140065811346],[134.1523828284049,-1.948046065973122],[134.1523988282434,-1.947930066019657],[134.1526498281271,-1.947922065650756],[134.1525708280814,-1.948140065811346]]],[[[134.1398591258981,-1.948195538693101],[134.1402803917267,-1.948439603005239],[134.139959087342,-1.948855947743747],[134.1392879170038,-1.94823860902458],[134.1398591258981,-1.948195538693101]]],[[[134.1530080101116,-1.947601069733532],[134.1530377470945,-1.947932061615257],[134.1526367241056,-1.947720710142578],[134.152674804099,-1.947605855925508],[134.1530080101116,-1.947601069733532]]],[[[134.1408599319403,-1.947729339137608],[134.1406992788488,-1.947705410876013],[134.1408242306538,-1.94750800608954],[134.1409015822423,-1.947549880322688],[134.1408599319403,-1.947729339137608]]],[[[134.1401042702959,-1.947220871446012],[134.1397710642833,-1.947137123879086],[134.1401340198692,-1.94680811500241],[134.1403006228755,-1.947101231936246],[134.1401042702959,-1.947220871446012]]],[[[134.1532257827438,-1.945193527059599],[134.1527688156284,-1.945006889856041],[134.1527497760814,-1.944786752906305],[134.153311463853,-1.944892035638881],[134.1532257827438,-1.945193527059599]]],[[[134.1468582696935,-1.944029489569202],[134.1467345076915,-1.944067774608074],[134.1466869065755,-1.943948135997589],[134.1469058708094,-1.943881138303796],[134.1468582696935,-1.944029489569202]]],[[[134.1468201888007,-1.943641859284353],[134.1462394596833,-1.943345153156242],[134.1465107851446,-1.942737385022289],[134.1469011106977,-1.942809168008599],[134.1468201888007,-1.943641859284353]]],[[[134.1498432571607,-1.942065869344292],[134.1513502574084,-1.942853868810948],[134.1494762573235,-1.949438869408285],[134.1470362572176,-1.944982868964187],[134.1498432571607,-1.942065869344292]]],[[[134.153756008633,-1.942541375983689],[134.1529630089358,-1.942265375846366],[134.1523597670896,-1.941459500555512],[134.1537116279893,-1.94130636309813],[134.153756008633,-1.942541375983689]]],[[[134.1487039887981,-1.941086361046709],[134.1487218394413,-1.941702503667544],[134.1477876749613,-1.941463224648013],[134.1478709755652,-1.941170108613546],[134.1487039887981,-1.941086361046709]]],[[[134.1507865209812,-1.941002612580503],[134.1505782676729,-1.940906902231701],[134.1506020691303,-1.940703515155098],[134.1507865209812,-1.940763335359533],[134.1507865209812,-1.941002612580503]]],[[[134.1495132023724,-1.940308704682961],[134.1501677118705,-1.940494145788099],[134.1504354661239,-1.941774287553313],[134.1498166561139,-1.941690539986388],[134.1495132023724,-1.940308704682961]]],[[[134.1512089784117,-1.940619766688803],[134.1510840257073,-1.940242903087411],[134.1519229888549,-1.940165137810792],[134.1518099368792,-1.940428344192727],[134.1512089784117,-1.940619766688803]]],[[[134.1876238131885,-1.913615497157453],[134.1886377088632,-1.916343275821466],[134.1867598587805,-1.917585133447089],[134.1860315680024,-1.915912574305858],[134.1876238131885,-1.913615497157453]]],[[[134.1437599289776,-1.889740022084288],[134.1432602431657,-1.889744781296601],[134.1430572742738,-1.889518255563052],[134.1437461279814,-1.889354072632246],[134.1437599289776,-1.889740022084288]]],[[[134.1320303710049,-1.886944207908828],[134.1317733267776,-1.886972920563748],[134.1315805436072,-1.886893959188798],[134.1318447275522,-1.886585289379619],[134.1320303710049,-1.886944207908828]]],[[[134.1312663789403,-1.884338460051785],[134.1309879146607,-1.884324103274684],[134.1308236921597,-1.884087217351185],[134.1311735581133,-1.883936471191097],[134.1312663789403,-1.884338460051785]]],[[[134.1310021949955,-1.88170399774126],[134.131187838448,-1.882407478921946],[134.1309593539911,-1.882586937736955],[134.1303738647621,-1.8818044960806],[134.1310021949955,-1.88170399774126]]],[[[134.1343770880322,-1.880699983817083],[134.1409674108174,-1.89224280116427],[134.1368332858275,-1.897246123609689],[134.1327705634109,-1.8906204898437],[134.1343770880322,-1.880699983817083]]],[[[134.1532306633645,-1.822360291794014],[134.1528858183259,-1.82210826398517],[134.1532904251131,-1.821725417194189],[134.1534213268328,-1.821845056703955],[134.1532306633645,-1.822360291794014]]],[[[134.1431531411046,-1.813685999709127],[134.1413919142056,-1.812535309956578],[134.1413252726433,-1.807156313712868],[134.1418203206514,-1.810410511435892],[134.1431531411046,-1.813685999709127]]],[[[134.4217440921162,-1.804999597353499],[134.4247097747364,-1.808438186672914],[134.4248612007839,-1.810637370817927],[134.4198482780756,-1.808532245866415],[134.4217440921162,-1.804999597353499]]],[[[134.2111675157683,-1.809453933152463],[134.2064050623438,-1.809374970878144],[134.207063995607,-1.802666333284611],[134.2116530435532,-1.805785782887506],[134.2111675157683,-1.809453933152463]]],[[[134.1417060788725,-1.80096376916257],[134.1412300713108,-1.799470667037609],[134.1419631230997,-1.798235986001886],[134.1423915304448,-1.798503978575708],[134.1417060788725,-1.80096376916257]]],[[[134.1821481775963,-1.784047120378299],[134.1819577749315,-1.783819805039924],[134.1820351256206,-1.783419012277568],[134.1821719781543,-1.783628380745109],[134.1821481775963,-1.784047120378299]]],[[[134.2287299892977,-1.783212832805939],[134.2284324836722,-1.782949626424093],[134.2286228872365,-1.782303572351898],[134.2288013900721,-1.782895787610508],[134.2287299892977,-1.783212832805939]]],[[[134.2284622350441,-1.781932689242163],[134.228230181178,-1.781765194108401],[134.2283194325958,-1.781071284412208],[134.2286704883524,-1.781711356194096],[134.2284622350441,-1.781932689242163]]],[[[134.099602179597,-1.776178308781853],[134.0958845962972,-1.791878245884318],[134.1048927212222,-1.824038761279814],[134.0991919277654,-1.833199152219025],[134.1081408683065,-1.851786351059184],[134.101944837984,-1.861937205837341],[134.1103701698476,-1.868225458937703],[134.1213849817316,-1.862683757349506],[134.1215997713125,-1.886378605388275],[134.137258401654,-1.9419774408062],[134.1344880391918,-1.959980777291007],[134.1428491099985,-1.993300338040152],[134.1284141835678,-2.01843057511091],[134.1302842104481,-2.029635858008374],[134.1195538073625,-2.023113059919782],[134.1202129969323,-2.039145388249056],[134.109075354744,-2.038861162012909],[134.1019171163818,-2.051897646259329],[134.1124128701579,-2.096313493872584],[134.1050559193952,-2.098732397681927],[134.1153884003545,-2.110727593803377],[134.1177942801819,-2.164225005879208],[134.1249944952998,-2.164313547731991],[134.1240775501388,-2.153393352621061],[134.1356190598718,-2.153201550611053],[134.1417868415896,-2.161329839100715],[134.1368432287321,-2.16699458862937],[134.1441052479589,-2.169090198753645],[134.1441654144025,-2.206642988882804],[134.1329921824433,-2.213208594700847],[134.1251444248753,-2.203013177616045],[134.1251207772021,-2.209396942314948],[134.1426411300841,-2.222003593790747],[134.1341116846067,-2.22506713973665],[134.1354787530421,-2.237052295826716],[134.1557561620174,-2.242886635909505],[134.1483587516551,-2.247791832427096],[134.1579445578951,-2.252174319589153],[134.1484693322939,-2.25584290782386],[134.1547649526406,-2.260815200960733],[134.1600033974389,-2.309473638097861],[134.1717416797349,-2.319028343982835],[134.17414987082,-2.352292937269132],[134.1850960950088,-2.35546775813045],[134.1953941697052,-2.386106456048045],[134.2019747132624,-2.376448605119011],[134.1989597756732,-2.391606959693407],[134.2134949926998,-2.418859665141396],[134.2325080762868,-2.421512765002001],[134.2279180957436,-2.42703787319927],[134.2337572930647,-2.424874943423807],[134.2414643274168,-2.439954744016218],[134.2509512783788,-2.42762798044687],[134.2606023727015,-2.430825975038678],[134.2595982400668,-2.44851667300601],[134.2681571608243,-2.451636145991268],[134.2636861533933,-2.463278848340147],[134.2764019933574,-2.465586925995813],[134.2779224690468,-2.481155739245969],[134.2998991704104,-2.493747846885588],[134.2980051199404,-2.504169885931409],[134.312676184958,-2.506846364568085],[134.3093458119597,-2.51381207966366],[134.291038922808,-2.514636558330421],[134.2864356430904,-2.519671671810178],[134.3107626893466,-2.515658984974126],[134.3208038376271,-2.52659285067949],[134.3100356747067,-2.534053537340844],[134.321114444576,-2.537751220442422],[134.3196439379174,-2.54596035978272],[134.3265967225609,-2.542134186943182],[134.3392340409183,-2.551233245018183],[134.3324182149288,-2.565743350275332],[134.3411040381209,-2.577000491679351],[134.3200460670725,-2.578794542034382],[134.3192370504496,-2.587036994961325],[134.3354744925539,-2.586703870786947],[134.3428793618931,-2.605946244623494],[134.3602565786782,-2.618291215866877],[134.3490850095656,-2.623894846569799],[134.3579651573662,-2.639470797739099],[134.3680433442251,-2.647495622824694],[134.3754553856576,-2.643816883042652],[134.3662825633896,-2.66753772958255],[134.379645616652,-2.673833784301641],[134.3879118638416,-2.692341232162113],[134.3828150586682,-2.697147743373554],[134.3972824353361,-2.72141379670934],[134.4002755436815,-2.723528826793922],[134.403459262435,-2.717818121009399],[134.4085275141335,-2.718639034763617],[134.4024525325584,-2.73474695830547],[134.4097622374373,-2.749290224264358],[134.4057932963237,-2.767621592062744],[134.4216690598792,-2.77379867277048],[134.4262090713916,-2.797003176255577],[134.4300733161307,-2.789607811850983],[134.4397910349284,-2.807206305026869],[134.4514289304009,-2.807669803918225],[134.4546745144173,-2.811181889432548],[134.4535418911454,-2.814294223599559],[134.4488686297835,-2.809297355588461],[134.4466890427652,-2.810163479161146],[134.4490209146835,-2.84288582711916],[134.4429675663002,-2.845779251910921],[134.4590527226052,-2.863149317287109],[134.4717185944377,-2.865998722063326],[134.4787903512937,-2.857813376086396],[134.4865473942469,-2.861944121424001],[134.4961342428011,-2.859806174815008],[134.4959415063954,-2.855551698052386],[134.4906353075735,-2.85100692732774],[134.5142857228079,-2.833448694101895],[134.5242223518801,-2.792455340641434],[134.5147768515706,-2.780226291110369],[134.5162235639664,-2.768643074418334],[134.5063916312688,-2.761923476786945],[134.5122831763277,-2.735283031586613],[134.4972449828697,-2.712744775550904],[134.4973782327193,-2.660053992397751],[134.4747162461579,-2.641265768100689],[134.4757061020551,-2.601395518588292],[134.4613722288453,-2.591106730291306],[134.460810675972,-2.54939953725877],[134.5133015856997,-2.483926288767149],[134.5526759256535,-2.493947808444544],[134.54613131271,-2.48480856056659],[134.5689644348608,-2.48502519915357],[134.5713159677578,-2.478749979028263],[134.5582380085773,-2.475271681043159],[134.5122668230555,-2.473767861697398],[134.5185010107132,-2.463231608751729],[134.5510615553466,-2.47266379190039],[134.5339389537198,-2.459595791812299],[134.5329681337724,-2.449240378140852],[134.5673516806356,-2.455906261964349],[134.5742330815915,-2.462749591920124],[134.5713206217494,-2.474332807712878],[134.6028722754352,-2.488628609023083],[134.6185671997166,-2.488466805698478],[134.6311593073563,-2.47439943308734],[134.6276983815751,-2.492790287441762],[134.6414897369619,-2.50626755370458],[134.6507410817357,-2.531927661432379],[134.6613423736517,-2.61233758071471],[134.6540731202784,-2.678879207609233],[134.6614293282011,-2.756301106011152],[134.6374816906277,-2.757637254855341],[134.6210654030461,-2.790393482972833],[134.5867016529589,-2.795303295710452],[134.5852578849436,-2.802683416606369],[134.6088533605941,-2.906267850580749],[134.6037382191436,-2.924433106402693],[134.6205848026466,-2.963361087644037],[134.6113499757209,-2.964388735751536],[134.6139794189152,-2.992371475762903],[134.6216922044317,-2.997723200964922],[134.6313524115846,-3.051430093024335],[134.6276022647328,-3.076416748833813],[134.6169803513621,-3.083555131963747],[134.633197434614,-3.114661129307608],[134.6145675557482,-3.11410147040643],[134.608837814014,-3.127660431983317],[134.6146056276477,-3.137482847155651],[134.642967896851,-3.143391591748548],[134.6470170350083,-3.166774462271585],[134.67036032367,-3.170236026571319],[134.6713625542385,-3.191100521971427],[134.6822228751857,-3.20296016687818],[134.6824563877522,-3.257696839337568],[134.6937015259048,-3.291159357218534],[134.7148612984103,-3.303832241964313],[134.6938694248341,-3.308217252624049],[134.6809061436037,-3.295564776193396],[134.6547803876049,-3.314414649916111],[134.6313927030109,-3.312250633759708],[134.6241388891984,-3.318888888611296],[134.5863913742626,-3.304346242285197],[134.6024531050268,-3.321626520247703],[134.6245167591412,-3.372885749977319],[134.6146443110862,-3.389607051624102],[134.6199338760477,-3.402628566654966],[134.5962471992489,-3.400360973779895],[134.5907056847196,-3.409676894373151],[134.5879273371769,-3.425394354765634],[134.5978892030244,-3.432248118655748],[134.6055908954036,-3.46270875980135],[134.6009901041101,-3.473675248413935],[134.5847866159097,-3.481277144824338],[134.5763559510664,-3.47527788256812],[134.5511205436782,-3.479214322183191],[134.5411303410924,-3.491811668373737],[134.5331691178606,-3.479557861406127],[134.5020299112515,-3.49913313818371],[134.4670549720095,-3.483818867246915],[134.4583678807732,-3.491483192795],[134.4467792870346,-3.479903178588797],[134.4353287149484,-3.48709897084081],[134.3930643190631,-3.461592913382175],[134.3730172048801,-3.472794544132876],[134.3449169522556,-3.470142193407424],[134.2898066528548,-3.387375378570814],[134.2529618063423,-3.363427785963482],[134.246725740001,-3.353328286071447],[134.2595037186218,-3.343772168250927],[134.260886977552,-3.325042332437603],[134.2314925852147,-3.300195296375799],[134.2290516480152,-3.279016825166339],[134.2089997962037,-3.257117824328118],[134.2230990362915,-3.241955108041752],[134.1975383198377,-3.177546203594408],[134.1968941336574,-3.145452374727212],[134.2076935830925,-3.136351269795215],[134.1972936826573,-3.108552729824579],[134.2038069443351,-3.07774861060979],[134.2227464283051,-3.087525245793435],[134.2309089306027,-3.120418914601222],[134.2561148150467,-3.118394338328015],[134.2627535123648,-3.128483253199546],[134.2731279610866,-3.114658584226218],[134.2883803074053,-3.111351134047505],[134.2833434627307,-3.065426583769762],[134.3129685779375,-3.052458458790833],[134.3116360803409,-3.040313690124632],[134.3348976907758,-3.011265230106266],[134.3318900520843,-2.988003618771964],[134.3506973123311,-2.97304156821381],[134.3598344423058,-2.952863739370029],[134.3247685411353,-2.909947681240491],[134.3299319716832,-2.885772356908747],[134.3171304721936,-2.86649872263787],[134.3238005774348,-2.850340278780797],[134.3080900148423,-2.797684491845745],[134.3144324682838,-2.769179738554042],[134.2895052342793,-2.746536787942391],[134.2741719876471,-2.745052003646967],[134.2584104379914,-2.708417823323808],[134.2590671688149,-2.688772992979141],[134.2668622827682,-2.681920144598918],[134.2475600959217,-2.646999174572231],[134.2620367356069,-2.609222851653195],[134.2458754373016,-2.607937942581964],[134.2253073764343,-2.578897858849041],[134.2020990661191,-2.579263344227892],[134.1900478539254,-2.569956860220904],[134.1778975040666,-2.535939957962599],[134.1696778939197,-2.536206457661796],[134.1656118709911,-2.507759526281086],[134.1585305948111,-2.499794994443397],[134.1399669923828,-2.500586878081881],[134.1236572151085,-2.483972530108128],[134.1185427148745,-2.441493970570255],[134.107106074186,-2.433468524952412],[134.1006567830841,-2.392431388897423],[134.1047110266926,-2.309208685232614],[134.0895298743043,-2.265062556891431],[134.0921814003514,-2.2224044593983],[134.0806226910844,-2.217321704333111],[134.0769881520817,-2.195852375286814],[134.0837405641758,-2.112478577424406],[134.0693003218525,-2.093221485283239],[134.0663011745596,-2.057668340421495],[134.0558645566041,-2.037614906702492],[134.0636171389199,-2.024434885261675],[134.0543067869287,-1.888950632265887],[134.0425178719023,-1.887952919891303],[134.0325590916289,-1.85398283903673],[134.0083986222986,-1.838412538307901],[134.0402794359472,-1.831610492630078],[134.0522609686688,-1.813399774280169],[134.0782833449005,-1.802287856299481],[134.0958398289451,-1.771451759890732],[134.1019078902371,-1.765962962720449],[134.099602179597,-1.776178308781853]]],[[[134.2007991779398,-1.75697006421707],[134.2007444505959,-1.756939131135907],[134.2007777632832,-1.756827295942889],[134.2008348702332,-1.756893921317351],[134.2007991779398,-1.75697006421707]]],[[[134.2231290205879,-1.734830744743013],[134.2395631776985,-1.746914352315423],[134.2381886682726,-1.758466670100647],[134.2209333977582,-1.79249218066955],[134.2087622276947,-1.800053111162095],[134.2060555156497,-1.780469626272188],[134.1956812027254,-1.793891964642372],[134.1970021242487,-1.834665134388372],[134.2053917548257,-1.810318481112974],[134.2157330167654,-1.830441857805434],[134.1911591317886,-1.904199615120097],[134.1898739115517,-1.881145087975325],[134.1820673896983,-1.911270306279603],[134.1727614443852,-1.912741872339454],[134.1662163422105,-1.950918809955018],[134.1538044479169,-1.908853589621431],[134.1389768163271,-1.914249329442955],[134.1346987368573,-1.906842538252443],[134.1493954667275,-1.901889463627773],[134.1410117860651,-1.896649256158225],[134.1486264870228,-1.886761491749381],[134.1481280971341,-1.827342083570274],[134.1706908498029,-1.81461243271748],[134.1665019848788,-1.814074055373263],[134.1665317353513,-1.810478885991776],[134.2016372849329,-1.75876465956131],[134.2030355562459,-1.73751067317898],[134.2205347795565,-1.743020081011862],[134.2231290205879,-1.734830744743013]]],[[[134.2141590637898,-1.731356526982067],[134.2135462045937,-1.736369429905229],[134.2113208699623,-1.737057358210484],[134.209577492807,-1.733659590917361],[134.2141590637898,-1.731356526982067]]]]}},{"type":"Feature","properties":{"kode":"92.08","nama":"Kabupaten Kaimana","lat":-3.5853265959023273,"lng":134.05625008335622},"geometry":{"type":"MultiPolygon","coordinates":[[[[133.5065057887113,-4.32323782096862],[133.5068674672599,-4.326045585335494],[133.503441043969,-4.330794988697731],[133.5035267043939,-4.325541139411973],[133.5065057887113,-4.32323782096862]]],[[[134.6649366805835,-4.131763319721385],[134.6603490220898,-4.129083438949513],[134.6610025063607,-4.125295989118596],[134.6701672581125,-4.127739963328628],[134.6649366805835,-4.131763319721385]]],[[[134.6676160838153,-4.123124913284107],[134.6710503096243,-4.124410738764508],[134.6642092846308,-4.1249736082454],[134.664615569553,-4.123474290905696],[134.6676160838153,-4.123124913284107]]],[[[132.971347313228,-4.11610945578669],[132.9763061102389,-4.118222418329845],[132.9779336610097,-4.12451371203815],[132.9717089908773,-4.122096179694859],[132.971347313228,-4.11610945578669]]],[[[132.9795136232551,-4.112635443071236],[132.9789330353313,-4.111683659073575],[132.9794279628303,-4.110722355752008],[132.9800466217542,-4.11148378384947],[132.9795136232551,-4.112635443071236]]],[[[133.0563102059512,-4.098683362647007],[133.0565743260444,-4.099325817632307],[133.0559247340393,-4.099768397393591],[133.0556391983904,-4.099211603732458],[133.0563102059512,-4.098683362647007]]],[[[133.0556391983904,-4.098504903878178],[133.0551752030732,-4.098269337260055],[133.0552251721041,-4.097484114899943],[133.0556748897844,-4.097791065205472],[133.0556391983904,-4.098504903878178]]],[[[133.0549967443044,-4.097362762181669],[133.0548611148486,-4.097512668374906],[133.0547397621304,-4.097255687100246],[133.0547897311612,-4.097205718069377],[133.0549967443044,-4.097362762181669]]],[[[134.6486760170846,-4.096614250147448],[134.6486824472372,-4.100605612259114],[134.6482190832442,-4.102122934026101],[134.6467561938433,-4.096964794189864],[134.6486760170846,-4.096614250147448]]],[[[134.6449897472791,-4.095005396281939],[134.6447637053808,-4.094790103080717],[134.6451381003431,-4.094320203714366],[134.6452108932682,-4.094715775012927],[134.6449897472791,-4.095005396281939]]],[[[134.6484628327936,-4.093296612448663],[134.6481916809014,-4.093203248431079],[134.6482197451452,-4.092894905075786],[134.6484415521359,-4.092926150221635],[134.6484628327936,-4.093296612448663]]],[[[133.3343358817956,-4.095660815893856],[133.3459187243696,-4.106547444708822],[133.3626415764477,-4.107689587304522],[133.3710172792242,-4.136186011974788],[133.3937839621602,-4.134368102605793],[133.3928607307382,-4.14256296700726],[133.4258805051813,-4.157619788122682],[133.4533353188699,-4.184675946737551],[133.554190565842,-4.217937153177045],[133.5741018958859,-4.248708342815702],[133.6131345744011,-4.273350041171378],[133.6391253799324,-4.308315215574668],[133.6311626341483,-4.31425944831483],[133.6145170410286,-4.287826681755893],[133.575421820061,-4.266986093033756],[133.5483680248645,-4.234045628902619],[133.5213944545905,-4.234826092050506],[133.5021684097445,-4.250616195181214],[133.4878059839592,-4.244229721724293],[133.4595570230382,-4.251310997904126],[133.453694030555,-4.236548821670707],[133.4200008626497,-4.206139309681392],[133.3849847146729,-4.202741439865479],[133.3805874714348,-4.186998926159438],[133.3629128353591,-4.177357350261415],[133.3318085197475,-4.181963986248929],[133.3484647473502,-4.168981646585637],[133.3408124007717,-4.150907260961281],[133.3228807834215,-4.147319034345889],[133.3298288088525,-4.129349344196845],[133.3186167882343,-4.098111779634886],[133.3343358817956,-4.095660815893856]]],[[[133.0381081948374,-4.077491870153674],[133.0399142061757,-4.081182414436826],[133.0348530923964,-4.081089615193514],[133.0365805812289,-4.077134950817277],[133.0381081948374,-4.077491870153674]]],[[[133.0417273554332,-4.076770892662543],[133.0414061283902,-4.076720925430324],[133.0414275430468,-4.076306898244722],[133.0417487700897,-4.076371144012983],[133.0417273554332,-4.076770892662543]]],[[[134.6169100819348,-4.071621914219905],[134.6054077880391,-4.080764111874194],[134.5975085730622,-4.079557897978583],[134.6003096473723,-4.074697465215829],[134.6169100819348,-4.071621914219905]]],[[[134.7005261400694,-4.067944266214843],[134.7001765502077,-4.067916136320607],[134.7001029766711,-4.067561224271079],[134.7005646913075,-4.067624904365788],[134.7005261400694,-4.067944266214843]]],[[[134.7000887466984,-4.067208839316441],[134.6995955881659,-4.067443572263032],[134.699374872952,-4.067029039658435],[134.69995337265,-4.066897020081297],[134.7000887466984,-4.067208839316441]]],[[[134.7222605388928,-4.057077516913823],[134.7227961966872,-4.057219581018748],[134.7217895729305,-4.057496896864235],[134.7217422416112,-4.057171922346273],[134.7222605388928,-4.057077516913823]]],[[[134.7197432042855,-4.057427731804333],[134.7195169231676,-4.057378049657226],[134.7196112512583,-4.056976109359914],[134.7198374667257,-4.057191300937715],[134.7197432042855,-4.057427731804333]]],[[[133.3566365522352,-4.055765508571321],[133.3588655390135,-4.05712519087478],[133.3588209587203,-4.061349121264859],[133.3519891140064,-4.05652336366227],[133.3566365522352,-4.055765508571321]]],[[[133.3366276160717,-4.053541879054448],[133.3365562332837,-4.053563293710985],[133.3364991254344,-4.053499047942635],[133.3366490316275,-4.053441940992711],[133.3366276160717,-4.053541879054448]]],[[[134.2964127047826,-4.047271078197648],[134.2960605446584,-4.047547096321383],[134.2958178401214,-4.047475711734608],[134.2961747585583,-4.047075963085225],[134.2964127047826,-4.047271078197648]]],[[[132.9156804180168,-4.047234172718886],[132.9154008313833,-4.047150891900111],[132.9154424717927,-4.046906996660551],[132.9156744690016,-4.046972432231913],[132.9156804180168,-4.047234172718886]]],[[[134.452502442134,-4.047712861159594],[134.4524190399069,-4.047551505697358],[134.4526681862878,-4.046581515824224],[134.4527211689469,-4.046819364921708],[134.452502442134,-4.047712861159594]]],[[[134.2908126425895,-4.044594184973585],[134.2905699380523,-4.044460935124031],[134.2907602948518,-4.044261059899926],[134.2908697504387,-4.044299131799425],[134.2908126425895,-4.044594184973585]]],[[[134.2485997868507,-4.043203577682933],[134.2484838687356,-4.043076111373425],[134.2485578856379,-4.042787012610541],[134.2486498898806,-4.042862098806735],[134.2485997868507,-4.043203577682933]]],[[[134.2552352016434,-4.042894380870868],[134.2551388329909,-4.042872966214331],[134.2550817260409,-4.042676660399527],[134.2551816641026,-4.042708783283702],[134.2552352016434,-4.042894380870868]]],[[[134.246972538252,-4.042725157240204],[134.2469171418127,-4.042690666441009],[134.2470978335982,-4.042353080730068],[134.2470736517278,-4.042591276965782],[134.246972538252,-4.042725157240204]]],[[[134.2543429042018,-4.042601707302909],[134.2541358910586,-4.042476785175422],[134.2541858591901,-4.042326878982275],[134.2544606866115,-4.042394694159748],[134.2543429042018,-4.042601707302909]]],[[[134.2493990656144,-4.042434942418607],[134.2490914210323,-4.042391253353619],[134.2491738798707,-4.0421205619144],[134.2494306848782,-4.042277885715764],[134.2493990656144,-4.042434942418607]]],[[[134.2429335201659,-4.042050023589708],[134.242831554133,-4.042023560139077],[134.2429287690475,-4.041897937439812],[134.2429983334064,-4.04195380692263],[134.2429335201659,-4.042050023589708]]],[[[134.2362286309466,-4.04204231370178],[134.2363526042893,-4.041327772658557],[134.2364519272148,-4.04123293015555],[134.2366412668811,-4.041582773626009],[134.2362286309466,-4.04204231370178]]],[[[134.2412560327398,-4.040879846427783],[134.2412176595674,-4.040723195319165],[134.2413877942114,-4.040630423954797],[134.2413961803895,-4.040708744113244],[134.2412560327398,-4.040879846427783]]],[[[134.2345131642513,-4.038590924331656],[134.2344228687205,-4.037943395371338],[134.2351579565745,-4.037765075997404],[134.235064597953,-4.038139297390655],[134.2345131642513,-4.038590924331656]]],[[[134.2339113963938,-4.037105844159308],[134.2335294660121,-4.036387278649991],[134.2337531678745,-4.036020257229003],[134.234045907093,-4.036431641307184],[134.2339113963938,-4.037105844159308]]],[[[133.3484412435686,-4.033787197421182],[133.345947569225,-4.036014372065535],[133.3448149450537,-4.035624140941321],[133.3447292846289,-4.034443928244594],[133.3484412435686,-4.033787197421182]]],[[[134.4864647933156,-4.031514260774463],[134.4886949033472,-4.034203334416267],[134.481879651125,-4.032556032734716],[134.4829934785663,-4.031519628827754],[134.4864647933156,-4.031514260774463]]],[[[134.492863638746,-4.030096621661697],[134.4926245027188,-4.030068068186734],[134.4925781039964,-4.029911024074442],[134.4928743469737,-4.029950284877673],[134.492863638746,-4.030096621661697]]],[[[134.2313228022056,-4.030015982151783],[134.2311006588683,-4.029962843010784],[134.2310137555804,-4.029514953652116],[134.2313242069466,-4.029614871928702],[134.2313228022056,-4.030015982151783]]],[[[134.3622752320164,-4.029014479134821],[134.3620775772185,-4.029054751675412],[134.3620081621471,-4.028911368264934],[134.3621802411253,-4.02880492810487],[134.3622752320164,-4.029014479134821]]],[[[134.3617260547138,-4.029308052924277],[134.3608478316621,-4.029197105362028],[134.360815256419,-4.028737699285292],[134.3617813468317,-4.02880093331637],[134.3617260547138,-4.029308052924277]]],[[[134.3626904040389,-4.028459763807016],[134.3635470100865,-4.028402656857091],[134.3637754378862,-4.028598961772614],[134.363268613256,-4.028988003993186],[134.3626904040389,-4.028459763807016]]],[[[134.363478611249,-4.027525777392674],[134.3633175741468,-4.027544014744391],[134.36336533804,-4.027297829830959],[134.3634897205742,-4.027360401061644],[134.363478611249,-4.027525777392674]]],[[[134.2109970159995,-4.027161950363636],[134.2106992477721,-4.027068641204748],[134.2106218799959,-4.026972741099113],[134.211016389195,-4.026941047191526],[134.2109970159995,-4.027161950363636]]],[[[134.3658597929951,-4.026709345859539],[134.365351042017,-4.026789794713162],[134.3647692885719,-4.026623965123902],[134.3658015439062,-4.026316066033589],[134.3658597929951,-4.026709345859539]]],[[[134.2097624878486,-4.026238888913516],[134.2096822611275,-4.026230886745966],[134.2097024140353,-4.026135480368056],[134.2097648593608,-4.026162290956917],[134.2097624878486,-4.026238888913516]]],[[[134.2095652908056,-4.026140295338346],[134.2095153352645,-4.026118455302433],[134.2095535249752,-4.026065988854269],[134.2095991916494,-4.026107310004326],[134.2095652908056,-4.026140295338346]]],[[[134.2051044133381,-4.02550259686725],[134.2050114477201,-4.025458632609771],[134.2051364732697,-4.025381863781943],[134.2051537699306,-4.025471980347531],[134.2051044133381,-4.02550259686725]]],[[[134.210115952889,-4.025564961253883],[134.210571749087,-4.026190149255873],[134.2101171471886,-4.027400234733028],[134.2101859273388,-4.026312275391122],[134.209683228798,-4.025909601247049],[134.210115952889,-4.025564961253883]]],[[[134.3662906303084,-4.025675743340853],[134.366140681847,-4.025554342059204],[134.3663274629421,-4.025363383613259],[134.3663785804072,-4.025521453851935],[134.3662906303084,-4.025675743340853]]],[[[134.3652786609815,-4.025742348030883],[134.3648140361389,-4.025550889561893],[134.3655644871114,-4.025250116699455],[134.3656374581022,-4.025536824165046],[134.3652786609815,-4.025742348030883]]],[[[134.3660930888252,-4.025569004605847],[134.3658443642261,-4.025403434920507],[134.3658994512987,-4.025157246409686],[134.3659982400268,-4.025186724387789],[134.3660930888252,-4.025569004605847]]],[[[134.2311133411079,-4.025348807401466],[134.2309723957595,-4.025220879739758],[134.2311916180987,-4.024976399940863],[134.2312340004488,-4.025016731836642],[134.2311133411079,-4.025348807401466]]],[[[134.2306331463027,-4.025123476866879],[134.2304198379053,-4.025025531702811],[134.2304712908175,-4.024854202759245],[134.2306152821696,-4.024885385851798],[134.2306331463027,-4.025123476866879]]],[[[134.3661813689751,-4.024988408588095],[134.3660679024118,-4.025021402915366],[134.3659435927227,-4.024863276019344],[134.3661705699158,-4.024764232783065],[134.3661813689751,-4.024988408588095]]],[[[134.1919018297058,-4.025234516159928],[134.1918096446995,-4.024830683689087],[134.1922948514264,-4.024095005879749],[134.1923556411,-4.024182305768756],[134.1919018297058,-4.025234516159928]]],[[[134.3536499673721,-4.023781725246314],[134.3604557946992,-4.033285472846229],[134.3437131377511,-4.034032927277734],[134.3390386443181,-4.026381355015454],[134.3536499673721,-4.023781725246314]]],[[[134.3587060215658,-4.023424329269323],[134.3585959679297,-4.023758674723046],[134.3584605570092,-4.023769586197348],[134.358394923587,-4.023457157221946],[134.3587060215658,-4.023424329269323]]],[[[134.1864611021982,-4.0231886817123],[134.1862098487056,-4.023728547434471],[134.1855907068457,-4.023404207837869],[134.1859733377994,-4.023011887588515],[134.1864611021982,-4.0231886817123]]],[[[134.1930474238996,-4.022999047068312],[134.192897812684,-4.022952203181587],[134.1928531478545,-4.022809503255933],[134.193061920971,-4.022876795927369],[134.1930474238996,-4.022999047068312]]],[[[134.375002723597,-4.022779178116556],[134.3748709621252,-4.022801132366352],[134.3748674295882,-4.022635744344052],[134.3749881752641,-4.022661564779353],[134.375002723597,-4.022779178116556]]],[[[134.3747940808822,-4.022841492141074],[134.3745635243873,-4.022841314974615],[134.3745673096337,-4.02267226041644],[134.3747247323606,-4.022598879334785],[134.3747940808822,-4.022841492141074]]],[[[134.193331036798,-4.022633798211197],[134.1932177491998,-4.022619674358443],[134.1931147183697,-4.022499847789687],[134.1934203277859,-4.022546847259159],[134.193331036798,-4.022633798211197]]],[[[134.1819108042402,-4.021931488847111],[134.1818815708778,-4.021852207313506],[134.1820191581577,-4.021806681832876],[134.1820187129932,-4.021873477179197],[134.1819108042402,-4.021931488847111]]],[[[134.3770746311893,-4.022023708027669],[134.3768953603326,-4.021961087334239],[134.3770089384118,-4.021792116412984],[134.377089397158,-4.021854660664006],[134.3770746311893,-4.022023708027669]]],[[[134.1818108158166,-4.021580051777887],[134.1816838810064,-4.021503693940323],[134.1818075953444,-4.02142268570829],[134.181851884257,-4.021479331306102],[134.1818108158166,-4.021580051777887]]],[[[134.3712161802825,-4.021280503792182],[134.3707441063555,-4.021265439248525],[134.3707846927595,-4.02083548956618],[134.3712311198205,-4.020887289616651],[134.3712161802825,-4.021280503792182]]],[[[134.4609577735824,-4.020136733423454],[134.4602582116472,-4.020065349736049],[134.4600226459285,-4.01975839943052],[134.4607436216208,-4.019433602978298],[134.4609577735824,-4.020136733423454]]],[[[134.1747348492339,-4.020153182023714],[134.1746316637203,-4.019536162563744],[134.1748059082661,-4.019324158183293],[134.1749270676302,-4.019677507211197],[134.1747348492339,-4.020153182023714]]],[[[134.1680003983997,-4.017950843956244],[134.167866330167,-4.017582629135033],[134.1682266606319,-4.017438442629986],[134.1682531753438,-4.017559459901124],[134.1680003983997,-4.017950843956244]]],[[[134.2302130280089,-4.017801446779304],[134.2299840408309,-4.017538949962487],[134.2299729189151,-4.017371948556539],[134.2302095278475,-4.017518403151746],[134.2302130280089,-4.017801446779304]]],[[[134.1696600423772,-4.017832182009576],[134.169029662589,-4.018504654566149],[134.1688140753094,-4.018491055917453],[134.1691867498687,-4.017426685792882],[134.1696600423772,-4.017832182009576]]],[[[134.4610101222195,-4.018797097008322],[134.4616275922397,-4.019350322159612],[134.4586766782861,-4.017822453143685],[134.4604568970682,-4.017070797978908],[134.4610101222195,-4.018797097008322]]],[[[134.44222813562,-4.017111301645196],[134.4420903648785,-4.01692124072264],[134.4422893470757,-4.016580181829868],[134.4423787900491,-4.016859959119737],[134.44222813562,-4.017111301645196]]],[[[134.3303095349571,-4.01626015807979],[134.330133454895,-4.016198291917553],[134.3299811690958,-4.015898480430538],[134.3302762222699,-4.01604124780526],[134.3303095349571,-4.01626015807979]]],[[[134.2563204486298,-4.01596618858864],[134.2561925533437,-4.015909676989951],[134.2561806562123,-4.015793677935855],[134.2563591149813,-4.015775831789162],[134.2563204486298,-4.01596618858864]]],[[[134.2295822453244,-4.016286378713366],[134.2293699216846,-4.016197970859617],[134.229306443038,-4.015766468048001],[134.2296568611753,-4.015918366239626],[134.2295822453244,-4.016286378713366]]],[[[134.1949730999287,-4.015925798236955],[134.1946586879482,-4.01585496493462],[134.1948680357314,-4.015335146000146],[134.1950352223976,-4.015471452645405],[134.1949730999287,-4.015925798236955]]],[[[133.470600940581,-4.015322221843023],[133.4753057357711,-4.021642676068618],[133.4622657450682,-4.024825419057779],[133.4611008990873,-4.01733225158212],[133.470600940581,-4.015322221843023]]],[[[134.1945617356356,-4.015084033701191],[134.1943176128676,-4.014948880886118],[134.1943984169534,-4.014742295820264],[134.194616975593,-4.014795250600292],[134.1945617356356,-4.015084033701191]]],[[[134.2292947158786,-4.015073185179288],[134.2291800370291,-4.014735866566957],[134.2296591733323,-4.014307691246957],[134.2297108285919,-4.014570771723738],[134.2292947158786,-4.015073185179288]]],[[[134.4531136429803,-4.014693477921652],[134.4528043130687,-4.014443634566048],[134.4532028719151,-4.014205689241093],[134.4532683083858,-4.014479326859346],[134.4531136429803,-4.014693477921652]]],[[[134.4565381633057,-4.01482958401809],[134.4587046660876,-4.014720320886036],[134.4594648998852,-4.016804535700727],[134.4544382876969,-4.014799839840657],[134.4565381633057,-4.01482958401809]]],[[[134.1939593481454,-4.014137212162508],[134.1940474376392,-4.014602740823728],[134.1936718420819,-4.014645302138911],[134.1934115252218,-4.014205354693326],[134.1939593481454,-4.014137212162508]]],[[[134.1594249436064,-4.014028683776674],[134.1594605432695,-4.014521875583979],[134.1587138937313,-4.014676370118389],[134.1591048622996,-4.013733683662471],[134.1594249436064,-4.014028683776674]]],[[[134.2036553384233,-4.013758615567633],[134.2033944648828,-4.013644580632805],[134.2035058908842,-4.013254670566527],[134.2037034503541,-4.013553183432597],[134.2036553384233,-4.013758615567633]]],[[[134.1919837930177,-4.01255981658222],[134.1917783995535,-4.012107233661835],[134.1922352191801,-4.011669182886449],[134.1923504673003,-4.012170544135232],[134.1919837930177,-4.01255981658222]]],[[[134.1652717096217,-4.011390805840945],[134.1651458450048,-4.011133827264215],[134.1652572916907,-4.011014363122259],[134.1654178026895,-4.01114542222343],[134.1652717096217,-4.011390805840945]]],[[[134.191266957804,-4.011253483861113],[134.191036984969,-4.011056461286591],[134.1911585706116,-4.010462877259949],[134.1914080920099,-4.010840874007096],[134.191266957804,-4.011253483861113]]],[[[134.1833877347563,-4.009798090309571],[134.1832144569817,-4.009748027749252],[134.1832276347476,-4.009676297822898],[134.1833747647337,-4.009660732356826],[134.1833877347563,-4.009798090309571]]],[[[134.248687565179,-4.010026960575688],[134.2483743142232,-4.009861381897187],[134.2485318367749,-4.009582446372731],[134.2488355998831,-4.009642736922705],[134.248687565179,-4.010026960575688]]],[[[134.3273034565893,-4.009732700603566],[134.3270948759279,-4.009721511238665],[134.3272231273455,-4.009508451054058],[134.3273292050789,-4.009574702310628],[134.3273034565893,-4.009732700603566]]],[[[134.3268232455965,-4.009834174707352],[134.3265142934,-4.009807061946338],[134.3266937567116,-4.009447050740691],[134.3268786069622,-4.009661210796159],[134.3268232455965,-4.009834174707352]]],[[[134.3263791666652,-4.009559842812463],[134.3259038767626,-4.009416076290842],[134.3259367388895,-4.009151582079864],[134.3262550710148,-4.009166509027098],[134.3263791666652,-4.009559842812463]]],[[[134.1871876473921,-4.009638315855549],[134.1868727929451,-4.009297611295695],[134.1870193113922,-4.009008213957868],[134.1873290873675,-4.009245137652931],[134.1871876473921,-4.009638315855549]]],[[[134.1626835219271,-4.008807490673119],[134.1628598403095,-4.008965884667839],[134.1626325609439,-4.009086451378588],[134.1624917630845,-4.008828752444929],[134.1626835219271,-4.008807490673119]]],[[[134.166562198087,-4.008850394629951],[134.1664331318835,-4.00874752927505],[134.1666622161883,-4.008560439712452],[134.1666729990598,-4.008631017607359],[134.166562198087,-4.008850394629951]]],[[[134.3297988576312,-4.008997584870569],[134.3292901687064,-4.008927293859513],[134.329086628745,-4.008434522035545],[134.329635720612,-4.008269562090552],[134.3297988576312,-4.008997584870569]]],[[[134.3278777627485,-4.008807689423291],[134.3273046580836,-4.008759994777902],[134.3268413561437,-4.007736890045413],[134.3278597313416,-4.008353037162829],[134.3278777627485,-4.008807689423291]]],[[[134.3267275613279,-4.007748938262859],[134.3261408481217,-4.007384891799306],[134.3261262287425,-4.007008971586748],[134.3266284731257,-4.007072366596345],[134.3267275613279,-4.007748938262859]]],[[[134.247609585614,-4.007599488925242],[134.2475660961984,-4.007077525107652],[134.2480549343879,-4.006929102795789],[134.2480213474073,-4.007291359608514],[134.247609585614,-4.007599488925242]]],[[[134.248274611784,-4.007102520864583],[134.2481592539465,-4.006889568598629],[134.2484433740625,-4.006856441171783],[134.2484635692385,-4.006965140428845],[134.248274611784,-4.007102520864583]]],[[[134.2273700731704,-4.006824259831701],[134.227734912836,-4.007528723072065],[134.2264652283877,-4.007431009033782],[134.2266324069602,-4.006956639137529],[134.2273700731704,-4.006824259831701]]],[[[134.2285542635685,-4.006316811071978],[134.2284720889158,-4.006188424755999],[134.2286213457985,-4.006104410090375],[134.2286753563826,-4.006219943295688],[134.2285542635685,-4.006316811071978]]],[[[134.2268085140017,-4.006194973619051],[134.2267207320762,-4.006137294700343],[134.2267626962415,-4.006016950122129],[134.22682210006,-4.006037756836969],[134.2268085140017,-4.006194973619051]]],[[[134.2446776041882,-4.00631182972713],[134.2444676826375,-4.005960674145717],[134.2447981277314,-4.005810969400672],[134.2448774668217,-4.005961613937339],[134.2446776041882,-4.00631182972713]]],[[[134.2271908014144,-4.004797088115078],[134.2269076111973,-4.004358710885716],[134.2273595259215,-4.003941662877322],[134.2273879939609,-4.004264227212298],[134.2271908014144,-4.004797088115078]]],[[[134.4242236542983,-4.004502138362989],[134.4240880913924,-4.004153303032501],[134.4245557721312,-4.003914158911284],[134.4245776310529,-4.004252995579252],[134.4242236542983,-4.004502138362989]]],[[[134.1799488342714,-4.004134708649845],[134.1797009496391,-4.004082383395227],[134.1796238426663,-4.003939642100798],[134.1798512929029,-4.003905686398282],[134.1799488342714,-4.004134708649845]]],[[[134.2280583081445,-4.003696433943185],[134.2273401032632,-4.003683813756956],[134.2276633241032,-4.00283521077627],[134.2279499901999,-4.002937702013279],[134.2280583081445,-4.003696433943185]]],[[[134.1410995509036,-4.001829021392192],[134.1408666166011,-4.00179292800116],[134.1408325871542,-4.001628736077192],[134.1411643929224,-4.001633237184057],[134.1410995509036,-4.001829021392192]]],[[[134.1797750088097,-4.001857226829467],[134.1794860602336,-4.001805401597982],[134.179397719829,-4.001554686799283],[134.1797147991987,-4.001562061240074],[134.1797750088097,-4.001857226829467]]],[[[134.1764243291195,-4.00127123577885],[134.176439407153,-4.001317367402526],[134.1763042750223,-4.001406197937632],[134.1762638891672,-4.001276502208809],[134.1764243291195,-4.00127123577885]]],[[[134.1763425285849,-4.001200757708803],[134.1762906224143,-4.00118799632885],[134.1762818908965,-4.001127795711204],[134.1763425942354,-4.001135898602806],[134.1763425285849,-4.001200757708803]]],[[[134.1788220772771,-4.00137401300025],[134.1787675954482,-4.001296380823208],[134.1789428247517,-4.001084446589934],[134.1789745402429,-4.001238549919053],[134.1788220772771,-4.00137401300025]]],[[[134.1483829991761,-4.001102216294219],[134.1481142008098,-4.001445453344912],[134.1478799130276,-4.001464676353697],[134.1479637640166,-4.001115927358148],[134.1483829991761,-4.001102216294219]]],[[[134.1761203168992,-4.000978447996919],[134.1760554685852,-4.000980200775553],[134.1760459420665,-4.000950357672808],[134.1761149587384,-4.000913320893032],[134.1761203168992,-4.000978447996919]]],[[[134.1770735712884,-4.001020140567027],[134.1770066824125,-4.001000100973842],[134.1769680115646,-4.000919372431058],[134.1770785373446,-4.000963066891996],[134.1770735712884,-4.001020140567027]]],[[[134.4109756953721,-4.000922777264273],[134.4109114496038,-4.000898982102255],[134.4109162088161,-4.000822840101906],[134.4109852128974,-4.00082997802105],[134.4109756953721,-4.000922777264273]]],[[[134.1767895456011,-4.000673261261925],[134.1766275750026,-4.000587386798385],[134.1767385468466,-4.000354772654616],[134.1768432198388,-4.00047693566197],[134.1767895456011,-4.000673261261925]]],[[[134.1752771799979,-4.000289790341485],[134.1751641181296,-4.000243450974475],[134.1751909152287,-4.000072428699555],[134.1752864592028,-4.000217160193722],[134.1752771799979,-4.000289790341485]]],[[[134.2351620871607,-4.000326632867759],[134.2589840417802,-4.017617366348317],[134.261276177154,-4.046557482341909],[134.2332399688496,-4.035449363996937],[134.2269456426273,-4.008560383954476],[134.2351620871607,-4.000326632867759]]],[[[134.2246168167128,-4.001505787062401],[134.2244822286719,-4.00039887630699],[134.2249923493175,-3.999979453189153],[134.2248120127642,-4.001230601710828],[134.2246168167128,-4.001505787062401]]],[[[134.1762658128171,-4.000360791817029],[134.1761246372424,-4.000152955794237],[134.1762222982205,-3.999969899691072],[134.1764265126735,-4.000120893164619],[134.1762658128171,-4.000360791817029]]],[[[133.3837499257185,-3.999755590348178],[133.3835922790605,-3.99976388659409],[133.3836793999844,-3.999485932229943],[133.3837872628719,-3.999564755109278],[133.3837499257185,-3.999755590348178]]],[[[133.3841896762126,-3.999913236106936],[133.3839324629129,-3.999776333211161],[133.3839490581026,-3.999411257023835],[133.3842270133661,-3.999651875133894],[133.3841896762126,-3.999913236106936]]],[[[134.4106877810164,-3.999482012984481],[134.4106163973289,-3.99941538761002],[134.4107781997542,-3.999360661165577],[134.410768682229,-3.999439182771949],[134.4106877810164,-3.999482012984481]]],[[[133.383501009564,-3.999830264654916],[133.3832437980629,-3.999672617996877],[133.3833350666601,-3.999158193195987],[133.3835507933345,-3.999469337040276],[133.383501009564,-3.999830264654916]]],[[[134.175850706445,-3.998738032634],[134.1756912818273,-3.998703531043082],[134.1756436933019,-3.998638096371002],[134.175732923136,-3.998613112305252],[134.175850706445,-3.998738032634]]],[[[134.1752962905914,-3.998727326205101],[134.1755818271397,-3.998765397205231],[134.1756151389276,-3.999255566391271],[134.1748537117295,-3.999022379379261],[134.1752962905914,-3.998727326205101]]],[[[134.1254689668195,-3.997286917157419],[134.1254065062053,-3.996840767987011],[134.1255433245649,-3.99662066790947],[134.1256504014449,-3.996784256388233],[134.1254689668195,-3.997286917157419]]],[[[134.4069009481203,-3.996857150936675],[134.4066772777343,-3.996809560612727],[134.4067724565836,-3.996590651237478],[134.4070294387576,-3.996666794137196],[134.4069009481203,-3.996857150936675]]],[[[134.3773493866649,-3.996690466092081],[134.377054873084,-3.995873461690882],[134.3771474582886,-3.995782793840855],[134.3777520787954,-3.996118949629748],[134.3773493866649,-3.996690466092081]]],[[[134.1248515345707,-3.996765102627345],[134.1238408206974,-3.997974581061994],[134.1216636141845,-3.99739161263282],[134.1243934513967,-3.995118038366721],[134.1248515345707,-3.996765102627345]]],[[[134.864444894916,-3.998109340873304],[134.8637287269992,-3.996721519682358],[134.8648018142524,-3.995046974837971],[134.8652087017202,-3.996046348260299],[134.864444894916,-3.998109340873304]]],[[[134.2229267351807,-3.995442691826748],[134.2302491231986,-3.998241927922644],[134.2323038474447,-4.001111623202805],[134.2279468947335,-4.000123979637918],[134.2273654596484,-4.00254125027846],[134.2257393307057,-4.003974685083625],[134.2185176029051,-3.996191070761215],[134.2229267351807,-3.995442691826748]]],[[[134.4060911382954,-3.995305344665903],[134.4057734797624,-3.995233961877778],[134.4058056026465,-3.994809228263277],[134.4061303990988,-3.994894887788794],[134.4060911382954,-3.995305344665903]]],[[[134.3752803676949,-3.996260922003872],[134.3744763360141,-3.995614518994797],[134.3759217983524,-3.994656895699114],[134.3761563757163,-3.995379676330993],[134.3752803676949,-3.996260922003872]]],[[[134.4023958348,-3.9949531854411],[134.4022673441627,-3.994891319278862],[134.4022054780005,-3.994648613842402],[134.4024339058002,-3.994681927428958],[134.4023958348,-3.9949531854411]]],[[[134.8640165918922,-3.995553800367516],[134.8642521576111,-3.994754301269923],[134.8646162157659,-3.994383105196134],[134.8645448320784,-3.994811408219848],[134.8640165918922,-3.995553800367516]]],[[[134.4029585783758,-3.994631363046855],[134.4028068870283,-3.994542133212844],[134.402890167847,-3.994327982150628],[134.4030061669012,-3.994557005301472],[134.4029585783758,-3.994631363046855]]],[[[134.4002329050246,-3.99361366773652],[134.4001044143874,-3.993589872574502],[134.4000235122753,-3.993420931330929],[134.4002376642369,-3.993406653694079],[134.4002329050246,-3.99361366773652]]],[[[134.4018896046216,-3.993719553914213],[134.4016326233469,-3.993658876655795],[134.4015683766793,-3.993362633678535],[134.4018039441968,-3.993294820299711],[134.4018896046216,-3.993719553914213]]],[[[134.3183003948474,-3.993569221442408],[134.3183479842722,-3.993283685793417],[134.3186156737744,-3.993271788662048],[134.3185680843496,-3.993491888739678],[134.3183003948474,-3.993569221442408]]],[[[134.8677951762066,-3.994177281855984],[134.866861286919,-3.993941119886715],[134.8677666218321,-3.992406962811026],[134.8680521583805,-3.992958998159127],[134.8677951762066,-3.994177281855984]]],[[[134.3752307008363,-3.992289236159221],[134.3752044891959,-3.993236563116811],[134.3740710502389,-3.993651050755334],[134.3737038930204,-3.992188500398955],[134.3752307008363,-3.992289236159221]]],[[[134.3172831752784,-3.992849433754289],[134.3170452290541,-3.992682872116829],[134.3171582540502,-3.992082058440152],[134.3174378397846,-3.992331901795845],[134.3172831752784,-3.992849433754289]]],[[[134.4570004184346,-3.991132418426327],[134.4566331748812,-3.991027462147636],[134.4566125678158,-3.990673130160774],[134.4570871688378,-3.990757382247326],[134.4570004184346,-3.991132418426327]]],[[[134.390758010374,-3.991777318668246],[134.3902726004003,-3.991356153563588],[134.3907151801614,-3.990606624396145],[134.3908936389304,-3.990742252952531],[134.390758010374,-3.991777318668246]]],[[[134.1093294797717,-3.99045746733824],[134.1091581589221,-3.990428913863278],[134.1091510201035,-3.990311130554216],[134.1093366176908,-3.990303991735791],[134.1093294797717,-3.99045746733824]]],[[[134.3157084479866,-3.989947919560757],[134.3155835258591,-3.989855121216815],[134.3155728194301,-3.989594569633661],[134.3157905399015,-3.989640969255317],[134.3157084479866,-3.989947919560757]]],[[[134.314933933854,-3.989287619328133],[134.31478759707,-3.989198388594753],[134.3148625501665,-3.989077036775759],[134.3149482096921,-3.98911629757899],[134.314933933854,-3.989287619328133]]],[[[134.107482621226,-3.98835799012909],[134.1070900095963,-3.988465065210603],[134.1070221962175,-3.988422234998071],[134.1072006549863,-3.988101007955061],[134.107482621226,-3.98835799012909]]],[[[134.4504538710493,-3.988273907115028],[134.450352744084,-3.988062729211508],[134.4506739711269,-3.987928884910088],[134.450697766289,-3.988113292694242],[134.4504538710493,-3.988273907115028]]],[[[134.4510457616526,-3.988312572567112],[134.4508405336637,-3.988006216713449],[134.451111197224,-3.987815859913971],[134.4512361193515,-3.988018113844818],[134.4510457616526,-3.988312572567112]]],[[[134.3689780995597,-3.987692589841155],[134.3693510825865,-3.988933245073126],[134.369257364236,-3.989243264764822],[134.3680400284246,-3.988240929874978],[134.3689780995597,-3.987692589841155]]],[[[134.3680432866684,-3.987683334917927],[134.3676157426724,-3.987412742404109],[134.3677378166471,-3.987071454184202],[134.3682022436387,-3.987262415328166],[134.3680432866684,-3.987683334917927]]],[[[134.3129813878808,-3.987882845017213],[134.3127481999695,-3.987768631117364],[134.313171743781,-3.98700720301999],[134.3131574679428,-3.987559238368091],[134.3129813878808,-3.987882845017213]]],[[[134.3133145120552,-3.986688354683812],[134.3130860842555,-3.986431374308433],[134.3131384319932,-3.986193427184828],[134.3132336099431,-3.986279087609804],[134.3133145120552,-3.986688354683812]]],[[[134.3671834430615,-3.985952982644017],[134.3676647161538,-3.986343104950299],[134.3668793867744,-3.9871931171686],[134.36658015535,-3.985830188312514],[134.3671834430615,-3.985952982644017]]],[[[134.3124349723961,-3.984391258649625],[134.312197026172,-3.984286561375663],[134.3124825618209,-3.984067651101133],[134.3125587038212,-3.984200901850057],[134.3124349723961,-3.984391258649625]]],[[[133.5219120935683,-3.98458249858338],[133.5228076843273,-3.990435452833799],[133.5128657375638,-3.987272885235418],[133.5128312719457,-3.98505420378841],[133.5219120935683,-3.98458249858338]]],[[[134.3702582539154,-3.985343488711004],[134.369230327018,-3.984572543088374],[134.3694302022421,-3.983330465128779],[134.3703867445526,-3.984115686589609],[134.3702582539154,-3.985343488711004]]],[[[134.8563991444051,-3.983394575998814],[134.8590871415583,-3.985993937769974],[134.8556892708432,-3.987126561941226],[134.8547850762704,-3.985575153170709],[134.8563991444051,-3.983394575998814]]],[[[134.3735633262866,-3.983494201096407],[134.3733610723557,-3.983422817409091],[134.3733610723557,-3.983089693234712],[134.373729887924,-3.983327638559578],[134.3735633262866,-3.983494201096407]]],[[[134.3062864451633,-3.982121251994178],[134.3056582678149,-3.982235465894027],[134.3054488750656,-3.98196896709411],[134.3057439282398,-3.981788127819799],[134.3062864451633,-3.982121251994178]]],[[[134.3684308279204,-3.981874235207686],[134.3685593185579,-3.982730840355922],[134.3675599460347,-3.981831404095962],[134.3677883738344,-3.981560146083821],[134.3684308279204,-3.981874235207686]]],[[[134.3764900628662,-3.981531145645858],[134.3764900628662,-3.98441029370005],[134.383188245841,-3.988038971821053],[134.3865432863437,-3.985266899747566],[134.3896603788234,-3.992500460827555],[134.409624056605,-3.998008912681142],[134.4131218653818,-4.004600019675111],[134.4225683252681,-4.003029575854169],[134.4265420246947,-4.01310659359442],[134.444578339319,-4.019709597719759],[134.4340158558472,-4.027880213700888],[134.3626891890549,-4.033046477113158],[134.3683998948393,-4.029227442192676],[134.3686973276196,-4.020935020234953],[134.3860079073391,-4.017722748006383],[134.3765876213218,-4.000776227340966],[134.380033079663,-3.999215300145911],[134.3741581909478,-3.983196769215416],[134.3764900628662,-3.981531145645858]]],[[[134.8544658322325,-3.981824131278591],[134.8473036539406,-3.984911482279044],[134.8457867476603,-3.981157882030553],[134.8501173673227,-3.981841977425285],[134.8527704662841,-3.980372659670442],[134.8544658322325,-3.981824131278591]]],[[[134.3056463697842,-3.980626951072866],[134.3055630889655,-3.980455630223092],[134.3058581421396,-3.980274790948782],[134.3058295886647,-3.980550808173236],[134.3056463697842,-3.980626951072866]]],[[[134.3097319053033,-3.980826826296971],[134.3093892618051,-3.980484182798774],[134.3099698506281,-3.980274790948782],[134.310160208327,-3.980655503648547],[134.3097319053033,-3.980826826296971]]],[[[134.3731503432138,-3.98023043728484],[134.3734254530223,-3.980537896606576],[134.3727811841044,-3.980667131882567],[134.3728460468077,-3.980303605227123],[134.3731503432138,-3.98023043728484]]],[[[134.3692446037555,-3.980489388074806],[134.3697728439417,-3.980889137623558],[134.3686021496696,-3.981560146083821],[134.3687020868319,-3.980460834599755],[134.3692446037555,-3.980489388074806]]],[[[134.4463295216902,-3.978979890409542],[134.4462724147401,-3.979022720621986],[134.446005915041,-3.978998926359337],[134.4462819322654,-3.978841882247044],[134.4463295216902,-3.978979890409542]]],[[[134.3078188179841,-3.979570469801244],[134.307266782636,-3.9791040957774],[134.3075142472847,-3.978466400004324],[134.3077331575593,-3.978523506954248],[134.3078188179841,-3.979570469801244]]],[[[134.3774894362886,-3.978663894722859],[134.3762878089354,-3.980008291249584],[134.3777630739067,-3.979770345025349],[134.3779058421809,-3.981721503344618],[134.3770492361334,-3.982816054717089],[134.3767993927778,-3.98087679442847],[134.3752646403509,-3.979829830682105],[134.3774894362886,-3.978663894722859]]],[[[134.3763948840168,-3.978544921610785],[134.3760498627111,-3.978223694567776],[134.3768231870405,-3.978033337768297],[134.3768469822025,-3.978092825223614],[134.3763948840168,-3.978544921610785]]],[[[134.4538221657604,-3.978406445800767],[134.4532594518624,-3.978077955832918],[134.4532537618517,-3.97766325415583],[134.4536476604112,-3.97773103785706],[134.4538221657604,-3.978406445800767]]],[[[134.4520057258837,-3.977775882550885],[134.4516963959719,-3.977809196137441],[134.4515631461224,-3.977661668651036],[134.4519819307216,-3.977414204901633],[134.4520057258837,-3.977775882550885]]],[[[134.1631181067153,-3.97789433855287],[134.1626517326914,-3.978027589301705],[134.1634084015766,-3.977137670567002],[134.1634369550515,-3.977337544891737],[134.1631181067153,-3.97789433855287]]],[[[134.4445473046146,-3.977209571364584],[134.4445044753014,-3.977019214565106],[134.444813805213,-3.977014456252073],[134.4448042867885,-3.977133429364235],[134.4445473046146,-3.977209571364584]]],[[[134.3769109150067,-3.976675374968488],[134.3766467949137,-3.97663968267519],[134.3766432264039,-3.976568299887065],[134.3769501758101,-3.976493346790447],[134.3769109150067,-3.976675374968488]]],[[[134.3667697270413,-3.976736977629328],[134.3658750490943,-3.976451442879705],[134.3658369780941,-3.975994586381029],[134.3663128696432,-3.975994586381029],[134.3667697270413,-3.976736977629328]]],[[[134.1591087158946,-3.976112123275824],[134.1588112831142,-3.975951508855038],[134.1590075889292,-3.97569571738339],[134.1592693303154,-3.975909869344976],[134.1591087158946,-3.976112123275824]]],[[[134.1630407749119,-3.976773614210829],[134.1623150400071,-3.977933601154751],[134.1612561800287,-3.977320890346794],[134.1621008880456,-3.975423269568148],[134.1630407749119,-3.976773614210829]]],[[[134.161610719759,-3.9752840698039],[134.1614631931719,-3.975231722066288],[134.1615060233844,-3.975112748954126],[134.1616440324462,-3.975150820853626],[134.161610719759,-3.9752840698039]]],[[[134.3784650154481,-3.976082180348309],[134.3775078373169,-3.977185018074072],[134.3771206198209,-3.975047114632593],[134.3781794797992,-3.975570595606451],[134.3784650154481,-3.976082180348309]]],[[[134.3653880778976,-3.975204174033367],[134.36527862321,-3.974966227809132],[134.3655950910406,-3.974837737171802],[134.365606988172,-3.975004299708631],[134.3653880778976,-3.975204174033367]]],[[[134.3716976701114,-3.975041547829131],[134.3699963551477,-3.977825517033898],[134.3692349279497,-3.977831466049311],[134.371192034385,-3.974321761040381],[134.3723520213288,-3.974149250387507],[134.3716976701114,-3.975041547829131]]],[[[134.3695799492554,-3.975505543146232],[134.3695026165526,-3.97433365817175],[134.3700617898198,-3.974054070638802],[134.3701331744065,-3.974916625701644],[134.3695799492554,-3.975505543146232]]],[[[134.3704425043181,-3.97391130416336],[134.3701450706386,-3.973375925158765],[134.3711087526668,-3.972668034602103],[134.371227725779,-3.973155825081223],[134.3704425043181,-3.97391130416336]]],[[[134.1563168371524,-3.971619896341119],[134.1565793492576,-3.972926024916104],[134.1549451623894,-3.971527807562206],[134.1556041756923,-3.970925872430955],[134.1563168371524,-3.971619896341119]]],[[[134.1535524021217,-3.971343715440037],[134.1532063789713,-3.971060829193876],[134.1537261772214,-3.97073535825008],[134.1538125004466,-3.970985385067463],[134.1535524021217,-3.971343715440037]]],[[[134.3705884687829,-3.970640764859359],[134.3704790140953,-3.970619350202822],[134.3704885316205,-3.970428993403255],[134.3705646754195,-3.970433751716199],[134.3705884687829,-3.970640764859359]]],[[[134.3007400104432,-3.969882836923302],[134.3004769911203,-3.969849181594379],[134.3004591449737,-3.969670722825549],[134.3006792450511,-3.969646927663531],[134.3007400104432,-3.969882836923302]]],[[[134.2988575018722,-3.969034538812879],[134.2988111022507,-3.969045247040428],[134.2987861181849,-3.968956017206418],[134.2988575018722,-3.968956017206418],[134.2988575018722,-3.969034538812879]]],[[[134.3661986557435,-3.969027525000238],[134.3684639031867,-3.970550380295792],[134.3672836895907,-3.97544255103284],[134.364180872949,-3.972130341641902],[134.3661986557435,-3.969027525000238]]],[[[134.2997988447409,-3.969498212172676],[134.2993764907325,-3.969075857264917],[134.2999237668684,-3.968820064893988],[134.2999416130151,-3.96893903800615],[134.2997988447409,-3.969498212172676]]],[[[134.3664196542438,-3.968620601559428],[134.3663530288693,-3.968592048983835],[134.3664029970008,-3.968275580253769],[134.3665505235879,-3.968399311678874],[134.3664196542438,-3.968620601559428]]],[[[134.2989422386933,-3.968814116778033],[134.2985793712411,-3.968403659900924],[134.2988946501681,-3.96789802417439],[134.2991206983615,-3.96861781096314],[134.2989422386933,-3.968814116778033]]],[[[134.3356419472182,-3.968067030169278],[134.3352993037199,-3.96809558364424],[134.3352136441944,-3.967710110832881],[134.3361130795551,-3.967845740288636],[134.3356419472182,-3.968067030169278]]],[[[134.1519888830806,-3.966870882385257],[134.1518788330418,-3.966829241076544],[134.1519323705824,-3.966742986199792],[134.1520156523007,-3.966796523740504],[134.1519888830806,-3.966870882385257]]],[[[134.3483639727192,-3.966997462862556],[134.3482152563291,-3.966967719584582],[134.3481498207577,-3.966711928112934],[134.3483639727192,-3.96677141376969],[134.3483639727192,-3.966997462862556]]],[[[134.341775007011,-3.966998652665657],[134.3412336798905,-3.966790449719396],[134.3413645501339,-3.966451377429062],[134.3417988021731,-3.966725015047315],[134.341775007011,-3.966998652665657]]],[[[134.1516884762423,-3.966323010898146],[134.151281587875,-3.966894081296759],[134.1503500287309,-3.966472917091382],[134.1510781441411,-3.966223072836497],[134.1516884762423,-3.966323010898146]]],[[[134.3241216273114,-3.965656160903011],[134.3239931366739,-3.965442008941514],[134.3241930109987,-3.965384901991589],[134.3242786723229,-3.965506254709863],[134.3241216273114,-3.965656160903011]]],[[[134.3245427924159,-3.965370625254108],[134.3242643946861,-3.965234995798353],[134.3245071001226,-3.965013705917711],[134.3246284528409,-3.965070812867635],[134.3245427924159,-3.965370625254108]]],[[[134.3662462451681,-3.964982440087519],[134.3657893886694,-3.965591582385544],[134.3654086750704,-3.967913935879411],[134.3651231403208,-3.965229903836923],[134.3662462451681,-3.964982440087519]]],[[[134.3666526029354,-3.964686163835365],[134.3665788396418,-3.964657610360403],[134.36660501441,-3.96458860627911],[134.3666740175919,-3.96461478014796],[134.3666526029354,-3.964686163835365]]],[[[134.3231811450939,-3.963772816861935],[134.3216678082228,-3.963815647973748],[134.3214179648672,-3.963473005374832],[134.3219818973468,-3.963116086038523],[134.3231811450939,-3.963772816861935]]],[[[134.318879477306,-3.963122570150437],[134.3187700208199,-3.963132087675694],[134.3187747800322,-3.96302263298807],[134.3188556821441,-3.963036909725551],[134.318879477306,-3.963122570150437]]],[[[134.6277563293911,-3.962974439218916],[134.6275885770513,-3.962899486122387],[134.627631408163,-3.962703181206775],[134.6278277130785,-3.962831671844105],[134.6277563293911,-3.962974439218916]]],[[[134.0724258193962,-3.962805470995681],[134.0721064764328,-3.962622458959311],[134.0721462012863,-3.962267072067663],[134.0725393902807,-3.96235637204885],[134.0724258193962,-3.962805470995681]]],[[[134.3211324301176,-3.963075635432192],[134.3206184657696,-3.964208258704074],[134.3190956113735,-3.962980456582768],[134.3210277328436,-3.962038190110276],[134.3211324301176,-3.963075635432192]]],[[[134.3511598399547,-3.962182623928959],[134.3503746175947,-3.962168347191477],[134.3503317882814,-3.96198988842256],[134.3511241476614,-3.961797151117599],[134.3511598399547,-3.962182623928959]]],[[[134.071945381774,-3.967598885380211],[134.0696141043076,-3.962372560745012],[134.070170865593,-3.960107766560197],[134.0721118561772,-3.964290472926971],[134.071945381774,-3.967598885380211]]],[[[134.0685780502369,-3.961142237823958],[134.0683299938343,-3.961147149920999],[134.0680891859672,-3.959294059073473],[134.0690232038578,-3.960493992104011],[134.0685780502369,-3.961142237823958]]],[[[134.7311169526853,-3.961567312281636],[134.7314738720216,-3.962423918329153],[134.7299319816757,-3.961781463343852],[134.7273621644324,-3.96212410594268],[134.727062352046,-3.962595239178837],[134.7258202731871,-3.960453724060089],[134.7311169526853,-3.961567312281636]]],[[[134.8445302850446,-3.952580256673491],[134.8522761449282,-3.952584301824016],[134.8524969590675,-3.957201884359465],[134.8555073820601,-3.962255261271233],[134.8609996533114,-3.965464202410976],[134.8499704549725,-3.963051130705056],[134.8442311948138,-3.965259271198354],[134.8445302850446,-3.952580256673491]]],[[[134.8431127889242,-3.952482550729089],[134.843890278014,-3.965865235292279],[134.8646369757159,-3.969231351845329],[134.8605622491486,-3.984995001418115],[134.8531668838447,-3.979998133407106],[134.8460933814045,-3.980637929996414],[134.8439704255948,-3.970656091105676],[134.8313726081595,-3.963195052809423],[134.8431127889242,-3.952482550729089]]],[[[134.8604574358621,-3.952203834639148],[134.8612310084044,-3.9592144322002],[134.8586017037058,-3.962224449598642],[134.8531943788176,-3.954675609591687],[134.8604574358621,-3.952203834639148]]],[[[134.0727696922676,-3.948280865969148],[134.0724984369533,-3.94823818414485],[134.0727413672204,-3.946639944078159],[134.0730661043173,-3.947382036751515],[134.0727696922676,-3.948280865969148]]],[[[134.4556077184216,-3.946333334615629],[134.4542936218532,-3.948280547609142],[134.4527011473401,-3.946856783213962],[134.4528677089777,-3.946398736912185],[134.4556077184216,-3.946333334615629]]],[[[134.9053631262074,-3.941325398648202],[134.9128947262108,-3.942302407729839],[134.8971102870101,-3.949845201594718],[134.8991203374337,-3.941939515995843],[134.9053631262074,-3.941325398648202]]],[[[134.0660785006223,-3.940387349096833],[134.0658539309142,-3.940189882257153],[134.0661593811505,-3.939684200665264],[134.0663087342607,-3.940141085942342],[134.0660785006223,-3.940387349096833]]],[[[134.453637723802,-3.939872871235986],[134.4572155704423,-3.943749480753825],[134.4556073559947,-3.945949950929409],[134.451758141625,-3.94315341909495],[134.453637723802,-3.939872871235986]]],[[[134.4529297990711,-3.938736908781307],[134.452771831355,-3.938935185010697],[134.4524096338976,-3.938601338680739],[134.4527725256316,-3.938533367920607],[134.4529297990711,-3.938736908781307]]],[[[134.0638435576342,-3.937788769735898],[134.0641062514024,-3.938288457346387],[134.0634209662047,-3.938322720617007],[134.0635922870545,-3.937603172148643],[134.0638435576342,-3.937788769735898]]],[[[134.6824202062276,-3.937043121143072],[134.718176740864,-3.939166637230487],[134.7379375900478,-3.953603683363285],[134.7305194620036,-3.954522709555322],[134.7312108104306,-3.959638986849681],[134.7270038079794,-3.953933793010103],[134.7173848374404,-3.954112252678302],[134.6923696470417,-3.963803171678995],[134.6785281283705,-3.943033228300832],[134.6824202062276,-3.937043121143072]]],[[[134.4521249975707,-3.93747328396479],[134.4514682667472,-3.936787998767135],[134.4517252489212,-3.936416802693257],[134.4522106588948,-3.936688061604679],[134.4521249975707,-3.93747328396479]]],[[[134.0605380679775,-3.936980530127324],[134.0604385975632,-3.936594629238657],[134.0606007156505,-3.936411429244016],[134.0607295300439,-3.936748924123526],[134.0605380679775,-3.936980530127324]]],[[[134.1243673611649,-3.936144202892569],[134.1242186438753,-3.936144202892569],[134.1241510679175,-3.936021661270653],[134.1243197708408,-3.935935999946397],[134.1243673611649,-3.936144202892569]]],[[[134.123885519701,-3.935769438308936],[134.123849828307,-3.93547795364462],[134.1239985437978,-3.935418467987864],[134.1240461332225,-3.935543389215981],[134.123885519701,-3.935769438308936]]],[[[134.9304679907053,-3.935467150088881],[134.923527658075,-3.939866614652468],[134.9160751867206,-3.941032550611714],[134.9231241016959,-3.935674004951276],[134.9304679907053,-3.935467150088881]]],[[[134.0619683902291,-3.93260444164161],[134.061822647897,-3.93254793004292],[134.0618672632637,-3.932256446277885],[134.0620011075652,-3.932330804023357],[134.0619683902291,-3.93260444164161]]],[[[134.062233104774,-3.932259420335951],[134.0621022354298,-3.932119627019118],[134.0621141316619,-3.931956039439635],[134.0622777201408,-3.932021474111716],[134.062233104774,-3.932259420335951]]],[[[134.1578837574295,-3.928937503662835],[134.1578304060484,-3.93055658281998],[134.1519531368279,-3.932174616065678],[134.1553002803837,-3.929010572679717],[134.1578837574295,-3.928937503662835]]],[[[134.0592397437192,-3.92741900198528],[134.059061284051,-3.927390447611037],[134.0591219604102,-3.927190574185582],[134.0593004200784,-3.927229834988813],[134.0592397437192,-3.92741900198528]]],[[[134.0564463154452,-3.926940255088665],[134.0562088143853,-3.926754884130526],[134.0563541601165,-3.926170310411495],[134.0566208873442,-3.926404162022459],[134.0564463154452,-3.926940255088665]]],[[[134.1538465200009,-3.926725307227111],[134.1536903572243,-3.926333869212664],[134.1539320221451,-3.926062791064913],[134.1539581447526,-3.926640652244265],[134.1538465200009,-3.926725307227111]]],[[[134.0561202698347,-3.925873542230176],[134.056009625344,-3.92565939026859],[134.0562273458154,-3.925577299252916],[134.0562344837345,-3.925634406202841],[134.0561202698347,-3.925873542230176]]],[[[134.4091879132916,-3.925164980779153],[134.408659635334,-3.925450011908518],[134.4084551339973,-3.925373877102681],[134.4092526249087,-3.924750013802017],[134.4091879132916,-3.925164980779153]]],[[[134.4106709951703,-3.924650947183375],[134.4105469678683,-3.924543758787349],[134.4107955215961,-3.92428815617343],[134.4109284827634,-3.924461560752393],[134.4106709951703,-3.924650947183375]]],[[[134.1509836748567,-3.923664752426317],[134.1508855219493,-3.923664752426317],[134.1508557786713,-3.92348331780086],[134.1509777258415,-3.923480343742794],[134.1509836748567,-3.923664752426317]]],[[[134.155357410716,-3.923169603694168],[134.1548274627173,-3.922702458051999],[134.1551067750576,-3.922277624612638],[134.1556599993096,-3.922373993265163],[134.155357410716,-3.923169603694168]]],[[[134.4120524311749,-3.9224188523481],[134.4119832796048,-3.923220532301722],[134.411121691313,-3.922644509336573],[134.4119693536029,-3.92220430198689],[134.4120524311749,-3.9224188523481]]],[[[134.0037756780052,-3.922292743115532],[134.0036623553335,-3.922213522735854],[134.0037540232298,-3.922044598579324],[134.0038417781755,-3.922092473089103],[134.0037756780052,-3.922292743115532]]],[[[134.1543787199021,-3.922053213185153],[134.1542746188786,-3.922026443965157],[134.1542508237166,-3.92188962470639],[134.1544441545741,-3.92188962470639],[134.1543787199021,-3.922053213185153]]],[[[134.1506104076443,-3.923180392860795],[134.150046875363,-3.92258296063506],[134.1502715466946,-3.921852255177408],[134.1505169240169,-3.921934677143637],[134.1506104076443,-3.923180392860795]]],[[[134.155220074347,-3.922069520591867],[134.1547655965551,-3.922081418622517],[134.1547851837893,-3.921652036412285],[134.1553144384106,-3.921742820274934],[134.155220074347,-3.922069520591867]]],[[[134.4011829488341,-3.921741223078959],[134.401015022925,-3.921633874603605],[134.4010424378583,-3.921498677721738],[134.4012348514074,-3.921573584952911],[134.4011829488341,-3.921741223078959]]],[[[134.1517211351223,-3.922442947883622],[134.1512561640407,-3.922325702369259],[134.1517739711919,-3.921288212081267],[134.1519846832466,-3.921582526012715],[134.1517211351223,-3.922442947883622]]],[[[134.1532484519546,-3.922521365168821],[134.1544964069836,-3.924656710039079],[134.1531761167844,-3.925856418239063],[134.1526876698002,-3.921278181942503],[134.1532484519546,-3.922521365168821]]],[[[134.0063215067322,-3.921511180996154],[134.0078746287112,-3.923104203196351],[134.0014099708935,-3.924068488669777],[134.001648716615,-3.92190170440008],[134.0063215067322,-3.921511180996154]]],[[[134.151032684311,-3.920122780641735],[134.1509159640005,-3.919714376017572],[134.1511487688007,-3.919455104169669],[134.1512241373841,-3.919875578595081],[134.151032684311,-3.920122780641735]]],[[[134.1004538069977,-3.918175603621135],[134.1003467310169,-3.918175603621135],[134.1003645771636,-3.918000714261519],[134.1004680837351,-3.918057821211443],[134.1004538069977,-3.918175603621135]]],[[[134.0531540197422,-3.918669683958667],[134.0527580365542,-3.9185070550565],[134.0529416484384,-3.917973126658383],[134.0533783700158,-3.918293675612608],[134.0531540197422,-3.918669683958667]]],[[[134.0523947751988,-3.917575474328652],[134.0518955750208,-3.91729638322145],[134.0522336553589,-3.916874650644589],[134.0526070430807,-3.917219343697711],[134.0523947751988,-3.917575474328652]]],[[[134.1635732140327,-3.916454925354421],[134.1634572149785,-3.916404360972406],[134.1634750611253,-3.916118826222784],[134.1635375217393,-3.916160466632126],[134.1635732140327,-3.916454925354421]]],[[[134.1634155745692,-3.915996879052644],[134.1631538565653,-3.915838699096666],[134.1630408099854,-3.915178939356492],[134.1635196755926,-3.915506115414827],[134.1634155745692,-3.915996879052644]]],[[[134.091489154401,-3.914921694580434],[134.0913612573162,-3.914888978143763],[134.0913910023929,-3.91478190216297],[134.0914772572696,-3.914793799294339],[134.091489154401,-3.914921694580434]]],[[[134.0917780220381,-3.915221793850668],[134.0916801047531,-3.914781605386766],[134.0921643671919,-3.91435072670461],[134.0923941080017,-3.914949987252017],[134.0917780220381,-3.915221793850668]]],[[[134.0956373537809,-3.914341522143497],[134.1035906243079,-3.927059166147531],[134.1232169645913,-3.933802791865373],[134.1191156522656,-3.938378382356403],[134.1620138399668,-3.982715899019487],[134.1643367969057,-3.975818044067372],[134.1539095103156,-3.967257639428448],[134.1616237464389,-3.970380867982628],[134.1666488963295,-3.976604576739787],[134.1682145350728,-3.994550660584453],[134.173080565216,-3.993289420770088],[134.1794978908151,-4.002552989129063],[134.1765627743527,-4.008870669845502],[134.1991737531663,-4.020183434317984],[134.2050790749395,-4.015263405281891],[134.2098628629809,-4.025006531726019],[134.2036443963718,-4.031281196070305],[134.1929527028051,-4.027310670351072],[134.1964428862304,-4.019962978108873],[134.1936740058508,-4.02108374921564],[134.1911345173441,-4.024649899273383],[134.1757327720499,-4.014976824620733],[134.1727956518979,-4.019062995960423],[134.1739032389434,-4.012868844321618],[134.1639909707067,-4.016212347421869],[134.1704474060231,-4.00644677300013],[134.0832322619595,-3.983942865670612],[134.0747673203556,-3.94150057399221],[134.0714858273092,-3.943640532384654],[134.0646258149295,-3.93978576739922],[134.0619520198698,-3.929774785977516],[134.0520468706666,-3.924771533679275],[134.0506336148495,-3.921607254671036],[134.0525955839191,-3.921174823759069],[134.0541138805512,-3.917026760176759],[134.0932311169226,-3.917675030178438],[134.0956373537809,-3.914341522143497]]],[[[134.103122468727,-3.915955703592802],[134.1022340689472,-3.916787749155295],[134.100186169656,-3.914621305728685],[134.101241166147,-3.913843935349329],[134.103122468727,-3.915955703592802]]],[[[134.1221205354344,-3.913475710635497],[134.1219139341807,-3.913380341129782],[134.1219934837123,-3.913074213703974],[134.1221948787907,-3.913204179229426],[134.1221205354344,-3.913475710635497]]],[[[134.1633541535714,-3.913237118698001],[134.1632992481618,-3.913883233024753],[134.162457997139,-3.914112048432264],[134.1622806013687,-3.913224365412107],[134.1633541535714,-3.913237118698001]]],[[[134.047583510171,-3.912187102652601],[134.0473449137369,-3.911698222195151],[134.047673697783,-3.911598747284264],[134.0478932168985,-3.911771382942922],[134.047583510171,-3.912187102652601]]],[[[134.1209596122963,-3.911778642270461],[134.1206279423257,-3.911860475180687],[134.120590760755,-3.91118053285531],[134.1208766021736,-3.911265611418793],[134.1209596122963,-3.911778642270461]]],[[[134.1143209041864,-3.910473064979916],[134.1140459967254,-3.910790721714344],[134.1136370839843,-3.910698348749778],[134.113740660703,-3.910482200293222],[134.1143209041864,-3.910473064979916]]],[[[134.1207595194363,-3.910806167570493],[134.1206718517246,-3.910639994440126],[134.1210649283039,-3.910306507839037],[134.1210956329571,-3.910590261930993],[134.1207595194363,-3.910806167570493]]],[[[134.1193424639836,-3.910110282063853],[134.1192425268213,-3.910017482820541],[134.1193638804388,-3.90984973137998],[134.1194424020453,-3.909921115067297],[134.1193424639836,-3.910110282063853]]],[[[134.0375915206322,-3.91036532799747],[134.0371341542179,-3.910096327283588],[134.0373233212143,-3.90963590227498],[134.0376731017324,-3.909810791634685],[134.0375915206322,-3.91036532799747]]],[[[134.0785996130818,-3.909707702348511],[134.0783943850929,-3.909639291819802],[134.0783795130042,-3.909469756124276],[134.0787513044293,-3.909496525344272],[134.0785996130818,-3.909707702348511]]],[[[134.1191711431339,-3.909796193839179],[134.1190640671531,-3.909789055020843],[134.1190783438905,-3.909403583108853],[134.1191961280989,-3.909521366417914],[134.1191711431339,-3.909796193839179]]],[[[134.0795186797434,-3.909619662317512],[134.0792093498317,-3.909554226746151],[134.0791587872483,-3.909387664209321],[134.0796495499869,-3.90925679396579],[134.0795186797434,-3.909619662317512]]],[[[134.1146468760525,-3.910341725290303],[134.1143441822383,-3.909504946595968],[134.11474242902,-3.909172336833835],[134.1149751798607,-3.909451474705763],[134.1146468760525,-3.910341725290303]]],[[[134.1113082355867,-3.910215578286261],[134.1109679060441,-3.909841345201828],[134.1113295836934,-3.909079918003824],[134.1117150556054,-3.909636711664868],[134.1113082355867,-3.910215578286261]]],[[[134.0801046222306,-3.909473919985354],[134.0797536519095,-3.909319254579893],[134.0799559058404,-3.909018847741644],[134.0801641087867,-3.909179462162429],[134.0801046222306,-3.909473919985354]]],[[[134.1127075402209,-3.909082892061713],[134.1125880886695,-3.909038531203171],[134.1126504971228,-3.908864846035767],[134.1127619905735,-3.908904321776932],[134.1127075402209,-3.909082892061713]]],[[[134.0425545912215,-3.909478294287785],[134.04860545208,-3.908713622335805],[134.0493274224227,-3.910011933104121],[134.0376220463204,-3.911226877618271],[134.0425545912215,-3.909478294287785]]],[[[134.1134598213138,-3.908029628564494],[134.1132462458176,-3.908017290765356],[134.1131414801951,-3.90772826484749],[134.113446702903,-3.907802982321742],[134.1134598213138,-3.908029628564494]]],[[[134.1303930580932,-3.907857043267862],[134.1302656826152,-3.907773870367739],[134.1303539330876,-3.90737605256273],[134.1305432295865,-3.907552716284782],[134.1303930580932,-3.907857043267862]]],[[[134.1218649013442,-3.907939393288265],[134.121701448663,-3.907767948332078],[134.121793183109,-3.907340737085255],[134.122037411997,-3.90768699675739],[134.1218649013442,-3.907939393288265]]],[[[134.1225441988557,-3.907331140419748],[134.1223720803073,-3.907206399056021],[134.1226789982372,-3.906898782352888],[134.1227166186771,-3.90716696738165],[134.1225441988557,-3.907331140419748]]],[[[134.0350592635742,-3.9075039046814],[134.0362097653685,-3.908429656903037],[134.0334115374125,-3.906956427996702],[134.0343545278393,-3.906806956176004],[134.0350592635742,-3.9075039046814]]],[[[134.0355422948411,-3.907186247047603],[134.0351996522423,-3.907052997198049],[134.035166339555,-3.90642481895023],[134.0358754190154,-3.906577104749578],[134.0355422948411,-3.907186247047603]]],[[[134.1131365330247,-3.906460288211713],[134.1130413541752,-3.90639782759761],[134.1132495571214,-3.906136087110637],[134.1132733522835,-3.906302648748186],[134.1131365330247,-3.906460288211713]]],[[[134.1075410528773,-3.90836226800422],[134.1065073010711,-3.907135436251322],[134.1075007263774,-3.905651247307132],[134.1079379515753,-3.907423945958291],[134.1075410528773,-3.90836226800422]]],[[[134.1303217850224,-3.906820685226434],[134.1298100473959,-3.906136358706005],[134.1307152618,-3.905253266724865],[134.1308322096388,-3.905849807722442],[134.1303217850224,-3.906820685226434]]],[[[134.1135202206818,-3.905014765618889],[134.1133685302335,-3.904800613657391],[134.1136778601452,-3.904755999189982],[134.1136778601452,-3.90484820398134],[134.1135202206818,-3.905014765618889]]],[[[134.1111769282727,-3.905088240230084],[134.1110412979176,-3.905031133280159],[134.1111340971609,-3.904684921272031],[134.1113304029757,-3.904827688646931],[134.1111769282727,-3.905088240230084]]],[[[134.110434536125,-3.905402327555388],[134.1107093626471,-3.904674213044482],[134.1109770530486,-3.904670643635269],[134.1110056056243,-3.904745596731887],[134.110434536125,-3.905402327555388]]],[[[134.1225333215556,-3.90455870232225],[134.1227082118146,-3.904562271731463],[134.1228010110579,-3.904619378681298],[134.1223548618874,-3.904665778302954],[134.1225333215556,-3.90455870232225]]],[[[134.1222156639218,-3.904501595372237],[134.1220122201879,-3.904433781094133],[134.1220264960261,-3.904312428375858],[134.1222549247251,-3.904315996885702],[134.1222156639218,-3.904501595372237]]],[[[134.1132424192024,-3.905506719059806],[134.1132329007778,-3.90606351272085],[134.112729785851,-3.90455969697239],[134.1137373467012,-3.903469901214931],[134.1130044729781,-3.905283049573052],[134.1132424192024,-3.905506719059806]]],[[[134.1165305357557,-3.903423203917702],[134.1164413068209,-3.903433911245971],[134.1164305985933,-3.903348250821084],[134.1165590901299,-3.903333974083603],[134.1165305357557,-3.903423203917702]]],[[[134.11565965387,-3.903027023778074],[134.1155882701826,-3.903012747040593],[134.115570424036,-3.9029056710598],[134.1156560835615,-3.902912808978856],[134.11565965387,-3.903027023778074]]],[[[134.1300584716213,-3.902408615764921],[134.1300227802271,-3.902965410325335],[134.1295230926168,-3.90294756417873],[134.1297945898485,-3.90215352756316],[134.1300584716213,-3.902408615764921]]],[[[134.1093773407918,-3.901044107699361],[134.1089966271927,-3.900668153312539],[134.1094963139038,-3.900063770226739],[134.109696189128,-3.900568215250891],[134.1093773407918,-3.901044107699361]]],[[[134.1108240531876,-3.89906439590513],[134.1108097773495,-3.8988454856306],[134.1109620622494,-3.8988454856306],[134.1109715797747,-3.898983493793098],[134.1108240531876,-3.89906439590513]]],[[[134.1337322552395,-3.898411364892487],[134.1336894241277,-3.898190075911215],[134.1341248659699,-3.897933093737274],[134.1341105892324,-3.898240044042803],[134.1337322552395,-3.898411364892487]]],[[[134.1089924021777,-3.897388904074608],[134.1088659970681,-3.897209707861718],[134.1090211750873,-3.897056772751808],[134.1090830007799,-3.897230698937529],[134.1089924021777,-3.897388904074608]]],[[[134.1099202399272,-3.897120006782798],[134.109809289667,-3.896974569320902],[134.1100601123843,-3.896782800585788],[134.1101245685941,-3.896912623119045],[134.1099202399272,-3.897120006782798]]],[[[134.108593309134,-3.897073025299827],[134.1083196706164,-3.897037333006439],[134.1081531080796,-3.896739901125537],[134.1085754629873,-3.896876720384304],[134.108593309134,-3.897073025299827]]],[[[134.1341748350007,-3.897833155675537],[134.133753669896,-3.897611865794984],[134.1335752102278,-3.896612492372567],[134.1346459682369,-3.897176424852125],[134.1341748350007,-3.897833155675537]]],[[[134.1096701195805,-3.896644846382527],[134.1094351636021,-3.896488900342446],[134.1096576702653,-3.896193303078446],[134.109827993767,-3.896385516977999],[134.1096701195805,-3.896644846382527]]],[[[134.1106170400444,-3.896272337298415],[134.1105456572563,-3.896281853924391],[134.1104837910941,-3.896081979599655],[134.1106646303684,-3.896167640024542],[134.1106170400444,-3.896272337298415]]],[[[134.1386633900035,-3.895549170857551],[134.1384884997445,-3.895531324710857],[134.1385491761037,-3.89498166896878],[134.1389310804051,-3.895384987926834],[134.1386633900035,-3.895549170857551]]],[[[134.1410190570839,-3.894953116393099],[134.1408513047439,-3.894846040412395],[134.1410690252154,-3.894599765566722],[134.1411297015745,-3.894810348119007],[134.1410190570839,-3.894953116393099]]],[[[133.9330018127835,-3.881762866962715],[133.9327720126183,-3.881548455097031],[133.9330237967109,-3.881065418434273],[133.9332470875831,-3.881421861129899],[133.9330018127835,-3.881762866962715]]],[[[133.9344520918906,-3.882134271679297],[133.9337382541172,-3.88122531789408],[133.9353229746756,-3.880435337221025],[133.9358131438615,-3.881363326955947],[133.9344520918906,-3.882134271679297]]],[[[133.9259145857895,-3.878003706205993],[133.9254648681092,-3.877671771834715],[133.9257254187932,-3.877318421907619],[133.9259859703762,-3.877496880676448],[133.9259145857895,-3.878003706205993]]],[[[133.9261394450793,-3.877200637699188],[133.9259681242296,-3.87726845287675],[133.9258860323146,-3.877157808386114],[133.9261287368518,-3.876954363752796],[133.9261394450793,-3.877200637699188]]],[[[133.9266319929722,-3.877068577652645],[133.9261215989327,-3.876811596378074],[133.9264142734,-3.875847915249045],[133.9271066956176,-3.876226249241979],[133.9266319929722,-3.877068577652645]]],[[[133.9260349870251,-3.875375353889401],[133.9257518309822,-3.875351558727383],[133.9256947240324,-3.875268277908697],[133.9260159510753,-3.875089818240498],[133.9260349870251,-3.875375353889401]]],[[[133.9266131953427,-3.874541353200891],[133.9264597197403,-3.874548491119947],[133.9265025499529,-3.874337908567574],[133.9267238398333,-3.874420001381898],[133.9266131953427,-3.874541353200891]]],[[[133.9247875536028,-3.874763831985176],[133.9244633534011,-3.874448553957579],[133.9247310420041,-3.873856663354294],[133.9249154497882,-3.874005378845061],[133.9247875536028,-3.874763831985176]]],[[[133.9270141346947,-3.873565774041213],[133.9268999207948,-3.873294515129702],[133.9270248420229,-3.873191008558122],[133.9271105033471,-3.873290945720489],[133.9270141346947,-3.873565774041213]]],[[[133.9292413102384,-3.873337345342145],[133.9289095629261,-3.873042372207694],[133.9289986048018,-3.872566399719515],[133.9291734959602,-3.87262350666944],[133.9292413102384,-3.873337345342145]]],[[[133.9284632266967,-3.873919123968308],[133.9277675516313,-3.873142681689393],[133.9277351112865,-3.872530708325497],[133.9281919677851,-3.87254855357291],[133.9284632266967,-3.873919123968308]]],[[[133.9318215982881,-3.872375982665391],[133.9317264194387,-3.87261987700567],[133.9312505269903,-3.872573597893128],[133.9316996502187,-3.872271880742664],[133.9318215982881,-3.872375982665391]]],[[[133.9292805710416,-3.87230227962643],[133.9290985428634,-3.872309418444855],[133.9288379921797,-3.872191635135794],[133.929205617945,-3.872077421235945],[133.9292805710416,-3.87230227962643]]],[[[133.9310807080084,-3.871647439177897],[133.9314741955777,-3.874946990611042],[133.9331814595567,-3.874024949891444],[133.9322495002143,-3.875972347246018],[133.9348193183569,-3.875949505365364],[133.9296635005702,-3.883380085422575],[133.9249549309254,-3.879096283566577],[133.9278031440999,-3.877793388953668],[133.9310807080084,-3.871647439177897]]],[[[133.9252638993096,-3.868418271386068],[133.925099311684,-3.868384142114392],[133.9250490557694,-3.868066071691858],[133.9252747721131,-3.868166001659537],[133.9252638993096,-3.868418271386068]]],[[[134.1225521236817,-3.868497916245841],[134.1218316650993,-3.868979835950606],[134.1213720449839,-3.868721588430526],[134.1229109243997,-3.867975819328498],[134.1225521236817,-3.868497916245841]]],[[[134.0218337975917,-3.868151144859391],[134.0214168431129,-3.868044096757631],[134.021578259729,-3.867662107919914],[134.0219146142681,-3.867713243371432],[134.0218337975917,-3.868151144859391]]],[[[133.9179138301593,-3.866873816173635],[133.9183802041831,-3.867290222066069],[133.9182755078085,-3.867651899715321],[133.9176378129348,-3.867064172973114],[133.9179138301593,-3.866873816173635]]],[[[134.0225066397696,-3.867428958679467],[134.0221764896534,-3.867161270076538],[134.0223608983368,-3.866691325744023],[134.0226434590285,-3.867188039296535],[134.0225066397696,-3.867428958679467]]],[[[134.0228891394223,-3.867675234424508],[134.0227642172948,-3.867202316034016],[134.0231835972453,-3.866494426376635],[134.0237844109219,-3.867214213165385],[134.0228891394223,-3.867675234424508]]],[[[134.02514276043,-3.866199255391292],[134.0249854995812,-3.866143949783376],[134.0251028530143,-3.865901554613041],[134.0251759957756,-3.865927356162471],[134.02514276043,-3.866199255391292]]],[[[134.1325071097155,-3.865976106612015],[134.1322834402287,-3.86599514256172],[134.1321739846417,-3.865890447086409],[134.1324595202907,-3.865819063399003],[134.1325071097155,-3.865976106612015]]],[[[134.1292858100922,-3.86780855801854],[134.1257838518434,-3.869069386842641],[134.1250406323194,-3.868726879142129],[134.1276918939658,-3.86574533697768],[134.1292858100922,-3.86780855801854]]],[[[133.9238782535785,-3.865916325078247],[133.9236250791341,-3.865843989908127],[133.9236174645744,-3.865676475888582],[133.923950589648,-3.865779268398464],[133.9238782535785,-3.865916325078247]]],[[[134.0247518197408,-3.865732440699501],[134.0242653161914,-3.865654703301827],[134.0244634773077,-3.865136790930171],[134.0249752320215,-3.865530584268997],[134.0247518197408,-3.865732440699501]]],[[[134.0252684487799,-3.86506789566681],[134.0250748508238,-3.864792071796577],[134.0251847605684,-3.864663579360597],[134.0253527584231,-3.864921002202395],[134.0252684487799,-3.86506789566681]]],[[[134.1317751227238,-3.864511367305637],[134.1328349737551,-3.865343583739358],[134.1300866968437,-3.86706631335956],[134.1295306370294,-3.864589893408857],[134.1317751227238,-3.864511367305637]]],[[[134.0129366067391,-3.864114013550848],[134.012584446615,-3.864102116419479],[134.0124916482711,-3.863997420044798],[134.0129175707893,-3.863828477901945],[134.0129366067391,-3.864114013550848]]],[[[134.1327689437317,-3.86353917859015],[134.133175832099,-3.863536798984038],[134.1332067651801,-3.864262534788113],[134.1321875158412,-3.863721399223133],[134.1327689437317,-3.86353917859015]]],[[[134.1341388792059,-3.863525061032716],[134.1347128049521,-3.863459388040249],[134.1350397381935,-3.863842584667479],[134.1336049283248,-3.86395146019172],[134.1341388792059,-3.863525061032716]]],[[[133.9704473200878,-3.863181951685648],[133.970444463841,-3.863593122624456],[133.9698377281287,-3.863530445273769],[133.9699061368588,-3.863194347041413],[133.9704473200878,-3.863181951685648]]],[[[134.1339461149213,-3.862987822230115],[134.1338985263959,-3.862759394430418],[134.1343886946826,-3.862778428581562],[134.1342839992072,-3.86293071528028],[134.1339461149213,-3.862987822230115]]],[[[133.9697455242366,-3.863167577821416],[133.9693648888785,-3.863451354396455],[133.9676262313656,-3.863032522133183],[133.9692978821915,-3.862564584188169],[133.9697455242366,-3.863167577821416]]],[[[133.9730342703153,-3.862344951758059],[133.972862947667,-3.862713293383793],[133.971840732364,-3.862733280816213],[133.9724346446432,-3.862347808004854],[133.9730342703153,-3.862344951758059]]],[[[133.9310528703938,-3.856262451850581],[133.9315337765626,-3.856579469167157],[133.931432263788,-3.857089558336371],[133.9309339611335,-3.856593326820493],[133.9310528703938,-3.856262451850581]]],[[[133.9591621180374,-3.856662805743818],[133.9588837212068,-3.85658904334967],[133.9591121490065,-3.856167878244923],[133.9592906086746,-3.856320163144991],[133.9591621180374,-3.856662805743818]]],[[[134.0066031591085,-3.855924426371152],[134.0061389146792,-3.855585804641118],[134.006985015746,-3.854745279371111],[134.0072588242354,-3.855241694348679],[134.0066031591085,-3.855924426371152]]],[[[133.9117702653855,-3.856144692823252],[133.9110381291065,-3.855554694393584],[133.911775064168,-3.854530896283828],[133.9122807862294,-3.855071852883698],[133.9117702653855,-3.856144692823252]]],[[[134.0144387560438,-3.855247162226741],[134.013912560916,-3.854695331924043],[134.0140630579638,-3.854261889274715],[134.0145236880179,-3.854567423148028],[134.0144387560438,-3.855247162226741]]],[[[134.0192318538671,-3.85426383630694],[134.0190489443533,-3.854252598378663],[134.0190747701846,-3.854057867276664],[134.0191954960754,-3.854069034158572],[134.0192318538671,-3.85426383630694]]],[[[134.0180618619654,-3.853520293027016],[134.0178169010292,-3.853472121741033],[134.0179597007797,-3.853277636153932],[134.018135223262,-3.853355006628226],[134.0180618619654,-3.853520293027016]]],[[[134.0150485062836,-3.853131206739738],[134.0147074653773,-3.853097477666426],[134.0146280813211,-3.852869807995221],[134.0150634647072,-3.8528482611383],[134.0150485062836,-3.853131206739738]]],[[[133.9669196421279,-3.85258881662052],[133.9664400049023,-3.852475391426127],[133.9663631407465,-3.852378127048864],[133.9668378973512,-3.852324549937938],[133.9669196421279,-3.85258881662052]]],[[[133.9682041860745,-3.852359572236422],[133.9679636902722,-3.852257518069971],[133.9682911379257,-3.852011997755403],[133.9683520849808,-3.852230437684481],[133.9682041860745,-3.852359572236422]]],[[[133.9646628977746,-3.852024540600032],[133.9645743514252,-3.851939632008319],[133.96474118196,-3.851861393688319],[133.9647304953162,-3.85197798539563],[133.9646628977746,-3.852024540600032]]],[[[133.9654263556419,-3.852517316920581],[133.9652195538393,-3.852487386583528],[133.965123445091,-3.85166893877045],[133.9654272423734,-3.851783787591659],[133.9654263556419,-3.852517316920581]]],[[[133.9716925456745,-3.85152108932674],[133.9720894398758,-3.851698120871541],[133.971606886149,-3.852140699733456],[133.9711757268783,-3.851603894404112],[133.9716925456745,-3.85152108932674]]],[[[133.9686377843064,-3.851603257684102],[133.9685365790999,-3.85151409080258],[133.9687796208829,-3.851251498657662],[133.9688215769543,-3.851461431000194],[133.9686377843064,-3.851603257684102]]],[[[134.0195541600965,-3.850761342961542],[134.020159866085,-3.852166612798927],[134.0163607538458,-3.854659848273359],[134.0165795912752,-3.850919593963978],[134.0195541600965,-3.850761342961542]]],[[[133.9722962947383,-3.850997125416969],[133.9721443875535,-3.850946061011909],[133.9723114483147,-3.850677016231232],[133.9723831026981,-3.850768263244733],[133.9722962947383,-3.850997125416969]]],[[[134.0042835971104,-3.850991146723961],[134.0040408916739,-3.850962593249088],[134.0039837847239,-3.850715130398877],[134.0043930526973,-3.850658021650302],[134.0042835971104,-3.850991146723961]]],[[[133.9714498222515,-3.851072416658655],[133.9711693632755,-3.85085583742695],[133.971330055038,-3.850624947283412],[133.9715326300269,-3.850665471634132],[133.9714498222515,-3.851072416658655]]],[[[133.9515095799033,-3.851253710989935],[133.9506218636081,-3.851146054047108],[133.9511185879526,-3.850203444933056],[133.9517420771352,-3.850993236748382],[133.9515095799033,-3.851253710989935]]],[[[134.0173823243349,-3.850269394916575],[134.0171773661426,-3.850338980859272],[134.017115501779,-3.850052273393681],[134.0173642686461,-3.850063586864996],[134.0173823243349,-3.850269394916575]]],[[[134.0065323860608,-3.849437755847676],[134.0063450042186,-3.849387192364942],[134.0063866437287,-3.849208731797463],[134.0065740273695,-3.849223603886179],[134.0065323860608,-3.849437755847676]]],[[[133.9682182532698,-3.849442434121],[133.9678151807261,-3.849386830837512],[133.9679845383559,-3.84896726472739],[133.968275584151,-3.849156305818793],[133.9682182532698,-3.849442434121]]],[[[134.005263934583,-3.850543807750453],[134.0046833466592,-3.850058397776726],[134.0059159079929,-3.84888294519177],[134.0059920499932,-3.849311248215484],[134.005263934583,-3.850543807750453]]],[[[134.0196152366538,-3.849209969264658],[134.0193555771982,-3.849132492670362],[134.0193997653869,-3.848882660106659],[134.0196192125566,-3.848938036760943],[134.0196152366538,-3.849209969264658]]],[[[134.0064015158174,-3.848863711391084],[134.0062409022959,-3.848762582627055],[134.0064431571261,-3.848524637302189],[134.0065175148715,-3.848682276765627],[134.0064015158174,-3.848863711391084]]],[[[133.9650475270218,-3.84923915136566],[133.9651065378366,-3.849979638749248],[133.9643821006534,-3.848317101652901],[133.9649834233463,-3.848772818710591],[133.9650475270218,-3.84923915136566]]],[[[133.9472003119449,-3.850095347322371],[133.9463974592754,-3.849034341561522],[133.9463666655892,-3.848326221677725],[133.9469172584248,-3.848560103865653],[133.9472003119449,-3.850095347322371]]],[[[133.9666235988001,-3.848649724904776],[133.9663999248167,-3.848609175373133],[133.9664657866668,-3.848246730602137],[133.96666615382,-3.848369937722376],[133.9666235988001,-3.848649724904776]]],[[[134.0065085917981,-3.848366997838662],[134.0064193619641,-3.84826884493126],[134.0065442840916,-3.848135000629751],[134.0065710533115,-3.848274793946496],[134.0065085917981,-3.848366997838662]]],[[[134.0211757276777,-3.848846121551189],[134.0206938871132,-3.848768789747828],[134.0209377823528,-3.848114437631159],[134.0213660853767,-3.848340486724025],[134.0211757276777,-3.848846121551189]]],[[[134.0355746749314,-3.848174246144501],[134.0258904738663,-3.865998789312622],[134.0113352289377,-3.863481076990086],[134.0055205318471,-3.856841883246245],[134.0183867492491,-3.856724823891414],[134.0355746749314,-3.848174246144501]]],[[[133.9711689244064,-3.847709712133421],[133.970997981272,-3.847688310966715],[133.9710573383256,-3.847476375834072],[133.9711986901675,-3.8475274267493],[133.9711689244064,-3.847709712133421]]],[[[133.9711420211873,-3.847262354274131],[133.9709520196201,-3.847296044676687],[133.9709289538082,-3.847170936389579],[133.9710577349266,-3.847145656446818],[133.9711420211873,-3.847262354274131]]],[[[134.0166527601168,-3.846806808987038],[134.0165539947711,-3.846791996253598],[134.0165321529365,-3.846692749770478],[134.0166858030075,-3.846703954423861],[134.0166527601168,-3.846806808987038]]],[[[134.0920572813185,-3.846351314961163],[134.0916849511996,-3.848536833907692],[134.090373378129,-3.848699230784794],[134.0906467369574,-3.8468024607649],[134.0920572813185,-3.846351314961163]]],[[[134.0228341548724,-3.846520062850603],[134.0228515198818,-3.847332213610757],[134.0224818058907,-3.847511851390786],[134.0218501499645,-3.846401338850638],[134.0228341548724,-3.846520062850603]]],[[[134.0236685602559,-3.846289518046733],[134.0230138879806,-3.846108694960273],[134.0230107763264,-3.845630975988692],[134.0239400062264,-3.845665113354249],[134.0236685602559,-3.846289518046733]]],[[[134.0247743963214,-3.84521786071568],[134.0243320395919,-3.844934389910096],[134.0249870679988,-3.844476528868659],[134.0251035715727,-3.844976432316452],[134.0247743963214,-3.84521786071568]]],[[[134.0191255845781,-3.844928180990761],[134.0224179801057,-3.845025760130641],[134.017271983815,-3.849607708828698],[134.017278250291,-3.844961040419628],[134.0191255845781,-3.844928180990761]]],[[[133.9212498976646,-3.844588671629781],[133.9210515530867,-3.8445481418832],[133.9210056462936,-3.844124084558834],[133.9213304931078,-3.844275019576473],[133.9212498976646,-3.844588671629781]]],[[[134.085271511571,-3.844833641559278],[134.0847855691987,-3.844776270208675],[134.0851535879677,-3.844072950905877],[134.0855230582426,-3.844275675182176],[134.085271511571,-3.844833641559278]]],[[[134.0968171545881,-3.844195174167877],[134.096612521051,-3.84476386585966],[134.0948693156664,-3.844549031312708],[134.0963841921767,-3.843507536343685],[134.0968171545881,-3.844195174167877]]],[[[134.0309419882822,-3.843872018079145],[134.0304351627527,-3.843800634391739],[134.0303495023277,-3.843640019970865],[134.0306278991582,-3.843490113777717],[134.0309419882822,-3.843872018079145]]],[[[134.0294183146036,-3.843979112945631],[134.0290051004051,-3.843805924203972],[134.029378941385,-3.843207395704765],[134.0296677172914,-3.843428211642655],[134.0294183146036,-3.843979112945631]]],[[[133.9210548697865,-3.843585671241703],[133.9206075110279,-3.843517264310295],[133.9206524195735,-3.843044559059086],[133.9211248838064,-3.843293199121758],[133.9210548697865,-3.843585671241703]]],[[[134.0305922068649,-3.843336639074638],[134.0303780558027,-3.843290240352262],[134.0303459329186,-3.84300470380399],[134.0305993456833,-3.843043964607221],[134.0305922068649,-3.843336639074638]]],[[[133.9207497675877,-3.842843288986566],[133.9205809567458,-3.842813388327196],[133.9206530733807,-3.842525161007318],[133.9208407439053,-3.842667446345496],[133.9207497675877,-3.842843288986566]]],[[[134.0978900412924,-3.841332801167743],[134.0979087372984,-3.84074138900379],[134.0981978171756,-3.840693924584906],[134.0981900092615,-3.84115694323828],[134.0978900412924,-3.841332801167743]]],[[[134.1847210489374,-3.835691369261232],[134.1845248627322,-3.835512116390996],[134.1847937717152,-3.835281419601769],[134.1848788907482,-3.835429412037675],[134.1847210489374,-3.835691369261232]]],[[[133.9229726596605,-3.835769559917226],[133.9227133482425,-3.83553815086495],[133.9228721909989,-3.83509951013419],[133.9230639642307,-3.835330832851616],[133.9229726596605,-3.835769559917226]]],[[[133.9813474980887,-3.835152106084719],[133.9811961529801,-3.835152899286845],[133.9811604606867,-3.835045824205421],[133.981332972239,-3.834998233881295],[133.9813474980887,-3.835152106084719]]],[[[134.0988598432073,-3.835799722279345],[134.0970447352264,-3.841574005635787],[134.0943312845612,-3.843194824981103],[134.093383852383,-3.843135198130801],[134.0988598432073,-3.835799722279345]]],[[[133.9810623086787,-3.835030952116705],[133.9806326530745,-3.834656186633614],[133.9812467173622,-3.834156499922495],[133.9815857896525,-3.834623469297663],[133.9810623086787,-3.835030952116705]]],[[[133.9796400614398,-3.834374320218695],[133.9793151255926,-3.834287004141837],[133.9793345383583,-3.833932987817048],[133.9795877802519,-3.833960852411325],[133.9796400614398,-3.834374320218695]]],[[[133.9830342872026,-3.834171372011122],[133.9827755207737,-3.834097014265739],[133.9826624957776,-3.833475378585829],[133.9830045439246,-3.833820400790858],[133.9830342872026,-3.834171372011122]]],[[[133.9975204632988,-3.832377735344108],[133.9973643526828,-3.832309709725282],[133.9975714242819,-3.832114904878894],[133.9976177375685,-3.832216720725048],[133.9975204632988,-3.832377735344108]]],[[[133.9962265978793,-3.832272514664828],[133.9960445697012,-3.832201130977333],[133.996212322041,-3.83197984109678],[133.996358658825,-3.832065502420948],[133.9962265978793,-3.832272514664828]]],[[[133.9807981049487,-3.831941473320269],[133.9811431271538,-3.832610101275138],[133.9801723072063,-3.832757627862174],[133.9802689465547,-3.832171680878352],[133.9807981049487,-3.831941473320269]]],[[[133.997607082401,-3.831681099802855],[133.9975531491585,-3.831650643362464],[133.997572184209,-3.831593536412539],[133.9976616523634,-3.831625895818361],[133.997607082401,-3.831681099802855]]],[[[133.9959660471954,-3.831922734146856],[133.9957271359986,-3.831761224900523],[133.9959292613264,-3.831545344442036],[133.9961258099582,-3.831606745654772],[133.9959660471954,-3.831922734146856]]],[[[134.0927257932608,-3.831726154038753],[134.0925649719959,-3.83157927856084],[134.0932897176464,-3.831030650743886],[134.0933712717668,-3.831324100426839],[134.0927257932608,-3.831726154038753]]],[[[134.1829208508167,-3.831855116820096],[134.1826363790657,-3.831545877740064],[134.1828670263923,-3.83079524420509],[134.1831403546437,-3.830934229930774],[134.1829208508167,-3.831855116820096]]],[[[134.1843494328801,-3.83121433996976],[134.1840867400112,-3.831168654409892],[134.1839986127459,-3.830510758064934],[134.1844140006056,-3.830845968666521],[134.1843494328801,-3.83121433996976]]],[[[133.9969348247824,-3.830557551589633],[133.99665843344,-3.830472425362055],[133.9967052179714,-3.830169310665068],[133.9970260349237,-3.830167571376267],[133.9969348247824,-3.830557551589633]]],[[[133.9814681547316,-3.830404834115766],[133.9819107353921,-3.831513662225719],[133.9801927640849,-3.831175778839027],[133.9810160583445,-3.830109780042237],[133.9814681547316,-3.830404834115766]]],[[[133.9817394136432,-3.830133575204256],[133.9814110477816,-3.830095504204126],[133.9814776731562,-3.829552987280474],[133.9818583867552,-3.82971478970571],[133.9817394136432,-3.830133575204256]]],[[[133.9982753137548,-3.829809773402262],[133.9980076251519,-3.829734820305644],[133.9979612246309,-3.829538513591471],[133.9983359910133,-3.829534945081628],[133.9982753137548,-3.829809773402262]]],[[[133.9957607652471,-3.829643970792576],[133.9955014043663,-3.829329882567992],[133.9955489928918,-3.829175218061811],[133.9957798011969,-3.829265636799642],[133.9957607652471,-3.829643970792576]]],[[[133.9971026490681,-3.829629172448248],[133.9968916123581,-3.82960347881747],[133.99672966784,-3.829109321138249],[133.9972339177112,-3.829275274834012],[133.9971026490681,-3.829629172448248]]],[[[133.9973572237569,-3.82883117162123],[133.9978755651054,-3.829024551042151],[133.9977341296265,-3.829451735309311],[133.9973572237569,-3.829398435189615],[133.9973572237569,-3.82883117162123]]],[[[133.9951364100174,-3.828882720760943],[133.995001423577,-3.828802003009971],[133.9950966231107,-3.82861343496195],[133.9951872945581,-3.828685616348062],[133.9951364100174,-3.828882720760943]]],[[[133.9824058220711,-3.828779315812694],[133.9822298409345,-3.828604246588688],[133.9824016141432,-3.828461094303995],[133.9824967030604,-3.82867341974247],[133.9824058220711,-3.828779315812694]]],[[[133.9956489309535,-3.8290966946567],[133.9953871895671,-3.828946789362833],[133.9960058502899,-3.828439963833199],[133.9961509972708,-3.828744535431897],[133.9956489309535,-3.8290966946567]]],[[[133.9955590760906,-3.828418929589875],[133.9952467352487,-3.828395243245877],[133.9951667333581,-3.82821706056882],[133.9956248336192,-3.828139165789837],[133.9955590760906,-3.828418929589875]]],[[[134.104944550051,-3.82828413290637],[134.1046665785998,-3.827854247075793],[134.1052687619439,-3.827497309752983],[134.1053219991111,-3.82771501133872],[134.104944550051,-3.82828413290637]]],[[[133.9956932423494,-3.827279811414178],[133.995279216063,-3.827069227962435],[133.9950400800358,-3.826366098416647],[133.9960501607864,-3.826869353637699],[133.9956932423494,-3.827279811414178]]],[[[134.1158907553541,-3.829282751797505],[134.1156796368059,-3.828227844339496],[134.1176414116219,-3.826270470805484],[134.1177153457867,-3.827962716106439],[134.1158907553541,-3.829282751797505]]],[[[134.0462757187495,-3.826894469903833],[134.04595788305,-3.826371810010956],[134.0468229247382,-3.826357642091496],[134.046674825283,-3.826729849902646],[134.0462757187495,-3.826894469903833]]],[[[133.9843013060605,-3.826049791564559],[133.9846177747906,-3.826456679931736],[133.9845603009173,-3.826644069867838],[133.983970560593,-3.826489992619011],[133.9843013060605,-3.826049791564559]]],[[[134.0985037080798,-3.826184117902701],[134.0983149277917,-3.826007300396553],[134.0985234050312,-3.825708575290479],[134.0987565317886,-3.825949927247299],[134.0985037080798,-3.826184117902701]]],[[[134.1839749407909,-3.825121677723223],[134.1838750027293,-3.825110970394954],[134.1838964191844,-3.824936080135968],[134.1841034323276,-3.825007463823374],[134.1839749407909,-3.825121677723223]]],[[[134.1837655480417,-3.824939648645811],[134.1835335499335,-3.824893249024155],[134.1834157666245,-3.824754051058557],[134.1837369936674,-3.824657683305402],[134.1837655480417,-3.824939648645811]]],[[[134.1835430692574,-3.824105647057932],[134.1836322990914,-3.824255554150449],[134.1832682409366,-3.824023556042258],[134.1834681161607,-3.823995002567207],[134.1835430692574,-3.824105647057932]]],[[[133.9932642778242,-3.823583105875608],[133.9937020992726,-3.823963820374024],[133.9933064056662,-3.824410060375952],[133.9926579378136,-3.823978264385344],[133.9932642778242,-3.823583105875608]]],[[[134.1818667383593,-3.823565509740392],[134.181743006035,-3.823460814265081],[134.1818001129849,-3.823256179828752],[134.1819333628344,-3.823365635415746],[134.1818667383593,-3.823565509740392]]],[[[133.993891266269,-3.823370382037508],[133.9936057297207,-3.823221903967669],[133.9938136628703,-3.822930208861999],[133.9940911396945,-3.823119110558507],[133.993891266269,-3.823370382037508]]],[[[133.994992119191,-3.825372387125883],[133.994735137017,-3.823345085906984],[133.9960581170885,-3.822869194357795],[133.9958201708642,-3.824920288940151],[133.994992119191,-3.825372387125883]]],[[[133.9310297164483,-3.823131775710811],[133.9306752963279,-3.823006244742347],[133.9305935083838,-3.822580026347103],[133.9311061983924,-3.822722705588324],[133.9310297164483,-3.823131775710811]]],[[[134.0585311876642,-3.822665764113678],[134.0584397886654,-3.822610539444751],[134.0584837987883,-3.822511374800078],[134.0585898558372,-3.8225445615822],[134.0585311876642,-3.822665764113678]]],[[[134.1781940402228,-3.822870707017481],[134.1779477662765,-3.822642279217783],[134.178108379798,-3.822306775437292],[134.1783974839568,-3.822738646970938],[134.1781940402228,-3.822870707017481]]],[[[134.1083842752143,-3.823366320699131],[134.109754081186,-3.823702858699887],[134.1091200249693,-3.824793631121073],[134.1068944151453,-3.823371632095077],[134.1075059703244,-3.822060827045506],[134.1083842752143,-3.823366320699131]]],[[[133.9958439858113,-3.822286375215958],[133.9954156396201,-3.82219471091714],[133.9954836967153,-3.821749579779235],[133.9959984659565,-3.821934630578719],[133.9958439858113,-3.822286375215958]]],[[[134.0406565162853,-3.821241950255752],[134.0405211809078,-3.821219754088359],[134.0405654581294,-3.82088172321289],[134.040715304068,-3.821014184357077],[134.0406565162853,-3.821241950255752]]],[[[134.1782511471728,-3.821029005184398],[134.1781976087327,-3.820896945137855],[134.1784224680225,-3.82092906802203],[134.1783939154469,-3.820989744381167],[134.1782511471728,-3.821029005184398]]],[[[134.0186351024282,-3.821298427680267],[134.0183997660365,-3.820763284298126],[134.0186745161161,-3.820440219040824],[134.0189777018595,-3.820848468981611],[134.0186351024282,-3.821298427680267]]],[[[134.058489296344,-3.82058457281971],[134.0580752700578,-3.820313313908288],[134.058727241669,-3.820056331734259],[134.0587605552555,-3.820299037170807],[134.058489296344,-3.82058457281971]]],[[[134.0080720649739,-3.820182053359014],[134.0076697217803,-3.820115445970965],[134.0077764677098,-3.819545979963015],[134.0081968513037,-3.819836774847277],[134.0080720649739,-3.820182053359014]]],[[[134.056087229642,-3.819760088757088],[134.0558980626455,-3.820902231352877],[134.0550485963157,-3.82180523612268],[134.0561050757887,-3.819085511786893],[134.056087229642,-3.819760088757088]]],[[[134.0560512972296,-3.818819184757485],[134.055959879345,-3.818782332338769],[134.0560551499253,-3.818639117101499],[134.0561099168393,-3.818742072388639],[134.0560512972296,-3.818819184757485]]],[[[134.0229014223628,-3.818588261339142],[134.0232012338499,-3.818838104694747],[134.0224873960765,-3.818848812023015],[134.0224873960765,-3.818591829848986],[134.0229014223628,-3.818588261339142]]],[[[134.0007249662842,-3.818310887937029],[134.0004893987668,-3.818258540199418],[134.0006416836668,-3.818020593975183],[134.0008605948407,-3.818099115581644],[134.0007249662842,-3.818310887937029]]],[[[134.0575684454275,-3.818286012689301],[134.0574827841033,-3.818079000445509],[134.0576541049531,-3.817929094252273],[134.0576790899181,-3.818086139263846],[134.0575684454275,-3.818286012689301]]],[[[133.9965437509934,-3.818377436869172],[133.9963622983815,-3.818328459790601],[133.9963986597705,-3.817910853303166],[133.9967213050442,-3.818146559316274],[133.9965437509934,-3.818377436869172]]],[[[134.0571008807011,-3.818093277182902],[134.0570330664229,-3.818403796897643],[134.0564477192869,-3.818924899164669],[134.0563620579627,-3.818193214345358],[134.0571008807011,-3.818093277182902]]],[[[134.1775030452294,-3.817729880929191],[134.1773632519127,-3.817655523183808],[134.1774286865846,-3.817456243310938],[134.1776130952682,-3.817515729866974],[134.1775030452294,-3.817729880929191]]],[[[133.9970022712378,-3.817926404379948],[133.9966667386791,-3.817885730741802],[133.9966398237688,-3.817434128981814],[133.9971441770622,-3.817498318092907],[133.9970022712378,-3.817926404379948]]],[[[133.9992760613412,-3.81734605117934],[133.9989616943268,-3.817248154578648],[133.9989746337724,-3.817014966667356],[133.9993776721419,-3.817085405167278],[133.9992760613412,-3.81734605117934]]],[[[133.9278185153123,-3.817157839262888],[133.9276982705589,-3.817106809031914],[133.9276690147133,-3.816873566262016],[133.9277956626398,-3.816865249331761],[133.9278185153123,-3.817157839262888]]],[[[134.0064150119433,-3.817372723272497],[134.0059723206662,-3.817397934866731],[134.0058701909566,-3.817133234710981],[134.0065034683604,-3.816803236580027],[134.0064150119433,-3.817372723272497]]],[[[134.0021761393174,-3.81764364763624],[134.0018430151431,-3.817379528442435],[134.0024331205921,-3.816715657901229],[134.0025520937043,-3.816944086600207],[134.0021761393174,-3.81764364763624]]],[[[134.0000000011992,-3.817068230814138],[133.9997305301399,-3.816752968974304],[134.0000284116819,-3.816505269602446],[134.0003595285694,-3.816719782192093],[134.0000000011992,-3.817068230814138]]],[[[134.0173996920423,-3.816564704897177],[134.0172387017047,-3.816582891886958],[134.0172169426079,-3.81641016000083],[134.0173376972769,-3.816384573389334],[134.0173996920423,-3.816564704897177]]],[[[133.9990430838712,-3.816228511336719],[133.9988194467601,-3.816151933165182],[133.9988872997092,-3.815880646374728],[133.9992143426679,-3.815965830158843],[133.9990430838712,-3.816228511336719]]],[[[134.0027404692972,-3.815811127881188],[134.0023601846748,-3.815648996304136],[134.0024263747774,-3.815358775187308],[134.0027846736737,-3.815546596797928],[134.0027404692972,-3.815811127881188]]],[[[134.0022385576635,-3.816431582751337],[134.0013885436464,-3.816522004187098],[134.001339606138,-3.815073469764821],[134.0018114876101,-3.815314105861292],[134.0022385576635,-3.816431582751337]]],[[[133.9277609919762,-3.81543783998424],[133.9268413299635,-3.815470799237966],[133.9270160961161,-3.814694605171878],[133.9274291349467,-3.814604458928608],[133.9277609919762,-3.81543783998424]]],[[[134.0014090212094,-3.814893030688784],[134.0010034386578,-3.814892206010414],[134.000904388227,-3.814623672044773],[134.0014392546179,-3.814626608331276],[134.0014090212094,-3.814893030688784]]],[[[134.006056291265,-3.814424786974316],[134.0058478167234,-3.814380447699486],[134.0059176283959,-3.814119619125014],[134.0061479762481,-3.814233806045289],[134.006056291265,-3.814424786974316]]],[[[134.0076430433918,-3.81470224401326],[134.0074682025955,-3.815167880593132],[134.0062574785999,-3.81499376285184],[134.007195215187,-3.813954891205265],[134.0076430433918,-3.81470224401326]]],[[[134.0013012473547,-3.814441009844741],[134.0010327907308,-3.814072184383724],[134.0012157416132,-3.813711183024607],[134.0014471182899,-3.814140882695563],[134.0013012473547,-3.814441009844741]]],[[[134.032802083949,-3.813954910090958],[134.0324113249228,-3.813964790043014],[134.032780815882,-3.813348538604158],[134.0330182521906,-3.81366851558951],[134.032802083949,-3.813954910090958]]],[[[134.0031788636137,-3.813622517964779],[134.0029290211575,-3.813634415096148],[134.0028457394394,-3.813342931331201],[134.0032353761118,-3.813336982315787],[134.0031788636137,-3.813622517964779]]],[[[134.0022538479368,-3.814541583727118],[134.0020852934016,-3.813822592838337],[134.0026583566979,-3.813259649613057],[134.0027981500147,-3.813830720011671],[134.0022538479368,-3.814541583727118]]],[[[134.0537929331974,-3.813142789907767],[134.0536137046089,-3.81311319411857],[134.0537017482371,-3.812892801761317],[134.053774903589,-3.812903901194067],[134.0537929331974,-3.813142789907767]]],[[[134.0019869849115,-3.81342815288688],[134.0016467219188,-3.813316318593232],[134.0025604349161,-3.812883257256486],[134.0025564383291,-3.812969685702397],[134.0019869849115,-3.81342815288688]]],[[[134.0070548669886,-3.809900118795342],[134.0069477910079,-3.809819216683488],[134.0069882416141,-3.809645516227514],[134.0070739029384,-3.809695485258382],[134.0070548669886,-3.809900118795342]]],[[[134.0540097696352,-3.809376705270642],[134.0538080912704,-3.809317324834607],[134.0539802583823,-3.809115407250177],[134.0541009150253,-3.809178009057826],[134.0540097696352,-3.809376705270642]]],[[[134.0069049607954,-3.809571752933996],[134.006660384769,-3.809269623893988],[134.006706070329,-3.809044051441804],[134.0069687631979,-3.809366705708841],[134.0069049607954,-3.809571752933996]]],[[[134.0096457490522,-3.810169026879054],[134.0060518423187,-3.811772475819078],[134.0048754508415,-3.816743053948793],[134.0040936117308,-3.81166317221753],[134.0096457490522,-3.810169026879054]]],[[[134.0541225886866,-3.808726132105258],[134.0539322318871,-3.808678542680502],[134.053960785362,-3.808283552343974],[134.0541035527368,-3.808312105818937],[134.0541225886866,-3.808726132105258]]],[[[134.0250094197491,-3.810980165002567],[134.0446415786459,-3.823244768331316],[134.0401483228868,-3.841179527912855],[134.0044415756184,-3.847030775249996],[133.9982150016212,-3.852487561951337],[133.9941625602541,-3.834580955646485],[133.9983575495613,-3.840004937777655],[133.9966013804495,-3.833246816787097],[134.0061097055986,-3.834198600784758],[134.0067997500085,-3.82998695513386],[133.9956828848572,-3.827754711011069],[133.9970765273599,-3.82712842943336],[133.9977685439832,-3.817434810667899],[134.0070279161055,-3.818350439221321],[134.0059428822583,-3.824192491889969],[134.0141758626261,-3.815686096935769],[134.0181295296542,-3.823278778892439],[134.0281284053016,-3.820920922862195],[134.0229697339661,-3.817237517397468],[134.0178249049955,-3.816808021872633],[134.0250094197491,-3.810980165002567]]],[[[134.0078460383641,-3.808701464600864],[134.0075059066723,-3.808573187102906],[134.0076105382958,-3.807987546787819],[134.0078811793731,-3.808057683115498],[134.0078460383641,-3.808701464600864]]],[[[134.0144590375546,-3.807922910713726],[134.0142395247343,-3.807933686390433],[134.0142580489699,-3.807727919707718],[134.014440928806,-3.807764872850575],[134.0144590375546,-3.807922910713726]]],[[[134.014298417738,-3.807475930569717],[134.0142151369191,-3.807419418970939],[134.0143162638846,-3.80736290737225],[134.0143222120006,-3.807464034337629],[134.014298417738,-3.807475930569717]]],[[[134.0131442736894,-3.807560320252515],[134.0126688318012,-3.80743850887997],[134.012779071597,-3.807005008674105],[134.0130715293277,-3.807189088205812],[134.0131442736894,-3.807560320252515]]],[[[134.0159105028674,-3.806829311723339],[134.0157962880683,-3.806774108638125],[134.0159143096976,-3.806667509298014],[134.0159657059526,-3.806741748332934],[134.0159105028674,-3.806829311723339]]],[[[134.0161770016674,-3.806730326942967],[134.0159676098174,-3.806503802108788],[134.0164206585866,-3.806420044649331],[134.0164244663161,-3.806659894738276],[134.0161770016674,-3.806730326942967]]],[[[134.0155321679753,-3.806845968966213],[134.0145185178154,-3.807436075314532],[134.0142739822585,-3.806585083734573],[134.0148340899214,-3.806255001966788],[134.0155321679753,-3.806845968966213]]],[[[134.0166871591852,-3.806393395039079],[134.0165881726061,-3.806294410258795],[134.016719518591,-3.806140219695367],[134.0168413479499,-3.806258242224006],[134.0166871591852,-3.806393395039079]]],[[[134.015849588188,-3.806482863193564],[134.0155069455891,-3.806465731108569],[134.0155221747087,-3.806193519815062],[134.0157258558636,-3.806149738119904],[134.015849588188,-3.806482863193564]]],[[[134.0119734544114,-3.805935533997642],[134.0116422332026,-3.806430462395907],[134.0112805546539,-3.806281984326068],[134.0113528907234,-3.805543399008629],[134.0119734544114,-3.805935533997642]]],[[[134.0192344969745,-3.805833391697602],[134.0190738960436,-3.805509829115275],[134.0197437848478,-3.805139444229935],[134.0196847281677,-3.805602392736221],[134.0192344969745,-3.805833391697602]]],[[[134.0151311737648,-3.805491280598064],[134.0145572336295,-3.805115801053274],[134.0148106796691,-3.804223121399877],[134.0152408137127,-3.805068515599499],[134.0151311737648,-3.805491280598064]]],[[[134.0195123560106,-3.804562975201156],[134.0191284902877,-3.804334696688796],[134.0199320075562,-3.803556309176217],[134.0199718187445,-3.8040666699408],[134.0195123560106,-3.804562975201156]]],[[[134.0916507239019,-3.803076869801616],[134.0915579246585,-3.802934103326175],[134.092032627304,-3.802523646449066],[134.0920147811573,-3.80283773467365],[134.0916507239019,-3.803076869801616]]],[[[134.0948370713739,-3.801716691971693],[134.0945229822499,-3.801577494006095],[134.0946336267405,-3.801284820438047],[134.0949263003086,-3.801402602847828],[134.0948370713739,-3.801716691971693]]],[[[134.0464673885592,-3.800189383233457],[134.0463358815957,-3.80001284721512],[134.0465774224102,-3.799935937193746],[134.0466467709318,-3.800075660363403],[134.0464673885592,-3.800189383233457]]],[[[134.047293782782,-3.797210030918199],[134.0470487184236,-3.79717668855333],[134.0471368321991,-3.796890148361667],[134.0474878789625,-3.797030182696728],[134.047293782782,-3.797210030918199]]],[[[134.0461160657039,-3.79696986786511],[134.0459990000538,-3.796969738362657],[134.0459735015759,-3.796866814551761],[134.0460979056938,-3.796852253628538],[134.0461160657039,-3.79696986786511]]],[[[134.0461743480678,-3.795599113108564],[134.0462326268343,-3.795981171194088],[134.0458818372771,-3.796121021168089],[134.0460152247228,-3.795668298852897],[134.0461743480678,-3.795599113108564]]],[[[134.1049475987527,-3.795629833050354],[134.1047215496599,-3.795594140756878],[134.104599603389,-3.795445425266111],[134.1049000102273,-3.795487064776173],[134.1049475987527,-3.795629833050354]]],[[[134.0464846222677,-3.795006101050616],[134.0463566397472,-3.794958180675481],[134.046485062036,-3.794605542112064],[134.0466312864048,-3.794704925292061],[134.0464846222677,-3.795006101050616]]],[[[134.0243739444021,-3.794571946138417],[134.0243073190276,-3.794333999914093],[134.0247261036268,-3.794172196589576],[134.0246920004355,-3.794418000190516],[134.0243739444021,-3.794571946138417]]],[[[134.047086700391,-3.793728034021518],[134.0469147644049,-3.793720498602029],[134.0470504828935,-3.793397266970258],[134.0471381820815,-3.793489230743388],[134.047086700391,-3.793728034021518]]],[[[134.0460236756521,-3.792329263584618],[134.0457916793426,-3.79210083488555],[134.0461700133356,-3.791875975595785],[134.0462913651544,-3.792093696966495],[134.0460236756521,-3.792329263584618]]],[[[134.0478796560213,-3.792378042812386],[134.0474561122098,-3.792777792361138],[134.0461616847141,-3.792444668186848],[134.0474227986233,-3.791069338579048],[134.0478796560213,-3.792378042812386]]],[[[134.0458053607289,-3.791213097906068],[134.0456721108793,-3.79113933461255],[134.0457411149606,-3.790958496237609],[134.045864847285,-3.79101084397522],[134.0458053607289,-3.791213097906068]]],[[[134.0459052978913,-3.79090852720674],[134.0457482528797,-3.790746723882135],[134.0459386096792,-3.790575403032362],[134.0460956546908,-3.79075386180128],[134.0459052978913,-3.79090852720674]]],[[[134.1647416923753,-3.789868529608922],[134.1654581067063,-3.793830586412453],[134.1628808196941,-3.800553441388191],[134.1588890106194,-3.793696091901102],[134.1647416923753,-3.789868529608922]]],[[[134.0321974607444,-3.788627001135117],[134.0321022827942,-3.788615104003748],[134.0321201289408,-3.788502079007719],[134.032215306891,-3.788496130891675],[134.0321974607444,-3.788627001135117]]],[[[134.0456917412808,-3.78822865902533],[134.0463460933976,-3.788234608040655],[134.0465959358538,-3.788990087122793],[134.0448827246582,-3.788627218771071],[134.0456917412808,-3.78822865902533]]],[[[134.0413780162825,-3.782947821984342],[134.0411067582703,-3.78279077787205],[134.0414922310817,-3.782640871678813],[134.0415350612941,-3.782822900756225],[134.0413780162825,-3.782947821984342]]],[[[134.1546125472313,-3.78176803017041],[134.1539501515783,-3.781768646205988],[134.1542933607501,-3.781084764849998],[134.1546530805753,-3.781253206969895],[134.1546125472313,-3.78176803017041]]],[[[134.1651208177716,-3.777561506158536],[134.1638260071645,-3.788901958958204],[134.1603322102634,-3.790686001657642],[134.1590197936287,-3.784728307865029],[134.1651208177716,-3.777561506158536]]],[[[134.1559877446387,-3.778818242168105],[134.1556003553721,-3.778701081189942],[134.1563008723874,-3.777009664164568],[134.1563432718247,-3.778366733038199],[134.1559877446387,-3.778818242168105]]],[[[134.1565515736962,-3.7765974077441],[134.1564409292056,-3.77653316287512],[134.1564480671246,-3.77623691989786],[134.1567550174302,-3.776351133797709],[134.1565515736962,-3.7765974077441]]],[[[134.1570524502104,-3.776223832963479],[134.1568811293608,-3.77619884799836],[134.1569739277047,-3.775988266345356],[134.1571202635894,-3.776002543082837],[134.1570524502104,-3.776223832963479]]],[[[134.110528029645,-3.776673261961408],[134.1102175099302,-3.77646981822746],[134.1101675408994,-3.775859486126334],[134.1104994761699,-3.776234250710056],[134.110528029645,-3.776673261961408]]],[[[134.148658819449,-3.775255560795435],[134.1485486965652,-3.77515165132756],[134.1487055347327,-3.775035898687731],[134.1487622711619,-3.77513456510801],[134.148658819449,-3.775255560795435]]],[[[133.9139408178146,-3.774287946931201],[133.9131056273229,-3.774048811803235],[133.9129485832107,-3.772842425237657],[133.9140122024013,-3.7737204459418],[133.9139408178146,-3.774287946931201]]],[[[134.1536838919981,-3.772384030898282],[134.1531715167522,-3.772392613128586],[134.1530843859357,-3.772110964349443],[134.153229112034,-3.772050561384235],[134.1536838919981,-3.772384030898282]]],[[[134.1471840320175,-3.772293163398713],[134.1469395863928,-3.77217528116425],[134.1470225038855,-3.771917590324472],[134.1473082859488,-3.772033785430809],[134.1471840320175,-3.772293163398713]]],[[[134.1564717372809,-3.772409670569823],[134.1563427124463,-3.772259038623707],[134.1565893713025,-3.771868285892646],[134.1565924964466,-3.772203920974063],[134.1564717372809,-3.772409670569823]]],[[[133.8991180533556,-3.771514297446801],[133.8990316437954,-3.771423029748957],[133.8991500089658,-3.77127902580632],[133.8991878281558,-3.771414752388827],[133.8991180533556,-3.771514297446801]]],[[[134.1033949030524,-3.770964246902489],[134.103244881746,-3.770997162988612],[134.1032378355577,-3.77072889342365],[134.1033988124053,-3.770718033210654],[134.1033949030524,-3.770964246902489]]],[[[134.1529951911752,-3.770854442378527],[134.1528173493413,-3.770872433316066],[134.1528566677011,-3.770730178554851],[134.1530013353434,-3.770730319748397],[134.1529951911752,-3.770854442378527]]],[[[134.1526955208816,-3.770414290786819],[134.1525784327485,-3.77038995243433],[134.1525853988971,-3.770310381319034],[134.1527214897051,-3.770267257028229],[134.1526955208816,-3.770414290786819]]],[[[134.1455279880263,-3.769720792080802],[134.1461511669429,-3.770441533050287],[134.1458780761123,-3.77085257268808],[134.1452386653322,-3.770069211924534],[134.1455279880263,-3.769720792080802]]],[[[134.1042190867416,-3.769917765192668],[134.1039959721365,-3.769880780573567],[134.103916755354,-3.769677728944012],[134.1041461580188,-3.769686170880052],[134.1042190867416,-3.769917765192668]]],[[[134.1515203443885,-3.769894761434037],[134.1513953251342,-3.769624338892077],[134.1517379677331,-3.769404477134833],[134.1517464636284,-3.769810212571192],[134.1515203443885,-3.769894761434037]]],[[[134.1529572119059,-3.770071004273381],[134.152150280811,-3.769250288370054],[134.1522935733898,-3.768872870786291],[134.1528686853417,-3.768902789432163],[134.1529572119059,-3.770071004273381]]],[[[134.1468310256313,-3.768705158915944],[134.1468928198479,-3.768916288255999],[134.1466343510944,-3.76905097162499],[134.1466139202962,-3.768808747325794],[134.1468310256313,-3.768705158915944]]],[[[134.1458250152124,-3.768942918081189],[134.1456425319774,-3.76886315181302],[134.1458822678524,-3.768510461988209],[134.1459681099404,-3.768790815743531],[134.1458250152124,-3.768942918081189]]],[[[134.1035312249861,-3.769841829137091],[134.1023748065521,-3.769451598012788],[134.1037453760483,-3.768456982903404],[134.1038595899483,-3.769346900738826],[134.1035312249861,-3.769841829137091]]],[[[134.1520386056972,-3.768508449305477],[134.1518425346054,-3.768241827298427],[134.1522339411436,-3.767768184953793],[134.1522337100177,-3.768006925279346],[134.1520386056972,-3.768508449305477]]],[[[134.1513253839593,-3.768554040436614],[134.1509536716747,-3.768256110331139],[134.1512108058341,-3.767714863250296],[134.1516271595658,-3.76815815887184],[134.1513253839593,-3.768554040436614]]],[[[134.0994424941758,-3.767972231233399],[134.0991718468033,-3.767913152070237],[134.0993110798426,-3.767696487402963],[134.0995058370248,-3.767707969047487],[134.0994424941758,-3.767972231233399]]],[[[133.898251804777,-3.767258400654574],[133.8980661478345,-3.767211518996374],[133.8981149648338,-3.766993229254092],[133.8983259367926,-3.767044376396791],[133.898251804777,-3.767258400654574]]],[[[134.1523751868655,-3.767292127029956],[134.1520947233927,-3.767032351561708],[134.1521206940149,-3.766883590205408],[134.1524582320618,-3.766901225011468],[134.1523751868655,-3.767292127029956]]],[[[134.1505591588782,-3.77119751395403],[134.1487584382514,-3.774695446837375],[134.1465642579342,-3.76627405760164],[134.1496936207641,-3.768658705334962],[134.1505591588782,-3.77119751395403]]],[[[134.1285665260244,-3.764161781241151],[134.1277865431146,-3.763723647728126],[134.1278919823292,-3.762754941187543],[134.1287924006489,-3.763152776979053],[134.1285665260244,-3.764161781241151]]],[[[134.1450402865801,-3.761063600604666],[134.1448582593013,-3.761470488971844],[134.144572722753,-3.76145264282515],[134.1446084150463,-3.761074308832216],[134.1450402865801,-3.761063600604666]]],[[[134.1443901001232,-3.76029741509363],[134.1445376258108,-3.760397352255909],[134.1443448903045,-3.76059246826779],[134.1442877833546,-3.760356900750297],[134.1443901001232,-3.76029741509363]]],[[[133.9157747504044,-3.760303560161107],[133.9155215642688,-3.760252363555663],[133.9155853810605,-3.759849647143445],[133.9158931938159,-3.760091713162053],[133.9157747504044,-3.760303560161107]]],[[[134.1402024043176,-3.761046256279668],[134.1419217758694,-3.761630677113972],[134.1406688547839,-3.763845605690078],[134.1390374198411,-3.759721372343419],[134.1402024043176,-3.761046256279668]]],[[[134.1437791726708,-3.759829255915362],[134.1436215341066,-3.759799511738018],[134.143749430292,-3.759597257807171],[134.1438594803308,-3.75965377030523],[134.1437791726708,-3.759829255915362]]],[[[133.9167854363989,-3.758759346866361],[133.9164794645556,-3.758725045824177],[133.9163597477043,-3.758260618832379],[133.9169292820607,-3.758481807989059],[133.9167854363989,-3.758759346866361]]],[[[134.1410987100374,-3.757300482831008],[134.1408524360911,-3.757286206992807],[134.1408345899444,-3.757047070965472],[134.1410808638908,-3.757111315834452],[134.1410987100374,-3.757300482831008]]],[[[134.1401171800639,-3.756464456869127],[134.1408024652616,-3.758623818134657],[134.1402135478171,-3.75961605273856],[134.1389464848925,-3.756867774927811],[134.1401171800639,-3.756464456869127]]],[[[133.8962986400702,-3.756312056855895],[133.8959107876529,-3.755829025589],[133.8963914393136,-3.755398343858454],[133.8967590749714,-3.756040091077287],[133.8962986400702,-3.756312056855895]]],[[[133.9328402486787,-3.752771091412724],[133.932623021935,-3.752649987806647],[133.9326526995625,-3.752546146687299],[133.9328742286627,-3.752595173228615],[133.9328402486787,-3.752771091412724]]],[[[134.1393615849693,-3.752564879565481],[134.1393020984132,-3.752365599692611],[134.139525173448,-3.75233288325594],[134.1395103013593,-3.752490521820098],[134.1393615849693,-3.752564879565481]]],[[[133.9317837152463,-3.752131674337258],[133.9314568242732,-3.751951079678475],[133.9314549276029,-3.751777235331113],[133.9318011081347,-3.751711935557347],[133.9317837152463,-3.752131674337258]]],[[[133.9316050307476,-3.751554813203997],[133.9314551596279,-3.751586433367107],[133.9313982523275,-3.751520639865616],[133.9316030936079,-3.751414896680119],[133.9316050307476,-3.751554813203997]]],[[[133.9316039353733,-3.750311290933242],[133.9313183997244,-3.750065731048638],[133.931492576821,-3.749825880959603],[133.9317524143426,-3.750014333894372],[133.9316039353733,-3.750311290933242]]],[[[133.9138325790104,-3.749911603437697],[133.9135613803535,-3.74971353495164],[133.9138236136689,-3.749208500871573],[133.9142406221071,-3.749659865210544],[133.9138325790104,-3.749911603437697]]],[[[133.917321878402,-3.748175135773904],[133.9170119171663,-3.747939808375447],[133.9172333374486,-3.747444662341229],[133.9176845039368,-3.74787023412402],[133.917321878402,-3.748175135773904]]],[[[133.916306460175,-3.748143952681263],[133.9159420890563,-3.748044924733465],[133.9163640158866,-3.747322040679604],[133.9167027985953,-3.747801582576907],[133.916306460175,-3.748143952681263]]],[[[133.9143159619122,-3.739304856234041],[133.9141979402827,-3.739293434844074],[133.9140684981627,-3.73916208885923],[133.9142721793177,-3.739131630620188],[133.9143159619122,-3.739304856234041]]],[[[133.911833408585,-3.732941758854993],[133.9113140905729,-3.732819810785573],[133.9114764892487,-3.732198176904314],[133.9119702278438,-3.732471815421848],[133.911833408585,-3.732941758854993]]],[[[133.8736903304444,-3.716480042919626],[133.8981605298847,-3.744591177340942],[133.9045139973232,-3.802057392934246],[133.9232639617624,-3.828985942247412],[133.9195866995666,-3.844612006338968],[133.9248080860244,-3.841461942015004],[133.9304559372918,-3.851736223348004],[133.9228490460467,-3.861921654360836],[133.9251682681012,-3.87384417087169],[133.9177853952798,-3.870613259294389],[133.9213942568396,-3.861782060693455],[133.8955333439887,-3.832175011967179],[133.8836409385785,-3.797249959018314],[133.8846764800356,-3.778586101966999],[133.8660267522328,-3.727476641733565],[133.8736903304444,-3.716480042919626]]],[[[133.9073529465812,-3.707171648752519],[133.9070617011367,-3.706934654910368],[133.9071102420441,-3.706749057323025],[133.9074842925661,-3.706823296357944],[133.9073529465812,-3.707171648752519]]],[[[133.9051133792791,-3.69949282163631],[133.9053600498265,-3.7000484191992],[133.9047002451202,-3.700166895885529],[133.9044790766482,-3.699463260920746],[133.9051133792791,-3.69949282163631]]],[[[133.9041582030387,-3.699117694625878],[133.9035276901508,-3.699265345319327],[133.9037619266717,-3.698475711784591],[133.9039774024353,-3.698536220869888],[133.9041582030387,-3.699117694625878]]],[[[133.8986599791748,-3.690337608094099],[133.8981079438266,-3.690104420182807],[133.8980651136141,-3.689842679695834],[133.8987099482055,-3.689949755676627],[133.8986599791748,-3.690337608094099]]],[[[133.8964311623684,-3.690145578555606],[133.8960828090744,-3.689914296307675],[133.896094229565,-3.689774383381097],[133.8964939800132,-3.689791514566723],[133.8964311623684,-3.690145578555606]]],[[[133.8953174788187,-3.688734051235423],[133.8950819122006,-3.688443757273577],[133.8951033268571,-3.687932173430999],[133.8954007596374,-3.688467552435595],[133.8953174788187,-3.688734051235423]]],[[[133.8668486669324,-3.659639368761772],[133.8666434389436,-3.659576908147757],[133.8664411841135,-3.659127784919283],[133.8666166697236,-3.659118861845981],[133.8668486669324,-3.659639368761772]]],[[[133.8643311974268,-3.658383609416019],[133.8640224619671,-3.65819325171717],[133.8641693941024,-3.657807778905811],[133.8644501696397,-3.658062380574359],[133.8643311974268,-3.658383609416019]]],[[[133.8579310416843,-3.65410069788881],[133.8583098523179,-3.654056916193651],[133.8582451308082,-3.65439194423274],[133.8577026138846,-3.654079758973674],[133.8579310416843,-3.65410069788881]]],[[[133.8549288762667,-3.650645007061362],[133.8547385185679,-3.650571242868564],[133.8548265585989,-3.650416578362384],[133.8549836036104,-3.6504879620497],[133.8549288762667,-3.650645007061362]]],[[[133.8517618138567,-3.648224142729964],[133.8516809117448,-3.647874362211992],[133.8520283126566,-3.647729215231069],[133.852094938031,-3.647971919768247],[133.8517618138567,-3.648224142729964]]],[[[133.8498409941666,-3.646916033847861],[133.8493234613087,-3.646478807750755],[133.8496208940891,-3.645955326776898],[133.8501027337542,-3.64625275955717],[133.8498409941666,-3.646916033847861]]],[[[133.8487851073469,-3.645627556266698],[133.8491206111273,-3.645684663216533],[133.8491301286526,-3.645951162915731],[133.8488755269841,-3.645915470622432],[133.8487851073469,-3.645627556266698]]],[[[133.6132527956801,-3.639986715214663],[133.6136543303832,-3.641723720673065],[133.612488394424,-3.643541033791633],[133.6119601236609,-3.640348838927723],[133.6132527956801,-3.639986715214663]]],[[[133.6082425313678,-3.636354688917701],[133.6083586482331,-3.636571696226712],[133.60825462635,-3.636649010043749],[133.6080843936798,-3.63640103008345],[133.6082425313678,-3.636354688917701]]],[[[133.5995595932008,-3.630075664660096],[133.5983859239713,-3.630480767873115],[133.5972419980199,-3.625697455573087],[133.5996500119386,-3.62783421237898],[133.5995595932008,-3.630075664660096]]],[[[133.836647323715,-3.617746524182655],[133.836534298719,-3.617675139595969],[133.8365402477343,-3.617526424105202],[133.8367484506805,-3.617630525128559],[133.836647323715,-3.617746524182655]]],[[[133.8361357398726,-3.618008264669628],[133.8357788196369,-3.617835754016754],[133.8357758455789,-3.617410425051018],[133.8363409678614,-3.617603756807933],[133.8361357398726,-3.618008264669628]]],[[[133.8369998876348,-3.616225417169241],[133.8369180340401,-3.616231127864269],[133.836874252345,-3.616094071184397],[133.8369542020748,-3.616111203269393],[133.8369998876348,-3.616225417169241]]],[[[133.8373755578358,-3.610886656593928],[133.8372661022489,-3.610781961118528],[133.8373755578358,-3.610617778187899],[133.8374279055735,-3.610641573349918],[133.8373755578358,-3.610886656593928]]],[[[133.5728887500159,-3.595880955641542],[133.5721516207008,-3.594400066309936],[133.57250597607,-3.593925000338485],[133.5735136178592,-3.594893021595594],[133.5728887500159,-3.595880955641542]]],[[[133.8393864401322,-3.58906964694661],[133.8392931651476,-3.589075357641638],[133.8393401915967,-3.588933496783378],[133.83936440944,-3.588946054916489],[133.8393864401322,-3.58906964694661]]],[[[133.8391941803672,-3.588818376366889],[133.8390323761434,-3.588808857942441],[133.8390476052629,-3.58862992163356],[133.8392208299774,-3.588728908212493],[133.8391941803672,-3.588818376366889]]],[[[133.8393731148774,-3.58874413733197],[133.839266514638,-3.588504287243024],[133.8394054760819,-3.588388168579096],[133.8394511616418,-3.588424336613796],[133.8393731148774,-3.58874413733197]]],[[[133.8392108358115,-3.587952727636237],[133.8387896707067,-3.587324550287788],[133.8393857260704,-3.586528619700038],[133.839710523422,-3.587513717284166],[133.8392108358115,-3.587952727636237]]],[[[133.6506780439567,-3.585513164600831],[133.649746843642,-3.584597849910745],[133.6498683222653,-3.584055171109204],[133.6505139509581,-3.584438347951371],[133.6506780439567,-3.585513164600831]]],[[[133.8375751551694,-3.583117424629359],[133.8371379290722,-3.582870556231102],[133.8372291284217,-3.582579770340091],[133.837506259906,-3.582560810832705],[133.8375751551694,-3.583117424629359]]],[[[133.6487941917986,-3.580756468636073],[133.6484043842549,-3.580388699878581],[133.6484597842918,-3.579706099157034],[133.6486229428946,-3.579733648089325],[133.6487941917986,-3.580756468636073]]],[[[133.8215101256918,-3.57191554836376],[133.821110376143,-3.571906029939312],[133.8211008577184,-3.571544352289971],[133.8215957861168,-3.571591941714727],[133.8215101256918,-3.57191554836376]]],[[[133.6444808274283,-3.571477899585387],[133.6479024924061,-3.576297497731298],[133.6479852965842,-3.578423308888537],[133.6427771328584,-3.574391550129866],[133.6444808274283,-3.571477899585387]]],[[[133.8241084973093,-3.568736587923096],[133.8236289005533,-3.568729853799615],[133.8232804447368,-3.568355875223419],[133.823775373135,-3.568117928999184],[133.8241084973093,-3.568736587923096]]],[[[133.8225380525892,-3.566166769780546],[133.8213483223673,-3.56655700180413],[133.8239181396106,-3.57004053294421],[133.8221287864144,-3.571677602139614],[133.8186642903248,-3.567537340176033],[133.8214720537923,-3.565538593331377],[133.8225380525892,-3.566166769780546]]],[[[133.8244796933832,-3.566300019630189],[133.8230710519876,-3.567832393350193],[133.8232614087871,-3.563606470062533],[133.8241941577343,-3.5636921313867],[133.8244796933832,-3.566300019630189]]],[[[133.8245493899425,-3.563536245601176],[133.8243342873976,-3.56340680258185],[133.8243171553125,-3.563035607407341],[133.8246864466224,-3.563319239191534],[133.8245493899425,-3.563536245601176]]],[[[133.8334849413771,-3.558238296260255],[133.8326640267235,-3.558630906990759],[133.8323475579934,-3.558473862878467],[133.8332898253652,-3.557579185830731],[133.8334849413771,-3.558238296260255]]],[[[133.6302651862894,-3.46586788119774],[133.6232981240092,-3.466486541021021],[133.6246704390896,-3.460247657103624],[133.6295608660411,-3.462803134656925],[133.6302651862894,-3.46586788119774]]],[[[133.6339470853898,-3.45153641907048],[133.6337924199843,-3.451518572923787],[133.6337388824435,-3.451322267108894],[133.633899495965,-3.451268728668813],[133.6339470853898,-3.45153641907048]]],[[[133.6321267973139,-3.450495404339351],[133.6317996212556,-3.450412122621296],[133.6315378807686,-3.450007614759512],[133.6320375665805,-3.450037358037575],[133.6321267973139,-3.450495404339351]]],[[[133.6337210362968,-3.450774990973018],[133.6330607360642,-3.451131910309327],[133.6322933598508,-3.450090895578375],[133.6331618630296,-3.449745874272628],[133.6337210362968,-3.450774990973018]]],[[[133.5101859008587,-3.443512212718394],[133.5195255032994,-3.448073226997808],[133.4872321634336,-3.446462112236651],[133.4980746616164,-3.445628330982656],[133.5101859008587,-3.443512212718394]]],[[[133.6742075651271,-3.434528031343545],[133.663604686807,-3.437145438011482],[133.661187155363,-3.435708244040184],[133.6708001768867,-3.427922647612005],[133.6742075651271,-3.434528031343545]]],[[[133.5926183738389,-3.426469354876785],[133.5958432212877,-3.428478811747729],[133.5935892351552,-3.4306305449636],[133.5908868146749,-3.427952597734121],[133.5926183738389,-3.426469354876785]]],[[[133.6288486497455,-3.423251659736229],[133.628680792185,-3.422577936222718],[133.629025940295,-3.422456151829925],[133.629063969027,-3.422840240584593],[133.6288486497455,-3.423251659736229]]],[[[133.538099525273,-3.419780360275373],[133.5379339969565,-3.42037871430623],[133.5373904458125,-3.420784492010645],[133.5372905077507,-3.419861260588666],[133.538099525273,-3.419780360275373]]],[[[133.5370097322134,-3.419689939738893],[133.5373238213374,-3.421008160598118],[133.5366575720893,-3.422340659993475],[133.5363292062279,-3.420189627349382],[133.5370097322134,-3.419689939738893]]],[[[133.6315207981465,-3.41931715816022],[133.6311983318376,-3.418790782268724],[133.6320171195945,-3.418102254115654],[133.6320145007686,-3.418623154035297],[133.6315207981465,-3.41931715816022]]],[[[133.6083028515953,-3.417366820922021],[133.6281006449288,-3.428158632414904],[133.6169120003886,-3.452405387198867],[133.5973790798808,-3.43265396201067],[133.6083028515953,-3.417366820922021]]],[[[133.6618605542212,-3.373821419023207],[133.6617463403215,-3.373754793648745],[133.6617939288469,-3.373645338961209],[133.6619033844337,-3.37365961569869],[133.6618605542212,-3.373821419023207]]],[[[133.6741606852675,-3.316992918088671],[133.6723998837477,-3.317097613563982],[133.671828813349,-3.315603312642759],[133.6738465961436,-3.315831741341738],[133.6741606852675,-3.316992918088671]]],[[[133.6674950208786,-3.308822110551882],[133.671808005735,-3.313490618996775],[133.6709973406548,-3.3164579482756],[133.6671644777586,-3.315087159344879],[133.6674950208786,-3.308822110551882]]],[[[133.6663554908133,-3.221895194707416],[133.6661984458017,-3.222018927031803],[133.6662936246511,-3.221419303158227],[133.6665030174003,-3.221595383220313],[133.6663554908133,-3.221895194707416]]],[[[133.6667933113623,-3.218939903753506],[133.6667219276749,-3.218973217340062],[133.6669265612119,-3.218183235767727],[133.6669455971616,-3.21839262761763],[133.6667933113623,-3.218939903753506]]],[[[133.6704124827499,-3.218070155013633],[133.6699220086938,-3.217984240080598],[133.6702154547795,-3.216408939021312],[133.6707707861429,-3.217677627020768],[133.6704124827499,-3.218070155013633]]],[[[133.6816464693092,-3.204715671391048],[133.6813894871352,-3.204439653267313],[133.6814465940851,-3.204116046618191],[133.6819891119081,-3.204430135742145],[133.6816464693092,-3.204715671391048]]],[[[133.6867575512201,-3.203221368671175],[133.6860722669216,-3.204782295866229],[133.6851966249244,-3.204315920943015],[133.6851775889746,-3.203145226670825],[133.6867575512201,-3.203221368671175]]],[[[133.6895177261622,-3.202935833921552],[133.6877283711676,-3.203630636644464],[133.688175710141,-3.201222621826519],[133.6891750835633,-3.201393942676203],[133.6895177261622,-3.202935833921552]]],[[[133.6847968753756,-3.201708031800157],[133.6843971258267,-3.201517675000678],[133.6843685732511,-3.200832390702216],[133.6847873578504,-3.201308283150686],[133.6847968753756,-3.201708031800157]]],[[[133.7007297458812,-3.200301770909933],[133.7003490331814,-3.200320805960358],[133.7001301220076,-3.199882986310756],[133.7006440863555,-3.199730699612038],[133.7007297458812,-3.200301770909933]]],[[[133.6989308742606,-3.181875225161493],[133.6985501597621,-3.181789563837237],[133.6988261778858,-3.181418367763358],[133.6990355697358,-3.181599207037758],[133.6989308742606,-3.181875225161493]]],[[[133.772014342388,-3.174847492817515],[133.7716336278896,-3.174857010342683],[133.7714527886154,-3.174714242967871],[133.7718906100637,-3.174542922118098],[133.772014342388,-3.174847492817515]]],[[[133.6607221878787,-3.167807678081827],[133.661367616922,-3.168685104334015],[133.6606329580446,-3.170764157939557],[133.6596365586803,-3.169268071863998],[133.6607221878787,-3.167807678081827]]],[[[133.7064508721102,-3.170681651437038],[133.704128517717,-3.168483029368277],[133.7055086047384,-3.1666746393231],[133.7077833697068,-3.169472885265437],[133.7064508721102,-3.170681651437038]]],[[[133.7158545017838,-3.164437946254209],[133.7155499310845,-3.164428427829671],[133.7156165555597,-3.163762178581633],[133.7160353410581,-3.163971571330906],[133.7158545017838,-3.164437946254209]]],[[[133.7160924480081,-3.163276768607906],[133.7153215032848,-3.162972197908578],[133.7154071628104,-3.161249468288288],[133.7160353410581,-3.161715842312221],[133.7160924480081,-3.163276768607906]]],[[[133.6635622334104,-3.157749457971073],[133.664886403285,-3.16104739062453],[133.6626163966294,-3.163092537990122],[133.6605248514408,-3.159002245057499],[133.6635622334104,-3.157749457971073]]],[[[133.6968759206873,-3.157651723248359],[133.6962382249142,-3.157366186700086],[133.6959526901647,-3.156071761002879],[133.696771225212,-3.15672849182638],[133.6968759206873,-3.157651723248359]]],[[[133.6936118259252,-3.155556809199281],[133.7004451122522,-3.16538973025178],[133.6996360956293,-3.170101062613886],[133.6899564478319,-3.155519725654779],[133.6936118259252,-3.155556809199281]]],[[[133.6902419843802,-3.151779213240038],[133.6900421091561,-3.151731623815371],[133.6900421091561,-3.151541267015803],[133.6902419843802,-3.151722106290114],[133.6902419843802,-3.151779213240038]]],[[[133.6950580131169,-3.15313074678645],[133.6941252641697,-3.153083158261063],[133.6936874427214,-3.151436570641211],[133.6944393532936,-3.151931499039387],[133.6950580131169,-3.15313074678645]]],[[[133.6903276439057,-3.150884536192303],[133.6901277686816,-3.151227177891849],[133.6890332173092,-3.150903571242816],[133.6895186272828,-3.150646589968156],[133.6903276439057,-3.150884536192303]]],[[[133.7697205423692,-3.148873295965851],[133.7701964339184,-3.151052882984098],[133.7688353819474,-3.152271166680956],[133.7679121514248,-3.146988763020955],[133.7697205423692,-3.148873295965851]]],[[[133.7635720151364,-3.141182878387097],[133.7624108383895,-3.140840235788181],[133.7620681948913,-3.134977244204398],[133.7644952447598,-3.13805150827047],[133.7635720151364,-3.141182878387097]]],[[[133.7610497864186,-3.131988640563213],[133.7598790912472,-3.130066035718906],[133.7602407688964,-3.128219574673599],[133.7617445891416,-3.129580625745268],[133.7610497864186,-3.131988640563213]]],[[[133.7610688223683,-3.12094794169411],[133.7607452148199,-3.124022205760093],[133.7588035749251,-3.125916256230157],[133.7583943069518,-3.121423834142581],[133.7610688223683,-3.12094794169411]]],[[[133.9040856844068,-3.11962976490168],[133.903032514439,-3.119025163280645],[133.9033620152449,-3.117870095628364],[133.9046956828596,-3.118463684151676],[133.9040856844068,-3.11962976490168]]],[[[133.7605358220705,-3.116084324432025],[133.7604216081708,-3.116569734405664],[133.7597934308222,-3.117473928978567],[133.7600313770465,-3.115065914160533],[133.7605358220705,-3.116084324432025]]],[[[133.9051827269014,-3.117915816261865],[133.9016664991098,-3.115732768652338],[133.9014561368913,-3.112502351702132],[133.9060627881672,-3.115278736024754],[133.9051827269014,-3.117915816261865]]],[[[133.7846572122607,-3.113075891639008],[133.7831224589344,-3.112100313378699],[133.7828131290227,-3.108364559276902],[133.7836697350702,-3.108792862300705],[133.7846572122607,-3.113075891639008]]],[[[133.7785245481695,-3.108717511703743],[133.7783817798954,-3.108631852178137],[133.7783532264203,-3.108279692054142],[133.7784959937951,-3.108489083904045],[133.7785245481695,-3.108717511703743]]],[[[133.7857279693703,-3.106889293406104],[133.7877671668214,-3.107260488580701],[133.7881098103196,-3.107926737828651],[133.7858469415831,-3.107638822573547],[133.7857279693703,-3.106889293406104]]],[[[133.9098105149434,-3.10747265843643],[133.9088301765715,-3.106968211613628],[133.9090490877453,-3.10626389136546],[133.9098771403178,-3.106311480790128],[133.9098105149434,-3.10747265843643]]],[[[133.7595745196485,-3.104510625265069],[133.7612496607432,-3.112667417767037],[133.7601360734211,-3.114256898437054],[133.7589939317246,-3.113714379714752],[133.7595745196485,-3.104510625265069]]],[[[133.7755272202051,-3.102539637793969],[133.7746325422581,-3.102139889144498],[133.7750893987568,-3.101511710896679],[133.7755462561548,-3.101625924796528],[133.7755272202051,-3.102539637793969]]],[[[133.9064221626528,-3.104312733046102],[133.9033478985867,-3.102390129101165],[133.9022438287898,-3.09884949101116],[133.906631555402,-3.099982114283042],[133.9064221626528,-3.104312733046102]]],[[[133.7599338185908,-3.092530831832432],[133.7593437122426,-3.093358885304268],[133.7585918025697,-3.093806223378495],[133.7584966237202,-3.092721188631911],[133.7599338185908,-3.092530831832432]]],[[[133.765656422406,-3.087605348408021],[133.7653804051816,-3.087586311559035],[133.7654755831318,-3.087119938434382],[133.765684975881,-3.08738643813358],[133.765656422406,-3.087605348408021]]],[[[133.8682675057408,-3.054891328172252],[133.867867756192,-3.054777114272403],[133.8677464043732,-3.053270915320441],[133.8690455892826,-3.053570726807544],[133.8682675057408,-3.054891328172252]]],[[[133.7750957443732,-3.051939606627554],[133.7932272369475,-3.086156256406072],[133.7926204751549,-3.109225131334695],[133.7829717604385,-3.098910167370297],[133.7738346295646,-3.100856565577972],[133.7594698241732,-3.075984059816486],[133.759526931123,-3.060726956084084],[133.7750957443732,-3.051939606627554]]],[[[133.7476428858106,-3.04311621414193],[133.7470919332462,-3.036938378903001],[133.7505572576113,-3.033233717062325],[133.752651069991,-3.037025121212336],[133.7476428858106,-3.04311621414193]]],[[[133.7688638940536,-3.033037421140053],[133.7685783593039,-3.033397908986293],[133.7677859981254,-3.03341932364283],[133.7688038067504,-3.032176447085336],[133.7688638940536,-3.033037421140053]]],[[[133.7681930267868,-3.024350374869902],[133.7681989758022,-3.023481871691017],[133.768603483664,-3.023184438910656],[133.7686748682507,-3.023820944880631],[133.7681930267868,-3.024350374869902]]],[[[133.8446178998962,-2.938820364268294],[133.8445679308655,-2.938442030275448],[133.84504620292,-2.938327814576949],[133.8449676813135,-2.938663319256721],[133.8446178998962,-2.938820364268294]]],[[[133.8169370398126,-2.924765434677015],[133.8132471070683,-2.923162033401086],[133.8101937432467,-2.918495507961241],[133.8131558843367,-2.91927190437489],[133.8169370398126,-2.924765434677015]]],[[[133.8139834512754,-2.906781046008414],[133.8222341518847,-2.916287364770012],[133.8222443519953,-2.922034483204852],[133.8060848271531,-2.910403252607965],[133.8139834512754,-2.906781046008414]]],[[[133.9933367433961,-2.787095674425791],[134.0097223622972,-2.790131916954389],[134.021532763926,-2.813710080655676],[134.0335722597521,-2.814409010367472],[134.0365594352698,-2.821318539418963],[134.0230125470914,-2.828664568814768],[134.05512315461,-2.893186402930128],[134.0530869348143,-2.907071167300471],[134.0622392381504,-2.913831843264949],[134.0634510296413,-2.927652013829343],[134.1004431644205,-2.935633657966877],[134.1209946948494,-2.956731394338322],[134.1409458046053,-3.01608521675927],[134.1592354690418,-3.009034108337419],[134.1683696699243,-3.019438309330427],[134.1925433988588,-3.014056955963687],[134.2029133842453,-3.054045220810211],[134.1972936826573,-3.108552729824579],[134.2076935830925,-3.136351269795215],[134.1968941336574,-3.145452374727212],[134.1980422243693,-3.181521303265436],[134.2230990362915,-3.241955108041752],[134.2089997962037,-3.257117824328118],[134.2290516480152,-3.279016825166339],[134.2314925852147,-3.300195296375799],[134.260886977552,-3.325042332437603],[134.2595037186218,-3.343772168250927],[134.246725740001,-3.353328286071447],[134.2529618063423,-3.363427785963482],[134.2898066528548,-3.387375378570814],[134.3449169522556,-3.470142193407424],[134.3730172048801,-3.472794544132876],[134.3930643190631,-3.461592913382175],[134.4353287149484,-3.48709897084081],[134.4467792870346,-3.479903178588797],[134.4583678807732,-3.491483192795],[134.4670549720095,-3.483818867246915],[134.5020299112515,-3.49913313818371],[134.5331691178606,-3.479557861406127],[134.5411303410924,-3.491811668373737],[134.5511205436782,-3.479214322183191],[134.5989580068066,-3.475452478748833],[134.6055910851605,-3.462248731393805],[134.5978892030244,-3.432248118655748],[134.587326025276,-3.422848174403706],[134.5941239160859,-3.400896860901328],[134.6200036913174,-3.402532978614017],[134.6146443110862,-3.389607051624102],[134.6244446101307,-3.371332258376983],[134.6024531050268,-3.321626520247703],[134.5863913742626,-3.304346242285197],[134.6241388891984,-3.318888888611296],[134.6313927030109,-3.312250633759708],[134.6547803876049,-3.314414649916111],[134.681761790974,-3.295621723963363],[134.6938694248341,-3.308217252624049],[134.7100126323771,-3.308957578129748],[134.7145913965757,-3.301112664218023],[134.7275751796509,-3.318314235313638],[134.7272775094495,-3.360864691152512],[134.7518573407438,-3.370430124150817],[134.7604916120982,-3.387765785962207],[134.7675348172781,-3.377905299789655],[134.8098379667488,-3.369370391830076],[134.8328663532997,-3.386207135850652],[134.8560651478883,-3.388412733061122],[134.8687182997098,-3.424155070100346],[134.9178052206345,-3.439228495398686],[134.9268886071236,-3.459877648134915],[134.924908285589,-3.476458036808852],[134.9387777830683,-3.488151469914394],[134.9574089632531,-3.490388162983285],[134.9641904270466,-3.510718277626415],[134.976533167072,-3.513904851727448],[134.9886969716881,-3.531227327678968],[134.9863365462947,-3.54222995644731],[135.0066636158333,-3.551445132286959],[134.9920346894494,-3.563301700612945],[134.9884700664406,-3.581912893365294],[135.0101993040547,-3.582455410288857],[135.0142539055934,-3.598845138192511],[135.0352121975849,-3.600215706789436],[135.0498558665551,-3.610671866113682],[135.0721407179199,-3.584180097733272],[135.1189160880072,-3.579170106814969],[135.1345839363996,-3.5822064689534],[135.1390612067094,-3.612519921657034],[135.1749417866342,-3.573409404120634],[135.2028153948147,-3.584888473923867],[135.1822740087385,-3.605345248184635],[135.1908457277482,-3.613852837438428],[135.1888185938031,-3.624834769209231],[135.1592364760826,-3.63246024944093],[135.1286977935683,-3.688918315128101],[135.1012802172083,-3.683116117714638],[135.0684546495625,-3.693369837847696],[135.0510365783755,-3.688801690145807],[135.0413545977366,-3.711518785363557],[135.0161397614409,-3.721484079426654],[135.0403336019143,-3.760906461164184],[135.0335670821552,-3.777411885949691],[135.0435120830163,-3.783117143641215],[135.0453792428578,-3.806706691860276],[135.0270925677679,-3.831988481782991],[135.0291697606759,-3.848788767287717],[135.0222710999314,-3.848294942357613],[135.0198038917363,-3.860040865293593],[135.0334473338274,-3.867888584190807],[135.0332213782641,-3.880915235249896],[135.0596993501449,-3.869773463374562],[135.060133663338,-3.884229888998084],[135.0928487393779,-3.915540334618653],[135.0869771340876,-3.922999349440362],[135.0967913807177,-3.92191824473114],[135.0872483057648,-3.940624422978692],[135.0988829690739,-3.953786592876865],[135.0911423342514,-3.968358728872159],[135.0580132598041,-3.969183972862014],[135.0588846120353,-3.976691713851535],[135.0410003718697,-3.983692168858413],[135.0455474862276,-3.9900474547262],[135.0360412663914,-3.99000883064298],[135.0305481003146,-4.010192870204746],[135.0542338067448,-4.026948473792993],[135.0432099377885,-4.044201363801816],[135.0533864214463,-4.051533938440491],[135.0420416815784,-4.049404035367912],[135.0408067631217,-4.066856454361803],[135.0125938209482,-4.079578662425279],[134.9936974441817,-4.13322747356897],[134.9747603326233,-4.136137017809085],[134.9574634486793,-4.154671498390863],[134.9624893602958,-4.167916767444771],[134.9501545873644,-4.201318676415758],[134.9343189641489,-4.20645587373947],[134.9358970647978,-4.226559348435169],[134.914370699848,-4.226933232582544],[134.8854899382102,-4.252455060552565],[134.8147272497629,-4.252033768643473],[134.8096596932403,-4.234723938958565],[134.788344481013,-4.233096387288418],[134.7654380047602,-4.209116535999227],[134.7332724513626,-4.206560994594158],[134.7219366993193,-4.195425117774912],[134.7273831186361,-4.181572868393138],[134.7135790369431,-4.152380950320536],[134.719191653672,-4.154455134996462],[134.715749488648,-4.13463933094034],[134.700818262353,-4.119685054121971],[134.6965472227761,-4.118389544741666],[134.6914929258579,-4.119420968203061],[134.6824627864285,-4.125227058781691],[134.6791520267446,-4.123973545942386],[134.6728775593519,-4.124361032335758],[134.6687906622593,-4.122987894375798],[134.6631547234118,-4.12297264007522],[134.656411926869,-4.128564316090236],[134.6649490273758,-4.132895436674991],[134.6813981384135,-4.131296907026607],[134.6984399719271,-4.119722557649899],[134.7122284126112,-4.136101411850637],[134.6929895614192,-4.140302806129606],[134.6514413838129,-4.132534053104012],[134.6291780379362,-4.11787252899394],[134.6543903723179,-4.052021115581963],[134.6520786263276,-4.077984587118946],[134.642869186364,-4.089298767124363],[134.644840788072,-4.095427547942945],[134.645620118074,-4.094431203437201],[134.6446697253276,-4.090055301111198],[134.6469908602401,-4.088597750985359],[134.6463398482054,-4.097604743663988],[134.647528781628,-4.102207559331353],[134.6486093854149,-4.102386473157152],[134.6563190152104,-4.07333940888657],[134.6780932252223,-4.084781673935092],[134.6756589430058,-4.074277615819247],[134.7246589579446,-4.056765792107589],[134.688221481836,-4.054474924777976],[134.6749852932368,-4.043782148427313],[134.6679451853221,-4.030774560297681],[134.6740674046871,-4.008878448081868],[134.6622873749625,-3.981674848315533],[134.6809388798255,-3.980593481903652],[134.6872636319111,-3.969376193956078],[134.7182726229832,-3.955728114960502],[134.7250540867767,-3.955585346686322],[134.7269100662466,-3.958821414076999],[134.7255299792253,-3.960439447322608],[134.7264817632228,-3.962533373016688],[134.7329129203951,-3.964136563851264],[134.7310944570436,-3.955503869008295],[134.7421662886434,-3.95492416421879],[134.7430020735869,-3.947872869637228],[134.7684873612028,-3.93406963330685],[134.8338066970215,-3.950662036024058],[134.8298767199348,-3.96331115078892],[134.8462034008664,-3.985604876663709],[134.8579761811559,-3.988902810216446],[134.8662805002449,-3.98158358781229],[134.8654776799511,-4.003837531277002],[134.8706458688118,-3.992530332708702],[134.8747575781997,-3.996841916421248],[134.8814889146818,-3.993894715768478],[134.8711525360608,-3.98876935712005],[134.8685906652271,-3.976970668261684],[134.9462478568531,-3.982920483093791],[134.9469600893367,-3.970446484317749],[134.9701737488195,-3.962298295629799],[134.9622826403316,-3.947974411190083],[134.9120049396763,-3.962924928842407],[134.9087254557153,-3.95117756609176],[134.9333935527704,-3.936847157969916],[134.93225022217,-3.9338181037224],[134.9213522906757,-3.93397276912795],[134.9101244752644,-3.941001381008904],[134.8878050737452,-3.932735236342014],[134.8757790092938,-3.950474977937882],[134.8598702253308,-3.939392083777607],[134.8088875452242,-3.935999706121487],[134.77127719039,-3.916243042382453],[134.7492714382264,-3.923518915665428],[134.7410441721509,-3.918170804838697],[134.7472116184215,-3.928453790709854],[134.7395686553692,-3.939742540585714],[134.706872218678,-3.918377356629657],[134.6607858668743,-3.923617405818527],[134.6554059056581,-3.93215491191963],[134.6684156089931,-3.937805388308016],[134.6259168066154,-3.952572131298806],[134.6273708565799,-3.962956593072223],[134.6120381621315,-3.968004351019941],[134.6131469911408,-3.988472871325913],[134.6042646723767,-3.999268754948984],[134.5695667656937,-3.998702967168091],[134.5453226459234,-4.036456372663435],[134.5407129612342,-4.031063807448712],[134.5061891282258,-4.043701148289339],[134.4920694069777,-4.029595702879332],[134.5001928867923,-4.026440537600687],[134.4979086042987,-4.017103533301361],[134.4849738540602,-4.014719312746065],[134.4464408631554,-3.981116565377166],[134.4696988511212,-3.985857113115257],[134.4753306917582,-3.972475155204227],[134.455179748147,-3.948872976007037],[134.458049856216,-3.944868649268665],[134.4524295691694,-3.933699458862863],[134.4431211183449,-3.931300961570086],[134.4381956340213,-3.918194891381058],[134.4185067117154,-3.922683578584232],[134.4128198451598,-3.915830177120919],[134.4064014808438,-3.923715781757922],[134.3529442531748,-3.896689566070568],[134.3326397260425,-3.877900256291758],[134.3239268431493,-3.883550746169886],[134.3258250682724,-3.894780596747063],[134.360370535372,-3.915904848729726],[134.3421351720007,-3.914579045686375],[134.36028655578,-3.94946601504447],[134.3498183932044,-3.966179135558592],[134.3468987936445,-3.963259537797439],[134.3390894029536,-3.966621716219246],[134.3371977320897,-3.963744947771078],[134.3327505189213,-3.966014954426525],[134.3302449474464,-3.96293831075443],[134.32112209331,-3.960996669960329],[134.317288781652,-3.962317271324947],[134.2821274857949,-3.93429435859767],[134.2693821948325,-3.936987635670766],[134.2717744508303,-3.94747895219181],[134.3143490372783,-3.987168362429896],[134.3134638768565,-3.990651892670696],[134.316033694999,-3.99001419689762],[134.3162430877484,-3.993117015337935],[134.3251890110641,-4.005357740767026],[134.3238954343269,-4.008712001557571],[134.333567943306,-4.020502231392767],[134.3174827870011,-4.045201035799087],[134.2949373939456,-4.044558581713156],[134.2905948780513,-4.047889827053799],[134.2868710210808,-4.033546436318927],[134.2904687661208,-4.025018447743081],[134.2499608217346,-3.977105621427215],[134.2385394092664,-3.966807313806411],[134.2464582546449,-3.983558720258687],[134.2113564471424,-3.970804809294462],[134.191844865748,-3.956965862684372],[134.1726759278519,-3.927841260665657],[134.1628725486292,-3.926642012019224],[134.1689258979119,-3.922930053079446],[134.1691923976111,-3.890293366445599],[134.1614401138702,-3.911380149973878],[134.1445492846218,-3.894193770226265],[134.1367149089659,-3.897507170319583],[134.1328280597673,-3.895970038286547],[134.1280467583512,-3.903328052947222],[134.1198661706873,-3.902128805200158],[134.1199682626253,-3.909929840289886],[134.1181529585922,-3.901828992813686],[134.1153975428624,-3.901743332388799],[134.1095565154209,-3.906552797873333],[134.1128596821288,-3.894467514863889],[134.1078879636587,-3.896018348967603],[134.1054180835778,-3.898388291886137],[134.1275412952946,-3.874978525338671],[134.149231560788,-3.867177590972995],[134.191376670597,-3.832781747679428],[134.1748083688112,-3.823298133202238],[134.1665358137768,-3.7886493034226],[134.1738176567595,-3.776068643253241],[134.1696428923057,-3.771790609648898],[134.1556678827667,-3.779728988302081],[134.1597367610427,-3.774946271353288],[134.1547898620626,-3.763672384572805],[134.1497834756269,-3.767746022061205],[134.1480488488753,-3.758406638155767],[134.1456173068933,-3.761537114346305],[134.1448701564326,-3.758158278681536],[134.1418113589071,-3.760356900750297],[134.1402394581845,-3.746038199103532],[134.1362652092721,-3.740588894761634],[134.1274015307561,-3.762274313808492],[134.1107673509325,-3.748724376029047],[134.0982030674177,-3.766156581860772],[134.1128658496793,-3.77798672360832],[134.1177622364381,-3.791683438839557],[134.0595701375519,-3.82219288799133],[134.054278217266,-3.806559829872194],[134.0509660069758,-3.811404412083943],[134.0461309422892,-3.802619442233437],[134.0486648783815,-3.793436902790839],[134.0485579921577,-3.789244491839819],[134.0443106542135,-3.784283316122108],[134.0422524208126,-3.786734160253216],[134.0419549880323,-3.782903228201365],[134.0418003226268,-3.782463028046282],[134.0411221771468,-3.782439232884263],[134.0035455756679,-3.807334676753873],[133.9918112863619,-3.823835587842053],[133.9917898708059,-3.826733770946669],[133.9842231846524,-3.822793384207282],[133.9789740936796,-3.847934769274167],[133.9724566609462,-3.849573441960688],[133.9694887012427,-3.851472591586782],[133.9749556610751,-3.843070442446875],[133.9633916610964,-3.846693442248553],[133.9642063560386,-3.852595687440965],[133.970892583426,-3.853518928755564],[133.9602778646319,-3.862274145435476],[133.9606704771609,-3.856430188002749],[133.9327519379516,-3.828027487078847],[133.9313935308868,-3.813798109695002],[133.9136332343863,-3.784573569614549],[133.9179984455719,-3.750930277210498],[133.9420412224246,-3.77233094032057],[133.9337677572762,-3.748924485076868],[133.9271289376504,-3.753446486765879],[133.916961938243,-3.743993487009758],[133.9128369377745,-3.749293486804886],[133.9069109639698,-3.699316648944142],[133.8389403152435,-3.630279621907009],[133.8408027959124,-3.585031136977326],[133.8328297600854,-3.555387236731525],[133.8182053069295,-3.56471378461343],[133.8010698512927,-3.58683332259975],[133.7885623671596,-3.586755955722667],[133.7932524404479,-3.594493301724436],[133.7839487470371,-3.600572824875917],[133.7861851766047,-3.641231519019319],[133.7905907241826,-3.633852468316759],[133.794435932972,-3.661149644340592],[133.81833523918,-3.70887211385689],[133.8163174563856,-3.727003607330539],[133.7613017872477,-3.669823412120701],[133.7523359781229,-3.645590981738403],[133.733148004277,-3.647846710757088],[133.7008349242924,-3.673582961384517],[133.6901273486983,-3.67045159036852],[133.7075069315997,-3.603674395956505],[133.6695640470432,-3.547633330613634],[133.6689739406949,-3.532442852255782],[133.653323036429,-3.524407411572719],[133.6551123914238,-3.51199614320741],[133.650372503788,-3.515812799421061],[133.6456516539008,-3.499632464266769],[133.6322790831133,-3.494312061552376],[133.6211336869701,-3.476523138731816],[133.633525920285,-3.469365719652176],[133.6351368147123,-3.447767352281497],[133.658208069247,-3.444245750141198],[133.6809033675964,-3.431515634338991],[133.6913848940976,-3.410248010637121],[133.7003887751219,-3.412180133906054],[133.6643811578643,-3.31938362365525],[133.6764681603774,-3.316719555662909],[133.666345207965,-3.264512143720458],[133.6681787196722,-3.227596568227023],[133.6777917420954,-3.215842030685126],[133.7014816555541,-3.208836897404835],[133.6984645002366,-3.170882114817688],[133.7124278797428,-3.177698087396744],[133.7374264974349,-3.169046367395881],[133.7638385139363,-3.178097836046303],[133.7725758952614,-3.174809420918015],[133.7772586741486,-3.135624456603361],[133.7715479683641,-3.114209308113017],[133.7786577971196,-3.108964976352516],[133.7836221456456,-3.115491045275467],[133.7999333510434,-3.119191107083877],[133.804594715274,-3.104400377375407],[133.8270960883139,-3.089023109828551],[133.8245881372328,-3.043099512832173],[133.8346865687303,-3.019342973998976],[133.8489280401969,-3.026091125105237],[133.8605866056873,-3.054791391009795],[133.8754320627396,-3.059007795873006],[133.8873151997367,-3.079115801353074],[133.8968166675552,-3.076211421020217],[133.8867431104063,-3.101934903073269],[133.893494119558,-3.100982359148555],[133.8966910862247,-3.116053314009173],[133.9028149000876,-3.120778603849386],[133.9048041294071,-3.119979104751883],[133.9108804320863,-3.113199063685792],[133.9098676218934,-3.103827323072464],[133.9068314297267,-3.099677542684345],[133.9033669354358,-3.098468777412114],[133.9007423899494,-3.093728890675676],[133.9030552259181,-3.073284562132786],[133.886132498616,-3.072190009861034],[133.858407018669,-3.02618075243968],[133.8652716220878,-3.014047023851044],[133.8503428554385,-2.972257736205533],[133.8584187737075,-2.95676863796224],[133.8531411292599,-2.940669204919802],[133.8342365731594,-2.932712983717137],[133.8270795129093,-2.919609036827511],[133.8144789597362,-2.906357985132837],[133.803489748853,-2.910850975591986],[133.8255584328755,-2.94405939182745],[133.8070783801631,-2.960498534779513],[133.7925625893921,-3.029166702181454],[133.7569057751814,-3.019651457648623],[133.7503771306002,-3.032150871265651],[133.7298788544257,-3.028468767119888],[133.7012858947283,-3.072805034624595],[133.6733133719146,-3.100177590023703],[133.6665047656825,-3.11961604394522],[133.6476357067226,-3.122608654965367],[133.6493760513638,-3.158616624757363],[133.6624523791741,-3.17448287078779],[133.6631709761596,-3.204885243958769],[133.6720796783345,-3.209520434320526],[133.6478615237904,-3.234602332831374],[133.665249747378,-3.302121274577166],[133.6529148179646,-3.325591769644445],[133.6618341384348,-3.327820710557353],[133.6644845358327,-3.33955534430366],[133.6496418648802,-3.395122397680408],[133.6328001197298,-3.416532086386573],[133.620815263114,-3.411247863398062],[133.6141596342598,-3.41636378366166],[133.6068128098633,-3.408719718939837],[133.599522813627,-3.420500629100756],[133.5823990096067,-3.426320204114022],[133.5406962960973,-3.428963075085781],[133.5372244300635,-3.426483546178607],[133.5207551040649,-3.377784877869752],[133.496122338675,-3.371791723808906],[133.5144921461956,-3.405824538671512],[133.5173748627598,-3.435533596598164],[133.4804737888344,-3.439799365248478],[133.4779420425913,-3.45046886804379],[133.5058797697357,-3.457388340899195],[133.5497648419739,-3.45411067896462],[133.5975402887534,-3.529227568197671],[133.5810451683999,-3.572369012619772],[133.5133584554285,-3.606209088378678],[133.454398531567,-3.668637243214137],[133.4019094789393,-3.6981204067313],[133.409150685156,-3.70842577043298],[133.3934296085896,-3.734750769432418],[133.395130900171,-3.749333462569185],[133.407628964805,-3.765998915417581],[133.4149005474223,-3.801152197415972],[133.4322124212663,-3.80418479858953],[133.4505437881653,-3.820051044619957],[133.458131189303,-3.857942356654378],[133.4338050081947,-3.861770077227236],[133.3998645492096,-3.886424074711206],[133.4034822070383,-3.90244668316784],[133.3449789598112,-3.970689142090203],[133.3274375726859,-3.981101662711486],[133.3154999133904,-4.013219082594579],[133.2680938163766,-4.035391444959105],[133.2581714631426,-4.066491001358566],[133.2489106008436,-4.07319156304016],[133.1513187057938,-4.071014344836124],[133.0699747128627,-4.054731576900641],[133.0267660180374,-4.077150179037472],[133.0320484216973,-4.086049363687108],[133.0166485496909,-4.092787997268202],[133.0231302019974,-4.105846478931843],[133.0151923197697,-4.11767715937337],[132.9921876906095,-4.103447981638977],[132.9595594629989,-4.105478023991596],[132.9128786017661,-4.084634541251011],[132.9215874296163,-4.069986578917442],[132.915936911859,-4.045502270013726],[132.8683695942814,-4.002902435099267],[132.8411771137329,-3.989977203285269],[132.8370558877191,-3.96520225507995],[132.8737526041994,-3.964316369804591],[132.8689460929878,-3.954132276982916],[133.4970585086434,-3.110565168847382],[133.5000917249532,-3.073118698369173],[133.5710968148662,-3.063265983238475],[133.5708984226242,-3.040465596410138],[133.5912045577442,-3.022441006247403],[133.5832631249933,-3.008974118160948],[133.6045691812228,-2.972874842000264],[133.648233423134,-2.965112987674237],[133.6592888582942,-2.936740244966332],[133.7151867155945,-2.911132966113408],[133.731040130098,-2.884386312778078],[133.7229575019871,-2.821747093353613],[133.759237388095,-2.804809690914459],[133.7782378766767,-2.808564227357182],[133.7963582976973,-2.793469044760569],[133.8095457673233,-2.806942058129438],[133.8601352872138,-2.788046389129553],[133.868074969884,-2.794145685674801],[133.867958485196,-2.809945354894142],[133.8970413209003,-2.801876900098835],[133.9295726753387,-2.817569118320121],[133.9377878176538,-2.848522291170744],[133.961289630712,-2.865488525874651],[133.9896749900089,-2.851698803656769],[133.9695346565993,-2.813389082040432],[133.9933367433961,-2.787095674425791]]]]}},{"type":"Feature","properties":{"kode":"92.11","nama":"Kabupaten Manokwari Selatan","lat":-1.548000768590254,"lng":134.01767188293215},"geometry":{"type":"MultiPolygon","coordinates":[[[[134.0947095493064,-1.715827677805029],[134.0945667459586,-1.71569846771005],[134.094659567685,-1.715551310744326],[134.0948166495688,-1.715723592070065],[134.0947095493064,-1.715827677805029]]],[[[134.1986141841973,-1.214126898937165],[134.2120018932728,-1.254206375723646],[134.2418713605749,-1.291235014883954],[134.2455485184495,-1.312794172712886],[134.2750133789644,-1.335884720403493],[134.2776552211116,-1.34894942177837],[134.273549655892,-1.354345191277487],[134.2625181840669,-1.344438988968102],[134.2390272159333,-1.36214572634408],[134.2136084178942,-1.407070576745697],[134.2108832760424,-1.435126168138082],[134.1980548751324,-1.455476935711955],[134.2115361991364,-1.503928337222929],[134.2016114438132,-1.549774358699699],[134.143038726656,-1.599281341260886],[134.116715516408,-1.640126376730835],[134.0944978677825,-1.640616900249706],[134.069436076314,-1.65395673661404],[134.0819074706533,-1.659424274710444],[134.066623589607,-1.673737777376497],[134.0784702258203,-1.677572231173466],[134.0766970981925,-1.688914078821638],[134.0956243441882,-1.684325895123864],[134.0799993988533,-1.693047631842662],[134.0915901806424,-1.704132252701276],[134.0843132173812,-1.719039360977684],[134.0929929746461,-1.729138547006295],[134.0905224956167,-1.737959979869144],[134.1014944682952,-1.745540349207689],[134.1019078902371,-1.765962962720449],[134.0782833449005,-1.802287856299481],[134.0522609686688,-1.813399774280169],[134.0402794359472,-1.831610492630078],[133.9951844976665,-1.841573846855551],[133.9873080301416,-1.832786494700914],[133.939298535699,-1.849145831814683],[133.9268305479915,-1.841850685160898],[133.917522476681,-1.852748476361013],[133.8828088732309,-1.844565306743442],[133.8766509588747,-1.838881618391921],[133.8871615091964,-1.820921467351846],[133.9189717170711,-1.801619447779215],[133.9077993106897,-1.796833013932433],[133.9141730452499,-1.790712272153597],[133.90049188829,-1.751647403304959],[133.8852115595658,-1.752322039630341],[133.8981164613057,-1.737107517897554],[133.8881958842327,-1.730840457321195],[133.8889786991077,-1.71296154833678],[133.8796694649739,-1.701159261290888],[133.8696733574395,-1.70526406928129],[133.8631658721074,-1.695496277131417],[133.8537336736702,-1.696200671123973],[133.8533784072877,-1.683028337088002],[133.8298721362901,-1.681545067251003],[133.7997428197754,-1.657799090955228],[133.7860395044197,-1.661023260315167],[133.7845642376495,-1.671290634854897],[133.7750107017825,-1.667340728791514],[133.7650938766812,-1.652277108801472],[133.781047915429,-1.639624152132837],[133.7554775366591,-1.622246217688764],[133.7317801111633,-1.632911473885359],[133.7106079451006,-1.621312182710957],[133.6620975408688,-1.629572833419493],[133.6518859809534,-1.621442984605961],[133.6624931148654,-1.613458323242936],[133.6970579812409,-1.618483696165621],[133.7164294878306,-1.608293042789624],[133.7156327235714,-1.591965711648216],[133.7224400086995,-1.588399048077596],[133.6969527479709,-1.551675790805065],[133.7002466876346,-1.534203076810472],[133.6912267573091,-1.530553354553613],[133.6939779426281,-1.524761279909084],[133.7319795969809,-1.509829826984868],[133.7476717207734,-1.514386026293993],[133.7537741910262,-1.531010056369],[133.764065724054,-1.523882198004925],[133.7746766746889,-1.528217185674555],[133.7887198933084,-1.514087595266192],[133.8148968081412,-1.543449513084541],[133.8432330158911,-1.560430098270407],[133.8533645532316,-1.527437325072503],[133.8497472578298,-1.505855455764651],[133.8815683349107,-1.519624472891026],[133.8880484349873,-1.530903608114967],[133.9045871409839,-1.524741186356573],[133.9168133864287,-1.535290403029668],[133.9394214820158,-1.537153141804007],[133.9372079860598,-1.50851304144364],[133.9521334387073,-1.509730468086515],[133.9568452018446,-1.491289043954128],[133.9719420355966,-1.485522689020849],[133.9778940510697,-1.468909280838629],[134.0119346459673,-1.463510914996638],[134.0043764557089,-1.450541429343469],[134.0104568134312,-1.448404775959558],[134.0085260940041,-1.431384375088809],[134.0374104016688,-1.430762284351841],[134.0521211285873,-1.441618233694511],[134.0763744691066,-1.444451344553846],[134.0794111298199,-1.419407293112032],[134.0253980114092,-1.412401489836837],[134.0483888701503,-1.404212401780816],[134.0796170071193,-1.416396434847547],[134.0753252921286,-1.39496619033739],[134.0476500186334,-1.38049050393361],[134.0425504804203,-1.36056794855193],[134.0622587462442,-1.358122895155381],[134.0686863690807,-1.342001416132435],[134.0830139686199,-1.335630838192595],[134.0847259603349,-1.325099092648932],[134.0730452814147,-1.306907922862324],[134.0830468559277,-1.296347560891123],[134.0813355620866,-1.282356521835995],[134.0517586208638,-1.275374965182399],[134.0494426696436,-1.257308113178881],[134.036528103789,-1.25653251356457],[134.0444751303231,-1.240761578583951],[134.0764081280328,-1.229032776941066],[134.0918220015842,-1.211704685622708],[134.101653063738,-1.224197151077602],[134.1282676399397,-1.229063395259436],[134.1697349064408,-1.21777848458933],[134.1851962758875,-1.197684523821676],[134.1986141841973,-1.214126898937165]]]]}},{"type":"Feature","properties":{"kode":"92.12","nama":"Kabupaten Pegunungan Arfak","lat":-1.2865785042567772,"lng":133.70016941103492},"geometry":{"type":"MultiPolygon","coordinates":[[[[133.4750602091613,-0.952350714313946],[133.4884092186106,-0.960551402725043],[133.4809147147423,-1.009929194077033],[133.4976090762978,-1.029584516811946],[133.4980035279406,-1.043282468611009],[133.5075315185648,-1.0347920743947],[133.5334630947462,-1.036634362585767],[133.528902829602,-1.062183165720468],[133.5768666753569,-1.065163128675442],[133.5893141468305,-1.076026089132645],[133.5992871471842,-1.059453154039749],[133.632382318989,-1.050834952670845],[133.6493866723571,-1.037497894312336],[133.6537275532841,-1.055409679812838],[133.6704018509647,-1.045772229105049],[133.6884186862734,-1.071949014435416],[133.6973985122316,-1.069878309236552],[133.7110520231325,-1.12260556259656],[133.7428548943379,-1.111016854644101],[133.7518134459339,-1.11792537555562],[133.7677916143915,-1.115343660281701],[133.7732736585526,-1.131549686368841],[133.7803223891669,-1.128182594051433],[133.7893486812967,-1.073665714101393],[133.8029940092662,-1.061626104960725],[133.8334123597927,-1.061158123848285],[133.8549431206286,-1.084082433657299],[133.8623592189028,-1.076357074719139],[133.8611154214397,-1.059860212378874],[133.8723711176331,-1.053167962231585],[133.8687212101159,-1.030968120182576],[133.8915337530803,-1.023696524974563],[133.8971514680659,-1.002589641598631],[133.9041962740389,-1.014812124280054],[133.8967510638106,-1.04318341997878],[133.9032968090006,-1.086719793583571],[133.9010205628487,-1.096024400705423],[133.8874722708287,-1.100880908826765],[133.9001701198553,-1.109572307815723],[133.9182967443993,-1.1637050477497],[133.9314976498967,-1.165973641570231],[133.9413736538711,-1.193919898784282],[133.9616438709679,-1.18387277990484],[133.9745331119136,-1.199131018581559],[133.9825259193357,-1.191917429645597],[133.9962201353511,-1.202271161584781],[134.0058786472819,-1.226155220686811],[134.0184909132252,-1.226964089820884],[134.0174022982775,-1.238624371217758],[134.0451729538689,-1.241384684655403],[134.036528103789,-1.25653251356457],[134.0494426696436,-1.257308113178881],[134.0546450030645,-1.278340470636222],[134.0812595046225,-1.282136009868909],[134.0830468559277,-1.296347560891123],[134.0730452814147,-1.306907922862324],[134.0847259603349,-1.325099092648932],[134.0830139686199,-1.335630838192595],[134.0686863690807,-1.342001416132435],[134.0622587462442,-1.358122895155381],[134.0425504804203,-1.36056794855193],[134.0476500186334,-1.38049050393361],[134.0753252921286,-1.39496619033739],[134.0796170071193,-1.416396434847547],[134.049830918662,-1.404331706742814],[134.025291263681,-1.411224413975523],[134.0304805740193,-1.417722706437699],[134.0380065802396,-1.411548312904268],[134.0798424707535,-1.419678567311935],[134.0762087933012,-1.444859867888562],[134.0521211285873,-1.441618233694511],[134.0374104016688,-1.430762284351841],[134.0085260940041,-1.431384375088809],[134.0104568134312,-1.448404775959558],[134.0043764557089,-1.450541429343469],[134.0119346459673,-1.463510914996638],[133.9778940510697,-1.468909280838629],[133.9719420355966,-1.485522689020849],[133.9568452018446,-1.491289043954128],[133.9521334387073,-1.509730468086515],[133.9372079860598,-1.50851304144364],[133.9391552808916,-1.537248180359166],[133.9168133864287,-1.535290403029668],[133.9045871409839,-1.524741186356573],[133.8880484349873,-1.530903608114967],[133.8815683349107,-1.519624472891026],[133.8497472578298,-1.505855455764651],[133.8533645532316,-1.527437325072503],[133.8437559114062,-1.560430098270407],[133.8148968081412,-1.543449513084541],[133.7887198933084,-1.514087595266192],[133.7746766746889,-1.528217185674555],[133.764065724054,-1.523882198004925],[133.7537741910262,-1.531010056369],[133.7476717207734,-1.514386026293993],[133.7319795969809,-1.509829826984868],[133.6814358813609,-1.531738971276456],[133.6787804387664,-1.512555985070632],[133.6705407962209,-1.51160564538422],[133.6928252689711,-1.483471962261243],[133.7015063779171,-1.446152187373498],[133.6975980574045,-1.408986441171292],[133.6827568487496,-1.389930288152266],[133.6743715079388,-1.399244573777983],[133.6724282393718,-1.458668833799573],[133.6550299253908,-1.493937247006263],[133.5754688617986,-1.512981909387603],[133.5581376903023,-1.497305844788846],[133.5104787390027,-1.509678795739758],[133.4872425649925,-1.498888628207576],[133.4636251818567,-1.471129908418492],[133.4605547309162,-1.454990136285675],[133.4685706796931,-1.414335496286048],[133.461621737853,-1.394919737655689],[133.4748708362202,-1.378273789303888],[133.4737655145669,-1.334870789655154],[133.4295880862213,-1.336440334154057],[133.3767205494139,-1.309369853835632],[133.3600743600438,-1.309536881321963],[133.3236159045504,-1.288334156296214],[133.3236814210607,-1.279126915174958],[133.2911064980665,-1.276994824951119],[133.2816425706482,-1.255663531946352],[133.2382800000221,-1.251973888783889],[133.2300035967886,-1.238218490091183],[133.2470786152859,-1.22237000297323],[133.233225600581,-1.196040072990881],[133.2424043898508,-1.184558366375457],[133.3111449949456,-1.204327504610594],[133.3339569893236,-1.203968425102689],[133.3676930521926,-1.225133255395308],[133.3831664356825,-1.207145845004634],[133.3956765242523,-1.199551851836381],[133.4082706301855,-1.202797364806488],[133.4088723602713,-1.190358706688935],[133.4316792518961,-1.179265955059774],[133.4234108850044,-1.144676169369665],[133.4390200238551,-1.123767280735402],[133.4307340716202,-1.094414289587744],[133.4373150108792,-1.07980353670383],[133.432500681861,-1.061943687051484],[133.4457665588797,-1.025185971355461],[133.4422904147709,-0.997693508448608],[133.4585016128592,-0.958964986045244],[133.4750602091613,-0.952350714313946]]]]}}]}